field	raw_value	normalized_to	similarity	count	status
acquisition	DDA	DDA	1.000	2193	mapped
acquisition	DIA	DIA	1.000	295	mapped
acquisition	Not specified		0.000	16	unmapped
acquisition	PRM		0.000	9	unmapped
acquisition	SRM		0.000	5	unmapped
acquisition	WWA		0.000	3	unmapped
acquisition	MRM		0.000	2	unmapped
acquisition	MS3		0.000	2	unmapped
acquisition	SWATH MS		0.000	1	unmapped
cell_line	HeLa	HeLa	1.000	169	exact_match
cell_line	HEK293T	HEK293T	1.000	98	exact_match
cell_line	HEK293	HEK293	1.000	70	exact_match
cell_line	A549	A549	1.000	40	exact_match
cell_line	MDA-MB-231	MDA-MB-231	1.000	39	exact_match
cell_line	Jurkat	Jurkat	1.000	35	exact_match
cell_line	U2OS	U2-OS	1.000	34	exact_match
cell_line	HCT116	HCT-116	1.000	32	exact_match
cell_line	MCF7	MCF-7	1.000	24	exact_match
cell_line	MCF-7	MCF-7	1.000	23	exact_match
cell_line	SH-SY5Y	SH-SY5Y	1.000	22	exact_match
cell_line	HepG2	HepG2	1.000	22	exact_match
cell_line	A375	A375	1.000	20	exact_match
cell_line	MCF10A	MCF-10A	1.000	15	exact_match
cell_line	K562	K-562	1.000	15	exact_match
cell_line	THP-1	THP-1	1.000	13	exact_match
cell_line	SW480	SW-480	1.000	12	exact_match
cell_line	HEK 293T	HEK293T	1.000	10	exact_match
cell_line	SW620	SW-620	1.000	7	exact_match
cell_line	A431	A-431	1.000	7	exact_match
cell_line	A2780	A2780	1.000	7	exact_match
cell_line	HEK-293	HEK293	1.000	6	exact_match
cell_line	OVCAR5	OVCAR5	1.000	6	exact_match
cell_line	SKOV3	SKOV3	1.000	6	exact_match
cell_line	MDA-MB-468	MDA-MB-468	1.000	6	exact_match
cell_line	HEK-293T	HEK293T	1.000	6	exact_match
cell_line	Ramos	RAMOS	1.000	5	exact_match
cell_line	PC9	PC-9	1.000	5	exact_match
cell_line	HCC1806	HCC-1806	1.000	5	exact_match
cell_line	ZR-75-1	ZR-75-1	1.000	5	exact_match
cell_line	Hela	HeLa	1.000	5	exact_match
cell_line	59M	59M	1.000	5	exact_match
cell_line	HL-60	HL-60	1.000	5	exact_match
cell_line	LNCaP	LNCaP	1.000	5	exact_match
cell_line	HEK 293	HEK293	1.000	5	exact_match
cell_line	HEK293F	HEK293F	1.000	5	exact_match
cell_line	PC3	PC-3	1.000	5	exact_match
cell_line	MIA PaCa-2	MiaPaCa-2	1.000	5	exact_match
cell_line	HUVEC	HUVEC	1.000	5	exact_match
cell_line	HT29	HT-29	1.000	4	exact_match
cell_line	Hep3B	Hep3B	1.000	4	exact_match
cell_line	OVCAR3	OVCAR3	1.000	4	exact_match
cell_line	MCF-10A	MCF-10A	1.000	4	exact_match
cell_line	COV318	COV318	1.000	4	exact_match
cell_line	HCT-116	HCT-116	1.000	4	exact_match
cell_line	T47D	T-47D	1.000	4	exact_match
cell_line	143B	143-B	1.000	4	exact_match
cell_line	Aspc-1	AsPC-1	1.000	4	exact_match
cell_line	DLD-1	DLD-1	1.000	3	exact_match
cell_line	HCC38	HCC38	1.000	3	exact_match
cell_line	HCC1937	HCC1937	1.000	3	exact_match
cell_line	HCC1143	HCC1143	1.000	3	exact_match
cell_line	DLD1	DLD-1	1.000	3	exact_match
cell_line	CAL 27	CAL-27	1.000	3	exact_match
cell_line	PC-3	PC-3	1.000	3	exact_match
cell_line	PANC-1	PANC-1	1.000	3	exact_match
cell_line	SK-N-BE2	SK-N-BE(2)	1.000	3	exact_match
cell_line	U-2 OS	U2-OS	1.000	3	exact_match
cell_line	HPAC	HPAC	1.000	3	exact_match
cell_line	HaCaT	HaCaT	1.000	2	exact_match
cell_line	ES2	ES-2	1.000	2	exact_match
cell_line	OVISE	OVISE	1.000	2	exact_match
cell_line	THP1	THP-1	1.000	2	exact_match
cell_line	SKOV-3	SKOV3	1.000	2	exact_match
cell_line	CAOV3	CAOV3	1.000	2	exact_match
cell_line	DOV13	DOV13	1.000	2	exact_match
cell_line	IGROV1	IGROV1	1.000	2	exact_match
cell_line	KURAMOCHI	KURAMOCHI	1.000	2	exact_match
cell_line	OVKATE	OVKATE	1.000	2	exact_match
cell_line	OVSAHO	OVSAHO	1.000	2	exact_match
cell_line	COLO205	Colo-205	1.000	2	exact_match
cell_line	HCC827	HCC-827	1.000	2	exact_match
cell_line	NCI-H1299	NCI-H1299	1.000	2	exact_match
cell_line	U87MG	U-87MG	1.000	2	exact_match
cell_line	RPMI 8226	RPMI-8226	1.000	2	exact_match
cell_line	SHSY5Y	SH-SY5Y	1.000	2	exact_match
cell_line	PANC1	PANC-1	1.000	2	exact_match
cell_line	SKOV3ip1	SKOV3IP1	1.000	2	exact_match
cell_line	MDA-MB231	MDA-MB-231	1.000	2	exact_match
cell_line	Huh-7	HuH-7	1.000	2	exact_match
cell_line	K-562	K-562	1.000	2	exact_match
cell_line	IMR5	IMR-5	1.000	2	exact_match
cell_line	HL60	HL-60	1.000	2	exact_match
cell_line	LnCap	LNCaP	1.000	2	exact_match
cell_line	MOLM-16	MOLM-16	1.000	2	exact_match
cell_line	HT-29	HT-29	1.000	2	exact_match
cell_line	COLO-205	Colo-205	1.000	2	exact_match
cell_line	SK-N-BE(2)	SK-N-BE(2)	1.000	2	exact_match
cell_line	SK-OV-3	SKOV3	1.000	2	exact_match
cell_line	MDA-MB 231	MDA-MB-231	1.000	1	exact_match
cell_line	MDA-MB157	MDA-MB-157	1.000	1	exact_match
cell_line	Colo205	Colo-205	1.000	1	exact_match
cell_line	CAL27	CAL-27	1.000	1	exact_match
cell_line	A2780CP70	A2780CP70	1.000	1	exact_match
cell_line	HEYA8	HEYA8	1.000	1	exact_match
cell_line	IGROV1CP	IGROV1CP	1.000	1	exact_match
cell_line	IOSE397	IOSE397	1.000	1	exact_match
cell_line	IOSE7576	IOSE7576	1.000	1	exact_match
cell_line	JHOS2	JHOS2	1.000	1	exact_match
cell_line	JHOS4	JHOS4	1.000	1	exact_match
cell_line	ME180	ME180	1.000	1	exact_match
cell_line	ME180C13	ME180C13	1.000	1	exact_match
cell_line	OVCA433	OVCA433	1.000	1	exact_match
cell_line	PEO1	PEO1	1.000	1	exact_match
cell_line	PEO4	PEO4	1.000	1	exact_match
cell_line	SKOV3IP1	SKOV3IP1	1.000	1	exact_match
cell_line	SNU119	SNU119	1.000	1	exact_match
cell_line	SNU120	SNU120	1.000	1	exact_match
cell_line	SNU121	SNU121	1.000	1	exact_match
cell_line	TOV112D	TOV112D	1.000	1	exact_match
cell_line	TOV112DR	TOV112DR	1.000	1	exact_match
cell_line	TOV113DR	TOV113DR	1.000	1	exact_match
cell_line	TOV114DR	TOV114DR	1.000	1	exact_match
cell_line	TYKNU	TYKNU	1.000	1	exact_match
cell_line	TYKNUCP	TYKNUCP	1.000	1	exact_match
cell_line	HuH-7	HuH-7	1.000	1	exact_match
cell_line	SK-Mel24	SK-MEL-24	1.000	1	exact_match
cell_line	SK-Mel28	SK-MEL-28	1.000	1	exact_match
cell_line	Panc-1	PANC-1	1.000	1	exact_match
cell_line	U2-OS	U2-OS	1.000	1	exact_match
cell_line	HEK 293F	HEK293F	1.000	1	exact_match
cell_line	Hep-2	HEp-2	1.000	1	exact_match
cell_line	SK MEL-28	SK-MEL-28	1.000	1	exact_match
cell_line	BT483	BT483	1.000	1	exact_match
cell_line	Hs578T	Hs578T	1.000	1	exact_match
cell_line	MDA-MB-157	MDA-MB-157	1.000	1	exact_match
cell_line	MDA-MB-415	MDA-MB-415	1.000	1	exact_match
cell_line	BT474	BT-474	1.000	1	exact_match
cell_line	HS578T	Hs578T	1.000	1	exact_match
cell_line	MDAMB157	MDA-MB-157	1.000	1	exact_match
cell_line	MDAMB231	MDA-MB-231	1.000	1	exact_match
cell_line	MDAMB468	MDA-MB-468	1.000	1	exact_match
cell_line	T-47D	T-47D	1.000	1	exact_match
cell_line	IMR-90	IMR-90	1.000	1	exact_match
cell_line	Hep2	HEp-2	1.000	1	exact_match
cell_line	K 562	K-562	1.000	1	exact_match
cell_line	SK N BE(2)	SK-N-BE(2)	1.000	1	exact_match
cell_line	COLO 205	Colo-205	1.000	1	exact_match
cell_line	SK-MEL	SK-MEL	1.000	1	exact_match
cell_line	MCF10a	MCF-10A	1.000	1	exact_match
cell_line	RPMI8226	RPMI-8226	1.000	1	exact_match
cell_line	MIA-Pa-Ca-2	MiaPaCa-2	1.000	1	exact_match
cell_line	LnCaP	LNCaP	1.000	1	exact_match
cell_line	IMR90	IMR-90	1.000	1	exact_match
cell_line	HEp-2	HEp-2	1.000	1	exact_match
cell_line	Hs578t	Hs578T	1.000	1	exact_match
cell_line	108T	108T	1.000	1	exact_match
cell_line	12T	12T	1.000	1	exact_match
cell_line	MiaPaCa-2	MiaPaCa-2	1.000	1	exact_match
cell_line	ASPC1	AsPC-1	1.000	1	exact_match
cell_line	AsPC1	AsPC-1	1.000	1	exact_match
cell_line	BxPC3	BxPC-3	1.000	1	exact_match
cell_line	CFPAC1	CFPAC-1	1.000	1	exact_match
cell_line	Calu-3	Calu-3	1.000	1	exact_match
cell_line	BxPC-3	BxPC-3	1.000	1	exact_match
cell_line	MiaPaCa2	MiaPaCa-2	1.000	1	exact_match
cell_line	ASPC-1	AsPC-1	1.000	1	exact_match
cell_line	SKMEL-28	SK-MEL-28	1.000	1	exact_match
cell_line	Hct-116	HCT-116	1.000	1	exact_match
cell_line	Sk-mel-28	SK-MEL-28	1.000	1	exact_match
cell_line	Mda-mb-468	MDA-MB-468	1.000	1	exact_match
cell_line	1321-n1	1321-N1	1.000	1	exact_match
cell_line	Hep-G2	HepG2	1.000	1	exact_match
cell_line	Hek293	HEK293	1.000	1	exact_match
cell_line	Huh7	HuH-7	1.000	1	exact_match
cell_line	U87-MG	U-87MG	1.000	1	exact_match
cell_line	Hek293T	HEK293T	1.000	1	exact_match
cell_line	OVCAR-3	OVCAR3	1.000	1	exact_match
cell_line	Sh-Sy5y	SH-SY5Y	1.000	1	exact_match
cell_line	BXPC3	BxPC-3	1.000	1	exact_match
cell_line	SKMEL28	SK-MEL-28	1.000	1	exact_match
cell_line	SW-480	SW-480	1.000	1	exact_match
cell_line	SiHa	SiHa	1.000	1	exact_match
cell_line	Panc1	PANC-1	1.000	1	exact_match
cell_line	Hek-293t	HEK293T	1.000	1	exact_match
cell_line	HCT 116	HCT-116	1.000	1	exact_match
cell_line	SK-MEL-28	SK-MEL-28	1.000	1	exact_match
cell_line	Permanent cell line		0.000	14	unmapped
cell_line	HEK		0.000	12	unmapped
cell_line	SGBS		0.000	11	unmapped
cell_line	JVM-13		0.000	8	unmapped
cell_line	H9		0.000	8	unmapped
cell_line	MHCC97H		0.000	7	unmapped
cell_line	Hela cell		0.000	6	unmapped
cell_line	hSAECs		0.000	6	unmapped
cell_line	HAP1		0.000	6	unmapped
cell_line	H1299		0.000	6	unmapped
cell_line	Caco-2		0.000	6	unmapped
cell_line	U87		0.000	5	unmapped
cell_line	MV4-11		0.000	5	unmapped
cell_line	H9 hESC		0.000	5	unmapped
cell_line	Kelly		0.000	5	unmapped
cell_line	SK-N-DZ		0.000	5	unmapped
cell_line	MM1s		0.000	5	unmapped
cell_line	293T		0.000	5	unmapped
cell_line	Flp-In 293 T-REx		0.000	5	unmapped
cell_line	Permanent cell line cell		0.000	4	unmapped
cell_line	H1975		0.000	4	unmapped
cell_line	H292		0.000	4	unmapped
cell_line	RPE1		0.000	4	unmapped
cell_line	Kasumi-1		0.000	4	unmapped
cell_line	HCC1428		0.000	4	unmapped
cell_line	NB1		0.000	4	unmapped
cell_line	HAP-1		0.000	4	unmapped
cell_line	MDAMB436		0.000	4	unmapped
cell_line	Cancer Cell Line Encyclopedia cell lines		0.000	4	unmapped
cell_line	CD34+ cells		0.000	4	unmapped
cell_line	U937		0.000	4	unmapped
cell_line	3T3-L1		0.000	4	unmapped
cell_line	DiFi		0.000	4	unmapped
cell_line	DU145		0.000	4	unmapped
cell_line	MV-4-11		0.000	4	unmapped
cell_line	hTERT-RPE1		0.000	4	unmapped
cell_line	NIH3T3		0.000	4	unmapped
cell_line	RAW 264.7		0.000	4	unmapped
cell_line	NALM-6		0.000	4	unmapped
cell_line	SY5609		0.000	4	unmapped
cell_line	H3255		0.000	3	unmapped
cell_line	BT549		0.000	3	unmapped
cell_line	MDA-MB-436		0.000	3	unmapped
cell_line	RKO		0.000	3	unmapped
cell_line	OKF6/TERT1		0.000	3	unmapped
cell_line	JHU-O28		0.000	3	unmapped
cell_line	H358		0.000	3	unmapped
cell_line	Normal human dermal fibroblasts		0.000	3	unmapped
cell_line	MEFs		0.000	3	unmapped
cell_line	RT4		0.000	3	unmapped
cell_line	H650		0.000	3	unmapped
cell_line	MOLM-13		0.000	3	unmapped
cell_line	Calu-1		0.000	3	unmapped
cell_line	U251		0.000	3	unmapped
cell_line	JY		0.000	3	unmapped
cell_line	HFF		0.000	3	unmapped
cell_line	AC16		0.000	3	unmapped
cell_line	WM164		0.000	3	unmapped
cell_line	N2a		0.000	3	unmapped
cell_line	C2C12		0.000	3	unmapped
cell_line	HepaRG		0.000	3	unmapped
cell_line	OVCAR-8		0.000	3	unmapped
cell_line	LX-2		0.000	3	unmapped
cell_line	HEK 293 Jump In T-REx		0.000	3	unmapped
cell_line	RPE-1		0.000	3	unmapped
cell_line	HEK293 Flp-In		0.000	3	unmapped
cell_line	prostate cancer cell lines		0.000	3	unmapped
cell_line	Caki-1		0.000	3	unmapped
cell_line	Caco2		0.000	2	unmapped
cell_line	HCEC		0.000	2	unmapped
cell_line	MKN28		0.000	2	unmapped
cell_line	HDF		0.000	2	unmapped
cell_line	Ex9-KI		0.000	2	unmapped
cell_line	Ex20-KI		0.000	2	unmapped
cell_line	Kit225		0.000	2	unmapped
cell_line	A2780-DR		0.000	2	unmapped
cell_line	HCC1395		0.000	2	unmapped
cell_line	SUM159		0.000	2	unmapped
cell_line	HCC1599		0.000	2	unmapped
cell_line	BT20		0.000	2	unmapped
cell_line	WM239A		0.000	2	unmapped
cell_line	JHU-O11		0.000	2	unmapped
cell_line	JHU-O22		0.000	2	unmapped
cell_line	JHU-O29		0.000	2	unmapped
cell_line	RCMH		0.000	2	unmapped
cell_line	SKBR3		0.000	2	unmapped
cell_line	FaDu		0.000	2	unmapped
cell_line	HCCLM6		0.000	2	unmapped
cell_line	MHCC97L		0.000	2	unmapped
cell_line	EA.hy926		0.000	2	unmapped
cell_line	LCL		0.000	2	unmapped
cell_line	H441		0.000	2	unmapped
cell_line	HEK293 Flp-In T-REx		0.000	2	unmapped
cell_line	MCF-7 Flp-In		0.000	2	unmapped
cell_line	M14		0.000	2	unmapped
cell_line	NCI-H460		0.000	2	unmapped
cell_line	Flp-In T-REx 293		0.000	2	unmapped
cell_line	MRC5		0.000	2	unmapped
cell_line	MM.1S		0.000	2	unmapped
cell_line	BEAS-2B		0.000	2	unmapped
cell_line	OE21		0.000	2	unmapped
cell_line	KG-1a		0.000	2	unmapped
cell_line	MM6		0.000	2	unmapped
cell_line	KG-1		0.000	2	unmapped
cell_line	NB-4		0.000	2	unmapped
cell_line	Kasumi-3		0.000	2	unmapped
cell_line	TbSTT3A-HA3		0.000	2	unmapped
cell_line	TbSTT3B-Myc3		0.000	2	unmapped
cell_line	MEF		0.000	2	unmapped
cell_line	K052		0.000	2	unmapped
cell_line	MOLT-4		0.000	2	unmapped
cell_line	HLF		0.000	2	unmapped
cell_line	AMO-1		0.000	2	unmapped
cell_line	H1155		0.000	2	unmapped
cell_line	VCaP		0.000	2	unmapped
cell_line	C4–2		0.000	2	unmapped
cell_line	22Rv1		0.000	2	unmapped
cell_line	DU-145		0.000	2	unmapped
cell_line	NCI-H660		0.000	2	unmapped
cell_line	cMyc/myrAKT		0.000	2	unmapped
cell_line	PARCB-1		0.000	2	unmapped
cell_line	PARCB-2		0.000	2	unmapped
cell_line	PARCB-3		0.000	2	unmapped
cell_line	PARCB-5		0.000	2	unmapped
cell_line	EF1		0.000	2	unmapped
cell_line	LASCPC-01		0.000	2	unmapped
cell_line	ACHN		0.000	2	unmapped
cell_line	HK-2		0.000	2	unmapped
cell_line	HT1197		0.000	2	unmapped
cell_line	HFF-1		0.000	2	unmapped
cell_line	Embryonic kidney cell line		0.000	2	unmapped
cell_line	OVCAR8		0.000	2	unmapped
cell_line	HEK293 FlpIn TRex		0.000	2	unmapped
cell_line	NGP		0.000	2	unmapped
cell_line	SKNAS		0.000	2	unmapped
cell_line	Ishikawa		0.000	2	unmapped
cell_line	JJN3		0.000	2	unmapped
cell_line	SAOS-2		0.000	2	unmapped
cell_line	Immortalized mouse macrophages		0.000	2	unmapped
cell_line	721.221		0.000	2	unmapped
cell_line	Cell line cell		0.000	2	unmapped
cell_line	human induced pluripotent stem cells		0.000	2	unmapped
cell_line	K8484		0.000	2	unmapped
cell_line	K18905		0.000	2	unmapped
cell_line	Flp-In HeLa T-REx		0.000	2	unmapped
cell_line	BJ		0.000	2	unmapped
cell_line	iBMDMs		0.000	2	unmapped
cell_line	WTC11		0.000	2	unmapped
cell_line	iPSC-derived human dopaminergic neurons		0.000	2	unmapped
cell_line	hiPSC-derived cardiomyocytes		0.000	2	unmapped
cell_line	RS4-11		0.000	2	unmapped
cell_line	C1R.A*02:01		0.000	2	unmapped
cell_line	95D		0.000	2	unmapped
cell_line	KM12C		0.000	2	unmapped
cell_line	Saos-2		0.000	2	unmapped
cell_line	HEK293DAX		0.000	2	unmapped
cell_line	769-P		0.000	2	unmapped
cell_line	CX1		0.000	1	unmapped
cell_line	CCD18		0.000	1	unmapped
cell_line	04.01		0.000	1	unmapped
cell_line	HCCLM3		0.000	1	unmapped
cell_line	GSC lines		0.000	1	unmapped
cell_line	HeLa S3		0.000	1	unmapped
cell_line	Pancreatic metastatic cell lines		0.000	1	unmapped
cell_line	PC9/gef		0.000	1	unmapped
cell_line	OVAS		0.000	1	unmapped
cell_line	TOV-21		0.000	1	unmapped
cell_line	KOC-7C		0.000	1	unmapped
cell_line	HCC1569		0.000	1	unmapped
cell_line	MCF12A		0.000	1	unmapped
cell_line	SUM225		0.000	1	unmapped
cell_line	HCC1187		0.000	1	unmapped
cell_line	HCC70		0.000	1	unmapped
cell_line	SUM190		0.000	1	unmapped
cell_line	SUM1315		0.000	1	unmapped
cell_line	SUM149		0.000	1	unmapped
cell_line	HBL100		0.000	1	unmapped
cell_line	HCC1954		0.000	1	unmapped
cell_line	E14TG2a		0.000	1	unmapped
cell_line	L6		0.000	1	unmapped
cell_line	CaCo2		0.000	1	unmapped
cell_line	SW1398		0.000	1	unmapped
cell_line	HT-1080		0.000	1	unmapped
cell_line	Fadu		0.000	1	unmapped
cell_line	Glioma-derived stem-like cells		0.000	1	unmapped
cell_line	LM-MEL-28		0.000	1	unmapped
cell_line	LM-MEL-28R1		0.000	1	unmapped
cell_line	M019i		0.000	1	unmapped
cell_line	M019iCis		0.000	1	unmapped
cell_line	143B.TK-		0.000	1	unmapped
cell_line	ASP14		0.000	1	unmapped
cell_line	LAN5		0.000	1	unmapped
cell_line	ATCC Cohort cell lines		0.000	1	unmapped
cell_line	TKCC Cohort cell lines		0.000	1	unmapped
cell_line	A2780-DR/H19si		0.000	1	unmapped
cell_line	A2780-DR/control		0.000	1	unmapped
cell_line	82T		0.000	1	unmapped
cell_line	HepG2/C3A		0.000	1	unmapped
cell_line	L929		0.000	1	unmapped
cell_line	A20.2J		0.000	1	unmapped
cell_line	Glioblastoma cell lines		0.000	1	unmapped
cell_line	SW48		0.000	1	unmapped
cell_line	induced pluripotent stem cell		0.000	1	unmapped
cell_line	embryonic stem cell		0.000	1	unmapped
cell_line	NHDF		0.000	1	unmapped
cell_line	U1810		0.000	1	unmapped
cell_line	DG75		0.000	1	unmapped
cell_line	SK-ChA-1		0.000	1	unmapped
cell_line	11-18		0.000	1	unmapped
cell_line	HES3 NKX2-5eGFP/w		0.000	1	unmapped
cell_line	HES3 MIXLeGFP/w		0.000	1	unmapped
cell_line	hCBiPS2		0.000	1	unmapped
cell_line	HSC_F1285_T-iPS2		0.000	1	unmapped
cell_line	hHSC_F1488_SeV-iPS2		0.000	1	unmapped
cell_line	hHSC_Iso4_ADCF_SeV-iPS2		0.000	1	unmapped
cell_line	HMC-1		0.000	1	unmapped
cell_line	TF-1		0.000	1	unmapped
cell_line	PC9/GR		0.000	1	unmapped
cell_line	RAS-NHA		0.000	1	unmapped
cell_line	IDH1mut-NHA		0.000	1	unmapped
cell_line	established cell line model of lapatinib resistance		0.000	1	unmapped
cell_line	BeWo		0.000	1	unmapped
cell_line	HTR8/SVneo		0.000	1	unmapped
cell_line	293FT		0.000	1	unmapped
cell_line	CRC65 cell lines		0.000	1	unmapped
cell_line	MCF7-LTED		0.000	1	unmapped
cell_line	MCF7PalboR		0.000	1	unmapped
cell_line	MCF7 LTEDPalboR		0.000	1	unmapped
cell_line	T47D LTED		0.000	1	unmapped
cell_line	T47DPalboR		0.000	1	unmapped
cell_line	T47D LTEDPalboR		0.000	1	unmapped
cell_line	HCC1428 LTED		0.000	1	unmapped
cell_line	HCC1428 LTEDPalboR		0.000	1	unmapped
cell_line	SUM44		0.000	1	unmapped
cell_line	SUM44 LTED		0.000	1	unmapped
cell_line	STHdh		0.000	1	unmapped
cell_line	CCRFCEM		0.000	1	unmapped
cell_line	RXF 393		0.000	1	unmapped
cell_line	U-251 MG		0.000	1	unmapped
cell_line	normal bronchial epithelial cell line		0.000	1	unmapped
cell_line	NCI-H1993		0.000	1	unmapped
cell_line	H1975-HGF		0.000	1	unmapped
cell_line	HCC827-ER1		0.000	1	unmapped
cell_line	HMEC-1		0.000	1	unmapped
cell_line	Larynx squamous cell carcinoma cell line		0.000	1	unmapped
cell_line	Arpe-19		0.000	1	unmapped
cell_line	Huh7.5		0.000	1	unmapped
cell_line	LAPC4		0.000	1	unmapped
cell_line	HCC827-ER3		0.000	1	unmapped
cell_line	H2228		0.000	1	unmapped
cell_line	EBV-B cells		0.000	1	unmapped
cell_line	NHEK-Ad		0.000	1	unmapped
cell_line	immortalized human podocytes		0.000	1	unmapped
cell_line	human podocytes		0.000	1	unmapped
cell_line	H23		0.000	1	unmapped
cell_line	H3122		0.000	1	unmapped
cell_line	Cancer-associated Myofibroblasts		0.000	1	unmapped
cell_line	EOL-1		0.000	1	unmapped
cell_line	ME-1		0.000	1	unmapped
cell_line	HEL		0.000	1	unmapped
cell_line	Kasumi-6		0.000	1	unmapped
cell_line	ML-2		0.000	1	unmapped
cell_line	OCI-AML3		0.000	1	unmapped
cell_line	HAP1 CRISPR/Cas9 SIKE knockout		0.000	1	unmapped
cell_line	H1		0.000	1	unmapped
cell_line	HUES6		0.000	1	unmapped
cell_line	HUES9		0.000	1	unmapped
cell_line	hFIB2-iPS4		0.000	1	unmapped
cell_line	82		0.000	1	unmapped
cell_line	335		0.000	1	unmapped
cell_line	KIS		0.000	1	unmapped
cell_line	KOR		0.000	1	unmapped
cell_line	G		0.000	1	unmapped
cell_line	P		0.000	1	unmapped
cell_line	SI		0.000	1	unmapped
cell_line	ME		0.000	1	unmapped
cell_line	PF		0.000	1	unmapped
cell_line	CCD-1079Sk		0.000	1	unmapped
cell_line	WiDr		0.000	1	unmapped
cell_line	HMC-1.1		0.000	1	unmapped
cell_line	HRT18		0.000	1	unmapped
cell_line	HepG2.2.15		0.000	1	unmapped
cell_line	EBV-transformed B-lymphoblastoid cells		0.000	1	unmapped
cell_line	T98G		0.000	1	unmapped
cell_line	Mesenchymal stem cell of wharton's jelly		0.000	1	unmapped
cell_line	HITB5		0.000	1	unmapped
cell_line	A10		0.000	1	unmapped
cell_line	COS-7		0.000	1	unmapped
cell_line	hiPSC-CM		0.000	1	unmapped
cell_line	DU4475		0.000	1	unmapped
cell_line	MDAMB453		0.000	1	unmapped
cell_line	MFM223		0.000	1	unmapped
cell_line	SW527		0.000	1	unmapped
cell_line	TumorA		0.000	1	unmapped
cell_line	TumorB		0.000	1	unmapped
cell_line	TumorC		0.000	1	unmapped
cell_line	TumorD		0.000	1	unmapped
cell_line	U2OS T-REx		0.000	1	unmapped
cell_line	glioma cell lines		0.000	1	unmapped
cell_line	NCI-N87		0.000	1	unmapped
cell_line	HEK293FT		0.000	1	unmapped
cell_line	CS3BE		0.000	1	unmapped
cell_line	NCI H226		0.000	1	unmapped
cell_line	NCI H23		0.000	1	unmapped
cell_line	CCRF-CEM		0.000	1	unmapped
cell_line	HEK293T/17		0.000	1	unmapped
cell_line	PBMC-originated iPSC-derived CECs		0.000	1	unmapped
cell_line	MV 4-11		0.000	1	unmapped
cell_line	hCMEC/D3		0.000	1	unmapped
cell_line	Human primary astrocytes		0.000	1	unmapped
cell_line	HT		0.000	1	unmapped
cell_line	TMD8		0.000	1	unmapped
cell_line	triple negative breast cancer cells		0.000	1	unmapped
cell_line	CEM		0.000	1	unmapped
cell_line	MCF-12A		0.000	1	unmapped
cell_line	hNPC		0.000	1	unmapped
cell_line	HCT15		0.000	1	unmapped
cell_line	CAMs		0.000	1	unmapped
cell_line	22rv1		0.000	1	unmapped
cell_line	WPMY-1		0.000	1	unmapped
cell_line	Immortalized human fetal astrocytes		0.000	1	unmapped
cell_line	Human Mesenchymal Stem Cell lines		0.000	1	unmapped
cell_line	H1650		0.000	1	unmapped
cell_line	T-REx-293		0.000	1	unmapped
cell_line	Huh-7.5		0.000	1	unmapped
cell_line	HLF-T		0.000	1	unmapped
cell_line	HLF-TS		0.000	1	unmapped
cell_line	HLF-TSR		0.000	1	unmapped
cell_line	PANC1R		0.000	1	unmapped
cell_line	SW13		0.000	1	unmapped
cell_line	Drosophila S2		0.000	1	unmapped
cell_line	FLEH		0.000	1	unmapped
cell_line	glioblastoma		0.000	1	unmapped
cell_line	HeLa Kyoto		0.000	1	unmapped
cell_line	H4		0.000	1	unmapped
cell_line	E14		0.000	1	unmapped
cell_line	LF1		0.000	1	unmapped
cell_line	Phoenix ampho		0.000	1	unmapped
cell_line	NCI-H226		0.000	1	unmapped
cell_line	NCI-H28		0.000	1	unmapped
cell_line	S2		0.000	1	unmapped
cell_line	Src-transformed mammary epithelial cells		0.000	1	unmapped
cell_line	CLB-BAR		0.000	1	unmapped
cell_line	CLB-GE		0.000	1	unmapped
cell_line	SK-N-AS		0.000	1	unmapped
cell_line	LX2		0.000	1	unmapped
cell_line	HCA2-hTert		0.000	1	unmapped
cell_line	TCam-2		0.000	1	unmapped
cell_line	Caki-2		0.000	1	unmapped
cell_line	LN-308		0.000	1	unmapped
cell_line	NCI60		0.000	1	unmapped
cell_line	CRC65		0.000	1	unmapped
cell_line	0D5P		0.000	1	unmapped
cell_line	0MM745		0.000	1	unmapped
cell_line	0NVC		0.000	1	unmapped
cell_line	T1185B		0.000	1	unmapped
cell_line	T1015A		0.000	1	unmapped
cell_line	Me290		0.000	1	unmapped
cell_line	Me275		0.000	1	unmapped
cell_line	TNBC cells		0.000	1	unmapped
cell_line	Cardiomyocyte cell line		0.000	1	unmapped
cell_line	HEK293SF-3F6		0.000	1	unmapped
cell_line	MZ-54		0.000	1	unmapped
cell_line	TIGK		0.000	1	unmapped
cell_line	BHK-21		0.000	1	unmapped
cell_line	Vero		0.000	1	unmapped
cell_line	HKE3		0.000	1	unmapped
cell_line	T24		0.000	1	unmapped
cell_line	J82		0.000	1	unmapped
cell_line	253J-BV		0.000	1	unmapped
cell_line	253J		0.000	1	unmapped
cell_line	5637		0.000	1	unmapped
cell_line	HT1376		0.000	1	unmapped
cell_line	OCMI		0.000	1	unmapped
cell_line	Mel202		0.000	1	unmapped
cell_line	LNCaP Bicalut. Res.		0.000	1	unmapped
cell_line	LNCaP Enzalut. Res.		0.000	1	unmapped
cell_line	LNCaP Apalut. Res.		0.000	1	unmapped
cell_line	LNCaP-AI		0.000	1	unmapped
cell_line	DECR1 KO		0.000	1	unmapped
cell_line	LHCN-M2		0.000	1	unmapped
cell_line	TR146		0.000	1	unmapped
cell_line	High Five cells		0.000	1	unmapped
cell_line	MEG-01		0.000	1	unmapped
cell_line	293T Flp-In T-REx		0.000	1	unmapped
cell_line	L02		0.000	1	unmapped
cell_line	p53 deficient monosomic cell lines		0.000	1	unmapped
cell_line	OVCAR4		0.000	1	unmapped
cell_line	EFO21		0.000	1	unmapped
cell_line	KM155C25		0.000	1	unmapped
cell_line	Nalm-6		0.000	1	unmapped
cell_line	hPDLSCs		0.000	1	unmapped
cell_line	A549-ACE2		0.000	1	unmapped
cell_line	Pa-Tu-8988T		0.000	1	unmapped
cell_line	B16		0.000	1	unmapped
cell_line	Human cell lines		0.000	1	unmapped
cell_line	H522		0.000	1	unmapped
cell_line	hiPSC-derived PDLOs		0.000	1	unmapped
cell_line	HPaSteCs		0.000	1	unmapped
cell_line	HPAF-II		0.000	1	unmapped
cell_line	PL45		0.000	1	unmapped
cell_line	Suit-2		0.000	1	unmapped
cell_line	Capan-2		0.000	1	unmapped
cell_line	Hs766t		0.000	1	unmapped
cell_line	HPDE		0.000	1	unmapped
cell_line	PDAC 1		0.000	1	unmapped
cell_line	PDAC 2		0.000	1	unmapped
cell_line	PDAC 3		0.000	1	unmapped
cell_line	PDAC 4		0.000	1	unmapped
cell_line	PDAC 5		0.000	1	unmapped
cell_line	T-ALL cell lines		0.000	1	unmapped
cell_line	RPTEC/TERT1		0.000	1	unmapped
cell_line	iPSC		0.000	1	unmapped
cell_line	UCLiOO017-A-1		0.000	1	unmapped
cell_line	NB4		0.000	1	unmapped
cell_line	MC/CAR		0.000	1	unmapped
cell_line	CFBE41o-		0.000	1	unmapped
cell_line	MGSO-3		0.000	1	unmapped
cell_line	MACL-1		0.000	1	unmapped
cell_line	MDA-231-MD		0.000	1	unmapped
cell_line	Dan-G		0.000	1	unmapped
cell_line	HuPt-4		0.000	1	unmapped
cell_line	IMIM-PC-1		0.000	1	unmapped
cell_line	Panc-10.05		0.000	1	unmapped
cell_line	Pa-Tu-8998-S		0.000	1	unmapped
cell_line	Pa-Tu-8998-T		0.000	1	unmapped
cell_line	PSN-1		0.000	1	unmapped
cell_line	Flp-In-T-REx		0.000	1	unmapped
cell_line	G401		0.000	1	unmapped
cell_line	Cell culture		0.000	1	unmapped
cell_line	BCBL1		0.000	1	unmapped
cell_line	ESC		0.000	1	unmapped
cell_line	mESCs		0.000	1	unmapped
cell_line	NCI-H358		0.000	1	unmapped
cell_line	LCLC-103H		0.000	1	unmapped
cell_line	EBC-1		0.000	1	unmapped
cell_line	IMMs		0.000	1	unmapped
cell_line	OMM2.5		0.000	1	unmapped
cell_line	TC-71		0.000	1	unmapped
cell_line	IMR-32		0.000	1	unmapped
cell_line	Embryonic brain cortex cell line		0.000	1	unmapped
cell_line	JF-305		0.000	1	unmapped
cell_line	A20		0.000	1	unmapped
cell_line	Stem cell		0.000	1	unmapped
cell_line	MR		0.000	1	unmapped
cell_line	MR-Axl		0.000	1	unmapped
cell_line	HCT-15		0.000	1	unmapped
cell_line	VK2 E6/E7		0.000	1	unmapped
cell_line	T84		0.000	1	unmapped
cell_line	HEK293 Flip-in T-rex		0.000	1	unmapped
cell_line	HGF-1		0.000	1	unmapped
cell_line	M397		0.000	1	unmapped
cell_line	Panc 10.05		0.000	1	unmapped
cell_line	SW1990		0.000	1	unmapped
cell_line	SW837		0.000	1	unmapped
cell_line	TMK1		0.000	1	unmapped
cell_line	SNU601		0.000	1	unmapped
cell_line	N87		0.000	1	unmapped
cell_line	AGS		0.000	1	unmapped
cell_line	AZ521		0.000	1	unmapped
cell_line	SNU1750		0.000	1	unmapped
cell_line	YCC3		0.000	1	unmapped
cell_line	KatoIII		0.000	1	unmapped
cell_line	Ocum1		0.000	1	unmapped
cell_line	AGS‐EBv		0.000	1	unmapped
cell_line	YCCEL1		0.000	1	unmapped
cell_line	NCC24		0.000	1	unmapped
cell_line	SNU719		0.000	1	unmapped
cell_line	iPS cells		0.000	1	unmapped
cell_line	SCC7		0.000	1	unmapped
cell_line	SCC7-M		0.000	1	unmapped
cell_line	KBM7		0.000	1	unmapped
cell_line	cCAFs		0.000	1	unmapped
cell_line	cNFs		0.000	1	unmapped
cell_line	hiPSC		0.000	1	unmapped
cell_line	ALK-positive patient-derived lung cancer cell lines		0.000	1	unmapped
cell_line	CT5-3hTERT		0.000	1	unmapped
cell_line	KPC CAFs		0.000	1	unmapped
cell_line	U343		0.000	1	unmapped
cell_line	hiPSCs		0.000	1	unmapped
cell_line	MDS-L		0.000	1	unmapped
cell_line	AML12		0.000	1	unmapped
cell_line	hESC		0.000	1	unmapped
cell_line	Neuro-2a		0.000	1	unmapped
cell_line	Expi293F		0.000	1	unmapped
cell_line	NIH3t3		0.000	1	unmapped
cell_line	C666		0.000	1	unmapped
cell_line	HK1-Akata		0.000	1	unmapped
cell_line	CNE2-M81		0.000	1	unmapped
cell_line	HREC		0.000	1	unmapped
cell_line	GAMG		0.000	1	unmapped
cell_line	U698M		0.000	1	unmapped
cell_line	A2058		0.000	1	unmapped
cell_line	Mel15 LCL		0.000	1	unmapped
cell_line	Ls-180		0.000	1	unmapped
cell_line	T-rex 293		0.000	1	unmapped
cell_line	MT-2		0.000	1	unmapped
cell_line	Epithelial cell		0.000	1	unmapped
cell_line	GSC		0.000	1	unmapped
cell_line	HT29-MD2		0.000	1	unmapped
cell_line	BOEC		0.000	1	unmapped
cell_line	HCC-1428		0.000	1	unmapped
cell_line	EFM-19		0.000	1	unmapped
cell_line	ZR-75-30		0.000	1	unmapped
cell_line	CAL-1		0.000	1	unmapped
cell_line	MOTN-1		0.000	1	unmapped
cell_line	NKL		0.000	1	unmapped
cell_line	Huh7:HLA-C*01:02		0.000	1	unmapped
cell_line	E14JU		0.000	1	unmapped
cell_line	patient-derived cell lines		0.000	1	unmapped
cell_line	M10G		0.000	1	unmapped
cell_line	E. coli BL21(DE3)		0.000	1	unmapped
cell_line	NIH-3T3		0.000	1	unmapped
cell_line	EpS		0.000	1	unmapped
cell_line	hMSC		0.000	1	unmapped
cell_line	L36-FLAG		0.000	1	unmapped
cell_line	S17-FLAG		0.000	1	unmapped
cell_line	Hipsc cell		0.000	1	unmapped
cell_line	HT1080		0.000	1	unmapped
cell_line	BV173		0.000	1	unmapped
cell_line	MT2		0.000	1	unmapped
cell_line	U-118		0.000	1	unmapped
cell_line	PyMT		0.000	1	unmapped
cell_line	Raji-DCSIGNR		0.000	1	unmapped
cell_line	HTB94		0.000	1	unmapped
cell_line	HEK29T		0.000	1	unmapped
cell_line	Ovarian cancer cell lines		0.000	1	unmapped
cell_line	Acute lymphoblastic leukemia cell lines		0.000	1	unmapped
cell_line	Human amniotic mesenchymal stromal cells		0.000	1	unmapped
cell_line	VPS41KO insulinoma cells		0.000	1	unmapped
cell_line	VPS41KD cells		0.000	1	unmapped
cell_line	Flp-In 293		0.000	1	unmapped
cell_line	CL68		0.000	1	unmapped
cell_line	SCVI-273		0.000	1	unmapped
cell_line	adipose-derived MSCs		0.000	1	unmapped
cell_line	umbilical cord-derived MSCs		0.000	1	unmapped
cell_line	P31/Fuj		0.000	1	unmapped
cell_line	CHO		0.000	1	unmapped
cell_line	NHAC-Kn		0.000	1	unmapped
cell_line	SCC25		0.000	1	unmapped
cell_line	glioblastoma stem cell lines		0.000	1	unmapped
cell_line	P493-6		0.000	1	unmapped
cell_line	4T1		0.000	1	unmapped
cell_line	MCF10A AT		0.000	1	unmapped
cell_line	MCF10A/Fv2E-PERK		0.000	1	unmapped
cell_line	MCF10A/PERKΔC		0.000	1	unmapped
cell_line	MCF10A-EGFP-Sec61β		0.000	1	unmapped
cell_line	CaR-1		0.000	1	unmapped
cell_line	HuTu 80		0.000	1	unmapped
cell_line	MDST-8		0.000	1	unmapped
cell_line	RCM-1		0.000	1	unmapped
cell_line	HT-55		0.000	1	unmapped
cell_line	SW-1116		0.000	1	unmapped
cell_line	NCI-H23		0.000	1	unmapped
cell_line	95C		0.000	1	unmapped
cell_line	25 K cells		0.000	1	unmapped
cell_line	MO3.13		0.000	1	unmapped
cell_line	THLE-2		0.000	1	unmapped
cell_line	HCC-44		0.000	1	unmapped
cell_line	HGEK-16		0.000	1	unmapped
cell_line	KM12SM		0.000	1	unmapped
cell_line	CAL33		0.000	1	unmapped
cell_line	human embryonic stem cells		0.000	1	unmapped
cell_line	RS4;11		0.000	1	unmapped
cell_line	CGR8		0.000	1	unmapped
cell_line	CAD		0.000	1	unmapped
cell_line	STC-1		0.000	1	unmapped
cell_line	HEK293 6E		0.000	1	unmapped
cell_line	U118		0.000	1	unmapped
cell_line	SNU449		0.000	1	unmapped
cell_line	SNU182		0.000	1	unmapped
cell_line	293S		0.000	1	unmapped
cell_line	Flp-In™ T-REx™-293		0.000	1	unmapped
cell_line	hiPSC-derived myofibres		0.000	1	unmapped
cell_line	IHCF		0.000	1	unmapped
cell_line	SEM		0.000	1	unmapped
cell_line	Mel624		0.000	1	unmapped
cell_line	M026		0.000	1	unmapped
cell_line	293T-RUNX1-Clu-Myc		0.000	1	unmapped
cell_line	CHO-K1		0.000	1	unmapped
cell_line	ERα-CALUX		0.000	1	unmapped
cell_line	GBM6		0.000	1	unmapped
cell_line	GBM39		0.000	1	unmapped
cell_line	GBM59		0.000	1	unmapped
cell_line	NIHOVCAR3		0.000	1	unmapped
cell_line	JHOC5		0.000	1	unmapped
cell_line	DKFZ-BT66		0.000	1	unmapped
cell_line	ReNcell VM		0.000	1	unmapped
cell_line	Hepa1-6		0.000	1	unmapped
cell_line	Human dermal fibroblast		0.000	1	unmapped
cell_line	Human dermal fibroblast vim -/-		0.000	1	unmapped
cell_line	HEK293 Fv2e-PERK		0.000	1	unmapped
cell_line	Primary cell line cell		0.000	1	unmapped
cell_line	HMFU-19		0.000	1	unmapped
cell_line	CFBE		0.000	1	unmapped
cell_line	murine embryonic fibroblasts		0.000	1	unmapped
cell_line	Fv2e-PERK		0.000	1	unmapped
cell_line	SKMEL5		0.000	1	unmapped
cell_line	WM88		0.000	1	unmapped
cell_line	Human dermal fibroblasts		0.000	1	unmapped
cell_line	Dental pulp stem cells		0.000	1	unmapped
cell_line	Adipose-derived mesenchymal stem cells		0.000	1	unmapped
cell_line	Calu6		0.000	1	unmapped
cell_line	SPC86		0.000	1	unmapped
cell_line	NCI-H929		0.000	1	unmapped
cell_line	mESC		0.000	1	unmapped
cell_line	NIH/3T3		0.000	1	unmapped
cell_line	MOLM-14		0.000	1	unmapped
cell_line	NF9511b		0.000	1	unmapped
cell_line	Immortalized murine brown preadipocytes		0.000	1	unmapped
cell_line	OCIAD1 KO cells		0.000	1	unmapped
cell_line	E14 mESC		0.000	1	unmapped
cell_line	SK-BR-3		0.000	1	unmapped
cell_line	CAFs		0.000	1	unmapped
cell_line	OCI-AML5		0.000	1	unmapped
cell_line	UM-SCC-6		0.000	1	unmapped
cell_line	b.End5		0.000	1	unmapped
cell_line	BALB-5023		0.000	1	unmapped
cell_line	Embryonic stem cell		0.000	1	unmapped
cell_line	HEK293 Flp-In T-Rex		0.000	1	unmapped
cell_line	RAJI		0.000	1	unmapped
cell_line	SK-Mel-147		0.000	1	unmapped
cell_line	Mel-ST		0.000	1	unmapped
cell_line	BZR		0.000	1	unmapped
cell_line	Calu1		0.000	1	unmapped
cell_line	LuCa62		0.000	1	unmapped
cell_line	JL1		0.000	1	unmapped
cell_line	ZL34		0.000	1	unmapped
cell_line	H2052/484		0.000	1	unmapped
cell_line	HB-95		0.000	1	unmapped
cell_line	NK-92		0.000	1	unmapped
cell_line	human cell lines		0.000	1	unmapped
cell_line	HEK293T iRhom1/iRhom2 Double Knockout		0.000	1	unmapped
cell_line	HEK DKO		0.000	1	unmapped
cell_line	786O		0.000	1	unmapped
cell_line	Cal62		0.000	1	unmapped
cell_line	HS-5		0.000	1	unmapped
cell_line	NB2a		0.000	1	unmapped
cell_line	GR		0.000	1	unmapped
cell_line	WI-38		0.000	1	unmapped
cell_line	CL1-5		0.000	1	unmapped
cell_line	PE089		0.000	1	unmapped
cell_line	SUM-149		0.000	1	unmapped
cell_line	iPSCs		0.000	1	unmapped
cell_line	WTC-11		0.000	1	unmapped
cell_line	J-Lat 10.6		0.000	1	unmapped
cell_line	J774A.1		0.000	1	unmapped
cell_line	786-O		0.000	1	unmapped
cell_line	OSRC-2		0.000	1	unmapped
cell_line	SN12-PM6		0.000	1	unmapped
cell_line	CC-CR		0.000	1	unmapped
cell_line	RPE1-hTERT		0.000	1	unmapped
cell_line	MNT1		0.000	1	unmapped
cell_line	Medulloblastoma cell lines		0.000	1	unmapped
cell_line	Hek-293et		0.000	1	unmapped
cell_line	02.3 2lambda		0.000	1	unmapped
cell_line	Human cardiomyocytes		0.000	1	unmapped
cell_line	HEK 293T/17		0.000	1	unmapped
cell_line	HEK293-loxP-GFP-RFP		0.000	1	unmapped
cell_line	TIGER HEK 293T		0.000	1	unmapped
cell_line	NIH/3T3 rd12		0.000	1	unmapped
cell_part	nucleus	nucleus	1.000	115	mapped
cell_part	mitochondria	mitochondria	1.000	79	mapped
cell_part	cytoplasm	cytoplasm	1.000	73	mapped
cell_part	cytosol	cytoplasm	0.881	30	mapped
cell_part	membrane	membrane	1.000	27	mapped
cell_part	extracellular matrix	extracellular matrix	1.000	24	mapped
cell_part	plasma membrane	membrane	0.866	18	mapped
cell_part	Cytosol	cytoplasm	0.881	16	mapped
cell_part	endoplasmic reticulum	endoplasmic reticulum	1.000	15	mapped
cell_part	Mitochondria	mitochondria	1.000	13	mapped
cell_part	lysosome	lysosome	1.000	11	mapped
cell_part	ribosome	ribosome	1.000	10	mapped
cell_part	nuclear	nucleus	0.872	6	mapped
cell_part	whole cell	cytoplasm	0.716	6	mapped
cell_part	cell surface	membrane	0.726	6	mapped
cell_part	nucleolus	nucleus	0.709	6	mapped
cell_part	Endoplasmic reticulum	endoplasmic reticulum	1.000	6	mapped
cell_part	Golgi	Golgi apparatus	0.951	5	mapped
cell_part	extracellular space	extracellular matrix	0.726	5	mapped
cell_part	cytoplasmic	cytoplasm	0.955	4	mapped
cell_part	nucleoplasm	cytoplasm	0.788	4	mapped
cell_part	cell membrane	membrane	0.906	4	mapped
cell_part	mitochondrion	mitochondria	0.962	4	mapped
cell_part	peroxisome	peroxisome	1.000	4	mapped
cell_part	endosome	lysosome	0.765	4	mapped
cell_part	extracellular	extracellular matrix	0.766	3	mapped
cell_part	nuclei	nucleus	0.961	3	mapped
cell_part	lysosomes	lysosome	0.974	3	mapped
cell_part	late endosome	lysosome	0.753	3	mapped
cell_part	Whole Cell	cytoplasm	0.716	3	mapped
cell_part	autophagosome	lysosome	0.716	2	mapped
cell_part	Peroxisome	peroxisome	1.000	2	mapped
cell_part	Golgi apparatus	Golgi apparatus	1.000	2	mapped
cell_part	nuclear compartment	nucleus	0.796	2	mapped
cell_part	vacuole	lysosome	0.716	2	mapped
cell_part	lysosomal extracts	lysosome	0.821	1	mapped
cell_part	Intracellular	cytoplasm	0.752	1	mapped
cell_part	extracellular region	extracellular matrix	0.746	1	mapped
cell_part	Nucleus	nucleus	1.000	1	mapped
cell_part	Membrane	membrane	1.000	1	mapped
cell_part	Extracellular matrix	extracellular matrix	1.000	1	mapped
cell_part	inner membrane	membrane	0.795	1	mapped
cell_part	ER	endoplasmic reticulum	0.791	1	mapped
cell_part	peroxisomes	peroxisome	0.941	1	mapped
cell_part	mitochondrial intermembrane space	mitochondria	0.755	1	mapped
cell_part	nuclear endoplasmic reticulum	endoplasmic reticulum	0.782	1	mapped
cell_part	peripheral endoplasmic reticulum	endoplasmic reticulum	0.842	1	mapped
cell_part	Plasma membrane	membrane	0.866	1	mapped
cell_part	mitochondrial matrix	mitochondria	0.878	1	mapped
cell_part	inner mitochondrial space	mitochondria	0.762	1	mapped
cell_part	endoplasmic reticulum membrane	endoplasmic reticulum	0.854	1	mapped
cell_part	microsomal membrane	membrane	0.735	1	mapped
cell_part	ER/Golgi	endoplasmic reticulum	0.772	1	mapped
cell_part	mitochondrial outer membrane	mitochondria	0.716	1	mapped
cell_part	Ribosome	ribosome	1.000	1	mapped
cell_part	ribosome 60S subunit	ribosome	0.781	1	mapped
cell_part	endosomes	lysosome	0.752	1	mapped
cell_part	Mitochondrial outer membrane	mitochondria	0.716	1	mapped
cell_part	Cell membrane	membrane	0.906	1	mapped
cell_part	Stroma	extracellular matrix	0.709	1	mapped
cell_part	integral membrane	membrane	0.791	1	mapped
cell_part	cellular compartments	cytoplasm	0.758	1	mapped
cell_part	plastid	peroxisome	0.726	1	mapped
cell_part	ribosome 40S	ribosome	0.793	1	mapped
cell_part	ribosome 60S	ribosome	0.812	1	mapped
cell_part	cell membranes	membrane	0.908	1	mapped
cell_part	chromatin		0.000	26	unmapped
cell_part	extracellular vesicles		0.000	26	unmapped
cell_part	extracellular vesicle		0.000	8	unmapped
cell_part	Epithelial cell		0.000	7	unmapped
cell_part	Extracellular vesicles		0.000	6	unmapped
cell_part	Whole cell lysate		0.000	6	unmapped
cell_part	soluble fraction		0.000	5	unmapped
cell_part	whole-cell		0.000	5	unmapped
cell_part	glomeruli		0.000	4	unmapped
cell_part	polysome		0.000	4	unmapped
cell_part	proteasome		0.000	4	unmapped
cell_part	nuclear speckles		0.000	4	unmapped
cell_part	cytoskeleton		0.000	3	unmapped
cell_part	Lipid droplet		0.000	3	unmapped
cell_part	Extracellular vesicle		0.000	3	unmapped
cell_part	chloroplast		0.000	3	unmapped
cell_part	secreted		0.000	2	unmapped
cell_part	Chromatin		0.000	2	unmapped
cell_part	stress granule		0.000	2	unmapped
cell_part	outer membrane		0.000	2	unmapped
cell_part	vesicle		0.000	2	unmapped
cell_part	whole cell lysate		0.000	2	unmapped
cell_part	primary cilia		0.000	2	unmapped
cell_part	nucleoli		0.000	2	unmapped
cell_part	pre-40S ribosomal particles		0.000	2	unmapped
cell_part	nuclear membrane		0.000	2	unmapped
cell_part	neuromelanin granules		0.000	2	unmapped
cell_part	multivesicular body		0.000	2	unmapped
cell_part	kinetochore		0.000	2	unmapped
cell_part	nucleolar		0.000	2	unmapped
cell_part	soma		0.000	2	unmapped
cell_part	HLA-A*02:01 ligands		0.000	2	unmapped
cell_part	microsomes		0.000	2	unmapped
cell_part	Lipid droplets		0.000	2	unmapped
cell_part	Plant cell		0.000	2	unmapped
cell_part	synaptic microdomains		0.000	1	unmapped
cell_part	cell-cell junctions		0.000	1	unmapped
cell_part	vesicles		0.000	1	unmapped
cell_part	macromolecular complexes		0.000	1	unmapped
cell_part	mitotic spindle		0.000	1	unmapped
cell_part	secretory granules		0.000	1	unmapped
cell_part	releasate		0.000	1	unmapped
cell_part	detergent resistant membranes		0.000	1	unmapped
cell_part	Cell in vitro		0.000	1	unmapped
cell_part	pellet		0.000	1	unmapped
cell_part	Soluble fraction		0.000	1	unmapped
cell_part	Particulate fraction		0.000	1	unmapped
cell_part	insoluble fraction		0.000	1	unmapped
cell_part	cell layer		0.000	1	unmapped
cell_part	vesicular		0.000	1	unmapped
cell_part	centrosome		0.000	1	unmapped
cell_part	calcium signaling		0.000	1	unmapped
cell_part	Cell lysate		0.000	1	unmapped
cell_part	Conditioned media		0.000	1	unmapped
cell_part	Histone		0.000	1	unmapped
cell_part	periplasm		0.000	1	unmapped
cell_part	post-nuclear supernatant		0.000	1	unmapped
cell_part	polymerized MT-pellets		0.000	1	unmapped
cell_part	Hepatocyte		0.000	1	unmapped
cell_part	midbody		0.000	1	unmapped
cell_part	Myeloblast		0.000	1	unmapped
cell_part	microvesicle		0.000	1	unmapped
cell_part	histone H3		0.000	1	unmapped
cell_part	neurites		0.000	1	unmapped
cell_part	Astrocyte		0.000	1	unmapped
cell_part	Mast cell		0.000	1	unmapped
cell_part	surrounding tissue		0.000	1	unmapped
cell_part	cilia		0.000	1	unmapped
cell_part	Thylakoid membrane		0.000	1	unmapped
cell_part	Grana core		0.000	1	unmapped
cell_part	Grana margins		0.000	1	unmapped
cell_part	Stroma lamellae		0.000	1	unmapped
cell_part	Curvature		0.000	1	unmapped
cell_part	phosphopeptides		0.000	1	unmapped
cell_part	Extracellular exosome		0.000	1	unmapped
cell_part	MHC-I complexes		0.000	1	unmapped
cell_part	telomeres		0.000	1	unmapped
cell_part	soluble		0.000	1	unmapped
cell_part	EndoLysosomal Vesicular Assemblies		0.000	1	unmapped
cell_part	processing body		0.000	1	unmapped
cell_part	nuclear envelope		0.000	1	unmapped
cell_part	cell lysate		0.000	1	unmapped
cell_part	Lamp1		0.000	1	unmapped
cell_part	lysate		0.000	1	unmapped
cell_part	vacuolar membranes		0.000	1	unmapped
cell_part	microtubule network		0.000	1	unmapped
cell_part	lipid rafts		0.000	1	unmapped
cell_part	vacuolar membrane		0.000	1	unmapped
cell_part	polysomes		0.000	1	unmapped
cell_part	axon		0.000	1	unmapped
cell_part	migrasome		0.000	1	unmapped
cell_part	replication compartment		0.000	1	unmapped
cell_part	Stromal cell		0.000	1	unmapped
cell_part	synaptic vesicle		0.000	1	unmapped
cell_part	tubulointerstitium		0.000	1	unmapped
cell_part	subcellular fraction		0.000	1	unmapped
cell_part	interstitial tissue		0.000	1	unmapped
cell_part	myelin		0.000	1	unmapped
cell_part	heterochromatin		0.000	1	unmapped
cell_part	soluble cellular proteins		0.000	1	unmapped
cell_part	cell surface and transmembrane proteins		0.000	1	unmapped
cell_part	Synaptosome		0.000	1	unmapped
cell_part	extracellular compartment		0.000	1	unmapped
cell_part	Purkinje cell		0.000	1	unmapped
cell_part	monosome		0.000	1	unmapped
cell_part	apoplast		0.000	1	unmapped
cell_part	Stem cell		0.000	1	unmapped
cell_part	synaptosome		0.000	1	unmapped
cell_part	Intermembrane space		0.000	1	unmapped
cell_part	vacuoles		0.000	1	unmapped
cell_part	xylem		0.000	1	unmapped
cell_part	Ependymal cell		0.000	1	unmapped
cell_part	whole cells		0.000	1	unmapped
cell_part	HLA-peptide complex		0.000	1	unmapped
cell_part	substantia nigra tissue		0.000	1	unmapped
cell_part	Nucleoli		0.000	1	unmapped
cell_part	hepatocyte		0.000	1	unmapped
cell_part	Postnuclear supernatant		0.000	1	unmapped
cell_part	Malignant cell		0.000	1	unmapped
cell_part	Type ii muscle cell		0.000	1	unmapped
cell_part	Type i muscle cell		0.000	1	unmapped
cell_part	telomere		0.000	1	unmapped
cell_part	T cell		0.000	1	unmapped
cell_part	neuronal projection		0.000	1	unmapped
cell_part	15 kDa proteome		0.000	1	unmapped
cell_part	nucleosome		0.000	1	unmapped
cell_part	Synapse		0.000	1	unmapped
cell_part	pellet fraction		0.000	1	unmapped
disease	healthy	healthy	1.000	303	mapped
disease	Breast cancer	breast cancer	1.000	100	mapped
disease	Colon cancer	colon cancer	1.000	57	mapped
disease	Disease free	healthy	1.000	46	post_mapped
disease	Acute leukemia	acute leukemia	1.000	40	mapped
disease	Cervix carcinoma	cervix carcinoma	1.000	27	mapped
disease	Alzheimer's disease	Alzheimer's disease	1.000	25	mapped
disease	Malignant neoplasm of ovary	ovarian cancer	0.908	23	mapped
disease	Cancer	cancer	1.000	23	mapped
disease	Non-small cell lung carcinoma	non-small cell lung carcinoma	1.000	23	mapped
disease	Melanoma	melanoma	1.000	22	mapped
disease	colorectal cancer	colorectal cancer	1.000	17	mapped
disease	breast cancer	breast cancer	1.000	17	mapped
disease	Lung cancer	lung cancer	1.000	16	mapped
disease	hepatocellular carcinoma	hepatocellular carcinoma	1.000	15	mapped
disease	cancer	cancer	1.000	15	mapped
disease	Chronic lymphocytic leukemia	chronic lymphocytic leukemia	1.000	14	mapped
disease	Cardiovascular system disease	cardiovascular disease	0.944	13	mapped
disease	Type 2 diabetes mellitus	type 2 diabetes	0.983	13	mapped
disease	Lymphoma	lymphoma	1.000	12	mapped
disease	Pancreatic ductal adenocarcinoma	pancreatic ductal adenocarcinoma	1.000	11	mapped
disease	Lung adenocarcinoma	lung adenocarcinoma	1.000	11	mapped
disease	Parkinson's disease	Parkinson's disease	1.000	11	mapped
disease	Prostate adenocarcinoma	prostate cancer	0.880	10	mapped
disease	Neuroblastoma	neuroblastoma	1.000	9	mapped
disease	Osteosarcoma	osteosarcoma	1.000	9	mapped
disease	Glioblastoma	glioblastoma	1.000	9	mapped
disease	lung cancer	lung cancer	1.000	9	mapped
disease	Amyotrophic lateral sclerosis	amyotrophic lateral sclerosis	1.000	9	mapped
disease	Head and neck squamous cell carcinoma	head and neck squamous cell carcinoma	1.000	8	mapped
disease	Brain glioblastoma multiforme	glioblastoma	0.831	8	mapped
disease	Pancreatic cancer	pancreatic cancer	1.000	8	mapped
disease	Prostate cancer	prostate cancer	1.000	8	mapped
disease	Osteoarthritis	osteoarthritis	1.000	7	mapped
disease	Multiple myeloma	multiple myeloma	1.000	7	mapped
disease	Leukemia	leukemia	1.000	7	mapped
disease	Obesity	obesity	1.000	7	mapped
disease	melanoma	melanoma	1.000	6	mapped
disease	Influenza	influenza	1.000	6	mapped
disease	obesity	obesity	1.000	6	mapped
disease	pancreatic cancer	pancreatic cancer	1.000	6	mapped
disease	Type 1 diabetes mellitus	type 1 diabetes	0.976	6	mapped
disease	Skin melanoma	melanoma	0.920	6	mapped
disease	prostate cancer	prostate cancer	1.000	6	mapped
disease	lung adenocarcinoma	lung adenocarcinoma	1.000	6	mapped
disease	Hepatocellular carcinoma	hepatocellular carcinoma	1.000	5	mapped
disease	normal	healthy	0.802	5	mapped
disease	ovarian cancer	ovarian cancer	1.000	5	mapped
disease	non-small cell lung cancer	non-small cell lung carcinoma	0.968	5	mapped
disease	Colorectal cancer	colorectal cancer	1.000	5	mapped
disease	Bone osteosarcoma	osteosarcoma	0.971	5	mapped
disease	glioblastoma	glioblastoma	1.000	5	mapped
disease	Acute myocardial infarction	acute myocardial infarction	1.000	4	mapped
disease	preeclampsia	pre-eclampsia	0.868	4	mapped
disease	Acute myeloid leukemia	acute myeloid leukemia	1.000	4	mapped
disease	Renal cell carcinoma	renal cell carcinoma	1.000	4	mapped
disease	Mitochondrial metabolism disease	mitochondrial metabolism disease	1.000	4	mapped
disease	Male infertility	male infertility	1.000	3	mapped
disease	Ovarian cancer	ovarian cancer	1.000	3	mapped
disease	Stomach cancer	stomach carcinoma	0.954	3	mapped
disease	type 1 diabetes	type 1 diabetes	1.000	3	mapped
disease	Systemic lupus erythematosus	systemic lupus erythematosus	1.000	3	mapped
disease	Inflammatory bowel disease	Crohn's disease	0.851	3	mapped
disease	Huntington disease	Huntington's disease	0.990	3	mapped
disease	atrial fibrillation	atrial fibrillation	1.000	3	mapped
disease	Bladder transitional cell carcinoma	invasive bladder transitional cell carcinoma	0.882	3	mapped
disease	Chronic myeloid leukemia	acute myeloid leukemia	0.752	3	mapped
disease	cervical cancer	cervix carcinoma	0.931	3	mapped
disease	Frontotemporal dementia	frontotemporal dementia	1.000	3	mapped
disease	Celiac disease	celiac disease	1.000	3	mapped
disease	Squamous cell carcinoma	squamous cell carcinoma	1.000	3	mapped
disease	Skin cancer	skin cancer	1.000	3	mapped
disease	Pancreas adenocarcinoma	pancreatic ductal adenocarcinoma	0.835	3	mapped
disease	Medulloblastoma	medulloblastoma	1.000	3	mapped
disease	Liver cancer	hepatocellular carcinoma	0.814	3	mapped
disease	Septic shock	septic shock	1.000	3	mapped
disease	periodontitis	periodontitis	1.000	2	mapped
disease	Cystic fibrosis	cystic fibrosis	1.000	2	mapped
disease	Adult respiratory distress syndrome	adult respiratory distress syndrome	1.000	2	mapped
disease	Crohn's disease	Crohn's disease	1.000	2	mapped
disease	epithelial ovarian cancer	ovarian cancer	0.852	2	mapped
disease	Breast adenocarcinoma	breast cancer	0.799	2	mapped
disease	Pulmonary fibrosis	cystic fibrosis	0.705	2	mapped
disease	acute myeloid leukemia	acute myeloid leukemia	1.000	2	mapped
disease	Skin squamous cell carcinoma	squamous cell carcinoma	0.918	2	mapped
disease	head and neck squamous cell carcinoma	head and neck squamous cell carcinoma	1.000	2	mapped
disease	renal oncocytoma	renal oncocytoma	1.000	2	mapped
disease	Head and neck cancer	head and neck squamous cell carcinoma	0.801	2	mapped
disease	Cervical cancer	cervix carcinoma	0.931	2	mapped
disease	SLE	systemic lupus erythematosus	0.848	2	mapped
disease	Heart failure	heart failure	1.000	2	mapped
disease	Pancreatic ductal carcinoma	pancreatic ductal adenocarcinoma	0.946	2	mapped
disease	Acute t cell leukemia	T-cell acute lymphoblastic leukemia	0.946	2	mapped
disease	non-alcoholic fatty liver disease	NAFLD	0.844	2	mapped
disease	diabetes	type 2 diabetes	0.856	2	mapped
disease	Papillary renal cell carcinoma	papillary renal cell carcinoma	1.000	2	mapped
disease	Kidney cancer	renal cell carcinoma	0.858	2	mapped
disease	malignant melanoma	malignant melanoma	1.000	2	mapped
disease	Stomach carcinoma	stomach carcinoma	1.000	2	mapped
disease	colon cancer	colon cancer	1.000	2	mapped
disease	cutaneous squamous cell carcinoma	squamous cell carcinoma	0.889	2	mapped
disease	Severe acute respiratory syndrome	ARDS	0.723	2	mapped
disease	Covid-19	COVID-19	1.000	2	mapped
disease	acute ischemic stroke	acute myocardial infarction	0.799	2	mapped
disease	COVID-19	COVID-19	1.000	2	mapped
disease	Human immunodeficiency virus infectious disease	HIV	0.858	2	mapped
disease	sepsis	septic shock	0.766	2	mapped
disease	pre-eclampsia	pre-eclampsia	1.000	2	mapped
disease	Chronic kidney disease	chronic kidney disease	1.000	2	mapped
disease	Non-obstructive azoospermia	azoospermia	0.867	2	mapped
disease	Hepatitis e	hepatitis E	1.000	2	mapped
disease	Abdominal aortic aneurysm	aortic aneurysm	0.871	2	mapped
disease	Metabolic dysfunction-associated steatotic liver disease	NAFLD	0.761	2	mapped
disease	Colitis	ulcerative colitis	0.815	2	mapped
disease	cardiomyopathy	dilated cardiomyopathy	0.867	2	mapped
disease	Metabolic dysfunction–associated steatohepatitis	NASH	0.801	2	mapped
disease	epithelial cervix carcinoma	cervix carcinoma	0.920	1	mapped
disease	gastric adenocarcinoma	stomach carcinoma	0.838	1	mapped
disease	glioma	glioblastoma	0.786	1	mapped
disease	Hepatitis c	hepatitis C	1.000	1	mapped
disease	brain glioblastoma multiforme	glioblastoma	0.831	1	mapped
disease	Metastatic melanoma	metastatic melanoma	1.000	1	mapped
disease	acute leukemia	acute leukemia	1.000	1	mapped
disease	Ewing sarcoma	Ewing sarcoma	1.000	1	mapped
disease	Scott syndrome	Scott syndrome	1.000	1	mapped
disease	Cerebrovascular disease	cardiovascular disease	0.714	1	mapped
disease	head and neck cancer	head and neck squamous cell carcinoma	0.801	1	mapped
disease	type 2 diabetes	type 2 diabetes	1.000	1	mapped
disease	septic shock	septic shock	1.000	1	mapped
disease	Diabetes	type 2 diabetes	0.856	1	mapped
disease	T-cell leukemia	T-cell acute lymphoblastic leukemia	0.871	1	mapped
disease	Normal	healthy	0.802	1	mapped
disease	Healthy	healthy	1.000	1	mapped
disease	Childhood medulloblastoma	childhood medulloblastoma	1.000	1	mapped
disease	Hepatic fibrosis	liver cirrhosis	0.753	1	mapped
disease	Trypanosomiasis	sleeping sickness	0.793	1	mapped
disease	amyotrophic lateral sclerosis	amyotrophic lateral sclerosis	1.000	1	mapped
disease	frontotemporal lobar degeneration	frontotemporal dementia	0.875	1	mapped
disease	Triple-negative breast cancer	breast cancer	0.996	1	post_mapped
disease	idiopathic male infertility	male infertility	0.849	1	mapped
disease	gastric carcinoma	gastric cancer	0.964	1	mapped
disease	Cockayne syndrome	Cockayne syndrome	1.000	1	mapped
disease	cardiovascular system disease	cardiovascular disease	0.944	1	mapped
disease	Carcinoma	cancer	0.871	1	mapped
disease	Pulmonary tuberculosis	pulmonary tuberculosis	1.000	1	mapped
disease	Clear cell renal cell carcinoma	clear cell renal cell carcinoma	1.000	1	mapped
disease	chromophobe renal cell carcinoma	clear cell renal cell carcinoma	0.884	1	mapped
disease	Global developmental delay	pervasive developmental disorder	0.731	1	mapped
disease	overweight	obesity	0.884	1	mapped
disease	triple negative breast cancer	breast cancer	1.000	1	post_mapped
disease	renal cell carcinoma	renal cell carcinoma	1.000	1	mapped
disease	Zika virus congenital syndrome	Zika virus congenital syndrome	1.000	1	mapped
disease	Myocardial infarction	acute myocardial infarction	0.870	1	mapped
disease	male infertility	male infertility	1.000	1	mapped
disease	Type 1 diabetes	type 1 diabetes	1.000	1	mapped
disease	liver cirrhosis	liver cirrhosis	1.000	1	mapped
disease	Aortic aneurysm	aortic aneurysm	1.000	1	mapped
disease	cirrhosis	cirrhosis	1.000	1	mapped
disease	type II diabetes mellitus	type 2 diabetes	0.964	1	mapped
disease	Rett syndrome	Rett syndrome	1.000	1	mapped
disease	cardiovascular disease	cardiovascular disease	1.000	1	mapped
disease	Autism Spectrum Disorder	autism spectrum disorder	1.000	1	mapped
disease	Ciliopathy	ciliopathy	1.000	1	mapped
disease	Bladder carcinoma	invasive bladder transitional cell carcinoma	0.715	1	mapped
disease	Neck carcinoma	cervix carcinoma	0.720	1	mapped
disease	liver cancer	hepatocellular carcinoma	0.814	1	mapped
disease	Non-alcoholic steatohepatitis	NASH	0.875	1	mapped
disease	NASH-related HCC	NASH	0.755	1	mapped
disease	NASH-related cirrhosis	NASH	0.808	1	mapped
disease	Periodontitis	periodontitis	1.000	1	mapped
disease	Diabetes mellitus	type 2 diabetes	0.861	1	mapped
disease	azoospermia	azoospermia	1.000	1	mapped
disease	High grade glioma	glioblastoma	0.805	1	mapped
disease	T-cell acute lymphoblastic leukemia	T-cell acute lymphoblastic leukemia	1.000	1	mapped
disease	Lung carcinoma	lung cancer	0.948	1	mapped
disease	chronic myeloid leukemia	acute myeloid leukemia	0.752	1	mapped
disease	multiple myeloma	multiple myeloma	1.000	1	mapped
disease	acute myeloid leukaemia	acute myeloid leukemia	0.991	1	mapped
disease	Molar incisor hypomineralization	dental enamel hypoplasia	0.773	1	mapped
disease	adenocarcinoma	lung adenocarcinoma	0.759	1	mapped
disease	Infertility	male infertility	0.862	1	mapped
disease	Sarcoma	osteosarcoma	0.743	1	mapped
disease	Basal cell carcinoma	basal cell carcinoma	1.000	1	mapped
disease	lupus nephritis	systemic lupus erythematosus	0.784	1	mapped
disease	creatine deficiency syndrome	cerebral creatine deficiency	0.947	1	mapped
disease	mitochondrial disease	mitochondrial metabolism disease	0.879	1	mapped
disease	MASLD	MASLD	1.000	1	mapped
disease	pancreatic adenocarcinoma	pancreatic cancer	0.870	1	mapped
disease	neuroblastoma	neuroblastoma	1.000	1	mapped
disease	Alexander disease	Alexander disease	1.000	1	mapped
disease	acute respiratory distress syndrome	adult respiratory distress syndrome	0.907	1	mapped
disease	Non-small-cell lung cancer	non-small cell lung carcinoma	0.971	1	mapped
disease	Acute monocytic leukemia	acute myeloid leukemia	0.803	1	mapped
disease	Autism	autism spectrum disorder	0.914	1	mapped
disease	Female breast cancer	breast cancer	0.914	1	mapped
disease	Lung small cell carcinoma	non-small cell lung carcinoma	0.823	1	mapped
disease	Ovary epithelial cancer	ovarian cancer	0.865	1	mapped
disease	heart failure	heart failure	1.000	1	mapped
disease	liver fibrosis	liver cirrhosis	0.802	1	mapped
disease	autism spectrum disorder	autism spectrum disorder	1.000	1	mapped
disease	Female reproductive organ cancer	ovarian cancer	0.729	1	mapped
disease	T-cell large granular lymphocyte leukemia	T-cell acute lymphoblastic leukemia	0.747	1	mapped
disease	nephrotic syndrome	nephrotic syndrome	1.000	1	mapped
disease	triple-negative breast cancer	breast cancer	0.996	1	post_mapped
disease	Epithelioid sarcoma	epithelioid sarcoma	1.000	1	mapped
disease	mammary tumors	breast cancer	0.729	1	mapped
disease	pancreatic ductal adenocarcinoma	pancreatic ductal adenocarcinoma	1.000	1	mapped
disease	anthracycline cardiomyopathy	dilated cardiomyopathy	0.704	1	mapped
disease	acute lymphoblastic leukemia	acute leukemia	0.842	1	mapped
disease	type II diabetes	type 2 diabetes	0.976	1	mapped
disease	Smoldering myeloma	multiple myeloma	0.851	1	mapped
disease	Coronary artery disease	cardiovascular disease	0.734	1	mapped
disease	Schistosomiasis	sleeping sickness	0.703	1	mapped
disease	lung carcinoma	lung cancer	0.948	1	mapped
disease	nonobstructive azoospermia	azoospermia	0.881	1	mapped
disease	obstructive azoospermia	azoospermia	0.834	1	mapped
disease	Pancreatic carcinoma	pancreatic cancer	0.968	1	mapped
disease	cystic fibrosis	cystic fibrosis	1.000	1	mapped
disease	Lung non-squamous non-small cell carcinoma	non-small cell lung carcinoma	0.943	1	mapped
disease	hematological cancer	leukemia	0.720	1	mapped
disease	asthenozoospermia	azoospermia	0.854	1	mapped
disease	gastric cancer	gastric cancer	1.000	1	mapped
disease	Rectum cancer	colorectal cancer	0.809	1	mapped
disease	Liver fibrosis	liver cirrhosis	0.802	1	mapped
disease	Rheumatoid arthritis	rheumatoid arthritis	1.000	1	mapped
disease	clear cell renal cell carcinoma	clear cell renal cell carcinoma	1.000	1	mapped
disease	Mycobacterium tuberculosis infection	pulmonary tuberculosis	0.795	1	mapped
disease	systemic lupus erythematosus	systemic lupus erythematosus	1.000	1	mapped
disease	atherosclerosis	atherosclerosis	1.000	1	mapped
disease	hip osteoarthritis	osteoarthritis	0.723	1	mapped
disease	Parkinsonism	Parkinson's disease	0.873	1	mapped
disease	progeria syndrome	Werner syndrome	0.763	1	mapped
disease	Endocervical adenocarcinoma	cervix carcinoma	0.715	1	mapped
disease	Autism spectrum disorders	autism spectrum disorder	0.994	1	mapped
disease	steroid-resistant nephrotic syndrome	nephrotic syndrome	0.775	1	mapped
disease	Lysosomal storage disease		0.000	19	unmapped
disease	Simpson-golabi-behmel syndrome type 1		0.000	9	unmapped
disease	Brain cancer		0.000	8	unmapped
disease	Niemann-pick disease type c2		0.000	8	unmapped
disease	Niemann-pick disease type c1		0.000	6	unmapped
disease	Chronic obstructive pulmonary disease		0.000	5	unmapped
disease	Fabry disease		0.000	4	unmapped
disease	Urinary bladder cancer		0.000	4	unmapped
disease	Gaucher's disease		0.000	3	unmapped
disease	Wounds and injuries		0.000	3	unmapped
disease	Traumatic brain injury		0.000	3	unmapped
disease	Duchenne muscular dystrophy		0.000	3	unmapped
disease	Limb muscle		0.000	3	unmapped
disease	B-cell acute lymphoblastic leukemia		0.000	3	unmapped
disease	peritoneal dialysis		0.000	2	unmapped
disease	proteinuric kidney disease		0.000	2	unmapped
disease	Recessive dystrophic epidermolysis bullosa		0.000	2	unmapped
disease	Liver disease		0.000	2	unmapped
disease	Esophagus adenocarcinoma		0.000	2	unmapped
disease	AP-4 deficiency		0.000	2	unmapped
disease	Urinary tract infection		0.000	2	unmapped
disease	hydrocephalus		0.000	2	unmapped
disease	Burkitt's lymphoma		0.000	2	unmapped
disease	Thyroid gland follicular carcinoma		0.000	2	unmapped
disease	Multiple system atrophy		0.000	2	unmapped
disease	Atopic dermatitis		0.000	2	unmapped
disease	Retinal degeneration		0.000	2	unmapped
disease	B-lymphoblastic leukemia/lymphoma		0.000	2	unmapped
disease	Retinopathy of prematurity		0.000	2	unmapped
disease	Degenerative disc disease		0.000	2	unmapped
disease	Simpson-Golabi-Behmel syndrome type 1		0.000	2	unmapped
disease	thyroid cancer		0.000	2	unmapped
disease	Systemic sclerosis		0.000	2	unmapped
disease	colorectal adenoma		0.000	1	unmapped
disease	Lemierre's syndrome		0.000	1	unmapped
disease	rectal adenocarcinoma		0.000	1	unmapped
disease	Diamond-blackfan anemia		0.000	1	unmapped
disease	Idiopathic Pneumonia Syndrome		0.000	1	unmapped
disease	Infectious lung injury		0.000	1	unmapped
disease	Ataxia telangiectasia		0.000	1	unmapped
disease	Bone disease		0.000	1	unmapped
disease	panhypopituitarism		0.000	1	unmapped
disease	Myopathy		0.000	1	unmapped
disease	Ruijs-Aalfs syndrome		0.000	1	unmapped
disease	Multiple sclerosis		0.000	1	unmapped
disease	urinary tract infection		0.000	1	unmapped
disease	Poor ovarian response		0.000	1	unmapped
disease	Dementia		0.000	1	unmapped
disease	Hyaline fibromatosis syndrome		0.000	1	unmapped
disease	Primary immunodeficiency disease		0.000	1	unmapped
disease	rheumatic heart valve disease		0.000	1	unmapped
disease	Esophageal cancer		0.000	1	unmapped
disease	Primary open angle glaucoma		0.000	1	unmapped
disease	Birdshot chorioretinopathy		0.000	1	unmapped
disease	Spinal arteriovenous malformation		0.000	1	unmapped
disease	multifocal demyelinating motor neuropathy		0.000	1	unmapped
disease	Plasmodium falciparum malaria		0.000	1	unmapped
disease	Patent ductus arteriosus		0.000	1	unmapped
disease	urachal carcinoma		0.000	1	unmapped
disease	dilated left atria		0.000	1	unmapped
disease	drug-induced liver injury		0.000	1	unmapped
disease	Viral infectious disease		0.000	1	unmapped
disease	Polycystic kidney		0.000	1	unmapped
disease	Brain disease		0.000	1	unmapped
disease	Diffuse large B-cell lymphoma		0.000	1	unmapped
disease	Cadasil		0.000	1	unmapped
disease	opsoclonus myoclonus ataxia syndrome		0.000	1	unmapped
disease	proteinuria		0.000	1	unmapped
disease	Nephronophthisis		0.000	1	unmapped
disease	Cytomegalovirus infection		0.000	1	unmapped
disease	ethylmalonic encephalopathy		0.000	1	unmapped
disease	anterior skull base meningioma		0.000	1	unmapped
disease	diseased		0.000	1	unmapped
disease	Vesicoureteral reflux		0.000	1	unmapped
disease	Hydrocephalus		0.000	1	unmapped
disease	Retinitis pigmentosa		0.000	1	unmapped
disease	Actinic keratosis		0.000	1	unmapped
disease	Glanders		0.000	1	unmapped
disease	Melioidosis		0.000	1	unmapped
disease	Idiopathic pulmonary fibrosis		0.000	1	unmapped
disease	pelvic organ prolapse		0.000	1	unmapped
disease	seminoma		0.000	1	unmapped
disease	Sialolithiasis		0.000	1	unmapped
disease	asthma		0.000	1	unmapped
disease	Control		0.000	1	unmapped
disease	glaucoma		0.000	1	unmapped
disease	Refsum disease		0.000	1	unmapped
disease	Periventricular nodular heterotopia		0.000	1	unmapped
disease	Cholangiocarcinoma		0.000	1	unmapped
disease	Vascular cancer		0.000	1	unmapped
disease	Amelogenesis imperfecta type 3a		0.000	1	unmapped
disease	Human cytomegalovirus infection		0.000	1	unmapped
disease	2-aminoadipic 2-oxoadipic aciduria		0.000	1	unmapped
disease	Overactive bladder		0.000	1	unmapped
disease	RASopathies		0.000	1	unmapped
disease	Intestinal failure		0.000	1	unmapped
disease	Preterm birth		0.000	1	unmapped
disease	Ischemia		0.000	1	unmapped
disease	Charcot-Marie-Tooth disease type 2		0.000	1	unmapped
disease	Hermansky-pudlak syndrome		0.000	1	unmapped
disease	Substance-related disorder		0.000	1	unmapped
disease	Dementia with Lewy bodies		0.000	1	unmapped
disease	Progressive supranuclear palsy		0.000	1	unmapped
disease	multiple sclerosis		0.000	1	unmapped
disease	Acquired immunodeficiency syndrome		0.000	1	unmapped
disease	benign		0.000	1	unmapped
disease	Helicobacter pylori infection		0.000	1	unmapped
disease	ectopic pregnancy		0.000	1	unmapped
disease	alpha-Synucleinopathies		0.000	1	unmapped
disease	rhabdoid tumor		0.000	1	unmapped
disease	benign pulmonary nodules		0.000	1	unmapped
disease	Angioimmunoblastic T-cell lymphoma		0.000	1	unmapped
disease	Hypertension		0.000	1	unmapped
disease	Uveal melanoma		0.000	1	unmapped
disease	Peripheral primitive neuroectodermal tumor		0.000	1	unmapped
disease	chronic pancreatitis		0.000	1	unmapped
disease	renal fibrosis		0.000	1	unmapped
disease	SEPN1-related myopathy		0.000	1	unmapped
disease	Lewy body dementia		0.000	1	unmapped
disease	alkali burns		0.000	1	unmapped
disease	periprosthetic joint infection		0.000	1	unmapped
disease	aseptic implant loosening		0.000	1	unmapped
disease	stroke		0.000	1	unmapped
disease	3-methylglutaconic aciduria type 9		0.000	1	unmapped
disease	Cholestasis		0.000	1	unmapped
disease	myositis		0.000	1	unmapped
disease	ependymoma		0.000	1	unmapped
disease	Neuronal ceroid lipofuscinosis 3		0.000	1	unmapped
disease	biliary atresia		0.000	1	unmapped
disease	infant cholestasis		0.000	1	unmapped
disease	Angelman syndrome		0.000	1	unmapped
disease	MLL-rearranged leukemia		0.000	1	unmapped
disease	Germ cell cancer		0.000	1	unmapped
disease	ADPKD		0.000	1	unmapped
disease	POFUT1 S162L		0.000	1	unmapped
disease	Relapsing-remitting multiple sclerosis		0.000	1	unmapped
disease	Kabuki syndrome		0.000	1	unmapped
disease	AdipoR1 deficiency		0.000	1	unmapped
disease	nasopharyngeal carcinoma		0.000	1	unmapped
disease	Insulin resistance		0.000	1	unmapped
disease	Upper respiratory tract disease		0.000	1	unmapped
disease	congenital heart disease		0.000	1	unmapped
disease	postoperative pulmonary infections		0.000	1	unmapped
disease	dysmyelination		0.000	1	unmapped
disease	Japanese encephalitis		0.000	1	unmapped
disease	Osteoblastoma		0.000	1	unmapped
disease	Focal segmental glomerulosclerosis		0.000	1	unmapped
disease	meningioma		0.000	1	unmapped
disease	Membranous glomerulonephritis		0.000	1	unmapped
disease	bladder cancer		0.000	1	unmapped
disease	brain edema		0.000	1	unmapped
disease	Alcohol-associated liver disease		0.000	1	unmapped
disease	esophageal cancer		0.000	1	unmapped
disease	Bladder cancer		0.000	1	unmapped
disease	Renal fibrosis		0.000	1	unmapped
disease	polycystic kidney disease		0.000	1	unmapped
disease	Chronic inflammatory demyelinating polyneuropathy		0.000	1	unmapped
disease	Mixed disorder as reaction to stress		0.000	1	unmapped
disease	Combined oxidative phosphorylation deficiency		0.000	1	unmapped
disease	Colorectal adenoma		0.000	1	unmapped
disease	retinoblastoma		0.000	1	unmapped
disease	Legionnaires' disease		0.000	1	unmapped
disease	spastic ataxia		0.000	1	unmapped
disease	Retinal detachment		0.000	1	unmapped
disease	endometrial carcinoma		0.000	1	unmapped
disease	X-linked alport syndrome		0.000	1	unmapped
disease	Krabbe disease		0.000	1	unmapped
disease	Psoriasis		0.000	1	unmapped
disease	Charcot-Marie-Tooth Type 2 A		0.000	1	unmapped
disease	Diabetic retinopathy		0.000	1	unmapped
disease	Burkitt lymphoma		0.000	1	unmapped
disease	MELAS		0.000	1	unmapped
disease	AL amyloidosis		0.000	1	unmapped
disease	Monoclonal gammopathy of uncertain significance		0.000	1	unmapped
disease	Open-angle glaucoma		0.000	1	unmapped
disease	Meniere's disease		0.000	1	unmapped
disease	dermatomyositis		0.000	1	unmapped
disease	Leishmaniasis		0.000	1	unmapped
disease	Sjogren's syndrome		0.000	1	unmapped
disease	Facioscapulohumeral muscular dystrophy		0.000	1	unmapped
disease	Chronic myelomonocytic leukemia		0.000	1	unmapped
disease	Plexiform neurofibroma		0.000	1	unmapped
disease	Dengue disease		0.000	1	unmapped
disease	Dengue shock syndrome		0.000	1	unmapped
disease	Dengue hemorrhagic fever		0.000	1	unmapped
disease	Ataxia-telangiectasia		0.000	1	unmapped
disease	gastritis		0.000	1	unmapped
disease	gastric preneoplasia		0.000	1	unmapped
disease	Acute kidney tubular necrosis		0.000	1	unmapped
disease	CDKL5 deficiency disorder		0.000	1	unmapped
disease	Common variable immunodeficiency		0.000	1	unmapped
disease	natural killer cell lymphoblastic leukemia/lymphoma		0.000	1	unmapped
disease	Rabies		0.000	1	unmapped
disease	Anaplastic thyroid cancer		0.000	1	unmapped
disease	idiopathic inflammatory myopathy		0.000	1	unmapped
disease	Sjögren's disease		0.000	1	unmapped
disease	rhabdomyosarcoma		0.000	1	unmapped
disease	Neurofibromatosis 1		0.000	1	unmapped
disease	Temporal lobe epilepsy		0.000	1	unmapped
disease	kidney transplant rejection		0.000	1	unmapped
disease	Tay-sachs disease		0.000	1	unmapped
disease	Gm1 gangliosidosis		0.000	1	unmapped
disease	Acute pancreatitis		0.000	1	unmapped
disease	Chronic pancreatitis		0.000	1	unmapped
disease	neurodevelopmental disorder		0.000	1	unmapped
disease	Bacterial sepsis		0.000	1	unmapped
disease	chronic liver injury		0.000	1	unmapped
disease	High grade serous ovarian cancer		0.000	1	unmapped
disease	16p11.2 deletion		0.000	1	unmapped
disease	16p11.2 duplication		0.000	1	unmapped
disease	Oculocutaneous albinism type vii		0.000	1	unmapped
disease	Lyme neuroborreliosis		0.000	1	unmapped
disease	viral meningitis		0.000	1	unmapped
disease	Lyme borreliosis		0.000	1	unmapped
disease	Herpes zoster oticus		0.000	1	unmapped
disease	Endometrial cancer		0.000	1	unmapped
disease	Factor viii deficiency		0.000	1	unmapped
disease	neurofibromatosis type 2-related schwannomatosis		0.000	1	unmapped
disease	Autosomal hemophilia a		0.000	1	unmapped
disease	rotator cuff tear		0.000	1	unmapped
disease	Mental depression		0.000	1	unmapped
disease	neonatal brain injury		0.000	1	unmapped
disease	focal-segmental glomerulosclerosis		0.000	1	unmapped
enzymes	Trypsin	trypsin	1.000	1129	mapped
enzymes	trypsin	trypsin	1.000	1113	mapped
enzymes	Lys-C	LysC	0.933	279	mapped
enzymes	LysC	LysC	1.000	231	mapped
enzymes	Trypsin/Lys-C	trypsin	0.844	20	mapped
enzymes	Trypsin/LysC	trypsin	0.854	14	mapped
enzymes	chymotrypsin	chymotrypsin	1.000	11	mapped
enzymes	GluC	GluC	1.000	9	mapped
enzymes	Lys C	LysC	0.910	8	mapped
enzymes	Trypsin/P	trypsin	0.915	8	mapped
enzymes	AspN	AspN	1.000	7	mapped
enzymes	Chymotrypsin	chymotrypsin	1.000	6	mapped
enzymes	Asp-N	AspN	0.804	6	mapped
enzymes	Lys-C/Trypsin	trypsin	0.814	5	mapped
enzymes	lys-c	LysC	0.933	4	mapped
enzymes	ArgC	ArgC	1.000	4	mapped
enzymes	lys-C	LysC	0.933	3	mapped
enzymes	Trypsin/Lys-C Mix	trypsin	0.769	2	mapped
enzymes	Arg-C	ArgC	0.896	2	mapped
enzymes	pepsin	pepsin	1.000	2	mapped
enzymes	Pepsin	pepsin	1.000	2	mapped
enzymes	lysC	LysC	1.000	2	mapped
enzymes	Lys-c	LysC	0.933	1	mapped
enzymes	endoproteinase Asp-N	AspN	0.707	1	mapped
enzymes	LysN	LysC	0.871	1	mapped
enzymes	LysC-trypsin	trypsin	0.854	1	mapped
enzymes	Lys-N	LysC	0.823	1	mapped
enzymes	Endoproteinase LysC	LysC	0.744	1	mapped
enzymes	Trypsin-LysC	trypsin	0.850	1	mapped
enzymes	trypsin/Lys-C	trypsin	0.844	1	mapped
enzymes	HUWE1		0.000	16	unmapped
enzymes	UBA1		0.000	16	unmapped
enzymes	UBE2L3		0.000	16	unmapped
enzymes	Endoproteinase Lys-C		0.000	14	unmapped
enzymes	Glu-C		0.000	12	unmapped
enzymes	Lysyl endopeptidase		0.000	11	unmapped
enzymes	unspecific		0.000	8	unmapped
enzymes	LysargiNase		0.000	7	unmapped
enzymes	OpeRATOR		0.000	5	unmapped
enzymes	SialEXO		0.000	5	unmapped
enzymes	Lysyl Endopeptidase		0.000	5	unmapped
enzymes	non-specific		0.000	5	unmapped
enzymes	PNGase F		0.000	4	unmapped
enzymes	proteinase K		0.000	3	unmapped
enzymes	none		0.000	3	unmapped
enzymes	WALP		0.000	2	unmapped
enzymes	rLysC		0.000	2	unmapped
enzymes	endoLysC		0.000	2	unmapped
enzymes	HaeIII		0.000	2	unmapped
enzymes	Endo-Lys C		0.000	2	unmapped
enzymes	Chondroitinase ABC		0.000	2	unmapped
enzymes	Proteinase K		0.000	2	unmapped
enzymes	benzonase		0.000	2	unmapped
enzymes	Lysyl-endopeptidase		0.000	2	unmapped
enzymes	Endopeptidase Lys C		0.000	2	unmapped
enzymes	TEV protease		0.000	2	unmapped
enzymes	endoproteinase Lys-C		0.000	1	unmapped
enzymes	ADAMTS2		0.000	1	unmapped
enzymes	ADAMTS3		0.000	1	unmapped
enzymes	ADAMTS14		0.000	1	unmapped
enzymes	no enzyme		0.000	1	unmapped
enzymes	Elastase		0.000	1	unmapped
enzymes	Lysyl endoproteinase		0.000	1	unmapped
enzymes	thermolysin		0.000	1	unmapped
enzymes	gingipains		0.000	1	unmapped
enzymes	EndoLysC		0.000	1	unmapped
enzymes	Tryp-N		0.000	1	unmapped
enzymes	glu-c		0.000	1	unmapped
enzymes	Heparin lyases I, II, and III		0.000	1	unmapped
enzymes	chondroitinase ABC		0.000	1	unmapped
enzymes	SmE		0.000	1	unmapped
enzymes	MMP9		0.000	1	unmapped
enzymes	hPARG		0.000	1	unmapped
enzymes	V8		0.000	1	unmapped
enzymes	subtilisin		0.000	1	unmapped
enzymes	GingisREX		0.000	1	unmapped
enzymes	Heparinases		0.000	1	unmapped
enzymes	Neuraminidase		0.000	1	unmapped
enzymes	in-gel digestion		0.000	1	unmapped
enzymes	O-glycoprotease		0.000	1	unmapped
enzymes	PNGaseF		0.000	1	unmapped
enzymes	SpeB		0.000	1	unmapped
enzymes	IdeS		0.000	1	unmapped
enzymes	elastase		0.000	1	unmapped
enzymes	mucinase SmE		0.000	1	unmapped
fragmentation	HCD	HCD	1.000	1657	mapped
fragmentation	CID	CID	1.000	193	mapped
fragmentation	ETD	ETD	1.000	45	mapped
fragmentation	EThcD	EThcD	1.000	25	mapped
fragmentation	EtHCD	EThcD	1.000	1	mapped
fragmentation	MS3		0.000	12	unmapped
fragmentation	ESI		0.000	12	unmapped
fragmentation	CAD		0.000	5	unmapped
fragmentation	PASEF		0.000	5	unmapped
fragmentation	ddMS2		0.000	4	unmapped
fragmentation	SPS-MS3		0.000	3	unmapped
fragmentation	EI		0.000	3	unmapped
fragmentation	TIMS		0.000	2	unmapped
fragmentation	b ion-dominated		0.000	1	unmapped
fragmentation	MS/MS		0.000	1	unmapped
fragmentation	All-ion fragmentation		0.000	1	unmapped
fragmentation	ion trap		0.000	1	unmapped
fragmentation	sHCD		0.000	1	unmapped
fragmentation	CHOPIN		0.000	1	unmapped
fragmentation	ETciD		0.000	1	unmapped
fragmentation	FAIMS		0.000	1	unmapped
fragmentation	Not specified		0.000	1	unmapped
instrument	Q Exactive	Q Exactive	1.000	557	mapped
instrument	Q Exactive HF	Q Exactive HF	1.000	371	mapped
instrument	Orbitrap Fusion Lumos	Orbitrap Fusion Lumos	1.000	348	mapped
instrument	Orbitrap Exploris 480	Orbitrap Exploris 480	1.000	251	mapped
instrument	Q Exactive Plus	Q Exactive Plus	1.000	179	mapped
instrument	Orbitrap Eclipse	Orbitrap Eclipse	1.000	133	mapped
instrument	LTQ Orbitrap Velos	LTQ Orbitrap Velos	1.000	127	mapped
instrument	Orbitrap Fusion	Orbitrap Fusion	1.000	125	mapped
instrument	Q Exactive HF-X	Q Exactive HF-X	1.000	93	mapped
instrument	LTQ Orbitrap Elite	LTQ Orbitrap Elite	1.000	87	mapped
instrument	Orbitrap Astral	Orbitrap Astral	1.000	42	mapped
instrument	Q-Exactive HF	Q Exactive HF	1.000	28	mapped
instrument	LTQ Orbitrap	LTQ Orbitrap XL	0.973	27	mapped
instrument	Orbitrap Exploris 240	Orbitrap Exploris 240	1.000	27	mapped
instrument	Orbitrap Fusion Tribrid	Orbitrap Fusion	0.929	24	mapped
instrument	LTQ Orbitrap XL	LTQ Orbitrap XL	1.000	20	mapped
instrument	Orbitrap Ascend	Orbitrap Elite	0.865	18	mapped
instrument	Q-Exactive Plus	Q Exactive Plus	1.000	16	mapped
instrument	Orbitrap Fusion Lumos Tribrid	Orbitrap Fusion Lumos	0.937	16	mapped
instrument	Q-Exactive	Q Exactive	1.000	15	mapped
instrument	TripleTOF 5600	TripleTOF 5600	1.000	13	mapped
instrument	Q Exactive Plus Orbitrap	Q Exactive Plus	0.801	11	mapped
instrument	Orbitrap Fusion ETD	Orbitrap Fusion	0.919	11	mapped
instrument	Q Exactive plus	Q Exactive Plus	1.000	10	mapped
instrument	Orbitrap Eclipse Tribrid	Orbitrap Eclipse	0.907	10	mapped
instrument	Orbitrap Elite	Orbitrap Elite	1.000	8	mapped
instrument	LTQ Orbitrap Velos Pro	LTQ Orbitrap Velos	0.984	6	mapped
instrument	Q Exactive Plus Hybrid Quadrupole-Orbitrap	Orbitrap Fusion	0.744	6	mapped
instrument	Q Exactive HFX	Q Exactive HF-X	0.983	6	mapped
instrument	Q-Exactive HF-X	Q Exactive HF-X	1.000	5	mapped
instrument	Q Exactive-Plus	Q Exactive Plus	0.994	5	mapped
instrument	Q Exactive HF-X Orbitrap	Q Exactive HF-X	0.839	5	mapped
instrument	timsTOF Pro	timsTOF Pro	1.000	5	mapped
instrument	QE plus Orbitrap	Orbitrap Elite	0.836	5	mapped
instrument	LTQ-Orbitrap Velos	LTQ Orbitrap Velos	0.983	4	mapped
instrument	LTQ-Orbitrap Elite	LTQ Orbitrap Elite	0.982	4	mapped
instrument	Orbitrap Velos	LTQ Orbitrap Velos	0.949	4	mapped
instrument	Orbitrap Q-Exactive	Q Exactive	1.000	4	mapped
instrument	Q-Exactive Plus Biopharma	Q Exactive Plus	0.857	4	mapped
instrument	Orbitrap Excedion Pro	Orbitrap Elite	0.758	4	mapped
instrument	QExactive	Q Exactive	1.000	3	mapped
instrument	Q Exactive HF Orbitrap	Q Exactive HF-X	0.805	3	mapped
instrument	QExactive Plus	Q Exactive Plus	1.000	3	mapped
instrument	Q Exactive HFx	Q Exactive HF-X	0.983	3	mapped
instrument	LTQ Orbitrap Velos-ETD	LTQ Orbitrap Velos	0.956	3	mapped
instrument	Orbitrap HF-X	Orbitrap Elite	0.844	3	mapped
instrument	Exploris 480	Orbitrap Exploris 480	0.785	3	mapped
instrument	timsTOF Pro 2	timsTOF Pro	0.923	3	mapped
instrument	qExactive HF	Q Exactive HF	1.000	2	mapped
instrument	LTQ OrbitrapXL	LTQ Orbitrap XL	0.980	2	mapped
instrument	Orbitrap Q-Exactive Plus	Q Exactive Plus	1.000	2	mapped
instrument	Orbitrap Lumos	Orbitrap Fusion Lumos	0.921	2	mapped
instrument	QExactive plus	Q Exactive Plus	1.000	2	mapped
instrument	Q Exactive HFX Hybrid Quadrupole-Orbitrap	Q Exactive HF-X	0.743	2	mapped
instrument	Q Exactive Orbitrap	Q Exactive	1.000	2	mapped
instrument	Q Exactive HF Hybrid Quadrupole-Orbitrap	Orbitrap Fusion	0.753	2	mapped
instrument	Orbitrap Q-Exactive HF	Q Exactive HF	1.000	2	mapped
instrument	Exploris 480 Orbitrap	Orbitrap Exploris 480	0.930	2	mapped
instrument	Thermo Orbitrap Fusion Lumos	Orbitrap Fusion Lumos	1.000	2	mapped
instrument	Thermo Scientific Orbitrap Exploris 480	Orbitrap Exploris 480	0.978	2	mapped
instrument	QE Plus	Q Exactive Plus	0.754	2	mapped
instrument	LTQ Velos	LTQ Velos	1.000	1	mapped
instrument	maXis	maXis	1.000	1	mapped
instrument	Thermo LTQ Orbitrap Velos	LTQ Orbitrap Velos	1.000	1	mapped
instrument	Orbitrap Velos Pro	LTQ Orbitrap Velos	0.932	1	mapped
instrument	Q-Exactive Orbitrap	Q Exactive	1.000	1	mapped
instrument	Thermo Q Exactive	Q Exactive	1.000	1	mapped
instrument	LTQ Orbitrap XL ETD	LTQ Orbitrap XL	0.942	1	mapped
instrument	LTQ Orbitrap Fusion Lumos Tribrid	Orbitrap Fusion Lumos	0.877	1	mapped
instrument	TripleTOF5600	TripleTOF 5600	0.870	1	mapped
instrument	HF Q-Exactive Orbitrap	Q Exactive HF	0.949	1	mapped
instrument	Qexactive plus Orbitrap	Q Exactive Plus	0.801	1	mapped
instrument	LTQ FT Ultra	LTQ Velos	0.794	1	mapped
instrument	TSQ Quantiva	TSQ Quantiva	1.000	1	mapped
instrument	Q Exactive Hybrid Quadrupole-Orbitrap Plus	LTQ Orbitrap Elite	0.766	1	mapped
instrument	Q Exactive orbitrap	Q Exactive	1.000	1	mapped
instrument	Q Exactive Plus Hybrid Quadrupole-Orbitrap Mass Spectrometer	Orbitrap Fusion	0.738	1	mapped
instrument	LTQ FT-ICR	LTQ Velos	0.710	1	mapped
instrument	LTQ-Orbitrap Velos Pro	LTQ Orbitrap Velos	0.971	1	mapped
instrument	Q-Exactive quadrupole orbitrap	LTQ Orbitrap Velos	0.861	1	mapped
instrument	Fusion Orbitrap	Orbitrap Fusion	0.975	1	mapped
instrument	LTQ XL	LTQ	0.854	1	mapped
instrument	Orbitrap Fusion Tribid	Orbitrap Fusion	0.906	1	mapped
instrument	TSQ Vantage	TSQ Quantiva	0.748	1	mapped
instrument	QExactive HF	Q Exactive HF	1.000	1	mapped
instrument	LTQ	LTQ	1.000	1	mapped
instrument	Thermo Scientific Orbitrap Fusion Tribrid	Orbitrap Fusion	0.918	1	mapped
instrument	Orbitrap Fusion Tribrid Mass Spectrometer	LTQ Orbitrap Velos	0.870	1	mapped
instrument	LTQ Velos-Orbitrap	LTQ Orbitrap Velos	0.980	1	mapped
instrument	TripleTOF	TripleTOF 5600	0.718	1	mapped
instrument	Lumos Orbitrap	Orbitrap Fusion Lumos	0.922	1	mapped
instrument	Q-Exactive High Field X	Q Exactive HF-X	0.761	1	mapped
instrument	Q Exactive Hybrid Quadrupole-Orbitrap Mass Spectrometer	LTQ Orbitrap Velos	0.777	1	mapped
instrument	Q Exactive-HF	Q Exactive HF	0.985	1	mapped
instrument	Q-Exactive-Plus	Q Exactive Plus	0.994	1	mapped
instrument	Q-Exactive HFX	Q Exactive HF-X	0.983	1	mapped
instrument	Orbitrap-XL	LTQ Orbitrap XL	0.935	1	mapped
instrument	Q-Exactive plus	Q Exactive Plus	1.000	1	mapped
instrument	Orbitrap QExactive HFX	Q Exactive HF-X	0.983	1	mapped
instrument	Orbitrap Fusion Lumos Tribrid Mass Spectrometer	Orbitrap Fusion Lumos	0.872	1	mapped
instrument	HFX Orbitrap	Orbitrap Fusion	0.719	1	mapped
instrument	Orbitrap-Elite	Orbitrap Elite	0.988	1	mapped
instrument	5500 QTRAP	QTRAP 6500	0.701	1	mapped
instrument	Q Exactive Hybrid-Quadrupole-Orbitrap	Orbitrap Fusion	0.765	1	mapped
instrument	Velos Orbitrap Elite	Orbitrap Elite	0.908	1	mapped
instrument	Orbitrap Q Exactive Plus	Q Exactive Plus	1.000	1	mapped
instrument	timsTOF fleX	timsTOF HT	0.783	1	mapped
instrument	Thermo Orbitrap Eclipse	Orbitrap Eclipse	1.000	1	mapped
instrument	Thermo Q-Exactive HF-X	Q Exactive HF-X	1.000	1	mapped
instrument	Q-Exactive HF X	Q Exactive HF-X	0.987	1	mapped
instrument	Orbitrap Q Exactive H-FX	Q Exactive HF-X	0.898	1	mapped
instrument	LTQ linear ion trap	LTQ Orbitrap XL	0.767	1	mapped
instrument	Synapt G2 QToF	Synapt G2-Si	0.745	1	mapped
instrument	Thermo Exploris 480	Orbitrap Exploris 480	0.785	1	mapped
instrument	QE-plus	Q Exactive Plus	0.740	1	mapped
instrument	Xevo TQ-XS	Xevo TQ-XS	1.000	1	mapped
instrument	Orbitrap Exploris	Orbitrap Exploris 120	0.834	1	mapped
instrument	Orbitrap Q-Exactive plus	Q Exactive Plus	1.000	1	mapped
instrument	Orbitrap Q Exactive HF-X	Q Exactive HF-X	1.000	1	mapped
instrument	Q Exactive HF/HF-X	Q Exactive HF-X	0.960	1	mapped
instrument	TripleTOF 6600	TripleTOF 6600	1.000	1	mapped
instrument	Q-Exactive Plus MS	Q Exactive Plus	0.933	1	mapped
instrument	Q Exactive-HFX	Q Exactive HF-X	0.982	1	mapped
instrument	Exploris480	Orbitrap Exploris 480	0.725	1	mapped
instrument	Exploris 240	Orbitrap Exploris 240	0.777	1	mapped
instrument	LTQ-Orbitrap XL	LTQ Orbitrap XL	0.982	1	mapped
instrument	AB Sciex 6600 Triple-TOF	TripleTOF 6600	0.724	1	mapped
instrument	Thermo Scientific Exploris 480	Orbitrap Exploris 480	0.801	1	mapped
instrument	ZenoTOF 7600	ZenoTOF 7600	1.000	1	mapped
instrument	TSQ Altis	TSQ Altis	1.000	1	mapped
instrument	Thermo Fisher Orbitrap Fusion Tribid Lumos	Orbitrap Fusion Lumos	0.922	1	mapped
instrument	6490 Triple Quadrupole LC/MS	6560 Ion Mobility Q-TOF	0.795	1	mapped
instrument	timsTOF HT-Evosep	timsTOF HT	0.847	1	mapped
instrument	Orbitrap Exploris 120	Orbitrap Exploris 120	1.000	1	mapped
instrument	LTQ-orbitrap fusion	LTQ Orbitrap XL	0.926	1	mapped
instrument	Xevo-TQS	Xevo TQ-XS	0.862	1	mapped
instrument	Q-Exactive Plus Hybrid-Quadrupol Orbitrap	Q Exactive HF-X	0.818	1	mapped
instrument	Thermo Exactive HF-X	Q Exactive HF-X	0.893	1	mapped
instrument	Thermo Orbitrap Exploris 480	Orbitrap Exploris 480	1.000	1	mapped
instrument	Orbitrap QE HF	Orbitrap Fusion	0.833	1	mapped
instrument	timsTOF Ultra	timsTOF Ultra	1.000	1	mapped
instrument	Qexactive Plus	Q Exactive Plus	1.000	1	mapped
instrument	Q Exactive Classic	Q Exactive	0.969	1	mapped
instrument	timsTOF HT	timsTOF HT	1.000	1	mapped
instrument	Orbitrap Q-exactive HF	Q Exactive HF	1.000	1	mapped
instrument	Xevo G3 QTof	Xevo TQ-XS	0.868	1	mapped
instrument	TimsTOF HT	timsTOF HT	1.000	1	mapped
instrument	Orbitrap Eclipse Lumos Tribrid	Orbitrap Eclipse	0.875	1	mapped
instrument	SCIEX TripleTOF 5600+	TripleTOF 5600	0.837	1	mapped
instrument	Orbitrap ELITE	Orbitrap Elite	1.000	1	mapped
instrument	HPLC		0.000	16	unmapped
instrument	NMR		0.000	16	unmapped
instrument	Mass Spectrometry		0.000	16	unmapped
instrument	Fusion Lumos		0.000	10	unmapped
instrument	Dionex Ultimate 3000 RSLCnano		0.000	7	unmapped
instrument	Q TRAP		0.000	3	unmapped
instrument	Covaris S2		0.000	3	unmapped
instrument	Nanospray Flex Ion Source		0.000	3	unmapped
instrument	Thermo Fisher Scientific instrument model		0.000	2	unmapped
instrument	Thermo Scientific Fusion		0.000	2	unmapped
instrument	Dionex Ultimate3000 nano HPLC		0.000	2	unmapped
instrument	Mascot		0.000	2	unmapped
instrument	Bruker Daltonics maXis series		0.000	1	unmapped
instrument	Synapt MS		0.000	1	unmapped
instrument	QSTAR XL		0.000	1	unmapped
instrument	micrOTOF-Q II		0.000	1	unmapped
instrument	Agilent 6550		0.000	1	unmapped
instrument	HF		0.000	1	unmapped
instrument	Lumos		0.000	1	unmapped
instrument	micrOTOF II		0.000	1	unmapped
instrument	4800 Proteomics Analyzer		0.000	1	unmapped
instrument	Thermo QE PLUS OBRITRAP		0.000	1	unmapped
instrument	Bruker Daltonics timsTOF series		0.000	1	unmapped
instrument	Bruker timsTOF pro		0.000	1	unmapped
instrument	Bruker MicroflexTM LRF benchtop MALDI-TOF-MS		0.000	1	unmapped
instrument	Agilent 6495B triple quadrupole mass spectrometer		0.000	1	unmapped
instrument	Exploris		0.000	1	unmapped
instrument	Fusion Lumos Tribrid		0.000	1	unmapped
instrument	Exploris240		0.000	1	unmapped
ionization	ESI	ESI	1.000	1553	mapped
ionization	nanoelectrospray	nanoESI	0.712	32	mapped
ionization	nano-electrospray	ESI	0.706	28	mapped
ionization	nanoESI	nanoESI	1.000	22	mapped
ionization	nano-electrospray ionization	ESI	0.720	8	mapped
ionization	nano-ESI	ESI	0.768	8	mapped
ionization	nano-spray	nanoESI	0.719	2	mapped
ionization	nano-elektrospray	nanoESI	0.744	1	mapped
ionization	electrospray	ESI	0.733	1	mapped
ionization	MALDI	MALDI	1.000	1	mapped
ionization	nano electrospray ionization	ESI	0.715	1	mapped
ionization	nanospray		0.000	35	unmapped
ionization	Nanospray		0.000	14	unmapped
ionization	NSI		0.000	9	unmapped
ionization	nanospray ionization		0.000	6	unmapped
ionization	nESI		0.000	5	unmapped
ionization	nano electrospray		0.000	5	unmapped
ionization	EI		0.000	3	unmapped
ionization	Nano spray		0.000	1	unmapped
ionization	CaptiveSpray		0.000	1	unmapped
ionization	HESI		0.000	1	unmapped
ionization	non-electrospray		0.000	1	unmapped
ionization	Not specified		0.000	1	unmapped
labeling	label-free	label-free	1.000	1816	mapped
labeling	TMT	TMT	1.000	456	mapped
labeling	SILAC	SILAC	1.000	178	mapped
labeling	iTRAQ	iTRAQ	1.000	43	mapped
labeling	Label-free	label-free	1.000	1	mapped
labeling	dimethyl		0.000	17	unmapped
labeling	Not specified		0.000	16	unmapped
labeling	dimethylation		0.000	4	unmapped
labeling	LFQ		0.000	4	unmapped
labeling	TMTpro 18-plex		0.000	2	unmapped
labeling	TMTpro 6-plex		0.000	2	unmapped
labeling	18O		0.000	1	unmapped
labeling	Dimethyl labeling		0.000	1	unmapped
labeling	DiLeu		0.000	1	unmapped
labeling	Dimethyl Labeling		0.000	1	unmapped
lc_column	reverse phase C18	reverse phase C18	1.000	2093	mapped
lc_column	SCX	SCX	1.000	36	mapped
lc_column	ReproSil-Pur 120 C18-AQ	reverse phase C18	0.722	5	mapped
lc_column	HILIC	HILIC	1.000	4	mapped
lc_column	ReproSil-Gold C18	reverse phase C18	0.781	2	mapped
lc_column	Reprosil-Gold C18	reverse phase C18	0.781	2	mapped
lc_column	ReproSil Pur C18-AQ	reverse phase C18	0.834	2	mapped
lc_column	mixed-mode reversed phase	mixed-mode	0.768	1	mapped
lc_column	Not specified		0.000	16	unmapped
lc_column	Gemini-NX C18		0.000	2	unmapped
lc_column	hSAX		0.000	1	unmapped
lc_column	WCX		0.000	1	unmapped
lc_column	reverse phase C4		0.000	1	unmapped
modifications	C-carbamidomethylation	C-carbamidomethylation	1.000	2311	mapped
modifications	Y-phosphorylation	Y-phosphorylation	1.000	208	mapped
modifications	S-phosphorylation	S-phosphorylation	1.000	205	mapped
modifications	T-phosphorylation	T-phosphorylation	1.000	195	mapped
modifications	M-oxidation	M-oxidation	1.000	36	mapped
modifications	K-acetylation	K-acetylation	1.000	32	mapped
modifications	N-term acetylation	N-term acetylation	1.000	25	mapped
modifications	Ubiquitination	K-ubiquitination	0.860	16	mapped
modifications	C-methylthiolation	M-oxidation	0.706	14	mapped
modifications	N-term-acetylation	N-term acetylation	0.990	14	mapped
modifications	K-ubiquitination	K-ubiquitination	1.000	13	mapped
modifications	Oxidation (Methionine)	M-oxidation	0.793	9	mapped
modifications	N-deamidation	N-deamidation	1.000	8	mapped
modifications	R-dimethylation	R-dimethylation	1.000	7	mapped
modifications	K-propionylation	K-succinylation	0.740	7	mapped
modifications	K-sumoylation	K-ubiquitination	0.812	6	mapped
modifications	Carbamidomethylation (Cysteine)	C-carbamidomethylation	0.918	6	mapped
modifications	N-terminal acetylation	N-term acetylation	0.923	6	mapped
modifications	N-term-propionylation	N-term acetylation	0.787	4	mapped
modifications	K-monomethylation	K-dimethylation	0.891	4	mapped
modifications	Phosphorylation (Serine, Threonine, Tyrosine)	T-phosphorylation	0.849	4	mapped
modifications	N-term-dimethylation	R-dimethylation	0.822	3	mapped
modifications	C-propionamide	C-propionamide	1.000	3	mapped
modifications	K-dimethylation	K-dimethylation	1.000	3	mapped
modifications	K-trimethylation	K-trimethylation	1.000	3	mapped
modifications	K-malonylation	K-dimethylation	0.813	3	mapped
modifications	K-succinylation	K-succinylation	1.000	3	mapped
modifications	Carbamidomethyl (Cysteine)	C-carbamidomethylation	0.783	3	mapped
modifications	N-terminal Acetylation	N-term acetylation	0.923	3	mapped
modifications	R-monomethylation	R-dimethylation	0.844	3	mapped
modifications	K-acylation	K-acetylation	0.807	2	mapped
modifications	K-dimethyl	K-dimethylation	0.739	2	mapped
modifications	K-crotonylation	K-acetylation	0.782	2	mapped
modifications	K-dimethylated	K-dimethylation	0.830	2	mapped
modifications	K-trimethylated	K-trimethylation	0.841	2	mapped
modifications	K-monomethylated	K-dimethylation	0.713	2	mapped
modifications	K-lactylation	K-succinylation	0.746	2	mapped
modifications	Deamidation	N-deamidation	0.920	2	mapped
modifications	K-ubiquitylation	K-ubiquitination	0.900	1	mapped
modifications	C-terminal-amidation	N-term acetylation	0.763	1	mapped
modifications	phosphorylation	S-phosphorylation	0.823	1	mapped
modifications	K-formylation	K-dimethylation	0.763	1	mapped
modifications	K-glutarylation	K-succinylation	0.771	1	mapped
modifications	K-methylation	K-methylation	1.000	1	mapped
modifications	R-citrullination	R-citrullination	1.000	1	mapped
modifications	R-methylation	R-methylation	1.000	1	mapped
modifications	P-hydroxylation	P-hydroxylation	1.000	1	mapped
modifications	protein N-term acetylation	N-term acetylation	0.960	1	mapped
modifications	Q-deamidation	N-deamidation	0.842	1	mapped
modifications	Protein N-term acetylation	N-term acetylation	0.960	1	mapped
modifications	C-carbamidomethyl	C-carbamidomethylation	0.843	1	mapped
modifications	N-term-acetyl	N-term acetylation	0.719	1	mapped
modifications	N-term-oxidation	M-oxidation	0.780	1	mapped
modifications	Oxidation	M-oxidation	0.772	1	mapped
modifications	C-carboxymethylation	C-carbamidomethylation	0.865	1	mapped
modifications	N-term-deamidation	N-deamidation	0.856	1	mapped
modifications	K27-acetylation	K-acetylation	0.783	1	mapped
modifications	C-oxidation	M-oxidation	0.777	1	mapped
modifications	C-dioxidation	M-oxidation	0.780	1	mapped
modifications	C-trioxidation	M-oxidation	0.716	1	mapped
modifications	N-term-carbamidomethylation	C-carbamidomethylation	0.885	1	mapped
modifications	K-carbamidomethylation	C-carbamidomethylation	0.866	1	mapped
modifications	C-alkylation	C-carbamidomethylation	0.737	1	mapped
modifications	C-iodoacetamide derivatization		0.000	31	unmapped
modifications	K-TMT		0.000	26	unmapped
modifications	N-term-TMT		0.000	25	unmapped
modifications	K-TMT6plex		0.000	17	unmapped
modifications	N-term-TMT6plex		0.000	15	unmapped
modifications	TMT6plex-126 reporter+balance reagent acylated residue		0.000	12	unmapped
modifications	K-TMTpro		0.000	11	unmapped
modifications	K-TMT10plex		0.000	10	unmapped
modifications	N-term-TMTpro		0.000	10	unmapped
modifications	monohydroxylated residue		0.000	6	unmapped
modifications	C-methylthio		0.000	5	unmapped
modifications	N-term-TMT10plex		0.000	5	unmapped
modifications	C-N-ethylmaleimide		0.000	4	unmapped
modifications	K-GlyGly		0.000	3	unmapped
modifications	C-NEM		0.000	3	unmapped
modifications	K-GG		0.000	3	unmapped
modifications	K-TMT6plex-126 reporter+balance reagent acylation		0.000	3	unmapped
modifications	C-cysteinylation		0.000	3	unmapped
modifications	K-TMT6plex-126 reporter+balance reagent acylated		0.000	3	unmapped
modifications	Y-acylation		0.000	2	unmapped
modifications	C-SIA		0.000	2	unmapped
modifications	N-term-iTRAQ8plex		0.000	2	unmapped
modifications	K-iTRAQ8plex		0.000	2	unmapped
modifications	N-term-dimethyl		0.000	2	unmapped
modifications	K-biotinylation		0.000	2	unmapped
modifications	N-term-pyro-Glu		0.000	2	unmapped
modifications	C-iodoacetamide derivatized residue		0.000	2	unmapped
modifications	C-ethylmaleimide		0.000	2	unmapped
modifications	N-glycosylated residue		0.000	2	unmapped
modifications	peptide N terminus-TMT10plex		0.000	2	unmapped
modifications	K-TMTpro-16plex		0.000	2	unmapped
modifications	peptide N terminus-TMTpro-16plex		0.000	2	unmapped
modifications	TMT 18-plex/6-plex labelling (N-terminus, Lysine)		0.000	2	unmapped
modifications	Methionine loss		0.000	2	unmapped
modifications	Acetylation with methionine loss		0.000	2	unmapped
modifications	K-iTRAQ		0.000	1	unmapped
modifications	N-term-iTRAQ		0.000	1	unmapped
modifications	N-term-TMT6plex-126 reporter+balance reagent		0.000	1	unmapped
modifications	K-TMT6plex-126 reporter+balance reagent		0.000	1	unmapped
modifications	C-methyl methanethiosulphonate		0.000	1	unmapped
modifications	C-iodoacetamide derivatized		0.000	1	unmapped
modifications	N-term-iTRAQ4plex-116 reporter+balance reagent acylated		0.000	1	unmapped
modifications	O-GlcNAc		0.000	1	unmapped
modifications	K-iTRAQ4plex-116		0.000	1	unmapped
modifications	N-term-iTRAQ4plex-116		0.000	1	unmapped
modifications	K-LeuArgGlyGly		0.000	1	unmapped
modifications	N-term-iTRAQ-8plex		0.000	1	unmapped
modifications	K-iTRAQ-8plex		0.000	1	unmapped
modifications	C-hexosylation		0.000	1	unmapped
modifications	K-desthiobiotinylation		0.000	1	unmapped
modifications	N-term-TMT6plex-126 reporter+balance reagent acylation		0.000	1	unmapped
modifications	N-term TMT-labeling		0.000	1	unmapped
modifications	K TMT-labeling		0.000	1	unmapped
modifications	K-butyrylation		0.000	1	unmapped
modifications	K-hydroxyisobutyrylation		0.000	1	unmapped
modifications	Y-nitration		0.000	1	unmapped
modifications	C-S-thioallylation		0.000	1	unmapped
modifications	N-term TMT6plex		0.000	1	unmapped
modifications	N-glycosylation		0.000	1	unmapped
modifications	Acetyl		0.000	1	unmapped
modifications	K-diglycine		0.000	1	unmapped
modifications	iodoacetamide derivatized residue		0.000	1	unmapped
modifications	C-propionylation		0.000	1	unmapped
modifications	C-methyl methanethiosulfonate		0.000	1	unmapped
modifications	Y-sulfation		0.000	1	unmapped
modifications	C-iodoacetamide		0.000	1	unmapped
modifications	C-disulfide crosslink		0.000	1	unmapped
modifications	biotinylated residue		0.000	1	unmapped
modifications	N-term TMT		0.000	1	unmapped
modifications	K TMT		0.000	1	unmapped
modifications	C-ADP-ribosylation		0.000	1	unmapped
modifications	D-ADP-ribosylation		0.000	1	unmapped
modifications	E-ADP-ribosylation		0.000	1	unmapped
modifications	H-ADP-ribosylation		0.000	1	unmapped
modifications	K-ADP-ribosylation		0.000	1	unmapped
modifications	R-ADP-ribosylation		0.000	1	unmapped
modifications	S-ADP-ribosylation		0.000	1	unmapped
modifications	T-ADP-ribosylation		0.000	1	unmapped
modifications	Y-ADP-ribosylation		0.000	1	unmapped
modifications	C-glutathionylation		0.000	1	unmapped
modifications	C-nitrosylation		0.000	1	unmapped
modifications	N4-glycosylated asparagine		0.000	1	unmapped
modifications	K-TMTpro18		0.000	1	unmapped
modifications	N-term-TMTpro18		0.000	1	unmapped
modifications	C-DBIA		0.000	1	unmapped
modifications	C-disulfide bond		0.000	1	unmapped
modifications	T-dehydrobutyrine		0.000	1	unmapped
modifications	C-dehydroalanine		0.000	1	unmapped
modifications	S-dehydroalanine		0.000	1	unmapped
modifications	C-cysteinylated		0.000	1	unmapped
modifications	ADPr-modified residue		0.000	1	unmapped
modifications	residue-monohydroxylation		0.000	1	unmapped
modifications	C-farnesylation		0.000	1	unmapped
modifications	C-palmitoylation		0.000	1	unmapped
modifications	C-geranylgeranylation		0.000	1	unmapped
modifications	C-pyridylethylation		0.000	1	unmapped
modifications	C-acrylamide		0.000	1	unmapped
modifications	TMT6plex reporter fragment		0.000	1	unmapped
modifications	K-Glygly		0.000	1	unmapped
modifications	K-TMTpro 16plex		0.000	1	unmapped
modifications	N-term-TMTpro 16plex		0.000	1	unmapped
modifications	K-TMT6plex-126 reporter+balance reagent acylated residue		0.000	1	unmapped
modifications	N-term-TMT6plex-126 reporter+balance reagent acylated residue		0.000	1	unmapped
modifications	N-term-TMT6plex-126 reporter+balance reagent acylated		0.000	1	unmapped
modifications	N-TMT6plex-126 reporter+balance reagent acylation		0.000	1	unmapped
modifications	C-BP modification		0.000	1	unmapped
modifications	K-BP modification		0.000	1	unmapped
modifications	R-BP modification		0.000	1	unmapped
modifications	H-BP modification		0.000	1	unmapped
modifications	C-N-ethylmaleimide+H2O		0.000	1	unmapped
modifications	N-term-pyroGlu		0.000	1	unmapped
modifications	K-TMT16plex		0.000	1	unmapped
modifications	N-term-TMT16plex		0.000	1	unmapped
modifications	N-term-TMT18plex		0.000	1	unmapped
modifications	K-TMT18plex		0.000	1	unmapped
modifications	TMT6plex-126 reporter+balance reagent acylation		0.000	1	unmapped
organism	Homo sapiens	Homo sapiens	1.000	2068	mapped
organism	Mus musculus	Mus musculus	1.000	322	mapped
organism	Saccharomyces cerevisiae	Saccharomyces cerevisiae	1.000	50	mapped
organism	Escherichia coli	Escherichia coli	1.000	50	mapped
organism	Arabidopsis thaliana	Arabidopsis thaliana	1.000	37	mapped
organism	Human	Homo sapiens	0.825	22	mapped
organism	Bos taurus	Bos taurus	1.000	11	mapped
organism	Rattus norvegicus	Rattus norvegicus	1.000	9	mapped
organism	Drosophila melanogaster	Drosophila melanogaster	1.000	4	mapped
organism	Ovis	Ovis aries	0.865	2	mapped
organism	Rattus rattus	Rattus norvegicus	0.886	2	mapped
organism	SARS-CoV-2	SARS-CoV-2	1.000	2	mapped
organism	Bovidae	Bos taurus	0.758	1	mapped
organism	Sus scrofa domesticus	Sus scrofa	0.966	1	mapped
organism	Canis lupus familiaris	Canis lupus familiaris	1.000	1	mapped
organism	Equus caballus	Equus caballus	1.000	1	mapped
organism	Felis catus	Felis catus	1.000	1	mapped
organism	Gallus gallus	Gallus gallus	1.000	1	mapped
organism	Oryza sativa	Oryza sativa	1.000	1	mapped
organism	Drosophila	Drosophila melanogaster	0.864	1	mapped
organism	Canis familiaris	Canis lupus familiaris	0.940	1	mapped
organism	Oryctolagus cuniculus	Oryctolagus cuniculus	1.000	1	mapped
organism	Sus scrofa	Sus scrofa	1.000	1	mapped
organism	Staphylococcus aureus	Staphylococcus aureus	1.000	1	mapped
organism	Pseudomonas aeruginosa	Pseudomonas aeruginosa	1.000	1	mapped
organism	Severe acute respiratory syndrome coronavirus 2	SARS-CoV-2	0.869	1	mapped
organism	bacteria		0.000	8	unmapped
organism	Trypanosoma brucei		0.000	4	unmapped
organism	Zika virus		0.000	3	unmapped
organism	Nicotiana benthamiana		0.000	3	unmapped
organism	HEK 293 Jump In T-REx		0.000	3	unmapped
organism	Bacteria		0.000	2	unmapped
organism	Archaea		0.000	2	unmapped
organism	Pyrococcus furiosus		0.000	1	unmapped
organism	Orthomyxoviridae		0.000	1	unmapped
organism	Bacteroides fragilis		0.000	1	unmapped
organism	Eubacterium		0.000	1	unmapped
organism	Clostridium		0.000	1	unmapped
organism	HeLa		0.000	1	unmapped
organism	Influenza virus		0.000	1	unmapped
organism	Fungi		0.000	1	unmapped
organism	Virus		0.000	1	unmapped
organism	Capra hircus		0.000	1	unmapped
organism	Bos		0.000	1	unmapped
organism	Human adenovirus c serotype 2		0.000	1	unmapped
organism	Plasmodium falciparum		0.000	1	unmapped
organism	Ocean metaproteome		0.000	1	unmapped
organism	Human cytomegalovirus (strain ad169)		0.000	1	unmapped
organism	Helicobacter pylori		0.000	1	unmapped
organism	Candida		0.000	1	unmapped
organism	Influenza a virus		0.000	1	unmapped
organism	Porphyromonas gingivalis		0.000	1	unmapped
organism	Leishmania major		0.000	1	unmapped
organism	Toxoplasma gondii		0.000	1	unmapped
organism	Burkholderia thailandensis		0.000	1	unmapped
organism	Chlamydia trachomatis		0.000	1	unmapped
organism	oral microbiome		0.000	1	unmapped
organism	Chikungunya virus		0.000	1	unmapped
organism	Mesocricetus auratus		0.000	1	unmapped
organism	Human cytomegalovirus		0.000	1	unmapped
organism	Spodoptera frugiperda		0.000	1	unmapped
organism	Influenza A virus		0.000	1	unmapped
organism	Human herpesvirus 8		0.000	1	unmapped
organism	Aeromonas bestiarum		0.000	1	unmapped
organism	Ca. Kuenenia stuttgartiensis		0.000	1	unmapped
organism	Ca. Accumulibacter phosphatis		0.000	1	unmapped
organism	Wastewater microbiome		0.000	1	unmapped
organism	Bacillus tropicus		0.000	1	unmapped
organism	Hordeum vulgare		0.000	1	unmapped
organism	Serendipita indica		0.000	1	unmapped
organism	Aggregatibacter aphrophilus		0.000	1	unmapped
organism	Aggregatibacter actinomycetemcomitans		0.000	1	unmapped
organism	Escherichia coli 0157		0.000	1	unmapped
organism	Escherichia coli O25b		0.000	1	unmapped
organism	Enterobacter cloacae		0.000	1	unmapped
organism	Enterococcus faecalis		0.000	1	unmapped
organism	Streptococcus agalactiae		0.000	1	unmapped
organism	Proteus mirabilis		0.000	1	unmapped
organism	Klebsiella pneumoniae		0.000	1	unmapped
organism	Klebsiella pneumoniae IS43UP		0.000	1	unmapped
organism	Human papillomavirus type 16		0.000	1	unmapped
organism	virus		0.000	1	unmapped
organism	fungi		0.000	1	unmapped
tissue	Brain	brain	1.000	99	mapped
tissue	Blood plasma	blood plasma	1.000	80	mapped
tissue	Liver	liver	1.000	58	mapped
tissue	Blood	blood	1.000	52	mapped
tissue	Lung	lung	1.000	43	mapped
tissue	Epithelial cell	epithelial cell	1.000	40	mapped
tissue	Blood serum	blood serum	1.000	35	mapped
tissue	Kidney	kidney	1.000	35	mapped
tissue	Skin	skin	1.000	34	mapped
tissue	Colon	colon	1.000	31	mapped
tissue	Cerebrospinal fluid	cerebrospinal fluid	1.000	27	mapped
tissue	T cell	T cells	0.989	27	mapped
tissue	Heart	heart	1.000	27	mapped
tissue	Fibroblast	fibroblast	1.000	26	mapped
tissue	Blood cell	blood	0.766	25	mapped
tissue	B cell	B cells	0.989	20	mapped
tissue	Urine	urine	1.000	19	mapped
tissue	Testis	testis	1.000	18	mapped
tissue	kidney	kidney	1.000	17	mapped
tissue	liver	liver	1.000	16	mapped
tissue	Skeletal muscle	skeletal muscle	1.000	16	mapped
tissue	Spleen	spleen	1.000	16	mapped
tissue	Macrophage	macrophage	1.000	16	mapped
tissue	Stem cell	stem cells	0.993	14	mapped
tissue	Peripheral blood mononuclear cell	PBMCs	0.763	13	mapped
tissue	Saliva	saliva	1.000	13	mapped
tissue	Pancreas	pancreas	1.000	13	mapped
tissue	Platelet	platelets	0.971	12	mapped
tissue	Monocyte	monocytes	0.963	12	mapped
tissue	Bone marrow	bone marrow	1.000	12	mapped
tissue	Breast	breast	1.000	11	mapped
tissue	brain	brain	1.000	10	mapped
tissue	Embryonic stem cell	stem cells	0.829	9	mapped
tissue	Brown adipose tissue	adipose tissue	0.799	9	mapped
tissue	lung	lung	1.000	8	mapped
tissue	Dental plaque	dental plaque	1.000	8	mapped
tissue	Lymph node	lymph node	1.000	8	mapped
tissue	plasma	blood plasma	0.938	8	mapped
tissue	Placenta	placenta	1.000	8	mapped
tissue	Retina	retina	1.000	8	mapped
tissue	heart	heart	1.000	7	mapped
tissue	Hepatocyte	fibroblast	0.705	7	mapped
tissue	Endothelial cell	epithelial cell	0.701	6	mapped
tissue	Stomach	stomach	1.000	6	mapped
tissue	Sperm	sperm	1.000	6	mapped
tissue	Adipose tissue	adipose tissue	1.000	6	mapped
tissue	Mammary gland	breast	0.769	5	mapped
tissue	Erythrocyte	erythrocyte	1.000	5	mapped
tissue	Prostate gland	prostate	0.916	5	mapped
tissue	urine	urine	1.000	5	mapped
tissue	Ovary	ovary	1.000	5	mapped
tissue	Small intestine	small intestine	1.000	5	mapped
tissue	Reticulocyte	erythrocyte	0.718	5	mapped
tissue	Thyroid gland	thyroid gland	1.000	5	mapped
tissue	placenta	placenta	1.000	4	mapped
tissue	breast	breast	1.000	4	mapped
tissue	Neutrophil	neutrophil	1.000	4	mapped
tissue	seminal plasma	seminal plasma	1.000	4	mapped
tissue	skeletal muscle	skeletal muscle	1.000	4	mapped
tissue	spleen	spleen	1.000	4	mapped
tissue	Tear	tear fluid	0.712	4	mapped
tissue	PBMC	PBMCs	0.920	4	mapped
tissue	Melanocyte	melanocyte	1.000	4	mapped
tissue	fibroblast	fibroblast	1.000	4	mapped
tissue	blood plasma	blood plasma	1.000	4	mapped
tissue	Urinary bladder	urinary bladder	1.000	4	mapped
tissue	adipose tissue	adipose tissue	1.000	4	mapped
tissue	Embryonic fibroblast	fibroblast	0.820	4	mapped
tissue	Visceral adipose tissue	adipose tissue	0.875	4	mapped
tissue	Subcutaneous adipose tissue	adipose tissue	0.884	4	mapped
tissue	Blood platelet	platelets	0.938	3	mapped
tissue	colon	colon	1.000	3	mapped
tissue	ovary	ovary	1.000	3	mapped
tissue	prostate	prostate	1.000	3	mapped
tissue	testis	testis	1.000	3	mapped
tissue	Articular cartilage	cartilage	0.865	3	mapped
tissue	cervical-vaginal fluid	cervicovaginal fluid	0.909	3	mapped
tissue	Synovial fluid	synovial fluid	1.000	3	mapped
tissue	Leukocyte	lymphocytes	0.802	3	mapped
tissue	CD8+ T cells	CD8+ T cells	1.000	3	mapped
tissue	cerebellum	cerebellum	1.000	3	mapped
tissue	Pluripotent stem cell	stem cells	0.805	3	mapped
tissue	Esophagus	esophagus	1.000	3	mapped
tissue	Epithelial cell of lung	epithelial cell	0.789	3	mapped
tissue	muscle	skeletal muscle	0.898	3	mapped
tissue	Muscle	skeletal muscle	0.898	3	mapped
tissue	blood	blood	1.000	3	mapped
tissue	adrenal gland	adrenal gland	1.000	2	mapped
tissue	frontal cortex	frontal cortex	1.000	2	mapped
tissue	monocytes	monocytes	1.000	2	mapped
tissue	pancreas	pancreas	1.000	2	mapped
tissue	rectum	rectum	1.000	2	mapped
tissue	lymph node	lymph node	1.000	2	mapped
tissue	Seminal plasma	seminal plasma	1.000	2	mapped
tissue	Bronchoalveolar lavage	bronchoalveolar lavage fluid	0.883	2	mapped
tissue	Oocyte	oocyte	1.000	2	mapped
tissue	Omentum	omentum	1.000	2	mapped
tissue	Tonsil	tonsil	1.000	2	mapped
tissue	aqueous humor	tear fluid	0.741	2	mapped
tissue	intestine	gut	0.819	2	mapped
tissue	Plasma	blood plasma	0.938	2	mapped
tissue	Kidney epithelial cell	epithelial cell	0.737	2	mapped
tissue	Uterine cervix	cervix	0.971	2	mapped
tissue	Feces	feces	1.000	2	mapped
tissue	serum	blood serum	0.911	2	mapped
tissue	Cervical epithelial cell	epithelial cell	0.761	2	mapped
tissue	Umbilical cord	umbilical cord	1.000	2	mapped
tissue	Appendix	vermiform appendix	0.765	2	mapped
tissue	Duodenum	duodenum	1.000	2	mapped
tissue	Rectum	rectum	1.000	2	mapped
tissue	Substantia nigra	substantia nigra	1.000	2	mapped
tissue	T cells	T cells	1.000	2	mapped
tissue	Retinal pigment epithelium	retina	0.723	2	mapped
tissue	skin	skin	1.000	2	mapped
tissue	cervix	cervix	1.000	2	mapped
tissue	Cervicovaginal fluid	cervicovaginal fluid	1.000	2	mapped
tissue	Adipocyte	adipose tissue	0.804	2	mapped
tissue	Keratinocyte	epithelial cell	0.772	2	mapped
tissue	macrophages	macrophage	0.976	2	mapped
tissue	Sweat	sweat	1.000	2	mapped
tissue	aorta	aorta	1.000	2	mapped
tissue	Peripheral blood mononuclear cells	PBMCs	0.772	2	mapped
tissue	cerebrospinal fluid	cerebrospinal fluid	1.000	2	mapped
tissue	Mammary gland epithelial cell	epithelial cell	0.753	2	mapped
tissue	Microglial cell	macrophage	0.725	2	mapped
tissue	Nerve cord	spinal cord	0.849	2	mapped
tissue	white adipose tissue	adipose tissue	0.907	2	mapped
tissue	Cerebellum	cerebellum	1.000	2	mapped
tissue	Uterine endometrium	uterine endometrium	1.000	2	mapped
tissue	Bone marrow-derived macrophages	macrophage	0.817	2	mapped
tissue	subcutaneous adipose tissue	adipose tissue	0.884	2	mapped
tissue	Intestine	gut	0.819	2	mapped
tissue	epithelial cervix	cervix	0.823	1	mapped
tissue	b cells	B cells	1.000	1	mapped
tissue	cd4 tcells	CD4+ T cells	0.903	1	mapped
tissue	cd8 tcells	CD8+ T cells	0.933	1	mapped
tissue	esophagus	esophagus	1.000	1	mapped
tissue	gallbladder	gallbladder	1.000	1	mapped
tissue	gut	gut	1.000	1	mapped
tissue	nk cells	NK cells	1.000	1	mapped
tissue	platelets	platelets	1.000	1	mapped
tissue	retina	retina	1.000	1	mapped
tissue	spinal cord	spinal cord	1.000	1	mapped
tissue	urinary bladder	urinary bladder	1.000	1	mapped
tissue	Breast cancer	breast	0.762	1	mapped
tissue	mammary fibroblasts	fibroblast	0.739	1	mapped
tissue	Sputum	sputum	1.000	1	mapped
tissue	articular cartilage	cartilage	0.865	1	mapped
tissue	Ureter	ureter	1.000	1	mapped
tissue	BALF	bronchoalveolar lavage fluid	0.800	1	mapped
tissue	mammary epithelial cells	epithelial cell	0.758	1	mapped
tissue	Cranium	brain	0.759	1	mapped
tissue	cervico-vaginal fluid	cervicovaginal fluid	0.956	1	mapped
tissue	sweat	sweat	1.000	1	mapped
tissue	ascites	ascites	1.000	1	mapped
tissue	breast milk	milk	0.883	1	mapped
tissue	fallopian tube	fallopian tube	1.000	1	mapped
tissue	Smooth muscle myoblast	smooth muscle	0.735	1	mapped
tissue	feces	feces	1.000	1	mapped
tissue	Whole blood	blood	0.854	1	mapped
tissue	colorectal	colon	0.812	1	mapped
tissue	Follicular fluid	follicular fluid	1.000	1	mapped
tissue	Adenohypophysis	hypophysis	0.758	1	mapped
tissue	peritoneal dialysis effluent	peritoneal dialysis fluid	0.832	1	mapped
tissue	bladder	urinary bladder	0.965	1	mapped
tissue	Peritoneal dialysis fluid	peritoneal dialysis fluid	1.000	1	mapped
tissue	Menstrual fluid	follicular fluid	0.725	1	mapped
tissue	Mature natural killer cell	NK cells	0.839	1	mapped
tissue	Palatine tonsil	tonsil	0.826	1	mapped
tissue	Parotid gland	salivary gland	0.718	1	mapped
tissue	mammary fibroblast	fibroblast	0.794	1	mapped
tissue	lung fibroblast	fibroblast	0.787	1	mapped
tissue	follicular fluid	follicular fluid	1.000	1	mapped
tissue	Trophoblast	trophoblast	1.000	1	mapped
tissue	Neck	cervix	0.714	1	mapped
tissue	Head	brain	0.719	1	mapped
tissue	Sclera	sclera	1.000	1	mapped
tissue	blood serum	blood serum	1.000	1	mapped
tissue	bone marrow	bone marrow	1.000	1	mapped
tissue	stomach content	stomach	0.789	1	mapped
tissue	Nasal epithelium	olfactory epithelium	0.721	1	mapped
tissue	Adrenal gland	adrenal gland	1.000	1	mapped
tissue	Endometrium	uterine endometrium	0.958	1	mapped
tissue	Fallopian tube	fallopian tube	1.000	1	mapped
tissue	Gall bladder	gallbladder	0.879	1	mapped
tissue	Pituitary gland	hypophysis	0.844	1	mapped
tissue	Salivary gland	salivary gland	1.000	1	mapped
tissue	Smooth muscle	smooth muscle	1.000	1	mapped
tissue	Temporal lobe	temporal lobe	1.000	1	mapped
tissue	neutrophils	neutrophil	0.969	1	mapped
tissue	substantia nigra	substantia nigra	1.000	1	mapped
tissue	uterus	uterus	1.000	1	mapped
tissue	ligament	ligament	1.000	1	mapped
tissue	Milk	milk	1.000	1	mapped
tissue	epithelial cells	epithelial cell	0.992	1	mapped
tissue	pluripotent stem cell	stem cells	0.805	1	mapped
tissue	Prostate	prostate	1.000	1	mapped
tissue	stool	feces	0.854	1	mapped
tissue	Myeloid cell	macrophage	0.785	1	mapped
tissue	Natural killer cell	NK cells	0.919	1	mapped
tissue	Prefrontal cortex	frontal cortex	0.885	1	mapped
tissue	Skin fibroblast	fibroblast	0.934	1	mapped
tissue	human serum	blood serum	0.722	1	mapped
tissue	Ascites	ascites	1.000	1	mapped
tissue	Monocytes	monocytes	1.000	1	mapped
tissue	Artery	aorta	0.755	1	mapped
tissue	Megakaryocyte	macrophage	0.708	1	mapped
tissue	Umbilical artery	umbilical cord	0.724	1	mapped
tissue	Cervical vaginal fluid	cervicovaginal fluid	0.905	1	mapped
tissue	lungs	lung	0.973	1	mapped
tissue	erythrocytes	erythrocyte	0.961	1	mapped
tissue	Neural retina	retina	0.874	1	mapped
tissue	Trophectoderm	trophoblast	0.806	1	mapped
tissue	peripheral blood monocytes	monocytes	0.886	1	mapped
tissue	Fetal brain	brain	0.755	1	mapped
tissue	sperm	sperm	1.000	1	mapped
tissue	Pleural fluid	pleural fluid	1.000	1	mapped
tissue	Brown fat	adipose tissue	0.726	1	mapped
tissue	bone marrow derived macrophages	macrophage	0.798	1	mapped
tissue	Mesenchymal stem cell	stem cells	0.720	1	mapped
tissue	Spermatozoid	sperm	0.837	1	mapped
tissue	endometrial stromal cells	uterine endometrium	0.717	1	mapped
tissue	cardiac fibroblast	fibroblast	0.772	1	mapped
tissue	Cervix squamous epithelium	cervix	0.704	1	mapped
tissue	endometrium	uterine endometrium	0.958	1	mapped
tissue	Foreskin fibroblast	fibroblast	0.729	1	mapped
tissue	intestinal epithelial cells	epithelial cell	0.772	1	mapped
tissue	Pericardial fluid	pleural fluid	0.703	1	mapped
tissue	salivary gland	salivary gland	1.000	1	mapped
tissue	Forebrain	brain	0.795	1	mapped
tissue	Bladder	urinary bladder	0.965	1	mapped
tissue	blood cell	blood	0.766	1	mapped
tissue	forebrain	brain	0.795	1	mapped
tissue	Intervertebral disc	intervertebral disk	0.974	1	mapped
tissue	Abdominal aorta	aorta	0.808	1	mapped
tissue	Short term hematopoietic stem cell	stem cells	0.731	1	mapped
tissue	Semen	sperm	0.846	1	mapped
tissue	Astrocyte	macrophage	0.708	1	mapped
tissue	Peripheral blood	blood plasma	0.789	1	mapped
tissue	embryonic kidney	kidney	0.731	1	mapped
tissue	myofibres	skeletal muscle	0.721	1	mapped
tissue	embryonic brain	brain	0.797	1	mapped
tissue	B cells	B cells	1.000	1	mapped
tissue	bronchial epithelial cells	epithelial cell	0.731	1	mapped
tissue	Fat body	adipose tissue	0.853	1	mapped
tissue	tear fluid	tear fluid	1.000	1	mapped
tissue	brown fat	adipose tissue	0.726	1	mapped
tissue	ovaries	ovary	0.963	1	mapped
tissue	testes	testis	0.942	1	mapped
tissue	Spermatozoon	sperm	0.832	1	mapped
tissue	Breast cancer tissue	breast	0.736	1	mapped
tissue	hematopoietic progenitor cells	stem cells	0.756	1	mapped
tissue	Multipotent stem cell	stem cells	0.865	1	mapped
tissue	alveolar macrophages	macrophage	0.790	1	mapped
tissue	Aorta	aorta	1.000	1	mapped
tissue	Cervix epithelium	cervix	0.747	1	mapped
tissue	bone	bone	1.000	1	mapped
tissue	Monocyte-derived macrophages	macrophage	0.841	1	mapped
tissue	Breast lobe	breast	0.727	1	mapped
tissue	whole brain	brain	0.870	1	mapped
tissue	Epididymal white adipose tissue	adipose tissue	0.754	1	mapped
tissue	Cell culture		0.000	53	unmapped
tissue	Cell lysate		0.000	18	unmapped
tissue	Cell suspension culture		0.000	14	unmapped
tissue	yeast cells		0.000	14	unmapped
tissue	extracellular vesicles		0.000	9	unmapped
tissue	Leaf		0.000	9	unmapped
tissue	Umbilical vein		0.000	8	unmapped
tissue	nucleus		0.000	6	unmapped
tissue	cell culture		0.000	6	unmapped
tissue	secretome		0.000	6	unmapped
tissue	recombinant protein		0.000	6	unmapped
tissue	small airway epithelial cells		0.000	5	unmapped
tissue	bacterial cells		0.000	5	unmapped
tissue	Kidney cell		0.000	5	unmapped
tissue	Plant cell		0.000	5	unmapped
tissue	endothelial cells		0.000	4	unmapped
tissue	Whole body		0.000	4	unmapped
tissue	Endothelial cell of umbilical vein		0.000	4	unmapped
tissue	tumor		0.000	4	unmapped
tissue	Diploid cell		0.000	4	unmapped
tissue	Dendritic cell		0.000	4	unmapped
tissue	cell lysate		0.000	4	unmapped
tissue	Pancreatic duct		0.000	4	unmapped
tissue	Cell Lysate		0.000	4	unmapped
tissue	whole cell lysate		0.000	3	unmapped
tissue	Cornea		0.000	3	unmapped
tissue	chromatin		0.000	3	unmapped
tissue	Permanent cell line cell		0.000	3	unmapped
tissue	root		0.000	3	unmapped
tissue	Primary cell		0.000	3	unmapped
tissue	Rosette		0.000	3	unmapped
tissue	lung epithelium		0.000	3	unmapped
tissue	Seedling		0.000	3	unmapped
tissue	Breast cancer cell		0.000	3	unmapped
tissue	Human Embryonic Kidney		0.000	3	unmapped
tissue	Root		0.000	3	unmapped
tissue	HeLa cells		0.000	2	unmapped
tissue	extracellular matrix		0.000	2	unmapped
tissue	Pancreatic islet		0.000	2	unmapped
tissue	Conditioned media		0.000	2	unmapped
tissue	Corneal endothelial cell		0.000	2	unmapped
tissue	Microvessel		0.000	2	unmapped
tissue	Tooth enamel		0.000	2	unmapped
tissue	Calvaria		0.000	2	unmapped
tissue	Extracellular vesicles		0.000	2	unmapped
tissue	Cerebral organoids		0.000	2	unmapped
tissue	gut organoids		0.000	2	unmapped
tissue	cytoplasm		0.000	2	unmapped
tissue	Small intestine epithelium		0.000	2	unmapped
tissue	Mast cell		0.000	2	unmapped
tissue	Tumor		0.000	2	unmapped
tissue	Early embryonic cell		0.000	2	unmapped
tissue	E. coli		0.000	2	unmapped
tissue	cell pellets		0.000	2	unmapped
tissue	K562		0.000	2	unmapped
tissue	NALM-6		0.000	2	unmapped
tissue	conditioned media		0.000	2	unmapped
tissue	Hippocampus		0.000	2	unmapped
tissue	membrane		0.000	2	unmapped
tissue	colorectal cancer tissue		0.000	1	unmapped
tissue	normal tissue		0.000	1	unmapped
tissue	dental calculus		0.000	1	unmapped
tissue	dentine		0.000	1	unmapped
tissue	alveolar bone		0.000	1	unmapped
tissue	cementum		0.000	1	unmapped
tissue	centrosomes		0.000	1	unmapped
tissue	ovarian surface epithelium		0.000	1	unmapped
tissue	distal fallopian tube epithelium		0.000	1	unmapped
tissue	mammalian cell extracts		0.000	1	unmapped
tissue	Pineal gland		0.000	1	unmapped
tissue	Retinal pigment epithelial cells		0.000	1	unmapped
tissue	pancreatic cancer cells		0.000	1	unmapped
tissue	yeast		0.000	1	unmapped
tissue	flank tumor		0.000	1	unmapped
tissue	influenza vaccine		0.000	1	unmapped
tissue	urine-derived cells		0.000	1	unmapped
tissue	podocytes		0.000	1	unmapped
tissue	urinary cells		0.000	1	unmapped
tissue	Esophagus mucosa		0.000	1	unmapped
tissue	Hepatic stellate cell		0.000	1	unmapped
tissue	nuclei		0.000	1	unmapped
tissue	Head and neck		0.000	1	unmapped
tissue	Blood vessel		0.000	1	unmapped
tissue	Nasal polyp		0.000	1	unmapped
tissue	Neuron of cerebral cortex		0.000	1	unmapped
tissue	breast cancer cell		0.000	1	unmapped
tissue	heart left ventricle		0.000	1	unmapped
tissue	lysosome		0.000	1	unmapped
tissue	seawater		0.000	1	unmapped
tissue	Neuroblast		0.000	1	unmapped
tissue	Prostate adenocarcinoma cell		0.000	1	unmapped
tissue	hemoglobin		0.000	1	unmapped
tissue	Tibia		0.000	1	unmapped
tissue	Mandible		0.000	1	unmapped
tissue	Gingiva		0.000	1	unmapped
tissue	Prostate cancer cell		0.000	1	unmapped
tissue	supernatant		0.000	1	unmapped
tissue	pleura		0.000	1	unmapped
tissue	Male germ cell		0.000	1	unmapped
tissue	neuron of cerebral cortex		0.000	1	unmapped
tissue	sialolith		0.000	1	unmapped
tissue	Immortal cell line cell		0.000	1	unmapped
tissue	shoot		0.000	1	unmapped
tissue	seed		0.000	1	unmapped
tissue	flower		0.000	1	unmapped
tissue	cotyledon		0.000	1	unmapped
tissue	sepal		0.000	1	unmapped
tissue	silique		0.000	1	unmapped
tissue	hypocotyl		0.000	1	unmapped
tissue	carpel		0.000	1	unmapped
tissue	leaf		0.000	1	unmapped
tissue	flower bud		0.000	1	unmapped
tissue	cauline leaf		0.000	1	unmapped
tissue	stamen		0.000	1	unmapped
tissue	pollen		0.000	1	unmapped
tissue	rosette		0.000	1	unmapped
tissue	petal		0.000	1	unmapped
tissue	callus		0.000	1	unmapped
tissue	fruit		0.000	1	unmapped
tissue	stem		0.000	1	unmapped
tissue	trabecular meshwork		0.000	1	unmapped
tissue	Virus		0.000	1	unmapped
tissue	Medulloblastoma		0.000	1	unmapped
tissue	enteroendocrine cells		0.000	1	unmapped
tissue	insect cells		0.000	1	unmapped
tissue	nucleoli		0.000	1	unmapped
tissue	Activated skeletal muscle satellite cell		0.000	1	unmapped
tissue	periodontal ligament		0.000	1	unmapped
tissue	Nipple aspirate fluid		0.000	1	unmapped
tissue	mouse embryonic fibroblasts		0.000	1	unmapped
tissue	Pancreatic ductal cell		0.000	1	unmapped
tissue	Synovium		0.000	1	unmapped
tissue	Glandular cell of endometrium		0.000	1	unmapped
tissue	Cervical mucus		0.000	1	unmapped
tissue	Tendon		0.000	1	unmapped
tissue	primary myoblasts		0.000	1	unmapped
tissue	Pulmonary artery endothelial cell		0.000	1	unmapped
tissue	Ewing sarcoma		0.000	1	unmapped
tissue	extracellular fluid		0.000	1	unmapped
tissue	embryonic brain cortex		0.000	1	unmapped
tissue	Motor neuron		0.000	1	unmapped
tissue	membrane fraction		0.000	1	unmapped
tissue	pancreatic adenocarcinoma		0.000	1	unmapped
tissue	Quadriceps		0.000	1	unmapped
tissue	vacuolar membranes		0.000	1	unmapped
tissue	endoplasmic reticulum membrane		0.000	1	unmapped
tissue	vacuolar membrane		0.000	1	unmapped
tissue	whole-cell extracts		0.000	1	unmapped
tissue	cancer tissues		0.000	1	unmapped
tissue	seedlings		0.000	1	unmapped
tissue	cellular extract		0.000	1	unmapped
tissue	Glioblastoma		0.000	1	unmapped
tissue	Thymus		0.000	1	unmapped
tissue	Peripheral nerve		0.000	1	unmapped
tissue	Oral mucosa		0.000	1	unmapped
tissue	Human Umbilical Vein Endothelial Cells		0.000	1	unmapped
tissue	wastewater granules		0.000	1	unmapped
tissue	Bile		0.000	1	unmapped
tissue	Soleus		0.000	1	unmapped
tissue	Tibialis anterior		0.000	1	unmapped
tissue	chloroplast		0.000	1	unmapped
tissue	Ovary cancer cell		0.000	1	unmapped
tissue	Malignant cell		0.000	1	unmapped
tissue	hippocampus		0.000	1	unmapped
tissue	Myocardium		0.000	1	unmapped
tissue	meningioma		0.000	1	unmapped
tissue	Breast epithelium		0.000	1	unmapped
tissue	glutamatergic neurons		0.000	1	unmapped
tissue	outer membrane		0.000	1	unmapped
tissue	Limb bud		0.000	1	unmapped
tissue	Mammary epithelial cell line		0.000	1	unmapped
tissue	yeast lysate		0.000	1	unmapped
tissue	induced neurons		0.000	1	unmapped
tissue	Pancreatic islet beta cell		0.000	1	unmapped
tissue	Forelimb muscle		0.000	1	unmapped
tissue	dura mater		0.000	1	unmapped
tissue	Colon endothelium		0.000	1	unmapped
tissue	Breast adenocarcinoma cell line		0.000	1	unmapped
tissue	Vitreous humor		0.000	1	unmapped
tissue	Oligodendrocyte		0.000	1	unmapped
tissue	Neoplastic cell		0.000	1	unmapped
tissue	gingival epithelium		0.000	1	unmapped
tissue	tongue		0.000	1	unmapped
tissue	floor of mouth		0.000	1	unmapped
tissue	mitochondria		0.000	1	unmapped
tissue	cytosol		0.000	1	unmapped
tissue	E. coli cell pellets		0.000	1	unmapped
tissue	B-cell lymphoma/leukemia 11b		0.000	1	unmapped
tissue	apoplast		0.000	1	unmapped
tissue	breast cancer cells		0.000	1	unmapped
tissue	whole cells		0.000	1	unmapped
tissue	vacuole		0.000	1	unmapped
tissue	dorsal root ganglia		0.000	1	unmapped
tissue	trigeminal ganglia		0.000	1	unmapped
tissue	Lacrimal gland		0.000	1	unmapped
tissue	Sciatic nerve		0.000	1	unmapped
tissue	Ovary epithelium		0.000	1	unmapped
tissue	cell-derived matrix		0.000	1	unmapped
tissue	cell culture supernatant		0.000	1	unmapped
tissue	Schwann cell		0.000	1	unmapped
tissue	brown adipocytes		0.000	1	unmapped
tissue	Mesentery		0.000	1	unmapped
tissue	Colorectal cancer tissue		0.000	1	unmapped
tissue	Phloem		0.000	1	unmapped
tissue	Embryo		0.000	1	unmapped
tissue	suprachiasmatic nucleus		0.000	1	unmapped
tissue	Gastrocnemius		0.000	1	unmapped
tissue	mammalian cells		0.000	1	unmapped
tissue	Duodenal mucosa		0.000	1	unmapped
tissue	myeloma		0.000	1	unmapped
tissue	Mouse embryonic fibroblasts		0.000	1	unmapped
tissue	Vocal fold epithelial cells		0.000	1	unmapped
tissue	embryonic bodies		0.000	1	unmapped
tissue	bone marrow-derived cells		0.000	1	unmapped
tissue	Peripheral nervous system neuron		0.000	1	unmapped
tissue	Glutamatergic neuron		0.000	1	unmapped
tissue	motor neurons		0.000	1	unmapped
tissue	Oviduct epithelium		0.000	1	unmapped
tissue	Neural progenitor cell		0.000	1	unmapped
tissue	human cells		0.000	1	unmapped
tissue	wound fluid		0.000	1	unmapped
tissue	micronuclei		0.000	1	unmapped
tissue	Stromal cell		0.000	1	unmapped
tissue	cardiomyocytes		0.000	1	unmapped
tissue	tendon		0.000	1	unmapped
tissue	Flower		0.000	1	unmapped
tissue	Renal glomerulus		0.000	1	unmapped
treatment_class	small molecule	small molecule	1.000	704	mapped
treatment_class	biologics	biologics	1.000	612	mapped
treatment_class	environmental	environmental	1.000	299	mapped
treatment_class	gene overexpression		0.000	29	unmapped
treatment_class	chemical		0.000	17	unmapped
treatment_class	Inhibitor		0.000	16	unmapped
treatment_class	Kinase Inhibitor		0.000	6	unmapped
treatment_class	Ubiquitin pathway inhibitor		0.000	3	unmapped
treatment_class	Neddylation pathway inhibitor		0.000	3	unmapped
treatment_class	Lysosomal acidification inhibitor		0.000	3	unmapped
treatment_class	None		0.000	1	unmapped
treatment_class	 biomedical		0.000	1	unmapped
treatment_class	gene over cut		0.000	1	unmapped
treatment_class	overexpression		0.000	1	unmapped
treatment_class	gene 		0.000	1	unmapped
