Tissue_1	Tissue_2	ShortestPath	Lin_Semantic	Lin_Proteomic	Lin_Mazandu	Resnik	JiangConrath	WuPalmer	Jaccard	Mazandu_Universal
adipose tissue	adrenal gland	0.75	0.9036231886253512	0.9857134346671668	0.9760422389721841	0.9092777856404599	0.6026566497561846	0.2857142857142857	0.8095238095238095	0.9923756727227472
adipose tissue	appendix	0.6666666666666666	0.9032789399213929	0.9869217421090047	0.9666150240776913	0.9086657793621582	0.600282905910093	0.375	0.7241379310344828	0.9872032002991362
adipose tissue	bone marrow	0.75	0.6812792333012907	0.2883776314386304	0.8277452476361611	0.7199373741188845	0.4942744772718758	0.33333333333333337	0.6785714285714286	0.9471499569103919
adipose tissue	breast	0.8	0.9043582849131501	0.9869217421090047	0.9513729956363927	0.9105718098449567	0.6077826598838671	0.33333333333333337	0.6799999999999999	0.9827480269169002
adipose tissue	bronchus	0.75	0.8933388468941366	0.9869217421090047	0.9397304862114659	0.8972168492104567	0.538350455165444	0.375	0.7241379310344828	0.9821824077162725
adipose tissue	cartilage	0.6666666666666666	0.87616270426442	0.9869217421090047	0.8732471807540133	0.8972168492104567	0.45476647593525477	0.375	0.6190476190476191	0.9569329446139113
adipose tissue	caudate	0.8333333333333334	0.9209076700512444	0.9869217421090047	0.9956696090965552	0.9357230679907763	0.7484053097564323	0.4117647058823529	0.8431372549019608	0.9990716369784369
adipose tissue	cerebellum	0.8	0.9209076700512444	0.9869217421090047	0.9711869066735392	0.9357230679907763	0.7484053097564323	0.375	0.7647058823529411	0.9912608638842874
adipose tissue	cerebral cortex	0.75	0.9209076700512444	0.9869217421090047	0.9898700011257424	0.9357230679907763	0.7484053097564323	0.375	0.8095238095238095	0.9971706155157584
adipose tissue	cervix	0.75	0.9051668901033482	0.9869217421090047	0.9529356352238358	0.9119753916034276	0.613513051671286	0.33333333333333337	0.75	0.9848871640422717
adipose tissue	choroid plexus	0.8	0.9209076700512444	0.9869217421090047	0.9919065552200577	0.9357230679907763	0.7484053097564323	0.375	0.864406779661017	0.9976640329588763
adipose tissue	colon	0.75	0.8955072900136116	0.9824309815971626	0.9689292117299951	0.8972168492104567	0.5508562386932746	0.4117647058823529	0.7241379310344828	0.9874809587166864
adipose tissue	dorsal raphe	0.8	0.9209076700512444	0.9869217421090047	0.993518352961919	0.9357230679907763	0.7484053097564323	0.4117647058823529	0.8181818181818181	0.9978392379948883
adipose tissue	duodenum	0.8	0.90146605271298	0.9851599608224915	0.9589524639209012	0.9053778679458481	0.5880559317295145	0.4117647058823529	0.7142857142857143	0.9837714491919265
adipose tissue	endometrium	0.6666666666666666	0.9114044099547627	0.9869217421090047	0.9172055947442208	0.9221503077864663	0.6612324525595065	0.33333333333333337	0.7142857142857143	0.9684040860237746
adipose tissue	endometrium 1	0.6666666666666666	0.9114044099547627	0.9869217421090047	0.9172055947442208	0.9221503077864663	0.6612324525595065	0.33333333333333337	0.7142857142857143	0.9684040860237746
adipose tissue	endometrium 2	0.6666666666666666	0.9114044099547627	0.9869217421090047	0.9172055947442208	0.9221503077864663	0.6612324525595065	0.33333333333333337	0.7142857142857143	0.9684040860237746
adipose tissue	epididymis	0.75	0.907650687642376	0.9869217421090047	0.9645927583179636	0.9161614050803172	0.6317426740741479	0.2857142857142857	0.7647058823529411	0.9872303673313623
adipose tissue	esophagus	0.8	0.9209076700512444	0.9869217421090047	0.9111630936544768	0.9357230679907763	0.7484053097564323	0.375	0.6923076923076923	0.9718008862591753
adipose tissue	eye	0.75	0.8873428889715096	0.9869217421090047	0.9678131498130012	0.8972168492104567	0.5062767722568867	0.33333333333333337	0.7948717948717949	0.9909604307231296
adipose tissue	fallopian tube	0.75	0.9023240828758463	0.9869217421090047	0.9589337666772483	0.9069477917888742	0.5937863235169333	0.2857142857142857	0.7837837837837838	0.9871982295594263
adipose tissue	gallbladder	0.75	0.907650687642376	0.9869217421090047	0.9806155533447849	0.9161614050803172	0.6317426740741479	0.2857142857142857	0.8	0.9942339844321266
adipose tissue	hair	0.8	0.715467011073766	0.4374655410487106	0.9521444598517294	0.7687650927031456	0.5814473344688016	0.33333333333333337	0.8043478260869565	0.9887780282373003
adipose tissue	heart muscle	0.75	0.8964020435771362	0.9869217421090047	0.9834961259995582	0.8972168492104567	0.5561690133418556	0.375	0.8181818181818181	0.9957548195600504
adipose tissue	hippocampus	0.8	0.9174835679623052	0.9869217421090047	0.9924029010945982	0.9310742960691029	0.7146822452351457	0.4117647058823529	0.8181818181818181	0.9979911285802788
adipose tissue	hypothalamus	0.8	0.9209076700512444	0.9869217421090047	0.9869177578428209	0.9357230679907763	0.7484053097564323	0.4117647058823529	0.8	0.9963800303476877
adipose tissue	kidney	0.6666666666666666	0.8802659027812255	0.9806149229890039	0.975017964162744	0.8972168492104567	0.4725537077356001	0.2857142857142857	0.7714285714285715	0.9918611554493327
adipose tissue	lactating breast	0.8	0.9043582849131501	0.9869217421090047	0.9513729956363927	0.9105718098449567	0.6077826598838671	0.33333333333333337	0.6799999999999999	0.9827480269169002
adipose tissue	liver	0.75	0.8934543088331615	0.9782433126764094	0.9781690591703711	0.8972168492104567	0.5390035132654071	0.2857142857142857	0.8095238095238095	0.9926801346729341
adipose tissue	lung	0.6666666666666666	0.8863892225285739	0.9846806197426936	0.9728773763747977	0.8972168492104567	0.5014874561923249	0.2857142857142857	0.8095238095238095	0.9923767948454898
adipose tissue	lymph node	0.6666666666666666	0.8811960072089564	0.9869217421090047	0.8733259877150528	0.8972168492104567	0.47675650044683926	0.33333333333333337	0.6521739130434783	0.9501920318218393
adipose tissue	nasopharynx	0.75	0.907650687642376	0.9869217421090047	0.9582632852770947	0.9161614050803172	0.6317426740741479	0.375	0.75	0.9851188296411351
adipose tissue	oral mucosa	0.75	0.8959443819872647	0.9869217421090047	0.9260442084723604	0.8972168492104567	0.5534401431164734	0.4117647058823529	0.7142857142857143	0.9775418673770996
adipose tissue	ovary	0.75	0.8982974692824115	0.9812887745018639	0.9207309287801724	0.8993556033666107	0.5677322378285484	0.4117647058823529	0.6666666666666667	0.9700049031629547
adipose tissue	pancreas	0.8	0.9209076700512444	0.9869217421090047	0.7591075464156455	0.9357230679907763	0.7484053097564323	0.33333333333333337	0.631578947368421	0.9153362072949329
adipose tissue	parathyroid gland	0.75	0.9096616257823094	0.9869217421090047	0.806686955029699	0.9194182959641616	0.6472361161925725	0.4117647058823529	0.6956521739130435	0.940029195598198
adipose tissue	pituitary gland	0.75	0.9036231886253512	0.9827676958089486	0.9712654424061549	0.9092777856404599	0.6026566497561846	0.2857142857142857	0.7948717948717949	0.9905925003674304
adipose tissue	placenta	0.6666666666666666	0.8984904226023097	0.9823667404409099	0.9002141890358251	0.8997328208981332	0.5689335852348981	0.33333333333333337	0.6666666666666667	0.9561528161703802
adipose tissue	prostate	0.75	0.9011980662059196	0.9802783148157228	0.8941486464066978	0.9048823659977536	0.586286569543159	0.2857142857142857	0.6923076923076923	0.9708260572221183
adipose tissue	rectum	0.6666666666666666	0.9029484106052844	0.9869217421090047	0.8814707354443745	0.9080745094713655	0.5980196095528613	0.4117647058823529	0.6666666666666667	0.9628157133563237
adipose tissue	retina	0.8	0.9209076700512444	0.9869217421090047	0.9866374346230995	0.9357230679907763	0.7484053097564323	0.33333333333333337	0.8431372549019608	0.9965264134704377
adipose tissue	salivary gland	0.8	0.8972168492104567	0.982094654152806	0.9457603914180288	0.8972168492104567	0.5610875515220882	0.4117647058823529	0.7419354838709677	0.9841095832238466
adipose tissue	seminal vesicle	0.75	0.9114044099547627	0.9869217421090047	0.9727043653981265	0.9221503077864663	0.6612324525595065	0.2857142857142857	0.8	0.9918155400031365
adipose tissue	skeletal muscle	0.75	0.9137495742465342	0.9869217421090047	0.8155790961239111	0.9257006625938276	0.6809591807138592	0.2857142857142857	0.6	0.9393104887020063
adipose tissue	skin	0.75	0.8746608461880565	0.9869217421090047	0.8483310464202419	0.8972168492104567	0.4485471142234767	0.2857142857142857	0.5789473684210527	0.9352090678169669
adipose tissue	skin 1	0.75	0.8746608461880565	0.9869217421090047	0.8483310464202419	0.8972168492104567	0.4485471142234767	0.2857142857142857	0.5789473684210527	0.9352090678169669
adipose tissue	skin 2	0.75	0.8746608461880565	0.9869217421090047	0.8483310464202419	0.8972168492104567	0.4485471142234767	0.2857142857142857	0.5789473684210527	0.9352090678169669
adipose tissue	small intestine	0.75	0.8930000403363592	0.98197273387037	0.9471631526049064	0.8972168492104567	0.5364422851875029	0.375	0.7037037037037037	0.9777455586822749
adipose tissue	smooth muscle	0.8	0.6058873535495624	0.4374655410487106	0.7518186077541664	0.6302397827405936	0.3554879735329384	0.33333333333333337	0.5714285714285714	0.926259350786859
adipose tissue	soft tissue 1	0.0	0.0	0.0	0.0	0.0	0.0	0.0	0.0	0.0
adipose tissue	soft tissue 2	0.0	0.0	0.0	0.0	0.0	0.0	0.0	0.0	0.0
adipose tissue	sole of foot	0.8	0.9104790113247331	0.9869217421090047	0.9899250232453681	0.9207098585234104	0.6537326985857322	0.4444444444444444	0.7714285714285715	0.9962352717523547
adipose tissue	spleen	0.6666666666666666	0.9009380991968813	0.9869217421090047	0.9790910898981958	0.9043993091969658	0.5845793032145612	0.375	0.7894736842105263	0.9939115690849444
adipose tissue	stomach 1	0.8	0.8924588894581956	0.9850214986782331	0.9524487449599593	0.8972168492104567	0.5334194436873739	0.375	0.7142857142857143	0.9802008124578082
adipose tissue	stomach 2	0.8	0.8924588894581956	0.9850214986782331	0.9524487449599593	0.8972168492104567	0.5334194436873739	0.375	0.7142857142857143	0.9802008124578082
adipose tissue	substantia nigra	0.8	0.9209076700512444	0.9869217421090047	0.9887448265133679	0.9357230679907763	0.7484053097564323	0.33333333333333337	0.8260869565217391	0.9964641713543864
adipose tissue	testis	0.75	0.9036231886253512	0.9806490684972204	0.9207474401332029	0.9092777856404599	0.6026566497561846	0.4117647058823529	0.6666666666666667	0.9699995154457595
adipose tissue	thymus	0.75	0.9047524044629569	0.9869217421090047	0.9408879983970903	0.9112584952664843	0.6105635366325858	0.2857142857142857	0.7575757575757576	0.9746012476555745
adipose tissue	thyroid gland	0.75	0.9056041887753695	0.9857134346671668	0.8467232481595884	0.9127259503122849	0.6166529861231184	0.2857142857142857	0.6799999999999999	0.9463049073608807
adipose tissue	tonsil	0.8333333333333334	0.715467011073766	0.3116598589876671	0.9034135390793258	0.7687650927031456	0.5814473344688016	0.4444444444444444	0.775	0.9802369558789847
adipose tissue	urinary bladder	0.75	0.8995213089777038	0.9863442650974885	0.936704752701759	0.9017247000311277	0.5754301676280577	0.2857142857142857	0.7575757575757576	0.9805889191449226
adipose tissue	vagina	0.75	0.9023240828758463	0.9869217421090047	0.9565581632263778	0.9069477917888742	0.5937863235169333	0.2857142857142857	0.75	0.9846989137503454
adrenal gland	appendix	0.75	0.8665295873057924	0.9862889193795464	0.9520256880785335	0.8669767621432516	0.6118816156296953	0.16666666666666663	0.7959183673469388	0.984253065303058
adrenal gland	bone marrow	0.75	0.6361273368130345	0.6819265786299917	0.9348603222291396	0.6619421769173424	0.48795959239194514	0.09090909090909094	0.6888888888888889	0.9660404955381459
adrenal gland	breast	0.75	0.6172080651264198	0.7554642898146509	0.779998739112979	0.6199380581744811	0.4404573830521026	0.0	0.625	0.9003657785314553
adrenal gland	bronchus	0.8	0.8536978660106865	0.9862889193795464	0.9398270955383443	0.8669767621432516	0.5499491648850463	0.16666666666666663	0.7959183673469388	0.9821892845605712
adrenal gland	cartilage	0.75	0.8008525311502517	0.9307664499595707	0.9278833684301755	0.8424218217338922	0.44896794456759775	0.16666666666666663	0.725	0.9684716321427586
adrenal gland	caudate	0.8571428571428571	0.7536531122918256	0.7628689076731454	0.9881522641048816	0.7895578410705235	0.6438091810702758	0.23076923076923073	0.8088235294117647	0.995966297525344
adrenal gland	cerebellum	0.8333333333333334	0.7773257435210447	0.8832343517294401	0.9552525289000161	0.8097802180194039	0.6640315580191563	0.16666666666666663	0.7692307692307692	0.9792089430953065
adrenal gland	cerebral cortex	0.8	0.7773257435210447	0.5988686526940341	0.97652119329802	0.8097802180194039	0.6640315580191563	0.16666666666666663	0.7796610169491526	0.9892505823013631
adrenal gland	cervix	0.8	0.868984318272768	0.9862889193795464	0.9447241610109501	0.8709321801430095	0.6251117613908883	0.09090909090909094	0.8076923076923077	0.9831940001771758
adrenal gland	choroid plexus	0.8333333333333334	0.7536531122918256	0.7554642898146509	0.9695845077538147	0.7895578410705235	0.6438091810702758	0.0	0.7464788732394366	0.9797401999106011
adrenal gland	colon	0.8	0.8564839425995382	0.9812972933656849	0.9535964185332457	0.8669767621432516	0.5624549484128769	0.23076923076923073	0.7959183673469388	0.9843954314886321
adrenal gland	dorsal raphe	0.8333333333333334	0.7773257435210447	0.7554642898146509	0.9833789557870338	0.8097802180194039	0.6640315580191563	0.23076923076923073	0.7868852459016393	0.991057827758934
adrenal gland	duodenum	0.8333333333333334	0.8641777575383085	0.9843487933055125	0.9475783364822182	0.8669767621432516	0.5996546414491168	0.23076923076923073	0.7916666666666666	0.9827533844278726
adrenal gland	endometrium	0.75	0.8771347096331685	0.9862889193795464	0.9341722579320864	0.8858513518711687	0.6728311622791088	0.09090909090909094	0.7916666666666666	0.9791524834789429
adrenal gland	endometrium 1	0.75	0.8771347096331685	0.9862889193795464	0.9341722579320864	0.8858513518711687	0.6728311622791088	0.09090909090909094	0.7916666666666666	0.9791524834789429
adrenal gland	endometrium 2	0.75	0.8771347096331685	0.9862889193795464	0.9341722579320864	0.8858513518711687	0.6728311622791088	0.09090909090909094	0.7916666666666666	0.9791524834789429
adrenal gland	epididymis	0.75	0.6660244189894953	0.5988686526940341	0.9507472476356095	0.6786947490630677	0.4912520882462562	0.0	0.7692307692307692	0.9801947970997916
adrenal gland	esophagus	0.8	0.8896726102604122	0.9862889193795464	0.9330268017150786	0.9057526794762822	0.7600040194760345	0.16666666666666663	0.782608695652174	0.9796918604058917
adrenal gland	eye	0.75	0.5440148785981762	0.5988686526940341	0.9276133934026092	0.6060439878490276	0.3330039120893254	0.0	0.62	0.953499382941376
adrenal gland	fallopian tube	0.6666666666666666	0.5373905217661452	0.5988686526940341	0.7088956725925584	0.5431823093050534	0.37597579563169886	0.0	0.6041666666666667	0.8526554992051909
adrenal gland	gallbladder	0.75	0.4705110501413976	0.7783538243218681	0.294046190451146	0.4905987456091889	0.34704363584084463	0.0	0.5416666666666667	0.6266072921086019
adrenal gland	hair	0.75	0.7804930316282711	0.7554642898146509	0.9402923013250719	0.8124858781291674	0.6667372181289197	0.0	0.7377049180327868	0.9621262557901327
adrenal gland	heart muscle	0.8	0.570324021262283	0.7515067341740873	0.860921606668304	0.59851674549523	0.37756308179362297	0.0	0.6296296296296297	0.9246710266115584
adrenal gland	hippocampus	0.8333333333333334	0.7681740073251281	0.5988686526940341	0.9811322731002963	0.7960227415223715	0.6303084934978697	0.23076923076923073	0.7868852459016393	0.9918041023187586
adrenal gland	hypothalamus	0.8333333333333334	0.7773257435210447	0.7554642898146509	0.9718675856637082	0.8097802180194039	0.6640315580191563	0.23076923076923073	0.7719298245614035	0.9867361886485079
adrenal gland	kidney	0.6666666666666666	0.3247834623139876	0.39249238693797184	0.1866540128965397	0.44877404207293004	0.1878546695022969	0.0	0.45238095238095233	0.505232738617753
adrenal gland	lactating breast	0.75	0.6172080651264198	0.7554642898146509	0.779998739112979	0.6199380581744811	0.4404573830521026	0.0	0.625	0.9003657785314553
adrenal gland	liver	0.6666666666666666	0.23615535684205924	0.5797521483358848	0.24412981111721066	0.3047805133887016	0.15228467405674245	0.0	0.36363636363636365	0.5148287987245828
adrenal gland	lung	0.6666666666666666	0.5316379416834704	0.5265473764940942	0.8156178031228328	0.59851674549523	0.32288152464409225	0.0	0.6666666666666667	0.8982138186455425
adrenal gland	lymph node	0.75	0.5209102677940085	0.7628689076731454	0.9278914405547327	0.6060439878490276	0.30348364027927793	0.09090909090909094	0.7073170731707317	0.9751858038227993
adrenal gland	nasopharynx	0.75	0.8722223917312696	0.9862889193795464	0.9472263707413706	0.8770700050444283	0.64334138379375	0.16666666666666663	0.8076923076923077	0.9832906645188506
adrenal gland	oral mucosa	0.8	0.8570464172736654	0.9862889193795464	0.9360927659723136	0.8669767621432516	0.5650388528360757	0.23076923076923073	0.7916666666666666	0.9808687986431275
adrenal gland	ovary	0.75	0.8600796299537652	0.9800030793428056	0.9349002555058167	0.8669767621432516	0.5793309475481507	0.23076923076923073	0.7727272727272727	0.9793949505658998
adrenal gland	pancreas	0.8	0.924756416525794	0.9863442650974885	0.9750665034055508	0.9357230679907763	0.7899744079905286	0.09090909090909094	0.8292682926829268	0.9920443650084088
adrenal gland	parathyroid gland	0.75	0.34593474060812146	0.7547847903869199	0.8925369626458678	0.38248893828760333	0.26051727698390786	0.0	0.5945945945945945	0.9457855185917372
adrenal gland	pituitary gland	0.75	0.3047805133887016	0.6723010845482998	0.9375355167751831	0.3047805133887016	0.21593781054751998	0.0	0.62	0.9581086171235307
adrenal gland	placenta	0.75	0.8603287379140455	0.9812247719411279	0.9312276425676934	0.8669767621432516	0.5805322949545004	0.09090909090909094	0.7727272727272727	0.9777838207239864
adrenal gland	prostate	0.8	0.4335778833597983	0.6937443612680089	0.9253642612646699	0.44666516693060754	0.30009338761973603	0.0	0.7555555555555555	0.9702510322951483
adrenal gland	rectum	0.75	0.8661004100853551	0.9862889193795464	0.9287725801727109	0.8669767621432516	0.6096183192724636	0.23076923076923073	0.7727272727272727	0.978437982247168
adrenal gland	retina	0.8333333333333334	0.6732590546349482	0.5988686526940341	0.9562092016069764	0.7208811095891186	0.575132449588871	0.0	0.6935483870967742	0.9744866642702007
adrenal gland	salivary gland	0.75	0.41217653018911615	0.7236834412950917	0.9376994564881691	0.44666516693060754	0.2748943695986652	0.07692307692307687	0.78	0.9751639198469617
adrenal gland	seminal vesicle	0.75	0.4889190337678724	0.5988686526940341	0.9533186586433546	0.5251775240542351	0.37503927063608344	0.0	0.7719298245614035	0.9781520451341186
adrenal gland	skeletal muscle	0.8	0.8581039372182638	0.9307664499595707	0.9235836957849222	0.8709472170901397	0.6751606493462022	0.0	0.75	0.9766884753333677
adrenal gland	skin	0.6666666666666666	0.7148234495043881	0.7554642898146509	0.9256866479134338	0.776853455857687	0.39629321990934024	0.0	0.7105263157894737	0.9728721537579332
adrenal gland	skin 1	0.6666666666666666	0.7148234495043881	0.7554642898146509	0.9256866479134338	0.776853455857687	0.39629321990934024	0.0	0.7105263157894737	0.9728721537579332
adrenal gland	skin 2	0.6666666666666666	0.7148234495043881	0.7554642898146509	0.9256866479134338	0.776853455857687	0.39629321990934024	0.0	0.7105263157894737	0.9728721537579332
adrenal gland	small intestine	0.8	0.853263217998135	0.980779280622049	0.9423861758120975	0.8669767621432516	0.5480409949071052	0.16666666666666663	0.7872340425531915	0.9809185151760528
adrenal gland	smooth muscle	0.8	0.6079265305308593	0.7515067341740873	0.9292482411237291	0.6523137836664443	0.3819553629926774	0.09090909090909094	0.7317073170731707	0.9749260067251497
adrenal gland	soft tissue 1	0.75	0.9036231886253512	0.9857134346671668	0.9760422389721841	0.9092777856404599	0.6026566497561846	0.2857142857142857	0.8095238095238095	0.9923756727227472
adrenal gland	soft tissue 2	0.75	0.9036231886253512	0.9857134346671668	0.9760422389721841	0.9092777856404599	0.6026566497561846	0.2857142857142857	0.8095238095238095	0.9923756727227472
adrenal gland	sole of foot	0.8333333333333334	0.7680675150489114	0.5988686526940341	0.9839665024885562	0.7826806342865914	0.5834077467357411	0.2857142857142857	0.7962962962962963	0.9931150820889858
adrenal gland	spleen	0.75	0.4343413406911899	0.7515067341740873	0.26235358212594806	0.44877404207293004	0.29988026498125797	0.0	0.4545454545454546	0.6130057359951211
adrenal gland	stomach 1	0.8333333333333334	0.8525693559763003	0.9841953300903201	0.9445131288433977	0.8669767621432516	0.5450181534069762	0.16666666666666663	0.7916666666666666	0.9815732384468859
adrenal gland	stomach 2	0.8333333333333334	0.8525693559763003	0.9841953300903201	0.9445131288433977	0.8669767621432516	0.5450181534069762	0.16666666666666663	0.7916666666666666	0.9815732384468859
adrenal gland	substantia nigra	0.75	0.7536531122918256	0.5988686526940341	0.9746646391328635	0.7895578410705235	0.6438091810702758	0.09090909090909094	0.7540983606557377	0.9858512154405652
adrenal gland	testis	0.75	0.8669767621432516	0.9792737850185168	0.934903777972049	0.8669767621432516	0.6142553594757869	0.23076923076923073	0.7727272727272727	0.9793941010808257
adrenal gland	thymus	0.75	0.3124535290616727	0.7515067341740873	0.9164067390531656	0.31995902219221695	0.22384469742392116	0.0	0.6	0.9448873236638398
adrenal gland	thyroid gland	0.6666666666666666	0.3182483874799288	0.7310319534226332	0.8959551435513796	0.3312043753922992	0.22993414691445374	0.0	0.5526315789473684	0.9428707224356749
adrenal gland	tonsil	0.8	0.6732590546349482	0.7069427774339256	0.945857846611418	0.7208811095891186	0.575132449588871	0.2857142857142857	0.7966101694915254	0.9841120177637455
adrenal gland	urinary bladder	0.75	0.5824718921924583	0.7400275194022631	0.7405508763947062	0.59851674549523	0.396824236079825	0.0	0.6	0.869041862410574
adrenal gland	vagina	0.75	0.6479056253655971	0.7515067341740873	0.9463848207299997	0.6523137836664443	0.45329573768904163	0.0	0.7843137254901961	0.9805319322998998
appendix	bone marrow	0.75	0.8767533196508017	0.9842320898909296	0.9139711004955009	0.8858513518711687	0.670457418433017	0.23076923076923073	0.7222222222222222	0.9683605269070034
appendix	breast	0.8	0.9096288435738755	0.9874523597467065	0.9776454538879195	0.9105718098449567	0.6469780142718718	0.23076923076923073	0.7647058823529411	0.991585002917947
appendix	bronchus	0.75	0.5748997287897217	0.6566868022331713	0.8497978756340755	0.6123097570155179	0.36898372005545604	0.1428571428571429	0.5625	0.9278847280852868
appendix	cartilage	0.6666666666666666	0.8311702323752561	0.9874015050572112	0.9013690108810104	0.8660793958553685	0.46399144180876545	0.2857142857142857	0.6428571428571428	0.9635496011963187
appendix	caudate	0.8333333333333334	0.8161530377126018	0.6566868022331713	0.9827959682957497	0.8433848917064585	0.6952624878601191	0.33333333333333337	0.8070175438596492	0.9958585413907581
appendix	cerebellum	0.8	0.8161530377126018	0.6566868022331713	0.9254584410940445	0.8433848917064585	0.6952624878601191	0.2857142857142857	0.725	0.9726236263060217
appendix	cerebral cortex	0.75	0.8161530377126018	0.6566868022331713	0.9642866121987308	0.8433848917064585	0.6952624878601191	0.2857142857142857	0.7708333333333334	0.9885588554112569
appendix	cervix	0.75	0.6194635970629234	0.6566868022331713	0.865194182657752	0.62635820857115	0.44414631656129816	0.07692307692307687	0.6	0.9339159627012976
appendix	choroid plexus	0.8	0.8161530377126018	0.6566868022331713	0.9702918210238907	0.8433848917064585	0.6952624878601191	0.2857142857142857	0.8307692307692307	0.9903190045567649
appendix	colon	0.6666666666666666	0.2022691253565776	0.3249177900861435	0.15285422985029729	0.2582959638091792	0.13235045846591553	0.06666666666666665	0.08333333333333337	0.47206690638689996
appendix	dorsal raphe	0.8	0.8893651846823336	0.9874015050572112	0.9822811483639557	0.9057526794762822	0.7576302756299429	0.33333333333333337	0.803921568627451	0.994263684995312
appendix	duodenum	0.75	0.3314079849927327	0.537772806599371	0.6844633537439719	0.34302403755503474	0.22917797333499884	0.06666666666666665	0.19999999999999996	0.7545461480503131
appendix	endometrium	0.6666666666666666	0.8767533196508017	0.9874015050572112	0.9127668962585457	0.8858513518711687	0.670457418433017	0.23076923076923073	0.7142857142857143	0.9669438903025946
appendix	endometrium 1	0.6666666666666666	0.8767533196508017	0.9874015050572112	0.9127668962585457	0.8858513518711687	0.670457418433017	0.23076923076923073	0.7142857142857143	0.9669438903025946
appendix	endometrium 2	0.6666666666666666	0.8767533196508017	0.9874015050572112	0.9127668962585457	0.8858513518711687	0.670457418433017	0.23076923076923073	0.7142857142857143	0.9669438903025946
appendix	epididymis	0.75	0.6683942134164085	0.6566868022331713	0.9162656653692475	0.682001341417545	0.49141342519624137	0.0	0.6578947368421053	0.9587152538000298
appendix	esophagus	0.6666666666666666	0.6131899444096276	0.6523181052594694	0.7027693693142941	0.6704851796756097	0.5223627758292704	0.0	0.28	0.7935512380046936
appendix	eye	0.75	0.8454326100449459	0.9874015050572112	0.9427573537066216	0.8660793958553685	0.5155017381303972	0.23076923076923073	0.782608695652174	0.9823454125988926
appendix	fallopian tube	0.75	0.6086975225149174	0.6566868022331713	0.8738165844638877	0.6123097570155179	0.42441958840694544	0.0	0.65	0.9398940160024988
appendix	gallbladder	0.6666666666666666	0.5518115951923435	0.8006803626368042	0.9249854831052535	0.5702025800291103	0.4057001401469859	0.0	0.7333333333333334	0.9736510690042193
appendix	hair	0.8	0.8161530377126018	0.6566868022331713	0.9368265596587358	0.8433848917064585	0.6952624878601191	0.23076923076923073	0.7924528301886793	0.9788569834907829
appendix	heart muscle	0.75	0.7625753445766822	0.6566868022331713	0.9482229536610484	0.7774579711730929	0.5030261914455425	0.2857142857142857	0.78	0.9839519626156484
appendix	hippocampus	0.8	0.8085751502456822	0.6566868022331713	0.9718310989844883	0.83205784333644	0.6615394233388326	0.33333333333333337	0.78	0.9915349389657936
appendix	hypothalamus	0.8	0.8893651846823336	0.9874015050572112	0.9685718013596993	0.9057526794762822	0.7576302756299429	0.33333333333333337	0.7872340425531915	0.9910704363662708
appendix	kidney	0.6666666666666666	0.8363835634438662	0.9816844003041527	0.9507468021783434	0.8660793958553685	0.4817786736091107	0.16666666666666663	0.7619047619047619	0.9835346649319662
appendix	lactating breast	0.8	0.9096288435738755	0.9874523597467065	0.9776454538879195	0.9105718098449567	0.6469780142718718	0.23076923076923073	0.7647058823529411	0.991585002917947
appendix	liver	0.75	0.48711714822967844	0.6771096304755193	0.9187879649350807	0.5317763564286497	0.31296097933824524	0.0	0.7446808510638299	0.968610415448244
appendix	lung	0.6666666666666666	0.548996400422748	0.6006324543351974	0.8996961494083205	0.6123097570155179	0.332120721082337	0.0	0.6888888888888889	0.9571239479929999
appendix	lymph node	0.6666666666666666	0.8375686924526099	0.9874015050572112	0.9013841091059945	0.8660793958553685	0.48598146632034983	0.23076923076923073	0.6666666666666667	0.9620988475289006
appendix	nasopharynx	0.75	0.581263380964588	0.6523181052594694	0.78122080803977	0.598445839789207	0.42735353365933804	0.0	0.46875	0.8739552428634403
appendix	oral mucosa	0.75	0.5313508879106741	0.6523181052594694	0.7206314202470667	0.5625447170021037	0.34905100270166356	0.06666666666666665	0.3928571428571429	0.8428772002109342
appendix	ovary	0.75	0.8595847955100862	0.9822847526350741	0.9140407386253762	0.8660793958553685	0.5769572037020592	0.33333333333333337	0.6774193548387097	0.967549370131171
appendix	pancreas	0.8	0.9245467514353677	0.9874523597467065	0.9646894591956974	0.9357230679907763	0.787600664144437	0.23076923076923073	0.75	0.9862415288594716
appendix	parathyroid gland	0.75	0.8744554873788777	0.9874015050572112	0.8922379461672313	0.8818454856009118	0.6564610820660832	0.33333333333333337	0.7	0.9603920776178957
appendix	pituitary gland	0.75	0.8665295873057924	0.9836110508988002	0.9463807138981881	0.8669767621432516	0.6118816156296953	0.16666666666666663	0.782608695652174	0.9818829758039895
appendix	placenta	0.6666666666666666	0.8598356669685946	0.9832502879533442	0.9075195853603183	0.8660793958553685	0.5781585511084086	0.23076923076923073	0.6774193548387097	0.9633652529617329
appendix	prostate	0.75	0.8633619275605746	0.9813854281841474	0.9059397696292191	0.8660793958553685	0.5955115354166698	0.16666666666666663	0.696969696969697	0.9678762535132354
appendix	rectum	0.6666666666666666	0.5611333094659983	0.6523181052594694	0.6770638584727633	0.5625447170021037	0.39363046913805155	0.06666666666666665	0.29166666666666663	0.8055942971470287
appendix	retina	0.8	0.8161530377126018	0.6566868022331713	0.9556722567647514	0.8433848917064585	0.6952624878601191	0.23076923076923073	0.8070175438596492	0.9863855203255656
appendix	salivary gland	0.8	0.5041607970832624	0.5310143617475357	0.7528602551404251	0.5317763564286497	0.3350450175949264	0.06666666666666665	0.4	0.8459887214361403
appendix	seminal vesicle	0.75	0.6811821310173304	0.6566868022331713	0.9278237848634858	0.7047171685227194	0.5209032036815999	0.0	0.7045454545454546	0.9688625087737335
appendix	skeletal muscle	0.75	0.9048336507619599	0.9874269351633994	0.933566322822309	0.9137084604200093	0.7097799881586856	0.16666666666666663	0.6785714285714286	0.9769682608025323
appendix	skin	0.75	0.8647665664133147	0.9874269351633994	0.9360950429906824	0.8939240807479506	0.4773679216683033	0.16666666666666663	0.6666666666666667	0.9766502456123898
appendix	skin 1	0.75	0.8647665664133147	0.9874269351633994	0.9360950429906824	0.8939240807479506	0.4773679216683033	0.16666666666666663	0.6666666666666667	0.9766502456123898
appendix	skin 2	0.75	0.8647665664133147	0.9874269351633994	0.9360950429906824	0.8939240807479506	0.4773679216683033	0.16666666666666663	0.6666666666666667	0.9766502456123898
appendix	small intestine	0.6666666666666666	0.2774812993447765	0.4439672777582061	0.6446630629165696	0.34302403755503474	0.17756432679298723	0.0	0.16666666666666663	0.704886081650369
appendix	smooth muscle	0.8	0.8807328581401277	0.9874269351633994	0.9402549007843878	0.8939240807479506	0.5512667562653955	0.23076923076923073	0.7	0.9794741380688461
appendix	soft tissue 1	0.6666666666666666	0.9032789399213929	0.9869217421090047	0.9666150240776913	0.9086657793621582	0.600282905910093	0.375	0.7241379310344828	0.9872032002991362
appendix	soft tissue 2	0.6666666666666666	0.9032789399213929	0.9869217421090047	0.9666150240776913	0.9086657793621582	0.600282905910093	0.375	0.7241379310344828	0.9872032002991362
appendix	sole of foot	0.8	0.9151129043205255	0.9874523597467065	0.9918978964727022	0.9207098585234104	0.692928052973737	0.375	0.8181818181818181	0.9969371611914796
appendix	spleen	0.6666666666666666	0.86302288673311	0.9874015050572112	0.9560813562656959	0.8660793958553685	0.5938042690880718	0.2857142857142857	0.7777777777777778	0.9865881561745456
appendix	stomach 1	0.75	0.32872727719472683	0.5395469546874191	0.7670395868159376	0.3925045946952591	0.20936368429855023	0.0	0.2692307692307693	0.8043718059279279
appendix	stomach 2	0.75	0.32872727719472683	0.5395469546874191	0.7670395868159376	0.3925045946952591	0.20936368429855023	0.0	0.2692307692307693	0.8043718059279279
appendix	substantia nigra	0.8333333333333334	0.8161530377126018	0.6566868022331713	0.9611681119880042	0.8433848917064585	0.6952624878601191	0.23076923076923073	0.7884615384615384	0.9861825900394726
appendix	testis	0.75	0.8665295873057924	0.9817147622305141	0.9140468800070813	0.8669767621432516	0.6118816156296953	0.33333333333333337	0.6774193548387097	0.967547263128986
appendix	thymus	0.75	0.868007574012456	0.9874015050572112	0.9230408349702711	0.8698810167358874	0.6197885025060963	0.16666666666666663	0.75	0.9695420519787197
appendix	thyroid gland	0.75	0.8691237148310819	0.9862889193795464	0.8969819159517829	0.8720327016675182	0.6258779519966291	0.16666666666666663	0.6875	0.9613880707762681
appendix	tonsil	0.8333333333333334	0.6386083773043534	0.5783878016705806	0.7741129035613289	0.6921385731879618	0.5440161693416224	0.125	0.5853658536585367	0.8978895757748689
appendix	urinary bladder	0.75	0.8611769334977135	0.9868687368641331	0.9208879757762454	0.8660793958553685	0.5846551335015684	0.16666666666666663	0.75	0.9728928251825674
appendix	vagina	0.75	0.6086975225149174	0.6566868022331713	0.870255767294553	0.6123097570155179	0.42441958840694544	0.0	0.6	0.9334649761812898
bone marrow	breast	0.8	0.9167617741185456	0.9842957381422666	0.9634576670559225	0.9221503077864663	0.7079275609212853	0.16666666666666663	0.7647058823529411	0.9869099530153096
bone marrow	bronchus	0.8	0.865892093207757	0.9842320898909296	0.8648335912825243	0.8858513518711687	0.608524967688368	0.23076923076923073	0.7222222222222222	0.958758876353389
bone marrow	cartilage	0.75	0.6620483928556429	0.2515709361058075	0.35617497911157003	0.7465577448171238	0.4099326248364679	0.07692307692307687	0.41666666666666663	0.6438922528098743
bone marrow	caudate	0.8571428571428571	0.7694611070796396	0.7272963487430916	0.9866992666665825	0.7895578410705235	0.7023849838735976	0.2857142857142857	0.7857142857142857	0.9960268939260636
bone marrow	cerebellum	0.8333333333333334	0.8776936438720004	0.9203805721964162	0.9238219665948402	0.888355438389023	0.8011825811920971	0.23076923076923073	0.725	0.9674385083557643
bone marrow	cerebral cortex	0.8	0.8776936438720004	0.9203805721964162	0.9700339646441458	0.888355438389023	0.8011825811920971	0.23076923076923073	0.7708333333333334	0.9885494721088176
bone marrow	cervix	0.8	0.8788493453949028	0.9842320898909296	0.887268041008351	0.8858513518711687	0.6836875641942102	0.16666666666666663	0.7435897435897436	0.9637736618299293
bone marrow	choroid plexus	0.8333333333333334	0.7694611070796396	0.7272963487430916	0.9757440957287797	0.7895578410705235	0.7023849838735976	0.23076923076923073	0.8125	0.9902079013909213
bone marrow	colon	0.8	0.8682368099242007	0.977249165031969	0.9188941901119294	0.8858513518711687	0.6210307512161988	0.2857142857142857	0.7222222222222222	0.9689300725577429
bone marrow	dorsal raphe	0.8333333333333334	0.8776936438720004	0.9203805721964162	0.9803706815598598	0.888355438389023	0.8011825811920971	0.2857142857142857	0.78	0.9911692974475178
bone marrow	duodenum	0.8333333333333334	0.8747506904051124	0.9816105722026812	0.8985347928379057	0.8858513518711687	0.6582304442524385	0.2857142857142857	0.7142857142857143	0.9616624049313731
bone marrow	endometrium	0.75	0.8858513518711687	0.9842320898909296	0.8325147718470188	0.8858513518711687	0.7314069650824304	0.16666666666666663	0.7142857142857143	0.9377684134376912
bone marrow	endometrium 1	0.75	0.8858513518711687	0.9842320898909296	0.8325147718470188	0.8858513518711687	0.7314069650824304	0.16666666666666663	0.7142857142857143	0.9377684134376912
bone marrow	endometrium 2	0.75	0.8858513518711687	0.9842320898909296	0.8325147718470188	0.8858513518711687	0.7314069650824304	0.16666666666666663	0.7142857142857143	0.9377684134376912
bone marrow	epididymis	0.75	0.6905958330621251	0.7142297105009132	0.9097712832798039	0.7016467783603092	0.549827891049578	0.09090909090909094	0.725	0.9634996316163681
bone marrow	esophagus	0.8333333333333334	0.896752280794032	0.9842320898909296	0.8248949709339033	0.9057526794762822	0.8185798222793563	0.23076923076923073	0.696969696969697	0.9423398679605911
bone marrow	eye	0.8	0.5838385704044151	0.7272963487430916	0.9165040628616031	0.6619421769173424	0.39157971489264715	0.16666666666666663	0.7272727272727273	0.9742251332723346
bone marrow	fallopian tube	0.75	0.6751068767346391	0.7142297105009132	0.8984986651057998	0.7016467783603092	0.5118715404923635	0.09090909090909094	0.7441860465116279	0.9634233769158641
bone marrow	gallbladder	0.8	0.8597719935861962	0.9203805721964162	0.9458465653890982	0.8647804976522178	0.6845199455098127	0.09090909090909094	0.7608695652173914	0.9776230725698482
bone marrow	hair	0.8333333333333334	0.7466826998737273	0.32451336248293283	0.9393124009473547	0.7687650927031456	0.6815922355062197	0.16666666666666663	0.7692307692307692	0.9717728199773235
bone marrow	heart muscle	0.8	0.658146342954789	0.7142297105009132	0.9530818062360626	0.7016467783603092	0.47425423031728575	0.23076923076923073	0.7551020408163265	0.9813416485117479
bone marrow	hippocampus	0.8333333333333334	0.8730018841123035	0.9203805721964162	0.9771585550057511	0.88028084479843	0.7674595166708106	0.2857142857142857	0.78	0.9917716481141192
bone marrow	hypothalamus	0.8333333333333334	0.8776936438720004	0.9203805721964162	0.9620143011359026	0.888355438389023	0.8011825811920971	0.2857142857142857	0.7608695652173914	0.9855169250075434
bone marrow	kidney	0.75	0.8247270821829811	0.8693327483972849	0.9324798244503578	0.8647804976522178	0.5253309791712649	0.09090909090909094	0.7317073170731707	0.969428802337821
bone marrow	lactating breast	0.8	0.9167617741185456	0.9842957381422666	0.9634576670559225	0.9221503077864663	0.7079275609212853	0.16666666666666663	0.7647058823529411	0.9869099530153096
bone marrow	liver	0.8	0.6032004080116549	0.476598108911518	0.9398954578170503	0.6619421769173424	0.4243064559011676	0.09090909090909094	0.7173913043478262	0.9703291883698041
bone marrow	lung	0.75	0.8584682297623026	0.98087189983685	0.9275953274027963	0.8858513518711687	0.5716619687152489	0.09090909090909094	0.7959183673469388	0.9797276576864729
bone marrow	lymph node	0.75	0.3584693535930298	0.3216119157450139	0.7848301540824817	0.5018065576366049	0.22984278274526426	0.16666666666666663	0.46153846153846156	0.8749502330227965
bone marrow	nasopharynx	0.8	0.8816233081470195	0.9842320898909296	0.8972078576947479	0.8858513518711687	0.7019171865970719	0.23076923076923073	0.7435897435897436	0.9642198411786103
bone marrow	oral mucosa	0.8	0.8687110842289513	0.9842320898909296	0.8444110830481028	0.8858513518711687	0.6236146556393973	0.2857142857142857	0.7142857142857143	0.950913737789045
bone marrow	ovary	0.8	0.871273924064838	0.9753049428601309	0.8371482863964089	0.8858513518711687	0.6379067503514726	0.2857142857142857	0.6774193548387097	0.9398802149649598
bone marrow	pancreas	0.8	0.9295847713162378	0.9842957381422666	0.9086928650741125	0.9357230679907763	0.8485502107938504	0.16666666666666663	0.75	0.9669322666548441
bone marrow	parathyroid gland	0.8	0.656112663379314	0.7272963487430916	0.7359277311570918	0.6619421769173424	0.532539058828333	0.2857142857142857	0.6071428571428572	0.900479331426633
bone marrow	pituitary gland	0.8	0.6361273368130345	0.6161997133307051	0.9239956615536721	0.6619421769173424	0.48795959239194514	0.09090909090909094	0.6976744186046512	0.9629093872889869
bone marrow	placenta	0.75	0.8714847969016633	0.9771417619521447	0.8120384879334922	0.8858513518711687	0.6391080977578221	0.16666666666666663	0.6774193548387097	0.9237450707589607
bone marrow	prostate	0.8	0.8744554873788777	0.9735216745991929	0.8053953578997961	0.8858513518711687	0.6564610820660832	0.09090909090909094	0.696969696969697	0.9409926308778764
bone marrow	rectum	0.75	0.8763874636688338	0.9842320898909296	0.7924901888443303	0.8858513518711687	0.6681941220757854	0.2857142857142857	0.6774193548387097	0.9309369127331525
bone marrow	retina	0.8333333333333334	0.6942259083644533	0.7272963487430916	0.9612681591458315	0.7208811095891186	0.6337082523921926	0.16666666666666663	0.7857142857142857	0.989252038090909
bone marrow	salivary gland	0.8333333333333334	0.8700949670282461	0.9766843311944914	0.8747127102483647	0.8858513518711687	0.6312620640450124	0.2857142857142857	0.736842105263158	0.9622957685125421
bone marrow	seminal vesicle	0.75	0.7016467783603092	0.7142297105009132	0.927205781697177	0.7016467783603092	0.5793176695349366	0.09090909090909094	0.7608695652173914	0.9750892612123854
bone marrow	skeletal muscle	0.8	0.867935806702886	0.9203805721964162	0.7413162956011368	0.8709472170901397	0.733736452149524	0.09090909090909094	0.6296296296296297	0.9090818429904493
bone marrow	skin	0.75	0.81786261423488	0.9203805721964162	0.7639306969013119	0.8647804976522178	0.5013243856591416	0.09090909090909094	0.6153846153846154	0.9061063595027061
bone marrow	skin 1	0.75	0.81786261423488	0.9203805721964162	0.7639306969013119	0.8647804976522178	0.5013243856591416	0.09090909090909094	0.6153846153846154	0.9061063595027061
bone marrow	skin 2	0.75	0.81786261423488	0.9203805721964162	0.7639306969013119	0.8647804976522178	0.5013243856591416	0.09090909090909094	0.6153846153846154	0.9061063595027061
bone marrow	small intestine	0.8	0.865526971531689	0.9764780172542162	0.877096391181892	0.8858513518711687	0.6066167977104269	0.23076923076923073	0.7058823529411764	0.9512397041027415
bone marrow	smooth muscle	0.75	0.6413623952464917	0.32451336248293283	0.7964764554311838	0.7016467783603092	0.44053116579599916	0.16666666666666663	0.5555555555555556	0.8954338794917903
bone marrow	soft tissue 1	0.75	0.6812792333012907	0.2883776314386304	0.8277452476361611	0.7199373741188845	0.4942744772718758	0.33333333333333337	0.6785714285714286	0.9471499569103919
bone marrow	soft tissue 2	0.75	0.6812792333012907	0.2883776314386304	0.8277452476361611	0.7199373741188845	0.4942744772718758	0.33333333333333337	0.6785714285714286	0.9471499569103919
bone marrow	sole of foot	0.8333333333333334	0.9214366852176704	0.9842957381422666	0.9905710749777865	0.9221503077864663	0.7538775996231505	0.33333333333333337	0.8181818181818181	0.9964795297004623
bone marrow	spleen	0.75	0.2357799863266572	0.2515709361058075	0.8935301142922727	0.30672962210247445	0.17659947766631712	0.23076923076923073	0.5897435897435898	0.959787120495217
bone marrow	stomach 1	0.8333333333333334	0.8649444742437606	0.9813983500479586	0.8863867913538634	0.8858513518711687	0.6035939562102979	0.23076923076923073	0.7142857142857143	0.9552983955711282
bone marrow	stomach 2	0.8333333333333334	0.8649444742437606	0.9813983500479586	0.8863867913538634	0.8858513518711687	0.6035939562102979	0.23076923076923073	0.7142857142857143	0.9552983955711282
bone marrow	substantia nigra	0.8571428571428571	0.7694611070796396	0.7272963487430916	0.9669421896463519	0.7895578410705235	0.7023849838735976	0.16666666666666663	0.7647058823529411	0.9854329896243341
bone marrow	testis	0.8	0.8771347096331685	0.9741830951083643	0.8371703277190475	0.8858513518711687	0.6728311622791088	0.2857142857142857	0.6774193548387097	0.9398729826454111
bone marrow	thymus	0.75	0.2614032716103952	0.2515709361058075	0.7547769719661437	0.30672962210247445	0.2025837110843417	0.09090909090909094	0.5294117647058824	0.8626605014589749
bone marrow	thyroid gland	0.8	0.6426476906430431	0.6964702540371832	0.7627054261215254	0.6619421769173424	0.5019559287588788	0.09090909090909094	0.6	0.906055115321886
bone marrow	tonsil	0.8333333333333334	0.5493828661962181	0.13086809134354338	0.8918849872755865	0.5886644492517832	0.5014915920548573	0.33333333333333337	0.6511627906976745	0.9516583803814583
bone marrow	urinary bladder	0.75	0.6670460905065232	0.698942186295032	0.8600897927473501	0.7016467783603092	0.49351538460348787	0.09090909090909094	0.6842105263157895	0.9295285330802245
bone marrow	vagina	0.75	0.6751068767346391	0.7142297105009132	0.8939661053259951	0.7016467783603092	0.5118715404923635	0.09090909090909094	0.7105263157894737	0.9576859757737204
breast	bronchus	0.8333333333333334	0.9010092327755865	0.9874523597467065	0.9681246181390982	0.9105718098449567	0.5850455635272228	0.23076923076923073	0.7647058823529411	0.9896710457491786
breast	cartilage	0.8	0.8863840269725812	0.9874523597467065	0.9558876870537555	0.9105718098449567	0.5014615842970337	0.23076923076923073	0.6923076923076923	0.9843531239218026
breast	caudate	0.875	0.9252052291118771	0.9874523597467065	0.99593009649931	0.9357230679907763	0.7951004181182112	0.2857142857142857	0.8571428571428572	0.999105430195412
breast	cerebellum	0.8571428571428571	0.9252052291118771	0.9874523597467065	0.97979246062022	0.9357230679907763	0.7951004181182112	0.23076923076923073	0.7948717948717949	0.9935533241072064
breast	cerebral cortex	0.8333333333333334	0.9252052291118771	0.9874523597467065	0.9911891735272176	0.9357230679907763	0.7951004181182112	0.23076923076923073	0.8297872340425532	0.9974627318270697
breast	cervix	0.8	0.9112791516136929	0.9874523597467065	0.9722434519342384	0.9119753916034276	0.6602081600330649	0.16666666666666663	0.7837837837837838	0.9906419469064597
breast	choroid plexus	0.8571428571428571	0.7818023457995179	0.7753071407438439	0.9649287631692363	0.8124858781291674	0.6718632282566023	0.07692307692307687	0.7796610169491526	0.9848892618756148
breast	colon	0.8333333333333334	0.9028797438210086	0.9833754082048105	0.9787073704348972	0.9105718098449567	0.5975513470550535	0.2857142857142857	0.7647058823529411	0.991706010404772
breast	dorsal raphe	0.8571428571428571	0.8160296817992558	0.7753071407438439	0.9931587900678475	0.8419000754425434	0.7012774255699783	0.2857142857142857	0.8125	0.9971186943574144
breast	duodenum	0.8333333333333334	0.9080481260054913	0.9858394535104887	0.9744520180611573	0.9105718098449567	0.6347510400912934	0.2857142857142857	0.7575757575757576	0.990225852478357
breast	endometrium	0.8	0.9167617741185456	0.9874523597467065	0.962767350166225	0.9221503077864663	0.7079275609212853	0.16666666666666663	0.7575757575757576	0.986176499773882
breast	endometrium 1	0.8	0.9167617741185456	0.9874523597467065	0.962767350166225	0.9221503077864663	0.7079275609212853	0.16666666666666663	0.7575757575757576	0.986176499773882
breast	endometrium 2	0.8	0.9167617741185456	0.9874523597467065	0.962767350166225	0.9221503077864663	0.7079275609212853	0.16666666666666663	0.7575757575757576	0.986176499773882
breast	epididymis	0.8	0.9134567677749025	0.9874523597467065	0.9767565357266066	0.9161614050803172	0.6784377824359268	0.09090909090909094	0.7948717948717949	0.9915967590162521
breast	esophagus	0.8333333333333334	0.9252052291118771	0.9874523597467065	0.9615925563041766	0.9357230679907763	0.7951004181182112	0.23076923076923073	0.7419354838709677	0.9868685450325346
breast	eye	0.8	0.6962098297564872	0.7753071407438439	0.8941812681032874	0.7391124930322678	0.4297346907570566	0.0	0.6666666666666667	0.9518792059886652
breast	fallopian tube	0.8	0.6123901168507142	0.863988045634664	0.6822333826536399	0.6199380581744811	0.43158705681285126	0.0	0.6111111111111112	0.8545607132014236
breast	gallbladder	0.8333333333333334	0.6321988756084375	0.863988045634664	0.8126424295399102	0.6436933462496024	0.46954340737006584	0.0	0.641025641025641	0.9239055861081368
breast	hair	0.8	0.7818023457995179	0.7753071407438439	0.9192485030828715	0.8124858781291674	0.6718632282566023	0.0	0.7234042553191489	0.9649852317234048
breast	heart muscle	0.8333333333333334	0.45738917974638893	0.7677517778479881	0.7670822852517949	0.49635396575267166	0.3051430993328658	0.0	0.6097560975609756	0.9117519431167231
breast	hippocampus	0.8571428571428571	0.9221503077864663	0.9874523597467065	0.9931698295218657	0.9310742960691029	0.7613773535969246	0.2857142857142857	0.8367346938775511	0.9981429306622707
breast	hypothalamus	0.8571428571428571	0.8160296817992558	0.7753071407438439	0.9873208369097665	0.8419000754425434	0.7012774255699783	0.2857142857142857	0.7954545454545454	0.9954202989393577
breast	kidney	0.8	0.5318607482849588	0.8022668166858115	0.7731293627307609	0.6199380581744811	0.3103544410315181	0.0	0.5882352941176471	0.8981432330895027
breast	lactating breast	0.0	0.0	0.0	0.0	0.0	0.0	0.0	0.0	0.0
breast	liver	0.8333333333333334	0.5797206440353384	0.7796657128933783	0.7947646691401306	0.6199380581744811	0.37680424656132516	0.0	0.6585365853658536	0.9067286280927261
breast	lung	0.8	0.408943846227777	0.7298315268122657	0.6601051110749281	0.49635396575267166	0.2504615421833351	0.0	0.625	0.8539241398304397
breast	lymph node	0.8	0.8906349997572343	0.9874523597467065	0.9558972357717317	0.9105718098449567	0.5234516088086182	0.16666666666666663	0.7142857142857143	0.9835439773011427
breast	nasopharynx	0.8333333333333334	0.9134567677749025	0.9874523597467065	0.9741867248305174	0.9161614050803172	0.6784377824359268	0.23076923076923073	0.7837837837837838	0.9907312945447436
breast	oral mucosa	0.8	0.9032574452927152	0.9874523597467065	0.9646663437592847	0.9105718098449567	0.6001352514782522	0.2857142857142857	0.7575757575757576	0.988265419658288
breast	ovary	0.8333333333333334	0.9052946414604373	0.9823562614468939	0.9634973847597176	0.9105718098449567	0.6144273461903274	0.2857142857142857	0.7241379310344828	0.9864919076822208
breast	pancreas	0.8571428571428571	0.9252052291118771	0.9874523597467065	0.9471773329919124	0.9357230679907763	0.7951004181182112	0.16666666666666663	0.7083333333333333	0.9809532301674061
breast	parathyroid gland	0.8333333333333334	0.9152252169106887	0.9874523597467065	0.9498822064396821	0.9194182959641616	0.6939312245543515	0.2857142857142857	0.75	0.982567979515905
breast	pituitary gland	0.8	0.7784563222517316	0.7077047813667625	0.9766729301972393	0.780036326021389	0.5555287655697307	0.09090909090909094	0.7906976744186046	0.9901090576541796
breast	placenta	0.8	0.9054619794446574	0.9833178993155853	0.9596798606000742	0.9105718098449567	0.6156286935966769	0.16666666666666663	0.7241379310344828	0.9842513231800459
breast	prostate	0.8333333333333334	0.9078147890964923	0.9814605671808357	0.9587241587865396	0.9105718098449567	0.6329816779049381	0.09090909090909094	0.7419354838709677	0.9866609894904381
breast	rectum	0.8	0.9093403539856554	0.9874523597467065	0.9569276895128728	0.9105718098449567	0.6447147179146403	0.2857142857142857	0.7241379310344828	0.9852035976795014
breast	retina	0.8333333333333334	0.7818023457995179	0.7753071407438439	0.9458618416723221	0.8124858781291674	0.6718632282566023	0.0	0.7450980392156863	0.978321853479921
breast	salivary gland	0.8	0.9043582849131501	0.9830745771874466	0.9698947048274673	0.9105718098449567	0.6077826598838671	0.2857142857142857	0.7777777777777778	0.9903495329344044
breast	seminal vesicle	0.8	0.9167617741185456	0.9874523597467065	0.9805507754169077	0.9221503077864663	0.7079275609212853	0.09090909090909094	0.8222222222222222	0.9938602728386448
breast	skeletal muscle	0.8333333333333334	0.9188352090460948	0.9874523597467065	0.9505009685068424	0.9257006625938276	0.727654289075638	0.09090909090909094	0.6799999999999999	0.9825077663732924
breast	skin	0.75	0.7174360819299528	0.7753071407438439	0.9458864582576495	0.780036326021389	0.4014192300370228	0.09090909090909094	0.6086956521739131	0.9739668491733822
breast	skin 1	0.75	0.7174360819299528	0.7753071407438439	0.9458864582576495	0.780036326021389	0.4014192300370228	0.09090909090909094	0.6086956521739131	0.9739668491733822
breast	skin 2	0.75	0.7174360819299528	0.7753071407438439	0.9458864582576495	0.780036326021389	0.4014192300370228	0.09090909090909094	0.6086956521739131	0.9739668491733822
breast	small intestine	0.8333333333333334	0.9007174702941987	0.9829656772136944	0.970331887662202	0.9105718098449567	0.5831373935492817	0.23076923076923073	0.75	0.9883212724956901
breast	smooth muscle	0.8	0.8985236714049438	0.9874523597467065	0.9574743479074457	0.9105718098449567	0.569141057182348	0.16666666666666663	0.7037037037037037	0.9849664669371139
breast	soft tissue 1	0.8	0.9043582849131501	0.9869217421090047	0.9513729956363927	0.9105718098449567	0.6077826598838671	0.33333333333333337	0.6799999999999999	0.9827480269169002
breast	soft tissue 2	0.8	0.9043582849131501	0.9869217421090047	0.9513729956363927	0.9105718098449567	0.6077826598838671	0.33333333333333337	0.6799999999999999	0.9827480269169002
breast	sole of foot	0.8333333333333334	0.7932536356801609	0.7753071407438439	0.9809892274694546	0.8049725617924639	0.6066048143992784	0.33333333333333337	0.736842105263158	0.9924864547865659
breast	spleen	0.8	0.6072593208333293	0.863988045634664	0.8013864375738784	0.6199380581744811	0.4223800365104792	0.0	0.6216216216216216	0.9202413798581769
breast	stomach 1	0.8333333333333334	0.9002517357858182	0.9857134346671668	0.9720748205786208	0.9105718098449567	0.5801145520491527	0.23076923076923073	0.7575757575757576	0.9890348519655188
breast	stomach 2	0.8333333333333334	0.9002517357858182	0.9857134346671668	0.9720748205786208	0.9105718098449567	0.5801145520491527	0.23076923076923073	0.7575757575757576	0.9890348519655188
breast	substantia nigra	0.8333333333333334	0.8160296817992558	0.7753071407438439	0.9888390533236602	0.8419000754425434	0.7012774255699783	0.16666666666666663	0.8200000000000001	0.9955134879392374
breast	testis	0.8333333333333334	0.9099294452444621	0.9817885718477214	0.9635008864029277	0.9105718098449567	0.6493517581179635	0.2857142857142857	0.7241379310344828	0.9864908151118491
breast	thymus	0.8	0.8113765775246626	0.8640610076148241	0.9316053743747215	0.8121007616669779	0.5854370670314542	0.09090909090909094	0.7567567567567568	0.976743593255556
breast	thyroid gland	0.75	0.7827178576866419	0.7554642898146509	0.9457107874308021	0.7853347967903713	0.5695251019366645	0.09090909090909094	0.6896551724137931	0.9753773704014287
breast	tonsil	0.8571428571428571	0.9252052291118771	0.9847842574748226	0.9731365573232164	0.9357230679907763	0.7951004181182112	0.33333333333333337	0.8260869565217391	0.992579238332224
breast	urinary bladder	0.8	0.6180552370247632	0.8583123867144081	0.6771065655132603	0.6352472845785693	0.42423447935918007	0.0	0.6060606060606061	0.8746761529980746
breast	vagina	0.8	0.9087957868926485	0.9874523597467065	0.9735444984502214	0.9105718098449567	0.6404814318787122	0.09090909090909094	0.7837837837837838	0.9905701080103889
bronchus	cartilage	0.75	0.8101025146704419	0.9874015050572112	0.830883635125006	0.837473877359168	0.4020589910641164	0.2857142857142857	0.6428571428571428	0.950189516731936
bronchus	caudate	0.8571428571428571	0.8017392610059645	0.6566868022331713	0.9818450412288257	0.8433848917064585	0.6333300371154701	0.33333333333333337	0.8070175438596492	0.9957765541431607
bronchus	cerebellum	0.8333333333333334	0.8017392610059645	0.6566868022331713	0.9035753772485888	0.8433848917064585	0.6333300371154701	0.2857142857142857	0.725	0.9685934696145984
bronchus	cerebral cortex	0.8	0.8017392610059645	0.6566868022331713	0.9599297389055175	0.8433848917064585	0.6333300371154701	0.2857142857142857	0.7708333333333334	0.9879105146320328
bronchus	cervix	0.8	0.583485506610214	0.6566868022331713	0.8090031348955637	0.62635820857115	0.3822138658166491	0.07692307692307687	0.6	0.919079671629218
bronchus	choroid plexus	0.8333333333333334	0.8017392610059645	0.6566868022331713	0.9673375786985545	0.8433848917064585	0.6333300371154701	0.2857142857142857	0.8307692307692307	0.9898588172057472
bronchus	colon	0.8	0.5394314153609214	0.545138236707366	0.8575922858815104	0.5489532426528099	0.3195570528386377	0.19999999999999996	0.5625	0.9290031618975411
bronchus	dorsal raphe	0.8333333333333334	0.8806913099327686	0.9874015050572112	0.9808470774764797	0.9057526794762822	0.6956978248852939	0.33333333333333337	0.803921568627451	0.9940108821149396
bronchus	duodenum	0.8	0.5666441300237749	0.6125564329783904	0.8259172317280152	0.5983534198726725	0.35675674587487755	0.19999999999999996	0.5483870967741935	0.9151440181335612
bronchus	endometrium	0.75	0.865892093207757	0.9874015050572112	0.8618369472677295	0.8858513518711687	0.608524967688368	0.23076923076923073	0.7142857142857143	0.9563188052973526
bronchus	endometrium 1	0.75	0.865892093207757	0.9874015050572112	0.8618369472677295	0.8858513518711687	0.608524967688368	0.23076923076923073	0.7142857142857143	0.9563188052973526
bronchus	endometrium 2	0.75	0.865892093207757	0.9874015050572112	0.8618369472677295	0.8858513518711687	0.608524967688368	0.23076923076923073	0.7142857142857143	0.9563188052973526
bronchus	epididymis	0.75	0.637891179775204	0.6566868022331713	0.8876150956854807	0.682001341417545	0.42948097445159233	0.0	0.6578947368421053	0.9506418103390422
bronchus	esophagus	0.8	0.6546101674364391	0.6566868022331713	0.722517046100394	0.7271609784927837	0.5171061239017953	0.1428571428571429	0.5172413793103448	0.8822000199642728
bronchus	eye	0.8	0.827958263471827	0.9874015050572112	0.9244928554919334	0.837473877359168	0.45356928738574825	0.23076923076923073	0.782608695652174	0.9797094617758266
bronchus	fallopian tube	0.8	0.5705528293312103	0.6566868022331713	0.825862311463462	0.6050173422439309	0.3624871376622964	0.0	0.65	0.9278648409099018
bronchus	gallbladder	0.8	0.5398930430639224	0.7978898894003368	0.9456903614830791	0.5959408140920257	0.3635005430180777	0.0	0.7608695652173914	0.9793788036097528
bronchus	hair	0.8333333333333334	0.8017392610059645	0.6566868022331713	0.9217827092773934	0.8433848917064585	0.6333300371154701	0.23076923076923073	0.7924528301886793	0.9765311132096566
bronchus	heart muscle	0.8	0.48171761681324254	0.6566868022331713	0.9385335483508632	0.4967210832536235	0.2879268822857855	0.1428571428571429	0.7551020408163265	0.9776740816486278
bronchus	hippocampus	0.8333333333333334	0.7928979961684115	0.6566868022331713	0.9691886784339336	0.83205784333644	0.5996069725941836	0.33333333333333337	0.78	0.9911851793822375
bronchus	hypothalamus	0.8333333333333334	0.8806913099327686	0.9874015050572112	0.9637587224239406	0.9057526794762822	0.6956978248852939	0.33333333333333337	0.7872340425531915	0.9904424302447862
bronchus	kidney	0.75	0.39742101278494235	0.7061738011534716	0.9333416014958015	0.46579211341570326	0.20431157667952998	0.0	0.7317073170731707	0.9727967494883907
bronchus	lactating breast	0.8333333333333334	0.9010092327755865	0.9874523597467065	0.9681246181390982	0.9105718098449567	0.5850455635272228	0.23076923076923073	0.7647058823529411	0.9896710457491786
bronchus	liver	0.8	0.837656704362602	0.9795909086463123	0.9441491388906106	0.8378391205009513	0.4862960283942687	0.16666666666666663	0.7959183673469388	0.9827494008778064
bronchus	lung	0.6666666666666666	0.14202594376903388	0.16327466658023682	0.6987345600885164	0.19656642712354822	0.07712396361661511	0.0	0.4871794871794872	0.8145264143143562
bronchus	lymph node	0.6666666666666666	0.8181593926883568	0.9874015050572112	0.8309280187611012	0.837473877359168	0.4240490155757008	0.23076923076923073	0.6666666666666667	0.947440275742113
bronchus	nasopharynx	0.8	0.36379664836615744	0.28071558896786986	0.6002698782703977	0.4412955412695293	0.24493792044213814	0.0	0.3666666666666667	0.7533880429050692
bronchus	oral mucosa	0.8	0.5414315922500621	0.6566868022331713	0.7483504026216237	0.5527739922325905	0.3221409572618364	0.19999999999999996	0.5483870967741935	0.8961699589541106
bronchus	ovary	0.8	0.8453116027701257	0.9822847526350741	0.8650054197691346	0.8524281664989537	0.5150247529574101	0.33333333333333337	0.6774193548387097	0.9573698854016616
bronchus	pancreas	0.8333333333333334	0.9186311449816646	0.9874523597467065	0.9331492632188567	0.9357230679907763	0.7256682133997879	0.23076923076923073	0.75	0.9802614420307991
bronchus	parathyroid gland	0.8	0.8631669409025677	0.9874015050572112	0.8021365833365108	0.8818454856009118	0.5945286313214342	0.33333333333333337	0.7	0.944099811310833
bronchus	pituitary gland	0.8	0.8536978660106865	0.9836110508988002	0.9306725113944072	0.8669767621432516	0.5499491648850463	0.16666666666666663	0.782608695652174	0.9790962278459326
bronchus	placenta	0.75	0.845616013246399	0.9832502879533442	0.8481947468938718	0.8529812691516357	0.5162261003637596	0.23076923076923073	0.6774193548387097	0.9498446258351646
bronchus	prostate	0.8	0.8498831528209869	0.9813854281841474	0.8438908099657589	0.8605318913170747	0.5335790846720208	0.16666666666666663	0.696969696969697	0.9579322389252451
bronchus	rectum	0.75	0.5733953684014871	0.6566868022331713	0.6818575445885084	0.6097999686138651	0.3667204236982244	0.19999999999999996	0.4814814814814815	0.8650348714838477
bronchus	retina	0.8333333333333334	0.8017392610059645	0.6566868022331713	0.9487565661910525	0.8433848917064585	0.6333300371154701	0.23076923076923073	0.8070175438596492	0.9854574801815236
bronchus	salivary gland	0.8	0.547250876223228	0.5369072660647771	0.7906455851425118	0.5637119972555088	0.32978836566745134	0.19999999999999996	0.5882352941176471	0.9163171372107303
bronchus	seminal vesicle	0.8	0.653086014681388	0.6566868022331713	0.9074968236816906	0.7047171685227194	0.45897075293695094	0.0	0.7045454545454546	0.9644806474880355
bronchus	skeletal muscle	0.8	0.8966760130306668	0.9874269351633994	0.878873833980923	0.9137084604200093	0.6478475374140366	0.16666666666666663	0.6785714285714286	0.9676734568152758
bronchus	skin	0.8	0.8476770724638119	0.9874269351633994	0.887024623909255	0.8712662030483478	0.41543547092365424	0.16666666666666663	0.6666666666666667	0.9670434580236998
bronchus	skin 1	0.8	0.8476770724638119	0.9874269351633994	0.887024623909255	0.8712662030483478	0.41543547092365424	0.16666666666666663	0.6666666666666667	0.9670434580236998
bronchus	skin 2	0.8	0.8476770724638119	0.9874269351633994	0.887024623909255	0.8712662030483478	0.41543547092365424	0.16666666666666663	0.6666666666666667	0.9670434580236998
bronchus	small intestine	0.8	0.5279455684361797	0.5339276780728596	0.7940919728723664	0.5294988968993851	0.30514309933286593	0.1428571428571429	0.5333333333333333	0.8967205994363279
bronchus	smooth muscle	0.8	0.8676358854999542	0.9874269351633994	0.8994067262355889	0.8712662030483478	0.48933430552074647	0.23076923076923073	0.7	0.9724023827498732
bronchus	soft tissue 1	0.75	0.8933388468941366	0.9869217421090047	0.9397304862114659	0.8972168492104567	0.538350455165444	0.375	0.7241379310344828	0.9821824077162725
bronchus	soft tissue 2	0.75	0.8933388468941366	0.9869217421090047	0.9397304862114659	0.8972168492104567	0.538350455165444	0.375	0.7241379310344828	0.9821824077162725
bronchus	sole of foot	0.8333333333333334	0.9075514581060783	0.9874523597467065	0.9909143176799959	0.9207098585234104	0.630995602229088	0.375	0.8181818181818181	0.9967156501141388
bronchus	spleen	0.75	0.849473822674958	0.9874015050572112	0.9460732144782991	0.8598235997463372	0.5318718183434228	0.2857142857142857	0.7777777777777778	0.9851196049003359
bronchus	stomach 1	0.8333333333333334	0.5254637479363191	0.6091084593987848	0.807697969802009	0.5294988968993851	0.30212025783273694	0.1428571428571429	0.5483870967741935	0.9037030491449545
bronchus	stomach 2	0.8333333333333334	0.5254637479363191	0.6091084593987848	0.807697969802009	0.5294988968993851	0.30212025783273694	0.1428571428571429	0.5483870967741935	0.9037030491449545
bronchus	substantia nigra	0.8333333333333334	0.8017392610059645	0.6566868022331713	0.955961669696316	0.8433848917064585	0.6333300371154701	0.23076923076923073	0.7884615384615384	0.9852257057171314
bronchus	testis	0.8	0.8536978660106865	0.9817147622305141	0.865020565690812	0.8669767621432516	0.5499491648850463	0.33333333333333337	0.6774193548387097	0.9573662490944258
bronchus	thymus	0.8	0.8554718093337763	0.9874015050572112	0.885951389334578	0.8698810167358874	0.5578560517614473	0.16666666666666663	0.75	0.9607438348025814
bronchus	thyroid gland	0.8	0.8568089511072853	0.9862889193795464	0.8175622124992435	0.8720327016675182	0.5639455012519801	0.16666666666666663	0.6875	0.9460633961170348
bronchus	tonsil	0.8333333333333334	0.5086178057475377	0.27019778740298617	0.8158829118843107	0.6118350211098394	0.40178016651885107	0.25	0.6511627906976745	0.9298628558617552
bronchus	urinary bladder	0.8	0.4978978474456869	0.7893430082914452	0.8726375481571336	0.5263632729254861	0.3071880365719876	0.0	0.717948717948718	0.9505017773839828
bronchus	vagina	0.8	0.5705528293312103	0.6566868022331713	0.8190072182434778	0.6050173422439309	0.3624871376622964	0.0	0.6	0.9184024175887424
cartilage	caudate	0.8333333333333334	0.841944083343459	0.9363844065832057	0.986431225802424	0.888355438389023	0.5947166045678455	0.33333333333333337	0.7755102040816326	0.9960911315930685
cartilage	cerebellum	0.8	0.841944083343459	0.9363844065832057	0.9141036946283323	0.888355438389023	0.5947166045678455	0.2857142857142857	0.65625	0.9639688672004358
cartilage	cerebral cortex	0.75	0.841944083343459	0.9363844065832057	0.9686381903022359	0.888355438389023	0.5947166045678455	0.2857142857142857	0.725	0.9881481299882058
cartilage	cervix	0.75	0.8350788307309475	0.9874015050572112	0.8645977093785466	0.8709321801430095	0.4772215875699584	0.23076923076923073	0.6774193548387097	0.9573245541564082
cartilage	choroid plexus	0.8	0.841944083343459	0.9363844065832057	0.9748376247326147	0.888355438389023	0.5947166045678455	0.2857142857142857	0.8070175438596492	0.9902019088372682
cartilage	colon	0.75	0.8147698896538746	0.9833080299219888	0.9077862812008463	0.8441940303258277	0.414564774591947	0.33333333333333337	0.6428571428571428	0.9643034556728164
cartilage	dorsal raphe	0.8	0.841944083343459	0.9363844065832057	0.9797812346988695	0.888355438389023	0.5947166045678455	0.33333333333333337	0.7380952380952381	0.9909324954333644
cartilage	duodenum	0.8	0.8273895865092614	0.9857820618272501	0.8805313331012469	0.8612584308307449	0.45176446762818695	0.33333333333333337	0.6296296296296297	0.9543639678707173
cartilage	endometrium	0.6666666666666666	0.8477889211463239	0.9874015050572112	0.7770582338485509	0.8858513518711687	0.5249409884581788	0.23076923076923073	0.6296296296296297	0.9159484699906352
cartilage	endometrium 1	0.6666666666666666	0.8477889211463239	0.9874015050572112	0.7770582338485509	0.8858513518711687	0.5249409884581788	0.23076923076923073	0.6296296296296297	0.9159484699906352
cartilage	endometrium 2	0.6666666666666666	0.8477889211463239	0.9874015050572112	0.7770582338485509	0.8858513518711687	0.5249409884581788	0.23076923076923073	0.6296296296296297	0.9159484699906352
cartilage	epididymis	0.75	0.8401771148312687	0.9874015050572112	0.8958088756485683	0.8770700050444283	0.4954512099728203	0.16666666666666663	0.696969696969697	0.9636232647553147
cartilage	esophagus	0.75	0.8665734683100371	0.9874015050572112	0.7633505046600072	0.9057526794762822	0.6121138456551047	0.2857142857142857	0.6	0.9240782658533111
cartilage	eye	0.75	0.7969825585249196	0.9874015050572112	0.9046841188831833	0.817259111167542	0.36998530815555913	0.23076923076923073	0.736842105263158	0.9738824097357696
cartilage	fallopian tube	0.75	0.829182317483716	0.9874015050572112	0.8804812441566692	0.8635603626592628	0.4574948594156057	0.16666666666666663	0.7222222222222222	0.9635361246379915
cartilage	gallbladder	0.75	0.8106751910726824	0.9363844065832057	0.9411101324620282	0.85437819007066	0.478053968885561	0.16666666666666663	0.7105263157894737	0.9760373091680637
cartilage	hair	0.8	0.841944083343459	0.9363844065832057	0.9333005680728524	0.888355438389023	0.5947166045678455	0.23076923076923073	0.7555555555555555	0.9748357746515213
cartilage	heart muscle	0.75	0.7828454366306533	0.9363844065832057	0.9495675262134753	0.8186196742657978	0.4024803081532688	0.2857142857142857	0.7380952380952381	0.9822853922564054
cartilage	hippocampus	0.8	0.834019866945005	0.9363844065832057	0.976356469421809	0.88028084479843	0.5609935400465589	0.33333333333333337	0.7380952380952381	0.9915664246868335
cartilage	hypothalamus	0.8	0.841944083343459	0.9363844065832057	0.9597431573021219	0.888355438389023	0.5947166045678455	0.33333333333333337	0.7105263157894737	0.9848688347292467
cartilage	kidney	0.6666666666666666	0.7406688006355063	0.907516116113322	0.9249541572408415	0.7509583770896431	0.3188650025470133	0.16666666666666663	0.6666666666666667	0.9663901471851792
cartilage	lactating breast	0.8	0.8863840269725812	0.9874523597467065	0.9558876870537555	0.9105718098449567	0.5014615842970337	0.23076923076923073	0.6923076923076923	0.9843531239218026
cartilage	liver	0.75	0.7753446892829186	0.8969451142014736	0.9340041944897027	0.8079056231888766	0.38531480807682034	0.16666666666666663	0.725	0.9697060311636234
cartilage	lung	0.6666666666666666	0.7948662698182469	0.9853444899960145	0.9188710997262515	0.8138009301505761	0.36519599209099735	0.16666666666666663	0.7560975609756098	0.9778549136016725
cartilage	lymph node	0.6666666666666666	0.7831961317997009	0.9874015050572112	0.6837736494489889	0.7936351454118405	0.3404650363455117	0.23076923076923073	0.5454545454545454	0.8754715215363784
cartilage	nasopharynx	0.75	0.8401771148312687	0.9874015050572112	0.8786874543209118	0.8770700050444283	0.4954512099728203	0.2857142857142857	0.6774193548387097	0.9579423792333993
cartilage	oral mucosa	0.75	0.8157057923630561	0.9874015050572112	0.7976525046892966	0.8455138393776899	0.4171486790151458	0.33333333333333337	0.6296296296296297	0.9382744700272357
cartilage	ovary	0.75	0.8207162734814979	0.9822847526350741	0.7851936584589342	0.8524281664989537	0.43144077372722084	0.33333333333333337	0.5652173913043479	0.9197554950277378
cartilage	pancreas	0.8	0.9090027381361573	0.9874523597467065	0.8401517311609508	0.9357230679907763	0.6420842341695988	0.23076923076923073	0.65	0.9436859599709521
cartilage	parathyroid gland	0.75	0.8442687200286443	0.9874015050572112	0.565527682093651	0.8818454856009118	0.5109446520912451	0.33333333333333337	0.5909090909090908	0.8549325243470002
cartilage	pituitary gland	0.75	0.8008525311502517	0.9172446607880549	0.9143244698647519	0.8424218217338922	0.44896794456759775	0.16666666666666663	0.7027027027027026	0.9612821053475279
cartilage	placenta	0.6666666666666666	0.821125053811535	0.9832502879533442	0.739246429239871	0.8529812691516357	0.43264212113357053	0.23076923076923073	0.5652173913043479	0.8881726909309506
cartilage	prostate	0.75	0.8268284205214026	0.9813854281841474	0.7262841667374487	0.8605318913170747	0.4499951054418316	0.16666666666666663	0.6	0.9217251097928075
cartilage	rectum	0.6666666666666666	0.8304829506129447	0.9874015050572112	0.7000464662518013	0.8652124347050514	0.4617281454515338	0.33333333333333337	0.5652173913043479	0.9029876697930468
cartilage	retina	0.8	0.8665734683100371	0.9874015050572112	0.958904139825684	0.9057526794762822	0.6121138456551047	0.23076923076923073	0.8	0.9897460746132133
cartilage	salivary gland	0.8	0.8184211203125435	0.9830059796580041	0.8460699204252348	0.8492921759938756	0.42479608742076064	0.33333333333333337	0.6666666666666667	0.9552586223853552
cartilage	seminal vesicle	0.75	0.8477889211463239	0.9874015050572112	0.9183817064031086	0.8858513518711687	0.5249409884581788	0.16666666666666663	0.7435897435897436	0.9762755961932725
cartilage	skeletal muscle	0.75	0.8252591422618705	0.9363844065832057	0.5799246334967327	0.8709472170901397	0.5272704755252724	0.16666666666666663	0.4736842105263158	0.8535304208968405
cartilage	skin	0.75	0.7253536390309964	0.9363844065832057	0.6364752906443818	0.7294923175753152	0.2948584090348899	0.16666666666666663	0.4444444444444444	0.8456504704489859
cartilage	skin 1	0.75	0.7253536390309964	0.9363844065832057	0.6364752906443818	0.7294923175753152	0.2948584090348899	0.16666666666666663	0.4444444444444444	0.8456504704489859
cartilage	skin 2	0.75	0.7253536390309964	0.9363844065832057	0.6364752906443818	0.7294923175753152	0.2948584090348899	0.16666666666666663	0.4444444444444444	0.8456504704489859
cartilage	small intestine	0.75	0.8093695898272935	0.9828966383204385	0.8496525026764374	0.8363971841068858	0.40015082108617533	0.2857142857142857	0.6153846153846154	0.9387890353050967
cartilage	smooth muscle	0.8	0.7676017025903686	0.9363844065832057	0.7083048717782449	0.7962992605909672	0.3687572436319822	0.23076923076923073	0.5238095238095238	0.8995150030706464
cartilage	soft tissue 1	0.6666666666666666	0.87616270426442	0.9869217421090047	0.8732471807540133	0.8972168492104567	0.45476647593525477	0.375	0.6190476190476191	0.9569329446139113
cartilage	soft tissue 2	0.6666666666666666	0.87616270426442	0.9869217421090047	0.8732471807540133	0.8972168492104567	0.45476647593525477	0.375	0.6190476190476191	0.9569329446139113
cartilage	sole of foot	0.8	0.8949188578354713	0.9874523597467065	0.9901342253123931	0.9207098585234104	0.5474116229988988	0.375	0.7777777777777778	0.9963177021540081
cartilage	spleen	0.6666666666666666	0.8262834788683827	0.9874015050572112	0.936674038270762	0.8598235997463372	0.4482878391132336	0.2857142857142857	0.7297297297297297	0.9822085689439259
cartilage	stomach 1	0.8	0.8081968700855238	0.9856555322385595	0.8633243818195027	0.8346620232059198	0.39712797958604634	0.2857142857142857	0.6296296296296297	0.9450519708106286
cartilage	stomach 2	0.8	0.8081968700855238	0.9856555322385595	0.8633243818195027	0.8346620232059198	0.39712797958604634	0.2857142857142857	0.6296296296296297	0.9450519708106286
cartilage	substantia nigra	0.8333333333333334	0.841944083343459	0.9363844065832057	0.9652353333396583	0.888355438389023	0.5947166045678455	0.23076923076923073	0.75	0.9852171806352409
cartilage	testis	0.75	0.8318850908871863	0.9817147622305141	0.7852320051973616	0.8669767621432516	0.466365185654857	0.33333333333333337	0.5652173913043479	0.9197426098366982
cartilage	thymus	0.75	0.834223209137557	0.9874015050572112	0.8337722363505197	0.8698810167358874	0.4742720725312582	0.16666666666666663	0.6875	0.9309297930950499
cartilage	thyroid gland	0.75	0.8359800379920999	0.9862889193795464	0.6335616255243457	0.8720327016675182	0.4803615220217909	0.16666666666666663	0.5833333333333333	0.8674548945900663
cartilage	tonsil	0.8333333333333334	0.8665734683100371	0.9847225891574386	0.8712038911070717	0.9057526794762822	0.6121138456551047	0.375	0.75	0.9694703331235455
cartilage	urinary bladder	0.75	0.7906871260645973	0.9336942150238041	0.8233915054571258	0.8293026372099159	0.4217414624394709	0.16666666666666663	0.6451612903225806	0.9221792952382499
cartilage	vagina	0.75	0.829182317483716	0.9874015050572112	0.8741465099050226	0.8635603626592628	0.4574948594156057	0.16666666666666663	0.6774193548387097	0.9568232985682193
caudate	cerebellum	0.8571428571428571	0.7474031619488031	0.4625621978572738	0.9344040927265149	0.7474031619488031	0.7474031619488031	0.19999999999999996	0.6481481481481481	0.9794764206490773
caudate	cerebral cortex	0.8333333333333334	0.6314268678526613	0.0	0.75752917598274	0.6314268678526613	0.6314268678526613	0.19999999999999996	0.5	0.9179004293074734
caudate	cervix	0.8571428571428571	0.8189646205836915	0.6566868022331713	0.9821880676782079	0.8433848917064585	0.7084926336213122	0.2857142857142857	0.8166666666666667	0.9958143519808031
caudate	choroid plexus	0.8333333333333334	0.6678768697995895	0.0	0.8919196050576219	0.6678768697995895	0.6678768697995895	0.19999999999999996	0.7105263157894737	0.9683403037850223
caudate	colon	0.8571428571428571	0.8048290522872981	0.545138236707366	0.9829451246994029	0.8433848917064585	0.6458358206433008	0.375	0.8070175438596492	0.9958648617578488
caudate	dorsal raphe	0.8571428571428571	0.6219603549581567	0.0	0.9194291108033447	0.6219603549581567	0.6219603549581567	0.125	0.5689655172413793	0.9617383047152838
caudate	duodenum	0.875	0.813475862227656	0.6125564329783904	0.9824104104329914	0.8433848917064585	0.6830355136795406	0.375	0.8035714285714286	0.995797317813078
caudate	endometrium	0.8333333333333334	0.7581307645696287	0.5604596578921904	0.9866708185496047	0.7792151968901301	0.6920423396932042	0.2857142857142857	0.8035714285714286	0.9968956983108369
caudate	endometrium 1	0.8333333333333334	0.7581307645696287	0.5604596578921904	0.9866708185496047	0.7792151968901301	0.6920423396932042	0.2857142857142857	0.8035714285714286	0.9968956983108369
caudate	endometrium 2	0.8333333333333334	0.7581307645696287	0.5604596578921904	0.9866708185496047	0.7792151968901301	0.6920423396932042	0.2857142857142857	0.8035714285714286	0.9968956983108369
caudate	epididymis	0.8571428571428571	0.8227006864874215	0.6566868022331713	0.9826798111825931	0.8433848917064585	0.7267222560241741	0.23076923076923073	0.8225806451612903	0.9958591482802039
caudate	esophagus	0.875	0.8433848917064585	0.6566868022331713	0.9814352798233615	0.8433848917064585	0.8433848917064585	0.33333333333333337	0.7962962962962963	0.995696615312625
caudate	eye	0.8571428571428571	0.7223247353381507	0.7821109108642212	0.9876587876623091	0.7895578410705235	0.5474293035709779	0.2857142857142857	0.8181818181818181	0.9969515770439008
caudate	fallopian tube	0.8571428571428571	0.8147402109294224	0.6566868022331713	0.9824096284375332	0.8433848917064585	0.6887659054669595	0.23076923076923073	0.8307692307692307	0.9958584306080337
caudate	gallbladder	0.8571428571428571	0.8736105070148248	0.9363844065832057	0.9885738750982481	0.888355438389023	0.7716928027067386	0.23076923076923073	0.8382352941176471	0.9965684525562789
caudate	hair	0.875	0.8433848917064585	0.6566868022331713	0.9837722917278281	0.8433848917064585	0.8433848917064585	0.2857142857142857	0.8378378378378378	0.9951421894613417
caudate	heart muscle	0.8571428571428571	0.8061127188577878	0.6566868022331713	0.9846407006015887	0.8433848917064585	0.6511485952918817	0.33333333333333337	0.8309859154929577	0.995407725292496
caudate	hippocampus	0.8571428571428571	0.6185636657417057	0.0	0.7798973915712224	0.6314268678526613	0.5977038033313746	0.25	0.5178571428571428	0.9260662881939848
caudate	hypothalamus	0.8571428571428571	0.6219603549581567	0.0	0.8653948691372211	0.6219603549581567	0.6219603549581567	0.125	0.537037037037037	0.9498003410926988
caudate	kidney	0.8333333333333334	0.8458264053023716	0.907516116113322	0.9880758007762759	0.888355438389023	0.6125038363681908	0.23076923076923073	0.8253968253968254	0.9964213548077936
caudate	lactating breast	0.875	0.9252052291118771	0.9874523597467065	0.99593009649931	0.9357230679907763	0.7951004181182112	0.2857142857142857	0.8571428571428572	0.999105430195412
caudate	liver	0.8571428571428571	0.7338190777623144	0.6470278120253343	0.9883300763436195	0.7895578410705235	0.5801560445794984	0.23076923076923073	0.8260869565217391	0.9963629176921686
caudate	lung	0.8333333333333334	0.7920344957920555	0.6006324543351974	0.9832500829467794	0.8433848917064585	0.596467038142351	0.23076923076923073	0.8428571428571429	0.9960435193325733
caudate	lymph node	0.8333333333333334	0.7110704813566687	0.7821109108642212	0.9864315115862756	0.7895578410705235	0.5179090317609305	0.2857142857142857	0.7843137254901961	0.9971137116271268
caudate	nasopharynx	0.8571428571428571	0.8227006864874215	0.6566868022331713	0.9823820046646333	0.8433848917064585	0.7267222560241741	0.33333333333333337	0.8166666666666667	0.9958181900221578
caudate	oral mucosa	0.8571428571428571	0.8054554886279095	0.6566868022331713	0.9816114665717843	0.8433848917064585	0.6484197250664995	0.375	0.8035714285714286	0.9957320566412036
caudate	ovary	0.8571428571428571	0.8849698242611376	0.9822847526350741	0.9867009324051337	0.9057526794762822	0.7250796075483983	0.375	0.8113207547169812	0.9972576909905596
caudate	pancreas	0.875	0.9357230679907763	0.9874523597467065	0.9956387601889392	0.9357230679907763	0.9357230679907763	0.2857142857142857	0.86	0.9990669054806566
caudate	parathyroid gland	0.8571428571428571	0.7658712213437826	0.7821109108642212	0.9862711905479097	0.7895578410705235	0.6883886475066638	0.375	0.803921568627451	0.9971045720172275
caudate	pituitary gland	0.8333333333333334	0.6526571297537809	0.3008656332064954	0.92778028027515	0.7032818876528071	0.5575332276525595	0.07692307692307687	0.6551724137931034	0.9742104918297168
caudate	placenta	0.8333333333333334	0.7309235894629883	0.41563066091411516	0.9865542465281366	0.7792151968901301	0.5997434723685958	0.2857142857142857	0.7884615384615384	0.9968702873385307
caudate	prostate	0.8571428571428571	0.8875170921620715	0.9813854281841474	0.9865213323711632	0.9057526794762822	0.7436339392630091	0.23076923076923073	0.8181818181818181	0.9972600471409266
caudate	rectum	0.8333333333333334	0.8156632858803494	0.6566868022331713	0.9812111591292757	0.8433848917064585	0.6929991915028876	0.375	0.7884615384615384	0.9956625683401242
caudate	retina	0.8333333333333334	0.7792151968901301	0.5604596578921904	0.985370020200614	0.7792151968901301	0.7792151968901301	0.2857142857142857	0.8	0.9950573737846643
caudate	salivary gland	0.875	0.8072861688803792	0.5369072660647771	0.9819825255958797	0.8433848917064585	0.6560671334721144	0.375	0.8135593220338984	0.9958022418576652
caudate	seminal vesicle	0.8571428571428571	0.8284285151593829	0.6566868022331713	0.9832351299064161	0.8433848917064585	0.7562120345095326	0.23076923076923073	0.8382352941176471	0.9960133158164788
caudate	skeletal muscle	0.8571428571428571	0.88028084479843	0.9363844065832057	0.9862860422728239	0.888355438389023	0.8209093093464498	0.23076923076923073	0.7959183673469388	0.9972146526548225
caudate	skin	0.8571428571428571	0.8405400721701483	0.9363844065832057	0.9863553373073691	0.888355438389023	0.5884972428560674	0.23076923076923073	0.7916666666666666	0.9972119458851422
caudate	skin 1	0.8571428571428571	0.8405400721701483	0.9363844065832057	0.9863553373073691	0.888355438389023	0.5884972428560674	0.23076923076923073	0.7916666666666666	0.9972119458851422
caudate	skin 2	0.8571428571428571	0.8405400721701483	0.9363844065832057	0.9863553373073691	0.888355438389023	0.5884972428560674	0.23076923076923073	0.7916666666666666	0.9972119458851422
caudate	small intestine	0.8571428571428571	0.8012591881137682	0.5339276780728596	0.9820186594398802	0.8433848917064585	0.631421867137529	0.33333333333333337	0.8	0.995733636298344
caudate	smooth muscle	0.875	0.8557639534973742	0.9363844065832057	0.9864802970653274	0.888355438389023	0.6623960774531598	0.2857142857142857	0.803921568627451	0.9972386829564682
caudate	soft tissue 1	0.8333333333333334	0.9209076700512444	0.9869217421090047	0.9956696090965552	0.9357230679907763	0.7484053097564323	0.4117647058823529	0.8431372549019608	0.9990716369784369
caudate	soft tissue 2	0.8333333333333334	0.9209076700512444	0.9869217421090047	0.9956696090965552	0.9357230679907763	0.7484053097564323	0.4117647058823529	0.8431372549019608	0.9990716369784369
caudate	sole of foot	0.875	0.9290014498596562	0.9874523597467065	0.9969173591316759	0.9357230679907763	0.8410504568200763	0.4117647058823529	0.8787878787878788	0.9992455761269147
caudate	spleen	0.8333333333333334	0.7483273091774119	0.7821109108642212	0.9884164334408597	0.7895578410705235	0.6257318345286524	0.33333333333333337	0.8333333333333334	0.997454222135794
caudate	stomach 1	0.875	0.8004939000151569	0.6091084593987848	0.9821723260187731	0.8433848917064585	0.6283990256374	0.33333333333333337	0.8035714285714286	0.9957551175717718
caudate	stomach 2	0.875	0.8004939000151569	0.6091084593987848	0.9821723260187731	0.8433848917064585	0.6283990256374	0.33333333333333337	0.8035714285714286	0.9957551175717718
caudate	substantia nigra	0.8333333333333334	0.44907059085841994	0.0	0.8028966344482852	0.44907059085841994	0.44907059085841994	0.0	0.42592592592592593	0.9142478320339313
caudate	testis	0.8571428571428571	0.8896726102604122	0.9817147622305141	0.9867010794159727	0.9057526794762822	0.7600040194760345	0.375	0.8113207547169812	0.9972576759443992
caudate	thymus	0.8571428571428571	0.7559123692504	0.7821109108642212	0.9869372788028328	0.7895578410705235	0.6517160679466769	0.23076923076923073	0.819672131147541	0.9971644708999964
caudate	thyroid gland	0.8571428571428571	0.7576242762778203	0.7628689076731454	0.9863512638798551	0.7895578410705235	0.6578055174372097	0.23076923076923073	0.7924528301886793	0.9971098143666997
caudate	tonsil	0.8888888888888888	0.7895578410705235	0.5836854486369032	0.9822742383376406	0.7895578410705235	0.7895578410705235	0.4117647058823529	0.8235294117647058	0.9958124176946946
caudate	urinary bladder	0.8571428571428571	0.8650045877722492	0.9336942150238041	0.9868766623185944	0.888355438389023	0.7153802962606485	0.23076923076923073	0.819672131147541	0.9961909438493041
caudate	vagina	0.8571428571428571	0.8147402109294224	0.6566868022331713	0.9823152390884108	0.8433848917064585	0.6887659054669595	0.23076923076923073	0.8166666666666667	0.99581131381049
cerebellum	cerebral cortex	0.75	0.5036610875699332	0.0	0.8664591252985183	0.5036610875699332	0.5036610875699332	0.1428571428571429	0.5454545454545454	0.9446650852238472
cerebellum	cervix	0.8333333333333334	0.8189646205836915	0.6566868022331713	0.9125229153047171	0.8433848917064585	0.7084926336213122	0.23076923076923073	0.7441860465116279	0.9705697613902933
cerebellum	choroid plexus	0.75	0.5036610875699332	0.0	0.8882141001074915	0.5036610875699332	0.5036610875699332	0.1428571428571429	0.6721311475409837	0.9528849280938947
cerebellum	colon	0.8333333333333334	0.8048290522872981	0.545138236707366	0.9281799351181483	0.8433848917064585	0.6458358206433008	0.33333333333333337	0.725	0.9728974587354929
cerebellum	dorsal raphe	0.8	0.7474031619488031	0.4625621978572738	0.9069616666060205	0.7474031619488031	0.7474031619488031	0.19999999999999996	0.625	0.9593127617353652
cerebellum	duodenum	0.8571428571428571	0.813475862227656	0.6125564329783904	0.9176360552537492	0.8433848917064585	0.6830355136795406	0.33333333333333337	0.717948717948718	0.9697064333290779
cerebellum	endometrium	0.8	0.7581307645696287	0.5604596578921904	0.9228792625088075	0.7792151968901301	0.6920423396932042	0.23076923076923073	0.717948717948718	0.9732557860401244
cerebellum	endometrium 1	0.8	0.7581307645696287	0.5604596578921904	0.9228792625088075	0.7792151968901301	0.6920423396932042	0.23076923076923073	0.717948717948718	0.9732557860401244
cerebellum	endometrium 2	0.8	0.7581307645696287	0.5604596578921904	0.9228792625088075	0.7792151968901301	0.6920423396932042	0.23076923076923073	0.717948717948718	0.9732557860401244
cerebellum	epididymis	0.8333333333333334	0.647831364252628	0.0	0.9175842871466726	0.6889162855035508	0.5722536498212664	0.0	0.7272727272727273	0.961582917516722
cerebellum	esophagus	0.8571428571428571	0.8433848917064585	0.6566868022331713	0.8907705049854326	0.8433848917064585	0.8433848917064585	0.2857142857142857	0.7027027027027026	0.9635598444509038
cerebellum	eye	0.8333333333333334	0.7490078576741738	0.892709300605116	0.9472925106810107	0.8097802180194039	0.5676516805198583	0.23076923076923073	0.78	0.9832376822708428
cerebellum	fallopian tube	0.8333333333333334	0.8147402109294224	0.6566868022331713	0.9176189062773047	0.8433848917064585	0.6887659054669595	0.16666666666666663	0.7708333333333334	0.9726187847784059
cerebellum	gallbladder	0.8333333333333334	0.8736105070148248	0.9363844065832057	0.960725871659558	0.888355438389023	0.7716928027067386	0.16666666666666663	0.7843137254901961	0.9842119338348788
cerebellum	hair	0.8571428571428571	0.6889162855035508	0.0	0.9365255153396687	0.6889162855035508	0.6889162855035508	0.07692307692307687	0.7678571428571428	0.9696295449042764
cerebellum	heart muscle	0.8333333333333334	0.8061127188577878	0.6566868022331713	0.950972128227873	0.8433848917064585	0.6511485952918817	0.2857142857142857	0.7777777777777778	0.9819199284326704
cerebellum	hippocampus	0.8	0.7385875324385598	0.4625621978572738	0.8938346308223768	0.7474031619488031	0.7136800974275164	0.19999999999999996	0.5957446808510638	0.9586995450482713
cerebellum	hypothalamus	0.6666666666666666	0.36369093673525166	0.0	0.8317967852458714	0.36369093673525166	0.36369093673525166	0.06666666666666665	0.5238095238095238	0.9164805973505336
cerebellum	kidney	0.8	0.8458264053023716	0.907516116113322	0.9541418890058422	0.888355438389023	0.6125038363681908	0.16666666666666663	0.7608695652173914	0.9805298297334216
cerebellum	lactating breast	0.8571428571428571	0.9252052291118771	0.9874523597467065	0.97979246062022	0.9357230679907763	0.7951004181182112	0.23076923076923073	0.7948717948717949	0.9935533241072064
cerebellum	liver	0.8333333333333334	0.8587847011092915	0.8969451142014736	0.9576875087037773	0.888355438389023	0.6789536418979979	0.16666666666666663	0.7924528301886793	0.9816907863306912
cerebellum	lung	0.8	0.7920344957920555	0.6006324543351974	0.9332942584778355	0.8433848917064585	0.596467038142351	0.16666666666666663	0.7924528301886793	0.9790868926930566
cerebellum	lymph node	0.8	0.8706018171887927	0.9874015050572112	0.9141151459777769	0.9057526794762822	0.6341038701666892	0.23076923076923073	0.7142857142857143	0.9740321160273849
cerebellum	nasopharynx	0.8333333333333334	0.8227006864874215	0.6566868022331713	0.917009499289961	0.8433848917064585	0.7267222560241741	0.2857142857142857	0.7441860465116279	0.970758463442671
cerebellum	oral mucosa	0.8333333333333334	0.8054554886279095	0.6566868022331713	0.896599584114208	0.8433848917064585	0.6484197250664995	0.33333333333333337	0.717948717948718	0.9659538719097925
cerebellum	ovary	0.8333333333333334	0.8849698242611376	0.9822847526350741	0.9238765748292502	0.9057526794762822	0.7250796075483983	0.33333333333333337	0.7222222222222222	0.976712085007814
cerebellum	pancreas	0.8333333333333334	0.9357230679907763	0.9874523597467065	0.9697638606555934	0.9357230679907763	0.9357230679907763	0.23076923076923073	0.7878787878787878	0.990822803792875
cerebellum	parathyroid gland	0.8333333333333334	0.8951445368262265	0.9874015050572112	0.9072601169646412	0.9057526794762822	0.8045834859124226	0.33333333333333337	0.7428571428571429	0.9732421127719747
cerebellum	pituitary gland	0.8	0.7043061845811442	0.3008656332064954	0.7325152249074021	0.7474031619488031	0.6016545019485553	0.0	0.5813953488372092	0.8798421746653782
cerebellum	placenta	0.8	0.7309235894629883	0.41563066091411516	0.9188064106073757	0.7792151968901301	0.5997434723685958	0.23076923076923073	0.6857142857142857	0.971244351521633
cerebellum	prostate	0.8333333333333334	0.8875170921620715	0.9813854281841474	0.9175912158835852	0.9057526794762822	0.7436339392630091	0.16666666666666663	0.736842105263158	0.9768809131361257
cerebellum	rectum	0.8	0.8156632858803494	0.6566868022331713	0.8825257823436733	0.8433848917064585	0.6929991915028876	0.33333333333333337	0.6857142857142857	0.9609652639250628
cerebellum	retina	0.75	0.5036610875699332	0.0	0.9545936365849111	0.5036610875699332	0.5036610875699332	0.07692307692307687	0.7192982456140351	0.9777902863561981
cerebellum	salivary gland	0.8571428571428571	0.8072861688803792	0.5369072660647771	0.907331038242259	0.8433848917064585	0.6560671334721144	0.33333333333333337	0.7380952380952381	0.9699604265846787
cerebellum	seminal vesicle	0.8333333333333334	0.6592085183387674	0.0	0.9281356394157233	0.6889162855035508	0.6017434283066249	0.0	0.76	0.9694658250421117
cerebellum	skeletal muscle	0.8333333333333334	0.88028084479843	0.9363844065832057	0.9079336342663437	0.888355438389023	0.8209093093464498	0.16666666666666663	0.6875	0.9731947830758924
cerebellum	skin	0.8333333333333334	0.8405400721701483	0.9363844065832057	0.9109690522421758	0.888355438389023	0.5884972428560674	0.16666666666666663	0.6774193548387097	0.972941977809075
cerebellum	skin 1	0.8333333333333334	0.8405400721701483	0.9363844065832057	0.9109690522421758	0.888355438389023	0.5884972428560674	0.16666666666666663	0.6774193548387097	0.972941977809075
cerebellum	skin 2	0.8333333333333334	0.8405400721701483	0.9363844065832057	0.9109690522421758	0.888355438389023	0.5884972428560674	0.16666666666666663	0.6774193548387097	0.972941977809075
cerebellum	small intestine	0.8333333333333334	0.8012591881137682	0.5339276780728596	0.9082790225676649	0.8433848917064585	0.631421867137529	0.2857142857142857	0.7105263157894737	0.966054134961959
cerebellum	smooth muscle	0.8571428571428571	0.8557639534973742	0.9363844065832057	0.9160330070275003	0.888355438389023	0.6623960774531598	0.23076923076923073	0.7058823529411764	0.975266227454803
cerebellum	soft tissue 1	0.8	0.9209076700512444	0.9869217421090047	0.9711869066735392	0.9357230679907763	0.7484053097564323	0.375	0.7647058823529411	0.9912608638842874
cerebellum	soft tissue 2	0.8	0.9209076700512444	0.9869217421090047	0.9711869066735392	0.9357230679907763	0.7484053097564323	0.375	0.7647058823529411	0.9912608638842874
cerebellum	sole of foot	0.8571428571428571	0.9290014498596562	0.9874523597467065	0.9921983240608226	0.9357230679907763	0.8410504568200763	0.375	0.8367346938775511	0.9972434912908081
cerebellum	spleen	0.8	0.8872874290984066	0.9874015050572112	0.9588011402264287	0.9057526794762822	0.7419266729344112	0.2857142857142857	0.8	0.9884640649844612
cerebellum	stomach 1	0.8571428571428571	0.8004939000151569	0.6091084593987848	0.9121419189617903	0.8433848917064585	0.6283990256374	0.2857142857142857	0.717948717948718	0.9673680473979325
cerebellum	stomach 2	0.8571428571428571	0.8004939000151569	0.6091084593987848	0.9121419189617903	0.8433848917064585	0.6283990256374	0.2857142857142857	0.717948717948718	0.9673680473979325
cerebellum	substantia nigra	0.8333333333333334	0.7474031619488031	0.4625621978572738	0.8552689061842829	0.7474031619488031	0.7474031619488031	0.07692307692307687	0.6122448979591837	0.9338533090558305
cerebellum	testis	0.8333333333333334	0.8896726102604122	0.9817147622305141	0.9238813912113477	0.9057526794762822	0.7600040194760345	0.33333333333333337	0.7222222222222222	0.9767109999022849
cerebellum	thymus	0.8333333333333334	0.8906844270741313	0.9874015050572112	0.9310204344536325	0.9057526794762822	0.7679109063524356	0.16666666666666663	0.7777777777777778	0.9777564421780418
cerebellum	thyroid gland	0.8333333333333334	0.8914511111413393	0.9862889193795464	0.9107953388521753	0.9057526794762822	0.7740003558429684	0.16666666666666663	0.7297297297297297	0.9737004165946931
cerebellum	tonsil	0.875	0.8433848917064585	0.5836854486369032	0.9145627044131611	0.8433848917064585	0.8433848917064585	0.375	0.7884615384615384	0.9749480161935468
cerebellum	urinary bladder	0.8333333333333334	0.8650045877722492	0.9336942150238041	0.9292958757421063	0.888355438389023	0.7153802962606485	0.16666666666666663	0.75	0.970978733382369
cerebellum	vagina	0.8333333333333334	0.8147402109294224	0.6566868022331713	0.9155068881358641	0.8433848917064585	0.6887659054669595	0.16666666666666663	0.7441860465116279	0.9704188994471814
cerebral cortex	cervix	0.8	0.8189646205836915	0.6566868022331713	0.9615634955307004	0.8433848917064585	0.7084926336213122	0.23076923076923073	0.7843137254901961	0.9882151423892079
cerebral cortex	choroid plexus	0.6666666666666666	0.5036610875699332	0.0	0.8259150950210663	0.5036610875699332	0.5036610875699332	0.1428571428571429	0.6716417910447761	0.9366103359802632
cerebral cortex	colon	0.8	0.8048290522872981	0.545138236707366	0.9649234243753021	0.8433848917064585	0.6458358206433008	0.33333333333333337	0.7708333333333334	0.9886069623753378
cerebral cortex	dorsal raphe	0.8	0.7091767609411819	0.0	0.912793280488976	0.7091767609411819	0.7091767609411819	0.19999999999999996	0.5769230769230769	0.9509891810026129
cerebral cortex	duodenum	0.8333333333333334	0.813475862227656	0.6125564329783904	0.9625840973810849	0.8433848917064585	0.6830355136795406	0.33333333333333337	0.7659574468085106	0.9880791029154061
cerebral cortex	endometrium	0.75	0.7581307645696287	0.5604596578921904	0.9698891787183528	0.7792151968901301	0.6920423396932042	0.23076923076923073	0.7659574468085106	0.9907476357130002
cerebral cortex	endometrium 1	0.75	0.7581307645696287	0.5604596578921904	0.9698891787183528	0.7792151968901301	0.6920423396932042	0.23076923076923073	0.7659574468085106	0.9907476357130002
cerebral cortex	endometrium 2	0.75	0.7581307645696287	0.5604596578921904	0.9698891787183528	0.7792151968901301	0.6920423396932042	0.23076923076923073	0.7659574468085106	0.9907476357130002
cerebral cortex	epididymis	0.8	0.8005620624580003	0.6314184570624248	0.9637823996202385	0.8238290179066888	0.7071663822244044	0.16666666666666663	0.7692307692307692	0.9877994577307312
cerebral cortex	esophagus	0.8333333333333334	0.8433848917064585	0.6566868022331713	0.9578777196946041	0.8433848917064585	0.8433848917064585	0.2857142857142857	0.7555555555555555	0.9872315837964678
cerebral cortex	eye	0.8	0.7490078576741738	0.6314184570624248	0.9745005984340368	0.8097802180194039	0.5676516805198583	0.23076923076923073	0.7894736842105263	0.9915502106559577
cerebral cortex	fallopian tube	0.8	0.7916075955980472	0.6314184570624248	0.96258055881724	0.8238290179066888	0.6692100316671898	0.16666666666666663	0.7818181818181819	0.9877936114417227
cerebral cortex	gallbladder	0.8	0.8736105070148248	0.9363844065832057	0.9781210465877644	0.888355438389023	0.7716928027067386	0.16666666666666663	0.8135593220338984	0.9916638931019633
cerebral cortex	hair	0.8333333333333334	0.8433848917064585	0.6566868022331713	0.9682517406078067	0.8433848917064585	0.8433848917064585	0.23076923076923073	0.8153846153846154	0.9880575982468902
cerebral cortex	heart muscle	0.8	0.8061127188577878	0.6566868022331713	0.971413812977914	0.8433848917064585	0.6511485952918817	0.2857142857142857	0.8064516129032258	0.9895439273145658
cerebral cortex	hippocampus	0.75	0.5973478129150727	0.0	0.14901833110985885	0.6109264785997748	0.5772034140784883	0.19999999999999996	0.15000000000000002	0.5200235718269252
cerebral cortex	hypothalamus	0.75	0.5036610875699332	0.0	0.7603237486538637	0.5036610875699332	0.5036610875699332	0.19999999999999996	0.4444444444444444	0.8906081951909037
cerebral cortex	kidney	0.75	0.7567197792815124	0.4641588518010705	0.9762189930107673	0.8238290179066888	0.5479774158858567	0.16666666666666663	0.7735849056603774	0.9900521624446296
cerebral cortex	lactating breast	0.8333333333333334	0.9252052291118771	0.9874523597467065	0.9911891735272176	0.9357230679907763	0.7951004181182112	0.23076923076923073	0.8297872340425532	0.9974627318270697
cerebral cortex	liver	0.8	0.8587847011092915	0.8969451142014736	0.9772093556273996	0.888355438389023	0.6789536418979979	0.16666666666666663	0.819672131147541	0.9910102989630343
cerebral cortex	lung	0.75	0.7660667127390092	0.5712384285316631	0.9661894671461139	0.8238290179066888	0.5769111643425814	0.16666666666666663	0.8	0.9891915812644424
cerebral cortex	lymph node	0.75	0.8706018171887927	0.9874015050572112	0.9686397169775752	0.9057526794762822	0.6341038701666892	0.23076923076923073	0.7674418604651163	0.9915524235355844
cerebral cortex	nasopharynx	0.8	0.8227006864874215	0.6566868022331713	0.9624553320826855	0.8433848917064585	0.7267222560241741	0.2857142857142857	0.7843137254901961	0.988245516986098
cerebral cortex	oral mucosa	0.8	0.8054554886279095	0.6566868022331713	0.9587739534613566	0.8433848917064585	0.6484197250664995	0.33333333333333337	0.7659574468085106	0.9875386163841133
cerebral cortex	ovary	0.8	0.8849698242611376	0.9822847526350741	0.9700424183298391	0.9057526794762822	0.7250796075483983	0.33333333333333337	0.7727272727272727	0.9918572589050441
cerebral cortex	pancreas	0.8333333333333334	0.9357230679907763	0.9874523597467065	0.9896995625938204	0.9357230679907763	0.9357230679907763	0.23076923076923073	0.8292682926829268	0.9971262032234337
cerebral cortex	parathyroid gland	0.8	0.8951445368262265	0.9874015050572112	0.9677698178299734	0.9057526794762822	0.8045834859124226	0.33333333333333337	0.7906976744186046	0.9914705023773553
cerebral cortex	pituitary gland	0.8	0.6526571297537809	0.3008656332064954	0.8530298472122696	0.7032818876528071	0.5575332276525595	0.0	0.62	0.9294454963670059
cerebral cortex	placenta	0.75	0.7309235894629883	0.41563066091411516	0.9692876712097358	0.7792151968901301	0.5997434723685958	0.23076923076923073	0.7441860465116279	0.9905181808393833
cerebral cortex	prostate	0.8	0.8875170921620715	0.9813854281841474	0.9691154029303866	0.9057526794762822	0.7436339392630091	0.16666666666666663	0.782608695652174	0.9918779974017612
cerebral cortex	rectum	0.75	0.8156632858803494	0.6566868022331713	0.9567059738779893	0.8433848917064585	0.6929991915028876	0.33333333333333337	0.7441860465116279	0.9869271140198469
cerebral cortex	retina	0.6666666666666666	0.5036610875699332	0.0	0.9738408817562676	0.5036610875699332	0.5036610875699332	0.23076923076923073	0.7538461538461538	0.9888916163669997
cerebral cortex	salivary gland	0.8333333333333334	0.8072861688803792	0.5369072660647771	0.9605934134004821	0.8433848917064585	0.6560671334721144	0.33333333333333337	0.78	0.9881186353243622
cerebral cortex	seminal vesicle	0.8	0.8070051011494551	0.6314184570624248	0.9661284849176263	0.8238290179066888	0.7366561607097629	0.16666666666666663	0.7931034482758621	0.9889775790591512
cerebral cortex	skeletal muscle	0.8	0.88028084479843	0.9363844065832057	0.967851552061548	0.888355438389023	0.8209093093464498	0.16666666666666663	0.75	0.9914656989195154
cerebral cortex	skin	0.8	0.8405400721701483	0.9363844065832057	0.9682297826961699	0.888355438389023	0.5884972428560674	0.16666666666666663	0.7435897435897436	0.991440236452993
cerebral cortex	skin 1	0.8	0.8405400721701483	0.9363844065832057	0.9682297826961699	0.888355438389023	0.5884972428560674	0.16666666666666663	0.7435897435897436	0.991440236452993
cerebral cortex	skin 2	0.8	0.8405400721701483	0.9363844065832057	0.9682297826961699	0.888355438389023	0.5884972428560674	0.16666666666666663	0.7435897435897436	0.991440236452993
cerebral cortex	small intestine	0.8	0.8012591881137682	0.5339276780728596	0.960765850712011	0.8433848917064585	0.631421867137529	0.2857142857142857	0.7608695652173914	0.9875520734257379
cerebral cortex	smooth muscle	0.8333333333333334	0.8557639534973742	0.9363844065832057	0.9688991019786614	0.888355438389023	0.6623960774531598	0.23076923076923073	0.7619047619047619	0.9916873505916894
cerebral cortex	soft tissue 1	0.75	0.9209076700512444	0.9869217421090047	0.9898700011257424	0.9357230679907763	0.7484053097564323	0.375	0.8095238095238095	0.9971706155157584
cerebral cortex	soft tissue 2	0.75	0.9209076700512444	0.9869217421090047	0.9898700011257424	0.9357230679907763	0.7484053097564323	0.375	0.8095238095238095	0.9971706155157584
cerebral cortex	sole of foot	0.8333333333333334	0.8054063267420618	0.6314184570624248	0.9947967571155288	0.8238290179066888	0.7291564067359888	0.375	0.8392857142857143	0.9978219171292
cerebral cortex	spleen	0.75	0.8872874290984066	0.9874015050572112	0.9775364126207865	0.9057526794762822	0.7419266729344112	0.2857142857142857	0.8275862068965517	0.9939959300297324
cerebral cortex	stomach 1	0.8333333333333334	0.8004939000151569	0.6091084593987848	0.9614901183770828	0.8433848917064585	0.6283990256374	0.2857142857142857	0.7659574468085106	0.9877331928533082
cerebral cortex	stomach 2	0.8333333333333334	0.8004939000151569	0.6091084593987848	0.9614901183770828	0.8433848917064585	0.6283990256374	0.2857142857142857	0.7659574468085106	0.9877331928533082
cerebral cortex	substantia nigra	0.8	0.7091767609411819	0.0	0.8814022568678642	0.7091767609411819	0.7091767609411819	0.07692307692307687	0.5384615384615384	0.9321546363528214
cerebral cortex	testis	0.8	0.8896726102604122	0.9817147622305141	0.9700431642879833	0.9057526794762822	0.7600040194760345	0.33333333333333337	0.7727272727272727	0.9918571262453919
cerebral cortex	thymus	0.8	0.8906844270741313	0.9874015050572112	0.9712155813134546	0.9057526794762822	0.7679109063524356	0.16666666666666663	0.8113207547169812	0.9919887764429131
cerebral cortex	thyroid gland	0.8	0.8914511111413393	0.9862889193795464	0.9682076900864861	0.9057526794762822	0.7740003558429684	0.16666666666666663	0.7777777777777778	0.991517621143541
cerebral cortex	tonsil	0.8571428571428571	0.8433848917064585	0.5836854486369032	0.9619625196069246	0.8433848917064585	0.8433848917064585	0.375	0.8166666666666667	0.9889859342691323
cerebral cortex	urinary bladder	0.8	0.8650045877722492	0.9336942150238041	0.9709195956429361	0.888355438389023	0.7153802962606485	0.16666666666666663	0.7884615384615384	0.9890204705293794
cerebral cortex	vagina	0.8	0.8147402109294224	0.6566868022331713	0.9621508220280712	0.8433848917064585	0.6887659054669595	0.16666666666666663	0.7843137254901961	0.9881910262332567
cervix	choroid plexus	0.8333333333333334	0.8189646205836915	0.6566868022331713	0.9684313479725537	0.8433848917064585	0.7084926336213122	0.23076923076923073	0.8382352941176471	0.9900740449405631
cervix	colon	0.8	0.5912883265239919	0.545138236707366	0.8715061486517252	0.62635820857115	0.39471964934447973	0.1428571428571429	0.6	0.9348563626717479
cervix	dorsal raphe	0.8333333333333334	0.8910571296991192	0.9874015050572112	0.981372359445678	0.9057526794762822	0.7708604213911359	0.2857142857142857	0.8148148148148149	0.9941289085100461
cervix	duodenum	0.8333333333333334	0.6128616054983058	0.6125564329783904	0.8462668043673194	0.62635820857115	0.43191934238071966	0.1428571428571429	0.5882352941176471	0.9233730101051284
cervix	endometrium	0.75	0.40813688047121977	0.6248522037967155	0.8589528515827747	0.442344119462309	0.3175039170585131	0.0	0.5882352941176471	0.9011196396758268
cervix	endometrium 1	0.75	0.40813688047121977	0.6248522037967155	0.8589528515827747	0.442344119462309	0.3175039170585131	0.0	0.5882352941176471	0.9011196396758268
cervix	endometrium 2	0.75	0.40813688047121977	0.6248522037967155	0.8589528515827747	0.442344119462309	0.3175039170585131	0.0	0.5882352941176471	0.9011196396758268
cervix	epididymis	0.75	0.2796425363981172	0.0	0.8302302682235436	0.29677084918327756	0.20929708786163392	0.0	0.5405405405405406	0.8807783449187598
cervix	esophagus	0.8333333333333334	0.6846184489075235	0.6566868022331713	0.770863298953868	0.7271609784927837	0.5922687204076373	0.07692307692307687	0.5625	0.897483473763893
cervix	eye	0.8	0.8487151419248853	0.9874015050572112	0.9320471719678867	0.8709321801430095	0.5287318838915904	0.16666666666666663	0.7959183673469388	0.9810032698410014
cervix	fallopian tube	0.75	0.23248025624192536	0.0	0.5055862299821658	0.25321475677429817	0.16517460797641315	0.0	0.45945945945945943	0.7743770847958622
cervix	gallbladder	0.75	0.8740758410484794	0.9874015050572112	0.9528424446551291	0.8770700050444283	0.6541977857088515	0.09090909090909094	0.8	0.9864182313864638
cervix	hair	0.8333333333333334	0.8189646205836915	0.6566868022331713	0.9277752388747951	0.8433848917064585	0.7084926336213122	0.16666666666666663	0.8035714285714286	0.9776525081617342
cervix	heart muscle	0.8	0.7672436401620538	0.6566868022331713	0.9422959547731864	0.7855220660726697	0.5162563372067356	0.23076923076923073	0.7924528301886793	0.9832674421531371
cervix	hippocampus	0.8333333333333334	0.8116213678792616	0.6566868022331713	0.9701638356134814	0.83205784333644	0.6747695691000256	0.2857142857142857	0.7924528301886793	0.9913482422768948
cervix	hypothalamus	0.8333333333333334	0.8910571296991192	0.9874015050572112	0.9655945437595354	0.9057526794762822	0.7708604213911359	0.2857142857142857	0.8	0.9907395138568726
cervix	kidney	0.75	0.8400571260221942	0.9816844003041527	0.9430194507055771	0.8709321801430095	0.4950088193703038	0.09090909090909094	0.7777777777777778	0.9823731993289224
cervix	lactating breast	0.8	0.9112791516136929	0.9874523597467065	0.9722434519342384	0.9119753916034276	0.6602081600330649	0.16666666666666663	0.7837837837837838	0.9906419469064597
cervix	liver	0.8	0.856265874693573	0.9795909086463123	0.9483927915847491	0.8709321801430095	0.5614586249001108	0.09090909090909094	0.8076923076923077	0.9836935920162118
cervix	lung	0.75	0.5586485210311076	0.6006324543351974	0.8830094585679126	0.62635820857115	0.34535086684353006	0.0	0.7083333333333333	0.9541582768882605
cervix	lymph node	0.75	0.8411898189652721	0.9874015050572112	0.8646261622665325	0.8709321801430095	0.4992116120815429	0.16666666666666663	0.696969696969697	0.9553223547930585
cervix	nasopharynx	0.8	0.6354588743580678	0.6566868022331713	0.8446980700340672	0.6441267576501055	0.475606084725353	0.07692307692307687	0.631578947368421	0.9272895389320279
cervix	oral mucosa	0.8	0.5928642178937865	0.6566868022331713	0.7887693523563494	0.62635820857115	0.3973035537676785	0.1428571428571429	0.5882352941176471	0.9082289540156565
cervix	ovary	0.75	0.32728281039857254	0.4724896871945823	0.7402635329331192	0.3694587723001622	0.22400370232755507	0.1428571428571429	0.48275862068965514	0.8607845599363
cervix	pancreas	0.8333333333333334	0.9257006625938276	0.9874523597467065	0.9490161644894309	0.9357230679907763	0.80083080990563	0.16666666666666663	0.7741935483870968	0.9835274008964151
cervix	parathyroid gland	0.8	0.8766297096446355	0.9874015050572112	0.8467738812983451	0.8818454856009118	0.6696912278272762	0.2857142857142857	0.7272727272727273	0.9529314539916445
cervix	pituitary gland	0.75	0.3971279138442805	0.608492332247144	0.8549083839931474	0.4060910511861181	0.28567757150568435	0.0	0.7173913043478262	0.9445335719821738
cervix	placenta	0.6666666666666666	0.32846152188751543	0.5012406172422086	0.8475699961332124	0.3694587723001622	0.22520504973390476	0.0	0.5333333333333333	0.8877420432071913
cervix	prostate	0.75	0.43461825676131594	0.6580702113335917	0.8551049325087983	0.4556988230718587	0.30553185444191866	0.09090909090909094	0.6470588235294117	0.9317951924713879
cervix	rectum	0.75	0.6182585598536336	0.6566868022331713	0.7438280521335261	0.62635820857115	0.4418830202040664	0.1428571428571429	0.5333333333333333	0.8847246345508858
cervix	retina	0.8333333333333334	0.8189646205836915	0.6566868022331713	0.9513984265495394	0.8433848917064585	0.7084926336213122	0.16666666666666663	0.8166666666666667	0.9858960294356218
cervix	salivary gland	0.8333333333333334	0.5974578732697462	0.5369072660647771	0.8193958416163718	0.62635820857115	0.40495096217329335	0.1428571428571429	0.6216216216216216	0.9243309170930004
cervix	seminal vesicle	0.75	0.30694968311335524	0.0	0.8575801079109457	0.34700512336695055	0.23878686634699253	0.0	0.6046511627906976	0.9137946477655533
cervix	skeletal muscle	0.8	0.9064120953701267	0.9874269351633994	0.905873138147109	0.9137084604200093	0.7230101339198787	0.09090909090909094	0.7096774193548387	0.9726991985477483
cervix	skin	0.8	0.8679318197949241	0.9874269351633994	0.9108701969516679	0.8977678772834523	0.49059806742949624	0.09090909090909094	0.7	0.9722512190703234
cervix	skin 1	0.8	0.8679318197949241	0.9874269351633994	0.9108701969516679	0.8977678772834523	0.49059806742949624	0.09090909090909094	0.7	0.9722512190703234
cervix	skin 2	0.8	0.8679318197949241	0.9874269351633994	0.9108701969516679	0.8977678772834523	0.49059806742949624	0.09090909090909094	0.7	0.9722512190703234
cervix	small intestine	0.8	0.5822686546162282	0.5339276780728596	0.8219664640738463	0.62635820857115	0.38030569583870805	0.07692307692307687	0.5757575757575757	0.9086593825234591
cervix	smooth muscle	0.75	0.8832016458556032	0.9874269351633994	0.9187594759317372	0.8977678772834523	0.5644969020265885	0.16666666666666663	0.7272727272727273	0.9761505238794737
cervix	soft tissue 1	0.75	0.9051668901033482	0.9869217421090047	0.9529356352238358	0.9119753916034276	0.613513051671286	0.33333333333333337	0.75	0.9848871640422717
cervix	soft tissue 2	0.75	0.9051668901033482	0.9869217421090047	0.9529356352238358	0.9119753916034276	0.613513051671286	0.33333333333333337	0.75	0.9848871640422717
cervix	sole of foot	0.8333333333333334	0.9165706112763324	0.9874523597467065	0.9912830209317142	0.9207098585234104	0.70615819873493	0.33333333333333337	0.8297872340425532	0.9968205405446885
cervix	spleen	0.75	0.8656070509613493	0.9874015050572112	0.9500398970728503	0.8709321801430095	0.6070344148492648	0.23076923076923073	0.7916666666666666	0.9858274836301764
cervix	stomach 1	0.8	0.5803263485753986	0.6091084593987848	0.8322298293443752	0.62635820857115	0.37728285433857905	0.07692307692307687	0.5882352941176471	0.9141638551823017
cervix	stomach 2	0.8	0.5803263485753986	0.6091084593987848	0.8322298293443752	0.62635820857115	0.37728285433857905	0.07692307692307687	0.5882352941176471	0.9141638551823017
cervix	substantia nigra	0.8333333333333334	0.8189646205836915	0.6566868022331713	0.957927086810651	0.8433848917064585	0.7084926336213122	0.16666666666666663	0.8	0.9856781278645744
cervix	testis	0.75	0.3971279138442805	0.5631928106413	0.7402878432323526	0.4060910511861181	0.28567757150568435	0.1428571428571429	0.5806451612903225	0.8905862578230449
cervix	thymus	0.8	0.8704087299995726	0.9874015050572112	0.9023485382323431	0.8709321801430095	0.6330186482672895	0.09090909090909094	0.7674418604651163	0.9653142568811218
cervix	thyroid gland	0.8	0.8714847969016633	0.9862889193795464	0.8561902553458369	0.8720327016675182	0.6391080977578221	0.09090909090909094	0.7142857142857143	0.9543313686800161
cervix	tonsil	0.8571428571428571	0.6846184489075235	0.5836854486369032	0.8384936871777667	0.7271609784927837	0.5922687204076373	0.19999999999999996	0.7021276595744681	0.9416510565791296
cervix	urinary bladder	0.75	0.8638305426549872	0.9868687368641331	0.8988560792396832	0.8709321801430095	0.5978852792627614	0.09090909090909094	0.7674418604651163	0.9695944555167455
cervix	vagina	0.75	0.23248025624192536	0.0	0.48847770647172883	0.25321475677429817	0.16517460797641315	0.0	0.2666666666666667	0.6593853692112256
choroid plexus	colon	0.8333333333333334	0.8048290522872981	0.545138236707366	0.9707338038871182	0.8433848917064585	0.6458358206433008	0.33333333333333337	0.8307692307692307	0.9903534704912079
choroid plexus	dorsal raphe	0.8	0.7474031619488031	0.4625621978572738	0.9373471448212297	0.7474031619488031	0.7474031619488031	0.19999999999999996	0.7361111111111112	0.9737387065841595
choroid plexus	duodenum	0.8571428571428571	0.813475862227656	0.6125564329783904	0.9691230930340798	0.8433848917064585	0.6830355136795406	0.33333333333333337	0.828125	0.989977712888949
choroid plexus	endometrium	0.8	0.7581307645696287	0.5604596578921904	0.9756493187097032	0.7792151968901301	0.6920423396932042	0.23076923076923073	0.828125	0.9923171801323949
choroid plexus	endometrium 1	0.8	0.7581307645696287	0.5604596578921904	0.9756493187097032	0.7792151968901301	0.6920423396932042	0.23076923076923073	0.828125	0.9923171801323949
choroid plexus	endometrium 2	0.8	0.7581307645696287	0.5604596578921904	0.9756493187097032	0.7792151968901301	0.6920423396932042	0.23076923076923073	0.828125	0.9923171801323949
choroid plexus	epididymis	0.8333333333333334	0.8227006864874215	0.6566868022331713	0.9699437452087374	0.8433848917064585	0.7267222560241741	0.16666666666666663	0.8428571428571429	0.9903223201240698
choroid plexus	esophagus	0.8571428571428571	0.8433848917064585	0.6566868022331713	0.9659869326525989	0.8433848917064585	0.8433848917064585	0.2857142857142857	0.8225806451612903	0.9893853670301259
choroid plexus	eye	0.8	0.6659893125961165	0.0	0.9000235253645191	0.7468628318464368	0.5047342943468911	0.0	0.696969696969697	0.9600645425377242
choroid plexus	fallopian tube	0.8333333333333334	0.7781898116723545	0.6566868022331713	0.9658630717821165	0.8124858781291674	0.6578668918896684	0.0	0.782608695652174	0.9786497708272396
choroid plexus	gallbladder	0.8333333333333334	0.7877208307432264	0.8640610076148241	0.9713530513469528	0.8124858781291674	0.695823242446883	0.0	0.7916666666666666	0.9830319527479534
choroid plexus	hair	0.8	0.7468628318464368	0.0	0.9087491655205637	0.7468628318464368	0.7468628318464368	0.0	0.7297297297297297	0.9595446031974325
choroid plexus	heart muscle	0.8333333333333334	0.5874436481252318	0.0	0.9461313167149645	0.6667519532719461	0.4745156568573694	0.1428571428571429	0.7	0.967168990088504
choroid plexus	hippocampus	0.8333333333333334	0.6562857727367053	0.0	0.8488883878985096	0.6678768697995895	0.6341538052783029	0.19999999999999996	0.7	0.9472524990021494
choroid plexus	hypothalamus	0.75	0.5036610875699332	0.0	0.9033374650984254	0.5036610875699332	0.5036610875699332	0.19999999999999996	0.6818181818181819	0.9548607933117055
choroid plexus	kidney	0.8	0.7410556698128234	0.8023728882783069	0.9692546491087665	0.8124858781291674	0.5366342761083353	0.0	0.7761194029850746	0.9813975140315678
choroid plexus	lactating breast	0.8571428571428571	0.7818023457995179	0.7753071407438439	0.9649287631692363	0.8124858781291674	0.6718632282566023	0.07692307692307687	0.7796610169491526	0.9848892618756148
choroid plexus	liver	0.8333333333333334	0.7338190777623144	0.6470278120253343	0.9703406095956826	0.7895578410705235	0.5801560445794984	0.0	0.7808219178082192	0.9816482388299194
choroid plexus	lung	0.8	0.7510044252698334	0.6006324543351974	0.9686265526483331	0.8124858781291674	0.56556802456506	0.0	0.7972972972972973	0.9807763398040701
choroid plexus	lymph node	0.8	0.7110704813566687	0.7821109108642212	0.9748386075026564	0.7895578410705235	0.5179090317609305	0.23076923076923073	0.8135593220338984	0.9927445281966042
choroid plexus	nasopharynx	0.8333333333333334	0.8227006864874215	0.6566868022331713	0.969035454957521	0.8433848917064585	0.7267222560241741	0.2857142857142857	0.8382352941176471	0.9900956016790479
choroid plexus	oral mucosa	0.8333333333333334	0.5860451834895781	0.0	0.9268187991341652	0.6667519532719461	0.47178678663198714	0.19999999999999996	0.7903225806451613	0.9769952926658992
choroid plexus	ovary	0.8333333333333334	0.8849698242611376	0.9822847526350741	0.975749634912993	0.9057526794762822	0.7250796075483983	0.33333333333333337	0.8360655737704918	0.9932320793381868
choroid plexus	pancreas	0.8333333333333334	0.9357230679907763	0.9874523597467065	0.9917981252693941	0.9357230679907763	0.9357230679907763	0.23076923076923073	0.8793103448275862	0.9976338427946799
choroid plexus	parathyroid gland	0.8333333333333334	0.7658712213437826	0.7821109108642212	0.9742816737415806	0.7895578410705235	0.6883886475066638	0.33333333333333337	0.8305084745762712	0.9926864963603578
choroid plexus	pituitary gland	0.8333333333333334	0.6526571297537809	0.3008656332064954	0.8769576830691512	0.7032818876528071	0.5575332276525595	0.0	0.676923076923077	0.9389868571043436
choroid plexus	placenta	0.8	0.7309235894629883	0.41563066091411516	0.975257431030706	0.7792151968901301	0.5997434723685958	0.23076923076923073	0.8166666666666667	0.9921596332091925
choroid plexus	prostate	0.8333333333333334	0.8875170921620715	0.9813854281841474	0.9751457456947645	0.9057526794762822	0.7436339392630091	0.16666666666666663	0.8412698412698413	0.9932464122137459
choroid plexus	rectum	0.8	0.8156632858803494	0.6566868022331713	0.9652269885205832	0.8433848917064585	0.6929991915028876	0.33333333333333337	0.8166666666666667	0.9891757933491429
choroid plexus	retina	0.6666666666666666	0.5036610875699332	0.0	0.9227417066616452	0.5036610875699332	0.5036610875699332	0.0	0.6388888888888888	0.9571631984445952
choroid plexus	salivary gland	0.8333333333333334	0.8072861688803792	0.5369072660647771	0.9677799015506455	0.8433848917064585	0.6560671334721144	0.33333333333333337	0.835820895522388	0.9900056704011142
choroid plexus	seminal vesicle	0.8333333333333334	0.8284285151593829	0.6566868022331713	0.9715774991702707	0.8433848917064585	0.7562120345095326	0.16666666666666663	0.8552631578947368	0.9911244724521523
choroid plexus	skeletal muscle	0.8333333333333334	0.88028084479843	0.9363844065832057	0.9743337436054889	0.888355438389023	0.8209093093464498	0.16666666666666663	0.8245614035087719	0.9929637576576689
choroid plexus	skin	0.8333333333333334	0.774188709274682	0.7753071407438439	0.9745753971728985	0.8419000754425434	0.5420418799095879	0.16666666666666663	0.8	0.9918785544705696
choroid plexus	skin 1	0.8333333333333334	0.774188709274682	0.7753071407438439	0.9745753971728985	0.8419000754425434	0.5420418799095879	0.16666666666666663	0.8	0.9918785544705696
choroid plexus	skin 2	0.8333333333333334	0.774188709274682	0.7753071407438439	0.9745753971728985	0.8419000754425434	0.5420418799095879	0.16666666666666663	0.8	0.9918785544705696
choroid plexus	small intestine	0.8333333333333334	0.8012591881137682	0.5339276780728596	0.9678952718567263	0.8433848917064585	0.631421867137529	0.2857142857142857	0.8253968253968254	0.9896077966151995
choroid plexus	smooth muscle	0.8333333333333334	0.8557639534973742	0.9363844065832057	0.9750058570222659	0.888355438389023	0.6623960774531598	0.23076923076923073	0.8305084745762712	0.9931151141726111
choroid plexus	soft tissue 1	0.8	0.9209076700512444	0.9869217421090047	0.9919065552200577	0.9357230679907763	0.7484053097564323	0.375	0.864406779661017	0.9976640329588763
choroid plexus	soft tissue 2	0.8	0.9209076700512444	0.9869217421090047	0.9919065552200577	0.9357230679907763	0.7484053097564323	0.375	0.864406779661017	0.9976640329588763
choroid plexus	sole of foot	0.8571428571428571	0.8253671251878293	0.7753071407438439	0.9900109188045925	0.8419000754425434	0.7472274642718435	0.375	0.8611111111111112	0.9966054759701
choroid plexus	spleen	0.8	0.7483273091774119	0.7821109108642212	0.9707023916886095	0.7895578410705235	0.6257318345286524	0.1428571428571429	0.7857142857142857	0.9847470228075236
choroid plexus	stomach 1	0.8571428571428571	0.8004939000151569	0.6091084593987848	0.9683818671340315	0.8433848917064585	0.6283990256374	0.2857142857142857	0.828125	0.9897343375674583
choroid plexus	stomach 2	0.8571428571428571	0.8004939000151569	0.6091084593987848	0.9683818671340315	0.8433848917064585	0.6283990256374	0.2857142857142857	0.828125	0.9897343375674583
choroid plexus	substantia nigra	0.8	0.7474031619488031	0.4625621978572738	0.9175058520037421	0.7474031619488031	0.7474031619488031	0.07692307692307687	0.7083333333333333	0.9638969269930484
choroid plexus	testis	0.8333333333333334	0.8896726102604122	0.9817147622305141	0.9757501237224264	0.9057526794762822	0.7600040194760345	0.33333333333333337	0.8360655737704918	0.9932319876935772
choroid plexus	thymus	0.8333333333333334	0.7446274957762493	0.0	0.9765241566666962	0.7798284945655282	0.6419867214416816	0.0	0.8059701492537313	0.989056251065134
choroid plexus	thyroid gland	0.8333333333333334	0.7576242762778203	0.7554642898146509	0.974561250487766	0.7895578410705235	0.6578055174372097	0.16666666666666663	0.8	0.9916593903224205
choroid plexus	tonsil	0.875	0.7895578410705235	0.5836854486369032	0.9687010161811833	0.7895578410705235	0.7895578410705235	0.375	0.8421052631578947	0.9903878442313379
choroid plexus	urinary bladder	0.8333333333333334	0.7732666435765835	0.8583123867144081	0.9636774440164593	0.8124858781291674	0.6395107360007929	0.0	0.7692307692307692	0.9784711578282421
choroid plexus	vagina	0.8333333333333334	0.8147402109294224	0.6566868022331713	0.9688286230158503	0.8433848917064585	0.6887659054669595	0.16666666666666663	0.8382352941176471	0.990056942273098
colon	dorsal raphe	0.8333333333333334	0.8825506742841148	0.9833080299219888	0.9824999329358461	0.9057526794762822	0.7082036084131245	0.375	0.803921568627451	0.9942826863283674
colon	duodenum	0.6666666666666666	0.2799421771578876	0.3608942196548063	0.6983311406396926	0.31937376986698707	0.17975130611818052	0.125	0.19999999999999996	0.758764366310692
colon	endometrium	0.75	0.8682368099242007	0.9833080299219888	0.9178247225835033	0.8858513518711687	0.6210307512161988	0.2857142857142857	0.7142857142857143	0.9675650791386569
colon	endometrium 1	0.75	0.8682368099242007	0.9833080299219888	0.9178247225835033	0.8858513518711687	0.6210307512161988	0.2857142857142857	0.7142857142857143	0.9675650791386569
colon	endometrium 2	0.75	0.8682368099242007	0.9833080299219888	0.9178247225835033	0.8858513518711687	0.6210307512161988	0.2857142857142857	0.7142857142857143	0.9675650791386569
colon	epididymis	0.8	0.6444944632721543	0.545138236707366	0.919684409146748	0.682001341417545	0.44198675797942305	0.07692307692307687	0.6578947368421053	0.9592401877419399
colon	esophagus	0.75	0.5893645225621951	0.5393500723674131	0.7203789497050569	0.6704851796756097	0.472936108612452	0.06666666666666665	0.28	0.7978945477016919
colon	eye	0.8	0.8317980470458057	0.9833080299219888	0.9449795639217051	0.8441940303258277	0.46607507091357897	0.2857142857142857	0.782608695652174	0.9825241660927344
colon	fallopian tube	0.8	0.5788429011832744	0.545138236707366	0.8793635381535112	0.6050173422439309	0.374992921190127	0.07692307692307687	0.65	0.940672974503178
colon	gallbladder	0.75	0.5195094119198129	0.7359178665439831	0.9271314088792482	0.5702025800291103	0.3562734729301676	0.07692307692307687	0.7333333333333334	0.9738488374243929
colon	hair	0.8333333333333334	0.8048290522872981	0.545138236707366	0.9387922015905364	0.8433848917064585	0.6458358206433008	0.2857142857142857	0.7924528301886793	0.9790206866883951
colon	heart muscle	0.8	0.7433442268563973	0.545138236707366	0.9495508204255374	0.7455594885475649	0.4535995242287242	0.33333333333333337	0.78	0.9840464509480086
colon	hippocampus	0.8333333333333334	0.7962671635265726	0.545138236707366	0.9722287737929183	0.83205784333644	0.6121127561220142	0.375	0.78	0.9915613025500928
colon	hypothalamus	0.8333333333333334	0.8825506742841148	0.9833080299219888	0.9692535985259948	0.9057526794762822	0.7082036084131245	0.375	0.7872340425531915	0.9911163962028618
colon	kidney	0.75	0.8210265078087542	0.9715365310049855	0.9524009492976974	0.8441940303258277	0.4323520063922924	0.23076923076923073	0.7619047619047619	0.9836902532013732
colon	lactating breast	0.8333333333333334	0.9028797438210086	0.9833754082048105	0.9787073704348972	0.9105718098449567	0.5975513470550535	0.2857142857142857	0.7647058823529411	0.991706010404772
colon	liver	0.8	0.4443718027789276	0.46428379536552333	0.921297190120741	0.45525903742024965	0.2635343121214268	0.07692307692307687	0.7446808510638299	0.968890686944845
colon	lung	0.75	0.5088698880365405	0.4412274802785502	0.9032330144456314	0.5489532426528099	0.28269405386551866	0.07692307692307687	0.6888888888888889	0.9575218030643575
colon	lymph node	0.75	0.8224435867175849	0.9833080299219888	0.9077994787872655	0.8441940303258277	0.4365547991035315	0.2857142857142857	0.6666666666666667	0.9629132337944072
colon	nasopharynx	0.8	0.5510838697012241	0.5393500723674131	0.7909129279138163	0.598445839789207	0.3779268664425197	0.06666666666666665	0.46875	0.8758333902237482
colon	oral mucosa	0.75	0.4932203420734925	0.5393500723674131	0.7362436884253447	0.49536676939341406	0.29962433548484524	0.125	0.3928571428571429	0.845785009080463
colon	ovary	0.8	0.8484228419180262	0.9729605741002044	0.9189560889381821	0.8524281664989537	0.5275305364852407	0.375	0.6774193548387097	0.9681482172090268
colon	pancreas	0.8333333333333334	0.9198992365871101	0.9833754082048105	0.9672679897435967	0.9357230679907763	0.7381739969276186	0.2857142857142857	0.75	0.9865620797746312
colon	parathyroid gland	0.8	0.8656070509613493	0.9833080299219888	0.8998525475753619	0.8818454856009118	0.6070344148492648	0.375	0.7	0.9612806027343216
colon	pituitary gland	0.8	0.8564839425995382	0.9759333122919198	0.9483353066855849	0.8669767621432516	0.5624549484128769	0.23076923076923073	0.782608695652174	0.9820711664177944
colon	placenta	0.75	0.8487151419248853	0.9751472550786953	0.9131844397262181	0.8529812691516357	0.5287318838915904	0.2857142857142857	0.6774193548387097	0.9641266723301478
colon	prostate	0.8	0.8528149573245891	0.97080789653026	0.9117936936726132	0.8605318913170747	0.5460848681998514	0.23076923076923073	0.696969696969697	0.9684632057911273
colon	rectum	0.6666666666666666	0.5278671316210153	0.5393500723674131	0.6977450544226478	0.559712764907932	0.3442038019212331	0.125	0.29166666666666663	0.8100263249885382
colon	retina	0.8333333333333334	0.8048290522872981	0.545138236707366	0.9566491263688357	0.8433848917064585	0.6458358206433008	0.2857142857142857	0.8070175438596492	0.9864535854050374
colon	salivary gland	0.8	0.46431953921770186	0.29918741202190646	0.7651574206301721	0.47308357125802203	0.28561835037810795	0.125	0.4	0.8484188442642744
colon	seminal vesicle	0.8	0.6591513917348442	0.545138236707366	0.9303782623731733	0.7047171685227194	0.47147653646478166	0.07692307692307687	0.7045454545454546	0.9691620468411521
colon	skeletal muscle	0.8	0.8984340252429092	0.9833417227220814	0.9382238157940352	0.9137084604200093	0.6603533209418673	0.23076923076923073	0.6785714285714286	0.9774781294662608
colon	skin	0.8	0.8514672537208938	0.9833417227220814	0.940416251345711	0.8765891061819311	0.42794125445148484	0.23076923076923073	0.6666666666666667	0.9771741315678418
colon	skin 1	0.8	0.8514672537208938	0.9833417227220814	0.940416251345711	0.8765891061819311	0.42794125445148484	0.23076923076923073	0.6666666666666667	0.9771741315678418
colon	skin 2	0.8	0.8514672537208938	0.9833417227220814	0.940416251345711	0.8765891061819311	0.42794125445148484	0.23076923076923073	0.6666666666666667	0.9771741315678418
colon	small intestine	0.6666666666666666	0.21700302178642206	0.16646053510321335	0.6621529635113619	0.2356607294661478	0.1281376595761689	0.06666666666666665	0.16666666666666663	0.7109626912239964
colon	smooth muscle	0.8	0.8705072492018215	0.9833417227220814	0.9440485442644092	0.8765891061819311	0.5018400890485771	0.2857142857142857	0.7	0.9798800716339353
colon	soft tissue 1	0.75	0.8955072900136116	0.9824309815971626	0.9689292117299951	0.8972168492104567	0.5508562386932746	0.4117647058823529	0.7241379310344828	0.9874809587166864
colon	soft tissue 2	0.75	0.8955072900136116	0.9824309815971626	0.9689292117299951	0.8972168492104567	0.5508562386932746	0.4117647058823529	0.7241379310344828	0.9874809587166864
colon	sole of foot	0.8333333333333334	0.909184937718788	0.9833754082048105	0.9920417467738338	0.9207098585234104	0.6435013857569186	0.4117647058823529	0.8181818181818181	0.9969533398659411
colon	spleen	0.75	0.8524214805612792	0.9833080299219888	0.9574013921432981	0.8598235997463372	0.5443776018712534	0.33333333333333337	0.7777777777777778	0.9866915689997937
colon	stomach 1	0.6666666666666666	0.27224941054533425	0.3611717724568705	0.7779974451677261	0.2932274215707099	0.1599370170817319	0.06666666666666665	0.2692307692307693	0.8079150592864793
colon	stomach 2	0.6666666666666666	0.27224941054533425	0.3611717724568705	0.7779974451677261	0.2932274215707099	0.1599370170817319	0.06666666666666665	0.2692307692307693	0.8079150592864793
colon	substantia nigra	0.8333333333333334	0.8048290522872981	0.545138236707366	0.9619198224455924	0.8433848917064585	0.6458358206433008	0.2857142857142857	0.7884615384615384	0.9862526941017473
colon	testis	0.8	0.8564839425995382	0.9716097905122734	0.9189615480664377	0.8669767621432516	0.5624549484128769	0.375	0.6774193548387097	0.9681461872573729
colon	thymus	0.8	0.8581913599904775	0.9833080299219888	0.9270045077786675	0.8698810167358874	0.5703618352892781	0.23076923076923073	0.75	0.9700702093896585
colon	thyroid gland	0.8	0.8594788780258971	0.9812972933656849	0.9039625593821355	0.8720327016675182	0.5764512847798107	0.23076923076923073	0.6875	0.9622329480827879
colon	tonsil	0.8333333333333334	0.6163485943995104	0.3999405107658336	0.7844301776624112	0.6921385731879618	0.4945895021248041	0.17647058823529416	0.5853658536585367	0.8991256678103716
colon	urinary bladder	0.8	0.8502764959370952	0.9823597756207736	0.9250704842677966	0.8559019012543767	0.53522846628475	0.23076923076923073	0.75	0.9733119659440825
colon	vagina	0.8	0.5788429011832744	0.545138236707366	0.876112935478521	0.6050173422439309	0.374992921190127	0.07692307692307687	0.6	0.9344181627865136
dorsal raphe	duodenum	0.8571428571428571	0.8877541228966788	0.9857820618272501	0.9817079841693763	0.9057526794762822	0.7454033014493644	0.375	0.8	0.9940760368464661
dorsal raphe	endometrium	0.8	0.7581307645696287	0.5604596578921904	0.9803086582428093	0.7792151968901301	0.6920423396932042	0.2857142857142857	0.7755102040816326	0.9928788584099023
dorsal raphe	endometrium 1	0.8	0.7581307645696287	0.5604596578921904	0.9803086582428093	0.7792151968901301	0.6920423396932042	0.2857142857142857	0.7755102040816326	0.9928788584099023
dorsal raphe	endometrium 2	0.8	0.7581307645696287	0.5604596578921904	0.9803086582428093	0.7792151968901301	0.6920423396932042	0.2857142857142857	0.7755102040816326	0.9928788584099023
dorsal raphe	epididymis	0.8333333333333334	0.8933054070496453	0.9874015050572112	0.982109635777832	0.9057526794762822	0.7890900437939978	0.23076923076923073	0.8214285714285714	0.9942655124823196
dorsal raphe	esophagus	0.8571428571428571	0.9057526794762822	0.9874015050572112	0.9802073961876984	0.9057526794762822	0.9057526794762822	0.33333333333333337	0.7916666666666666	0.9937525325922887
dorsal raphe	eye	0.8333333333333334	0.7490078576741738	0.7753071407438439	0.9823911717623588	0.8097802180194039	0.5676516805198583	0.2857142857142857	0.7966101694915254	0.9929665178916793
dorsal raphe	fallopian tube	0.8333333333333334	0.888514978465771	0.9874015050572112	0.9817068103458623	0.9057526794762822	0.7511336932367831	0.23076923076923073	0.8305084745762712	0.9942633513345536
dorsal raphe	gallbladder	0.8333333333333334	0.8736105070148248	0.9363844065832057	0.9841969976054938	0.888355438389023	0.7716928027067386	0.23076923076923073	0.819672131147541	0.9931445398543106
dorsal raphe	hair	0.8571428571428571	0.8419000754425434	0.7753071407438439	0.9836843632221766	0.8419000754425434	0.8419000754425434	0.2857142857142857	0.8208955223880597	0.9923039088303766
dorsal raphe	heart muscle	0.8333333333333334	0.8042745373978827	0.7753071407438439	0.9848775288543317	0.8419000754425434	0.6496637790279667	0.33333333333333337	0.8125	0.9931053350405331
dorsal raphe	hippocampus	0.8	0.6990270300566179	0.0	0.9230393412824354	0.7091767609411819	0.6754536964198952	0.25	0.5925925925925926	0.9587902342156327
dorsal raphe	hypothalamus	0.8	0.6219603549581567	0.0	0.9041565298051806	0.6219603549581567	0.6219603549581567	0.125	0.5	0.9394015819551019
dorsal raphe	kidney	0.8	0.8458264053023716	0.907516116113322	0.983228076441694	0.888355438389023	0.6125038363681908	0.23076923076923073	0.8035714285714286	0.9925312251860947
dorsal raphe	lactating breast	0.8571428571428571	0.8160296817992558	0.7753071407438439	0.9931587900678475	0.8419000754425434	0.7012774255699783	0.2857142857142857	0.8125	0.9971186943574144
dorsal raphe	liver	0.8333333333333334	0.8587847011092915	0.8969451142014736	0.9837268037286483	0.888355438389023	0.6789536418979979	0.23076923076923073	0.8253968253968254	0.9927085780230359
dorsal raphe	lung	0.8	0.8748512085039307	0.9853444899960145	0.9829422353331825	0.9057526794762822	0.6588348259121748	0.23076923076923073	0.84375	0.9947930266054585
dorsal raphe	lymph node	0.8	0.8706018171887927	0.9874015050572112	0.9797818692421268	0.9057526794762822	0.6341038701666892	0.2857142857142857	0.7777777777777778	0.993545209399237
dorsal raphe	nasopharynx	0.8333333333333334	0.8933054070496453	0.9874015050572112	0.9816653156435187	0.9057526794762822	0.7890900437939978	0.33333333333333337	0.8148148148148149	0.994140749926264
dorsal raphe	oral mucosa	0.8333333333333334	0.8829276490678671	0.9874015050572112	0.9804840952256527	0.9057526794762822	0.7107875128363232	0.375	0.8	0.993868572371996
dorsal raphe	ovary	0.8333333333333334	0.8849698242611376	0.9822847526350741	0.9803743093338863	0.9057526794762822	0.7250796075483983	0.375	0.782608695652174	0.9937247150832287
dorsal raphe	pancreas	0.8571428571428571	0.9357230679907763	0.9874523597467065	0.9934489950474781	0.9357230679907763	0.9357230679907763	0.2857142857142857	0.8372093023255813	0.9978134317303469
dorsal raphe	parathyroid gland	0.8333333333333334	0.8951445368262265	0.9874015050572112	0.9794238290915447	0.9057526794762822	0.8045834859124226	0.375	0.8	0.9934974890348767
dorsal raphe	pituitary gland	0.8333333333333334	0.7043061845811442	0.3008656332064954	0.907009814370905	0.7474031619488031	0.6016545019485553	0.07692307692307687	0.6346153846153846	0.9578074698083353
dorsal raphe	placenta	0.8	0.7309235894629883	0.41563066091411516	0.9800531795463427	0.7792151968901301	0.5997434723685958	0.2857142857142857	0.7555555555555555	0.9927437080319075
dorsal raphe	prostate	0.8333333333333334	0.8875170921620715	0.9813854281841474	0.9799806568185695	0.9057526794762822	0.7436339392630091	0.23076923076923073	0.7916666666666666	0.9937370392243454
dorsal raphe	rectum	0.8	0.8890704634487675	0.9874015050572112	0.9798517550387087	0.9057526794762822	0.7553669792727113	0.375	0.782608695652174	0.9936387322754207
dorsal raphe	retina	0.8	0.7792151968901301	0.5604596578921904	0.9858420342502543	0.7792151968901301	0.7792151968901301	0.2857142857142857	0.7971014492753623	0.9927870714944169
dorsal raphe	salivary gland	0.8571428571428571	0.884029309759552	0.9830059796580041	0.9810587122266837	0.9057526794762822	0.7184349212419381	0.375	0.8113207547169812	0.9940913737257187
dorsal raphe	seminal vesicle	0.8333333333333334	0.896752280794032	0.9874015050572112	0.9829207032006473	0.9057526794762822	0.8185798222793563	0.23076923076923073	0.8387096774193549	0.9947102287697034
dorsal raphe	skeletal muscle	0.8333333333333334	0.88028084479843	0.9363844065832057	0.979457172193257	0.888355438389023	0.8209093093464498	0.23076923076923073	0.7619047619047619	0.9934946977051136
dorsal raphe	skin	0.8333333333333334	0.774188709274682	0.7753071407438439	0.979612269981581	0.8419000754425434	0.5420418799095879	0.23076923076923073	0.725	0.9924933764081102
dorsal raphe	skin 1	0.8333333333333334	0.774188709274682	0.7753071407438439	0.979612269981581	0.8419000754425434	0.5420418799095879	0.23076923076923073	0.725	0.9924933764081102
dorsal raphe	skin 2	0.8333333333333334	0.774188709274682	0.7753071407438439	0.979612269981581	0.8419000754425434	0.5420418799095879	0.23076923076923073	0.725	0.9924933764081102
dorsal raphe	small intestine	0.8333333333333334	0.8804024132596534	0.9828966383204385	0.9811140885254205	0.9057526794762822	0.6937896549073528	0.33333333333333337	0.7959183673469388	0.993873688096354
dorsal raphe	smooth muscle	0.8571428571428571	0.8557639534973742	0.9363844065832057	0.9798899989552681	0.888355438389023	0.6623960774531598	0.2857142857142857	0.7727272727272727	0.9936242842810464
dorsal raphe	soft tissue 1	0.8	0.9209076700512444	0.9869217421090047	0.993518352961919	0.9357230679907763	0.7484053097564323	0.4117647058823529	0.8181818181818181	0.9978392379948883
dorsal raphe	soft tissue 2	0.8	0.9209076700512444	0.9869217421090047	0.993518352961919	0.9357230679907763	0.7484053097564323	0.4117647058823529	0.8181818181818181	0.9978392379948883
dorsal raphe	sole of foot	0.8571428571428571	0.8253671251878293	0.7753071407438439	0.995331690349286	0.8419000754425434	0.7472274642718435	0.4117647058823529	0.8448275862068966	0.9979605811718607
dorsal raphe	spleen	0.8	0.8872874290984066	0.9874015050572112	0.9838942370481782	0.9057526794762822	0.7419266729344112	0.33333333333333337	0.8333333333333334	0.9950763227842171
dorsal raphe	stomach 1	0.8571428571428571	0.8799418807254127	0.9856555322385595	0.9813484540595047	0.9057526794762822	0.6907668134072238	0.33333333333333337	0.8	0.993942786589103
dorsal raphe	stomach 2	0.8571428571428571	0.8799418807254127	0.9856555322385595	0.9813484540595047	0.9057526794762822	0.6907668134072238	0.33333333333333337	0.8	0.993942786589103
dorsal raphe	substantia nigra	0.75	0.3746355164686881	0.0	0.785067037575419	0.3746355164686881	0.3746355164686881	0.0	0.34042553191489366	0.816310856381229
dorsal raphe	testis	0.8333333333333334	0.8896726102604122	0.9817147622305141	0.980374629484681	0.9057526794762822	0.7600040194760345	0.375	0.782608695652174	0.9937246362947205
dorsal raphe	thymus	0.8333333333333334	0.8906844270741313	0.9874015050572112	0.9808846971160053	0.9057526794762822	0.7679109063524356	0.23076923076923073	0.8181818181818181	0.9938031159762766
dorsal raphe	thyroid gland	0.8333333333333334	0.8179091878263935	0.7554642898146509	0.9796031742798557	0.8419000754425434	0.7101477518092296	0.23076923076923073	0.7608695652173914	0.9925452311651835
dorsal raphe	tonsil	0.875	0.9057526794762822	0.9847225891574386	0.9815028814372284	0.9057526794762822	0.9057526794762822	0.4117647058823529	0.8412698412698413	0.994433572181095
dorsal raphe	urinary bladder	0.8333333333333334	0.8650045877722492	0.9336942150238041	0.9807546141023775	0.888355438389023	0.7153802962606485	0.23076923076923073	0.7962962962962963	0.9914520883880832
dorsal raphe	vagina	0.8333333333333334	0.888514978465771	0.9874015050572112	0.9815647853751893	0.9057526794762822	0.7511336932367831	0.23076923076923073	0.8148148148148149	0.9941195163909343
duodenum	endometrium	0.8	0.8747506904051124	0.9857820618272501	0.8968554558014596	0.8858513518711687	0.6582304442524385	0.2857142857142857	0.7058823529411764	0.95956256626693
duodenum	endometrium 1	0.8	0.8747506904051124	0.9857820618272501	0.8968554558014596	0.8858513518711687	0.6582304442524385	0.2857142857142857	0.7058823529411764	0.95956256626693
duodenum	endometrium 2	0.8	0.8747506904051124	0.9857820618272501	0.8968554558014596	0.8858513518711687	0.6582304442524385	0.2857142857142857	0.7058823529411764	0.95956256626693
duodenum	epididymis	0.8	0.6627861874635994	0.6125564329783904	0.9062655133228572	0.682001341417545	0.4791864510156629	0.07692307692307687	0.6486486486486487	0.9529385868520255
duodenum	esophagus	0.75	0.6075572247537095	0.6076261723599881	0.647061174709342	0.6704851796756097	0.5101358016486919	0.06666666666666665	0.25	0.7403732210242462
duodenum	eye	0.8333333333333334	0.8422697286465035	0.9857820618272501	0.9363101425942711	0.8612584308307449	0.5032747639498187	0.2857142857142857	0.7777777777777778	0.9804383643473521
duodenum	fallopian tube	0.8	0.6017132534104942	0.6125564329783904	0.8573806284425567	0.6050173422439309	0.41219261422636694	0.07692307692307687	0.641025641025641	0.931296330260359
duodenum	gallbladder	0.75	0.5442319560316262	0.7750592992643993	0.9190074264668595	0.5702025800291103	0.3934731659664074	0.07692307692307687	0.7272727272727273	0.9716043529388275
duodenum	hair	0.8571428571428571	0.813475862227656	0.6125564329783904	0.9312966772745591	0.8433848917064585	0.6830355136795406	0.2857142857142857	0.7884615384615384	0.97715820814838
duodenum	heart muscle	0.8333333333333334	0.7580913765563742	0.6125564329783904	0.9445660211261808	0.7694467518066941	0.490799217264964	0.33333333333333337	0.7755102040816326	0.9829918601719961
duodenum	hippocampus	0.8571428571428571	0.8056709851332897	0.6125564329783904	0.9707824820990939	0.83205784333644	0.6493124491582541	0.375	0.7755102040816326	0.9912751461823359
duodenum	hypothalamus	0.8571428571428571	0.8877541228966788	0.9857820618272501	0.9667222997801423	0.9057526794762822	0.7454033014493644	0.375	0.782608695652174	0.9906072879440762
duodenum	kidney	0.8	0.832835253009663	0.978049665527252	0.9460475646455153	0.8612584308307449	0.4695516994285322	0.23076923076923073	0.7560975609756098	0.9818878719957885
duodenum	lactating breast	0.8333333333333334	0.9080481260054913	0.9858394535104887	0.9744520180611573	0.9105718098449567	0.6347510400912934	0.2857142857142857	0.7575757575757576	0.990225852478357
duodenum	liver	0.8	0.47716710130740025	0.604050621627209	0.9117348816673712	0.5149209231383288	0.30073400515766674	0.07692307692307687	0.7391304347826086	0.9656618907154306
duodenum	lung	0.8	0.539693035295524	0.5396346818709374	0.8895809157312857	0.5983534198726725	0.3198937469017585	0.07692307692307687	0.6818181818181819	0.9529212983444587
duodenum	lymph node	0.8	0.8340721483233112	0.9857820618272501	0.8805534840894517	0.8612584308307449	0.47375449213977133	0.2857142857142857	0.6551724137931034	0.9520668525337479
duodenum	nasopharynx	0.8	0.5741818223128659	0.6076261723599881	0.7524617681171845	0.598445839789207	0.41512655947875954	0.06666666666666665	0.4516129032258065	0.8527227839525813
duodenum	oral mucosa	0.75	0.5224625834734252	0.6076261723599881	0.6719657333230796	0.54679690408982	0.33682402852108506	0.125	0.37037037037037035	0.8084539039565821
duodenum	ovary	0.8333333333333334	0.8569794668767494	0.9789063686142748	0.8986316495189481	0.8612584308307449	0.5647302295214807	0.375	0.6666666666666667	0.9604649488383967
duodenum	pancreas	0.8333333333333334	0.9234480028631668	0.9858394535104887	0.956002491925014	0.9357230679907763	0.7753736899638585	0.2857142857142857	0.7407407407407407	0.9821930197011312
duodenum	parathyroid gland	0.8333333333333334	0.8723768575646678	0.9857820618272501	0.8668672290268655	0.8818454856009118	0.6442341078855047	0.375	0.6896551724137931	0.9493040508927981
duodenum	pituitary gland	0.8	0.8641777575383085	0.9807602955814075	0.9407639091100091	0.8669767621432516	0.5996546414491168	0.23076923076923073	0.7777777777777778	0.9798690159314555
duodenum	placenta	0.8	0.8572397256447677	0.9802612013090908	0.8894379472107512	0.8612584308307449	0.5659315769278301	0.2857142857142857	0.6666666666666667	0.9540746308303039
duodenum	prostate	0.8	0.8608961097462727	0.9776188614395869	0.887172405564224	0.8612584308307449	0.5832845612360913	0.23076923076923073	0.6875	0.9609490734590096
duodenum	rectum	0.6666666666666666	0.5533481871938546	0.6076261723599881	0.6102198555798959	0.559712764907932	0.38140349495747305	0.125	0.26086956521739135	0.7500067972719678
duodenum	retina	0.8333333333333334	0.813475862227656	0.6125564329783904	0.9530188561070054	0.8433848917064585	0.6830355136795406	0.2857142857142857	0.8035714285714286	0.9857007364117509
duodenum	salivary gland	0.8	0.49486705539280895	0.44587872244942006	0.7155256271973689	0.5149209231383288	0.3228180434143479	0.125	0.3793103448275862	0.8182114621343217
duodenum	seminal vesicle	0.8333333333333334	0.6760016751489529	0.6125564329783904	0.9205143007304202	0.7047171685227194	0.5086762295010214	0.07692307692307687	0.6976744186046512	0.9656857771067795
duodenum	skeletal muscle	0.8333333333333334	0.9033268005614675	0.9858107607852727	0.9180882082053344	0.9137084604200093	0.6975530139781071	0.23076923076923073	0.6666666666666667	0.9706313474241927
duodenum	skin	0.8333333333333334	0.8617033598549715	0.9858107607852727	0.9218987133157514	0.8901054876349995	0.4651409474877248	0.23076923076923073	0.6538461538461539	0.9701122899159945
duodenum	skin 1	0.8333333333333334	0.8617033598549715	0.9858107607852727	0.9218987133157514	0.8901054876349995	0.4651409474877248	0.23076923076923073	0.6538461538461539	0.9701122899159945
duodenum	skin 2	0.8333333333333334	0.8617033598549715	0.9858107607852727	0.9218987133157514	0.8901054876349995	0.4651409474877248	0.23076923076923073	0.6538461538461539	0.9701122899159945
duodenum	small intestine	0.5	0.08222824021928032	0.2400633027471798	0.14494140359276486	0.1519609952196762	0.051613646542011615	0.06666666666666665	0.045454545454545414	0.3119669113993867
duodenum	smooth muscle	0.8333333333333334	0.8783566205159397	0.9858107607852727	0.9280234947523595	0.8901054876349995	0.539039782084817	0.2857142857142857	0.6896551724137931	0.9745874214896453
duodenum	soft tissue 1	0.8	0.90146605271298	0.9851599608224915	0.9589524639209012	0.9053778679458481	0.5880559317295145	0.4117647058823529	0.7142857142857143	0.9837714491919265
duodenum	soft tissue 2	0.8	0.90146605271298	0.9851599608224915	0.9589524639209012	0.9053778679458481	0.5880559317295145	0.4117647058823529	0.7142857142857143	0.9837714491919265
duodenum	sole of foot	0.8571428571428571	0.9137196922899861	0.9858394535104887	0.9915134232779285	0.9207098585234104	0.6807010787931586	0.4117647058823529	0.813953488372093	0.996773878745165
duodenum	spleen	0.8	0.8605447058722726	0.9857820618272501	0.9523831466380709	0.8612584308307449	0.5815772949074933	0.33333333333333337	0.7727272727272727	0.9855154189009357
duodenum	stomach 1	0.6666666666666666	0.3155880146186135	0.47093425218312746	0.7341511701290186	0.3706355617686249	0.19713671011797174	0.06666666666666665	0.24	0.7626412674083511
duodenum	stomach 2	0.6666666666666666	0.3155880146186135	0.47093425218312746	0.7341511701290186	0.3706355617686249	0.19713671011797174	0.06666666666666665	0.24	0.7626412674083511
duodenum	substantia nigra	0.8571428571428571	0.813475862227656	0.6125564329783904	0.9591468741359682	0.8433848917064585	0.6830355136795406	0.2857142857142857	0.7843137254901961	0.9854767107151503
duodenum	testis	0.8333333333333334	0.8641777575383085	0.9780932595025282	0.898640189952886	0.8669767621432516	0.5996546414491168	0.375	0.6666666666666667	0.9604618213947663
duodenum	thymus	0.8	0.865707990604199	0.9857820618272501	0.9109170944470805	0.8698810167358874	0.6075615283255178	0.23076923076923073	0.7435897435897436	0.9633835374483096
duodenum	thyroid gland	0.8	0.8668631910194504	0.9843487933055125	0.8740336466648349	0.8720327016675182	0.6136509778160506	0.23076923076923073	0.6774193548387097	0.9509243388668402
duodenum	tonsil	0.8333333333333334	0.6333458003179949	0.5108219671628998	0.7433233114236686	0.6921385731879618	0.531789195161044	0.17647058823529416	0.575	0.8843869975943733
duodenum	urinary bladder	0.8	0.8586308880811525	0.985099815203934	0.908019738892218	0.8612584308307449	0.5724281593209899	0.23076923076923073	0.7435897435897436	0.9681209565155541
duodenum	vagina	0.8	0.6017132534104942	0.6125564329783904	0.8528149908850688	0.6050173422439309	0.41219261422636694	0.07692307692307687	0.5882352941176471	0.9227659844341165
endometrium	endometrium 1	0.0	0.0	0.0	0.0	0.0	0.0	0.0	0.0	0.0
endometrium	endometrium 2	0.0	0.0	0.0	0.0	0.0	0.0	0.0	0.0	0.0
endometrium	epididymis	0.75	0.5007851471588374	0.7685791134000741	0.8954912106249893	0.5186155341422694	0.3987073598611278	0.09090909090909094	0.6842105263157895	0.9391432489452219
endometrium	esophagus	0.8	0.896752280794032	0.9874015050572112	0.819832656065587	0.9057526794762822	0.8185798222793563	0.23076923076923073	0.6875	0.9374550869145493
endometrium	eye	0.75	0.8594788780258971	0.9874015050572112	0.9153701931567421	0.8858513518711687	0.5764512847798107	0.16666666666666663	0.7777777777777778	0.9756723098088932
endometrium	fallopian tube	0.75	0.3927380447261015	0.6248522037967155	0.8732369495938062	0.442344119462309	0.2977771889041604	0.0	0.641025641025641	0.9148296332555225
endometrium	gallbladder	0.75	0.8816233081470195	0.9874015050572112	0.945371868030699	0.8858513518711687	0.7019171865970719	0.09090909090909094	0.782608695652174	0.9838950986911587
endometrium	hair	0.8	0.896752280794032	0.9874015050572112	0.9387156071473908	0.9057526794762822	0.8185798222793563	0.16666666666666663	0.8113207547169812	0.9831315345652833
endometrium	heart muscle	0.75	0.8692082740211419	0.9874015050572112	0.9527258971800967	0.8858513518711687	0.6263435258647796	0.23076923076923073	0.8	0.9879307441446519
endometrium	hippocampus	0.8	0.7488524867938338	0.5604596578921904	0.9770745284988176	0.7632471324330075	0.6583192751719177	0.2857142857142857	0.7755102040816326	0.9933676599902227
endometrium	hypothalamus	0.8	0.7581307645696287	0.5604596578921904	0.9617813472532466	0.7792151968901301	0.6920423396932042	0.2857142857142857	0.7555555555555555	0.988269931539991
endometrium	kidney	0.6666666666666666	0.8520393414039465	0.9816844003041527	0.9317402658119883	0.8858513518711687	0.5427282202585242	0.09090909090909094	0.7560975609756098	0.9778744308863566
endometrium	lactating breast	0.8	0.9167617741185456	0.9874523597467065	0.962767350166225	0.9221503077864663	0.7079275609212853	0.16666666666666663	0.7575757575757576	0.986176499773882
endometrium	liver	0.75	0.8660165986087336	0.9795909086463123	0.9393101316393375	0.8858513518711687	0.6091780257883312	0.09090909090909094	0.7916666666666666	0.9799157947146964
endometrium	lung	0.6666666666666666	0.8584682297623026	0.9853444899960145	0.9267442228121874	0.8858513518711687	0.5716619687152489	0.09090909090909094	0.7916666666666666	0.9791552870769634
endometrium	lymph node	0.6666666666666666	0.8530091932298957	0.9874015050572112	0.7771353593868865	0.8858513518711687	0.5469310129697633	0.16666666666666663	0.6551724137931034	0.9078115280576511
endometrium	nasopharynx	0.75	0.8816233081470195	0.9874015050572112	0.8954839364558038	0.8858513518711687	0.7019171865970719	0.23076923076923073	0.736842105263158	0.9623974701410553
endometrium	oral mucosa	0.75	0.8687110842289513	0.9874015050572112	0.8404271491836226	0.8858513518711687	0.6236146556393973	0.2857142857142857	0.7058823529411764	0.9474176922460418
endometrium	ovary	0.75	0.37112831031720905	0.4724896871945823	0.7945617374693668	0.442344119462309	0.27172310321577553	0.1428571428571429	0.46153846153846156	0.8226646812888032
endometrium	pancreas	0.8	0.6648017498037061	0.0	0.9042574101541389	0.6940219390007271	0.6068490818038011	0.16666666666666663	0.64	0.9467617325805708
endometrium	parathyroid gland	0.75	0.8838829575783026	0.9874015050572112	0.7242428573696009	0.8858513518711687	0.7174106287154967	0.2857142857142857	0.6896551724137931	0.8970175831755182
endometrium	pituitary gland	0.75	0.48185595585031404	0.4282170745441247	0.9121702292048238	0.5186155341422694	0.3696213355431647	0.09090909090909094	0.6904761904761905	0.9502811009149085
endometrium	placenta	0.5	0.12585830147800747	0.3295010334740832	0.12605930721885106	0.22357751648281654	0.09229886732460835	0.0	0.18181818181818177	0.3760986417556643
endometrium	prostate	0.75	0.47055721517368077	0.6580702113335917	0.7706993486580598	0.5186155341422694	0.3532512553301391	0.09090909090909094	0.6	0.8786236593238922
endometrium	rectum	0.6666666666666666	0.8763874636688338	0.9874015050572112	0.7853426102788137	0.8858513518711687	0.6681941220757854	0.2857142857142857	0.6666666666666667	0.9238096379729631
endometrium	retina	0.8	0.7581307645696287	0.5604596578921904	0.9610259345120694	0.7792151968901301	0.6920423396932042	0.16666666666666663	0.8035714285714286	0.9887252949281309
endometrium	salivary gland	0.8	0.8700949670282461	0.9830059796580041	0.8721422642616885	0.8858513518711687	0.6312620640450124	0.2857142857142857	0.7297297297297297	0.960266574475772
endometrium	seminal vesicle	0.75	0.5186155341422694	0.7685791134000741	0.9159236512971437	0.5186155341422694	0.42819713834648643	0.09090909090909094	0.7272727272727273	0.9593415727675749
endometrium	skeletal muscle	0.75	0.9116948716173191	0.9874269351633994	0.8322047516300224	0.9137084604200093	0.770729534808099	0.09090909090909094	0.6666666666666667	0.9413793282715034
endometrium	skin	0.75	0.8782132777119213	0.9874269351633994	0.847451126597042	0.9095850645314618	0.5383174683177167	0.09090909090909094	0.6538461538461539	0.9392742789044237
endometrium	skin 1	0.75	0.8782132777119213	0.9874269351633994	0.847451126597042	0.9095850645314618	0.5383174683177167	0.09090909090909094	0.6538461538461539	0.9392742789044237
endometrium	skin 2	0.75	0.8782132777119213	0.9874269351633994	0.847451126597042	0.9095850645314618	0.5383174683177167	0.09090909090909094	0.6538461538461539	0.9392742789044237
endometrium	small intestine	0.75	0.865526971531689	0.9828966383204385	0.874623789077509	0.8858513518711687	0.6066167977104269	0.23076923076923073	0.696969696969697	0.9477915675013407
endometrium	smooth muscle	0.8	0.8913160859729566	0.9874269351633994	0.8691923422794761	0.9095850645314618	0.6122163029148089	0.16666666666666663	0.6896551724137931	0.9552763000262784
endometrium	soft tissue 1	0.6666666666666666	0.9114044099547627	0.9869217421090047	0.9172055947442208	0.9221503077864663	0.6612324525595065	0.33333333333333337	0.7142857142857143	0.9684040860237746
endometrium	soft tissue 2	0.6666666666666666	0.9114044099547627	0.9869217421090047	0.9172055947442208	0.9221503077864663	0.6612324525595065	0.33333333333333337	0.7142857142857143	0.9684040860237746
endometrium	sole of foot	0.8	0.9214366852176704	0.9874523597467065	0.9905257502405762	0.9221503077864663	0.7538775996231505	0.33333333333333337	0.813953488372093	0.9964285665283372
endometrium	spleen	0.6666666666666666	0.8741693223668883	0.9874015050572112	0.9415752996085023	0.8858513518711687	0.6547538157374853	0.23076923076923073	0.7727272727272727	0.9830577061992022
endometrium	stomach 1	0.8	0.8649444742437606	0.9856555322385595	0.8842770818438473	0.8858513518711687	0.6035939562102979	0.23076923076923073	0.7058823529411764	0.9524173564645602
endometrium	stomach 2	0.8	0.8649444742437606	0.9856555322385595	0.8842770818438473	0.8858513518711687	0.6035939562102979	0.23076923076923073	0.7058823529411764	0.9524173564645602
endometrium	substantia nigra	0.8333333333333334	0.7581307645696287	0.5604596578921904	0.9667658976909076	0.7792151968901301	0.6920423396932042	0.16666666666666663	0.7843137254901961	0.9885314869108015
endometrium	testis	0.75	0.48185595585031404	0.664119725767165	0.809143954200327	0.5186155341422694	0.3696213355431647	0.2857142857142857	0.5714285714285714	0.87597856640823
endometrium	thymus	0.75	0.8783882583967649	0.9874015050572112	0.863770962993851	0.8858513518711687	0.6807380491555097	0.09090909090909094	0.7435897435897436	0.9421800680814043
endometrium	thyroid gland	0.75	0.8793363731480967	0.9862889193795464	0.7533123088061204	0.8858513518711687	0.6868274986460425	0.09090909090909094	0.6774193548387097	0.9034903032047145
endometrium	tonsil	0.8333333333333334	0.896752280794032	0.9847225891574386	0.8899762466423788	0.9057526794762822	0.8185798222793563	0.33333333333333337	0.7872340425531915	0.9718880623036316
endometrium	urinary bladder	0.75	0.8726132788209398	0.9868687368641331	0.8568766172167346	0.8858513518711687	0.6456046801509818	0.09090909090909094	0.7435897435897436	0.953169320954201
endometrium	vagina	0.75	0.3927380447261015	0.6248522037967155	0.8674783437146067	0.442344119462309	0.2977771889041604	0.0	0.5882352941176471	0.9000228568803647
endometrium 1	endometrium 2	0.0	0.0	0.0	0.0	0.0	0.0	0.0	0.0	0.0
endometrium 1	epididymis	0.75	0.5007851471588374	0.7685791134000741	0.8954912106249893	0.5186155341422694	0.3987073598611278	0.09090909090909094	0.6842105263157895	0.9391432489452219
endometrium 1	esophagus	0.8	0.896752280794032	0.9874015050572112	0.819832656065587	0.9057526794762822	0.8185798222793563	0.23076923076923073	0.6875	0.9374550869145493
endometrium 1	eye	0.75	0.8594788780258971	0.9874015050572112	0.9153701931567421	0.8858513518711687	0.5764512847798107	0.16666666666666663	0.7777777777777778	0.9756723098088932
endometrium 1	fallopian tube	0.75	0.3927380447261015	0.6248522037967155	0.8732369495938062	0.442344119462309	0.2977771889041604	0.0	0.641025641025641	0.9148296332555225
endometrium 1	gallbladder	0.75	0.8816233081470195	0.9874015050572112	0.945371868030699	0.8858513518711687	0.7019171865970719	0.09090909090909094	0.782608695652174	0.9838950986911587
endometrium 1	hair	0.8	0.896752280794032	0.9874015050572112	0.9387156071473908	0.9057526794762822	0.8185798222793563	0.16666666666666663	0.8113207547169812	0.9831315345652833
endometrium 1	heart muscle	0.75	0.8692082740211419	0.9874015050572112	0.9527258971800967	0.8858513518711687	0.6263435258647796	0.23076923076923073	0.8	0.9879307441446519
endometrium 1	hippocampus	0.8	0.7488524867938338	0.5604596578921904	0.9770745284988176	0.7632471324330075	0.6583192751719177	0.2857142857142857	0.7755102040816326	0.9933676599902227
endometrium 1	hypothalamus	0.8	0.7581307645696287	0.5604596578921904	0.9617813472532466	0.7792151968901301	0.6920423396932042	0.2857142857142857	0.7555555555555555	0.988269931539991
endometrium 1	kidney	0.6666666666666666	0.8520393414039465	0.9816844003041527	0.9317402658119883	0.8858513518711687	0.5427282202585242	0.09090909090909094	0.7560975609756098	0.9778744308863566
endometrium 1	lactating breast	0.8	0.9167617741185456	0.9874523597467065	0.962767350166225	0.9221503077864663	0.7079275609212853	0.16666666666666663	0.7575757575757576	0.986176499773882
endometrium 1	liver	0.75	0.8660165986087336	0.9795909086463123	0.9393101316393375	0.8858513518711687	0.6091780257883312	0.09090909090909094	0.7916666666666666	0.9799157947146964
endometrium 1	lung	0.6666666666666666	0.8584682297623026	0.9853444899960145	0.9267442228121874	0.8858513518711687	0.5716619687152489	0.09090909090909094	0.7916666666666666	0.9791552870769634
endometrium 1	lymph node	0.6666666666666666	0.8530091932298957	0.9874015050572112	0.7771353593868865	0.8858513518711687	0.5469310129697633	0.16666666666666663	0.6551724137931034	0.9078115280576511
endometrium 1	nasopharynx	0.75	0.8816233081470195	0.9874015050572112	0.8954839364558038	0.8858513518711687	0.7019171865970719	0.23076923076923073	0.736842105263158	0.9623974701410553
endometrium 1	oral mucosa	0.75	0.8687110842289513	0.9874015050572112	0.8404271491836226	0.8858513518711687	0.6236146556393973	0.2857142857142857	0.7058823529411764	0.9474176922460418
endometrium 1	ovary	0.75	0.37112831031720905	0.4724896871945823	0.7945617374693668	0.442344119462309	0.27172310321577553	0.1428571428571429	0.46153846153846156	0.8226646812888032
endometrium 1	pancreas	0.8	0.6648017498037061	0.0	0.9042574101541389	0.6940219390007271	0.6068490818038011	0.16666666666666663	0.64	0.9467617325805708
endometrium 1	parathyroid gland	0.75	0.8838829575783026	0.9874015050572112	0.7242428573696009	0.8858513518711687	0.7174106287154967	0.2857142857142857	0.6896551724137931	0.8970175831755182
endometrium 1	pituitary gland	0.75	0.48185595585031404	0.4282170745441247	0.9121702292048238	0.5186155341422694	0.3696213355431647	0.09090909090909094	0.6904761904761905	0.9502811009149085
endometrium 1	placenta	0.5	0.12585830147800747	0.3295010334740832	0.12605930721885106	0.22357751648281654	0.09229886732460835	0.0	0.18181818181818177	0.3760986417556643
endometrium 1	prostate	0.75	0.47055721517368077	0.6580702113335917	0.7706993486580598	0.5186155341422694	0.3532512553301391	0.09090909090909094	0.6	0.8786236593238922
endometrium 1	rectum	0.6666666666666666	0.8763874636688338	0.9874015050572112	0.7853426102788137	0.8858513518711687	0.6681941220757854	0.2857142857142857	0.6666666666666667	0.9238096379729631
endometrium 1	retina	0.8	0.7581307645696287	0.5604596578921904	0.9610259345120694	0.7792151968901301	0.6920423396932042	0.16666666666666663	0.8035714285714286	0.9887252949281309
endometrium 1	salivary gland	0.8	0.8700949670282461	0.9830059796580041	0.8721422642616885	0.8858513518711687	0.6312620640450124	0.2857142857142857	0.7297297297297297	0.960266574475772
endometrium 1	seminal vesicle	0.75	0.5186155341422694	0.7685791134000741	0.9159236512971437	0.5186155341422694	0.42819713834648643	0.09090909090909094	0.7272727272727273	0.9593415727675749
endometrium 1	skeletal muscle	0.75	0.9116948716173191	0.9874269351633994	0.8322047516300224	0.9137084604200093	0.770729534808099	0.09090909090909094	0.6666666666666667	0.9413793282715034
endometrium 1	skin	0.75	0.8782132777119213	0.9874269351633994	0.847451126597042	0.9095850645314618	0.5383174683177167	0.09090909090909094	0.6538461538461539	0.9392742789044237
endometrium 1	skin 1	0.75	0.8782132777119213	0.9874269351633994	0.847451126597042	0.9095850645314618	0.5383174683177167	0.09090909090909094	0.6538461538461539	0.9392742789044237
endometrium 1	skin 2	0.75	0.8782132777119213	0.9874269351633994	0.847451126597042	0.9095850645314618	0.5383174683177167	0.09090909090909094	0.6538461538461539	0.9392742789044237
endometrium 1	small intestine	0.75	0.865526971531689	0.9828966383204385	0.874623789077509	0.8858513518711687	0.6066167977104269	0.23076923076923073	0.696969696969697	0.9477915675013407
endometrium 1	smooth muscle	0.8	0.8913160859729566	0.9874269351633994	0.8691923422794761	0.9095850645314618	0.6122163029148089	0.16666666666666663	0.6896551724137931	0.9552763000262784
endometrium 1	soft tissue 1	0.6666666666666666	0.9114044099547627	0.9869217421090047	0.9172055947442208	0.9221503077864663	0.6612324525595065	0.33333333333333337	0.7142857142857143	0.9684040860237746
endometrium 1	soft tissue 2	0.6666666666666666	0.9114044099547627	0.9869217421090047	0.9172055947442208	0.9221503077864663	0.6612324525595065	0.33333333333333337	0.7142857142857143	0.9684040860237746
endometrium 1	sole of foot	0.8	0.9214366852176704	0.9874523597467065	0.9905257502405762	0.9221503077864663	0.7538775996231505	0.33333333333333337	0.813953488372093	0.9964285665283372
endometrium 1	spleen	0.6666666666666666	0.8741693223668883	0.9874015050572112	0.9415752996085023	0.8858513518711687	0.6547538157374853	0.23076923076923073	0.7727272727272727	0.9830577061992022
endometrium 1	stomach 1	0.8	0.8649444742437606	0.9856555322385595	0.8842770818438473	0.8858513518711687	0.6035939562102979	0.23076923076923073	0.7058823529411764	0.9524173564645602
endometrium 1	stomach 2	0.8	0.8649444742437606	0.9856555322385595	0.8842770818438473	0.8858513518711687	0.6035939562102979	0.23076923076923073	0.7058823529411764	0.9524173564645602
endometrium 1	substantia nigra	0.8333333333333334	0.7581307645696287	0.5604596578921904	0.9667658976909076	0.7792151968901301	0.6920423396932042	0.16666666666666663	0.7843137254901961	0.9885314869108015
endometrium 1	testis	0.75	0.48185595585031404	0.664119725767165	0.809143954200327	0.5186155341422694	0.3696213355431647	0.2857142857142857	0.5714285714285714	0.87597856640823
endometrium 1	thymus	0.75	0.8783882583967649	0.9874015050572112	0.863770962993851	0.8858513518711687	0.6807380491555097	0.09090909090909094	0.7435897435897436	0.9421800680814043
endometrium 1	thyroid gland	0.75	0.8793363731480967	0.9862889193795464	0.7533123088061204	0.8858513518711687	0.6868274986460425	0.09090909090909094	0.6774193548387097	0.9034903032047145
endometrium 1	tonsil	0.8333333333333334	0.896752280794032	0.9847225891574386	0.8899762466423788	0.9057526794762822	0.8185798222793563	0.33333333333333337	0.7872340425531915	0.9718880623036316
endometrium 1	urinary bladder	0.75	0.8726132788209398	0.9868687368641331	0.8568766172167346	0.8858513518711687	0.6456046801509818	0.09090909090909094	0.7435897435897436	0.953169320954201
endometrium 1	vagina	0.75	0.3927380447261015	0.6248522037967155	0.8674783437146067	0.442344119462309	0.2977771889041604	0.0	0.5882352941176471	0.9000228568803647
endometrium 2	epididymis	0.75	0.5007851471588374	0.7685791134000741	0.8954912106249893	0.5186155341422694	0.3987073598611278	0.09090909090909094	0.6842105263157895	0.9391432489452219
endometrium 2	esophagus	0.8	0.896752280794032	0.9874015050572112	0.819832656065587	0.9057526794762822	0.8185798222793563	0.23076923076923073	0.6875	0.9374550869145493
endometrium 2	eye	0.75	0.8594788780258971	0.9874015050572112	0.9153701931567421	0.8858513518711687	0.5764512847798107	0.16666666666666663	0.7777777777777778	0.9756723098088932
endometrium 2	fallopian tube	0.75	0.3927380447261015	0.6248522037967155	0.8732369495938062	0.442344119462309	0.2977771889041604	0.0	0.641025641025641	0.9148296332555225
endometrium 2	gallbladder	0.75	0.8816233081470195	0.9874015050572112	0.945371868030699	0.8858513518711687	0.7019171865970719	0.09090909090909094	0.782608695652174	0.9838950986911587
endometrium 2	hair	0.8	0.896752280794032	0.9874015050572112	0.9387156071473908	0.9057526794762822	0.8185798222793563	0.16666666666666663	0.8113207547169812	0.9831315345652833
endometrium 2	heart muscle	0.75	0.8692082740211419	0.9874015050572112	0.9527258971800967	0.8858513518711687	0.6263435258647796	0.23076923076923073	0.8	0.9879307441446519
endometrium 2	hippocampus	0.8	0.7488524867938338	0.5604596578921904	0.9770745284988176	0.7632471324330075	0.6583192751719177	0.2857142857142857	0.7755102040816326	0.9933676599902227
endometrium 2	hypothalamus	0.8	0.7581307645696287	0.5604596578921904	0.9617813472532466	0.7792151968901301	0.6920423396932042	0.2857142857142857	0.7555555555555555	0.988269931539991
endometrium 2	kidney	0.6666666666666666	0.8520393414039465	0.9816844003041527	0.9317402658119883	0.8858513518711687	0.5427282202585242	0.09090909090909094	0.7560975609756098	0.9778744308863566
endometrium 2	lactating breast	0.8	0.9167617741185456	0.9874523597467065	0.962767350166225	0.9221503077864663	0.7079275609212853	0.16666666666666663	0.7575757575757576	0.986176499773882
endometrium 2	liver	0.75	0.8660165986087336	0.9795909086463123	0.9393101316393375	0.8858513518711687	0.6091780257883312	0.09090909090909094	0.7916666666666666	0.9799157947146964
endometrium 2	lung	0.6666666666666666	0.8584682297623026	0.9853444899960145	0.9267442228121874	0.8858513518711687	0.5716619687152489	0.09090909090909094	0.7916666666666666	0.9791552870769634
endometrium 2	lymph node	0.6666666666666666	0.8530091932298957	0.9874015050572112	0.7771353593868865	0.8858513518711687	0.5469310129697633	0.16666666666666663	0.6551724137931034	0.9078115280576511
endometrium 2	nasopharynx	0.75	0.8816233081470195	0.9874015050572112	0.8954839364558038	0.8858513518711687	0.7019171865970719	0.23076923076923073	0.736842105263158	0.9623974701410553
endometrium 2	oral mucosa	0.75	0.8687110842289513	0.9874015050572112	0.8404271491836226	0.8858513518711687	0.6236146556393973	0.2857142857142857	0.7058823529411764	0.9474176922460418
endometrium 2	ovary	0.75	0.37112831031720905	0.4724896871945823	0.7945617374693668	0.442344119462309	0.27172310321577553	0.1428571428571429	0.46153846153846156	0.8226646812888032
endometrium 2	pancreas	0.8	0.6648017498037061	0.0	0.9042574101541389	0.6940219390007271	0.6068490818038011	0.16666666666666663	0.64	0.9467617325805708
endometrium 2	parathyroid gland	0.75	0.8838829575783026	0.9874015050572112	0.7242428573696009	0.8858513518711687	0.7174106287154967	0.2857142857142857	0.6896551724137931	0.8970175831755182
endometrium 2	pituitary gland	0.75	0.48185595585031404	0.4282170745441247	0.9121702292048238	0.5186155341422694	0.3696213355431647	0.09090909090909094	0.6904761904761905	0.9502811009149085
endometrium 2	placenta	0.5	0.12585830147800747	0.3295010334740832	0.12605930721885106	0.22357751648281654	0.09229886732460835	0.0	0.18181818181818177	0.3760986417556643
endometrium 2	prostate	0.75	0.47055721517368077	0.6580702113335917	0.7706993486580598	0.5186155341422694	0.3532512553301391	0.09090909090909094	0.6	0.8786236593238922
endometrium 2	rectum	0.6666666666666666	0.8763874636688338	0.9874015050572112	0.7853426102788137	0.8858513518711687	0.6681941220757854	0.2857142857142857	0.6666666666666667	0.9238096379729631
endometrium 2	retina	0.8	0.7581307645696287	0.5604596578921904	0.9610259345120694	0.7792151968901301	0.6920423396932042	0.16666666666666663	0.8035714285714286	0.9887252949281309
endometrium 2	salivary gland	0.8	0.8700949670282461	0.9830059796580041	0.8721422642616885	0.8858513518711687	0.6312620640450124	0.2857142857142857	0.7297297297297297	0.960266574475772
endometrium 2	seminal vesicle	0.75	0.5186155341422694	0.7685791134000741	0.9159236512971437	0.5186155341422694	0.42819713834648643	0.09090909090909094	0.7272727272727273	0.9593415727675749
endometrium 2	skeletal muscle	0.75	0.9116948716173191	0.9874269351633994	0.8322047516300224	0.9137084604200093	0.770729534808099	0.09090909090909094	0.6666666666666667	0.9413793282715034
endometrium 2	skin	0.75	0.8782132777119213	0.9874269351633994	0.847451126597042	0.9095850645314618	0.5383174683177167	0.09090909090909094	0.6538461538461539	0.9392742789044237
endometrium 2	skin 1	0.75	0.8782132777119213	0.9874269351633994	0.847451126597042	0.9095850645314618	0.5383174683177167	0.09090909090909094	0.6538461538461539	0.9392742789044237
endometrium 2	skin 2	0.75	0.8782132777119213	0.9874269351633994	0.847451126597042	0.9095850645314618	0.5383174683177167	0.09090909090909094	0.6538461538461539	0.9392742789044237
endometrium 2	small intestine	0.75	0.865526971531689	0.9828966383204385	0.874623789077509	0.8858513518711687	0.6066167977104269	0.23076923076923073	0.696969696969697	0.9477915675013407
endometrium 2	smooth muscle	0.8	0.8913160859729566	0.9874269351633994	0.8691923422794761	0.9095850645314618	0.6122163029148089	0.16666666666666663	0.6896551724137931	0.9552763000262784
endometrium 2	soft tissue 1	0.6666666666666666	0.9114044099547627	0.9869217421090047	0.9172055947442208	0.9221503077864663	0.6612324525595065	0.33333333333333337	0.7142857142857143	0.9684040860237746
endometrium 2	soft tissue 2	0.6666666666666666	0.9114044099547627	0.9869217421090047	0.9172055947442208	0.9221503077864663	0.6612324525595065	0.33333333333333337	0.7142857142857143	0.9684040860237746
endometrium 2	sole of foot	0.8	0.9214366852176704	0.9874523597467065	0.9905257502405762	0.9221503077864663	0.7538775996231505	0.33333333333333337	0.813953488372093	0.9964285665283372
endometrium 2	spleen	0.6666666666666666	0.8741693223668883	0.9874015050572112	0.9415752996085023	0.8858513518711687	0.6547538157374853	0.23076923076923073	0.7727272727272727	0.9830577061992022
endometrium 2	stomach 1	0.8	0.8649444742437606	0.9856555322385595	0.8842770818438473	0.8858513518711687	0.6035939562102979	0.23076923076923073	0.7058823529411764	0.9524173564645602
endometrium 2	stomach 2	0.8	0.8649444742437606	0.9856555322385595	0.8842770818438473	0.8858513518711687	0.6035939562102979	0.23076923076923073	0.7058823529411764	0.9524173564645602
endometrium 2	substantia nigra	0.8333333333333334	0.7581307645696287	0.5604596578921904	0.9667658976909076	0.7792151968901301	0.6920423396932042	0.16666666666666663	0.7843137254901961	0.9885314869108015
endometrium 2	testis	0.75	0.48185595585031404	0.664119725767165	0.809143954200327	0.5186155341422694	0.3696213355431647	0.2857142857142857	0.5714285714285714	0.87597856640823
endometrium 2	thymus	0.75	0.8783882583967649	0.9874015050572112	0.863770962993851	0.8858513518711687	0.6807380491555097	0.09090909090909094	0.7435897435897436	0.9421800680814043
endometrium 2	thyroid gland	0.75	0.8793363731480967	0.9862889193795464	0.7533123088061204	0.8858513518711687	0.6868274986460425	0.09090909090909094	0.6774193548387097	0.9034903032047145
endometrium 2	tonsil	0.8333333333333334	0.896752280794032	0.9847225891574386	0.8899762466423788	0.9057526794762822	0.8185798222793563	0.33333333333333337	0.7872340425531915	0.9718880623036316
endometrium 2	urinary bladder	0.75	0.8726132788209398	0.9868687368641331	0.8568766172167346	0.8858513518711687	0.6456046801509818	0.09090909090909094	0.7435897435897436	0.953169320954201
endometrium 2	vagina	0.75	0.3927380447261015	0.6248522037967155	0.8674783437146067	0.442344119462309	0.2977771889041604	0.0	0.5882352941176471	0.9000228568803647
epididymis	esophagus	0.8	0.72399952144734	0.6566868022331713	0.8698295230544395	0.7561984647248652	0.6395358290425808	0.0	0.6285714285714286	0.9395494464026792
epididymis	eye	0.8	0.725251782687532	0.6314184570624248	0.9409278046654737	0.7702141788253934	0.46503784472485876	0.09090909090909094	0.78	0.9804996444142522
epididymis	fallopian tube	0.6666666666666666	0.4545805907793353	0.6314184570624248	0.9062433019592925	0.48158308547996953	0.33126123081855474	0.0	0.5952380952380952	0.9338216178946435
epididymis	gallbladder	0.8	0.8770700050444283	0.9874015050572112	0.9572975440494188	0.8770700050444283	0.6724274081117134	0.0	0.8076923076923077	0.9871275903300256
epididymis	hair	0.8333333333333334	0.647831364252628	0.0	0.9304706115221928	0.6889162855035508	0.5722536498212664	0.0	0.7894736842105263	0.9703961646227098
epididymis	heart muscle	0.8	0.6435592021024963	0.6566868022331713	0.94715637515751	0.6786947490630677	0.44476445183192714	0.16666666666666663	0.7777777777777778	0.982399705449704
epididymis	hippocampus	0.8333333333333334	0.7926459310589258	0.6314184570624248	0.9715183484750406	0.8110876083625695	0.6734433177031178	0.23076923076923073	0.7777777777777778	0.9909738992733869
epididymis	hypothalamus	0.8333333333333334	0.8933054070496453	0.9874015050572112	0.9680281397879843	0.9057526794762822	0.7890900437939978	0.23076923076923073	0.8076923076923077	0.9910748640008757
epididymis	kidney	0.75	0.7099998172348689	0.4641588518010705	0.9493983346772062	0.7702141788253934	0.4313147802035723	0.0	0.7608695652173914	0.9818142720212679
epididymis	lactating breast	0.8	0.9134567677749025	0.9874523597467065	0.9767565357266066	0.9161614050803172	0.6784377824359268	0.09090909090909094	0.7948717948717949	0.9915967590162521
epididymis	liver	0.75	0.8601538113982515	0.9795909086463123	0.9536811556325793	0.8770700050444283	0.5796882473029727	0.0	0.8148148148148149	0.9847055053191416
epididymis	lung	0.75	0.6169169374043226	0.5712384285316631	0.9260268058738356	0.682001341417545	0.39261797547847327	0.0	0.72	0.9686787040400436
epididymis	lymph node	0.75	0.8459227007729999	0.9874015050572112	0.8958257239769021	0.8770700050444283	0.5174412344844048	0.09090909090909094	0.7142857142857143	0.962178485104431
epididymis	nasopharynx	0.8	0.682001341417545	0.6566868022331713	0.905453167911001	0.682001341417545	0.5228731933602964	0.0	0.6829268292682926	0.9550615597377005
epididymis	oral mucosa	0.8	0.6458289046280394	0.6566868022331713	0.8780240598516458	0.682001341417545	0.4445706624026217	0.07692307692307687	0.6486486486486487	0.9449747881302244
epididymis	ovary	0.75	0.3828041141326146	0.5768090353639985	0.7920673924114323	0.4343344130035285	0.26898278198091	0.07692307692307687	0.6060606060606061	0.9058343349740076
epididymis	pancreas	0.8	0.9272339939351815	0.9874523597467065	0.9624192555657939	0.9357230679907763	0.8190604323084919	0.09090909090909094	0.7878787878787878	0.9862729274769869
epididymis	parathyroid gland	0.8	0.8795050424605211	0.9874015050572112	0.8855658426225145	0.8818454856009118	0.6879208502301382	0.23076923076923073	0.7428571428571429	0.9604790409618794
epididymis	pituitary gland	0.8	0.4120279935547122	0.608492332247144	0.8726340386416684	0.4343344130035285	0.3039071939085462	0.0	0.7291666666666667	0.9487393901931901
epididymis	placenta	0.75	0.4353224183883252	0.69232569209791	0.8888735942888032	0.48158308547996953	0.3064084925365195	0.09090909090909094	0.6470588235294117	0.9323712421728578
epididymis	prostate	0.75	0.31332112232854425	0.5799599507179416	0.8782470374393052	0.35403427704307566	0.22597302874865238	0.0	0.5882352941176471	0.9175329114986099
epididymis	rectum	0.75	0.6673702411607227	0.6566868022331713	0.8579485583787476	0.682001341417545	0.4891501288390098	0.07692307692307687	0.6060606060606061	0.9333363361229572
epididymis	retina	0.8333333333333334	0.647831364252628	0.0	0.9515771105576787	0.6889162855035508	0.5722536498212664	0.0	0.7833333333333333	0.980067575636406
epididymis	salivary gland	0.75	0.6497203050829986	0.5369072660647771	0.8926842507905779	0.682001341417545	0.45221807080823667	0.07692307692307687	0.675	0.9534553560354947
epididymis	seminal vesicle	0.6666666666666666	0.16754722314369308	0.0	0.4129589889542734	0.19727982238889874	0.1333951523336554	0.0	0.22857142857142854	0.6226217939080151
epididymis	skeletal muscle	0.8	0.9085031487962641	0.9874269351633994	0.9294898694368265	0.9137084604200093	0.7412397563227404	0.0	0.7272727272727273	0.977018149996254
epididymis	skin	0.75	0.872058022040646	0.9874269351633994	0.9323318038563025	0.9026295296242898	0.508827689832358	0.0	0.71875	0.976701520493397
epididymis	skin 1	0.75	0.872058022040646	0.9874269351633994	0.9323318038563025	0.9026295296242898	0.508827689832358	0.0	0.71875	0.976701520493397
epididymis	skin 2	0.75	0.872058022040646	0.9874269351633994	0.9323318038563025	0.9026295296242898	0.508827689832358	0.0	0.71875	0.976701520493397
epididymis	small intestine	0.8	0.636861999571863	0.5339276780728596	0.8939535320131077	0.682001341417545	0.42757280447365126	0.0	0.6388888888888888	0.9451959167063101
epididymis	smooth muscle	0.6666666666666666	0.6252740207248436	0.7716707209674867	0.9369782081611056	0.6786947490630677	0.41104138731064066	0.09090909090909094	0.7058823529411764	0.9741592294513868
epididymis	soft tissue 1	0.75	0.907650687642376	0.9869217421090047	0.9645927583179636	0.9161614050803172	0.6317426740741479	0.2857142857142857	0.7647058823529411	0.9872303673313623
epididymis	soft tissue 2	0.75	0.907650687642376	0.9869217421090047	0.9645927583179636	0.9161614050803172	0.6317426740741479	0.2857142857142857	0.7647058823529411	0.9872303673313623
epididymis	sole of foot	0.8333333333333334	0.7766212051567734	0.6314184570624248	0.9917840151550164	0.7826806342865914	0.6124937710537044	0.2857142857142857	0.8125	0.9959857308833161
epididymis	spleen	0.75	0.6576334571942156	0.7716707209674867	0.955012341884889	0.6786947490630677	0.4731747417046328	0.16666666666666663	0.7755102040816326	0.984554362808884
epididymis	stomach 1	0.8	0.6352195874266902	0.6091084593987848	0.8990835720080765	0.682001341417545	0.42454996297352227	0.0	0.6486486486486487	0.9480503253465689
epididymis	stomach 2	0.8	0.6352195874266902	0.6091084593987848	0.8990835720080765	0.682001341417545	0.42454996297352227	0.0	0.6486486486486487	0.9480503253465689
epididymis	substantia nigra	0.8	0.8005620624580003	0.6314184570624248	0.9605712631897148	0.8238290179066888	0.7071663822244044	0.09090909090909094	0.7857142857142857	0.9852643971931319
epididymis	testis	0.75	0.2832858371017354	0.45138271297653243	0.6739450597437344	0.3104764627901432	0.20894843353935832	0.0	0.4666666666666667	0.8190144376364901
epididymis	thymus	0.8	0.6695666359653214	0.7716707209674867	0.9196970922016503	0.6786947490630677	0.4991589751226573	0.0	0.75	0.9648666187338071
epididymis	thyroid gland	0.75	0.8746019207116003	0.9862889193795464	0.8909009039259851	0.8770700050444283	0.657337720160684	0.0	0.7297297297297297	0.9614707200588777
epididymis	tonsil	0.8333333333333334	0.72399952144734	0.5836854486369032	0.9022644110884953	0.7561984647248652	0.6395358290425808	0.1428571428571429	0.74	0.963081502664661
epididymis	urinary bladder	0.6666666666666666	0.6532239350904661	0.7620150773394678	0.917350240497226	0.6786947490630677	0.4640256061181294	0.0	0.75	0.9687416904116066
epididymis	vagina	0.6666666666666666	0.2601421418891864	0.0	0.8368444443477403	0.29677084918327756	0.1895703597072812	0.0	0.5	0.8754815587555482
esophagus	eye	0.8	0.8756420775987969	0.9874015050572112	0.9134674895158098	0.9057526794762822	0.6636241419767366	0.23076923076923073	0.7674418604651163	0.9764036404659847
esophagus	fallopian tube	0.8	0.6772591091281446	0.6566868022331713	0.7947076135887513	0.7271609784927837	0.5725419922532846	0.0	0.6216216216216216	0.9111865514349309
esophagus	gallbladder	0.6666666666666666	0.6269660566448407	0.8006803626368042	0.9004051211502192	0.6704851796756097	0.5538225439933253	0.0	0.7142857142857143	0.967623363425963
esophagus	hair	0.8571428571428571	0.8433848917064585	0.6566868022331713	0.9135631386051205	0.8433848917064585	0.8433848917064585	0.23076923076923073	0.78	0.9738297633879227
esophagus	heart muscle	0.8333333333333334	0.8061127188577878	0.6566868022331713	0.9335692895298604	0.8433848917064585	0.6511485952918817	0.2857142857142857	0.7659574468085106	0.9812126562188028
esophagus	hippocampus	0.8571428571428571	0.8379190245124177	0.6566868022331713	0.9679895965239533	0.8433848917064585	0.8096618271851719	0.33333333333333337	0.7659574468085106	0.9908296460983007
esophagus	hypothalamus	0.8571428571428571	0.9057526794762822	0.9874015050572112	0.9613980344832538	0.9057526794762822	0.9057526794762822	0.33333333333333337	0.7727272727272727	0.9897671485974595
esophagus	kidney	0.8	0.8698508195464805	0.9816844003041527	0.9305078165585895	0.9057526794762822	0.6299010774554501	0.16666666666666663	0.7435897435897436	0.9784810056258534
esophagus	lactating breast	0.8333333333333334	0.9252052291118771	0.9874523597467065	0.9615925563041766	0.9357230679907763	0.7951004181182112	0.23076923076923073	0.7419354838709677	0.9868685450325346
esophagus	liver	0.75	0.5832082354072163	0.6771096304755193	0.8891766571132028	0.6704851796756097	0.4610833831845846	0.0	0.7272727272727273	0.9596643537788594
esophagus	lung	0.8	0.6377035057882066	0.6006324543351974	0.8554043320607327	0.7271609784927837	0.4802431249286762	0.0	0.6666666666666667	0.944275165833396
esophagus	lymph node	0.8	0.8706018171887927	0.9874015050572112	0.763437404156785	0.9057526794762822	0.6341038701666892	0.23076923076923073	0.6296296296296297	0.9175008620215923
esophagus	nasopharynx	0.75	0.3683971979158026	0.3507028680945552	0.6354207257480573	0.4420816455112613	0.32541900982897687	0.0	0.3571428571428571	0.7252942687105426
esophagus	oral mucosa	0.8	0.6175799927475296	0.6523181052594694	0.4456238829760907	0.6921385731879618	0.4971734065480028	0.06666666666666665	0.31999999999999995	0.7067577627363162
esophagus	ovary	0.8333333333333334	0.8849698242611376	0.9822847526350741	0.8251832358267469	0.9057526794762822	0.7250796075483983	0.33333333333333337	0.6428571428571428	0.9395878427782224
esophagus	pancreas	0.8333333333333334	0.9357230679907763	0.9874523597467065	0.8960838647833058	0.9357230679907763	0.9357230679907763	0.23076923076923073	0.72	0.9666667374654453
esophagus	parathyroid gland	0.8	0.8951445368262265	0.9874015050572112	0.7029610415884147	0.9057526794762822	0.8045834859124226	0.33333333333333337	0.6666666666666667	0.9089617261240929
esophagus	pituitary gland	0.8	0.8896726102604122	0.9836110508988002	0.9214877337807363	0.9057526794762822	0.7600040194760345	0.16666666666666663	0.7674418604651163	0.975570203418748
esophagus	placenta	0.75	0.8851382416178646	0.9832502879533442	0.7959166063888103	0.9057526794762822	0.726280954954748	0.23076923076923073	0.6428571428571428	0.9232740888016635
esophagus	prostate	0.8	0.8875170921620715	0.9813854281841474	0.7880611979625527	0.9057526794762822	0.7436339392630091	0.16666666666666663	0.6666666666666667	0.9407110036480152
esophagus	rectum	0.75	0.6376456624072794	0.6523181052594694	0.24294978864306382	0.6921385731879618	0.5417528729843909	0.06666666666666665	0.19047619047619047	0.5432920880509309
esophagus	retina	0.8571428571428571	0.8433848917064585	0.6566868022331713	0.9453520159641323	0.8433848917064585	0.8433848917064585	0.23076923076923073	0.7962962962962963	0.9844637547076394
esophagus	salivary gland	0.8	0.594534243041318	0.5310143617475357	0.5595921647519999	0.6704851796756097	0.4831674214412656	0.06666666666666665	0.33333333333333337	0.7455734382940211
esophagus	seminal vesicle	0.8	0.7329159883146347	0.6566868022331713	0.8957755856617953	0.7561984647248652	0.6690256075279393	0.0	0.6829268292682926	0.9590768552169394
esophagus	skeletal muscle	0.8333333333333334	0.919949419248285	0.9874269351633994	0.8195514776239406	0.925348521047598	0.8579023920050248	0.16666666666666663	0.64	0.9479714939729472
esophagus	skin	0.8	0.893376629596875	0.9874269351633994	0.8370639858326012	0.925348521047598	0.6254903255146425	0.16666666666666663	0.625	0.9463199384656747
esophagus	skin 1	0.8	0.893376629596875	0.9874269351633994	0.8370639858326012	0.925348521047598	0.6254903255146425	0.16666666666666663	0.625	0.9463199384656747
esophagus	skin 2	0.8	0.893376629596875	0.9874269351633994	0.8370639858326012	0.925348521047598	0.6254903255146425	0.16666666666666663	0.625	0.9463199384656747
esophagus	small intestine	0.6666666666666666	0.5818536051000148	0.5279968581813616	0.5684276278556214	0.6704851796756097	0.4585221551066802	0.0	0.21739130434782605	0.6491142076694596
esophagus	smooth muscle	0.8	0.9035561245948789	0.9874269351633994	0.8616283659138188	0.925348521047598	0.6993891601117348	0.23076923076923073	0.6666666666666667	0.959218485427823
esophagus	soft tissue 1	0.8	0.9209076700512444	0.9869217421090047	0.9111630936544768	0.9357230679907763	0.7484053097564323	0.375	0.6923076923076923	0.9718008862591753
esophagus	soft tissue 2	0.8	0.9209076700512444	0.9869217421090047	0.9111630936544768	0.9357230679907763	0.7484053097564323	0.375	0.6923076923076923	0.9718008862591753
esophagus	sole of foot	0.8571428571428571	0.9290014498596562	0.9874523597467065	0.9904514302795508	0.9357230679907763	0.8410504568200763	0.375	0.8048780487804879	0.9964765415679219
esophagus	spleen	0.8	0.8872874290984066	0.9874015050572112	0.940674756474254	0.9057526794762822	0.7419266729344112	0.2857142857142857	0.7619047619047619	0.9834156691341222
esophagus	stomach 1	0.75	0.5802434553956985	0.6041343229496814	0.6026864294902718	0.6704851796756097	0.4554993136065512	0.0	0.25	0.6859775343082731
esophagus	stomach 2	0.75	0.5802434553956985	0.6041343229496814	0.6026864294902718	0.6704851796756097	0.4554993136065512	0.0	0.25	0.6859775343082731
esophagus	substantia nigra	0.8333333333333334	0.8433848917064585	0.6566868022331713	0.9534704800358034	0.8433848917064585	0.8433848917064585	0.23076923076923073	0.7755102040816326	0.9841989341914332
esophagus	testis	0.8333333333333334	0.8896726102604122	0.9817147622305141	0.8252086347217106	0.9057526794762822	0.7600040194760345	0.33333333333333337	0.6428571428571428	0.9395805399394875
esophagus	thymus	0.8	0.8906844270741313	0.9874015050572112	0.858772249753686	0.9057526794762822	0.7679109063524356	0.16666666666666663	0.7297297297297297	0.9461470053465997
esophagus	thyroid gland	0.8	0.8914511111413393	0.9862889193795464	0.7364183617343365	0.9057526794762822	0.7740003558429684	0.16666666666666663	0.6551724137931034	0.9140572191138646
esophagus	tonsil	0.8333333333333334	0.4420816455112613	0.21263777236390735	0.6156431028037181	0.4420816455112613	0.4420816455112613	0.0	0.5135135135135135	0.8032816475742155
esophagus	urinary bladder	0.8	0.8860405226920672	0.9868687368641331	0.8513488815186807	0.9057526794762822	0.7327775373479077	0.16666666666666663	0.7297297297297297	0.9558060251897801
esophagus	vagina	0.8	0.6772591091281446	0.6566868022331713	0.7851126570082751	0.7271609784927837	0.5725419922532846	0.0	0.5625	0.8963940540276963
eye	fallopian tube	0.75	0.6891614551952248	0.6314184570624248	0.9022532419528185	0.7285401999531143	0.41573835439012286	0.0	0.6938775510204082	0.9459342755173678
eye	gallbladder	0.8	0.7075615399723643	0.8640610076148241	0.9368864586852029	0.7554189346966211	0.4536947049473373	0.0	0.7358490566037736	0.9670731122628691
eye	hair	0.8	0.6659893125961165	0.0	0.7891824005460608	0.7468628318464368	0.5047342943468911	0.0	0.6785714285714286	0.9187297758412959
eye	heart muscle	0.8	0.6684892787547031	0.7753071407438439	0.9435039215038592	0.6953602395501685	0.3781210442150451	0.07692307692307687	0.7321428571428572	0.972001260809764
eye	hippocampus	0.8333333333333334	0.7373193360484818	0.6314184570624248	0.9798490936300955	0.7960227415223715	0.5339286159985718	0.2857142857142857	0.7966101694915254	0.9936233146447209
eye	hypothalamus	0.8333333333333334	0.7490078576741738	0.7753071407438439	0.9689162872219487	0.8097802180194039	0.5676516805198583	0.2857142857142857	0.7818181818181819	0.9893883691847066
eye	kidney	0.75	0.6109825813312937	0.4641588518010705	0.925716673824774	0.6364194004784414	0.2945057386087896	0.0	0.6808510638297872	0.9575462762766257
eye	lactating breast	0.8	0.6962098297564872	0.7753071407438439	0.8941812681032874	0.7391124930322678	0.4297346907570566	0.0	0.6666666666666667	0.9518792059886652
eye	liver	0.8	0.4910951184562269	0.6470278120253343	0.9317539521422108	0.5197511769850617	0.26935077559854786	0.0	0.6981132075471699	0.9603360057047252
eye	lung	0.75	0.6330114542860729	0.5712384285316631	0.9219409588346588	0.6364194004784414	0.3234394870655144	0.0	0.7222222222222222	0.9591745810085186
eye	lymph node	0.75	0.4259442899684964	0.7821109108642212	0.9046982192978329	0.45880228912419974	0.20710376277997994	0.16666666666666663	0.6842105263157895	0.9706019448889402
eye	nasopharynx	0.8	0.8530161835241798	0.9874015050572112	0.9357898512690765	0.8770700050444283	0.5469615062944522	0.23076923076923073	0.7959183673469388	0.9811266853668722
eye	oral mucosa	0.8	0.8325701431716176	0.9874015050572112	0.9185182380068091	0.8455138393776899	0.46865897533677764	0.2857142857142857	0.7777777777777778	0.9779777940912217
eye	ovary	0.8	0.8367158986181058	0.9822847526350741	0.9165696621914596	0.8524281664989537	0.4829510700488528	0.2857142857142857	0.7560975609756098	0.9760018463009879
eye	pancreas	0.8	0.9151875546320823	0.9874523597467065	0.9660270120871353	0.9357230679907763	0.6935945304912307	0.16666666666666663	0.8157894736842105	0.9904909246719834
eye	parathyroid gland	0.8	0.5749688959307819	0.7821109108642212	0.8961830037409568	0.6500785722835416	0.3775833785257133	0.2857142857142857	0.7105263157894737	0.9696737381895734
eye	pituitary gland	0.75	0.5440148785981762	0.7077047813667625	0.9473757210717786	0.6060439878490276	0.3330039120893254	0.09090909090909094	0.7307692307692308	0.9787933871126485
eye	placenta	0.75	0.8370550428445169	0.9832502879533442	0.9104402498340666	0.8529812691516357	0.4841524174552024	0.16666666666666663	0.7560975609756098	0.9737878995909187
eye	prostate	0.8	0.8418012759356119	0.9813854281841474	0.908959443009796	0.8605318913170747	0.5015054017634635	0.09090909090909094	0.7674418604651163	0.9761810897288402
eye	rectum	0.75	0.8448567417162637	0.9874015050572112	0.9062313159423864	0.8652124347050514	0.5132384417731657	0.2857142857142857	0.7560975609756098	0.9746937487063713
eye	retina	0.75	0.3194849647731661	0.0	0.4371494891671075	0.4842570749990912	0.24212853749954555	0.0	0.2666666666666667	0.6336445000584623
eye	salivary gland	0.8	0.8348142868602599	0.9830059796580041	0.9276785041244465	0.8492921759938756	0.4763063837423926	0.2857142857142857	0.7916666666666666	0.980604606779092
eye	seminal vesicle	0.8	0.7373321180329815	0.6314184570624248	0.9489349014104421	0.7866286348117524	0.49452762321021737	0.09090909090909094	0.8035714285714286	0.9845118066492969
eye	skeletal muscle	0.8	0.8918761011005747	0.9874269351633994	0.9359786358931863	0.9137084604200093	0.6157738545054793	0.09090909090909094	0.7631578947368421	0.9838272672260624
eye	skin	0.75	0.6548136572457071	0.7753071407438439	0.9383302968815642	0.6934520729350229	0.29991334241004236	0.09090909090909094	0.7222222222222222	0.979425083772069
eye	skin 1	0.75	0.6548136572457071	0.7753071407438439	0.9383302968815642	0.6934520729350229	0.29991334241004236	0.09090909090909094	0.7222222222222222	0.979425083772069
eye	skin 2	0.75	0.6548136572457071	0.7753071407438439	0.9383302968815642	0.6934520729350229	0.29991334241004236	0.09090909090909094	0.7222222222222222	0.979425083772069
eye	small intestine	0.8	0.8273569082741682	0.9828966383204385	0.9284792157630246	0.8363971841068858	0.4516611174078072	0.23076923076923073	0.7727272727272727	0.9780436458641025
eye	smooth muscle	0.75	0.8596544828876451	0.9874269351633994	0.9422130793562308	0.8637948750825047	0.4572606226121892	0.16666666666666663	0.775	0.9851042294325503
eye	soft tissue 1	0.75	0.8873428889715096	0.9869217421090047	0.9678131498130012	0.8972168492104567	0.5062767722568867	0.33333333333333337	0.7948717948717949	0.9909604307231296
eye	soft tissue 2	0.75	0.8873428889715096	0.9869217421090047	0.9678131498130012	0.8972168492104567	0.5062767722568867	0.33333333333333337	0.7948717948717949	0.9909604307231296
eye	sole of foot	0.8333333333333334	0.7343617502652824	0.6314184570624248	0.982592626916296	0.7826806342865914	0.48702786923644326	0.33333333333333337	0.7843137254901961	0.9927194799130638
eye	spleen	0.75	0.5301388343077545	0.7821109108642212	0.9336395095993196	0.5848594837160624	0.3149265655477019	0.07692307692307687	0.6734693877551021	0.9647236532041185
eye	stomach 1	0.8333333333333334	0.8263956142081442	0.9856555322385595	0.9317279641866287	0.8346620232059198	0.4486382759076782	0.23076923076923073	0.7777777777777778	0.9789060574472053
eye	stomach 2	0.8333333333333334	0.8263956142081442	0.9856555322385595	0.9317279641866287	0.8346620232059198	0.4486382759076782	0.23076923076923073	0.7777777777777778	0.9789060574472053
eye	substantia nigra	0.8	0.7223247353381507	0.6314184570624248	0.9722957381146782	0.7895578410705235	0.5474293035709779	0.16666666666666663	0.7627118644067796	0.988413861010022
eye	testis	0.8	0.8460320051160225	0.9817147622305141	0.9165754475417243	0.8669767621432516	0.517875481976489	0.2857142857142857	0.7560975609756098	0.9760006939970651
eye	thymus	0.8	0.5498297981641589	0.0	0.9250741790869174	0.6146451057891733	0.34091079896572646	0.0	0.6956521739130435	0.9608250496909357
eye	thyroid gland	0.75	0.554208020352323	0.7554642898146509	0.900593095202956	0.621017445154296	0.34700024845625915	0.09090909090909094	0.6666666666666667	0.9659765884439299
eye	tonsil	0.8333333333333334	0.6317068207186729	0.7357794603279884	0.9337524650150177	0.7208811095891186	0.47875257208957295	0.33333333333333337	0.7857142857142857	0.9823499296610341
eye	urinary bladder	0.8	0.6794062206588235	0.8583123867144081	0.8819059997632774	0.7133029533424002	0.39738219850124723	0.0	0.6956521739130435	0.9378431199501018
eye	vagina	0.8	0.8437680337296316	0.9874015050572112	0.9345397167064575	0.8635603626592628	0.5090051557372377	0.09090909090909094	0.7959183673469388	0.9809045874647021
fallopian tube	gallbladder	0.8	0.5558550904368504	0.7963393039054973	0.7497584340944914	0.5778437112377295	0.4050618199496621	0.0	0.6458333333333333	0.8862646703318293
fallopian tube	hair	0.8333333333333334	0.7781898116723545	0.6566868022331713	0.9240356342703353	0.8124858781291674	0.6578668918896684	0.0	0.736842105263158	0.9527212629426555
fallopian tube	heart muscle	0.8	0.581759907382968	0.6566868022331713	0.8429154852406368	0.6045363002140718	0.37997341027083975	0.0	0.6470588235294117	0.9303733649630919
fallopian tube	hippocampus	0.8333333333333334	0.7829492309433546	0.6314184570624248	0.9707803243933353	0.8110876083625695	0.6354869671459032	0.23076923076923073	0.7894736842105263	0.9909706998757419
fallopian tube	hypothalamus	0.8333333333333334	0.888514978465771	0.9874015050572112	0.966718414618337	0.9057526794762822	0.7511336932367831	0.23076923076923073	0.8181818181818181	0.9910696278036065
fallopian tube	kidney	0.6666666666666666	0.43171230237272196	0.4641588518010705	0.700393488004406	0.5314499853298407	0.24587285361111438	0.0	0.5714285714285714	0.8482527433874996
fallopian tube	lactating breast	0.8	0.6123901168507142	0.863988045634664	0.6822333826536399	0.6199380581744811	0.43158705681285126	0.0	0.6111111111111112	0.8545607132014236
fallopian tube	liver	0.8	0.49108941088020586	0.6700772774348351	0.7272846874293621	0.5314499853298407	0.31232265914092133	0.0	0.6599999999999999	0.8622594254610015
fallopian tube	lung	0.6666666666666666	0.5435453253539619	0.5712384285316631	0.7756954672748159	0.6045363002140718	0.32529185312130904	0.0	0.5434782608695652	0.8683227029063978
fallopian tube	lymph node	0.75	0.8357294225553933	0.9874015050572112	0.8805034137212805	0.8635603626592628	0.4794848839271902	0.09090909090909094	0.736842105263158	0.962084276653338
fallopian tube	nasopharynx	0.75	0.6255905851767454	0.6566868022331713	0.8560315075453813	0.6441267576501055	0.45587935657100026	0.0	0.6744186046511628	0.9344615145342259
fallopian tube	oral mucosa	0.8	0.5805160302979966	0.6566868022331713	0.8091987469838333	0.6050173422439309	0.3775768256133258	0.07692307692307687	0.641025641025641	0.9193659859647956
fallopian tube	ovary	0.75	0.30731838950202006	0.4724896871945823	0.8754206407231279	0.3334448778086375	0.20427697417320234	0.07692307692307687	0.6	0.9164673831430366
fallopian tube	pancreas	0.8	0.9239669084555127	0.9874523597467065	0.9559810099712481	0.9357230679907763	0.7811040817512773	0.09090909090909094	0.8055555555555556	0.986235782784217
fallopian tube	parathyroid gland	0.75	0.8733595490342856	0.9874015050572112	0.866805024124263	0.8818454856009118	0.6499644996729235	0.23076923076923073	0.7631578947368421	0.9603761646033141
fallopian tube	pituitary gland	0.8	0.43190570715678966	0.6989525218159788	0.932368215262187	0.43901814561952013	0.3021752065005915	0.0	0.7692307692307692	0.9669804137120948
fallopian tube	placenta	0.75	0.30856803606746874	0.5012406172422086	0.8641174092304074	0.3334448778086375	0.20547832157955204	0.0	0.6	0.9050872804579424
fallopian tube	prostate	0.8	0.41829490278129744	0.6580702113335917	0.8711568137456333	0.4246106018797081	0.28580512628756594	0.0	0.6923076923076923	0.940773528104742
fallopian tube	rectum	0.75	0.6074232211569195	0.6566868022331713	0.7732694818219035	0.6097999686138651	0.42215629204971367	0.07692307692307687	0.6	0.9017673191928092
fallopian tube	retina	0.8333333333333334	0.7781898116723545	0.6314184570624248	0.9480564156436684	0.8124858781291674	0.6578668918896684	0.0	0.7333333333333334	0.9688907987151437
fallopian tube	salivary gland	0.75	0.5853908887693982	0.5369072660647771	0.8345429702610632	0.6050173422439309	0.3852242340189406	0.07692307692307687	0.6666666666666667	0.9320673782623448
fallopian tube	seminal vesicle	0.6666666666666666	0.47579415518153245	0.6314184570624248	0.9204983294856623	0.5186155341422694	0.36075100930391335	0.0	0.6458333333333333	0.9503816636690573
fallopian tube	skeletal muscle	0.8	0.9040389106866317	0.9874269351633994	0.9180503337109803	0.9137084604200093	0.703283405765526	0.0	0.75	0.9769591321321406
fallopian tube	skin	0.75	0.863156083562276	0.9874269351633994	0.9218642814126631	0.8919288032952387	0.4708713392751435	0.0	0.7428571428571429	0.976640863058486
fallopian tube	skin 1	0.75	0.863156083562276	0.9874269351633994	0.9218642814126631	0.8919288032952387	0.4708713392751435	0.0	0.7428571428571429	0.976640863058486
fallopian tube	skin 2	0.75	0.863156083562276	0.9874269351633994	0.9218642814126631	0.8919288032952387	0.4708713392751435	0.0	0.7428571428571429	0.976640863058486
fallopian tube	small intestine	0.8	0.569259120891973	0.5339276780728596	0.836703061033797	0.6050173422439309	0.3605789676843553	0.0	0.631578947368421	0.919698472062947
fallopian tube	smooth muscle	0.6666666666666666	0.6023119066828115	0.7716707209674867	0.9279942524780057	0.643384253539151	0.3730850367534261	0.09090909090909094	0.7297297297297297	0.9740997813586949
fallopian tube	soft tissue 1	0.75	0.9023240828758463	0.9869217421090047	0.9589337666772483	0.9069477917888742	0.5937863235169333	0.2857142857142857	0.7837837837837838	0.9871982295594263
fallopian tube	soft tissue 2	0.75	0.9023240828758463	0.9869217421090047	0.9589337666772483	0.9069477917888742	0.5937863235169333	0.2857142857142857	0.7837837837837838	0.9871982295594263
fallopian tube	sole of foot	0.8333333333333334	0.76532701447652	0.6314184570624248	0.9816001369862616	0.7826806342865914	0.5745374204964898	0.2857142857142857	0.8	0.9933834392604229
fallopian tube	spleen	0.75	0.5251204162531644	0.7716707209674867	0.7355818669751454	0.5314499853298407	0.35789844909007545	0.0	0.6	0.8786010035635654
fallopian tube	stomach 1	0.8	0.5671936522570413	0.6091084593987848	0.8453790615762186	0.6050173422439309	0.35755612618422633	0.0	0.641025641025641	0.9239840566385588
fallopian tube	stomach 2	0.8	0.5671936522570413	0.6091084593987848	0.8453790615762186	0.6050173422439309	0.35755612618422633	0.0	0.641025641025641	0.9239840566385588
fallopian tube	substantia nigra	0.75	0.7916075955980472	0.6314184570624248	0.9591426555302216	0.8238290179066888	0.6692100316671898	0.09090909090909094	0.7966101694915254	0.9852558681350985
fallopian tube	testis	0.75	0.43190570715678966	0.664119725767165	0.8842570791200516	0.43901814561952013	0.3021752065005915	0.23076923076923073	0.6756756756756757	0.9401506755349945
fallopian tube	thymus	0.75	0.6518403476115977	0.7716707209674867	0.9108892475837134	0.6599047076798135	0.4612026245654428	0.0	0.7391304347826086	0.955799227413018
fallopian tube	thyroid gland	0.75	0.8679322709027849	0.9862889193795464	0.873977959787829	0.8720327016675182	0.6193813696034693	0.0	0.75	0.9613729481593272
fallopian tube	tonsil	0.8	0.6772591091281446	0.5836854486369032	0.8507151341853992	0.7271609784927837	0.5725419922532846	0.1428571428571429	0.7307692307692308	0.9463614335246865
fallopian tube	urinary bladder	0.6666666666666666	0.6101049385492094	0.7620150773394678	0.7126814813291067	0.6204659228580579	0.4102381429922461	0.0	0.6190476190476191	0.8724609553783882
fallopian tube	vagina	0.6666666666666666	0.210561487208615	0.0	0.5266511476467102	0.210561487208615	0.14544787982206042	0.0	0.41666666666666663	0.7672586360559519
gallbladder	hair	0.8333333333333334	0.7877208307432264	0.8640610076148241	0.9467462177965831	0.8124858781291674	0.695823242446883	0.0	0.75	0.9687438028734274
gallbladder	heart muscle	0.8	0.4601168672759579	0.7679177133731159	0.87255133891429	0.5133349311870948	0.31798725833466135	0.0	0.6153846153846154	0.9165849922577104
gallbladder	hippocampus	0.8333333333333334	0.8685938294144442	0.9363844065832057	0.9821794459612737	0.88028084479843	0.737969738185452	0.23076923076923073	0.819672131147541	0.9935131857115714
gallbladder	hypothalamus	0.8333333333333334	0.8736105070148248	0.9363844065832057	0.9741338779585945	0.888355438389023	0.7716928027067386	0.23076923076923073	0.8070175438596492	0.9901646406247974
gallbladder	kidney	0.75	0.35650103549732226	0.45461288088451113	0.2799704817214449	0.49011432829677537	0.21656930330871915	0.0	0.3846153846153846	0.5924460053977132
gallbladder	lactating breast	0.8333333333333334	0.6321988756084375	0.863988045634664	0.8126424295399102	0.6436933462496024	0.46954340737006584	0.0	0.641025641025641	0.9239055861081368
gallbladder	liver	0.6666666666666666	0.2097930119819642	0.6199626579498387	0.3253824574618974	0.305378701971288	0.14138697265613676	0.0	0.40909090909090906	0.5980889032202445
gallbladder	lung	0.75	0.4137297753070778	0.7300245554049323	0.8359809913356355	0.5133349311870948	0.26330570118513064	0.0	0.6274509803921569	0.8881422693039487
gallbladder	lymph node	0.75	0.8459227007729999	0.9874015050572112	0.9411155152473374	0.8770700050444283	0.5174412344844048	0.09090909090909094	0.7560975609756098	0.9828254612180113
gallbladder	nasopharynx	0.8	0.5959408140920257	0.7978898894003368	0.9514259510072343	0.5959408140920257	0.4568927619267817	0.0	0.75	0.9765092885704825
gallbladder	oral mucosa	0.75	0.5772302033228986	0.8030379223046171	0.9467010730278813	0.6204088080894841	0.39734922362736197	0.23076923076923073	0.7555555555555555	0.9806289971026518
gallbladder	ovary	0.8	0.865871481524736	0.9822847526350741	0.9458741673955907	0.8770700050444283	0.6084169718661139	0.23076923076923073	0.7619047619047619	0.9840401798010974
gallbladder	pancreas	0.8	0.9272339939351815	0.9874523597467065	0.97998170823609	0.9357230679907763	0.8190604323084919	0.09090909090909094	0.8205128205128205	0.9940464830052275
gallbladder	parathyroid gland	0.75	0.8795050424605211	0.9874015050572112	0.9379720056584189	0.8818454856009118	0.6879208502301382	0.23076923076923073	0.7804878048780488	0.9824834228471835
gallbladder	pituitary gland	0.8	0.8486357492224775	0.9172446607880549	0.9607720906858299	0.85437819007066	0.6259441427064909	0.0	0.8035714285714286	0.9837168169159376
gallbladder	placenta	0.75	0.8661004100853551	0.9832502879533442	0.943359299541018	0.8770700050444283	0.6096183192724636	0.09090909090909094	0.7619047619047619	0.9830903399637854
gallbladder	prostate	0.6666666666666666	0.3925393902025939	0.7071593151945457	0.9427705935097247	0.42855569796136883	0.2831067189087116	0.0	0.7441860465116279	0.9816910787135347
gallbladder	rectum	0.75	0.6029438388653787	0.8030379223046171	0.9417044228783091	0.6204088080894841	0.4419286900637501	0.23076923076923073	0.7317073170731707	0.9787335461914521
gallbladder	retina	0.8333333333333334	0.7877208307432264	0.8640610076148241	0.9597837938749688	0.8124858781291674	0.695823242446883	0.0	0.7846153846153846	0.9804444605755998
gallbladder	salivary gland	0.8	0.5265725024922359	0.7311391569158662	0.9115369130167649	0.5702025800291103	0.3665047857589812	0.07692307692307687	0.7446808510638299	0.9717782999436269
gallbladder	seminal vesicle	0.8	0.8816233081470195	0.9874015050572112	0.9616450668968034	0.8858513518711687	0.7019171865970719	0.0	0.8275862068965517	0.9891711753385439
gallbladder	skeletal muscle	0.8	0.863162445208365	0.9363844065832057	0.9382740264903671	0.8709472170901397	0.7042466736641654	0.0	0.736842105263158	0.9824631523992995
gallbladder	skin	0.75	0.8086571593575405	0.9363844065832057	0.9396534477532275	0.85437819007066	0.47183460717378295	0.0	0.7297297297297297	0.9823552983162541
gallbladder	skin 1	0.75	0.8086571593575405	0.9363844065832057	0.9396534477532275	0.85437819007066	0.47183460717378295	0.0	0.7297297297297297	0.9823552983162541
gallbladder	skin 2	0.75	0.8086571593575405	0.9363844065832057	0.9396534477532275	0.85437819007066	0.47183460717378295	0.0	0.7297297297297297	0.9823552983162541
gallbladder	small intestine	0.6666666666666666	0.509193603604678	0.7294092776047769	0.9122058599854032	0.5702025800291103	0.3418595194243958	0.0	0.7209302325581395	0.9691877328397497
gallbladder	smooth muscle	0.6666666666666666	0.8301668734934444	0.9363844065832057	0.9420234305786757	0.85437819007066	0.5457334417708753	0.09090909090909094	0.75	0.9833741136878374
gallbladder	soft tissue 1	0.75	0.907650687642376	0.9869217421090047	0.9806155533447849	0.9161614050803172	0.6317426740741479	0.2857142857142857	0.8	0.9942339844321266
gallbladder	soft tissue 2	0.75	0.907650687642376	0.9869217421090047	0.9806155533447849	0.9161614050803172	0.6317426740741479	0.2857142857142857	0.8	0.9942339844321266
gallbladder	sole of foot	0.8333333333333334	0.8274317326480496	0.8640610076148241	0.9850549696342157	0.832112862684625	0.6525662431748814	0.2857142857142857	0.8333333333333334	0.995623138951125
gallbladder	spleen	0.6666666666666666	0.139216163256622	0.0	0.1920661277448309	0.19216882467344398	0.10016761064911572	0.0	0.4651162790697675	0.46645959982112994
gallbladder	stomach 1	0.75	0.506973768761126	0.7730574862027539	0.9149694220246076	0.5702025800291103	0.3388366779242668	0.0	0.7272727272727273	0.9700392946348584
gallbladder	stomach 2	0.75	0.506973768761126	0.7730574862027539	0.9149694220246076	0.5702025800291103	0.3388366779242668	0.0	0.7272727272727273	0.9700392946348584
gallbladder	substantia nigra	0.8333333333333334	0.8736105070148248	0.9363844065832057	0.9765175245622142	0.888355438389023	0.7716928027067386	0.09090909090909094	0.8253968253968254	0.9903130153442457
gallbladder	testis	0.8	0.8722223917312696	0.9817147622305141	0.9458766024093065	0.8770700050444283	0.64334138379375	0.23076923076923073	0.7619047619047619	0.9840396701647632
gallbladder	thymus	0.6666666666666666	0.4123212660532043	0.8018030216831311	0.9495864896215399	0.42855569796136883	0.3073836859981381	0.0	0.7551020408163265	0.9777142249106519
gallbladder	thyroid gland	0.6666666666666666	0.4170827232048402	0.7843000484761605	0.9395736880917501	0.42855569796136883	0.3134731354886709	0.0	0.7380952380952381	0.9800280791180418
gallbladder	tonsil	0.8333333333333334	0.6705415328206126	0.7611563448633041	0.9536700716994588	0.7089770259496053	0.5923143902673209	0.2857142857142857	0.8103448275862069	0.9845079603297522
gallbladder	urinary bladder	0.6666666666666666	0.14118509168485427	0.04228824121432062	0.7798792706783843	0.20426532408872167	0.10029255546925897	0.0	0.4358974358974359	0.8395732418973345
gallbladder	vagina	0.8	0.870667018482136	0.9874015050572112	0.9540564848049209	0.8770700050444283	0.6344710575544987	0.0	0.8	0.9863678637065237
hair	heart muscle	0.8333333333333334	0.7678601786159577	0.6566868022331713	0.9515360462173387	0.8124858781291674	0.6202495817145907	0.07692307692307687	0.7258064516129032	0.9679916819812451
hair	hippocampus	0.8571428571428571	0.8379190245124177	0.6566868022331713	0.9743571519332417	0.8433848917064585	0.8096618271851719	0.2857142857142857	0.8208955223880597	0.9907487530058143
hair	hypothalamus	0.8571428571428571	0.8419000754425434	0.7753071407438439	0.9727315286246307	0.8419000754425434	0.8419000754425434	0.2857142857142857	0.8095238095238095	0.9888880886244512
hair	kidney	0.8	0.7410556698128234	0.8023728882783069	0.9390077285689905	0.8124858781291674	0.5366342761083353	0.0	0.7272727272727273	0.9627082892435803
hair	lactating breast	0.8	0.7818023457995179	0.7753071407438439	0.9192485030828715	0.8124858781291674	0.6718632282566023	0.0	0.7234042553191489	0.9649852317234048
hair	liver	0.8333333333333334	0.7628199494527387	0.7797839085766876	0.9431379174913258	0.8124858781291674	0.6030840816381423	0.0	0.7580645161290323	0.9645684375360964
hair	lung	0.8	0.7510044252698334	0.6006324543351974	0.9364852102908395	0.8124858781291674	0.56556802456506	0.0	0.7580645161290323	0.9620240893236308
hair	lymph node	0.8	0.8706018171887927	0.9874015050572112	0.9333074730923542	0.9057526794762822	0.6341038701666892	0.16666666666666663	0.7916666666666666	0.9819543586852459
hair	nasopharynx	0.8333333333333334	0.8227006864874215	0.6566868022331713	0.9308612722163224	0.8433848917064585	0.7267222560241741	0.23076923076923073	0.8035714285714286	0.977761480759554
hair	oral mucosa	0.8333333333333334	0.8054554886279095	0.6566868022331713	0.9172544556303648	0.8433848917064585	0.6484197250664995	0.2857142857142857	0.7884615384615384	0.9750878210319625
hair	ovary	0.8333333333333334	0.8849698242611376	0.9822847526350741	0.9393470636039488	0.9057526794762822	0.7250796075483983	0.2857142857142857	0.7959183673469388	0.9832906309946775
hair	pancreas	0.8333333333333334	0.9357230679907763	0.9874523597467065	0.9770997691513768	0.9357230679907763	0.9357230679907763	0.16666666666666663	0.8478260869565217	0.9937326450322623
hair	parathyroid gland	0.8333333333333334	0.8951445368262265	0.9874015050572112	0.9292462900791563	0.9057526794762822	0.8045834859124226	0.2857142857142857	0.8125	0.9815763618036132
hair	pituitary gland	0.8333333333333334	0.8149257517611826	0.7077047813667625	0.9574537535152015	0.8419000754425434	0.6961514154422959	0.09090909090909094	0.8064516129032258	0.9813455911989675
hair	placenta	0.8	0.8851382416178646	0.9832502879533442	0.9361712874760021	0.9057526794762822	0.726280954954748	0.16666666666666663	0.7959183673469388	0.9822465598834026
hair	prostate	0.8333333333333334	0.8875170921620715	0.9813854281841474	0.9354226929577878	0.9057526794762822	0.7436339392630091	0.09090909090909094	0.803921568627451	0.9833777261513665
hair	rectum	0.8	0.8156632858803494	0.6566868022331713	0.9084802898403871	0.8433848917064585	0.6929991915028876	0.2857142857142857	0.7708333333333334	0.9725178852888033
hair	retina	0.8571428571428571	0.6889162855035508	0.0	0.8698709324581446	0.6889162855035508	0.6889162855035508	0.0	0.696969696969697	0.9443167278108487
hair	salivary gland	0.8333333333333334	0.8072861688803792	0.5369072660647771	0.9242722651262091	0.8433848917064585	0.6560671334721144	0.2857142857142857	0.8	0.9773029114156387
hair	seminal vesicle	0.8333333333333334	0.6592085183387674	0.0	0.9381337510337183	0.6889162855035508	0.6017434283066249	0.0	0.8095238095238095	0.9753083425180282
hair	skeletal muscle	0.8333333333333334	0.88028084479843	0.9363844065832057	0.9296389915113318	0.888355438389023	0.8209093093464498	0.09090909090909094	0.7777777777777778	0.9815539363276018
hair	skin	0.75	0.4282820903134199	0.0	0.8394711627862923	0.5997163910659111	0.2998581955329555	0.09090909090909094	0.6829268292682926	0.9534840663947539
hair	skin 1	0.75	0.4282820903134199	0.0	0.8394711627862923	0.5997163910659111	0.2998581955329555	0.09090909090909094	0.6829268292682926	0.9534840663947539
hair	skin 2	0.75	0.4282820903134199	0.0	0.8394711627862923	0.5997163910659111	0.2998581955329555	0.09090909090909094	0.6829268292682926	0.9534840663947539
hair	small intestine	0.8333333333333334	0.8012591881137682	0.5339276780728596	0.9249065077910696	0.8433848917064585	0.631421867137529	0.23076923076923073	0.7843137254901961	0.9751415455034026
hair	smooth muscle	0.8333333333333334	0.7012625750807713	0.46028897121979695	0.9344697535367648	0.7687650927031456	0.5428057317672824	0.16666666666666663	0.7608695652173914	0.9775392507148261
hair	soft tissue 1	0.8	0.715467011073766	0.4374655410487106	0.9521444598517294	0.7687650927031456	0.5814473344688016	0.33333333333333337	0.8043478260869565	0.9887780282373003
hair	soft tissue 2	0.8	0.715467011073766	0.4374655410487106	0.9521444598517294	0.7687650927031456	0.5814473344688016	0.33333333333333337	0.8043478260869565	0.9887780282373003
hair	sole of foot	0.8571428571428571	0.8253671251878293	0.7753071407438439	0.984377933185832	0.8419000754425434	0.7472274642718435	0.33333333333333337	0.8333333333333334	0.9944384184291978
hair	spleen	0.8	0.7757474839712025	0.8640610076148241	0.9444529498495916	0.8124858781291674	0.6486598715872963	0.07692307692307687	0.7627118644067796	0.9719626011935867
hair	stomach 1	0.8571428571428571	0.8004939000151569	0.6091084593987848	0.927515716529734	0.8433848917064585	0.6283990256374	0.23076923076923073	0.7884615384615384	0.9758535199967769
hair	stomach 2	0.8571428571428571	0.8004939000151569	0.6091084593987848	0.927515716529734	0.8433848917064585	0.6283990256374	0.23076923076923073	0.7884615384615384	0.9758535199967769
hair	substantia nigra	0.8571428571428571	0.8419000754425434	0.6566868022331713	0.9658109339531978	0.8419000754425434	0.8419000754425434	0.16666666666666663	0.8088235294117647	0.9850046231707688
hair	testis	0.8333333333333334	0.8896726102604122	0.9817147622305141	0.9393501212945485	0.9057526794762822	0.7600040194760345	0.2857142857142857	0.7959183673469388	0.9832900723635316
hair	thymus	0.8333333333333334	0.7446274957762493	0.0	0.9439704786297648	0.7798284945655282	0.6419867214416816	0.0	0.7857142857142857	0.9740077474387215
hair	thyroid gland	0.75	0.8179091878263935	0.7554642898146509	0.9313227553193445	0.8419000754425434	0.7101477518092296	0.09090909090909094	0.7755102040816326	0.9790033331101088
hair	tonsil	0.875	0.7687650927031456	0.3455260203397419	0.9291714085279497	0.7687650927031456	0.7687650927031456	0.33333333333333337	0.8125	0.9766503757125296
hair	urinary bladder	0.8333333333333334	0.7732666435765835	0.8583123867144081	0.9122913142138092	0.8124858781291674	0.6395107360007929	0.0	0.7169811320754718	0.9487407419025494
hair	vagina	0.8333333333333334	0.8147402109294224	0.6566868022331713	0.9298215384571545	0.8433848917064585	0.6887659054669595	0.09090909090909094	0.8035714285714286	0.9775656292712664
heart muscle	hippocampus	0.8333333333333334	0.7976655224680465	0.6566868022331713	0.9764602688303831	0.83205784333644	0.6174255307705953	0.33333333333333337	0.8125	0.9916664228052903
heart muscle	hypothalamus	0.8333333333333334	0.8042745373978827	0.7753071407438439	0.9759084048320125	0.8419000754425434	0.6496637790279667	0.33333333333333337	0.8	0.9904849902961264
heart muscle	kidney	0.75	0.41760684557196137	0.7061738011534716	0.8584118639853419	0.4967210832536235	0.22213013485594163	0.0	0.6041666666666667	0.921285095910293
heart muscle	lactating breast	0.8333333333333334	0.45738917974638893	0.7677517778479881	0.7670822852517949	0.49635396575267166	0.3051430993328658	0.0	0.6097560975609756	0.9117519431167231
heart muscle	liver	0.8	0.5246155237842083	0.7796657128933783	0.8665426196307803	0.5378727925390334	0.31390994530284544	0.0	0.6785714285714286	0.9288169514150045
heart muscle	lung	0.75	0.2726117574727651	0.6006324543351974	0.5081547606058223	0.33723068636249	0.15289317284561776	0.0	0.5490196078431373	0.7627630704878454
heart muscle	lymph node	0.75	0.8242031297208696	0.9874015050572112	0.949571473986248	0.8468836327582756	0.44186757375211244	0.23076923076923073	0.7777777777777778	0.9873398455508345
heart muscle	nasopharynx	0.8	0.5517559137210494	0.6566868022331713	0.9442829087647308	0.5959408140920257	0.38131910119448936	0.1428571428571429	0.7692307692307692	0.9785556414743275
heart muscle	oral mucosa	0.8	0.4561866149531766	0.0	0.8593823241199355	0.4585975492793011	0.2795504902174105	0.19999999999999996	0.7234042553191489	0.9595274474868837
heart muscle	ovary	0.8	0.8497070187851455	0.9822847526350741	0.9531025267625391	0.8524281664989537	0.5328433111338218	0.33333333333333337	0.782608695652174	0.9880124093774895
heart muscle	pancreas	0.8	0.9204260704907667	0.9874523597467065	0.9830388873231258	0.9357230679907763	0.7434867715761996	0.23076923076923073	0.8372093023255813	0.9956540484117403
heart muscle	parathyroid gland	0.8	0.8666175307237505	0.9874015050572112	0.9472835113889687	0.8818454856009118	0.6123471894978458	0.33333333333333337	0.8	0.9871549548196475
heart muscle	pituitary gland	0.8	0.7611837886624775	0.7077047813667625	0.9647138094869575	0.776853455857687	0.5039151190277191	0.16666666666666663	0.7966101694915254	0.9854461243019381
heart muscle	placenta	0.75	0.849994391677354	0.9832502879533442	0.9512261571859921	0.8529812691516357	0.5340446585401712	0.23076923076923073	0.782608695652174	0.9874843626141476
heart muscle	prostate	0.8	0.8540260888407278	0.9813854281841474	0.9507902553345691	0.8605318913170747	0.5513976428484324	0.16666666666666663	0.7916666666666666	0.9880573022985434
heart muscle	rectum	0.75	0.7617579117526874	0.6566868022331713	0.9306073518152573	0.7760173019456953	0.5007628950883108	0.33333333333333337	0.7555555555555555	0.980545987214169
heart muscle	retina	0.8333333333333334	0.5874436481252318	0.0	0.9258870590818138	0.6667519532719461	0.4745156568573694	0.07692307692307687	0.7230769230769231	0.966888713239429
heart muscle	salivary gland	0.8333333333333334	0.7475765464065998	0.5369072660647771	0.9400815202292921	0.7495618756454374	0.4638308370575378	0.33333333333333337	0.7884615384615384	0.983072219233907
heart muscle	seminal vesicle	0.8	0.658146342954789	0.6566868022331713	0.9520066177393828	0.7016467783603092	0.47425423031728575	0.16666666666666663	0.8	0.9846955908933506
heart muscle	skeletal muscle	0.75	0.5609117508452364	0.0	0.9382408366377355	0.6242494063167047	0.4152528269183289	0.0	0.7317073170731707	0.9808155473494243
heart muscle	skin	0.75	0.6887217758994564	0.7753071407438439	0.9485029790706446	0.743147221852992	0.3498055834950113	0.16666666666666663	0.725	0.9851179324455265
heart muscle	skin 1	0.75	0.6887217758994564	0.7753071407438439	0.9485029790706446	0.743147221852992	0.3498055834950113	0.16666666666666663	0.725	0.9851179324455265
heart muscle	skin 2	0.75	0.6887217758994564	0.7753071407438439	0.9485029790706446	0.743147221852992	0.3498055834950113	0.16666666666666663	0.725	0.9851179324455265
heart muscle	small intestine	0.8	0.7371350624304914	0.5339276780728596	0.940479285723141	0.7455594885475649	0.4391855707229524	0.2857142857142857	0.7708333333333334	0.9818984006094906
heart muscle	smooth muscle	0.8	0.44128167530657547	0.0	0.9414606726799741	0.47189232544718207	0.25673959502503874	0.07692307692307687	0.7142857142857143	0.9796555317541231
heart muscle	soft tissue 1	0.75	0.8964020435771362	0.9869217421090047	0.9834961259995582	0.8972168492104567	0.5561690133418556	0.375	0.8181818181818181	0.9957548195600504
heart muscle	soft tissue 2	0.75	0.8964020435771362	0.9869217421090047	0.9834961259995582	0.8972168492104567	0.5561690133418556	0.375	0.8181818181818181	0.9957548195600504
heart muscle	sole of foot	0.8333333333333334	0.7782893009894619	0.7753071407438439	0.9859284196136208	0.8049725617924639	0.5549911678572668	0.375	0.8245614035087719	0.9952513292577377
heart muscle	spleen	0.75	0.42057467472161014	0.7679177133731159	0.8678806854662355	0.4450584863356637	0.2708238874750747	0.0	0.6274509803921569	0.9208188936816272
heart muscle	stomach 1	0.8333333333333334	0.7357945955777778	0.6091084593987848	0.942130415357696	0.7455594885475649	0.4361627292228234	0.2857142857142857	0.7755102040816326	0.9822788915443403
heart muscle	stomach 2	0.8333333333333334	0.7357945955777778	0.6091084593987848	0.942130415357696	0.7455594885475649	0.4361627292228234	0.2857142857142857	0.7755102040816326	0.9822788915443403
heart muscle	substantia nigra	0.8571428571428571	0.8042745373978827	0.6566868022331713	0.9694500312124115	0.8419000754425434	0.6496637790279667	0.23076923076923073	0.8	0.9871384572008839
heart muscle	testis	0.8	0.8576356814894769	0.9817147622305141	0.9531043548363605	0.8669767621432516	0.567767723061458	0.33333333333333337	0.782608695652174	0.988012121859681
heart muscle	thymus	0.8	0.6322905627205164	0.7716707209674867	0.9559152802074438	0.6599047076798135	0.42358531439036506	0.16666666666666663	0.7735849056603774	0.9831575298732015
heart muscle	thyroid gland	0.8	0.7661283090106312	0.7554642898146509	0.9484449081887024	0.7853347967903713	0.5179114553946529	0.16666666666666663	0.7608695652173914	0.9853203686585377
heart muscle	tonsil	0.8571428571428571	0.8061127188577878	0.5836854486369032	0.9431906387111998	0.8433848917064585	0.6511485952918817	0.375	0.8225806451612903	0.9847797786432083
heart muscle	urinary bladder	0.8	0.4122234831830327	0.7581033616546671	0.8079502779103295	0.42953295355464316	0.26167475188857126	0.0	0.5555555555555556	0.894451696583352
heart muscle	vagina	0.8	0.6228452752826221	0.6566868022331713	0.9436096372474306	0.643384253539151	0.4068081012747127	0.16666666666666663	0.7692307692307692	0.981583847419208
hippocampus	hypothalamus	0.8	0.6552279887218018	0.0	0.7993201279898884	0.6668547575032702	0.6331316929819836	0.25	0.5	0.9133206532906286
hippocampus	kidney	0.8	0.7448370250103832	0.4641588518010705	0.9809376091359221	0.8110876083625695	0.5142543513645701	0.23076923076923073	0.7818181818181819	0.9924461611920328
hippocampus	lactating breast	0.8571428571428571	0.9221503077864663	0.9874523597467065	0.9931698295218657	0.9310742960691029	0.7613773535969246	0.2857142857142857	0.8367346938775511	0.9981429306622707
hippocampus	liver	0.8333333333333334	0.8524927615401658	0.8969451142014736	0.9815792500819904	0.88028084479843	0.6452305773767112	0.23076923076923073	0.8253968253968254	0.9931241803697846
hippocampus	lung	0.8	0.7551000793311398	0.5712384285316631	0.9730283891294554	0.8110876083625695	0.5431880998212949	0.23076923076923073	0.8064516129032258	0.9917591505244474
hippocampus	lymph node	0.8	0.8643197461014247	0.9874015050572112	0.9763573371312433	0.8989363258693498	0.6003808056454025	0.2857142857142857	0.7777777777777778	0.9939982102228216
hippocampus	nasopharynx	0.8333333333333334	0.8156632858803493	0.6566868022331713	0.9707040225774914	0.83205784333644	0.6929991915028875	0.33333333333333337	0.7924528301886793	0.9913646243264703
hippocampus	oral mucosa	0.8333333333333334	0.7969496711695029	0.6566868022331713	0.9685098365969258	0.83205784333644	0.614696660545213	0.375	0.7755102040816326	0.9909891001054398
hippocampus	ovary	0.8333333333333334	0.8800320048099918	0.9822847526350741	0.9771634670673178	0.8989363258693498	0.6913565430271118	0.375	0.782608695652174	0.9941537078937249
hippocampus	pancreas	0.8571428571428571	0.9334798030987053	0.9874523597467065	0.9923074411165773	0.9357230679907763	0.9020000034694897	0.2857142857142857	0.8372093023255813	0.9979688416065743
hippocampus	parathyroid gland	0.8333333333333334	0.8910571296991191	0.9874015050572112	0.9758662629080093	0.8989363258693498	0.7708604213911359	0.375	0.8	0.993956974299768
hippocampus	pituitary gland	0.8333333333333334	0.6383816119265715	0.3008656332064954	0.8831405269667253	0.6818220141614331	0.5238101631312728	0.07692307692307687	0.6346153846153846	0.9476790976298456
hippocampus	placenta	0.8	0.7193907716481992	0.41563066091411516	0.9767274984772896	0.7632471324330075	0.5660204078473093	0.2857142857142857	0.7555555555555555	0.9932505790524596
hippocampus	prostate	0.8333333333333334	0.8828000248227176	0.9813854281841474	0.976628716832675	0.8989363258693498	0.7099108747417224	0.23076923076923073	0.7916666666666666	0.994164406053945
hippocampus	rectum	0.8	0.8080441344112168	0.6566868022331713	0.9673173920232883	0.83205784333644	0.6592761269816009	0.375	0.7555555555555555	0.9906736427834558
hippocampus	retina	0.8333333333333334	0.7715098073819918	0.5604596578921904	0.9781310950707094	0.7792151968901301	0.7454921323688435	0.2857142857142857	0.7794117647058824	0.9910497510001042
hippocampus	salivary gland	0.8571428571428571	0.7989431116947874	0.5369072660647771	0.9695825881763587	0.83205784333644	0.6223440689508278	0.375	0.7884615384615384	0.99129634140685
hippocampus	seminal vesicle	0.8333333333333334	0.7996016780656529	0.6314184570624248	0.9729895960177085	0.8110876083625695	0.7029330961884764	0.23076923076923073	0.8	0.9916353279021689
hippocampus	skeletal muscle	0.8333333333333334	0.8757891242583827	0.9363844065832057	0.9759121197743024	0.88028084479843	0.7871862448251633	0.23076923076923073	0.7619047619047619	0.9939545635914355
hippocampus	skin	0.8333333333333334	0.8324708551562278	0.9363844065832057	0.9761250889988271	0.88028084479843	0.5547741783347808	0.23076923076923073	0.7560975609756098	0.9939417979643764
hippocampus	skin 1	0.8333333333333334	0.8324708551562278	0.9363844065832057	0.9761250889988271	0.88028084479843	0.5547741783347808	0.23076923076923073	0.7560975609756098	0.9939417979643764
hippocampus	skin 2	0.8333333333333334	0.8324708551562278	0.9363844065832057	0.9761250889988271	0.88028084479843	0.5547741783347808	0.23076923076923073	0.7560975609756098	0.9939417979643764
hippocampus	small intestine	0.8333333333333334	0.7923740951500593	0.5339276780728596	0.9696854304922814	0.83205784333644	0.5976988026162425	0.33333333333333337	0.7708333333333334	0.9909961386566621
hippocampus	smooth muscle	0.8571428571428571	0.8491936900458994	0.9363844065832057	0.9765050650546534	0.88028084479843	0.6286730129318732	0.2857142857142857	0.7727272727272727	0.9940666343617331
hippocampus	soft tissue 1	0.8	0.9174835679623052	0.9869217421090047	0.9924029010945982	0.9310742960691029	0.7146822452351457	0.4117647058823529	0.8181818181818181	0.9979911285802788
hippocampus	soft tissue 2	0.8	0.9174835679623052	0.9869217421090047	0.9924029010945982	0.9310742960691029	0.7146822452351457	0.4117647058823529	0.8181818181818181	0.9979911285802788
hippocampus	sole of foot	0.8571428571428571	0.7978773427573602	0.6314184570624248	0.9955575366387026	0.8110876083625695	0.6954333422147022	0.4117647058823529	0.8448275862068966	0.998243492156012
hippocampus	spleen	0.8	0.8825506742841148	0.9874015050572112	0.981793500404704	0.8989363258693498	0.7082036084131245	0.33333333333333337	0.8333333333333334	0.9953443657897029
hippocampus	stomach 1	0.8571428571428571	0.7915387062745127	0.6091084593987848	0.9701196405663659	0.83205784333644	0.5946759611161135	0.33333333333333337	0.7755102040816326	0.9910912824515592
hippocampus	stomach 2	0.8571428571428571	0.7915387062745127	0.6091084593987848	0.9701196405663659	0.83205784333644	0.5946759611161135	0.33333333333333337	0.7755102040816326	0.9910912824515592
hippocampus	substantia nigra	0.8333333333333334	0.6990270300566179	0.0	0.8995833629134545	0.7091767609411819	0.6754536964198952	0.1428571428571429	0.5555555555555556	0.9456646290998109
hippocampus	testis	0.8333333333333334	0.8851382416178646	0.9817147622305141	0.9771639005421284	0.8989363258693498	0.726280954954748	0.375	0.782608695652174	0.9941536395093898
hippocampus	thymus	0.8333333333333334	0.8862345240684675	0.9874015050572112	0.9778515912733292	0.8989363258693498	0.7341878418311492	0.23076923076923073	0.8181818181818181	0.9942218140262332
hippocampus	thyroid gland	0.8333333333333334	0.8870646603036584	0.9862889193795464	0.9761126147292077	0.8989363258693498	0.7402772913216817	0.23076923076923073	0.7872340425531915	0.9939806637964609
hippocampus	tonsil	0.875	0.8379190245124177	0.5836854486369032	0.9704048302081629	0.8433848917064585	0.8096618271851719	0.4117647058823529	0.8225806451612903	0.9917710231368853
hippocampus	urinary bladder	0.8333333333333334	0.8592659659327501	0.9336942150238041	0.9776767626700663	0.88028084479843	0.6816572317393618	0.23076923076923073	0.7962962962962963	0.9920177134202569
hippocampus	vagina	0.8333333333333334	0.8070429687279717	0.6566868022331713	0.9705189475194472	0.83205784333644	0.6550428409456729	0.23076923076923073	0.7924528301886793	0.9913352515966755
hypothalamus	kidney	0.8	0.8458264053023716	0.907516116113322	0.97143260875781	0.888355438389023	0.6125038363681908	0.23076923076923073	0.7884615384615384	0.9888511818694703
hypothalamus	lactating breast	0.8571428571428571	0.8160296817992558	0.7753071407438439	0.9873208369097665	0.8419000754425434	0.7012774255699783	0.2857142857142857	0.7954545454545454	0.9954202989393577
hypothalamus	liver	0.8333333333333334	0.8587847011092915	0.8969451142014736	0.9728498699351441	0.888355438389023	0.6789536418979979	0.23076923076923073	0.8135593220338984	0.9892417935678349
hypothalamus	lung	0.8	0.8748512085039307	0.9853444899960145	0.9705932705301575	0.9057526794762822	0.6588348259121748	0.23076923076923073	0.8333333333333334	0.9922904797478872
hypothalamus	lymph node	0.8	0.8706018171887927	0.9874015050572112	0.9597456727648405	0.9057526794762822	0.6341038701666892	0.2857142857142857	0.7560975609756098	0.9891989165538542
hypothalamus	nasopharynx	0.8333333333333334	0.8933054070496453	0.9874015050572112	0.9665808110517584	0.9057526794762822	0.7890900437939978	0.33333333333333337	0.8	0.9907689396475252
hypothalamus	oral mucosa	0.8333333333333334	0.8829276490678671	0.9874015050572112	0.9624367313511814	0.9057526794762822	0.7107875128363232	0.375	0.782608695652174	0.9900748125913679
hypothalamus	ovary	0.8333333333333334	0.8849698242611376	0.9822847526350741	0.9620278841132329	0.9057526794762822	0.7250796075483983	0.375	0.7619047619047619	0.989692307714464
hypothalamus	pancreas	0.8571428571428571	0.9357230679907763	0.9874523597467065	0.9866320986960992	0.9357230679907763	0.9357230679907763	0.2857142857142857	0.8205128205128205	0.9963070109719361
hypothalamus	parathyroid gland	0.8333333333333334	0.8951445368262265	0.9874015050572112	0.9583010175774237	0.9057526794762822	0.8045834859124226	0.375	0.7804878048780488	0.9890646272531447
hypothalamus	pituitary gland	0.8333333333333334	0.5124151034016569	0.3008656332064954	0.6296900273255328	0.5834799487172246	0.437731288716977	0.07692307692307687	0.5434782608695652	0.860464348492844
hypothalamus	placenta	0.8	0.7309235894629883	0.41563066091411516	0.9608070556313177	0.7792151968901301	0.5997434723685958	0.2857142857142857	0.7317073170731707	0.987898664193394
hypothalamus	prostate	0.8333333333333334	0.8875170921620715	0.9813854281841474	0.9605260799220217	0.9057526794762822	0.7436339392630091	0.23076923076923073	0.7727272727272727	0.989725517412558
hypothalamus	rectum	0.8	0.8890704634487675	0.9874015050572112	0.9600217603866833	0.9057526794762822	0.7553669792727113	0.375	0.7619047619047619	0.9894582578827287
hypothalamus	retina	0.75	0.5036610875699332	0.0	0.9782670630630199	0.5036610875699332	0.5036610875699332	0.2857142857142857	0.765625	0.9902295471995959
hypothalamus	salivary gland	0.8571428571428571	0.884029309759552	0.9830059796580041	0.9645090713882457	0.9057526794762822	0.7184349212419381	0.375	0.7959183673469388	0.9906457857916001
hypothalamus	seminal vesicle	0.8333333333333334	0.896752280794032	0.9874015050572112	0.9705292184379926	0.9057526794762822	0.8185798222793563	0.23076923076923073	0.8275862068965517	0.9921075708721141
hypothalamus	skeletal muscle	0.8333333333333334	0.88028084479843	0.9363844065832057	0.9584377293568002	0.888355438389023	0.8209093093464498	0.23076923076923073	0.736842105263158	0.9890567305965409
hypothalamus	skin	0.8	0.774188709274682	0.7753071407438439	0.9590677308693899	0.8419000754425434	0.5420418799095879	0.23076923076923073	0.6944444444444444	0.9873441971085173
hypothalamus	skin 1	0.8	0.774188709274682	0.7753071407438439	0.9590677308693899	0.8419000754425434	0.5420418799095879	0.23076923076923073	0.6944444444444444	0.9873441971085173
hypothalamus	skin 2	0.8	0.774188709274682	0.7753071407438439	0.9590677308693899	0.8419000754425434	0.5420418799095879	0.23076923076923073	0.6944444444444444	0.9873441971085173
hypothalamus	small intestine	0.8333333333333334	0.8804024132596534	0.9828966383204385	0.9647029954444812	0.9057526794762822	0.6937896549073528	0.33333333333333337	0.7777777777777778	0.9900882105061641
hypothalamus	smooth muscle	0.8571428571428571	0.8557639534973742	0.9363844065832057	0.9601720485173296	0.888355438389023	0.6623960774531598	0.2857142857142857	0.75	0.989418521007989
hypothalamus	soft tissue 1	0.8	0.9209076700512444	0.9869217421090047	0.9869177578428209	0.9357230679907763	0.7484053097564323	0.4117647058823529	0.8	0.9963800303476877
hypothalamus	soft tissue 2	0.8	0.9209076700512444	0.9869217421090047	0.9869177578428209	0.9357230679907763	0.7484053097564323	0.4117647058823529	0.8	0.9963800303476877
hypothalamus	sole of foot	0.8571428571428571	0.8253671251878293	0.7753071407438439	0.9931929669944723	0.8419000754425434	0.7472274642718435	0.4117647058823529	0.8333333333333334	0.99723471020783
hypothalamus	spleen	0.8	0.8872874290984066	0.9874015050572112	0.9733127447446882	0.9057526794762822	0.7419266729344112	0.33333333333333337	0.8214285714285714	0.9928957012560118
hypothalamus	stomach 1	0.8571428571428571	0.8799418807254127	0.9856555322385595	0.9655129029992836	0.9057526794762822	0.6907668134072238	0.33333333333333337	0.782608695652174	0.9902678319830858
hypothalamus	stomach 2	0.8571428571428571	0.8799418807254127	0.9856555322385595	0.9655129029992836	0.9057526794762822	0.6907668134072238	0.33333333333333337	0.782608695652174	0.9902678319830858
hypothalamus	substantia nigra	0.8333333333333334	0.6219603549581567	0.0	0.8648381312312585	0.6219603549581567	0.6219603549581567	0.0	0.52	0.9176535232490283
hypothalamus	testis	0.8333333333333334	0.8896726102604122	0.9817147622305141	0.9620290825845873	0.9057526794762822	0.7600040194760345	0.375	0.7619047619047619	0.9896920951344784
hypothalamus	thymus	0.8333333333333334	0.8906844270741313	0.9874015050572112	0.9638931818063848	0.9057526794762822	0.7679109063524356	0.23076923076923073	0.803921568627451	0.9899021554647871
hypothalamus	thyroid gland	0.8333333333333334	0.8179091878263935	0.7554642898146509	0.9590310512016602	0.8419000754425434	0.7101477518092296	0.23076923076923073	0.7380952380952381	0.9874908956184063
hypothalamus	tonsil	0.875	0.9057526794762822	0.9847225891574386	0.9660371858943153	0.9057526794762822	0.9057526794762822	0.4117647058823529	0.8305084745762712	0.9914754349582893
hypothalamus	urinary bladder	0.8333333333333334	0.8650045877722492	0.9336942150238041	0.9634262303584336	0.888355438389023	0.7153802962606485	0.23076923076923073	0.78	0.9862623166097586
hypothalamus	vagina	0.8333333333333334	0.888514978465771	0.9874015050572112	0.9662453011440723	0.9057526794762822	0.7511336932367831	0.23076923076923073	0.8	0.9907161257680506
kidney	lactating breast	0.8	0.5318607482849588	0.8022668166858115	0.7731293627307609	0.6199380581744811	0.3103544410315181	0.0	0.5882352941176471	0.8981432330895027
kidney	liver	0.6666666666666666	0.24128674701775643	0.3325973656538732	0.22797042572782056	0.32803254844525964	0.12420153301151937	0.0	0.4883720930232558	0.5244208437878808
kidney	lung	0.6666666666666666	0.35087565049226255	0.3267894823506997	0.8111806109242421	0.38798139048674596	0.16744857770641092	0.0	0.5869565217391304	0.8874769475251852
kidney	lymph node	0.6666666666666666	0.7917184393452802	0.9816844003041527	0.9249628983851762	0.7936351454118405	0.358252268145857	0.09090909090909094	0.7222222222222222	0.9758041525027815
kidney	nasopharynx	0.75	0.490058885433999	0.7061738011534716	0.9417793872079979	0.5959408140920257	0.29770379558823395	0.0	0.75	0.9745743116182091
kidney	oral mucosa	0.75	0.8219004024651249	0.9816844003041527	0.9338030773086791	0.8455138393776899	0.43493591081549104	0.23076923076923073	0.7560975609756098	0.9797979251543766
kidney	ovary	0.75	0.8265839937785431	0.9684266242882437	0.9325227287810545	0.8524281664989537	0.4492280055275662	0.23076923076923073	0.7297297297297297	0.9781473434306783
kidney	pancreas	0.8	0.9112379007001922	0.9817583324793596	0.973955162565689	0.9357230679907763	0.6598714659699442	0.09090909090909094	0.7941176470588236	0.9914825129078095
kidney	parathyroid gland	0.75	0.8487151419248852	0.9816844003041527	0.9197823956146325	0.8818454856009118	0.5287318838915902	0.23076923076923073	0.75	0.9751197103147057
kidney	pituitary gland	0.75	0.806976811571367	0.8606677791505092	0.9542048910052333	0.8424218217338922	0.4667551763679431	0.0	0.7843137254901961	0.9797712915851818
kidney	placenta	0.6666666666666666	0.8269664828393856	0.9713682198800254	0.9285688136937944	0.8529812691516357	0.4504293529339158	0.09090909090909094	0.7297297297297297	0.9763265834913148
kidney	prostate	0.75	0.832308990777538	0.9654517906047332	0.9276299613494394	0.8605318913170747	0.4677823372421768	0.0	0.7435897435897436	0.9782960691776889
kidney	rectum	0.6666666666666666	0.8357381529173953	0.9816844003041527	0.925916589452052	0.8652124347050514	0.47951537725187904	0.23076923076923073	0.7297297297297297	0.9770679451742498
kidney	retina	0.8	0.7410556698128234	0.4641588518010705	0.9555221646914348	0.8124858781291674	0.5366342761083353	0.0	0.7457627118644068	0.9770606934768362
kidney	salivary gland	0.75	0.8244375161437931	0.9706468844078824	0.9399792508569856	0.8492921759938756	0.442583319221106	0.23076923076923073	0.7727272727272727	0.9820304800591925
kidney	seminal vesicle	0.75	0.7234258290719244	0.4641588518010705	0.9553902101293587	0.7866286348117524	0.4608045586889308	0.0	0.7884615384615384	0.9853527859686468
kidney	skeletal muscle	0.75	0.8299921183586523	0.907516116113322	0.9202868026440432	0.8709472170901397	0.5450577073256176	0.0	0.696969696969697	0.9750787948919638
kidney	skin	0.75	0.7368674530609027	0.907516116113322	0.9225724143507327	0.7509583770896431	0.3126456408352352	0.0	0.6875	0.9748604224869467
kidney	skin 1	0.75	0.7368674530609027	0.907516116113322	0.9225724143507327	0.7509583770896431	0.3126456408352352	0.0	0.6875	0.9748604224869467
kidney	skin 2	0.75	0.7368674530609027	0.907516116113322	0.9225724143507327	0.7509583770896431	0.3126456408352352	0.0	0.6875	0.9748604224869467
kidney	small intestine	0.75	0.8159898243555859	0.9703191383488716	0.9405317896233413	0.8363971841068858	0.4179380528865206	0.16666666666666663	0.75	0.9798533551866375
kidney	smooth muscle	0.75	0.7758992002843441	0.907516116113322	0.9264310223512449	0.7962992605909672	0.38654447543232756	0.09090909090909094	0.7142857142857143	0.976879066344027
kidney	soft tissue 1	0.6666666666666666	0.8802659027812255	0.9806149229890039	0.975017964162744	0.8972168492104567	0.4725537077356001	0.2857142857142857	0.7714285714285715	0.9918611554493327
kidney	soft tissue 2	0.6666666666666666	0.8802659027812255	0.9806149229890039	0.975017964162744	0.8972168492104567	0.4725537077356001	0.2857142857142857	0.7714285714285715	0.9918611554493327
kidney	sole of foot	0.8	0.7201306455542583	0.4641588518010705	0.9837609656172073	0.7826806342865914	0.45330480471515666	0.2857142857142857	0.7916666666666666	0.994183604959108
kidney	spleen	0.6666666666666666	0.3029993545772346	0.7039195713151749	0.24697192630754805	0.4191325383929998	0.1697773229606735	0.0	0.475	0.6016289765500509
kidney	stomach 1	0.8	0.8148973763443442	0.9777466197991147	0.9427951749265429	0.8346620232059198	0.4149152113863916	0.16666666666666663	0.7560975609756098	0.9805818188171135
kidney	stomach 2	0.8	0.8148973763443442	0.9777466197991147	0.9427951749265429	0.8346620232059198	0.4149152113863916	0.16666666666666663	0.7560975609756098	0.9805818188171135
kidney	substantia nigra	0.75	0.7567197792815124	0.4641588518010705	0.9743123986570407	0.8238290179066888	0.5479774158858567	0.09090909090909094	0.7894736842105263	0.9882270243927144
kidney	testis	0.75	0.8370550428445169	0.9665693069663621	0.9325265132281203	0.8669767621432516	0.4841524174552024	0.23076923076923073	0.7297297297297297	0.9781463879586091
kidney	thymus	0.75	0.7678714443901804	0.8023728882783069	0.9381964150207146	0.8121007616669779	0.4502081148831871	0.0	0.7555555555555555	0.9730186217628529
kidney	thyroid gland	0.75	0.8409048867722676	0.979234767075236	0.922441063674563	0.8720327016675182	0.49814875382213614	0.0	0.736842105263158	0.9755164292959702
kidney	tonsil	0.8	0.8698508195464805	0.9754177893226325	0.9442233789280371	0.9057526794762822	0.6299010774554501	0.2857142857142857	0.8148148148148149	0.9848609032895747
kidney	urinary bladder	0.75	0.2606492055105103	0.42042736537674064	0.7316782804592563	0.3769427999038957	0.14366287123615046	0.0	0.4	0.8279638507471868
kidney	vagina	0.75	0.8345172021303824	0.9816844003041527	0.9447824860821898	0.8635603626592628	0.47528209121595105	0.0	0.7777777777777778	0.9822882683329035
lactating breast	liver	0.8333333333333334	0.5797206440353384	0.7796657128933783	0.7947646691401306	0.6199380581744811	0.37680424656132516	0.0	0.6585365853658536	0.9067286280927261
lactating breast	lung	0.8	0.408943846227777	0.7298315268122657	0.6601051110749281	0.49635396575267166	0.2504615421833351	0.0	0.625	0.8539241398304397
lactating breast	lymph node	0.8	0.8906349997572343	0.9874523597467065	0.9558972357717317	0.9105718098449567	0.5234516088086182	0.16666666666666663	0.7142857142857143	0.9835439773011427
lactating breast	nasopharynx	0.8333333333333334	0.9134567677749025	0.9874523597467065	0.9741867248305174	0.9161614050803172	0.6784377824359268	0.23076923076923073	0.7837837837837838	0.9907312945447436
lactating breast	oral mucosa	0.8	0.9032574452927152	0.9874523597467065	0.9646663437592847	0.9105718098449567	0.6001352514782522	0.2857142857142857	0.7575757575757576	0.988265419658288
lactating breast	ovary	0.8333333333333334	0.9052946414604373	0.9823562614468939	0.9634973847597176	0.9105718098449567	0.6144273461903274	0.2857142857142857	0.7241379310344828	0.9864919076822208
lactating breast	pancreas	0.8571428571428571	0.9252052291118771	0.9874523597467065	0.9471773329919124	0.9357230679907763	0.7951004181182112	0.16666666666666663	0.7083333333333333	0.9809532301674061
lactating breast	parathyroid gland	0.8333333333333334	0.9152252169106887	0.9874523597467065	0.9498822064396821	0.9194182959641616	0.6939312245543515	0.2857142857142857	0.75	0.982567979515905
lactating breast	pituitary gland	0.8	0.7784563222517316	0.7077047813667625	0.9766729301972393	0.780036326021389	0.5555287655697307	0.09090909090909094	0.7906976744186046	0.9901090576541796
lactating breast	placenta	0.8	0.9054619794446574	0.9833178993155853	0.9596798606000742	0.9105718098449567	0.6156286935966769	0.16666666666666663	0.7241379310344828	0.9842513231800459
lactating breast	prostate	0.8333333333333334	0.9078147890964923	0.9814605671808357	0.9587241587865396	0.9105718098449567	0.6329816779049381	0.09090909090909094	0.7419354838709677	0.9866609894904381
lactating breast	rectum	0.8	0.9093403539856554	0.9874523597467065	0.9569276895128728	0.9105718098449567	0.6447147179146403	0.2857142857142857	0.7241379310344828	0.9852035976795014
lactating breast	retina	0.8333333333333334	0.7818023457995179	0.7753071407438439	0.9458618416723221	0.8124858781291674	0.6718632282566023	0.0	0.7450980392156863	0.978321853479921
lactating breast	salivary gland	0.8	0.9043582849131501	0.9830745771874466	0.9698947048274673	0.9105718098449567	0.6077826598838671	0.2857142857142857	0.7777777777777778	0.9903495329344044
lactating breast	seminal vesicle	0.8	0.9167617741185456	0.9874523597467065	0.9805507754169077	0.9221503077864663	0.7079275609212853	0.09090909090909094	0.8222222222222222	0.9938602728386448
lactating breast	skeletal muscle	0.8333333333333334	0.9188352090460948	0.9874523597467065	0.9505009685068424	0.9257006625938276	0.727654289075638	0.09090909090909094	0.6799999999999999	0.9825077663732924
lactating breast	skin	0.75	0.7174360819299528	0.7753071407438439	0.9458864582576495	0.780036326021389	0.4014192300370228	0.09090909090909094	0.6086956521739131	0.9739668491733822
lactating breast	skin 1	0.75	0.7174360819299528	0.7753071407438439	0.9458864582576495	0.780036326021389	0.4014192300370228	0.09090909090909094	0.6086956521739131	0.9739668491733822
lactating breast	skin 2	0.75	0.7174360819299528	0.7753071407438439	0.9458864582576495	0.780036326021389	0.4014192300370228	0.09090909090909094	0.6086956521739131	0.9739668491733822
lactating breast	small intestine	0.8333333333333334	0.9007174702941987	0.9829656772136944	0.970331887662202	0.9105718098449567	0.5831373935492817	0.23076923076923073	0.75	0.9883212724956901
lactating breast	smooth muscle	0.8	0.8985236714049438	0.9874523597467065	0.9574743479074457	0.9105718098449567	0.569141057182348	0.16666666666666663	0.7037037037037037	0.9849664669371139
lactating breast	soft tissue 1	0.8	0.9043582849131501	0.9869217421090047	0.9513729956363927	0.9105718098449567	0.6077826598838671	0.33333333333333337	0.6799999999999999	0.9827480269169002
lactating breast	soft tissue 2	0.8	0.9043582849131501	0.9869217421090047	0.9513729956363927	0.9105718098449567	0.6077826598838671	0.33333333333333337	0.6799999999999999	0.9827480269169002
lactating breast	sole of foot	0.8333333333333334	0.7932536356801609	0.7753071407438439	0.9809892274694546	0.8049725617924639	0.6066048143992784	0.33333333333333337	0.736842105263158	0.9924864547865659
lactating breast	spleen	0.8	0.6072593208333293	0.863988045634664	0.8013864375738784	0.6199380581744811	0.4223800365104792	0.0	0.6216216216216216	0.9202413798581769
lactating breast	stomach 1	0.8333333333333334	0.9002517357858182	0.9857134346671668	0.9720748205786208	0.9105718098449567	0.5801145520491527	0.23076923076923073	0.7575757575757576	0.9890348519655188
lactating breast	stomach 2	0.8333333333333334	0.9002517357858182	0.9857134346671668	0.9720748205786208	0.9105718098449567	0.5801145520491527	0.23076923076923073	0.7575757575757576	0.9890348519655188
lactating breast	substantia nigra	0.8333333333333334	0.8160296817992558	0.7753071407438439	0.9888390533236602	0.8419000754425434	0.7012774255699783	0.16666666666666663	0.8200000000000001	0.9955134879392374
lactating breast	testis	0.8333333333333334	0.9099294452444621	0.9817885718477214	0.9635008864029277	0.9105718098449567	0.6493517581179635	0.2857142857142857	0.7241379310344828	0.9864908151118491
lactating breast	thymus	0.8	0.8113765775246626	0.8640610076148241	0.9316053743747215	0.8121007616669779	0.5854370670314542	0.09090909090909094	0.7567567567567568	0.976743593255556
lactating breast	thyroid gland	0.75	0.7827178576866419	0.7554642898146509	0.9457107874308021	0.7853347967903713	0.5695251019366645	0.09090909090909094	0.6896551724137931	0.9753773704014287
lactating breast	tonsil	0.8571428571428571	0.9252052291118771	0.9847842574748226	0.9731365573232164	0.9357230679907763	0.7951004181182112	0.33333333333333337	0.8260869565217391	0.992579238332224
lactating breast	urinary bladder	0.8	0.6180552370247632	0.8583123867144081	0.6771065655132603	0.6352472845785693	0.42423447935918007	0.0	0.6060606060606061	0.8746761529980746
lactating breast	vagina	0.8	0.9087957868926485	0.9874523597467065	0.9735444984502214	0.9105718098449567	0.6404814318787122	0.09090909090909094	0.7837837837837838	0.9905701080103889
liver	lung	0.75	0.4768029379388129	0.7148239935853349	0.8253688878715484	0.5105751543595353	0.2592283881533147	0.0	0.6909090909090909	0.9021287723952872
liver	lymph node	0.75	0.4621462255650247	0.6470278120253343	0.9340109545999954	0.5197511769850617	0.2398305037885004	0.09090909090909094	0.7073170731707317	0.9761728374192413
liver	nasopharynx	0.8	0.5681738908826457	0.680928789101265	0.9505804550467477	0.6204088080894841	0.3829125937762959	0.16666666666666663	0.7843137254901961	0.9791376136847394
liver	oral mucosa	0.8	0.5114055869362519	0.680928789101265	0.9409462723903453	0.522967638081366	0.3046100628186213	0.23076923076923073	0.7659574468085106	0.9762004647470613
liver	ovary	0.8	0.8454772304931865	0.9616443227378244	0.9399294578159142	0.8524281664989537	0.5156778110573732	0.23076923076923073	0.7727272727272727	0.9801409273339203
liver	pancreas	0.8	0.918698358124344	0.9796732913442764	0.9773617921395132	0.9357230679907763	0.7263212714997512	0.09090909090909094	0.8292682926829268	0.9923752878213821
liver	parathyroid gland	0.75	0.28554664461944046	0.6349945162716519	0.902205981468984	0.38248893828760333	0.19686414049313045	0.0	0.5945945945945945	0.9480562482294653
liver	pituitary gland	0.75	0.23615535684205924	0.4163024593965381	0.9409302768704509	0.3047805133887016	0.15228467405674245	0.0	0.6730769230769231	0.963436979446344
liver	placenta	0.75	0.8457809900826524	0.9659002521962513	0.9368159423406567	0.8529812691516357	0.5168791584637229	0.09090909090909094	0.7727272727272727	0.9786485677188035
liver	prostate	0.6666666666666666	0.30290179587045984	0.32610446964149664	0.9314994089995007	0.3516777085058367	0.1903675580999708	0.0	0.7272727272727273	0.968245875795645
liver	rectum	0.75	0.5454275376568732	0.680928789101265	0.9347496499887479	0.5837942352188549	0.3491895292550093	0.23076923076923073	0.7441860465116279	0.9732738145874251
liver	retina	0.8333333333333334	0.6469522835088091	0.6470278120253343	0.9577595683258658	0.7208811095891186	0.5114793130980935	0.0	0.7538461538461538	0.9779389990201508
liver	salivary gland	0.75	0.2557852859291785	0.38248870392295475	0.9020524213469363	0.2820663854312133	0.15431026119005353	0.07692307692307687	0.6739130434782609	0.9397020996185966
liver	seminal vesicle	0.8	0.4426711886028213	0.7044779646521471	0.9557949356477287	0.5251775240542351	0.3113861341453059	0.0	0.8135593220338984	0.9819102435429999
liver	skeletal muscle	0.8	0.8456139924740489	0.8969451142014736	0.9304215387131856	0.8709472170901397	0.6115075128554247	0.0	0.75	0.9776387715794984
liver	skin	0.75	0.7724975347507581	0.8969451142014736	0.9321692823800127	0.8079056231888766	0.3790954463650423	0.0	0.7435897435897436	0.9774631166844702
liver	skin 1	0.75	0.7724975347507581	0.8969451142014736	0.9321692823800127	0.8079056231888766	0.3790954463650423	0.0	0.7435897435897436	0.9774631166844702
liver	skin 2	0.75	0.7724975347507581	0.8969451142014736	0.9321692823800127	0.8079056231888766	0.3790954463650423	0.0	0.7435897435897436	0.9774631166844702
liver	small intestine	0.75	0.43053095919953976	0.4368029507883554	0.9035956387822807	0.4330405068828762	0.24912035861565512	0.0	0.7333333333333334	0.9620638818732369
liver	smooth muscle	0.8	0.802272615354972	0.8969451142014736	0.9351490538039695	0.8079056231888766	0.4529942809621346	0.09090909090909094	0.7619047619047619	0.9790990173289291
liver	soft tissue 1	0.75	0.8934543088331615	0.9782433126764094	0.9781690591703711	0.8972168492104567	0.5390035132654071	0.2857142857142857	0.8095238095238095	0.9926801346729341
liver	soft tissue 2	0.75	0.8934543088331615	0.9782433126764094	0.9781690591703711	0.8972168492104567	0.5390035132654071	0.2857142857142857	0.8095238095238095	0.9926801346729341
liver	sole of foot	0.8333333333333334	0.804435256483599	0.7797839085766876	0.9844346242262256	0.832112862684625	0.5598270823661406	0.2857142857142857	0.8392857142857143	0.9952036470468156
liver	spleen	0.75	0.3768947149116746	0.6470278120253343	0.2964985401701944	0.4191325383929998	0.23622712849048055	0.0	0.48888888888888893	0.6262063141606853
liver	stomach 1	0.8	0.4275403793637663	0.5978058723774784	0.9069175871057252	0.4330405068828762	0.24609751711552613	0.0	0.7391304347826086	0.9633465326645447
liver	stomach 2	0.8	0.4275403793637663	0.5978058723774784	0.9069175871057252	0.4330405068828762	0.24609751711552613	0.0	0.7391304347826086	0.9633465326645447
liver	substantia nigra	0.8333333333333334	0.7338190777623144	0.6470278120253343	0.9754640824362109	0.7895578410705235	0.5801560445794984	0.09090909090909094	0.8125	0.9891188059581401
liver	testis	0.8	0.8538460304850285	0.958868279381596	0.9399324570695187	0.8669767621432516	0.5506022229850094	0.23076923076923073	0.7727272727272727	0.9801401382454231
liver	thymus	0.6666666666666666	0.24540786344859156	0.6349945162716519	0.9223767367742404	0.31995902219221695	0.16019156093314363	0.0	0.6	0.9468698613995314
liver	thyroid gland	0.6666666666666666	0.25238225737263054	0.5797521483358848	0.9050448554141249	0.3312043753922992	0.16628101042367632	0.0	0.5526315789473684	0.9452363026631811
liver	tonsil	0.8571428571428571	0.6318952247061476	0.506978858292053	0.9493823336231223	0.7089770259496053	0.4995752294585803	0.2857142857142857	0.7758620689655172	0.9804660823328288
liver	urinary bladder	0.8	0.5394408344213951	0.7642917638133635	0.7594511390188888	0.5650912232745084	0.33317109958904756	0.0	0.6304347826086957	0.8770313409574999
liver	vagina	0.8	0.8518075465919139	0.9795909086463123	0.94984322409498	0.8635603626592628	0.5417318967457581	0.0	0.8076923076923077	0.9836209347392777
lung	lymph node	0.6666666666666666	0.8042359902073153	0.9853444899960145	0.9188813152841835	0.8138009301505761	0.38718601660258173	0.09090909090909094	0.7674418604651163	0.9773276685183879
lung	nasopharynx	0.75	0.3269461698662094	0.16327466658023682	0.747523245404172	0.4412955412695293	0.20807492146901907	0.0	0.5581395348837209	0.8684046076459788
lung	oral mucosa	0.75	0.5111436645289389	0.6006324543351974	0.8627465430764153	0.5527739922325905	0.2852779582887173	0.07692307692307687	0.6818181818181819	0.947609633338825
lung	ovary	0.75	0.8353497092883716	0.9779287014329275	0.9276446615051936	0.8524281664989537	0.478161753984291	0.23076923076923073	0.7727272727272727	0.9793976893329366
lung	pancreas	0.8	0.9146481797325475	0.9854036479679813	0.9716200560044365	0.9357230679907763	0.6888052144266689	0.09090909090909094	0.8292682926829268	0.9920455867636899
lung	parathyroid gland	0.75	0.8554295936159777	0.9853444899960145	0.912792980646848	0.8818454856009118	0.5576656323483151	0.23076923076923073	0.7906976744186046	0.9767277744046033
lung	pituitary gland	0.75	0.8448178428677758	0.9799502311478028	0.9520090645826609	0.8669767621432516	0.5130861659119272	0.0	0.8305084745762712	0.9862861352293414
lung	placenta	0.6666666666666666	0.8356945464673073	0.9794076319667027	0.9230790697921384	0.8529812691516357	0.4793631013906406	0.09090909090909094	0.7727272727272727	0.9777870044962851
lung	prostate	0.75	0.8405191936906254	0.9765150800722936	0.9219892629342843	0.8605318913170747	0.49671608569890163	0.0	0.782608695652174	0.9795299341600365
lung	rectum	0.6666666666666666	0.5473027537944948	0.6006324543351974	0.8450875128378722	0.6097999686138651	0.3298574247251053	0.07692307692307687	0.65	0.9407079793742366
lung	retina	0.8	0.7510044252698334	0.5712384285316631	0.9541955778002346	0.8124858781291674	0.56556802456506	0.0	0.7538461538461538	0.9730994061826054
lung	salivary gland	0.75	0.5177515107048063	0.4287547568780157	0.8763692195400442	0.5637119972555088	0.2929253666943323	0.07692307692307687	0.7021276595744681	0.9532846334349757
lung	seminal vesicle	0.75	0.6338817625539312	0.5712384285316631	0.9351947889555984	0.7047171685227194	0.4221077539638319	0.0	0.75	0.9746216538480401
lung	skeletal muscle	0.75	0.8911208322511773	0.9853740721943118	0.9461516151635349	0.9137084604200093	0.6109845384409175	0.0	0.7804878048780488	0.9863917888548376
lung	skin	0.75	0.8352878774308435	0.9853740721943118	0.94782506437709	0.8525153196230859	0.37857247195053517	0.0	0.775	0.9862813937427927
lung	skin 1	0.75	0.8352878774308435	0.9853740721943118	0.94782506437709	0.8525153196230859	0.37857247195053517	0.0	0.775	0.9862813937427927
lung	skin 2	0.75	0.8352878774308435	0.9853740721943118	0.94782506437709	0.8525153196230859	0.37857247195053517	0.0	0.775	0.9862813937427927
lung	small intestine	0.75	0.4957875068878177	0.42421410133905624	0.8775792336617729	0.5263819495762815	0.26828010035974686	0.0	0.6744186046511628	0.9477501952044534
lung	smooth muscle	0.8	0.858379335885495	0.9853740721943118	0.9506314903398735	0.8637948750825047	0.4524713065476274	0.09090909090909094	0.7906976744186046	0.9873073453768259
lung	soft tissue 1	0.6666666666666666	0.8863892225285739	0.9846806197426936	0.9728773763747977	0.8972168492104567	0.5014874561923249	0.2857142857142857	0.8095238095238095	0.9923767948454898
lung	soft tissue 2	0.6666666666666666	0.8863892225285739	0.9846806197426936	0.9728773763747977	0.8972168492104567	0.5014874561923249	0.2857142857142857	0.8095238095238095	0.9923767948454898
lung	sole of foot	0.8	0.7324294794388823	0.5712384285316631	0.9833673670034019	0.7826806342865914	0.48223855317188147	0.2857142857142857	0.8181818181818181	0.9943113594354392
lung	spleen	0.6666666666666666	0.36680539360084985	0.7300245554049323	0.828163155862724	0.4450584863356637	0.21614233032554397	0.0	0.64	0.88987897719905
lung	stomach 1	0.8	0.49295501295564637	0.5347584959915526	0.8825210693388672	0.5213587871166334	0.2652572588596179	0.0	0.6818181818181819	0.9495990588805663
lung	stomach 2	0.8	0.49295501295564637	0.5347584959915526	0.8825210693388672	0.5213587871166334	0.2652572588596179	0.0	0.6818181818181819	0.9495990588805663
lung	substantia nigra	0.75	0.7660667127390092	0.5712384285316631	0.9634073729779082	0.8238290179066888	0.5769111643425814	0.09090909090909094	0.8125	0.9872481105814929
lung	testis	0.75	0.8448178428677758	0.9770368787452449	0.9276490128831825	0.8669767621432516	0.5130861659119272	0.23076923076923073	0.7727272727272727	0.9793968400736747
lung	thymus	0.75	0.778788070686145	0.8418656139578812	0.9341289088580085	0.8121007616669779	0.47914186333991193	0.0	0.7884615384615384	0.9745091512317471
lung	thyroid gland	0.75	0.8483135412708751	0.9838169040279386	0.9159260880604831	0.8720327016675182	0.527082502278861	0.0	0.7777777777777778	0.9770752271525631
lung	tonsil	0.8	0.4845648901288835	0.12050494739910056	0.885627204603437	0.6118350211098394	0.364917167545732	0.1428571428571429	0.7321428571428572	0.9561577387511702
lung	urinary bladder	0.75	0.35681898891417674	0.7166513600922513	0.7107772409996184	0.42953295355464316	0.20699319473904054	0.0	0.6	0.8300402335758756
lung	vagina	0.75	0.5441005568033952	0.6006324543351974	0.8868406256780328	0.6050173422439309	0.32562413868917733	0.0	0.7083333333333333	0.9539417133248247
lymph node	nasopharynx	0.75	0.8459227007729999	0.9874015050572112	0.8787102942767757	0.8770700050444283	0.5174412344844048	0.23076923076923073	0.696969696969697	0.9559990530569963
lymph node	oral mucosa	0.75	0.823303730742664	0.9874015050572112	0.7977160414220923	0.8455138393776899	0.4391387035267302	0.2857142857142857	0.6551724137931034	0.9339961520493882
lymph node	ovary	0.75	0.8279147599749479	0.9822847526350741	0.7852652587871973	0.8524281664989537	0.45343079823880533	0.2857142857142857	0.6	0.9123713466137957
lymph node	pancreas	0.8	0.9117500831593406	0.9874523597467065	0.8402770437500668	0.9357230679907763	0.6640742586811833	0.16666666666666663	0.6818181818181819	0.9315774519981896
lymph node	parathyroid gland	0.75	0.5549634847784649	0.7821109108642212	0.5658204995928338	0.6500785722835416	0.3480631067156658	0.2857142857142857	0.5	0.8101218314915634
lymph node	pituitary gland	0.75	0.5209102677940085	0.7165555720925986	0.9143358624280197	0.6060439878490276	0.30348364027927793	0.09090909090909094	0.6842105263157895	0.9694113797764052
lymph node	placenta	0.6666666666666666	0.8282914076171308	0.9832502879533442	0.7393519287350923	0.8529812691516357	0.4546321456451549	0.16666666666666663	0.6	0.8732932504172434
lymph node	prostate	0.75	0.8335536572580737	0.9813854281841474	0.7264004135245778	0.8605318913170747	0.47198512995341596	0.09090909090909094	0.6296296296296297	0.9147148368283343
lymph node	rectum	0.6666666666666666	0.8369326160903988	0.9874015050572112	0.7001860617469919	0.8652124347050514	0.48371816996311817	0.2857142857142857	0.6	0.8919835357913967
lymph node	retina	0.8	0.6167797980170754	0.7821109108642212	0.9589067612302308	0.7208811095891186	0.4492323002795256	0.16666666666666663	0.76	0.9886697449251959
lymph node	salivary gland	0.8	0.8258013001232201	0.9830059796580041	0.8461066917123201	0.8492921759938756	0.44678611193234513	0.2857142857142857	0.6875	0.9530528666990175
lymph node	seminal vesicle	0.75	0.8530091932298957	0.9874015050572112	0.9183920455714005	0.8858513518711687	0.5469310129697633	0.09090909090909094	0.7560975609756098	0.9756694373627519
lymph node	skeletal muscle	0.75	0.8870465921893933	0.9874269351633994	0.73899868866045	0.9137084604200093	0.5862535826954318	0.09090909090909094	0.5909090909090908	0.9047433730625507
lymph node	skin	0.75	0.8257813317929014	0.9874269351633994	0.7741149387312513	0.8365423917285095	0.3538415162050495	0.09090909090909094	0.5714285714285714	0.8990573486407256
lymph node	skin 1	0.75	0.8257813317929014	0.9874269351633994	0.7741149387312513	0.8365423917285095	0.3538415162050495	0.09090909090909094	0.5714285714285714	0.8990573486407256
lymph node	skin 2	0.75	0.8257813317929014	0.9874269351633994	0.7741149387312513	0.8365423917285095	0.3538415162050495	0.09090909090909094	0.5714285714285714	0.8990573486407256
lymph node	small intestine	0.75	0.8174874509003627	0.9828966383204385	0.8496875824405877	0.8363971841068858	0.4221408455977597	0.23076923076923073	0.6428571428571428	0.9345841806720606
lymph node	smooth muscle	0.8	0.8514078563163043	0.9874269351633994	0.818727823786834	0.8637948750825047	0.42774035080214184	0.16666666666666663	0.625	0.9367034050571577
lymph node	soft tissue 1	0.6666666666666666	0.8811960072089564	0.9869217421090047	0.8733259877150528	0.8972168492104567	0.47675650044683926	0.33333333333333337	0.6521739130434783	0.9501920318218393
lymph node	soft tissue 2	0.6666666666666666	0.8811960072089564	0.9869217421090047	0.8733259877150528	0.8972168492104567	0.47675650044683926	0.33333333333333337	0.6521739130434783	0.9501920318218393
lymph node	sole of foot	0.8	0.8985654019456646	0.9874523597467065	0.9901347030184885	0.9207098585234104	0.5694016475104833	0.33333333333333337	0.7894736842105263	0.9962745932165228
lymph node	spleen	0.6666666666666666	0.22605648811336498	0.0	0.9157667198442756	0.3501719168190426	0.12761458058016867	0.07692307692307687	0.5588235294117647	0.9628103335357734
lymph node	stomach 1	0.8	0.8164127649384317	0.9856555322385595	0.8633533723102284	0.8346620232059198	0.4191180040976307	0.23076923076923073	0.6551724137931034	0.9416872040719843
lymph node	stomach 2	0.8	0.8164127649384317	0.9856555322385595	0.8633533723102284	0.8346620232059198	0.4191180040976307	0.23076923076923073	0.6551724137931034	0.9416872040719843
lymph node	substantia nigra	0.8333333333333334	0.7110704813566687	0.7821109108642212	0.9652372092768996	0.7895578410705235	0.5179090317609305	0.16666666666666663	0.7608695652173914	0.989026884166937
lymph node	testis	0.75	0.838230499252945	0.9817147622305141	0.7853035799683109	0.8669767621432516	0.4883552101664415	0.2857142857142857	0.6	0.9123559806802609
lymph node	thymus	0.6666666666666666	0.26011238674424686	0.0	0.7789267869924309	0.3967959704560615	0.15359881399819314	0.0	0.48275862068965514	0.8378032062062244
lymph node	thyroid gland	0.75	0.5321498148534527	0.7628689076731454	0.6337699405215353	0.621017445154296	0.3174799766462117	0.09090909090909094	0.5	0.8294362357335042
lymph node	tonsil	0.8333333333333334	0.41523369827704393	0.21263777236390735	0.7874981019606728	0.5740847678644592	0.3024359585548661	0.33333333333333337	0.5945945945945945	0.9298124623857468
lymph node	urinary bladder	0.75	0.8302999908481092	0.9868687368641331	0.8234399081736333	0.8559019012543767	0.46112872803831456	0.09090909090909094	0.7058823529411764	0.9428125420300553
lymph node	vagina	0.75	0.8357294225553933	0.9874015050572112	0.8741710915699479	0.8635603626592628	0.4794848839271902	0.09090909090909094	0.696969696969697	0.9547726582093106
nasopharynx	oral mucosa	0.8	0.5527689412056187	0.6523181052594694	0.6678024842034529	0.598445839789207	0.3805107708657184	0.06666666666666665	0.4516129032258065	0.8216465950288796
nasopharynx	ovary	0.8	0.865871481524736	0.9822847526350741	0.8973072630320778	0.8770700050444283	0.6084169718661139	0.33333333333333337	0.7058823529411764	0.9631789856844911
nasopharynx	pancreas	0.8333333333333334	0.9272339939351815	0.9874523597467065	0.9552097384858491	0.9357230679907763	0.8190604323084919	0.23076923076923073	0.7741935483870968	0.9838022506143141
nasopharynx	parathyroid gland	0.8	0.8795050424605211	0.9874015050572112	0.8645733971255571	0.8818454856009118	0.6879208502301382	0.33333333333333337	0.7272727272727273	0.9536819082150005
nasopharynx	pituitary gland	0.8	0.8722223917312696	0.9836110508988002	0.9403140973666697	0.8770700050444283	0.64334138379375	0.16666666666666663	0.7959183673469388	0.9805972418982002
nasopharynx	placenta	0.75	0.8661004100853551	0.9832502879533442	0.8878605644434132	0.8770700050444283	0.6096183192724636	0.23076923076923073	0.7058823529411764	0.9576967603061314
nasopharynx	prostate	0.8	0.8693221204031616	0.9813854281841474	0.8855292353833306	0.8770700050444283	0.6269713035807247	0.16666666666666663	0.7222222222222222	0.9635992759125658
nasopharynx	rectum	0.75	0.579970355638494	0.6523181052594694	0.6043277280999089	0.598445839789207	0.4250902373021065	0.06666666666666665	0.37037037037037035	0.7720163208283242
nasopharynx	retina	0.8333333333333334	0.8227006864874215	0.6566868022331713	0.9528156597965587	0.8433848917064585	0.7267222560241741	0.23076923076923073	0.8166666666666667	0.9859395129271841
nasopharynx	salivary gland	0.8	0.5576828237002831	0.5310143617475357	0.7123999151685041	0.598445839789207	0.38815817927133334	0.06666666666666665	0.5	0.85466538560579
nasopharynx	seminal vesicle	0.8	0.693779949878943	0.6566868022331713	0.919930925273831	0.7047171685227194	0.5523629718456549	0.0	0.7234042553191489	0.9668283978518328
nasopharynx	skeletal muscle	0.8	0.9085031487962641	0.9874269351633994	0.9166918135843358	0.9137084604200093	0.7412397563227404	0.16666666666666663	0.7096774193548387	0.9731276405420783
nasopharynx	skin	0.8	0.872058022040646	0.9874269351633994	0.9206302222465347	0.9026295296242898	0.508827689832358	0.16666666666666663	0.7	0.9726937231036825
nasopharynx	skin 1	0.8	0.872058022040646	0.9874269351633994	0.9206302222465347	0.9026295296242898	0.508827689832358	0.16666666666666663	0.7	0.9726937231036825
nasopharynx	skin 2	0.8	0.872058022040646	0.9874269351633994	0.9206302222465347	0.9026295296242898	0.508827689832358	0.16666666666666663	0.7	0.9726937231036825
nasopharynx	small intestine	0.8	0.5414459436635106	0.5279968581813616	0.7161942085597062	0.598445839789207	0.3635129129367479	0.0	0.43333333333333335	0.8225394289911868
nasopharynx	smooth muscle	0.8	0.8864405584483195	0.9874269351633994	0.9269475257827536	0.9026295296242898	0.5827265244294504	0.23076923076923073	0.7272727272727273	0.976478137081044
nasopharynx	soft tissue 1	0.75	0.907650687642376	0.9869217421090047	0.9582632852770947	0.9161614050803172	0.6317426740741479	0.375	0.75	0.9851188296411351
nasopharynx	soft tissue 2	0.75	0.907650687642376	0.9869217421090047	0.9582632852770947	0.9161614050803172	0.6317426740741479	0.375	0.75	0.9851188296411351
nasopharynx	sole of foot	0.8333333333333334	0.918499043157769	0.9874523597467065	0.9914843511552158	0.9207098585234104	0.7243878211377919	0.375	0.8297872340425532	0.9968309197718328
nasopharynx	spleen	0.75	0.8690120461544132	0.9874015050572112	0.9520929228540355	0.8770700050444283	0.6252640372521268	0.2857142857142857	0.7916666666666666	0.985896289125863
nasopharynx	stomach 1	0.8	0.5393719807335574	0.6041343229496814	0.7314233241007102	0.598445839789207	0.36049007143661893	0.0	0.4516129032258065	0.8339075664110293
nasopharynx	stomach 2	0.8	0.5393719807335574	0.6041343229496814	0.7314233241007102	0.598445839789207	0.36049007143661893	0.0	0.4516129032258065	0.8339075664110293
nasopharynx	substantia nigra	0.8	0.8227006864874215	0.6566868022331713	0.958993315483013	0.8433848917064585	0.7267222560241741	0.23076923076923073	0.8	0.9857229632101383
nasopharynx	testis	0.8	0.8722223917312696	0.9817147622305141	0.8973160280772432	0.8770700050444283	0.64334138379375	0.33333333333333337	0.7058823529411764	0.9631762729079715
nasopharynx	thymus	0.8	0.8735776285775398	0.9874015050572112	0.9098958925921149	0.8770700050444283	0.6512482706701512	0.16666666666666663	0.7674418604651163	0.965723508242365
nasopharynx	thyroid gland	0.8	0.8746019207116003	0.9862889193795464	0.8719820208415563	0.8770700050444283	0.657337720160684	0.16666666666666663	0.7142857142857143	0.9550381818372642
nasopharynx	tonsil	0.8	0.3611315853896867	0.21263777236390735	0.6672902125411266	0.4356636584922883	0.31900102281000386	0.0	0.5121951219512195	0.7945806251048189
nasopharynx	urinary bladder	0.8	0.5639098518585357	0.7893430082914452	0.9002572802390484	0.5959408140920257	0.4005802554806916	0.0	0.7380952380952381	0.9560878385573992
nasopharynx	vagina	0.8	0.6255905851767454	0.6566868022331713	0.8513776740021992	0.6441267576501055	0.45587935657100026	0.0	0.631578947368421	0.926743200798764
oral mucosa	ovary	0.8	0.8490501399260361	0.9822847526350741	0.8446387141087986	0.8524281664989537	0.5301144409084395	0.375	0.6666666666666667	0.948933352281701
oral mucosa	pancreas	0.8333333333333334	0.9201563344272375	0.9874523597467065	0.9158826454306389	0.9357230679907763	0.7407579013508173	0.2857142857142857	0.7407407407407407	0.9744018060002304
oral mucosa	parathyroid gland	0.8	0.8661004100853551	0.9874015050572112	0.7550758405654395	0.8818454856009118	0.6096183192724636	0.375	0.6896551724137931	0.9286411772467671
oral mucosa	pituitary gland	0.8	0.8570464172736654	0.9836110508988002	0.9256682316401098	0.8669767621432516	0.5650388528360757	0.23076923076923073	0.7777777777777778	0.9772535544252944
oral mucosa	placenta	0.75	0.8493400279010884	0.9832502879533442	0.821946594993539	0.8529812691516357	0.531315788314789	0.2857142857142857	0.6666666666666667	0.9377439646515279
oral mucosa	prostate	0.8	0.8534064996531319	0.9813854281841474	0.8159964561700723	0.8605318913170747	0.5486687726230501	0.23076923076923073	0.6875	0.949738209470081
oral mucosa	rectum	0.75	0.5297306431497938	0.6523181052594694	0.34896941669941617	0.559712764907932	0.3467877063444319	0.125	0.26086956521739135	0.6450171920391601
oral mucosa	retina	0.8333333333333334	0.5860451834895781	0.0	0.8836393466522777	0.6667519532719461	0.47178678663198714	0.1428571428571429	0.7592592592592593	0.9664509486914499
oral mucosa	salivary gland	0.75	0.39772555455577074	0.348892897061726	0.5763369501625508	0.40509060130509833	0.2456818662629366	0.0	0.3793103448275862	0.7410363761468229
oral mucosa	seminal vesicle	0.8	0.6603782574218175	0.6566868022331713	0.9010957163943446	0.7047171685227194	0.47406044088798033	0.07692307692307687	0.6976744186046512	0.9616374538902455
oral mucosa	skeletal muscle	0.8	0.8987898289176199	0.9874269351633994	0.8506106822357781	0.9137084604200093	0.6629372253650659	0.23076923076923073	0.6666666666666667	0.9589484171324724
oral mucosa	skin	0.8	0.8522269769372153	0.9874269351633994	0.862817338158345	0.8776345013943232	0.4305251588746836	0.23076923076923073	0.6538461538461539	0.9579270745670463
oral mucosa	skin 1	0.8	0.8522269769372153	0.9874269351633994	0.862817338158345	0.8776345013943232	0.4305251588746836	0.23076923076923073	0.6538461538461539	0.9579270745670463
oral mucosa	skin 2	0.8	0.8522269769372153	0.9874269351633994	0.862817338158345	0.8776345013943232	0.4305251588746836	0.23076923076923073	0.6538461538461539	0.9579270745670463
oral mucosa	small intestine	0.75	0.4809036237288571	0.5279968581813616	0.6050893360666376	0.49536676939341406	0.28521038197907345	0.06666666666666665	0.34615384615384615	0.7540467608733906
oral mucosa	smooth muscle	0.8333333333333334	0.8710850614344117	0.9874269351633994	0.8806552565029595	0.8776345013943232	0.5044239934717758	0.2857142857142857	0.6896551724137931	0.9662848737859498
oral mucosa	soft tissue 1	0.75	0.8959443819872647	0.9869217421090047	0.9260442084723604	0.8972168492104567	0.5534401431164734	0.4117647058823529	0.7142857142857143	0.9775418673770996
oral mucosa	soft tissue 2	0.75	0.8959443819872647	0.9869217421090047	0.9260442084723604	0.8972168492104567	0.5534401431164734	0.4117647058823529	0.7142857142857143	0.9775418673770996
oral mucosa	sole of foot	0.8333333333333334	0.9095152726293331	0.9874523597467065	0.9906535710351873	0.9207098585234104	0.6460852901801174	0.4117647058823529	0.813953488372093	0.9965856003206047
oral mucosa	spleen	0.75	0.8530161835241798	0.9874015050572112	0.9430931133140801	0.8598235997463372	0.5469615062944522	0.33333333333333337	0.7727272727272727	0.9842089904782534
oral mucosa	stomach 1	0.75	0.4782442748345387	0.6041343229496814	0.6339695996021866	0.49536676939341406	0.28218754047894445	0.06666666666666665	0.37037037037037035	0.7753567627134522
oral mucosa	stomach 2	0.75	0.4782442748345387	0.6041343229496814	0.6339695996021866	0.49536676939341406	0.28218754047894445	0.06666666666666665	0.37037037037037035	0.7753567627134522
oral mucosa	substantia nigra	0.8333333333333334	0.8054554886279095	0.6566868022331713	0.9545616413167264	0.8433848917064585	0.6484197250664995	0.2857142857142857	0.7843137254901961	0.9846664645952693
oral mucosa	testis	0.8	0.8570464172736654	0.9817147622305141	0.8446587745880436	0.8669767621432516	0.5650388528360757	0.375	0.6666666666666667	0.9489281342153151
oral mucosa	thymus	0.8	0.8587405563086146	0.9874015050572112	0.8717471246394943	0.8698810167358874	0.5729457397124766	0.23076923076923073	0.7435897435897436	0.9537001938177978
oral mucosa	thyroid gland	0.8	0.860018165982106	0.9862889193795464	0.7782816078418435	0.8720327016675182	0.5790351892030094	0.23076923076923073	0.6774193548387097	0.9318101618403558
oral mucosa	tonsil	0.8333333333333334	0.6175799927475296	0.5783878016705806	0.651133876493059	0.6921385731879618	0.4971734065480028	0.17647058823529416	0.575	0.8660679946162038
oral mucosa	urinary bladder	0.8	0.8508885761405505	0.9868687368641331	0.8656545206600195	0.8559019012543767	0.5378123707079487	0.23076923076923073	0.7435897435897436	0.9610239962093846
oral mucosa	vagina	0.8	0.5805160302979966	0.6566868022331713	0.8009378094950323	0.6050173422439309	0.3775768256133258	0.07692307692307687	0.5882352941176471	0.907356916112981
ovary	pancreas	0.8333333333333334	0.921549103530055	0.9823562614468939	0.9089404328862182	0.9357230679907763	0.7550499960628925	0.2857142857142857	0.6956521739130435	0.964127797810421
ovary	parathyroid gland	0.75	0.8687651528417337	0.9822847526350741	0.7365827850136653	0.8818454856009118	0.6239104139845386	0.375	0.64	0.9026749276340826
ovary	pituitary gland	0.75	0.3561527576441207	0.37285196647267604	0.8248241107584535	0.3878900918070981	0.23989675766294677	0.07692307692307687	0.6578947368421053	0.928720396745272
ovary	placenta	0.75	0.28041381064893267	0.1903202873031561	0.7694897977473749	0.28176232350779273	0.17942423589116718	0.1428571428571429	0.36363636363636365	0.7744627501449054
ovary	prostate	0.8	0.3952340299432958	0.4035159182186042	0.7782660226269437	0.4118390177801815	0.2597510405991811	0.23076923076923073	0.5384615384615384	0.8830836955465157
ovary	rectum	0.75	0.8591097145798308	0.9822847526350741	0.7928948947082811	0.8652124347050514	0.5746939073448274	0.375	0.6153846153846154	0.9269511465397564
ovary	retina	0.8333333333333334	0.8849698242611376	0.9822847526350741	0.9612822808776883	0.9057526794762822	0.7250796075483983	0.2857142857142857	0.8113207547169812	0.9900897009180571
ovary	salivary gland	0.8	0.8508766565081488	0.9721589731868764	0.8748603529547612	0.8524281664989537	0.5377618493140544	0.375	0.696969696969697	0.961138148549519
ovary	seminal vesicle	0.75	0.20068277227614129	0.5538653410279237	0.8210452924660367	0.2912004789400964	0.1469307086764956	0.0	0.631578947368421	0.9122718346719776
ovary	skeletal muscle	0.8	0.9007136782203309	0.982320510923956	0.8395606167886631	0.9137084604200093	0.6772293200771411	0.23076923076923073	0.6086956521739131	0.9444951635925558
ovary	skin	0.8	0.8562926423164954	0.982320510923956	0.853555285408773	0.8831112061186039	0.44481725358675867	0.23076923076923073	0.5909090909090908	0.9426115395948975
ovary	skin 1	0.8	0.8562926423164954	0.982320510923956	0.853555285408773	0.8831112061186039	0.44481725358675867	0.23076923076923073	0.5909090909090908	0.9426115395948975
ovary	skin 2	0.8	0.8562926423164954	0.982320510923956	0.853555285408773	0.8831112061186039	0.44481725358675867	0.23076923076923073	0.5909090909090908	0.9426115395948975
ovary	small intestine	0.8	0.8448256144625768	0.9718642937450557	0.8772384724995688	0.8524281664989537	0.513116582979469	0.33333333333333337	0.6551724137931034	0.9492860569063337
ovary	smooth muscle	0.8	0.874190159545306	0.982320510923956	0.8737063048821626	0.8831112061186039	0.518716088183851	0.2857142857142857	0.64	0.9571130732107187
ovary	soft tissue 1	0.75	0.8982974692824115	0.9812887745018639	0.9207309287801724	0.8993556033666107	0.5677322378285484	0.4117647058823529	0.6666666666666667	0.9700049031629547
ovary	soft tissue 2	0.75	0.8982974692824115	0.9812887745018639	0.9207309287801724	0.8993556033666107	0.5677322378285484	0.4117647058823529	0.6666666666666667	0.9700049031629547
ovary	sole of foot	0.8333333333333334	0.9112998701448872	0.9823562614468939	0.9905737214438753	0.9207098585234104	0.6603773848921924	0.4117647058823529	0.7948717948717949	0.9964499822945871
ovary	spleen	0.75	0.856220918341807	0.9822847526350741	0.9421494761944518	0.8598235997463372	0.5612536010065272	0.33333333333333337	0.75	0.9832181916890281
ovary	stomach 1	0.8333333333333334	0.8440494507996199	0.9786266672167504	0.8865082150109924	0.8524281664989537	0.5100937414793401	0.33333333333333337	0.6666666666666667	0.9536619041940333
ovary	stomach 2	0.8333333333333334	0.8440494507996199	0.9786266672167504	0.8865082150109924	0.8524281664989537	0.5100937414793401	0.33333333333333337	0.6666666666666667	0.9536619041940333
ovary	substantia nigra	0.8	0.8849698242611376	0.9822847526350741	0.966952477459045	0.9057526794762822	0.7250796075483983	0.2857142857142857	0.7916666666666666	0.9899205386991843
ovary	testis	0.6666666666666666	0.13117244136467088	0.20713651593921234	0.6000442204522579	0.17399979037608737	0.08835490587317374	0.125	0.36363636363636365	0.7132632422287348
ovary	thymus	0.75	0.8617030468831387	0.9822847526350741	0.8668523405312618	0.8698810167358874	0.5872378344245519	0.23076923076923073	0.7142857142857143	0.9440074634727303
ovary	thyroid gland	0.75	0.8629278627871336	0.9800030793428056	0.7632344999570835	0.8720327016675182	0.5933272839150845	0.23076923076923073	0.6296296296296297	0.9084760532110764
ovary	tonsil	0.8333333333333334	0.8849698242611376	0.9764872438265793	0.8919949486422241	0.9057526794762822	0.7250796075483983	0.4117647058823529	0.7674418604651163	0.972327168123817
ovary	urinary bladder	0.75	0.8541857196447491	0.9812129392417213	0.8602738856473062	0.8559019012543767	0.5521044654200238	0.23076923076923073	0.7142857142857143	0.9543753419943201
ovary	vagina	0.75	0.1863038976228959	0.4061399750821706	0.616166660379309	0.21699479713820446	0.12383768034430975	0.0	0.4285714285714286	0.7843041955002393
pancreas	parathyroid gland	0.8333333333333334	0.9284882855049423	0.9874523597467065	0.7174756878585681	0.9357230679907763	0.8345538744269166	0.2857142857142857	0.6666666666666667	0.910815707560213
pancreas	pituitary gland	0.8	0.924756416525794	0.9836772060166521	0.9698503338979632	0.9357230679907763	0.7899744079905286	0.09090909090909094	0.8157894736842105	0.9900829193718421
pancreas	placenta	0.8	0.9216639646309049	0.9833178993155853	0.880782448144875	0.9357230679907763	0.756251343469242	0.16666666666666663	0.6956521739130435	0.9423446298462322
pancreas	prostate	0.8	0.9232863472497468	0.9814605671808357	0.8720208382480318	0.9357230679907763	0.7736043277775032	0.09090909090909094	0.72	0.9652959968939858
pancreas	rectum	0.8	0.924345750742867	0.9874523597467065	0.8530124394374944	0.9357230679907763	0.7853373677872054	0.2857142857142857	0.6956521739130435	0.9533387009707381
pancreas	retina	0.8333333333333334	0.9357230679907763	0.9874523597467065	0.9863392627303457	0.9357230679907763	0.9357230679907763	0.16666666666666663	0.86	0.9964592349553703
pancreas	salivary gland	0.8333333333333334	0.9209076700512444	0.9830745771874466	0.9404877846291817	0.9357230679907763	0.7484053097564323	0.2857142857142857	0.7666666666666666	0.9825993046530049
pancreas	seminal vesicle	0.8	0.9295847713162378	0.9874523597467065	0.9714305767040541	0.9357230679907763	0.8485502107938504	0.09090909090909094	0.8205128205128205	0.9914325413782243
pancreas	skeletal muscle	0.8333333333333334	0.9310742960691029	0.9874523597467065	0.7360739802727048	0.9357230679907763	0.8682769389482031	0.09090909090909094	0.631578947368421	0.9092169169228167
pancreas	skin	0.8333333333333334	0.9081944091909324	0.9874523597467065	0.7983817688995307	0.9357230679907763	0.6358648724578208	0.09090909090909094	0.6111111111111112	0.8997213747018138
pancreas	skin 1	0.8333333333333334	0.9081944091909324	0.9874523597467065	0.7983817688995307	0.9357230679907763	0.6358648724578208	0.09090909090909094	0.6111111111111112	0.8997213747018138
pancreas	skin 2	0.8333333333333334	0.9081944091909324	0.9874523597467065	0.7983817688995307	0.9357230679907763	0.6358648724578208	0.09090909090909094	0.6111111111111112	0.8997213747018138
pancreas	small intestine	0.8333333333333334	0.9184341166554234	0.9829656772136944	0.9421722900341964	0.9357230679907763	0.7237600434218469	0.23076923076923073	0.7307692307692308	0.9746661037505506
pancreas	smooth muscle	0.8333333333333334	0.916959228281685	0.9874523597467065	0.8591895086449457	0.9357230679907763	0.7097637070549131	0.16666666666666663	0.6666666666666667	0.9508961535110102
pancreas	soft tissue 1	0.8	0.9209076700512444	0.9869217421090047	0.7591075464156455	0.9357230679907763	0.7484053097564323	0.33333333333333337	0.631578947368421	0.9153362072949329
pancreas	soft tissue 2	0.8	0.9209076700512444	0.9869217421090047	0.7591075464156455	0.9357230679907763	0.7484053097564323	0.33333333333333337	0.631578947368421	0.9153362072949329
pancreas	sole of foot	0.8571428571428571	0.9290014498596562	0.9874523597467065	0.9897564465993557	0.9357230679907763	0.8410504568200763	0.33333333333333337	0.7941176470588236	0.9961562319261481
pancreas	spleen	0.8	0.9231297164081887	0.9874523597467065	0.9783517274967671	0.9357230679907763	0.7718970614489052	0.23076923076923073	0.8108108108108107	0.9937021317403191
pancreas	stomach 1	0.8333333333333334	0.9181200321994736	0.9857134346671668	0.9484443093636956	0.9357230679907763	0.7207372019217179	0.23076923076923073	0.7407407407407407	0.9778000168803781
pancreas	stomach 2	0.8333333333333334	0.9181200321994736	0.9857134346671668	0.9484443093636956	0.9357230679907763	0.7207372019217179	0.23076923076923073	0.7407407407407407	0.9778000168803781
pancreas	substantia nigra	0.8333333333333334	0.9357230679907763	0.9874523597467065	0.9885340288667912	0.9357230679907763	0.9357230679907763	0.16666666666666663	0.8444444444444444	0.9963945396374093
pancreas	testis	0.75	0.924756416525794	0.9817885718477214	0.9089622206587029	0.9357230679907763	0.7899744079905286	0.2857142857142857	0.6956521739130435	0.9641200916930953
pancreas	thymus	0.8	0.9254464783777365	0.9874523597467065	0.9345703897579916	0.9357230679907763	0.7978812948669297	0.09090909090909094	0.78125	0.9705101470537586
pancreas	thyroid gland	0.8	0.9259693590218402	0.9863442650974885	0.7955306415902681	0.9357230679907763	0.8039707443574625	0.09090909090909094	0.7083333333333333	0.9240215812859638
pancreas	tonsil	0.8571428571428571	0.9357230679907763	0.9847842574748226	0.9519504184601663	0.9357230679907763	0.9357230679907763	0.33333333333333337	0.825	0.9887138401370094
pancreas	urinary bladder	0.8	0.9222793228070044	0.9869217421090047	0.9294061319015915	0.9357230679907763	0.7627479258624018	0.09090909090909094	0.78125	0.978286794524112
pancreas	vagina	0.8	0.9239669084555127	0.9874523597467065	0.9532401015119251	0.9357230679907763	0.7811040817512773	0.09090909090909094	0.7741935483870968	0.9833035004361509
parathyroid gland	pituitary gland	0.6666666666666666	0.34593474060812146	0.7068925710207185	0.8707271856814236	0.38248893828760333	0.26051727698390786	0.0	0.5588235294117647	0.9322983593245977
parathyroid gland	placenta	0.75	0.868984318272768	0.9832502879533442	0.6639719033906049	0.8818454856009118	0.6251117613908883	0.2857142857142857	0.64	0.851967901500335
parathyroid gland	prostate	0.75	0.4678528693350531	0.7304624662206955	0.6164719254432718	0.5085143802331686	0.344672854056124	0.07692307692307687	0.6153846153846154	0.8581049382377292
parathyroid gland	rectum	0.75	0.8740758410484794	0.9874015050572112	0.5959192311026869	0.8818454856009118	0.6541977857088515	0.375	0.64	0.8768609421127458
parathyroid gland	retina	0.8333333333333334	0.6894644816218678	0.7821109108642212	0.9574001377267112	0.7208811095891186	0.6197119160252589	0.2857142857142857	0.78	0.9885344940354911
parathyroid gland	salivary gland	0.8	0.44900629277629966	0.753927923924845	0.809892742360919	0.5085143802331686	0.3194738360350531	0.25	0.6774193548387097	0.9269905262892378
parathyroid gland	seminal vesicle	0.8	0.5169896228648898	0.8175747855065659	0.9059336957085413	0.5251775240542351	0.4196187370724713	0.07692307692307687	0.75	0.9635658435831578
parathyroid gland	skeletal muscle	0.8	0.9102082574020511	0.9874269351633994	0.5913541526502382	0.9137084604200093	0.7567331984411652	0.23076923076923073	0.6363636363636364	0.8833011175373842
parathyroid gland	skin	0.8	0.8753674582217779	0.9874269351633994	0.6713486989295683	0.9064120953701267	0.5243211319507828	0.23076923076923073	0.6190476190476191	0.8746509063773558
parathyroid gland	skin 1	0.8	0.8753674582217779	0.9874269351633994	0.6713486989295683	0.9064120953701267	0.5243211319507828	0.23076923076923073	0.6190476190476191	0.8746509063773558
parathyroid gland	skin 2	0.8	0.8753674582217779	0.9874269351633994	0.6713486989295683	0.9064120953701267	0.5243211319507828	0.23076923076923073	0.6190476190476191	0.8746509063773558
parathyroid gland	small intestine	0.8	0.8627868084487645	0.9828966383204385	0.8273528682637225	0.8818454856009118	0.5926204613434931	0.33333333333333337	0.6785714285714286	0.9293279950038853
parathyroid gland	smooth muscle	0.8333333333333334	0.8890553619838945	0.9874269351633994	0.7580025394064439	0.9064120953701267	0.5982199665478751	0.2857142857142857	0.6666666666666667	0.9279006118900084
parathyroid gland	soft tissue 1	0.75	0.9096616257823094	0.9869217421090047	0.806686955029699	0.9194182959641616	0.6472361161925725	0.4117647058823529	0.6956521739130435	0.940029195598198
parathyroid gland	soft tissue 2	0.75	0.9096616257823094	0.9869217421090047	0.806686955029699	0.9194182959641616	0.6472361161925725	0.4117647058823529	0.6956521739130435	0.940029195598198
parathyroid gland	sole of foot	0.8333333333333334	0.9200692943407648	0.9874523597467065	0.9898625463106032	0.9207098585234104	0.7398812632562165	0.4117647058823529	0.8157894736842105	0.9962267672759189
parathyroid gland	spleen	0.75	0.6202488875568802	0.7821109108642212	0.9330306979586729	0.6500785722835416	0.45588590948338786	0.33333333333333337	0.7027027027027026	0.9797501844859123
parathyroid gland	stomach 1	0.8333333333333334	0.8621802766090121	0.9856555322385595	0.8451412366538534	0.8818454856009118	0.5895976198433641	0.33333333333333337	0.6896551724137931	0.9375466332202419
parathyroid gland	stomach 2	0.8333333333333334	0.8621802766090121	0.9856555322385595	0.8451412366538534	0.8818454856009118	0.5895976198433641	0.33333333333333337	0.6896551724137931	0.9375466332202419
parathyroid gland	substantia nigra	0.8	0.7658712213437826	0.7821109108642212	0.9641650797729961	0.7895578410705235	0.6883886475066638	0.2857142857142857	0.782608695652174	0.9888936000358215
parathyroid gland	testis	0.8	0.8748512085039307	0.9817147622305141	0.7366404490444786	0.8818454856009118	0.6588348259121748	0.375	0.64	0.9026559725998903
parathyroid gland	thymus	0.6666666666666666	0.35273065985190544	0.774682779299194	0.728936158858351	0.38248893828760333	0.26842416386030904	0.0	0.4642857142857143	0.7950267969272071
parathyroid gland	thyroid gland	0.6666666666666666	0.3578690049390997	0.7547847903869199	0.2524595116389079	0.38248893828760333	0.27451361335084173	0.0	0.25	0.4481186513409574
parathyroid gland	tonsil	0.8333333333333334	0.6894644816218678	0.7357794603279884	0.8551797729399347	0.7208811095891186	0.6197119160252589	0.4117647058823529	0.725	0.9641675660710227
parathyroid gland	urinary bladder	0.8	0.8701569400665907	0.9868687368641331	0.7918030729350708	0.8818454856009118	0.6316083437840478	0.23076923076923073	0.7352941176470589	0.9388356905806294
parathyroid gland	vagina	0.8	0.8733595490342856	0.9874015050572112	0.8588896048362905	0.8818454856009118	0.6499644996729235	0.23076923076923073	0.7272727272727273	0.9523209477667942
pituitary gland	placenta	0.75	0.41098228496724387	0.1561594206402207	0.907543089335715	0.43901814561952013	0.27732246821855633	0.09090909090909094	0.6578947368421053	0.946174623028976
pituitary gland	prostate	0.8	0.18140928737151107	0.25507808134528176	0.8058390067885467	0.20032297112409114	0.12555928169385644	0.0	0.641025641025641	0.9163703174716146
pituitary gland	rectum	0.75	0.8661004100853551	0.9836110508988002	0.9155765793012807	0.8669767621432516	0.6096183192724636	0.23076923076923073	0.7560975609756098	0.9737326866824701
pituitary gland	retina	0.75	0.6732590546349482	0.4282170745441247	0.9695535538378068	0.7208811095891186	0.575132449588871	0.09090909090909094	0.7419354838709677	0.9851367640476459
pituitary gland	salivary gland	0.8333333333333334	0.41217653018911615	0.6423509100288466	0.9285896109626216	0.44666516693060754	0.2748943695986652	0.07692307692307687	0.7659574468085106	0.9710101155080654
pituitary gland	seminal vesicle	0.8	0.26138807071941117	0.5682649321940222	0.8862469082314002	0.31378867890611517	0.20050516471020385	0.0	0.7115384615384616	0.937797433246367
pituitary gland	skeletal muscle	0.8	0.8581039372182638	0.9172446607880549	0.9081872190650951	0.8709472170901397	0.6751606493462022	0.0	0.7297297297297297	0.9710895066687932
pituitary gland	skin	0.8	0.7148234495043881	0.7077047813667625	0.9112062129019496	0.776853455857687	0.39629321990934024	0.0	0.6857142857142857	0.9662612596296192
pituitary gland	skin 1	0.8	0.7148234495043881	0.7077047813667625	0.9112062129019496	0.776853455857687	0.39629321990934024	0.0	0.6857142857142857	0.9662612596296192
pituitary gland	skin 2	0.8	0.7148234495043881	0.7077047813667625	0.9112062129019496	0.776853455857687	0.39629321990934024	0.0	0.6857142857142857	0.9662612596296192
pituitary gland	small intestine	0.8	0.853263217998135	0.9750686872422621	0.9340476526746594	0.8669767621432516	0.5480409949071052	0.16666666666666663	0.7727272727272727	0.9773238018183507
pituitary gland	smooth muscle	0.8	0.8223046524048905	0.9172446607880549	0.9162439881817892	0.8424218217338922	0.5166474174529121	0.09090909090909094	0.7435897435897436	0.9734845738589174
pituitary gland	soft tissue 1	0.75	0.9036231886253512	0.9827676958089486	0.9712654424061549	0.9092777856404599	0.6026566497561846	0.2857142857142857	0.7948717948717949	0.9905925003674304
pituitary gland	soft tissue 2	0.75	0.9036231886253512	0.9827676958089486	0.9712654424061549	0.9092777856404599	0.6026566497561846	0.2857142857142857	0.7948717948717949	0.9905925003674304
pituitary gland	sole of foot	0.8333333333333334	0.7918584097251125	0.7077047813667625	0.9909833531850637	0.8049725617924639	0.6014788042715957	0.2857142857142857	0.8301886792452831	0.9959079030957184
pituitary gland	spleen	0.75	0.5957290717984514	0.7165555720925986	0.9588519974946185	0.6060439878490276	0.41130644304699987	0.16666666666666663	0.7735849056603774	0.9869806122504349
pituitary gland	stomach 1	0.8	0.8525693559763003	0.9805278705599907	0.936820019572916	0.8669767621432516	0.5450181534069762	0.16666666666666663	0.7777777777777778	0.9782425060370413
pituitary gland	stomach 2	0.8	0.8525693559763003	0.9805278705599907	0.936820019572916	0.8669767621432516	0.5450181534069762	0.16666666666666663	0.7777777777777778	0.9782425060370413
pituitary gland	substantia nigra	0.8	0.7043061845811442	0.3008656332064954	0.8553853861196303	0.7474031619488031	0.6016545019485553	0.0	0.6226415094339622	0.9357796377497656
pituitary gland	testis	0.75	0.3878900918070981	0.3424773114602363	0.824835169006872	0.3878900918070981	0.27482116959058295	0.07692307692307687	0.6578947368421053	0.9287166905327716
pituitary gland	thymus	0.6666666666666666	0.3124535290616727	0.7068925710207185	0.9037789851454703	0.31995902219221695	0.22384469742392116	0.0	0.6363636363636364	0.9448289547595609
pituitary gland	thyroid gland	0.6666666666666666	0.3182483874799288	0.6723010845482998	0.8756418817164884	0.3312043753922992	0.22993414691445374	0.0	0.5142857142857142	0.9288685364044664
pituitary gland	tonsil	0.8571428571428571	0.6732590546349482	0.632792323063215	0.93855763161303	0.7208811095891186	0.575132449588871	0.2857142857142857	0.7857142857142857	0.9819276145851048
pituitary gland	urinary bladder	0.8	0.8361243766334324	0.9126335123638322	0.9294455297516019	0.8424218217338922	0.5696316362604007	0.0	0.7755102040816326	0.9692606234797784
pituitary gland	vagina	0.8	0.3801294235778958	0.608492332247144	0.8598486515585237	0.3878900918070981	0.2659508433513316	0.0	0.7173913043478262	0.9442267584953146
placenta	prostate	0.75	0.3963374982113905	0.4605197582741064	0.736236471450793	0.4118390177801815	0.2609523880055308	0.09090909090909094	0.5384615384615384	0.8483335560297608
placenta	rectum	0.6666666666666666	0.8593622849808382	0.9832502879533442	0.7505082595733329	0.8652124347050514	0.5758952547511771	0.2857142857142857	0.6153846153846154	0.9016707689342982
placenta	retina	0.8	0.7309235894629883	0.41563066091411516	0.9600122366580706	0.7792151968901301	0.5997434723685958	0.16666666666666663	0.7884615384615384	0.9883827143376325
placenta	salivary gland	0.8	0.8511595781227641	0.9744716824520638	0.8605446723536683	0.8529812691516357	0.538963196720404	0.2857142857142857	0.696969696969697	0.9549805531077227
placenta	seminal vesicle	0.75	0.45802930291151756	0.69232569209791	0.9116930691344998	0.5186155341422694	0.3358982710218781	0.09090909090909094	0.7	0.9564264940260384
placenta	skeletal muscle	0.75	0.9008720638170689	0.9832840973058029	0.7964775389107214	0.9137084604200093	0.6784306674834907	0.09090909090909094	0.6086956521739131	0.9169802807177427
placenta	skin	0.75	0.8566242197742293	0.9832840973058029	0.8184819656697492	0.8835493080275576	0.44601860099310836	0.09090909090909094	0.5909090909090908	0.9126941706792622
placenta	skin 1	0.75	0.8566242197742293	0.9832840973058029	0.8184819656697492	0.8835493080275576	0.44601860099310836	0.09090909090909094	0.5909090909090908	0.9126941706792622
placenta	skin 2	0.75	0.8566242197742293	0.9832840973058029	0.8184819656697492	0.8835493080275576	0.44601860099310836	0.09090909090909094	0.5909090909090908	0.9126941706792622
placenta	small intestine	0.75	0.8451319387972618	0.9742241443520726	0.8634916098737307	0.8529812691516357	0.5143179303858185	0.23076923076923073	0.6551724137931034	0.9382673753887671
placenta	smooth muscle	0.75	0.8744443627534232	0.9832840973058029	0.8484534057929469	0.8835493080275576	0.5199174355902005	0.16666666666666663	0.64	0.9423498608310269
placenta	soft tissue 1	0.6666666666666666	0.8984904226023097	0.9823667404409099	0.9002141890358251	0.8997328208981332	0.5689335852348981	0.33333333333333337	0.6666666666666667	0.9561528161703802
placenta	soft tissue 2	0.6666666666666666	0.8984904226023097	0.9823667404409099	0.9002141890358251	0.8997328208981332	0.5689335852348981	0.33333333333333337	0.6666666666666667	0.9561528161703802
placenta	sole of foot	0.8	0.9114466757374922	0.9833178993155853	0.990337474214529	0.9207098585234104	0.6615787322985421	0.33333333333333337	0.7948717948717949	0.9963120919555291
placenta	spleen	0.6666666666666666	0.8564839425995382	0.9832502879533442	0.9392673604597789	0.8598235997463372	0.5624549484128769	0.23076923076923073	0.75	0.9821647629772076
placenta	stomach 1	0.8	0.8443588441383679	0.9800164845886874	0.8748575402773321	0.8529812691516357	0.5112950888856895	0.23076923076923073	0.6666666666666667	0.9446319655517166
placenta	stomach 2	0.8	0.8443588441383679	0.9800164845886874	0.8748575402773321	0.8529812691516357	0.5112950888856895	0.23076923076923073	0.6666666666666667	0.9446319655517166
placenta	substantia nigra	0.8333333333333334	0.7309235894629883	0.41563066091411516	0.966031612815304	0.7792151968901301	0.5997434723685958	0.16666666666666663	0.7659574468085106	0.9881768421930188
placenta	testis	0.75	0.41098228496724387	0.4754264414003242	0.785855278346131	0.43901814561952013	0.27732246821855633	0.2857142857142857	0.5	0.8441809551924726
placenta	thymus	0.75	0.8619464128869485	0.9832502879533442	0.8505263246726054	0.8698810167358874	0.5884391818309014	0.09090909090909094	0.7142857142857143	0.9302648476544012
placenta	thyroid gland	0.75	0.8631669409025677	0.9812247719411279	0.7061650257367027	0.8720327016675182	0.5945286313214342	0.09090909090909094	0.6296296296296297	0.864984358047471
placenta	tonsil	0.8333333333333334	0.8851382416178646	0.9781583447758032	0.8814956490604032	0.9057526794762822	0.726280954954748	0.33333333333333337	0.7674418604651163	0.9693411154501652
placenta	urinary bladder	0.75	0.8544562358363816	0.9822952740997042	0.8421851875883094	0.8559019012543767	0.5533058128263735	0.09090909090909094	0.7142857142857143	0.9456475052383714
placenta	vagina	0.75	0.30856803606746874	0.5012406172422086	0.8574787358163433	0.3334448778086375	0.20547832157955204	0.0	0.5333333333333333	0.8863262917160077
prostate	rectum	0.75	0.8629121029074542	0.9813854281841474	0.7386669099543661	0.8652124347050514	0.593248239059438	0.23076923076923073	0.6428571428571428	0.928586962464732
prostate	retina	0.8333333333333334	0.8875170921620715	0.9813854281841474	0.9597197066890422	0.9057526794762822	0.7436339392630091	0.09090909090909094	0.8181818181818181	0.9901204031188366
prostate	salivary gland	0.8333333333333334	0.3973851726522404	0.5637398048665159	0.846661706334337	0.41985653123496525	0.25852428938563965	0.07692307692307687	0.6764705882352942	0.9437622449890436
prostate	seminal vesicle	0.8	0.164179959392324	0.4775234581895246	0.7125492881697502	0.2400486033007292	0.12325127505266997	0.0	0.5405405405405406	0.8706392075191314
prostate	skeletal muscle	0.8	0.9031047832926609	0.9814230017625849	0.783612957710535	0.9137084604200093	0.6957836517917517	0.0	0.64	0.9460871334623189
prostate	skin	0.8	0.8612485525022199	0.9814230017625849	0.8083182476628823	0.8895300097443662	0.4633715853013694	0.0	0.625	0.9443117388603187
prostate	skin 1	0.8	0.8612485525022199	0.9814230017625849	0.8083182476628823	0.8895300097443662	0.4633715853013694	0.0	0.625	0.9443117388603187
prostate	skin 2	0.8	0.8612485525022199	0.9814230017625849	0.8083182476628823	0.8895300097443662	0.4633715853013694	0.0	0.625	0.9443117388603187
prostate	small intestine	0.8	0.8494255076449033	0.9695259746558572	0.8600212699073048	0.8605318913170747	0.5316709146940797	0.16666666666666663	0.6774193548387097	0.9500799210099143
prostate	smooth muscle	0.75	0.8780048906689057	0.9814230017625849	0.8414338654213767	0.8895300097443662	0.5372704198984617	0.09090909090909094	0.6666666666666667	0.958069747273528
prostate	soft tissue 1	0.75	0.9011980662059196	0.9802783148157228	0.8941486464066978	0.9048823659977536	0.586286569543159	0.2857142857142857	0.6923076923076923	0.9708260572221183
prostate	soft tissue 2	0.75	0.9011980662059196	0.9802783148157228	0.8941486464066978	0.9048823659977536	0.586286569543159	0.2857142857142857	0.6923076923076923	0.9708260572221183
prostate	sole of foot	0.8333333333333334	0.9135142841395649	0.9814605671808357	0.990283560123735	0.9207098585234104	0.6789317166068031	0.2857142857142857	0.8048780487804879	0.9964617690952674
prostate	spleen	0.75	0.86017864252223	0.9813854281841474	0.9385900125530914	0.8605318913170747	0.5798079327211381	0.16666666666666663	0.7619047619047619	0.9833060416561832
prostate	stomach 1	0.8	0.8486947865174999	0.9773037182500106	0.8719471957204475	0.8605318913170747	0.5286480731939507	0.16666666666666663	0.6875	0.9543255781326321
prostate	stomach 2	0.8	0.8486947865174999	0.9773037182500106	0.8719471957204475	0.8605318913170747	0.5286480731939507	0.16666666666666663	0.6875	0.9543255781326321
prostate	substantia nigra	0.8333333333333334	0.8875170921620715	0.9813854281841474	0.9658207558219629	0.9057526794762822	0.7436339392630091	0.09090909090909094	0.8	0.9899522962983772
prostate	testis	0.8	0.2844642839990893	0.22284960325105074	0.7613962959142444	0.3009968637576129	0.19688700443068902	0.07692307692307687	0.41666666666666663	0.8332305761605929
prostate	thymus	0.6666666666666666	0.37416115298834063	0.7071593151945457	0.8353386358319745	0.39513743899354914	0.2619275814671494	0.0	0.6571428571428571	0.9095605021672848
prostate	thyroid gland	0.6666666666666666	0.3795582042249759	0.667266707852121	0.6673441278908439	0.40513962027084627	0.2680170309576821	0.0	0.5555555555555556	0.8506792647439809
prostate	tonsil	0.8333333333333334	0.8875170921620715	0.9748762093455113	0.8788890861897342	0.9057526794762822	0.7436339392630091	0.2857142857142857	0.7777777777777778	0.9725652346726271
prostate	urinary bladder	0.8	0.8582546948798796	0.9801983842346633	0.837528516794704	0.8605318913170747	0.5706587971346344	0.0	0.7297297297297297	0.9550188788437814
prostate	vagina	0.8	0.41829490278129744	0.6580702113335917	0.8647265794376446	0.4246106018797081	0.28580512628756594	0.0	0.6470588235294117	0.9310831985938001
rectum	retina	0.8	0.8156632858803494	0.6566868022331713	0.9433633337462647	0.8433848917064585	0.6929991915028876	0.2857142857142857	0.7884615384615384	0.9840106349794399
rectum	salivary gland	0.8	0.535160751276279	0.5310143617475357	0.5007038266144365	0.559712764907932	0.35443511475004674	0.125	0.34615384615384615	0.7555529537617869
rectum	seminal vesicle	0.75	0.6802357248001806	0.6566868022331713	0.8882949992841329	0.7047171685227194	0.5186399073243684	0.07692307692307687	0.6666666666666667	0.9563209668783162
rectum	skeletal muscle	0.75	0.9045582756449261	0.9874269351633994	0.7565332336938111	0.9137084604200093	0.7075166918014539	0.23076923076923073	0.6086956521739131	0.9303725984650824
rectum	skin	0.75	0.8642098225495558	0.9874269351633994	0.7873683462502747	0.8932373775960115	0.4751046253110716	0.23076923076923073	0.5909090909090908	0.9273826809091987
rectum	skin 1	0.75	0.8642098225495558	0.9874269351633994	0.7873683462502747	0.8932373775960115	0.4751046253110716	0.23076923076923073	0.5909090909090908	0.9273826809091987
rectum	skin 2	0.75	0.8642098225495558	0.9874269351633994	0.7873683462502747	0.8932373775960115	0.4751046253110716	0.23076923076923073	0.5909090909090908	0.9273826809091987
rectum	small intestine	0.6666666666666666	0.5171946818389093	0.5279968581813616	0.5120297145564754	0.559712764907932	0.32978984841546144	0.06666666666666665	0.2272727272727273	0.6485366420168199
rectum	smooth muscle	0.75	0.8803000276261868	0.9874269351633994	0.827363112661164	0.8932373775960115	0.5490034599081639	0.2857142857142857	0.64	0.9491426534222818
rectum	soft tissue 1	0.6666666666666666	0.9029484106052844	0.9869217421090047	0.8814707354443745	0.9080745094713655	0.5980196095528613	0.4117647058823529	0.6666666666666667	0.9628157133563237
rectum	soft tissue 2	0.6666666666666666	0.9029484106052844	0.9869217421090047	0.8814707354443745	0.9080745094713655	0.5980196095528613	0.4117647058823529	0.6666666666666667	0.9628157133563237
rectum	sole of foot	0.8	0.9148584149244278	0.9874523597467065	0.9901872160297037	0.9207098585234104	0.6906647566165053	0.4117647058823529	0.7948717948717949	0.996366847197158
rectum	spleen	0.6666666666666666	0.8625708233127652	0.9874015050572112	0.9373607131219966	0.8652124347050514	0.5915409727308403	0.33333333333333337	0.75	0.982588828632444
rectum	stomach 1	0.6666666666666666	0.5148949992614229	0.6041343229496814	0.5553777757138627	0.559712764907932	0.32676700691533245	0.06666666666666665	0.26086956521739135	0.6904921781186311
rectum	stomach 2	0.6666666666666666	0.5148949992614229	0.6041343229496814	0.5553777757138627	0.559712764907932	0.32676700691533245	0.06666666666666665	0.26086956521739135	0.6904921781186311
rectum	substantia nigra	0.8333333333333334	0.8156632858803494	0.6566868022331713	0.9520365343864643	0.8433848917064585	0.6929991915028876	0.2857142857142857	0.7659574468085106	0.9837300025351863
rectum	testis	0.75	0.8661004100853551	0.9817147622305141	0.7929305413501563	0.8669767621432516	0.6096183192724636	0.375	0.6153846153846154	0.9269404687636119
rectum	thymus	0.75	0.8675878641111532	0.9874015050572112	0.8384217653848693	0.8698810167358874	0.6175252061488647	0.23076923076923073	0.7142857142857143	0.9363283568056011
rectum	thyroid gland	0.75	0.8687110842289513	0.9862889193795464	0.6554197962881272	0.8720327016675182	0.6236146556393973	0.23076923076923073	0.6296296296296297	0.8860029624580944
rectum	tonsil	0.8333333333333334	0.6376456624072794	0.5783878016705806	0.5804517205908409	0.6921385731879618	0.5417528729843909	0.17647058823529416	0.5277777777777778	0.8398951900145767
rectum	urinary bladder	0.75	0.8607125829836267	0.9868687368641331	0.8286307307787194	0.8652124347050514	0.5823918371443366	0.23076923076923073	0.7142857142857143	0.9494030266858732
rectum	vagina	0.75	0.6074232211569195	0.6566868022331713	0.7615085386956387	0.6097999686138651	0.42215629204971367	0.07692307692307687	0.5333333333333333	0.8833453456046825
retina	salivary gland	0.8333333333333334	0.8072861688803792	0.5369072660647771	0.9498369700403558	0.8433848917064585	0.6560671334721144	0.2857142857142857	0.8135593220338984	0.9857575792165644
retina	seminal vesicle	0.8333333333333334	0.6592085183387674	0.0	0.9554225865442454	0.6889162855035508	0.6017434283066249	0.0	0.803030303030303	0.9823274481545138
retina	skeletal muscle	0.8333333333333334	0.919949419248285	0.9874269351633994	0.9736032891434538	0.925348521047598	0.8579023920050248	0.09090909090909094	0.8200000000000001	0.9938396473148952
retina	skin	0.8333333333333334	0.774188709274682	0.7753071407438439	0.9740118929386098	0.8419000754425434	0.5420418799095879	0.09090909090909094	0.7916666666666666	0.9922295552780812
retina	skin 1	0.8333333333333334	0.774188709274682	0.7753071407438439	0.9740118929386098	0.8419000754425434	0.5420418799095879	0.09090909090909094	0.7916666666666666	0.9922295552780812
retina	skin 2	0.8333333333333334	0.774188709274682	0.7753071407438439	0.9740118929386098	0.8419000754425434	0.5420418799095879	0.09090909090909094	0.7916666666666666	0.9922295552780812
retina	small intestine	0.8333333333333334	0.8012591881137682	0.5339276780728596	0.9501160590294626	0.8433848917064585	0.631421867137529	0.23076923076923073	0.8	0.9849356824029067
retina	smooth muscle	0.8333333333333334	0.9035561245948789	0.9874269351633994	0.9747274837933035	0.925348521047598	0.6993891601117348	0.16666666666666663	0.8269230769230769	0.9940344468667998
retina	soft tissue 1	0.8	0.9209076700512444	0.9869217421090047	0.9866374346230995	0.9357230679907763	0.7484053097564323	0.33333333333333337	0.8431372549019608	0.9965264134704377
retina	soft tissue 2	0.8	0.9209076700512444	0.9869217421090047	0.9866374346230995	0.9357230679907763	0.7484053097564323	0.33333333333333337	0.8431372549019608	0.9965264134704377
retina	sole of foot	0.8571428571428571	0.8054063267420618	0.6314184570624248	0.9871193198245548	0.8238290179066888	0.7291564067359888	0.33333333333333337	0.8253968253968254	0.9951333896861226
retina	spleen	0.8	0.6661952026795985	0.7821109108642212	0.9584895937895551	0.7208811095891186	0.5570551030472475	0.07692307692307687	0.7377049180327868	0.9793664181661604
retina	stomach 1	0.8333333333333334	0.8004939000151569	0.6091084593987848	0.9512810468292885	0.8433848917064585	0.6283990256374	0.23076923076923073	0.8035714285714286	0.9852001325246174
retina	stomach 2	0.8333333333333334	0.8004939000151569	0.6091084593987848	0.9512810468292885	0.8433848917064585	0.6283990256374	0.23076923076923073	0.8035714285714286	0.9852001325246174
retina	substantia nigra	0.8	0.7792151968901301	0.5604596578921904	0.9722059438903446	0.7792151968901301	0.7792151968901301	0.16666666666666663	0.75	0.9864850790795361
retina	testis	0.8333333333333334	0.8896726102604122	0.9817147622305141	0.961283526875626	0.9057526794762822	0.7600040194760345	0.2857142857142857	0.8113207547169812	0.9900895044134848
retina	thymus	0.8333333333333334	0.67625560864598	0.0	0.9632196812966767	0.7208811095891186	0.583039336465272	0.0	0.7586206896551724	0.9835227610944355
retina	thyroid gland	0.8333333333333334	0.6785261878512632	0.7554642898146509	0.9581617678389812	0.7208811095891186	0.5891287859558048	0.09090909090909094	0.7450980392156863	0.9870259658854393
retina	tonsil	0.875	0.7208811095891186	0.5836854486369032	0.9520346669871524	0.7208811095891186	0.7208811095891186	0.33333333333333337	0.8059701492537313	0.9862125928250745
retina	urinary bladder	0.8333333333333334	0.7732666435765835	0.8583123867144081	0.9428210973666932	0.8124858781291674	0.6395107360007929	0.0	0.7586206896551724	0.9728662073463265
retina	vagina	0.8333333333333334	0.8147402109294224	0.6566868022331713	0.9523337051185714	0.8433848917064585	0.6887659054669595	0.09090909090909094	0.8166666666666667	0.9858614739408412
salivary gland	seminal vesicle	0.8	0.45963591856253405	0.5369072660647771	0.9109587055826658	0.5251775240542351	0.33347017240198706	0.07692307692307687	0.6888888888888889	0.9575549023480522
salivary gland	skeletal muscle	0.8333333333333334	0.8998284199089247	0.983040282147613	0.89123529519193	0.9137084604200093	0.6705846337706809	0.23076923076923073	0.7	0.9712588200940747
salivary gland	skin	0.8333333333333334	0.8544306190382347	0.983040282147613	0.8978527730974203	0.8806272487192437	0.43817256728029846	0.23076923076923073	0.6896551724137931	0.9707618930212522
salivary gland	skin 1	0.8333333333333334	0.8544306190382347	0.983040282147613	0.8978527730974203	0.8806272487192437	0.43817256728029846	0.23076923076923073	0.6896551724137931	0.9707618930212522
salivary gland	skin 2	0.8333333333333334	0.8544306190382347	0.983040282147613	0.8978527730974203	0.8806272487192437	0.43817256728029846	0.23076923076923073	0.6896551724137931	0.9707618930212522
salivary gland	small intestine	0.8	0.4514661577465747	0.2725680781286287	0.6665567860256926	0.47308357125802203	0.2712043968723363	0.06666666666666665	0.3571428571428571	0.7777355092677785
salivary gland	smooth muscle	0.8333333333333334	0.8727653524491433	0.983040282147613	0.9080825507763233	0.8806272487192437	0.5120714018773908	0.2857142857142857	0.71875	0.9750585896561553
salivary gland	soft tissue 1	0.8	0.8972168492104567	0.982094654152806	0.9457603914180288	0.8972168492104567	0.5610875515220882	0.4117647058823529	0.7419354838709677	0.9841095832238466
salivary gland	soft tissue 2	0.8	0.8972168492104567	0.982094654152806	0.9457603914180288	0.8972168492104567	0.5610875515220882	0.4117647058823529	0.7419354838709677	0.9841095832238466
salivary gland	sole of foot	0.8571428571428571	0.9104790113247331	0.9830745771874466	0.991064076781664	0.9207098585234104	0.6537326985857322	0.4117647058823529	0.8260869565217391	0.9967874681982127
salivary gland	spleen	0.8	0.8547485322519668	0.9830059796580041	0.9477179628334851	0.8598235997463372	0.554608914700067	0.33333333333333337	0.7872340425531915	0.9856067676081895
salivary gland	stomach 1	0.8	0.4486919551078916	0.43888897873230204	0.6873834173124985	0.47308357125802203	0.2681815553722073	0.06666666666666665	0.3793103448275862	0.7931191259092145
salivary gland	stomach 2	0.8	0.4486919551078916	0.43888897873230204	0.6873834173124985	0.47308357125802203	0.2681815553722073	0.06666666666666665	0.3793103448275862	0.7931191259092145
salivary gland	substantia nigra	0.8	0.8072861688803792	0.5369072660647771	0.9567619842918966	0.8433848917064585	0.6560671334721144	0.2857142857142857	0.7962962962962963	0.9855353449260442
salivary gland	testis	0.8	0.8586855976359142	0.9707247887760468	0.8748733683226938	0.8669767621432516	0.5726862612416905	0.375	0.696969696969697	0.96113512671088
salivary gland	thymus	0.8	0.41906386711549015	0.753927923924845	0.8853984759582207	0.45874595263466433	0.2828012564750664	0.07692307692307687	0.7317073170731707	0.9472683854730295
salivary gland	thyroid gland	0.8	0.42425908786321187	0.7236834412950917	0.8232880531602107	0.46769628523552953	0.28889070596559896	0.07692307692307687	0.6666666666666667	0.9293241857016707
salivary gland	tonsil	0.8333333333333334	0.6211785972544817	0.38571807023461857	0.6999899978001536	0.6921385731879618	0.5048208149536177	0.17647058823529416	0.6046511627906976	0.8855874897295688
salivary gland	urinary bladder	0.8333333333333334	0.8526711356226049	0.9820220850653134	0.8888636772461631	0.8559019012543767	0.5454597791135636	0.23076923076923073	0.7619047619047619	0.9685601180733394
salivary gland	vagina	0.8	0.5853908887693982	0.5369072660647771	0.8283664076114772	0.6050173422439309	0.3852242340189406	0.07692307692307687	0.6216216216216216	0.9237390319195591
seminal vesicle	skeletal muscle	0.8	0.9116948716173191	0.9874269351633994	0.9458046940575573	0.9137084604200093	0.770729534808099	0.0	0.7692307692307692	0.9853769331137207
seminal vesicle	skin	0.75	0.8782132777119213	0.9874269351633994	0.9474994359889025	0.9095850645314618	0.5383174683177167	0.0	0.7631578947368421	0.9852493810396524
seminal vesicle	skin 1	0.75	0.8782132777119213	0.9874269351633994	0.9474994359889025	0.9095850645314618	0.5383174683177167	0.0	0.7631578947368421	0.9852493810396524
seminal vesicle	skin 2	0.75	0.8782132777119213	0.9874269351633994	0.9474994359889025	0.9095850645314618	0.5383174683177167	0.0	0.7631578947368421	0.9852493810396524
seminal vesicle	small intestine	0.8	0.652141507986737	0.5339276780728596	0.911834272702764	0.7047171685227194	0.45706258295900987	0.0	0.6904761904761905	0.9617450669791723
seminal vesicle	smooth muscle	0.75	0.6413623952464917	0.7716707209674867	0.9503400479757352	0.7016467783603092	0.44053116579599916	0.09090909090909094	0.75	0.9829120016328021
seminal vesicle	soft tissue 1	0.75	0.9114044099547627	0.9869217421090047	0.9727043653981265	0.9221503077864663	0.6612324525595065	0.2857142857142857	0.8	0.9918155400031365
seminal vesicle	soft tissue 2	0.75	0.9114044099547627	0.9869217421090047	0.9727043653981265	0.9221503077864663	0.6612324525595065	0.2857142857142857	0.8	0.9918155400031365
seminal vesicle	sole of foot	0.8333333333333334	0.7846727295614723	0.6314184570624248	0.992314020747019	0.7866286348117524	0.641983549539063	0.2857142857142857	0.8333333333333334	0.9964614282440186
seminal vesicle	spleen	0.75	0.6711131610549314	0.7716707209674867	0.9598114794108694	0.7016467783603092	0.5026645201899913	0.16666666666666663	0.8	0.9870950336656956
seminal vesicle	stomach 1	0.8	0.6506346881397493	0.6091084593987848	0.9154093452062639	0.7047171685227194	0.4540397414588809	0.0	0.6976744186046512	0.9631580923292951
seminal vesicle	stomach 2	0.8	0.6506346881397493	0.6091084593987848	0.9154093452062639	0.7047171685227194	0.4540397414588809	0.0	0.6976744186046512	0.9631580923292951
seminal vesicle	substantia nigra	0.8333333333333334	0.8070051011494551	0.6314184570624248	0.9633359314230575	0.8238290179066888	0.7366561607097629	0.09090909090909094	0.8064516129032258	0.9869491651459625
seminal vesicle	testis	0.5	0.0763622029773171	0.45138271297653243	0.5525303572975749	0.1418894174583465	0.058575802803321864	0.0	0.47058823529411764	0.7790711403702281
seminal vesicle	thymus	0.8	0.49413340237763315	0.7716707209674867	0.9290603964195263	0.5251775240542351	0.3829461575124845	0.0	0.7551020408163265	0.9661359985077344
seminal vesicle	thyroid gland	0.8	0.4980772615567619	0.8014646325230546	0.9093343693440189	0.5251775240542351	0.3890356070030172	0.0	0.7380952380952381	0.9641564620513458
seminal vesicle	tonsil	0.8333333333333334	0.7329159883146347	0.5836854486369032	0.9176557235265167	0.7561984647248652	0.6690256075279393	0.1428571428571429	0.7678571428571428	0.9714124782230734
seminal vesicle	urinary bladder	0.6666666666666666	0.6670460905065232	0.7620150773394678	0.9322201966722419	0.7016467783603092	0.49351538460348787	0.0	0.78	0.9776475569998963
seminal vesicle	vagina	0.6666666666666666	0.2889182031297124	0.0	0.8622642593475336	0.34700512336695055	0.2190601381926398	0.0	0.5714285714285714	0.9102419444377039
skeletal muscle	skin	0.8	0.823541449787727	0.9363844065832057	0.49254814663262714	0.8709472170901397	0.5210511138134943	0.0	0.4117647058823529	0.7633554075499844
skeletal muscle	skin 1	0.8	0.823541449787727	0.9363844065832057	0.49254814663262714	0.8709472170901397	0.5210511138134943	0.0	0.4117647058823529	0.7633554075499844
skeletal muscle	skin 2	0.8	0.823541449787727	0.9363844065832057	0.49254814663262714	0.8709472170901397	0.5210511138134943	0.0	0.4117647058823529	0.7633554075499844
skeletal muscle	small intestine	0.8	0.8964024046009675	0.9829311615159203	0.8941030970752639	0.9137084604200093	0.6459393674360955	0.16666666666666663	0.6538461538461539	0.9593341391014263
skeletal muscle	smooth muscle	0.8333333333333334	0.5399557412148572	0.0	0.5557417705150753	0.6242494063167047	0.3815297623970423	0.0	0.42105263157894735	0.7944757640646568
skeletal muscle	soft tissue 1	0.75	0.9137495742465342	0.9869217421090047	0.8155790961239111	0.9257006625938276	0.6809591807138592	0.2857142857142857	0.6	0.9393104887020063
skeletal muscle	soft tissue 2	0.75	0.9137495742465342	0.9869217421090047	0.8155790961239111	0.9257006625938276	0.6809591807138592	0.2857142857142857	0.6	0.9393104887020063
skeletal muscle	sole of foot	0.8333333333333334	0.9232863472497468	0.9874523597467065	0.9898881142703372	0.9257006625938276	0.7736043277775032	0.2857142857142857	0.7714285714285715	0.9962239537611868
skeletal muscle	spleen	0.75	0.9028895888805103	0.9874269351633994	0.9585822855068574	0.9137084604200093	0.6940763854631538	0.16666666666666663	0.7567567567567568	0.9891577917942896
skeletal muscle	stomach 1	0.8333333333333334	0.8959659872738955	0.9856844865970003	0.9048823075842566	0.9137084604200093	0.6429165259359665	0.16666666666666663	0.6666666666666667	0.9639636530464458
skeletal muscle	stomach 2	0.8333333333333334	0.8959659872738955	0.9856844865970003	0.9048823075842566	0.9137084604200093	0.6429165259359665	0.16666666666666663	0.6666666666666667	0.9639636530464458
skeletal muscle	substantia nigra	0.8333333333333334	0.88028084479843	0.9363844065832057	0.9642660906602972	0.888355438389023	0.8209093093464498	0.09090909090909094	0.7727272727272727	0.9893136242462407
skeletal muscle	testis	0.8	0.9051207618953292	0.9817516710470249	0.839595023409422	0.9137084604200093	0.7121537320047773	0.23076923076923073	0.6086956521739131	0.9444847043055072
skeletal muscle	thymus	0.8	0.9060647507998115	0.9874269351633994	0.8812510442223999	0.9137084604200093	0.7200606188811783	0.0	0.71875	0.953351442915178
skeletal muscle	thyroid gland	0.8	0.9067790525607116	0.9863165952438236	0.680963203937405	0.9137084604200093	0.726150068371711	0.0	0.625	0.8966296829617671
skeletal muscle	tonsil	0.8571428571428571	0.919949419248285	0.9847534266647577	0.9109785572508617	0.925348521047598	0.8579023920050248	0.2857142857142857	0.775	0.9809323470292162
skeletal muscle	urinary bladder	0.8	0.8530177881849251	0.9336942150238041	0.7951670676916668	0.8709472170901397	0.6479341672180753	0.0	0.6774193548387097	0.9385878256289065
skeletal muscle	vagina	0.8	0.9040389106866317	0.9874269351633994	0.9132338978784302	0.9137084604200093	0.703283405765526	0.0	0.7096774193548387	0.9723508151101271
skin	skin 1	0.0	0.0	0.0	0.0	0.0	0.0	0.0	0.0	0.0
skin	skin 2	0.0	0.0	0.0	0.0	0.0	0.0	0.0	0.0	0.0
skin	small intestine	0.8	0.8470816798551096	0.9829311615159203	0.9003862888126609	0.8704133751566444	0.41352730094571316	0.16666666666666663	0.64	0.9583321337376391
skin	smooth muscle	0.75	0.7645535739797259	0.9363844065832057	0.6686922805993373	0.7962992605909672	0.36253788192020414	0.09090909090909094	0.4736842105263158	0.8639478804249997
skin	soft tissue 1	0.75	0.8746608461880565	0.9869217421090047	0.8483310464202419	0.8972168492104567	0.4485471142234767	0.2857142857142857	0.5789473684210527	0.9352090678169669
skin	soft tissue 2	0.75	0.8746608461880565	0.9869217421090047	0.8483310464202419	0.8972168492104567	0.4485471142234767	0.2857142857142857	0.5789473684210527	0.9352090678169669
skin	sole of foot	0.8	0.7388803157816897	0.7753071407438439	0.9884415761706562	0.8049725617924639	0.4473692687388879	0.2857142857142857	0.7272727272727273	0.994495921325077
skin	spleen	0.75	0.860806861850418	0.9874269351633994	0.9595794488267859	0.8889689856962419	0.46166431897277144	0.16666666666666663	0.75	0.989087828907069
skin	stomach 1	0.8333333333333334	0.8461288978572423	0.9856844865970003	0.9099822735635644	0.8690389877814098	0.41050445944558417	0.16666666666666663	0.6538461538461539	0.9631790046383876
skin	stomach 2	0.8333333333333334	0.8461288978572423	0.9856844865970003	0.9099822735635644	0.8690389877814098	0.41050445944558417	0.16666666666666663	0.6538461538461539	0.9631790046383876
skin	substantia nigra	0.8333333333333334	0.774188709274682	0.7753071407438439	0.9647327804058802	0.8419000754425434	0.5420418799095879	0.09090909090909094	0.7380952380952381	0.9876428844480606
skin	testis	0.8	0.8653455950935323	0.9817516710470249	0.8535839519688067	0.8946348672210328	0.47974166551439484	0.23076923076923073	0.5909090909090908	0.94260035829353
skin	thymus	0.8	0.8672390631491204	0.9874269351633994	0.8890954001688056	0.8969352710881116	0.487648552390796	0.0	0.7096774193548387	0.9520281264721938
skin	thyroid gland	0.6666666666666666	0.7218457943212622	0.7554642898146509	0.7319082696344575	0.7853347967903713	0.4102895562762741	0.0	0.5454545454545454	0.8578598183486337
skin	tonsil	0.8571428571428571	0.893376629596875	0.9847534266647577	0.9154611462118042	0.925348521047598	0.6254903255146425	0.2857142857142857	0.7692307692307692	0.9807148977365229
skin	urinary bladder	0.75	0.7882177125623078	0.9336942150238041	0.8096089195520877	0.8293026372099159	0.41552210072769286	0.0	0.6666666666666667	0.9372445135574397
skin	vagina	0.75	0.863156083562276	0.9874269351633994	0.9174976723289529	0.8919288032952387	0.4708713392751435	0.0	0.7	0.9718912331857297
skin 1	skin 2	0.0	0.0	0.0	0.0	0.0	0.0	0.0	0.0	0.0
skin 1	small intestine	0.8	0.8470816798551096	0.9829311615159203	0.9003862888126609	0.8704133751566444	0.41352730094571316	0.16666666666666663	0.64	0.9583321337376391
skin 1	smooth muscle	0.75	0.7645535739797259	0.9363844065832057	0.6686922805993373	0.7962992605909672	0.36253788192020414	0.09090909090909094	0.4736842105263158	0.8639478804249997
skin 1	soft tissue 1	0.75	0.8746608461880565	0.9869217421090047	0.8483310464202419	0.8972168492104567	0.4485471142234767	0.2857142857142857	0.5789473684210527	0.9352090678169669
skin 1	soft tissue 2	0.75	0.8746608461880565	0.9869217421090047	0.8483310464202419	0.8972168492104567	0.4485471142234767	0.2857142857142857	0.5789473684210527	0.9352090678169669
skin 1	sole of foot	0.8	0.7388803157816897	0.7753071407438439	0.9884415761706562	0.8049725617924639	0.4473692687388879	0.2857142857142857	0.7272727272727273	0.994495921325077
skin 1	spleen	0.75	0.860806861850418	0.9874269351633994	0.9595794488267859	0.8889689856962419	0.46166431897277144	0.16666666666666663	0.75	0.989087828907069
skin 1	stomach 1	0.8333333333333334	0.8461288978572423	0.9856844865970003	0.9099822735635644	0.8690389877814098	0.41050445944558417	0.16666666666666663	0.6538461538461539	0.9631790046383876
skin 1	stomach 2	0.8333333333333334	0.8461288978572423	0.9856844865970003	0.9099822735635644	0.8690389877814098	0.41050445944558417	0.16666666666666663	0.6538461538461539	0.9631790046383876
skin 1	substantia nigra	0.8333333333333334	0.774188709274682	0.7753071407438439	0.9647327804058802	0.8419000754425434	0.5420418799095879	0.09090909090909094	0.7380952380952381	0.9876428844480606
skin 1	testis	0.8	0.8653455950935323	0.9817516710470249	0.8535839519688067	0.8946348672210328	0.47974166551439484	0.23076923076923073	0.5909090909090908	0.94260035829353
skin 1	thymus	0.8	0.8672390631491204	0.9874269351633994	0.8890954001688056	0.8969352710881116	0.487648552390796	0.0	0.7096774193548387	0.9520281264721938
skin 1	thyroid gland	0.6666666666666666	0.7218457943212622	0.7554642898146509	0.7319082696344575	0.7853347967903713	0.4102895562762741	0.0	0.5454545454545454	0.8578598183486337
skin 1	tonsil	0.8571428571428571	0.893376629596875	0.9847534266647577	0.9154611462118042	0.925348521047598	0.6254903255146425	0.2857142857142857	0.7692307692307692	0.9807148977365229
skin 1	urinary bladder	0.75	0.7882177125623078	0.9336942150238041	0.8096089195520877	0.8293026372099159	0.41552210072769286	0.0	0.6666666666666667	0.9372445135574397
skin 1	vagina	0.75	0.863156083562276	0.9874269351633994	0.9174976723289529	0.8919288032952387	0.4708713392751435	0.0	0.7	0.9718912331857297
skin 2	small intestine	0.8	0.8470816798551096	0.9829311615159203	0.9003862888126609	0.8704133751566444	0.41352730094571316	0.16666666666666663	0.64	0.9583321337376391
skin 2	smooth muscle	0.75	0.7645535739797259	0.9363844065832057	0.6686922805993373	0.7962992605909672	0.36253788192020414	0.09090909090909094	0.4736842105263158	0.8639478804249997
skin 2	soft tissue 1	0.75	0.8746608461880565	0.9869217421090047	0.8483310464202419	0.8972168492104567	0.4485471142234767	0.2857142857142857	0.5789473684210527	0.9352090678169669
skin 2	soft tissue 2	0.75	0.8746608461880565	0.9869217421090047	0.8483310464202419	0.8972168492104567	0.4485471142234767	0.2857142857142857	0.5789473684210527	0.9352090678169669
skin 2	sole of foot	0.8	0.7388803157816897	0.7753071407438439	0.9884415761706562	0.8049725617924639	0.4473692687388879	0.2857142857142857	0.7272727272727273	0.994495921325077
skin 2	spleen	0.75	0.860806861850418	0.9874269351633994	0.9595794488267859	0.8889689856962419	0.46166431897277144	0.16666666666666663	0.75	0.989087828907069
skin 2	stomach 1	0.8333333333333334	0.8461288978572423	0.9856844865970003	0.9099822735635644	0.8690389877814098	0.41050445944558417	0.16666666666666663	0.6538461538461539	0.9631790046383876
skin 2	stomach 2	0.8333333333333334	0.8461288978572423	0.9856844865970003	0.9099822735635644	0.8690389877814098	0.41050445944558417	0.16666666666666663	0.6538461538461539	0.9631790046383876
skin 2	substantia nigra	0.8333333333333334	0.774188709274682	0.7753071407438439	0.9647327804058802	0.8419000754425434	0.5420418799095879	0.09090909090909094	0.7380952380952381	0.9876428844480606
skin 2	testis	0.8	0.8653455950935323	0.9817516710470249	0.8535839519688067	0.8946348672210328	0.47974166551439484	0.23076923076923073	0.5909090909090908	0.94260035829353
skin 2	thymus	0.8	0.8672390631491204	0.9874269351633994	0.8890954001688056	0.8969352710881116	0.487648552390796	0.0	0.7096774193548387	0.9520281264721938
skin 2	thyroid gland	0.6666666666666666	0.7218457943212622	0.7554642898146509	0.7319082696344575	0.7853347967903713	0.4102895562762741	0.0	0.5454545454545454	0.8578598183486337
skin 2	tonsil	0.8571428571428571	0.893376629596875	0.9847534266647577	0.9154611462118042	0.925348521047598	0.6254903255146425	0.2857142857142857	0.7692307692307692	0.9807148977365229
skin 2	urinary bladder	0.75	0.7882177125623078	0.9336942150238041	0.8096089195520877	0.8293026372099159	0.41552210072769286	0.0	0.6666666666666667	0.9372445135574397
skin 2	vagina	0.75	0.863156083562276	0.9874269351633994	0.9174976723289529	0.8919288032952387	0.4708713392751435	0.0	0.7	0.9718912331857297
small intestine	smooth muscle	0.8	0.8671865290001894	0.9829311615159203	0.9101391348146788	0.8704133751566444	0.4874261355428054	0.23076923076923073	0.6785714285714286	0.9665454855510834
small intestine	soft tissue 1	0.75	0.8930000403363592	0.98197273387037	0.9471631526049064	0.8972168492104567	0.5364422851875029	0.375	0.7037037037037037	0.9777455586822749
small intestine	soft tissue 2	0.75	0.8930000403363592	0.98197273387037	0.9471631526049064	0.8972168492104567	0.5364422851875029	0.375	0.7037037037037037	0.9777455586822749
small intestine	sole of foot	0.8333333333333334	0.9072970355524552	0.9829656772136944	0.991102991485712	0.9207098585234104	0.6290874322511469	0.375	0.8095238095238095	0.996590345000826
small intestine	spleen	0.75	0.8490136745090631	0.9828966383204385	0.9481377031838828	0.8598235997463372	0.5299636483654817	0.2857142857142857	0.7674418604651163	0.9842428774868512
small intestine	stomach 1	0.6666666666666666	0.25394430129971035	0.3423105245489214	0.6918613629267849	0.25785909057991285	0.14552306357596012	0.0	0.20833333333333337	0.6974843517691149
small intestine	stomach 2	0.6666666666666666	0.25394430129971035	0.3423105245489214	0.6918613629267849	0.25785909057991285	0.14552306357596012	0.0	0.20833333333333337	0.6974843517691149
small intestine	substantia nigra	0.8333333333333334	0.8012591881137682	0.5339276780728596	0.9569694949384315	0.8433848917064585	0.631421867137529	0.23076923076923073	0.78	0.984686834715043
small intestine	testis	0.8	0.853263217998135	0.9703987897719477	0.8772509979116809	0.8669767621432516	0.5480409949071052	0.33333333333333337	0.6551724137931034	0.9492809106744324
small intestine	thymus	0.8	0.8550476530905177	0.9828966383204385	0.8948072737794346	0.8698810167358874	0.5559478817835062	0.16666666666666663	0.736842105263158	0.9539903119597306
small intestine	thyroid gland	0.8	0.8563926182555898	0.980779280622049	0.8392151205840577	0.8720327016675182	0.562037331274039	0.16666666666666663	0.6666666666666667	0.9324376003231534
small intestine	tonsil	0.8333333333333334	0.6093312415402432	0.3805308970377461	0.7041164535812602	0.6921385731879618	0.48017554861903233	0.125	0.5641025641025641	0.8665720966570948
small intestine	urinary bladder	0.8	0.8467677306237029	0.9818996706486832	0.8907433420415887	0.8559019012543767	0.5208145127789783	0.16666666666666663	0.736842105263158	0.9612297945350755
small intestine	vagina	0.8	0.569259120891973	0.5339276780728596	0.8306896500597388	0.6050173422439309	0.3605789676843553	0.0	0.5757575757575757	0.9077955440764527
smooth muscle	soft tissue 1	0.8	0.6058873535495624	0.4374655410487106	0.7518186077541664	0.6302397827405936	0.3554879735329384	0.33333333333333337	0.5714285714285714	0.926259350786859
smooth muscle	soft tissue 2	0.8	0.6058873535495624	0.4374655410487106	0.7518186077541664	0.6302397827405936	0.3554879735329384	0.33333333333333337	0.5714285714285714	0.926259350786859
smooth muscle	sole of foot	0.8571428571428571	0.905387169589756	0.9874523597467065	0.9902158697708643	0.9207098585234104	0.6150910958842131	0.33333333333333337	0.7837837837837838	0.9963527210633815
smooth muscle	spleen	0.6666666666666666	0.5963115223032229	0.7716707209674867	0.9612844674217833	0.6336173813785906	0.363878016451054	0.23076923076923073	0.736842105263158	0.9871010047138341
smooth muscle	stomach 1	0.8	0.8664683988789429	0.9856844865970003	0.9180224339173494	0.8690389877814098	0.4844032940426764	0.23076923076923073	0.6896551724137931	0.969743218063204
smooth muscle	stomach 2	0.8	0.8664683988789429	0.9856844865970003	0.9180224339173494	0.8690389877814098	0.4844032940426764	0.23076923076923073	0.6896551724137931	0.969743218063204
smooth muscle	substantia nigra	0.8333333333333334	0.8557639534973742	0.9363844065832057	0.9655556470814441	0.888355438389023	0.6623960774531598	0.16666666666666663	0.782608695652174	0.9896588959103392
smooth muscle	testis	0.8	0.881183460174635	0.9817516710470249	0.8737276256683729	0.8946348672210328	0.5536405001114871	0.2857142857142857	0.64	0.9571068290844428
smooth muscle	thymus	0.8	0.612799347406678	0.7716707209674867	0.9010517675347388	0.6599047076798135	0.38986224986907847	0.09090909090909094	0.696969696969697	0.9526186945656404
smooth muscle	thyroid gland	0.8	0.8837726342533127	0.9863165952438236	0.7925140191620905	0.8986395790885222	0.567636836478421	0.09090909090909094	0.6538461538461539	0.9332204217897756
smooth muscle	tonsil	0.8	0.7012625750807713	0.3455260203397419	0.9146350715718745	0.7687650927031456	0.5428057317672824	0.33333333333333337	0.7560975609756098	0.9741988880382205
smooth muscle	urinary bladder	0.6666666666666666	0.5901667666385142	0.7620150773394678	0.8313585174484255	0.6233671383966906	0.35472888086455057	0.09090909090909094	0.65625	0.9402740113387393
smooth muscle	vagina	0.6666666666666666	0.6023119066828115	0.7716707209674867	0.9243021011762466	0.643384253539151	0.3730850367534261	0.09090909090909094	0.6875	0.96955380708541
soft tissue 1	soft tissue 2	0.0	0.0	0.0	0.0	0.0	0.0	0.0	0.0	0.0
soft tissue 1	sole of foot	0.8	0.9104790113247331	0.9869217421090047	0.9899250232453681	0.9207098585234104	0.6537326985857322	0.4444444444444444	0.7714285714285715	0.9962352717523547
soft tissue 1	spleen	0.6666666666666666	0.9009380991968813	0.9869217421090047	0.9790910898981958	0.9043993091969658	0.5845793032145612	0.375	0.7894736842105263	0.9939115690849444
soft tissue 1	stomach 1	0.8	0.8924588894581956	0.9850214986782331	0.9524487449599593	0.8972168492104567	0.5334194436873739	0.375	0.7142857142857143	0.9802008124578082
soft tissue 1	stomach 2	0.8	0.8924588894581956	0.9850214986782331	0.9524487449599593	0.8972168492104567	0.5334194436873739	0.375	0.7142857142857143	0.9802008124578082
soft tissue 1	substantia nigra	0.8	0.9209076700512444	0.9869217421090047	0.9887448265133679	0.9357230679907763	0.7484053097564323	0.33333333333333337	0.8260869565217391	0.9964641713543864
soft tissue 1	testis	0.75	0.9036231886253512	0.9806490684972204	0.9207474401332029	0.9092777856404599	0.6026566497561846	0.4117647058823529	0.6666666666666667	0.9699995154457595
soft tissue 1	thymus	0.75	0.9047524044629569	0.9869217421090047	0.9408879983970903	0.9112584952664843	0.6105635366325858	0.2857142857142857	0.7575757575757576	0.9746012476555745
soft tissue 1	thyroid gland	0.75	0.9056041887753695	0.9857134346671668	0.8467232481595884	0.9127259503122849	0.6166529861231184	0.2857142857142857	0.6799999999999999	0.9463049073608807
soft tissue 1	tonsil	0.8333333333333334	0.715467011073766	0.3116598589876671	0.9034135390793258	0.7687650927031456	0.5814473344688016	0.4444444444444444	0.775	0.9802369558789847
soft tissue 1	urinary bladder	0.75	0.8995213089777038	0.9863442650974885	0.936704752701759	0.9017247000311277	0.5754301676280577	0.2857142857142857	0.7575757575757576	0.9805889191449226
soft tissue 1	vagina	0.75	0.9023240828758463	0.9869217421090047	0.9565581632263778	0.9069477917888742	0.5937863235169333	0.2857142857142857	0.75	0.9846989137503454
soft tissue 2	sole of foot	0.8	0.9104790113247331	0.9869217421090047	0.9899250232453681	0.9207098585234104	0.6537326985857322	0.4444444444444444	0.7714285714285715	0.9962352717523547
soft tissue 2	spleen	0.6666666666666666	0.9009380991968813	0.9869217421090047	0.9790910898981958	0.9043993091969658	0.5845793032145612	0.375	0.7894736842105263	0.9939115690849444
soft tissue 2	stomach 1	0.8	0.8924588894581956	0.9850214986782331	0.9524487449599593	0.8972168492104567	0.5334194436873739	0.375	0.7142857142857143	0.9802008124578082
soft tissue 2	stomach 2	0.8	0.8924588894581956	0.9850214986782331	0.9524487449599593	0.8972168492104567	0.5334194436873739	0.375	0.7142857142857143	0.9802008124578082
soft tissue 2	substantia nigra	0.8	0.9209076700512444	0.9869217421090047	0.9887448265133679	0.9357230679907763	0.7484053097564323	0.33333333333333337	0.8260869565217391	0.9964641713543864
soft tissue 2	testis	0.75	0.9036231886253512	0.9806490684972204	0.9207474401332029	0.9092777856404599	0.6026566497561846	0.4117647058823529	0.6666666666666667	0.9699995154457595
soft tissue 2	thymus	0.75	0.9047524044629569	0.9869217421090047	0.9408879983970903	0.9112584952664843	0.6105635366325858	0.2857142857142857	0.7575757575757576	0.9746012476555745
soft tissue 2	thyroid gland	0.75	0.9056041887753695	0.9857134346671668	0.8467232481595884	0.9127259503122849	0.6166529861231184	0.2857142857142857	0.6799999999999999	0.9463049073608807
soft tissue 2	tonsil	0.8333333333333334	0.715467011073766	0.3116598589876671	0.9034135390793258	0.7687650927031456	0.5814473344688016	0.4444444444444444	0.775	0.9802369558789847
soft tissue 2	urinary bladder	0.75	0.8995213089777038	0.9863442650974885	0.936704752701759	0.9017247000311277	0.5754301676280577	0.2857142857142857	0.7575757575757576	0.9805889191449226
soft tissue 2	vagina	0.75	0.9023240828758463	0.9869217421090047	0.9565581632263778	0.9069477917888742	0.5937863235169333	0.2857142857142857	0.75	0.9846989137503454
sole of foot	spleen	0.8	0.8164554871734844	0.8640610076148241	0.9846571427832751	0.832112862684625	0.6054028723152948	0.375	0.8269230769230769	0.9955255141922346
sole of foot	stomach 1	0.8571428571428571	0.9068911112977521	0.9857134346671668	0.9912664581486442	0.9207098585234104	0.626064590751018	0.375	0.813953488372093	0.996653918953715
sole of foot	stomach 2	0.8571428571428571	0.9068911112977521	0.9857134346671668	0.9912664581486442	0.9207098585234104	0.626064590751018	0.375	0.813953488372093	0.996653918953715
sole of foot	substantia nigra	0.875	0.8054063267420618	0.6314184570624248	0.9936562496099288	0.8238290179066888	0.7291564067359888	0.33333333333333337	0.8305084745762712	0.9966827997472035
sole of foot	testis	0.8333333333333334	0.9153781832354476	0.9817885718477214	0.9905739549699473	0.9207098585234104	0.6953017968198286	0.4117647058823529	0.7948717948717949	0.9964499068381104
sole of foot	thymus	0.8333333333333334	0.8226696276945389	0.8640610076148241	0.9803610355829405	0.832112862684625	0.6313871057333194	0.2857142857142857	0.8085106382978724	0.9935778448259853
sole of foot	thyroid gland	0.8333333333333334	0.7956243270103313	0.7554642898146509	0.9884335819221419	0.8049725617924639	0.6154751406385295	0.2857142857142857	0.7692307692307692	0.9945617870240427
sole of foot	tonsil	0.875	0.9290014498596562	0.9847842574748226	0.9913730943487232	0.9357230679907763	0.8410504568200763	0.4444444444444444	0.8571428571428572	0.9970795765237263
sole of foot	urinary bladder	0.8333333333333334	0.8141625009205258	0.8583123867144081	0.9801600875421088	0.832112862684625	0.5962537367287912	0.2857142857142857	0.8085106382978724	0.9938386822089592
sole of foot	vagina	0.8333333333333334	0.9143782968360544	0.9874523597467065	0.99141560371489	0.9207098585234104	0.6864314705805773	0.2857142857142857	0.8297872340425532	0.9968122896780652
spleen	stomach 1	0.8	0.8482789410031856	0.9856555322385595	0.949867565361373	0.8598235997463372	0.5269408068653527	0.2857142857142857	0.7727272727272727	0.9846920272622851
spleen	stomach 2	0.8	0.8482789410031856	0.9856555322385595	0.949867565361373	0.8598235997463372	0.5269408068653527	0.2857142857142857	0.7727272727272727	0.9846920272622851
spleen	substantia nigra	0.8333333333333334	0.7483273091774119	0.7821109108642212	0.9758427323285441	0.7895578410705235	0.6257318345286524	0.23076923076923073	0.819672131147541	0.9927258623643691
spleen	testis	0.75	0.8634938262596831	0.9817147622305141	0.94215225786363	0.8669767621432516	0.5961780129341634	0.33333333333333337	0.75	0.9832176282036892
spleen	thymus	0.6666666666666666	0.13617261209488085	0.0	0.8417232790609136	0.16716168098035022	0.09509372255293713	0.0	0.525	0.9241794171756079
spleen	thyroid gland	0.75	0.6037616354416009	0.7628689076731454	0.9348939003671185	0.621017445154296	0.42530277941393374	0.16666666666666663	0.6923076923076923	0.9799918130748032
spleen	tonsil	0.8333333333333334	0.5080742118669895	0.34271483017272686	0.9509678501630767	0.5886644492517832	0.4248384427099121	0.375	0.7358490566037736	0.981522288270678
spleen	urinary bladder	0.75	0.43740281090601796	0.7581033616546671	0.765565343176495	0.4450584863356637	0.2900850417612769	0.0	0.5609756097560976	0.8676997178033055
spleen	vagina	0.75	0.6385667870352956	0.7716707209674867	0.9514004429219013	0.643384253539151	0.4352183911474182	0.16666666666666663	0.7659574468085106	0.9836009237129969
stomach 1	stomach 2	0.0	0.0	0.0	0.0	0.0	0.0	0.0	0.0	0.0
stomach 1	substantia nigra	0.8571428571428571	0.8004939000151569	0.6091084593987848	0.9578391528356385	0.8433848917064585	0.6283990256374	0.23076923076923073	0.7843137254901961	0.9849600146917449
stomach 1	testis	0.8333333333333334	0.8525693559763003	0.9777914245696152	0.886518920331048	0.8669767621432516	0.5450181534069762	0.33333333333333337	0.6666666666666667	0.9536576077697912
stomach 1	thymus	0.8	0.8543706032096595	0.9856555322385595	0.9016879840742226	0.8698810167358874	0.5529250402833772	0.16666666666666663	0.7435897435897436	0.9576210589359627
stomach 1	thyroid gland	0.8	0.8557281031309966	0.9841953300903201	0.8547530513596875	0.8720327016675182	0.55901448977391	0.16666666666666663	0.6774193548387097	0.9399875339669738
stomach 1	tonsil	0.8333333333333334	0.6078268995356444	0.5053826558759205	0.7206316287687098	0.6921385731879618	0.47715270711890334	0.125	0.575	0.873102461584729
stomach 1	urinary bladder	0.8	0.8460109212222866	0.9849607918824972	0.8981472598609218	0.8559019012543767	0.5177916712788493	0.16666666666666663	0.7435897435897436	0.963840271462492
stomach 1	vagina	0.8	0.5671936522570413	0.6091084593987848	0.8399981911800896	0.6050173422439309	0.35755612618422633	0.0	0.5882352941176471	0.913401429346825
stomach 2	substantia nigra	0.8571428571428571	0.8004939000151569	0.6091084593987848	0.9578391528356385	0.8433848917064585	0.6283990256374	0.23076923076923073	0.7843137254901961	0.9849600146917449
stomach 2	testis	0.8333333333333334	0.8525693559763003	0.9777914245696152	0.886518920331048	0.8669767621432516	0.5450181534069762	0.33333333333333337	0.6666666666666667	0.9536576077697912
stomach 2	thymus	0.8	0.8543706032096595	0.9856555322385595	0.9016879840742226	0.8698810167358874	0.5529250402833772	0.16666666666666663	0.7435897435897436	0.9576210589359627
stomach 2	thyroid gland	0.8	0.8557281031309966	0.9841953300903201	0.8547530513596875	0.8720327016675182	0.55901448977391	0.16666666666666663	0.6774193548387097	0.9399875339669738
stomach 2	tonsil	0.8333333333333334	0.6078268995356444	0.5053826558759205	0.7206316287687098	0.6921385731879618	0.47715270711890334	0.125	0.575	0.873102461584729
stomach 2	urinary bladder	0.8	0.8460109212222866	0.9849607918824972	0.8981472598609218	0.8559019012543767	0.5177916712788493	0.16666666666666663	0.7435897435897436	0.963840271462492
stomach 2	vagina	0.8	0.5671936522570413	0.6091084593987848	0.8399981911800896	0.6050173422439309	0.35755612618422633	0.0	0.5882352941176471	0.913401429346825
substantia nigra	testis	0.8	0.8896726102604122	0.9817147622305141	0.9669533852328689	0.9057526794762822	0.7600040194760345	0.2857142857142857	0.7916666666666666	0.9899203354288842
substantia nigra	thymus	0.8	0.7559123692504	0.7821109108642212	0.9683743870866875	0.7895578410705235	0.6517160679466769	0.09090909090909094	0.8035714285714286	0.9897260933789538
substantia nigra	thyroid gland	0.8	0.7576242762778203	0.7554642898146509	0.9647055545001539	0.7895578410705235	0.6578055174372097	0.09090909090909094	0.7446808510638299	0.9873568532013838
substantia nigra	tonsil	0.8333333333333334	0.7895578410705235	0.5836854486369032	0.958404715230984	0.7895578410705235	0.7895578410705235	0.33333333333333337	0.8095238095238095	0.9864632605948237
substantia nigra	urinary bladder	0.8333333333333334	0.8650045877722492	0.9336942150238041	0.9680167235347257	0.888355438389023	0.7153802962606485	0.09090909090909094	0.8035714285714286	0.9865500662010729
substantia nigra	vagina	0.8	0.8147402109294224	0.6566868022331713	0.9586297862501929	0.8433848917064585	0.6887659054669595	0.09090909090909094	0.8	0.9856424950314853
testis	thymus	0.8	0.8684449163141298	0.9817147622305141	0.8668670748744467	0.8698810167358874	0.6221622463521881	0.23076923076923073	0.7142857142857143	0.9440011901234875
testis	thyroid gland	0.8	0.8695537040345017	0.9792737850185168	0.7632810867858646	0.8720327016675182	0.6282516958427207	0.23076923076923073	0.6296296296296297	0.9084592906821684
testis	tonsil	0.8333333333333334	0.8896726102604122	0.9754724509625102	0.8920046439347837	0.9057526794762822	0.7600040194760345	0.4117647058823529	0.7674418604651163	0.9723256359015071
testis	urinary bladder	0.75	0.8616606292452458	0.9805706405543441	0.8602901118350679	0.8669767621432516	0.58702887734766	0.23076923076923073	0.7142857142857143	0.9543711768561168
testis	vagina	0.75	0.3801294235778958	0.5631928106413	0.7557021098839843	0.3878900918070981	0.2659508433513316	0.07692307692307687	0.5806451612903225	0.8893859279519691
thymus	thyroid gland	0.6666666666666666	0.3256285754741215	0.7547847903869199	0.7496797034815973	0.3312043753922992	0.23784103379085492	0.0	0.4137931034482759	0.79090990076836
thymus	tonsil	0.8333333333333334	0.5229001615647704	0.34271483017272686	0.9058319443831703	0.5886644492517832	0.4508226761279366	0.2857142857142857	0.7083333333333333	0.9610619481677616
thymus	urinary bladder	0.8	0.6425672342765583	0.7620150773394678	0.8825925142836998	0.6599047076798135	0.4428464686765672	0.0	0.7142857142857143	0.9390837712782044
thymus	vagina	0.8	0.6518403476115977	0.7716707209674867	0.9074146920334469	0.6599047076798135	0.4612026245654428	0.0	0.7380952380952381	0.9595122065788901
thyroid gland	tonsil	0.8333333333333334	0.6785261878512632	0.7069427774339256	0.863619787074603	0.7208811095891186	0.5891287859558048	0.2857142857142857	0.7142857142857143	0.9649172690088621
thyroid gland	urinary bladder	0.8	0.8644455003145377	0.9856555322385595	0.8088127413270416	0.8720327016675182	0.6010252137145937	0.0	0.7222222222222222	0.9411787594180764
thyroid gland	vagina	0.8	0.8679322709027849	0.9862889193795464	0.8669147259778656	0.8720327016675182	0.6193813696034693	0.0	0.7142857142857143	0.9537568594412751
tonsil	urinary bladder	0.8333333333333334	0.8860405226920672	0.9839320500730511	0.9025883442424492	0.9057526794762822	0.7327775373479077	0.2857142857142857	0.8076923076923077	0.9763095404620967
tonsil	vagina	0.8333333333333334	0.6772591091281446	0.5836854486369032	0.8457052669363695	0.7271609784927837	0.5725419922532846	0.1428571428571429	0.7021276595744681	0.9412997472814164
urinary bladder	vagina	0.6666666666666666	0.6336489217839808	0.7620150773394678	0.9042810246410976	0.643384253539151	0.4260692555609147	0.0	0.7380952380952381	0.9645733485112986
