pxd,cohort,field,kind,score,category,old_values,new_values
PXD000004,abstract_only,technology_type,lin,1.0,agree,"[""targeted proteomics""]","[""targeted proteomics""]"
PXD000445,abstract_only,experimental_design,exact,0.0,disagree,"[""case vs control""]","[""treated vs control""]"
PXD000445,abstract_only,factor_value,lin,0.8781241724338897,partial,"[""colorectal adenoma vs normal mucosa""]","[""adenoma vs normal mucosa""]"
PXD000445,abstract_only,number_of_biological_replicates,numeric,6.0,disagree,"[""30""]","[""36""]"
PXD000445,abstract_only,number_of_samples,numeric,6.0,disagree,"[""30""]","[""36""]"
PXD000445,abstract_only,technology_type,lin,0.9663632996183132,partial,"[""shotgun proteomics""]","[""bottom-up proteomics""]"
PXD001326,abstract_only,technology_type,lin,0.9663632996183132,partial,"[""bottom-up proteomics""]","[""shotgun proteomics""]"
PXD001419,abstract_only,biological_replicate,numeric,,,"[""pbmcs""]","[""3""]"
PXD001419,abstract_only,experimental_design,exact,1.0,agree,"[""treated vs control""]","[""treated vs control""]"
PXD001419,abstract_only,factor_value,lin,,,"[""inflammatory activation, dexamethasone""]","[""treated vs control""]"
PXD001419,abstract_only,technology_type,lin,1.0,agree,"[""shotgun proteomics""]","[""shotgun proteomics""]"
PXD001524,abstract_only,technology_type,lin,0.9663632996183132,partial,"[""proteomics""]","[""shotgun proteomics""]"
PXD001985,abstract_only,experimental_design,exact,1.0,agree,"[""case vs control""]","[""case vs control""]"
PXD001985,abstract_only,factor_value,lin,1.0,agree,"[""cf vs healthy""]","[""cf vs healthy control""]"
PXD001985,abstract_only,technology_type,lin,,,"[""mudpit""]","[""itraq"", ""shotgun proteomics""]"
PXD002354,abstract_only,biological_replicate,numeric,,,"[""human fibroblasts""]","[""3""]"
PXD002354,abstract_only,technology_type,lin,,,"[""n-terminal amine isotopic labeling of substrate""]","[""top-down proteomics""]"
PXD002687,with_methods,number_of_biological_replicates,numeric,0.0,agree,"[""3"", ""4"", ""5""]","[""4""]"
PXD002687,with_methods,number_of_samples,numeric,3.0,disagree,"[""3"", ""4"", ""5""]","[""8""]"
PXD002687,with_methods,technology_type,lin,1.0,agree,"[""affinity purification coupled with mass spectrometry proteomics""]","[""shotgun proteomics""]"
PXD003053,abstract_only,experimental_design,exact,1.0,agree,"[""treated vs control""]","[""treated vs control""]"
PXD003053,abstract_only,factor_value,lin,,,"[""hype-mediated ampylation""]","[""hype e234g""]"
PXD003053,abstract_only,technology_type,lin,1.0,agree,"[""mass-spectrometry-based proteomics""]","[""shotgun proteomics""]"
PXD003293,with_methods,biological_replicate,numeric,0.0,agree,"[""2""]","[""2""]"
PXD003293,with_methods,experimental_design,exact,1.0,agree,"[""treated vs control""]","[""time course"", ""treated vs control""]"
PXD003293,with_methods,factor_value,lin,0.005848970319949168,disagree,"[""treatment""]","[""tgf\u03b2"", ""tnf\u03b1""]"
PXD003293,with_methods,number_of_fractions,numeric,0.0,agree,"[""60""]","[""60""]"
PXD003293,with_methods,number_of_biological_replicates,numeric,0.0,agree,"[""2""]","[""2""]"
PXD003293,with_methods,number_of_samples,numeric,0.0,agree,"[""8""]","[""8""]"
PXD003293,with_methods,technology_type,lin,0.9663632996183132,partial,"[""targeted proteomics""]","[""shotgun proteomics""]"
PXD003408,abstract_only,experimental_design,exact,1.0,agree,"[""treated vs control""]","[""treated vs control""]"
PXD003408,abstract_only,factor_value,lin,,,"[""inflammation activated vs control""]","[""interleukin 1-\u03b2 stimulation""]"
PXD003408,abstract_only,number_of_fractions,numeric,0.0,agree,"[""3""]","[""3""]"
PXD003408,abstract_only,technology_type,lin,1.0,agree,"[""bottom-up proteomics""]","[""bottom-up proteomics""]"
PXD003416,abstract_only,experimental_design,exact,1.0,agree,"[""treated vs control""]","[""treated vs control""]"
PXD003416,abstract_only,factor_value,lin,0.40925097229198554,disagree,"[""interleukin 1-\u03b2 stimulation""]","[""inflammatory activated""]"
PXD003416,abstract_only,number_of_fractions,numeric,0.0,agree,"[""3""]","[""3""]"
PXD003416,abstract_only,technology_type,lin,0.9663632996183132,partial,"[""bottom-up proteomics""]","[""shotgun proteomics""]"
PXD003594,with_methods,biological_replicate,numeric,0.0,agree,"[""4""]","[""4""]"
PXD003594,with_methods,technical_replicate,numeric,0.0,agree,"[""2""]","[""2""]"
PXD003594,with_methods,experimental_design,exact,1.0,agree,"[""treated vs control""]","[""treated vs control""]"
PXD003594,with_methods,factor_value,lin,,,"[""parental vs resistant cell lines""]","[""drug treatment"", ""resistance""]"
PXD003594,with_methods,number_of_technical_replicates,numeric,0.0,agree,"[""2""]","[""2""]"
PXD003594,with_methods,number_of_biological_replicates,numeric,0.0,agree,"[""4""]","[""4""]"
PXD003594,with_methods,technology_type,lin,1.0,agree,"[""shotgun proteomics""]","[""shotgun proteomics""]"
PXD003971,abstract_only,experimental_design,exact,1.0,agree,"[""treated vs control""]","[""treated vs control""]"
PXD003971,abstract_only,technology_type,lin,0.9684835203822864,partial,"[""label-free quantification proteomics""]","[""shotgun proteomics""]"
PXD004334,with_methods,biological_replicate,numeric,0.0,agree,"[""2""]","[""2""]"
PXD004334,with_methods,technical_replicate,numeric,0.0,agree,"[""2""]","[""2""]"
PXD004334,with_methods,experimental_design,exact,1.0,agree,"[""treated vs control""]","[""treated vs control""]"
PXD004334,with_methods,factor_value,lin,1.0,agree,"[""kdm3a null vs wild type""]","[""kdm3a null vs wild-type""]"
PXD004334,with_methods,number_of_technical_replicates,numeric,0.0,agree,"[""2""]","[""2""]"
PXD004334,with_methods,number_of_biological_replicates,numeric,0.0,agree,"[""2""]","[""2""]"
PXD004334,with_methods,number_of_samples,numeric,4.0,disagree,"[""2""]","[""6""]"
PXD004334,with_methods,technology_type,lin,1.0,agree,"[""affinity purification coupled with mass spectrometry proteomics""]","[""affinity purification coupled with mass spectrometry proteomics"", ""shotgun proteomics""]"
PXD004626,abstract_only,experimental_design,exact,0.0,disagree,"[""case vs control""]","[""cross-sectional""]"
PXD004626,abstract_only,factor_value,lin,0.4438142474091553,disagree,"[""cancer""]","[""metastatic melanoma vs healthy""]"
PXD004626,abstract_only,technology_type,lin,1.0,agree,"[""shotgun proteomics""]","[""shotgun proteomics""]"
PXD005045,abstract_only,experimental_design,exact,1.0,agree,"[""case vs control""]","[""case vs control""]"
PXD005045,abstract_only,factor_value,lin,,,"[""bewo vs htr8/svneo""]","[""bewo vs htr8/svneo""]"
PXD005045,abstract_only,number_of_samples,numeric,4.0,disagree,"[""2""]","[""6""]"
PXD005045,abstract_only,technology_type,lin,1.0,agree,"[""shotgun proteomics""]","[""label-free quantitative ms"", ""shotgun proteomics""]"
PXD005301,abstract_only,experimental_design,exact,1.0,agree,"[""treated vs control""]","[""treated vs control""]"
PXD005301,abstract_only,factor_value,lin,,,"[""wild type, phosphodead, phosphomimetic""]","[""wild type, phosphodead, phosphomimetic mutants""]"
PXD005301,abstract_only,technology_type,lin,0.9663632996183132,partial,"[""targeted proteomics""]","[""shotgun proteomics""]"
PXD005544,abstract_only,experimental_design,exact,1.0,agree,"[""case vs control""]","[""case vs control""]"
PXD005544,abstract_only,factor_value,lin,0.0,disagree,"[""recurrence versus recurrence-free""]","[""recurrence vs recurrence-free""]"
PXD005544,abstract_only,number_of_samples,numeric,0.0,agree,"[""34""]","[""34""]"
PXD005544,abstract_only,technology_type,lin,1.0,agree,"[""shotgun proteomics""]","[""shotgun proteomics""]"
PXD005753,with_methods,technology_type,lin,0.9831816498091566,partial,"[""affinity purification coupled with mass spectrometry proteomics"", ""targeted proteomics""]","[""shotgun proteomics""]"
PXD006114,with_methods,number_of_biological_replicates,numeric,0.0,agree,"[""5""]","[""5""]"
PXD006114,with_methods,technology_type,lin,0.9663632996183132,partial,"[""targeted proteomics""]","[""shotgun proteomics"", ""tmt6plex-126 reporter+balance reagent acylated residue""]"
PXD006299,abstract_only,technology_type,lin,1.0,agree,"[""affinity purification coupled with mass spectrometry proteomics""]","[""shotgun proteomics""]"
PXD006447,with_methods,technical_replicate,numeric,0.0,agree,"[""12""]","[""12""]"
PXD006447,with_methods,experimental_design,exact,1.0,agree,"[""treated vs control""]","[""dose response"", ""treated vs control""]"
PXD006447,with_methods,factor_value,lin,1.0,agree,"[""ups1 concentrations""]","[""concentrations of 0, 0.25, 0.74, 2.2, 3.3, 6.6, and 20 fmol/ul"", ""ups1 concentrations""]"
PXD006447,with_methods,number_of_technical_replicates,numeric,0.0,agree,"[""12""]","[""12""]"
PXD006447,with_methods,technology_type,lin,1.0,agree,"[""shotgun proteomics""]","[""shotgun proteomics""]"
PXD006571,abstract_only,technology_type,lin,1.0,agree,"[""mass spectrometric proteomics""]","[""shotgun proteomics""]"
PXD006770,abstract_only,experimental_design,exact,0.0,disagree,"[""treated vs control""]","[""case vs control""]"
PXD006770,abstract_only,factor_value,lin,0.0,disagree,"[""treatment""]","[""copd vs elastase model""]"
PXD006897,abstract_only,technology_type,lin,0.9130020666102265,partial,"[""mass spectrometry-based methodology""]","[""shotgun proteomics""]"
PXD007149,abstract_only,technology_type,lin,0.9663632996183132,partial,"[""quantitative chemoproteomics""]","[""shotgun proteomics""]"
PXD007270,with_methods,experimental_design,exact,1.0,agree,"[""case vs control"", ""treated vs control""]","[""treated vs control""]"
PXD007270,with_methods,factor_value,lin,0.5412153520052992,partial,"[""csde1 kd vs control"", ""hescs vs npcs""]","[""csde1 kd vs control""]"
PXD007270,with_methods,technology_type,lin,0.48441089665621334,disagree,"[""label-free proteomics"", ""tmt proteomics""]","[""shotgun proteomics""]"
PXD007643,abstract_only,technology_type,lin,0.9663632996183132,partial,"[""targeted proteomics""]","[""shotgun proteomics""]"
PXD007738,with_methods,experimental_design,exact,1.0,agree,"[""treated vs control""]","[""treated vs control""]"
PXD007738,with_methods,technology_type,lin,1.0,agree,"[""label-free quantitative (lfq) proteomics"", ""tandem mass tag (tmt) proteomics""]","[""label-free quantitative proteomics"", ""shotgun proteomics"", ""tandem mass tag (tmt) proteomics""]"
PXD007842,abstract_only,experimental_design,exact,0.0,disagree,"[""case vs control""]","[""treated vs control""]"
PXD007842,abstract_only,number_of_samples,numeric,30.0,disagree,"[""10""]","[""40""]"
PXD007842,abstract_only,technology_type,lin,1.0,agree,"[""shotgun proteomics""]","[""shotgun proteomics""]"
PXD007959,with_methods,experimental_design,exact,0.0,disagree,"[""treated vs control""]","[""case vs control""]"
PXD007959,with_methods,factor_value,lin,,,"[""cd vs uc vs non-ibd controls""]","[""ibd diagnosis""]"
PXD007959,with_methods,number_of_samples,numeric,0.0,agree,"[""71""]","[""71""]"
PXD007959,with_methods,technology_type,lin,1.0,agree,"[""shotgun proteomics""]","[""shotgun proteomics""]"
PXD008076,abstract_only,experimental_design,exact,1.0,agree,"[""case vs control""]","[""case vs control""]"
PXD008076,abstract_only,factor_value,lin,,,"[""fm vs non-pain controls""]","[""fm vs non-pain controls""]"
PXD008076,abstract_only,technology_type,lin,1.0,agree,"[""shotgun proteomics""]","[""shotgun proteomics""]"
PXD008178,with_methods,experimental_design,exact,1.0,agree,"[""treated vs control""]","[""treated vs control""]"
PXD008178,with_methods,factor_value,lin,1.4627150416106068e-05,disagree,"[""sirna""]","[""sec61a1 sirna vs control"", ""trap sirna vs control""]"
PXD008178,with_methods,technology_type,lin,1.0,agree,"[""bottom-up proteomics""]","[""bottom-up proteomics"", ""shotgun proteomics""]"
PXD008333,abstract_only,experimental_design,exact,1.0,agree,"[""case vs control""]","[""case vs control""]"
PXD008333,abstract_only,factor_value,lin,,,"[""rs35033974 g99v""]","[""homozygous rs35033974""]"
PXD008333,abstract_only,technology_type,lin,0.9663632996183132,partial,"[""proteomics""]","[""shotgun proteomics""]"
PXD008468,abstract_only,experimental_design,exact,1.0,agree,"[""time course""]","[""time course"", ""treated vs control""]"
PXD008468,abstract_only,factor_value,lin,,,"[""time after heparin administration""]","[""heparin time course"", ""heparin treated vs untreated""]"
PXD008468,abstract_only,number_of_biological_replicates,numeric,0.0,agree,"[""9""]","[""9""]"
PXD008468,abstract_only,technology_type,lin,0.9663632996183132,partial,"[""targeted proteomics""]","[""affinity purification coupled with mass spectrometry proteomics"", ""tmt6plex-126 reporter+balance reagent acylated residue""]"
PXD008719,abstract_only,experimental_design,exact,1.0,agree,"[""treated vs control""]","[""treated vs control""]"
PXD008719,abstract_only,factor_value,lin,0.30032107067354535,disagree,"[""curcumin treatment"", ""single cell type vs co-culture""]","[""treatment""]"
PXD008719,abstract_only,technology_type,lin,0.8134582674224006,partial,"[""high-resolution mass spectrometry""]","[""shotgun proteomics""]"
PXD008918,with_methods,biological_replicate,numeric,0.0,agree,"[""3""]","[""3""]"
PXD008918,with_methods,experimental_design,exact,1.0,agree,"[""treated vs control""]","[""treated vs control""]"
PXD008918,with_methods,factor_value,lin,,,"[""vehicle vs diclofenac""]","[""diclofenac vs vehicle""]"
PXD008918,with_methods,number_of_biological_replicates,numeric,0.0,agree,"[""3""]","[""3""]"
PXD008918,with_methods,technology_type,lin,1.0,agree,"[""shotgun proteomics""]","[""shotgun proteomics""]"
PXD008980,with_methods,biological_replicate,numeric,0.0,agree,"[""2""]","[""2""]"
PXD008980,with_methods,technical_replicate,numeric,0.0,agree,"[""1""]","[""1""]"
PXD008980,with_methods,experimental_design,exact,1.0,agree,"[""time course""]","[""time course"", ""treated vs control""]"
PXD008980,with_methods,factor_value,lin,1.0,agree,"[""mock infected vs ad2 infected"", ""time course""]","[""infection status"", ""time point""]"
PXD008980,with_methods,number_of_fractions,numeric,0.0,agree,"[""10""]","[""10""]"
PXD008980,with_methods,number_of_technical_replicates,numeric,0.0,agree,"[""1""]","[""1""]"
PXD008980,with_methods,number_of_biological_replicates,numeric,0.0,agree,"[""2""]","[""2""]"
PXD008980,with_methods,number_of_samples,numeric,38.0,disagree,"[""2""]","[""40""]"
PXD008980,with_methods,technology_type,lin,0.9663632996183132,partial,"[""bottom-up proteomics""]","[""shotgun proteomics"", ""silac""]"
PXD009095,with_methods,technical_replicate,numeric,0.0,agree,"[""3""]","[""3""]"
PXD009095,with_methods,experimental_design,exact,1.0,agree,"[""treated vs control""]","[""treated vs control""]"
PXD009095,with_methods,factor_value,lin,,,"[""different tlk2 constructs""]","[""different tlk2 constructs""]"
PXD009095,with_methods,number_of_technical_replicates,numeric,0.0,agree,"[""3""]","[""3""]"
PXD009095,with_methods,technology_type,lin,0.9663632996183132,partial,"[""bottom-up proteomics""]","[""shotgun proteomics""]"
PXD009161,abstract_only,technology_type,lin,1.0,agree,"[""affinity purification coupled with mass spectrometry proteomics""]","[""shotgun proteomics""]"
PXD009241,with_methods,biological_replicate,numeric,2.0,disagree,"[""2""]","[""4""]"
PXD009241,with_methods,technical_replicate,numeric,0.0,agree,"[""2""]","[""2""]"
PXD009241,with_methods,experimental_design,exact,0.0,disagree,"[""case vs control""]","[""treated vs control""]"
PXD009241,with_methods,factor_value,lin,0.6156713347913662,partial,"[""cell line type"", ""hnscc cell lines vs immortalized normal oral keratinocytes""]","[""hnscc vs normal""]"
PXD009241,with_methods,number_of_fractions,numeric,0.0,agree,"[""25""]","[""25""]"
PXD009241,with_methods,number_of_technical_replicates,numeric,0.0,agree,"[""2""]","[""2""]"
PXD009241,with_methods,number_of_biological_replicates,numeric,2.0,disagree,"[""2""]","[""4""]"
PXD009241,with_methods,number_of_samples,numeric,4.0,disagree,"[""8""]","[""4""]"
PXD009241,with_methods,technology_type,lin,0.9130020666102265,partial,"[""itraq-based quantitative mass spectrometry analysis""]","[""shotgun proteomics""]"
PXD009300,with_methods,experimental_design,exact,0.0,disagree,"[""treated vs control""]","[""case vs control""]"
PXD009300,with_methods,factor_value,lin,1.0,agree,"[""tumor vs non-tumor""]","[""tumor vs non-tumor""]"
PXD009300,with_methods,number_of_biological_replicates,numeric,0.0,agree,"[""12""]","[""12""]"
PXD009300,with_methods,number_of_samples,numeric,0.0,agree,"[""12""]","[""12""]"
PXD009300,with_methods,technology_type,lin,1.0,agree,"[""shotgun proteomics""]","[""shotgun proteomics""]"
PXD009350,with_methods,technical_replicate,numeric,0.0,agree,"[""2""]","[""2""]"
PXD009350,with_methods,experimental_design,exact,1.0,agree,"[""treated vs control""]","[""treated vs control""]"
PXD009350,with_methods,number_of_technical_replicates,numeric,0.0,agree,"[""2""]","[""2""]"
PXD009350,with_methods,number_of_samples,numeric,854.0,disagree,"[""1431""]","[""577""]"
PXD009350,with_methods,technology_type,lin,1.0,agree,"[""shotgun proteomics""]","[""shotgun proteomics""]"
PXD009426,abstract_only,experimental_design,exact,1.0,agree,"[""treated vs control""]","[""treated vs control""]"
PXD009500,with_methods,biological_replicate,numeric,0.0,agree,"[""3""]","[""3""]"
PXD009500,with_methods,technical_replicate,numeric,0.0,agree,"[""2""]","[""2""]"
PXD009500,with_methods,experimental_design,exact,0.0,disagree,"[""time course""]","[""treated vs control""]"
PXD009500,with_methods,factor_value,lin,,,"[""light vs heavy silac""]","[""silac heavy/light"", ""time course""]"
PXD009500,with_methods,number_of_technical_replicates,numeric,0.0,agree,"[""2""]","[""2""]"
PXD009500,with_methods,number_of_biological_replicates,numeric,0.0,agree,"[""3""]","[""3""]"
PXD009500,with_methods,number_of_samples,numeric,0.0,agree,"[""3""]","[""3""]"
PXD009500,with_methods,technology_type,lin,1.0,agree,"[""shotgun proteomics""]","[""bottom-up proteomics"", ""shotgun proteomics"", ""silac""]"
PXD009578,with_methods,experimental_design,exact,1.0,agree,"[""treated vs control""]","[""treated vs control""]"
PXD009578,with_methods,number_of_biological_replicates,numeric,0.0,agree,"[""2""]","[""2""]"
PXD009578,with_methods,number_of_samples,numeric,0.0,agree,"[""3""]","[""3""]"
PXD009578,with_methods,technology_type,lin,1.0,agree,"[""affinity purification coupled with mass spectrometry proteomics""]","[""affinity purification coupled with mass spectrometry proteomics"", ""shotgun proteomics""]"
PXD009646,abstract_only,number_of_samples,numeric,0.0,agree,"[""1""]","[""1""]"
PXD009646,abstract_only,technology_type,lin,1.0,agree,"[""shotgun proteomics""]","[""shotgun proteomics""]"
PXD009839,abstract_only,experimental_design,exact,1.0,agree,"[""time course""]","[""time course""]"
PXD009839,abstract_only,technology_type,lin,1.0,agree,"[""affinity purification coupled with mass spectrometry proteomics""]","[""shotgun proteomics""]"
PXD009900,with_methods,biological_replicate,numeric,0.0,agree,"[""3""]","[""3""]"
PXD009900,with_methods,experimental_design,exact,1.0,agree,"[""treated vs control""]","[""treated vs control""]"
PXD009900,with_methods,factor_value,lin,0.14080988988419382,disagree,"[""treatment""]","[""cip2a depletion vs control"", ""pme-1 depletion vs control"", ""ppp2r1a depletion vs control"", ""trametinib treatment vs control""]"
PXD009900,with_methods,number_of_biological_replicates,numeric,0.0,agree,"[""3""]","[""3""]"
PXD009900,with_methods,technology_type,lin,1.0,agree,"[""shotgun proteomics""]","[""label-free quantitative phosphoproteomics"", ""shotgun proteomics""]"
PXD009950,abstract_only,experimental_design,exact,1.0,agree,"[""treated vs control""]","[""treated vs control""]"
PXD009950,abstract_only,factor_value,lin,0.0,disagree,"[""presence or absence of glygly""]","[""presence or absence of peptide acceptors""]"
PXD009950,abstract_only,technology_type,lin,0.9663632996183132,partial,"[""bottom-up proteomics""]","[""shotgun proteomics""]"
PXD010093,abstract_only,experimental_design,exact,0.0,disagree,"[""cross-sectional""]","[""time course""]"
PXD010093,abstract_only,technology_type,lin,1.0,agree,"[""shotgun proteomics""]","[""shotgun proteomics""]"
PXD010154,with_methods,experimental_design,exact,1.0,agree,"[""cross-sectional""]","[""cross-sectional""]"
PXD010154,with_methods,factor_value,lin,1.0,agree,"[""tissue type""]","[""tissue type""]"
PXD010154,with_methods,number_of_samples,numeric,0.0,agree,"[""29""]","[""29""]"
PXD010154,with_methods,technology_type,lin,0.9663632996183132,partial,"[""bottom-up proteomics""]","[""shotgun proteomics""]"
PXD010286,abstract_only,biological_replicate,numeric,0.0,agree,"[""3""]","[""3""]"
PXD010286,abstract_only,number_of_biological_replicates,numeric,0.0,agree,"[""3""]","[""3""]"
PXD010286,abstract_only,technology_type,lin,0.9663632996183132,partial,"[""proteomics""]","[""shotgun proteomics""]"
PXD010469,abstract_only,experimental_design,exact,1.0,agree,"[""case vs control""]","[""case vs control""]"
PXD010469,abstract_only,factor_value,lin,0.0,disagree,"[""vur vs control""]","[""vur patients with recurrent utis and renal scarring vs age-matched controls""]"
PXD010469,abstract_only,number_of_biological_replicates,numeric,22.0,disagree,"[""44""]","[""22""]"
PXD010469,abstract_only,number_of_samples,numeric,0.0,agree,"[""44""]","[""44""]"
PXD010469,abstract_only,technology_type,lin,0.9663632996183132,partial,"[""bottom-up proteomics""]","[""shotgun proteomics""]"
PXD010630,abstract_only,technology_type,lin,1.0,agree,"[""shotgun proteomics""]","[""shotgun proteomics""]"
PXD010821,with_methods,technical_replicate,numeric,0.0,agree,"[""3""]","[""3""]"
PXD010821,with_methods,experimental_design,exact,1.0,agree,"[""treated vs control""]","[""treated vs control""]"
PXD010821,with_methods,factor_value,lin,,,"[""rp11vs vs cas9-corrected""]","[""rp11vs vs cas9-corrected""]"
PXD010821,with_methods,number_of_fractions,numeric,0.0,agree,"[""20""]","[""20""]"
PXD010821,with_methods,number_of_technical_replicates,numeric,0.0,agree,"[""3""]","[""3""]"
PXD010821,with_methods,technology_type,lin,0.9663632996183132,partial,"[""bottom-up proteomics""]","[""shotgun proteomics""]"
PXD011075,abstract_only,number_of_fractions,numeric,0.0,agree,"[""48""]","[""48""]"
PXD011075,abstract_only,technology_type,lin,0.9663632996183132,partial,"[""bottom-up proteomics""]","[""gel-based experiment"", ""shotgun proteomics""]"
PXD011242,abstract_only,experimental_design,exact,1.0,agree,"[""treated vs control""]","[""treated vs control""]"
PXD011242,abstract_only,factor_value,lin,,,"[""x-ray irradiation and/or tgf-\u03b21""]","[""irradiation vs tgf-\u03b21""]"
PXD011242,abstract_only,technology_type,lin,0.0003382729301403422,disagree,"[""shotgun proteomics""]","[""itraq lc-ms/ms""]"
PXD011609,abstract_only,biological_replicate,numeric,0.0,agree,"[""10"", ""4""]","[""10""]"
PXD011609,abstract_only,factor_value,lin,,,"[""normal epidermis, ak, bd, cscc""]","[""disease state""]"
PXD011609,abstract_only,number_of_biological_replicates,numeric,0.0,agree,"[""10"", ""4""]","[""10""]"
PXD011609,abstract_only,number_of_samples,numeric,3.0,disagree,"[""34""]","[""31""]"
PXD011609,abstract_only,technology_type,lin,0.9663632996183132,partial,"[""bottom-up proteomics""]","[""shotgun proteomics""]"
PXD013923,with_methods,experimental_design,exact,1.0,agree,"[""treated vs control""]","[""treated vs control""]"
PXD013923,with_methods,factor_value,lin,0.042180228342304796,disagree,"[""treatment""]","[""dabrafenib, trametinib, sch772984""]"
PXD013923,with_methods,number_of_fractions,numeric,0.0,agree,"[""32""]","[""32""]"
PXD013923,with_methods,number_of_biological_replicates,numeric,0.0,agree,"[""3""]","[""3""]"
PXD013923,with_methods,number_of_samples,numeric,8.0,disagree,"[""12""]","[""4""]"
PXD013923,with_methods,technology_type,lin,0.9663632996183132,partial,"[""bottom-up proteomics""]","[""shotgun proteomics""]"
PXD020164,abstract_only,experimental_design,exact,1.0,agree,"[""time course""]","[""time course""]"
PXD020164,abstract_only,number_of_biological_replicates,numeric,0.0,agree,"[""13""]","[""13""]"
PXD025899,with_methods,experimental_design,exact,0.0,disagree,"[""case vs control""]","[""cross-sectional""]"
PXD025899,with_methods,factor_value,lin,0.9349158164193165,partial,"[""gender""]","[""male versus female""]"
PXD025899,with_methods,number_of_biological_replicates,numeric,15.0,disagree,"[""15""]","[""30""]"
PXD025899,with_methods,number_of_samples,numeric,0.0,agree,"[""30""]","[""30""]"
PXD025899,with_methods,technology_type,lin,1.0,agree,"[""shotgun proteomics""]","[""shotgun proteomics""]"
PXD036023,abstract_only,technology_type,lin,0.8139930037051607,partial,"[""data-independent acquisition tandem mass spectrometry""]","[""shotgun proteomics""]"
PXD046405,abstract_only,technology_type,lin,1.0,agree,"[""proteomics""]","[""bottom-up proteomics""]"
PXD046462,abstract_only,experimental_design,exact,1.0,agree,"[""time course""]","[""time course""]"
PXD046462,abstract_only,factor_value,lin,,,"[""serum or lpa treatment""]","[""serum vs lpa vs dmso""]"
PXD046462,abstract_only,technology_type,lin,0.9349158164193165,partial,"[""label-free phosphoproteomics""]","[""bottom-up proteomics""]"
PXD046550,with_methods,biological_replicate,numeric,,,"[""2 kidney transplant recipients and 2 healthy controls""]","[""4""]"
PXD046550,with_methods,experimental_design,exact,0.0,disagree,"[""time course""]","[""longitudinal""]"
PXD046550,with_methods,factor_value,lin,,,"[""patient vs healthy control and pre/post-transplant""]","[""timepoint""]"
PXD046550,with_methods,number_of_fractions,numeric,30.0,disagree,"[""96""]","[""66""]"
PXD046550,with_methods,number_of_biological_replicates,numeric,0.0,agree,"[""4""]","[""4""]"
PXD046550,with_methods,number_of_samples,numeric,5.0,disagree,"[""19""]","[""14""]"
PXD046550,with_methods,technology_type,lin,0.9663632996183132,partial,"[""shotgun proteomics""]","[""bottom-up proteomics"", ""data-independent acquisition""]"
PXD046676,abstract_only,biological_replicate,numeric,0.0,agree,"[""10""]","[""10""]"
PXD046676,abstract_only,experimental_design,exact,1.0,agree,"[""time course""]","[""time course""]"
PXD046676,abstract_only,factor_value,lin,1.0,agree,"[""time""]","[""time""]"
PXD046676,abstract_only,number_of_biological_replicates,numeric,0.0,agree,"[""10""]","[""10""]"
PXD046676,abstract_only,number_of_samples,numeric,0.0,agree,"[""20""]","[""20""]"
PXD046676,abstract_only,technology_type,lin,0.9663632996183132,partial,"[""proteomics""]","[""shotgun proteomics""]"
PXD046754,abstract_only,experimental_design,exact,0.0,disagree,"[""treated vs control""]","[""time course""]"
PXD046754,abstract_only,factor_value,lin,0.038743841515480285,disagree,"[""lps stimulation""]","[""time"", ""uv irradiation""]"
PXD046754,abstract_only,technology_type,lin,0.9663632996183132,partial,"[""lc-ms proteomics""]","[""bottom-up proteomics""]"
PXD046846,with_methods,experimental_design,exact,1.0,agree,"[""treated vs control""]","[""treated vs control""]"
PXD046846,with_methods,factor_value,lin,,,"[""cd99 silencing""]","[""cd99neg vs cd99pos""]"
PXD046846,with_methods,technology_type,lin,0.9349158164193165,partial,"[""label-free quantification""]","[""bottom-up proteomics""]"
PXD046988,abstract_only,technology_type,lin,1.0,agree,"[""proteomics""]","[""bottom-up proteomics""]"
PXD047040,with_methods,technical_replicate,numeric,0.0,agree,"[""3"", ""6""]","[""3"", ""6""]"
PXD047040,with_methods,number_of_technical_replicates,numeric,0.0,agree,"[""3"", ""6""]","[""3"", ""6""]"
PXD047040,with_methods,number_of_samples,numeric,0.0,agree,"[""19""]","[""19""]"
PXD047040,with_methods,technology_type,lin,1.0,agree,"[""targeted proteomics""]","[""targeted proteomics""]"
PXD047111,abstract_only,factor_value,lin,,,"[""wild type slc6a8 vs selected variants""]","[""slc6a8 wt, slc6a8 variants (k4r, n331k, p397l, a404p and l412m) and gfp negative"", ""wild type slc6a8 and five selected variants""]"
PXD047111,abstract_only,number_of_samples,numeric,1.0,partial,"[""6""]","[""7""]"
PXD047111,abstract_only,technology_type,lin,0.9130020666102265,partial,"[""mass-spectrometry""]","[""affinity purification coupled with mass spectrometry proteomics"", ""bottom-up proteomics""]"
PXD047228,abstract_only,technology_type,lin,1.0,agree,"[""affinity purification coupled with mass spectrometry proteomics""]","[""affinity purification coupled with mass spectrometry proteomics"", ""bottom-up proteomics"", ""data-dependent acquisition""]"
PXD047367,with_methods,biological_replicate,numeric,0.0,agree,"[""3""]","[""3""]"
PXD047367,with_methods,experimental_design,exact,1.0,agree,"[""treated vs control""]","[""treated vs control""]"
PXD047367,with_methods,factor_value,lin,,,"[""normal vs burned""]","[""control vs naoh""]"
PXD047367,with_methods,number_of_biological_replicates,numeric,0.0,agree,"[""3""]","[""3""]"
PXD047367,with_methods,number_of_samples,numeric,0.0,agree,"[""6""]","[""6""]"
PXD047367,with_methods,technology_type,lin,1.0,agree,"[""label-free quantitative proteomics""]","[""label-free quantitative proteomics""]"
PXD047507,with_methods,experimental_design,exact,1.0,agree,"[""case vs control""]","[""case vs control""]"
PXD047507,with_methods,factor_value,lin,1.0,agree,"[""septic vs aseptic""]","[""septic vs aseptic""]"
PXD047507,with_methods,number_of_samples,numeric,0.0,agree,"[""21""]","[""21""]"
PXD047507,with_methods,technology_type,lin,1.0,agree,"[""bottom-up proteomics""]","[""bottom-up proteomics""]"
PXD047613,abstract_only,experimental_design,exact,1.0,agree,"[""cross-sectional""]","[""cross-sectional""]"
PXD047613,abstract_only,factor_value,lin,1.0,agree,"[""parpi sensitivity""]","[""parpi sensitivity""]"
PXD047613,abstract_only,number_of_samples,numeric,0.0,agree,"[""6""]","[""6""]"
PXD047613,abstract_only,technology_type,lin,1.0,agree,"[""proteomics""]","[""bottom-up proteomics""]"
PXD047823,with_methods,number_of_fractions,numeric,0.0,agree,"[""10""]","[""10""]"
PXD047823,with_methods,number_of_biological_replicates,numeric,0.0,agree,"[""33""]","[""33""]"
PXD047823,with_methods,number_of_samples,numeric,0.0,agree,"[""33""]","[""33""]"
PXD047823,with_methods,technology_type,lin,1.0,agree,"[""bottom-up proteomics""]","[""bottom-up proteomics""]"
PXD048018,abstract_only,technology_type,lin,1.0,agree,"[""proteomics""]","[""bottom-up proteomics""]"
PXD048361,with_methods,experimental_design,exact,1.0,agree,"[""treated vs control""]","[""treated vs control""]"
PXD048361,with_methods,factor_value,lin,1.0,agree,"[""polysaccharides treatment""]","[""polysaccharide treatment""]"
PXD048361,with_methods,technology_type,lin,1.0,agree,"[""bottom-up proteomics""]","[""bottom-up proteomics""]"
PXD048511,abstract_only,experimental_design,exact,1.0,agree,"[""case vs control""]","[""case vs control""]"
PXD048511,abstract_only,technology_type,lin,1.0,agree,"[""bottom-up proteomics""]","[""bottom-up proteomics""]"
PXD048603,with_methods,biological_replicate,numeric,0.0,agree,"[""6""]","[""6""]"
PXD048603,with_methods,experimental_design,exact,1.0,agree,"[""treated vs control""]","[""treated vs control""]"
PXD048603,with_methods,factor_value,lin,,,"[""ctsb-, ctsd-, ctsl-, and ctsbdl-triple deficient (ko) human neuroblastoma-derived sh-sy5y cells and ctsb-, ctsd-, ctsl-, ctsz and ctsbdlz-quadruple deficient (ko) hela cells""]","[""cathepsin ko vs wild-type""]"
PXD048603,with_methods,number_of_biological_replicates,numeric,0.0,agree,"[""6""]","[""6""]"
PXD048603,with_methods,number_of_samples,numeric,20.0,disagree,"[""24""]","[""4""]"
PXD048603,with_methods,technology_type,lin,0.9842417601911432,partial,"[""bottom-up proteomics"", ""label-free protein quantification""]","[""bottom-up proteomics"", ""shotgun proteomics""]"
PXD048682,abstract_only,experimental_design,exact,1.0,agree,"[""time course""]","[""time course"", ""treated vs control""]"
PXD048682,abstract_only,factor_value,lin,1.0,agree,"[""activation""]","[""activation status"", ""timepoints""]"
PXD048682,abstract_only,technology_type,lin,0.8758690474807684,partial,"[""proteomics""]","[""data-independent acquisition""]"
PXD048840,with_methods,technical_replicate,numeric,0.0,agree,"[""10""]","[""10""]"
PXD048840,with_methods,number_of_technical_replicates,numeric,0.0,agree,"[""10""]","[""10""]"
PXD048840,with_methods,technology_type,lin,1.0,agree,"[""bottom-up proteomics""]","[""bottom-up proteomics"", ""data-dependent acquisition""]"
PXD048934,with_methods,biological_replicate,numeric,0.0,agree,"[""3""]","[""3""]"
PXD048934,with_methods,factor_value,lin,1.0,agree,"[""cell type""]","[""cell type""]"
PXD048934,with_methods,number_of_fractions,numeric,0.0,agree,"[""10""]","[""10""]"
PXD048934,with_methods,number_of_biological_replicates,numeric,0.0,agree,"[""3""]","[""3""]"
PXD048934,with_methods,technology_type,lin,1.0,agree,"[""bottom-up proteomics""]","[""bottom-up proteomics""]"
PXD049067,with_methods,biological_replicate,numeric,2.0,disagree,"[""1"", ""12""]","[""3""]"
PXD049067,with_methods,experimental_design,exact,1.0,agree,"[""cross-sectional"", ""treated vs control""]","[""cross-sectional"", ""treated vs control""]"
PXD049067,with_methods,factor_value,lin,1.0,agree,"[""epididymal region"", ""treatment""]","[""epididymal region"", ""treatment""]"
PXD049067,with_methods,number_of_fractions,numeric,0.0,agree,"[""10"", ""30""]","[""10"", ""30""]"
PXD049067,with_methods,number_of_biological_replicates,numeric,0.0,agree,"[""5""]","[""5""]"
PXD049067,with_methods,number_of_samples,numeric,10.0,disagree,"[""5"", ""60""]","[""15""]"
PXD049067,with_methods,technology_type,lin,1.0,agree,"[""bottom-up proteomics"", ""quantitative phosphoproteomics""]","[""bottom-up proteomics""]"
PXD049249,abstract_only,technology_type,lin,0.4748406056606574,disagree,"[""mass spectrometry""]","[""bottom-up proteomics""]"
PXD049339,abstract_only,technology_type,lin,1.0,agree,"[""affinity purification coupled with mass spectrometry proteomics""]","[""affinity purification coupled with mass spectrometry proteomics"", ""bottom-up proteomics"", ""targeted proteomics""]"
PXD049793,abstract_only,technology_type,lin,1.0,agree,"[""affinity purification coupled with mass spectrometry proteomics""]","[""affinity purification coupled with mass spectrometry proteomics""]"
PXD050085,with_methods,technology_type,lin,1.0,agree,"[""affinity purification coupled with mass spectrometry proteomics""]","[""affinity purification coupled with mass spectrometry proteomics"", ""bottom-up proteomics""]"
PXD050260,abstract_only,experimental_design,exact,1.0,agree,"[""treated vs control""]","[""treated vs control""]"
PXD050260,abstract_only,factor_value,lin,0.0,disagree,"[""treatment""]","[""protac vs control""]"
PXD050260,abstract_only,technology_type,lin,0.9663632996183132,partial,"[""shotgun proteomics""]","[""bottom-up proteomics""]"
PXD050402,abstract_only,experimental_design,exact,0.0,disagree,"[""time course""]","[""treated vs control""]"
PXD050402,abstract_only,factor_value,lin,,,"[""tissue-specific egfr signaling""]","[""egf stimulation""]"
PXD050402,abstract_only,technology_type,lin,0.9663632996183132,partial,"[""shotgun proteomics""]","[""bottom-up proteomics"", ""targeted proteomics""]"
PXD050548,abstract_only,technology_type,lin,1.0,agree,"[""metaproteomics""]","[""metaproteomics""]"
PXD050844,abstract_only,technology_type,lin,0.9130020666102265,partial,"[""quantitative mass spectrometry""]","[""affinity purification coupled with mass spectrometry proteomics""]"
PXD051016,abstract_only,experimental_design,exact,1.0,agree,"[""time course""]","[""time course""]"
PXD051016,abstract_only,technology_type,lin,1.0,agree,"[""quantitative proteomics""]","[""bottom-up proteomics""]"
PXD051592,abstract_only,technology_type,lin,1.0,agree,"[""proteomics""]","[""glycoproteomics""]"
PXD051706,abstract_only,technology_type,lin,0.4213844077135661,disagree,"[""data-independent mass spectrometry""]","[""bottom-up proteomics""]"
PXD051803,abstract_only,experimental_design,exact,1.0,agree,"[""dose response""]","[""dose response""]"
PXD051803,abstract_only,factor_value,lin,,,"[""concentration of sp3cho compounds""]","[""range of concentrations of sp3cho compounds""]"
PXD051803,abstract_only,technology_type,lin,1.0,agree,"[""targeted proteomics""]","[""affinity purification coupled with mass spectrometry proteomics"", ""bottom-up proteomics"", ""targeted proteomics""]"
PXD052083,with_methods,biological_replicate,numeric,0.0,agree,"[""4""]","[""4""]"
PXD052083,with_methods,experimental_design,exact,1.0,agree,"[""treated vs control""]","[""treated vs control""]"
PXD052083,with_methods,factor_value,lin,,,"[""parental vs golph3/golph3l ko""]","[""parental vs golph3/golph3l ko""]"
PXD052083,with_methods,number_of_biological_replicates,numeric,0.0,agree,"[""4""]","[""4""]"
PXD052083,with_methods,number_of_samples,numeric,8.0,disagree,"[""16""]","[""8""]"
PXD052083,with_methods,technology_type,lin,0.6956164073570735,partial,"[""bottom-up proteomics""]","[""data-independent acquisition""]"
PXD052305,with_methods,biological_replicate,numeric,0.0,agree,"[""3""]","[""3""]"
PXD052305,with_methods,experimental_design,exact,1.0,agree,"[""treated vs control""]","[""treated vs control""]"
PXD052305,with_methods,factor_value,lin,0.0006359163888540644,disagree,"[""treatment""]","[""ddp + tsa group"", ""ddp group"", ""tsa group""]"
PXD052305,with_methods,number_of_fractions,numeric,0.0,agree,"[""12""]","[""12""]"
PXD052305,with_methods,number_of_biological_replicates,numeric,0.0,agree,"[""3""]","[""3""]"
PXD052305,with_methods,number_of_samples,numeric,0.0,agree,"[""9""]","[""9""]"
PXD052305,with_methods,technology_type,lin,1.0,agree,"[""bottom-up proteomics""]","[""bottom-up proteomics"", ""targeted proteomics""]"
PXD052809,with_methods,factor_value,lin,1.0,agree,"[""treatment""]","[""treatment""]"
PXD052809,with_methods,technology_type,lin,1.0,agree,"[""bottom-up proteomics""]","[""bottom-up proteomics""]"
PXD053039,abstract_only,factor_value,lin,1.0,agree,"[""vmp1 ko vs wt""]","[""vmp1 ko vs wt""]"
PXD053039,abstract_only,technology_type,lin,1.0,agree,"[""proteomics""]","[""affinity purification coupled with mass spectrometry proteomics"", ""bottom-up proteomics""]"
PXD053228,with_methods,biological_replicate,numeric,0.0,agree,"[""2""]","[""2""]"
PXD053228,with_methods,technical_replicate,numeric,0.0,agree,"[""3""]","[""3""]"
PXD053228,with_methods,experimental_design,exact,0.0,disagree,"[""treated vs control""]","[""cross-sectional""]"
PXD053228,with_methods,factor_value,lin,1.0,agree,"[""t-lgll vs nk-lgll""]","[""t-lgll vs nk-lgll""]"
PXD053228,with_methods,number_of_technical_replicates,numeric,0.0,agree,"[""3""]","[""3""]"
PXD053228,with_methods,number_of_biological_replicates,numeric,0.0,agree,"[""2""]","[""2""]"
PXD053228,with_methods,number_of_samples,numeric,0.0,agree,"[""2""]","[""2""]"
PXD053228,with_methods,technology_type,lin,1.0,agree,"[""bottom-up proteomics""]","[""bottom-up proteomics""]"
PXD053362,abstract_only,experimental_design,exact,1.0,agree,"[""case vs control""]","[""case vs control""]"
PXD053362,abstract_only,factor_value,lin,0.05817303938405888,disagree,"[""histological pattern and age""]","[""mcd vs fsgs""]"
PXD053362,abstract_only,number_of_samples,numeric,0.0,agree,"[""56""]","[""56""]"
PXD053362,abstract_only,technology_type,lin,0.45804398034732,disagree,"[""laser microdissection and mass spectrometry""]","[""bottom-up proteomics"", ""data-dependent acquisition""]"
PXD053579,with_methods,technical_replicate,numeric,0.0,agree,"[""5""]","[""5""]"
PXD053579,with_methods,experimental_design,exact,1.0,agree,"[""treated vs control""]","[""treated vs control""]"
PXD053579,with_methods,factor_value,lin,1.0,agree,"[""native vs refolded""]","[""native vs refolded""]"
PXD053579,with_methods,number_of_technical_replicates,numeric,0.0,agree,"[""5""]","[""5""]"
PXD053579,with_methods,number_of_samples,numeric,8.0,disagree,"[""2""]","[""10""]"
PXD053579,with_methods,technology_type,lin,0.6938738536659397,partial,"[""cross-linking mass spectrometry"", ""limited proteolysis coupled with mass spectrometry""]","[""bottom-up proteomics""]"
PXD053865,abstract_only,technology_type,lin,0.9663632996183132,partial,"[""affinity purification coupled with mass spectrometry proteomics""]","[""bottom-up proteomics""]"
PXD054002,abstract_only,experimental_design,exact,1.0,agree,"[""treated vs control""]","[""treated vs control""]"
PXD054002,abstract_only,factor_value,lin,,,"[""n-starved vs n-repleted""]","[""nitrogen condition""]"
PXD054002,abstract_only,technology_type,lin,1.0,agree,"[""affinity purification coupled with mass spectrometry proteomics""]","[""affinity purification coupled with mass spectrometry proteomics""]"
PXD054298,abstract_only,biological_replicate,numeric,0.0,agree,"[""3""]","[""3""]"
PXD054298,abstract_only,number_of_biological_replicates,numeric,0.0,agree,"[""3""]","[""3""]"
PXD054298,abstract_only,number_of_samples,numeric,0.0,agree,"[""3""]","[""3""]"
PXD054298,abstract_only,technology_type,lin,0.9663632996183132,partial,"[""affinity purification coupled with mass spectrometry proteomics""]","[""bottom-up proteomics""]"
PXD054722,abstract_only,technology_type,lin,1.0,agree,"[""affinity purification coupled with mass spectrometry proteomics""]","[""affinity purification coupled with mass spectrometry proteomics""]"
PXD055168,abstract_only,technology_type,lin,1.0,agree,"[""shotgun proteomics""]","[""shotgun proteomics""]"
PXD055984,abstract_only,biological_replicate,numeric,,,"[""3""]","[""mouse""]"
PXD055984,abstract_only,experimental_design,exact,1.0,agree,"[""treated vs control""]","[""treated vs control""]"
PXD055984,abstract_only,factor_value,lin,,,"[""gltp cko vs cre control""]","[""gltp cko vs cre control""]"
PXD055984,abstract_only,technology_type,lin,1.0,agree,"[""proteomics""]","[""bottom-up proteomics""]"
PXD056079,with_methods,experimental_design,exact,1.0,agree,"[""treated vs control""]","[""treated vs control""]"
PXD056079,with_methods,factor_value,lin,,,"[""ha treatment vs control""]","[""gnss vs gnss-ha vs gnss+ha vs ha""]"
PXD056079,with_methods,technology_type,lin,0.4213844077135661,disagree,"[""lc-ms/ms""]","[""bottom-up proteomics""]"
PXD056153,with_methods,experimental_design,exact,1.0,agree,"[""treated vs control""]","[""treated vs control""]"
PXD056153,with_methods,technology_type,lin,1.0,agree,"[""affinity purification coupled with mass spectrometry proteomics""]","[""affinity purification coupled with mass spectrometry proteomics""]"
PXD056183,abstract_only,technology_type,lin,0.4213844077135661,disagree,"[""cetsa-based mass spectrometry""]","[""bottom-up proteomics""]"
PXD056206,with_methods,technical_replicate,numeric,0.0,agree,"[""2""]","[""2""]"
PXD056206,with_methods,number_of_technical_replicates,numeric,0.0,agree,"[""2""]","[""2""]"
PXD056206,with_methods,technology_type,lin,1.0,agree,"[""bottom-up proteomics""]","[""bottom-up proteomics"", ""targeted proteomics""]"
PXD056300,with_methods,biological_replicate,numeric,0.0,agree,"[""4""]","[""4 patients""]"
PXD056300,with_methods,technical_replicate,numeric,0.0,agree,"[""3""]","[""3""]"
PXD056300,with_methods,experimental_design,exact,0.0,disagree,"[""case vs control""]","[""treated vs control""]"
PXD056300,with_methods,factor_value,lin,0.0,disagree,"[""localised vs metastatic""]","[""localised prostate tumour vs prostate cancer metastasis""]"
PXD056300,with_methods,number_of_technical_replicates,numeric,0.0,agree,"[""3""]","[""3""]"
PXD056300,with_methods,number_of_biological_replicates,numeric,0.0,agree,"[""4""]","[""4""]"
PXD056300,with_methods,number_of_samples,numeric,0.0,agree,"[""10""]","[""10""]"
PXD056300,with_methods,technology_type,lin,1.0,agree,"[""bottom-up proteomics""]","[""bottom-up proteomics""]"
PXD056432,abstract_only,technology_type,lin,0.3954209912771047,disagree,"[""tmt quantification""]","[""bottom-up proteomics"", ""tmt""]"
PXD056514,with_methods,biological_replicate,numeric,5.0,disagree,"[""3""]","[""8""]"
PXD056514,with_methods,technical_replicate,numeric,0.0,agree,"[""2""]","[""2""]"
PXD056514,with_methods,experimental_design,exact,1.0,agree,"[""treated vs control""]","[""treated vs control""]"
PXD056514,with_methods,factor_value,lin,1.7576390555917382e-05,disagree,"[""pak inhibitors""]","[""treatment""]"
PXD056514,with_methods,number_of_technical_replicates,numeric,0.0,agree,"[""2""]","[""2""]"
PXD056514,with_methods,number_of_biological_replicates,numeric,5.0,disagree,"[""3""]","[""8""]"
PXD056514,with_methods,technology_type,lin,1.0,agree,"[""bottom-up proteomics""]","[""bottom-up proteomics"", ""shotgun proteomics""]"
PXD056690,with_methods,technology_type,lin,1.0,agree,"[""bottom-up proteomics"", ""targeted proteomics"", ""top-down proteomics""]","[""bottom-up proteomics""]"
PXD056788,abstract_only,experimental_design,exact,1.0,agree,"[""treated vs control""]","[""treated vs control""]"
PXD056788,abstract_only,technology_type,lin,1.0,agree,"[""phosphoproteomics""]","[""phosphoproteomics""]"
PXD057024,abstract_only,technology_type,lin,1.0,agree,"[""proteomics""]","[""bottom-up proteomics""]"
PXD057177,abstract_only,technology_type,lin,1.0,agree,"[""affinity purification coupled with mass spectrometry proteomics""]","[""affinity purification coupled with mass spectrometry proteomics""]"
PXD057319,abstract_only,experimental_design,exact,1.0,agree,"[""case vs control""]","[""case vs control""]"
PXD057319,abstract_only,factor_value,lin,,,"[""aht vs sids""]","[""aht vs sids""]"
PXD057319,abstract_only,technology_type,lin,0.610010423025556,partial,"[""activity-based protein profiling (abpp) coupled to liquid chromatography-mass spectrometry (lc-ms)""]","[""bottom-up proteomics""]"
PXD057527,abstract_only,experimental_design,exact,1.0,agree,"[""treated vs control""]","[""treated vs control""]"
PXD057527,abstract_only,factor_value,lin,,,"[""isoform type""]","[""tumor vs non-tumor""]"
PXD057527,abstract_only,number_of_biological_replicates,numeric,0.0,agree,"[""4""]","[""4""]"
PXD057527,abstract_only,technology_type,lin,1.0,agree,"[""affinity purification coupled with mass spectrometry proteomics""]","[""affinity purification coupled with mass spectrometry proteomics"", ""bottom-up proteomics""]"
PXD057672,with_methods,experimental_design,exact,1.0,agree,"[""treated vs control""]","[""treated vs control""]"
PXD057672,with_methods,factor_value,lin,1.5579146559050186e-05,disagree,"[""treatment, genotype, condition""]","[""strain""]"
PXD057672,with_methods,number_of_biological_replicates,numeric,0.0,agree,"[""6""]","[""6""]"
PXD057672,with_methods,technology_type,lin,0.9663632996183132,partial,"[""shotgun proteomics""]","[""bottom-up proteomics""]"
PXD057760,abstract_only,technology_type,lin,0.147143800803445,disagree,"[""tmt-tails""]","[""bottom-up proteomics"", ""data-dependent acquisition"", ""shotgun proteomics"", ""tails"", ""thermal proteome profiling""]"
PXD057848,with_methods,biological_replicate,numeric,0.0,agree,"[""25 rygb patients""]","[""25""]"
PXD057848,with_methods,experimental_design,exact,1.0,agree,"[""time course""]","[""time course""]"
PXD057848,with_methods,factor_value,lin,0.0,disagree,"[""pre- and post-surgery""]","[""pre vs post surgery""]"
PXD057848,with_methods,number_of_fractions,numeric,0.0,agree,"[""15""]","[""15""]"
PXD057848,with_methods,number_of_biological_replicates,numeric,0.0,agree,"[""25""]","[""25""]"
PXD057848,with_methods,number_of_samples,numeric,0.0,agree,"[""50""]","[""50""]"
PXD057848,with_methods,technology_type,lin,0.6956164073570735,partial,"[""data-independent acquisition""]","[""bottom-up proteomics""]"
PXD058014,abstract_only,experimental_design,exact,0.0,disagree,"[""treated vs control""]","[""case vs control""]"
PXD058014,abstract_only,factor_value,lin,0.0,disagree,"[""hpv-negative""]","[""tumor budding""]"
PXD058014,abstract_only,technology_type,lin,0.9663632996183132,partial,"[""ms-based proteomics""]","[""bottom-up proteomics""]"
PXD058156,with_methods,experimental_design,exact,1.0,agree,"[""treated vs control""]","[""treated vs control""]"
PXD058156,with_methods,factor_value,lin,0.0,disagree,"[""tmz treatment""]","[""control vs aggregation""]"
PXD058292,abstract_only,experimental_design,exact,1.0,agree,"[""treated vs control""]","[""treated vs control""]"
PXD058292,abstract_only,factor_value,lin,0.5432588082446895,partial,"[""cs640"", ""staurosporine""]","[""dmso"", ""probe"", ""staurosporine""]"
PXD058292,abstract_only,technology_type,lin,1.0,agree,"[""limited proteolysis coupled to mass spectrometry""]","[""data-independent acquisition"", ""limited proteolysis coupled to mass spectrometry""]"
PXD058373,with_methods,technology_type,lin,1.0,agree,"[""bottom-up proteomics""]","[""bottom-up proteomics"", ""data-independent acquisition""]"
PXD058471,abstract_only,experimental_design,exact,1.0,agree,"[""treated vs control""]","[""treated vs control""]"
PXD058471,abstract_only,factor_value,lin,0.0,disagree,"[""camkk2 inhibition""]","[""dmso"", ""sgc-camkk2-1"", ""sgc-camkk2-1n""]"
PXD058471,abstract_only,technology_type,lin,1.0,agree,"[""affinity purification coupled with mass spectrometry proteomics""]","[""affinity purification coupled with mass spectrometry proteomics"", ""data-dependent acquisition"", ""data-independent acquisition""]"
PXD058618,with_methods,biological_replicate,numeric,0.0,agree,"[""3""]","[""3""]"
PXD058618,with_methods,factor_value,lin,0.14166523978967743,disagree,"[""untagged usp18, 6hf-isg15""]","[""usp18 alone vs usp18 with isg15""]"
PXD058618,with_methods,number_of_biological_replicates,numeric,0.0,agree,"[""3""]","[""3""]"
PXD058618,with_methods,number_of_samples,numeric,0.0,agree,"[""3""]","[""3""]"
PXD058618,with_methods,technology_type,lin,1.0,agree,"[""affinity purification coupled with mass spectrometry proteomics""]","[""affinity purification coupled with mass spectrometry proteomics""]"
PXD058709,abstract_only,experimental_design,exact,1.0,agree,"[""treated vs control""]","[""treated vs control""]"
PXD058709,abstract_only,factor_value,lin,1.5579146559050186e-05,disagree,"[""genotype and treatment""]","[""iso or saline"", ""ppp2r5a genotype""]"
PXD058709,abstract_only,technology_type,lin,1.0,agree,"[""quantitative phosphoproteomics""]","[""bottom-up proteomics""]"
PXD058785,with_methods,technology_type,lin,0.6956164073570735,partial,"[""bottom-up proteomics""]","[""data-independent acquisition""]"
PXD058882,with_methods,experimental_design,exact,1.0,agree,"[""cross-sectional""]","[""cross-sectional""]"
PXD058882,with_methods,factor_value,lin,0.0,disagree,"[""gestational time point""]","[""second trimester vs full term""]"
PXD058882,with_methods,number_of_biological_replicates,numeric,3.0,disagree,"[""6""]","[""3""]"
PXD058882,with_methods,number_of_samples,numeric,0.0,agree,"[""12""]","[""12""]"
PXD058882,with_methods,technology_type,lin,0.7048782110399869,partial,"[""dia mass spectrometry"", ""label-free proteomics""]","[""bottom-up proteomics"", ""data-independent acquisition""]"
PXD059419,with_methods,experimental_design,exact,1.0,agree,"[""treated vs control""]","[""treated vs control""]"
PXD059419,with_methods,technology_type,lin,0.9887877665394377,partial,"[""bottom-up proteomics"", ""shotgun proteomics"", ""targeted proteomics""]","[""bottom-up proteomics""]"
PXD059552,abstract_only,technology_type,lin,1.0,agree,"[""mass spectrometry-based proteomics""]","[""shotgun proteomics""]"
PXD059661,abstract_only,technology_type,lin,0.9123541525414538,partial,"[""data-independent acquisition mass spectrometry""]","[""data-dependent acquisition"", ""data-independent acquisition""]"
PXD059828,abstract_only,technology_type,lin,0.4748406056606574,disagree,"[""quantitative mass spectrometry""]","[""bottom-up proteomics""]"
PXD059964,with_methods,biological_replicate,numeric,,,"[""secondary-generation mammospheres""]","[""3""]"
PXD059964,with_methods,experimental_design,exact,1.0,agree,"[""treated vs control""]","[""treated vs control""]"
PXD059964,with_methods,factor_value,lin,,,"[""untreated (control, c) or treated with globular adiponectin 5 \u03bcg/ml""]","[""adiponectin""]"
PXD059964,with_methods,technology_type,lin,0.9663632996183132,partial,"[""bottom-up proteomics""]","[""shotgun proteomics""]"
PXD060034,with_methods,biological_replicate,numeric,0.0,agree,"[""5""]","[""5""]"
PXD060034,with_methods,experimental_design,exact,0.0,disagree,"[""treated vs control""]","[""case vs control""]"
PXD060034,with_methods,factor_value,lin,1.6103177644059342e-05,disagree,"[""capn15 genotype""]","[""genotype""]"
PXD060034,with_methods,number_of_biological_replicates,numeric,0.0,agree,"[""5""]","[""5""]"
PXD060034,with_methods,number_of_samples,numeric,0.0,agree,"[""10""]","[""10""]"
PXD060034,with_methods,technology_type,lin,1.0,agree,"[""shotgun proteomics""]","[""bottom-up proteomics"", ""shotgun proteomics""]"
PXD060126,with_methods,experimental_design,exact,1.0,agree,"[""time course""]","[""time course""]"
PXD060126,with_methods,number_of_biological_replicates,numeric,0.0,agree,"[""4""]","[""4""]"
PXD060126,with_methods,technology_type,lin,0.9663632996183132,partial,"[""lc-ms/ms phospho-/proteomics""]","[""bottom-up proteomics""]"
PXD060307,with_methods,experimental_design,exact,1.0,agree,"[""treated vs control""]","[""treated vs control""]"
PXD060307,with_methods,factor_value,lin,0.5711428833073425,partial,"[""hyperoxia vs normoxia"", ""male vs female""]","[""hyperoxia vs normoxia""]"
PXD060307,with_methods,number_of_biological_replicates,numeric,0.0,agree,"[""3""]","[""3""]"
PXD060307,with_methods,number_of_samples,numeric,6.0,disagree,"[""6""]","[""12""]"
PXD060307,with_methods,technology_type,lin,1.0,agree,"[""bottom-up proteomics""]","[""bottom-up proteomics""]"
PXD060653,abstract_only,biological_replicate,numeric,0.0,agree,"[""94""]","[""94""]"
PXD060653,abstract_only,experimental_design,exact,1.0,agree,"[""cross-sectional""]","[""cross-sectional""]"
PXD060653,abstract_only,factor_value,lin,0.0,disagree,"[""alcohol consumption"", ""sex"", ""smoking history""]","[""alcohol consumption, smoking history, and sex""]"
PXD060653,abstract_only,number_of_biological_replicates,numeric,0.0,agree,"[""94""]","[""94""]"
PXD060653,abstract_only,number_of_samples,numeric,0.0,agree,"[""94""]","[""94""]"
PXD060653,abstract_only,technology_type,lin,0.9663632996183132,partial,"[""shotgun proteomics""]","[""bottom-up proteomics""]"
PXD060786,with_methods,experimental_design,exact,0.0,disagree,"[""treated vs control""]","[""time course""]"
PXD060786,with_methods,number_of_fractions,numeric,0.0,agree,"[""11""]","[""11""]"
PXD060786,with_methods,technology_type,lin,1.0,agree,"[""bottom-up proteomics""]","[""bottom-up proteomics""]"
PXD060844,abstract_only,technology_type,lin,0.9663632996183132,partial,"[""bottom-up proteomics""]","[""shotgun proteomics""]"
PXD060898,with_methods,experimental_design,exact,1.0,agree,"[""treated vs control""]","[""treated vs control""]"
PXD060898,with_methods,technology_type,lin,1.0,agree,"[""affinity purification coupled with mass spectrometry proteomics""]","[""affinity purification coupled with mass spectrometry proteomics""]"
PXD060976,abstract_only,technology_type,lin,1.0,agree,"[""affinity purification coupled with mass spectrometry proteomics""]","[""affinity purification coupled with mass spectrometry proteomics"", ""bottom-up proteomics""]"
PXD061161,abstract_only,experimental_design,exact,1.0,agree,"[""treated vs control""]","[""treated vs control""]"
PXD061161,abstract_only,factor_value,lin,,,"[""wildtype vs atxn2l-null""]","[""wildtype vs atxn2l-null""]"
PXD061161,abstract_only,technology_type,lin,0.9663632996183132,partial,"[""affinity purification coupled with mass spectrometry proteomics""]","[""bottom-up proteomics""]"
PXD061276,with_methods,experimental_design,exact,1.0,agree,"[""treated vs control""]","[""treated vs control""]"
PXD061276,with_methods,factor_value,lin,,,"[""lps and poly(i:c) vs untreated""]","[""lps stimulation"", ""poly(i:c) stimulation"", ""untreated control""]"
PXD061276,with_methods,number_of_fractions,numeric,0.0,agree,"[""6""]","[""6""]"
PXD061276,with_methods,technology_type,lin,0.9663632996183132,partial,"[""affinity purification coupled with mass spectrometry proteomics""]","[""bottom-up proteomics""]"
PXD061404,with_methods,biological_replicate,numeric,0.0,agree,"[""3"", ""4""]","[""3"", ""5""]"
PXD061404,with_methods,technical_replicate,numeric,0.0,agree,"[""2"", ""3""]","[""2"", ""3""]"
PXD061404,with_methods,experimental_design,exact,1.0,agree,"[""case vs control"", ""treated vs control""]","[""case vs control"", ""treated vs control""]"
PXD061404,with_methods,factor_value,lin,0.35857141094859685,disagree,"[""aml vs healthy"", ""crenolanib/hpi-1 treatment""]","[""disease state"", ""treatment""]"
PXD061404,with_methods,number_of_fractions,numeric,0.0,agree,"[""24"", ""30""]","[""24"", ""30""]"
PXD061404,with_methods,number_of_technical_replicates,numeric,0.0,agree,"[""2"", ""3""]","[""3""]"
PXD061404,with_methods,number_of_biological_replicates,numeric,0.0,agree,"[""3"", ""5""]","[""3"", ""5""]"
PXD061404,with_methods,number_of_samples,numeric,0.0,agree,"[""13"", ""18""]","[""18"", ""9""]"
PXD061404,with_methods,technology_type,lin,1.0,agree,"[""bottom-up proteomics""]","[""bottom-up proteomics"", ""tmt""]"
PXD061565,abstract_only,experimental_design,exact,1.0,agree,"[""treated vs control""]","[""time course"", ""treated vs control""]"
PXD061565,abstract_only,factor_value,lin,,,"[""a485 treatment time""]","[""0 hours"", ""12 hours"", ""6 hours"", ""a485"", ""dmso""]"
PXD061565,abstract_only,technology_type,lin,0.9130020666102265,partial,"[""mass spectrometry analysis""]","[""bottom-up proteomics"", ""lc-faims-ms/ms"", ""shotgun proteomics""]"
PXD061609,abstract_only,factor_value,lin,1.0,agree,"[""tissue type""]","[""tissue""]"
PXD061609,abstract_only,number_of_samples,numeric,0.0,agree,"[""10""]","[""10""]"
PXD061609,abstract_only,technology_type,lin,1.0,agree,"[""tmtpro-based quantitative mass spectrometry""]","[""tmtpro-based quantitative mass spectrometry""]"
PXD061694,abstract_only,experimental_design,exact,0.0,disagree,"[""time course""]","[""case vs control""]"
PXD061694,abstract_only,factor_value,lin,1.0,agree,"[""severe dengue vs non-severe dengue""]","[""severe dengue vs non-severe dengue""]"
PXD061694,abstract_only,number_of_biological_replicates,numeric,113.0,disagree,"[""124""]","[""11""]"
PXD061694,abstract_only,number_of_samples,numeric,113.0,disagree,"[""124""]","[""11""]"
PXD061694,abstract_only,technology_type,lin,1.0,agree,"[""proteomics""]","[""bottom-up proteomics""]"
PXD061797,abstract_only,experimental_design,exact,1.0,agree,"[""time course""]","[""time course""]"
PXD061797,abstract_only,factor_value,lin,1.0,agree,"[""time""]","[""time""]"
PXD061797,abstract_only,number_of_biological_replicates,numeric,12.0,disagree,"[""3""]","[""15""]"
PXD061797,abstract_only,technology_type,lin,0.6956164073570735,partial,"[""bottom-up proteomics""]","[""data-independent acquisition""]"
PXD061865,abstract_only,technology_type,lin,1.0,agree,"[""targeted proteomics""]","[""bottom-up proteomics""]"
PXD061981,abstract_only,number_of_samples,numeric,0.0,agree,"[""500""]","[""500""]"
PXD061981,abstract_only,technology_type,lin,0.6956164073570735,partial,"[""bottom-up proteomics""]","[""data-dependent acquisition"", ""data-independent acquisition""]"
PXD062441,abstract_only,technology_type,lin,0.9663632996183132,partial,"[""affinity purification coupled with mass spectrometry proteomics""]","[""bottom-up proteomics""]"
PXD062628,abstract_only,technology_type,lin,1.0,agree,"[""glycoproteomics""]","[""bottom-up proteomics"", ""data-dependent acquisition""]"
PXD062870,abstract_only,technology_type,lin,0.9663632996183132,partial,"[""mass spectrometry-based proteomics""]","[""bottom-up proteomics""]"
PXD063024,abstract_only,experimental_design,exact,1.0,agree,"[""treated vs control""]","[""treated vs control""]"
PXD063283,abstract_only,experimental_design,exact,1.0,agree,"[""case vs control""]","[""case vs control""]"
PXD063283,abstract_only,factor_value,lin,1.4627150416106068e-05,disagree,"[""rheumatoid arthritis status""]","[""rheumatoid factor status""]"
PXD063283,abstract_only,technology_type,lin,1.0,agree,"[""affinity purification coupled with mass spectrometry proteomics""]","[""affinity purification coupled with mass spectrometry proteomics"", ""bottom-up proteomics""]"
PXD063955,with_methods,experimental_design,exact,1.0,agree,"[""treated vs control""]","[""treated vs control""]"
PXD063955,with_methods,factor_value,lin,,,"[""imp treatment""]","[""imp vs control""]"
PXD063955,with_methods,technology_type,lin,0.9663632996183132,partial,"[""proteomics and phosphoproteomics by isobaric labelling""]","[""bottom-up proteomics""]"
PXD064007,abstract_only,experimental_design,exact,1.0,agree,"[""dose response""]","[""dose response""]"
PXD064007,abstract_only,factor_value,lin,0.0,disagree,"[""vandetanib""]","[""vandetanib dose""]"
PXD064007,abstract_only,technology_type,lin,1.0,agree,"[""bottom-up proteomics""]","[""bottom-up proteomics"", ""data-dependent acquisition""]"
PXD064125,with_methods,experimental_design,exact,1.0,agree,"[""time course""]","[""time course""]"
PXD064125,with_methods,factor_value,lin,1.0,agree,"[""day 1 vs day 4""]","[""day 1 vs day 4""]"
PXD064125,with_methods,number_of_biological_replicates,numeric,0.0,agree,"[""333""]","[""333""]"
PXD064125,with_methods,number_of_samples,numeric,0.0,agree,"[""545""]","[""545""]"
PXD064125,with_methods,technology_type,lin,1.0,agree,"[""bottom-up proteomics""]","[""bottom-up proteomics"", ""data-independent acquisition""]"
PXD064265,abstract_only,experimental_design,exact,1.0,agree,"[""case vs control""]","[""case vs control""]"
PXD064265,abstract_only,factor_value,lin,1.0,agree,"[""ad vs non-ad""]","[""ad vs non-ad""]"
PXD064265,abstract_only,technology_type,lin,,,"[""plexdia""]","[""bottom-up proteomics""]"
PXD064523,with_methods,biological_replicate,numeric,22.0,disagree,"[""10""]","[""32""]"
PXD064523,with_methods,experimental_design,exact,0.0,disagree,"[""treated vs control""]","[""cross-sectional""]"
PXD064523,with_methods,factor_value,lin,0.19613061927131065,disagree,"[""tumor vs non-tumor""]","[""acute rejection"", ""borderline rejection"", ""no rejection""]"
PXD064523,with_methods,number_of_biological_replicates,numeric,0.0,agree,"[""32""]","[""32""]"
PXD064523,with_methods,number_of_samples,numeric,0.0,agree,"[""32""]","[""32""]"
PXD064523,with_methods,technology_type,lin,1.0,agree,"[""bottom-up proteomics""]","[""bottom-up proteomics""]"
PXD064671,with_methods,biological_replicate,numeric,0.0,agree,"[""3""]","[""3""]"
PXD064671,with_methods,technical_replicate,numeric,0.0,agree,"[""3""]","[""3""]"
PXD064671,with_methods,number_of_technical_replicates,numeric,0.0,agree,"[""3""]","[""3""]"
PXD064671,with_methods,number_of_biological_replicates,numeric,0.0,agree,"[""3""]","[""3""]"
PXD064671,with_methods,number_of_samples,numeric,6.0,disagree,"[""6""]","[""12""]"
PXD064671,with_methods,technology_type,lin,0.9663632996183132,partial,"[""bottom-up proteomics""]","[""data-dependent acquisition"", ""shotgun proteomics""]"
PXD064844,abstract_only,experimental_design,exact,1.0,agree,"[""treated vs control""]","[""treated vs control""]"
PXD064844,abstract_only,factor_value,lin,0.0,disagree,"[""high vs low centrifugation""]","[""high centrifugation vs low centrifugation""]"
PXD064844,abstract_only,technology_type,lin,1.0,agree,"[""bottom-up proteomics""]","[""bottom-up proteomics""]"
PXD065024,abstract_only,experimental_design,exact,0.0,disagree,"[""longitudinal""]","[""time course""]"
PXD065024,abstract_only,factor_value,lin,1.0,agree,"[""survivors vs non-survivors""]","[""survivorship""]"
PXD065024,abstract_only,number_of_samples,numeric,97.0,disagree,"[""134""]","[""37""]"
PXD065024,abstract_only,technology_type,lin,1.0,agree,"[""glycoproteomics""]","[""bottom-up proteomics"", ""shotgun proteomics""]"
PXD065424,abstract_only,technology_type,lin,1.0,agree,"[""affinity purification coupled with mass spectrometry proteomics""]","[""affinity purification coupled with mass spectrometry proteomics""]"
PXD065993,with_methods,biological_replicate,numeric,,,"[""4""]","[""3-week-old whole arabidopsis plants""]"
PXD065993,with_methods,experimental_design,exact,1.0,agree,"[""time course"", ""treated vs control""]","[""treated vs control""]"
PXD065993,with_methods,factor_value,lin,1.0,agree,"[""dark vs low light"", ""wt vs 2cpab""]","[""dark vs low light"", ""wt vs 2cpab""]"
PXD065993,with_methods,number_of_fractions,numeric,0.0,agree,"[""14""]","[""14""]"
PXD065993,with_methods,number_of_biological_replicates,numeric,0.0,agree,"[""4""]","[""4""]"
PXD065993,with_methods,number_of_samples,numeric,8.0,disagree,"[""24""]","[""16""]"
PXD065993,with_methods,technology_type,lin,0.83216253657321,partial,"[""bottom-up proteomics"", ""redox proteomics""]","[""bottom-up proteomics""]"
PXD066557,abstract_only,experimental_design,exact,0.0,disagree,"[""treated vs control""]","[""case vs control""]"
PXD066557,abstract_only,factor_value,lin,1.0,agree,"[""vaccinated vs unvaccinated""]","[""vaccinated vs unvaccinated""]"
PXD066557,abstract_only,technology_type,lin,1.0,agree,"[""proteomics""]","[""bottom-up proteomics""]"
PXD066888,abstract_only,experimental_design,exact,1.0,agree,"[""treated vs control""]","[""treated vs control""]"
PXD066888,abstract_only,factor_value,lin,,,"[""fplc vs fplc-his""]","[""fplc vs fplc and his tagged tgfbi""]"
PXD066888,abstract_only,technology_type,lin,1.0,agree,"[""shotgun proteomics""]","[""affinity purification coupled with mass spectrometry proteomics""]"
PXD067193,with_methods,biological_replicate,numeric,0.0,agree,"[""3""]","[""3""]"
PXD067193,with_methods,technical_replicate,numeric,0.0,agree,"[""2""]","[""2""]"
PXD067193,with_methods,experimental_design,exact,0.0,disagree,"[""case vs control""]","[""treated vs control""]"
PXD067193,with_methods,factor_value,lin,,,"[""lrmda wild-type vs knockout""]","[""lrmda ko vs wild-type""]"
PXD067193,with_methods,number_of_technical_replicates,numeric,0.0,agree,"[""2""]","[""2""]"
PXD067193,with_methods,number_of_biological_replicates,numeric,0.0,agree,"[""3""]","[""3""]"
PXD067193,with_methods,technology_type,lin,0.9663632996183132,partial,"[""affinity purification coupled with mass spectrometry proteomics""]","[""bottom-up proteomics""]"
PXD067324,abstract_only,technology_type,lin,0.00038980014301611093,disagree,"[""crosslinking mass spectrometry""]","[""chemical cross-linking coupled with mass spectrometry proteomics"", ""data-dependent acquisition""]"
PXD068388,with_methods,biological_replicate,numeric,,,"[""yeast strain""]","[""2"", ""3"", ""4""]"
PXD068388,with_methods,experimental_design,exact,1.0,agree,"[""treated vs control""]","[""treated vs control""]"
PXD068388,with_methods,factor_value,lin,,,"[""mistranslating trna variants vs empty vector control""]","[""empty vector control"", ""mistranslating trna variants""]"
PXD068388,with_methods,number_of_biological_replicates,numeric,2.0,disagree,"[""6""]","[""1"", ""4""]"
PXD068388,with_methods,number_of_samples,numeric,0.0,agree,"[""24""]","[""24""]"
PXD068388,with_methods,technology_type,lin,0.4899773841566295,disagree,"[""dda-ms"", ""dia-ms""]","[""bottom-up proteomics"", ""data-dependent acquisition"", ""data-independent acquisition""]"
PXD068581,abstract_only,technology_type,lin,1.0,agree,"[""targeted proteomics""]","[""bottom-up proteomics""]"
PXD068982,abstract_only,experimental_design,exact,1.0,agree,"[""case vs control""]","[""case vs control""]"
PXD068982,abstract_only,factor_value,lin,0.9305405928207298,partial,"[""ovarian cancer vs healthy""]","[""ovarian cancer vs not pathological""]"
PXD068982,abstract_only,technology_type,lin,0.8326566138472078,partial,"[""ultrasensitive proteomics""]","[""data-independent acquisition"", ""dda-shotgun proteomics"", ""lc-ms/ms""]"
PXD070339,abstract_only,experimental_design,exact,1.0,agree,"[""case vs control""]","[""case vs control""]"
PXD070339,abstract_only,factor_value,lin,1.0,agree,"[""lean vs obese""]","[""lean vs obese""]"
PXD070339,abstract_only,technology_type,lin,0.9663632996183132,partial,"[""shotgun proteomics""]","[""bottom-up proteomics""]"
PXD001017,abstract_only,experimental_design,exact,1.0,agree,"[""treated vs control""]","[""treated vs control""]"
PXD001017,abstract_only,factor_value,lin,1.0,agree,"[""adriamycin treatment""]","[""adriamycin treatment""]"
PXD001017,abstract_only,technology_type,lin,0.9663632996183132,partial,"[""quantitative proteomics""]","[""shotgun proteomics""]"
PXD001327,abstract_only,technology_type,lin,0.9663632996183132,partial,"[""bottom-up proteomics""]","[""shotgun proteomics""]"
PXD001420,abstract_only,experimental_design,exact,1.0,agree,"[""treated vs control""]","[""treated vs control""]"
PXD001420,abstract_only,technology_type,lin,0.9663632996183132,partial,"[""targeted proteomics""]","[""shotgun proteomics""]"
PXD001574,abstract_only,experimental_design,exact,1.0,agree,"[""treated vs control""]","[""treated vs control""]"
PXD001574,abstract_only,factor_value,lin,,,"[""control vs egf-stimulated""]","[""control vs egf-stimulated""]"
PXD001574,abstract_only,technology_type,lin,0.0003945309329985463,disagree,"[""itraq""]","[""shotgun proteomics""]"
PXD002014,with_methods,experimental_design,exact,1.0,agree,"[""treated vs control""]","[""treated vs control""]"
PXD002014,with_methods,factor_value,lin,0.19806447080618841,disagree,"[""degraded vs intact""]","[""tissue status (degraded or intact)""]"
PXD002014,with_methods,number_of_biological_replicates,numeric,1.0,partial,"[""12""]","[""11""]"
PXD002014,with_methods,technology_type,lin,0.9663632996183132,partial,"[""bottom-up proteomics""]","[""shotgun proteomics"", ""spectrum counting"", ""tmt""]"
PXD002436,abstract_only,technology_type,lin,1.0,agree,"[""affinity purification coupled with mass spectrometry proteomics""]","[""affinity purification coupled with mass spectrometry proteomics""]"
PXD002825,with_methods,biological_replicate,numeric,0.0,agree,"[""3""]","[""3""]"
PXD002825,with_methods,experimental_design,exact,1.0,agree,"[""treated vs control""]","[""treated vs control""]"
PXD002825,with_methods,factor_value,lin,0.0,disagree,"[""treatment, gene knockdown""]","[""cisplatin treatment, isg15 knockdown""]"
PXD002825,with_methods,number_of_biological_replicates,numeric,0.0,agree,"[""3""]","[""3""]"
PXD002825,with_methods,technology_type,lin,1.0,agree,"[""bottom-up proteomics""]","[""top-down proteomics""]"
PXD003086,abstract_only,experimental_design,exact,1.0,agree,"[""treated vs control""]","[""treated vs control""]"
PXD003086,abstract_only,factor_value,lin,0.0,disagree,"[""cigarette smoke""]","[""cigarette smoke condensate vs no treatment""]"
PXD003086,abstract_only,technology_type,lin,0.4081038546166392,disagree,"[""stable isotopic labeling with amino acids in cell culture-based quantitative proteomic analysis""]","[""shotgun proteomics""]"
PXD003295,with_methods,biological_replicate,numeric,0.0,agree,"[""2""]","[""2""]"
PXD003295,with_methods,experimental_design,exact,1.0,agree,"[""treated vs control""]","[""treated vs control""]"
PXD003295,with_methods,factor_value,lin,,,"[""normal hsaecs, tgf\u03b2 induced mesenchymal hsaecs, normal hsaecs treated with tnf\u03b1 for 1 h, and mesenchymal hsaecs treated with tnf\u03b1 for 1 h""]","[""treatment, genotype, condition""]"
PXD003295,with_methods,number_of_fractions,numeric,0.0,agree,"[""60""]","[""60""]"
PXD003295,with_methods,number_of_biological_replicates,numeric,0.0,agree,"[""2""]","[""2""]"
PXD003295,with_methods,number_of_samples,numeric,0.0,agree,"[""8""]","[""8""]"
PXD003295,with_methods,technology_type,lin,1.0,agree,"[""itraq labeled bottom-up proteomics""]","[""shotgun proteomics""]"
PXD003409,abstract_only,technology_type,lin,1.0,agree,"[""bottom up proteomics""]","[""bottom-up proteomics""]"
PXD003417,abstract_only,biological_replicate,numeric,0.0,agree,"[""3""]","[""3""]"
PXD003417,abstract_only,experimental_design,exact,1.0,agree,"[""treated vs control""]","[""treated vs control""]"
PXD003417,abstract_only,factor_value,lin,0.0,disagree,"[""inflammation""]","[""il-1b stimulation vs control""]"
PXD003417,abstract_only,number_of_fractions,numeric,0.0,agree,"[""3""]","[""3""]"
PXD003417,abstract_only,number_of_biological_replicates,numeric,0.0,agree,"[""3""]","[""3""]"
PXD003417,abstract_only,number_of_samples,numeric,3.0,disagree,"[""6""]","[""9""]"
PXD003417,abstract_only,technology_type,lin,1.0,agree,"[""bottom-up proteomics""]","[""bottom-up proteomics""]"
PXD003657,with_methods,experimental_design,exact,1.0,agree,"[""treated vs control""]","[""treated vs control""]"
PXD003657,with_methods,factor_value,lin,,,"[""milk diet vs dairy-free diet""]","[""dairy products vs milk-free diet""]"
PXD003657,with_methods,number_of_biological_replicates,numeric,0.0,agree,"[""6""]","[""6""]"
PXD003657,with_methods,number_of_samples,numeric,0.0,agree,"[""12""]","[""12""]"
PXD003657,with_methods,technology_type,lin,0.9663632996183132,partial,"[""bottom-up proteomics""]","[""shotgun proteomics""]"
PXD003977,with_methods,technology_type,lin,0.9663632996183132,partial,"[""bottom-up proteomics""]","[""shotgun proteomics""]"
PXD004355,abstract_only,technology_type,lin,1.0,agree,"[""shotgun proteomics""]","[""shotgun proteomics""]"
PXD004682,with_methods,experimental_design,exact,0.0,disagree,"[""case vs control""]","[""tumor vs adjacent lung tissue""]"
PXD004682,with_methods,factor_value,lin,,,"[""tumor vs adjacent lung tissue""]","[""tumor vs adjacent lung tissue""]"
PXD005055,with_methods,biological_replicate,numeric,0.0,agree,"[""2""]","[""2""]"
PXD005055,with_methods,experimental_design,exact,1.0,agree,"[""treated vs control""]","[""treated vs control""]"
PXD005055,with_methods,factor_value,lin,1.0,agree,"[""hyperthermia""]","[""hyperthermia""]"
PXD005055,with_methods,number_of_biological_replicates,numeric,0.0,agree,"[""2""]","[""2""]"
PXD005055,with_methods,number_of_samples,numeric,4.0,disagree,"[""8""]","[""4""]"
PXD005055,with_methods,technology_type,lin,0.9663632996183132,partial,"[""bottom-up proteomics""]","[""shotgun proteomics""]"
PXD005323,with_methods,biological_replicate,numeric,1.0,partial,"[""3""]","[""2""]"
PXD005323,with_methods,experimental_design,exact,1.0,agree,"[""treated vs control""]","[""treated vs control""]"
PXD005323,with_methods,factor_value,lin,0.0,disagree,"[""polysaccharide-treated""]","[""normal vs vcp2-treated""]"
PXD005323,with_methods,number_of_fractions,numeric,0.0,agree,"[""10""]","[""10""]"
PXD005323,with_methods,number_of_biological_replicates,numeric,1.0,partial,"[""3""]","[""2""]"
PXD005323,with_methods,number_of_samples,numeric,2.0,disagree,"[""6""]","[""4""]"
PXD005323,with_methods,technology_type,lin,0.0003945309329985463,disagree,"[""itraq""]","[""shotgun proteomics""]"
PXD005554,with_methods,biological_replicate,numeric,0.0,agree,"[""2""]","[""2""]"
PXD005554,with_methods,experimental_design,exact,1.0,agree,"[""case vs control""]","[""case vs control""]"
PXD005554,with_methods,factor_value,lin,1.0,agree,"[""tumor vs non-tumor""]","[""tumor vs normal""]"
PXD005554,with_methods,number_of_fractions,numeric,0.0,agree,"[""15""]","[""15""]"
PXD005554,with_methods,number_of_biological_replicates,numeric,2.0,disagree,"[""4""]","[""2""]"
PXD005554,with_methods,number_of_samples,numeric,4.0,disagree,"[""4""]","[""8""]"
PXD005554,with_methods,technology_type,lin,0.9663632996183132,partial,"[""bottom-up proteomics""]","[""shotgun proteomics""]"
PXD005755,with_methods,technical_replicate,numeric,0.0,agree,"[""3""]","[""3""]"
PXD005755,with_methods,experimental_design,exact,1.0,agree,"[""case vs control""]","[""case vs control""]"
PXD005755,with_methods,factor_value,lin,0.8793664346775232,partial,"[""t2dm vs non-diabetic control""]","[""diabetic status""]"
PXD005755,with_methods,number_of_technical_replicates,numeric,0.0,agree,"[""3""]","[""3""]"
PXD005755,with_methods,number_of_biological_replicates,numeric,0.0,agree,"[""17""]","[""17""]"
PXD005755,with_methods,number_of_samples,numeric,0.0,agree,"[""17""]","[""17""]"
PXD005755,with_methods,technology_type,lin,1.0,agree,"[""shotgun proteomics""]","[""shotgun proteomics""]"
PXD006178,abstract_only,experimental_design,exact,1.0,agree,"[""treated vs control""]","[""treated vs control""]"
PXD006178,abstract_only,factor_value,lin,1.0,agree,"[""genistein vs control""]","[""genistein""]"
PXD006178,abstract_only,technology_type,lin,1.0,agree,"[""tmt-based quantitative proteomics""]","[""shotgun proteomics""]"
PXD006335,with_methods,experimental_design,exact,1.0,agree,"[""treated vs control""]","[""treated vs control""]"
PXD006335,with_methods,technology_type,lin,1.0,agree,"[""affinity purification coupled with mass spectrometry proteomics""]","[""affinity purification coupled with mass spectrometry proteomics"", ""shotgun proteomics""]"
PXD006465,abstract_only,technology_type,lin,1.0,agree,"[""shotgun proteomics""]","[""gel-based experiment"", ""shotgun proteomics""]"
PXD006572,abstract_only,experimental_design,exact,0.0,disagree,"[""cross-sectional""]","[""case vs control""]"
PXD006572,abstract_only,factor_value,lin,0.0,disagree,"[""age group"", ""disease status""]","[""b-cll cells vs b cells from younger and elderly healthy donors""]"
PXD006572,abstract_only,technology_type,lin,0.9663632996183132,partial,"[""proteomics""]","[""shotgun proteomics""]"
PXD006672,abstract_only,experimental_design,exact,1.0,agree,"[""treated vs control""]","[""treated vs control""]"
PXD006672,abstract_only,factor_value,lin,0.0,disagree,"[""chronic cigarette smoke exposure""]","[""cigarette smoke condensate""]"
PXD006672,abstract_only,technology_type,lin,0.9663632996183132,partial,"[""quantitative phosphoproteomic analysis""]","[""shotgun proteomics"", ""silac""]"
PXD006776,with_methods,biological_replicate,numeric,0.0,agree,"[""6""]","[""6""]"
PXD006776,with_methods,experimental_design,exact,1.0,agree,"[""treated vs control""]","[""treated vs control""]"
PXD006776,with_methods,factor_value,lin,0.0,disagree,"[""low-stage vs high-stage"", ""tumor vs normal""]","[""tumor vs normal mucosa""]"
PXD006776,with_methods,number_of_biological_replicates,numeric,0.0,agree,"[""6""]","[""6""]"
PXD006776,with_methods,number_of_samples,numeric,0.0,agree,"[""12""]","[""12""]"
PXD006776,with_methods,technology_type,lin,0.9663632996183132,partial,"[""bottom-up proteomics""]","[""shotgun proteomics""]"
PXD006911,with_methods,experimental_design,exact,0.0,disagree,"[""case vs control""]","[""treated vs control""]"
PXD006911,with_methods,factor_value,lin,1.0,agree,"[""af vs sr""]","[""af vs sr""]"
PXD006911,with_methods,number_of_biological_replicates,numeric,0.0,agree,"[""62""]","[""62""]"
PXD006911,with_methods,number_of_samples,numeric,0.0,agree,"[""62""]","[""62""]"
PXD006911,with_methods,technology_type,lin,0.0003945309329985463,disagree,"[""itraq""]","[""shotgun proteomics""]"
PXD007153,abstract_only,experimental_design,exact,1.0,agree,"[""treated vs control""]","[""treated vs control""]"
PXD007153,abstract_only,factor_value,lin,1.0,agree,"[""h2o2 treatment""]","[""h2o2 treatment""]"
PXD007153,abstract_only,technology_type,lin,0.9663632996183132,partial,"[""chemoproteomics""]","[""shotgun proteomics""]"
PXD007271,with_methods,experimental_design,exact,1.0,agree,"[""treated vs control""]","[""treated vs control""]"
PXD007271,with_methods,factor_value,lin,0.0,disagree,"[""treatment""]","[""csde1 knockdown""]"
PXD007271,with_methods,technology_type,lin,1.0,agree,"[""affinity purification coupled with mass spectrometry proteomics""]","[""affinity purification coupled with mass spectrometry proteomics""]"
PXD007662,abstract_only,number_of_samples,numeric,42.0,disagree,"[""6""]","[""48""]"
PXD007846,abstract_only,experimental_design,exact,0.0,disagree,"[""treated vs control""]","[""cross-sectional""]"
PXD007846,abstract_only,factor_value,lin,,,"[""edta-plasma vs heparin-plasma""]","[""edta-plasma vs heparin-plasma""]"
PXD007846,abstract_only,number_of_biological_replicates,numeric,0.0,agree,"[""20""]","[""20""]"
PXD007846,abstract_only,number_of_samples,numeric,20.0,disagree,"[""20""]","[""40""]"
PXD007846,abstract_only,technology_type,lin,0.9663632996183132,partial,"[""shotgun proteomics""]","[""bottom-up proteomics""]"
PXD007975,with_methods,experimental_design,exact,0.0,disagree,"[""case vs control""]","[""cross-sectional""]"
PXD007975,with_methods,factor_value,lin,,,"[""healthy vs chb vs hbv-aclf""]","[""healthy control, chb, hbv-aclf""]"
PXD007975,with_methods,number_of_fractions,numeric,0.0,agree,"[""14""]","[""14""]"
PXD007975,with_methods,number_of_biological_replicates,numeric,40.0,disagree,"[""20""]","[""60""]"
PXD007975,with_methods,number_of_samples,numeric,0.0,agree,"[""12""]","[""12""]"
PXD007975,with_methods,technology_type,lin,0.9831816498091566,partial,"[""bottom-up proteomics"", ""itraq-based quantitative proteomics""]","[""shotgun proteomics""]"
PXD008079,abstract_only,experimental_design,exact,1.0,agree,"[""treated vs control""]","[""treated vs control""]"
PXD008079,abstract_only,factor_value,lin,,,"[""past p. falciparum-infected placentas""]","[""infected vs control""]"
PXD008079,abstract_only,technology_type,lin,0.9663632996183132,partial,"[""proteomics""]","[""shotgun proteomics"", ""tmt""]"
PXD008197,abstract_only,technology_type,lin,1.0,agree,"[""affinity purification coupled with mass spectrometry proteomics""]","[""affinity purification coupled with mass spectrometry proteomics""]"
PXD008338,abstract_only,technology_type,lin,1.0,agree,"[""shotgun proteomics""]","[""shotgun proteomics""]"
PXD008493,with_methods,biological_replicate,numeric,0.0,agree,"[""3""]","[""3""]"
PXD008493,with_methods,experimental_design,exact,0.0,disagree,"[""treated vs control""]","[""cross-sectional""]"
PXD008493,with_methods,factor_value,lin,1.79087882642036e-05,disagree,"[""digestion method"", ""tissue type""]","[""sample preparation method""]"
PXD008493,with_methods,number_of_biological_replicates,numeric,0.0,agree,"[""3""]","[""3""]"
PXD008493,with_methods,number_of_samples,numeric,3.0,disagree,"[""9""]","[""12""]"
PXD008493,with_methods,technology_type,lin,1.0,agree,"[""shotgun proteomics"", ""targeted proteomics""]","[""shotgun proteomics"", ""targeted proteomics""]"
PXD008584,with_methods,experimental_design,exact,1.0,agree,"[""time course""]","[""time course""]"
PXD008584,with_methods,factor_value,lin,1.6552695140765584e-05,disagree,"[""scrna21 vs scrambled circrna vs pbs""]","[""time""]"
PXD008584,with_methods,number_of_samples,numeric,0.0,agree,"[""10""]","[""10""]"
PXD008584,with_methods,technology_type,lin,0.0003382729301403422,disagree,"[""tmt labeling proteomics""]","[""shotgun proteomics""]"
PXD008722,with_methods,biological_replicate,numeric,0.0,agree,"[""7""]","[""7""]"
PXD008722,with_methods,technical_replicate,numeric,0.0,agree,"[""0""]","[""0""]"
PXD008722,with_methods,experimental_design,exact,0.0,disagree,"[""cross-sectional""]","[""case vs control""]"
PXD008722,with_methods,factor_value,lin,1.0,agree,"[""cardiac chamber""]","[""cardiac chamber""]"
PXD008722,with_methods,number_of_fractions,numeric,0.0,agree,"[""12""]","[""12""]"
PXD008722,with_methods,number_of_technical_replicates,numeric,0.0,agree,"[""0""]","[""0""]"
PXD008722,with_methods,number_of_biological_replicates,numeric,0.0,agree,"[""7""]","[""7""]"
PXD008722,with_methods,number_of_samples,numeric,0.0,agree,"[""21""]","[""21""]"
PXD008722,with_methods,technology_type,lin,0.9663632996183132,partial,"[""bottom-up proteomics""]","[""shotgun proteomics""]"
PXD008925,with_methods,biological_replicate,numeric,0.0,agree,"[""3""]","[""3""]"
PXD008925,with_methods,experimental_design,exact,1.0,agree,"[""treated vs control""]","[""treated vs control""]"
PXD008925,with_methods,factor_value,lin,,,"[""ve-821 treatment and gamma irradiation""]","[""treatment""]"
PXD008925,with_methods,number_of_fractions,numeric,0.0,agree,"[""22""]","[""22""]"
PXD008925,with_methods,number_of_biological_replicates,numeric,0.0,agree,"[""3""]","[""3""]"
PXD008925,with_methods,number_of_samples,numeric,3.0,disagree,"[""12"", ""6""]","[""3""]"
PXD008925,with_methods,technology_type,lin,1.0,agree,"[""phosphoproteomics"", ""shotgun proteomics""]","[""quantitative proteomics"", ""shotgun proteomics"", ""silac""]"
PXD008992,abstract_only,experimental_design,exact,0.0,disagree,"[""treated vs control""]","[""time course""]"
PXD008992,abstract_only,factor_value,lin,,,"[""gluten-free diet vs gluten provocation""]","[""treatment vs provocation""]"
PXD008992,abstract_only,number_of_biological_replicates,numeric,4.0,disagree,"[""10"", ""4""]","[""14""]"
PXD008992,abstract_only,number_of_samples,numeric,14.0,disagree,"[""14""]","[""28""]"
PXD008992,abstract_only,technology_type,lin,0.9663632996183132,partial,"[""bottom-up proteomics""]","[""shotgun proteomics""]"
PXD009110,abstract_only,technology_type,lin,0.9663632996183132,partial,"[""quantitative proteomics""]","[""shotgun proteomics""]"
PXD009174,abstract_only,experimental_design,exact,1.0,agree,"[""time course"", ""treated vs control""]","[""time course"", ""treated vs control""]"
PXD009174,abstract_only,factor_value,lin,1.676283574196419e-05,disagree,"[""tnf\u03b1 vs il-1\u03b2"", ""treated vs control""]","[""il-1\u03b2"", ""mock"", ""tnf\u03b1""]"
PXD009174,abstract_only,technology_type,lin,1.0,agree,"[""affinity purification coupled with mass spectrometry proteomics"", ""shotgun proteomics""]","[""shotgun proteomics""]"
PXD009254,with_methods,number_of_samples,numeric,0.0,agree,"[""12""]","[""12""]"
PXD009254,with_methods,technology_type,lin,0.9663632996183132,partial,"[""bottom-up proteomics""]","[""shotgun proteomics""]"
PXD009302,abstract_only,technology_type,lin,1.0,agree,"[""affinity purification coupled with mass spectrometry proteomics""]","[""affinity purification coupled with mass spectrometry proteomics"", ""shotgun proteomics""]"
PXD009360,with_methods,experimental_design,exact,0.0,disagree,"[""case vs control""]","[""treated vs control""]"
PXD009360,with_methods,factor_value,lin,2.013354188697118e-05,disagree,"[""sle vs healthy""]","[""treatment""]"
PXD009360,with_methods,number_of_biological_replicates,numeric,3.0,disagree,"[""6"", ""8""]","[""3""]"
PXD009360,with_methods,number_of_samples,numeric,0.0,agree,"[""14""]","[""14""]"
PXD009360,with_methods,technology_type,lin,1.0,agree,"[""affinity purification coupled with mass spectrometry proteomics""]","[""shotgun proteomics""]"
PXD009442,abstract_only,experimental_design,exact,1.0,agree,"[""treated vs control""]","[""treated vs control""]"
PXD009442,abstract_only,factor_value,lin,0.0,disagree,"[""linezolid treatment""]","[""csc and chemoresistant cells""]"
PXD009515,abstract_only,technology_type,lin,1.0,agree,"[""targeted proteomics""]","[""bottom-up proteomics"", ""targeted proteomics""]"
PXD009592,with_methods,experimental_design,exact,1.0,agree,"[""time course""]","[""time course"", ""treated vs control""]"
PXD009592,with_methods,technology_type,lin,0.9663632996183132,partial,"[""top-down proteomics""]","[""affinity purification coupled with mass spectrometry proteomics""]"
PXD009709,with_methods,experimental_design,exact,1.0,agree,"[""case vs control""]","[""case vs control""]"
PXD009709,with_methods,factor_value,lin,1.0,agree,"[""healthy vs proteinuria""]","[""healthy vs proteinuria""]"
PXD009709,with_methods,number_of_biological_replicates,numeric,0.0,agree,"[""5""]","[""5""]"
PXD009709,with_methods,number_of_samples,numeric,0.0,agree,"[""5""]","[""5""]"
PXD009709,with_methods,technology_type,lin,1.0,agree,"[""shotgun proteomics""]","[""shotgun proteomics""]"
PXD009781,abstract_only,experimental_design,exact,1.0,agree,"[""case vs control"", ""cross-sectional""]","[""case vs control""]"
PXD009781,abstract_only,factor_value,lin,1.0,agree,"[""sex""]","[""sex""]"
PXD009781,abstract_only,technology_type,lin,1.0,agree,"[""shotgun proteomics""]","[""shotgun proteomics""]"
PXD009916,abstract_only,technology_type,lin,0.9663632996183132,partial,"[""quantitative proteomics""]","[""shotgun proteomics""]"
PXD009996,abstract_only,experimental_design,exact,1.0,agree,"[""time course""]","[""time course""]"
PXD009996,abstract_only,factor_value,lin,0.10581693361991203,disagree,"[""time""]","[""gefitinib treatment time""]"
PXD009996,abstract_only,technology_type,lin,1.0,agree,"[""discovery phosphoproteomics""]","[""shotgun proteomics""]"
PXD010103,with_methods,biological_replicate,numeric,0.0,agree,"[""2""]","[""2"", ""3""]"
PXD010103,with_methods,experimental_design,exact,1.0,agree,"[""treated vs control""]","[""cross-sectional"", ""treated vs control""]"
PXD010103,with_methods,factor_value,lin,0.0,disagree,"[""ap-4 depletion""]","[""ap4b1 knockout vs control"", ""ap4e1 knockout vs control""]"
PXD010103,with_methods,number_of_biological_replicates,numeric,0.0,agree,"[""3""]","[""2"", ""3""]"
PXD010103,with_methods,number_of_samples,numeric,0.0,agree,"[""9""]","[""6"", ""9""]"
PXD010103,with_methods,technology_type,lin,1.0,agree,"[""shotgun proteomics""]","[""shotgun proteomics""]"
PXD010155,abstract_only,experimental_design,exact,1.0,agree,"[""dose response""]","[""dose response""]"
PXD010155,abstract_only,factor_value,lin,,,"[""induction of galnac-t2 or -t11"", ""knockout background""]","[""doxycycline concentration""]"
PXD010155,abstract_only,technology_type,lin,,,"[""quantitative o-glycoproteomics""]","[""shotgun proteomics""]"
PXD010296,abstract_only,technology_type,lin,0.9663632996183132,partial,"[""bottom-up proteomics""]","[""shotgun proteomics""]"
PXD010516,abstract_only,experimental_design,exact,1.0,agree,"[""treated vs control""]","[""treated vs control""]"
PXD010516,abstract_only,technology_type,lin,0.9663632996183132,partial,"[""bottom-up proteomics""]","[""shotgun proteomics""]"
PXD010634,with_methods,biological_replicate,numeric,0.0,agree,"[""3""]","[""3""]"
PXD010634,with_methods,experimental_design,exact,0.0,disagree,"[""dose response""]","[""treated vs control""]"
PXD010634,with_methods,factor_value,lin,,,"[""dmso, 1 nm or 100 nm imp-1088""]","[""nmt inhibitor dose and labeling method""]"
PXD010634,with_methods,number_of_fractions,numeric,0.0,agree,"[""6""]","[""6""]"
PXD010634,with_methods,number_of_technical_replicates,numeric,0.0,agree,"[""1""]","[""1""]"
PXD010634,with_methods,number_of_biological_replicates,numeric,0.0,agree,"[""3""]","[""3""]"
PXD010634,with_methods,number_of_samples,numeric,9.0,disagree,"[""9""]","[""18""]"
PXD010634,with_methods,technology_type,lin,0.9663632996183132,partial,"[""bottom-up proteomics""]","[""shotgun proteomics""]"
PXD010870,with_methods,factor_value,lin,,,"[""flag-tagged cx43tail""]","[""transfected vs untransfected""]"
PXD010870,with_methods,technology_type,lin,1.0,agree,"[""affinity purification coupled with mass spectrometry proteomics""]","[""affinity purification coupled with mass spectrometry proteomics""]"
PXD011256,with_methods,technology_type,lin,0.43895122933337194,disagree,"[""nano-liquid chromatography-tandem mass spectrometry""]","[""affinity purification coupled with mass spectrometry proteomics""]"
PXD011618,abstract_only,experimental_design,exact,1.0,agree,"[""treated vs control""]","[""treated vs control""]"
PXD011618,abstract_only,factor_value,lin,1.6279461401430464e-05,disagree,"[""er stress vs no er stress""]","[""dmso control"", ""erm-ph-bc"", ""erm-ph-sf"", ""erm-ph-te""]"
PXD011618,abstract_only,technology_type,lin,1.0,agree,"[""shotgun proteomics""]","[""top-down proteomics""]"
PXD015957,with_methods,experimental_design,exact,1.0,agree,"[""treated vs control""]","[""treated vs control""]"
PXD020187,with_methods,experimental_design,exact,1.0,agree,"[""treated vs control""]","[""treated vs control""]"
PXD020187,with_methods,factor_value,lin,,,"[""decetullarization""]","[""native vs decellularized""]"
PXD020187,with_methods,number_of_biological_replicates,numeric,5.0,disagree,"[""10""]","[""5""]"
PXD020187,with_methods,number_of_samples,numeric,0.0,agree,"[""10""]","[""10""]"
PXD020187,with_methods,technology_type,lin,0.9663632996183132,partial,"[""bottom-up proteomics""]","[""shotgun proteomics""]"
PXD028393,with_methods,experimental_design,exact,1.0,agree,"[""treated vs control""]","[""treated vs control""]"
PXD036633,abstract_only,technology_type,lin,0.0,disagree,"[""gel based protein mass spectrometry""]","[""gel-based experiment""]"
PXD046412,abstract_only,experimental_design,exact,1.0,agree,"[""treated vs control""]","[""treated vs control""]"
PXD046412,abstract_only,factor_value,lin,0.0,disagree,"[""experimental vs control""]","[""t2a vs mutt2a""]"
PXD046412,abstract_only,technology_type,lin,1.0,agree,"[""affinity purification coupled with mass spectrometry proteomics""]","[""affinity purification coupled with mass spectrometry proteomics"", ""bottom-up proteomics"", ""data-dependent acquisition""]"
PXD046463,abstract_only,experimental_design,exact,1.0,agree,"[""treated vs control""]","[""treated vs control""]"
PXD046463,abstract_only,factor_value,lin,,,"[""dcaf5 loss vs dcaf5 intact""]","[""dcaf5 loss vs control""]"
PXD046463,abstract_only,technology_type,lin,0.7655179751280377,partial,"[""ubiquitinome proteomics""]","[""bottom-up proteomics""]"
PXD046571,abstract_only,experimental_design,exact,1.0,agree,"[""treated vs control""]","[""treated vs control""]"
PXD046571,abstract_only,technology_type,lin,0.000315760080068027,disagree,"[""silac labeling""]","[""bottom-up proteomics"", ""data-dependent acquisition""]"
PXD046709,abstract_only,technology_type,lin,1.0,agree,"[""targeted proteomics""]","[""targeted proteomics""]"
PXD046760,with_methods,experimental_design,exact,1.0,agree,"[""treated vs control""]","[""treated vs control""]"
PXD046760,with_methods,factor_value,lin,0.8883083500810713,partial,"[""bag6 genotype""]","[""wt vs bag6 ko""]"
PXD046760,with_methods,technology_type,lin,0.0003382729301403422,disagree,"[""shotgun proteomics""]","[""silac""]"
PXD046852,abstract_only,technology_type,lin,1.0,agree,"[""bottom-up proteomics""]","[""bottom-up proteomics"", ""data-dependent acquisition""]"
PXD046995,abstract_only,experimental_design,exact,1.0,agree,"[""treated vs control""]","[""treated vs control""]"
PXD046995,abstract_only,factor_value,lin,0.0,disagree,"[""binder""]","[""binder vs negative control""]"
PXD046995,abstract_only,technology_type,lin,1.0,agree,"[""affinity purification coupled with mass spectrometry proteomics""]","[""affinity purification coupled with mass spectrometry proteomics"", ""bottom-up proteomics""]"
PXD047043,abstract_only,experimental_design,exact,1.0,agree,"[""case vs control""]","[""case vs control""]"
PXD047043,abstract_only,factor_value,lin,,,"[""pdac vs healthy donors vs chronic pancreatitis""]","[""disease state""]"
PXD047043,abstract_only,technology_type,lin,0.7577720172509382,partial,"[""targeted proteomics""]","[""parallel reaction monitoring analysis""]"
PXD047133,abstract_only,experimental_design,exact,1.0,agree,"[""treated vs control""]","[""treated vs control""]"
PXD047133,abstract_only,factor_value,lin,0.0,disagree,"[""detyrosinated vs tyrosinated microtubules""]","[""\u03b1-tubulin detyrosination/tyrosination""]"
PXD047133,abstract_only,technology_type,lin,1.0,agree,"[""bottom-up proteomics""]","[""bottom-up proteomics"", ""data-dependent acquisition""]"
PXD047241,with_methods,technology_type,lin,0.6485936847766305,partial,"[""data-independent acquisition"", ""lc-ms/ms""]","[""bottom-up proteomics"", ""data-dependent acquisition""]"
PXD047386,abstract_only,biological_replicate,numeric,0.0,agree,"[""3""]","[""3""]"
PXD047386,abstract_only,experimental_design,exact,1.0,agree,"[""time course""]","[""time course""]"
PXD047386,abstract_only,factor_value,lin,,,"[""nutrient stimulation time""]","[""nutrient stimulation time"", ""stationary phase""]"
PXD047386,abstract_only,number_of_fractions,numeric,0.0,agree,"[""3""]","[""3""]"
PXD047386,abstract_only,number_of_biological_replicates,numeric,0.0,agree,"[""3""]","[""3""]"
PXD047386,abstract_only,number_of_samples,numeric,18.0,disagree,"[""9""]","[""27""]"
PXD047386,abstract_only,technology_type,lin,0.9349158164193165,partial,"[""label-free quantitative mass spectrometry""]","[""bottom-up proteomics"", ""data-dependent acquisition"", ""gel-based experiment""]"
PXD047527,with_methods,experimental_design,exact,1.0,agree,"[""treated vs control""]","[""treated vs control""]"
PXD047527,with_methods,factor_value,lin,,,"[""dpi vs untreated""]","[""dpi treatment vs control""]"
PXD047527,with_methods,technology_type,lin,1.0,agree,"[""bottom-up proteomics""]","[""bottom-up proteomics""]"
PXD047930,abstract_only,experimental_design,exact,1.0,agree,"[""treated vs control""]","[""treated vs control""]"
PXD047930,abstract_only,technology_type,lin,0.9130020666102265,partial,"[""mass spectrometry""]","[""affinity purification coupled with mass spectrometry proteomics"", ""bottom-up proteomics"", ""dna pull down followed by mass-spectrometry""]"
PXD048034,abstract_only,experimental_design,exact,1.0,agree,"[""case vs control"", ""cross-sectional""]","[""case vs control""]"
PXD048034,abstract_only,technology_type,lin,1.0,agree,"[""targeted proteomics""]","[""bottom-up proteomics"", ""targeted proteomics""]"
PXD048380,with_methods,biological_replicate,numeric,0.0,agree,"[""3""]","[""3""]"
PXD048380,with_methods,factor_value,lin,1.0,agree,"[""native vs denaturing""]","[""native vs denaturing""]"
PXD048380,with_methods,number_of_biological_replicates,numeric,0.0,agree,"[""3""]","[""3""]"
PXD048380,with_methods,technology_type,lin,1.0,agree,"[""bottom-up proteomics""]","[""bottom-up proteomics""]"
PXD048529,abstract_only,experimental_design,exact,1.0,agree,"[""time course""]","[""time course""]"
PXD048529,abstract_only,technology_type,lin,0.8788860086254691,partial,"[""global proteomics"", ""phosphoproteomics""]","[""bottom-up proteomics""]"
PXD048606,abstract_only,experimental_design,exact,1.0,agree,"[""treated vs control""]","[""treated vs control""]"
PXD048606,abstract_only,factor_value,lin,0.0,disagree,"[""gfap mutant vs isogenic corrected control""]","[""gfap r239c mutation vs isogenic corrected control""]"
PXD048606,abstract_only,technology_type,lin,1.0,agree,"[""proteomics""]","[""bottom-up proteomics"", ""data-dependent acquisition"", ""label free""]"
PXD048849,abstract_only,experimental_design,exact,0.0,disagree,"[""treated vs control""]","[""dose response""]"
PXD048849,abstract_only,factor_value,lin,0.14166523978967743,disagree,"[""rab5a/rab2a gtp- vs gdp-bound""]","[""rab2a, rab5a, gtp-bound, gdp-bound, dosage""]"
PXD048849,abstract_only,technology_type,lin,1.0,agree,"[""limited proteolysis-mass spectrometry""]","[""limited proteolysis\u2013mass spectrometry""]"
PXD048938,with_methods,biological_replicate,numeric,21.0,disagree,"[""34"", ""35"", ""36"", ""49""]","[""70""]"
PXD048938,with_methods,experimental_design,exact,0.0,disagree,"[""treated vs control""]","[""case vs control""]"
PXD048938,with_methods,factor_value,lin,,,"[""ba vs ihc""]","[""ba vs ihc""]"
PXD048938,with_methods,number_of_fractions,numeric,0.0,agree,"[""10""]","[""10""]"
PXD048938,with_methods,number_of_biological_replicates,numeric,0.0,agree,"[""70"", ""84""]","[""70""]"
PXD048938,with_methods,number_of_samples,numeric,0.0,agree,"[""70"", ""84""]","[""70""]"
PXD048938,with_methods,technology_type,lin,0.6578645510795593,partial,"[""data-independent acquisition"", ""parallel reaction monitoring""]","[""bottom-up proteomics""]"
PXD049082,abstract_only,technology_type,lin,1.537153570189434e-05,disagree,"[""quantitative multi-omic approaches""]","[""tmt proteomics""]"
PXD049261,abstract_only,experimental_design,exact,1.0,agree,"[""treated vs control""]","[""treated vs control""]"
PXD049261,abstract_only,factor_value,lin,,,"[""mushroom extracts with/without 5-fu""]","[""mushroom extract and 5-fluorouracil treatment""]"
PXD049261,abstract_only,technology_type,lin,0.9663632996183132,partial,"[""targeted proteomics""]","[""shotgun proteomics""]"
PXD049366,with_methods,technology_type,lin,1.0,agree,"[""bottom-up proteomics""]","[""bottom-up proteomics""]"
PXD049795,abstract_only,experimental_design,exact,1.0,agree,"[""case vs control""]","[""case vs control""]"
PXD049795,abstract_only,factor_value,lin,1.4627150416106068e-05,disagree,"[""pr occurrence""]","[""remission status""]"
PXD049795,abstract_only,number_of_samples,numeric,0.0,agree,"[""16""]","[""16""]"
PXD049795,abstract_only,technology_type,lin,0.9663632996183132,partial,"[""shotgun proteomics""]","[""bottom-up proteomics""]"
PXD050279,abstract_only,technology_type,lin,1.0,agree,"[""affinity purification coupled with mass spectrometry proteomics""]","[""affinity purification coupled with mass spectrometry proteomics""]"
PXD050555,abstract_only,experimental_design,exact,1.0,agree,"[""treated vs control""]","[""treated vs control""]"
PXD050555,abstract_only,technology_type,lin,1.0,agree,"[""phosphoproteomics""]","[""phosphoproteomics""]"
PXD050628,abstract_only,experimental_design,exact,1.0,agree,"[""treated vs control""]","[""treated vs control""]"
PXD050628,abstract_only,factor_value,lin,1.4627150416106068e-05,disagree,"[""indoxyl sulfate vs control""]","[""cells vs evs"", ""is treatment vs untreated""]"
PXD050628,abstract_only,technology_type,lin,0.9684835203822864,partial,"[""shotgun proteomics""]","[""bottom-up proteomics"", ""label-free quantification""]"
PXD050950,with_methods,experimental_design,exact,0.0,disagree,"[""treated vs control""]","[""case vs control""]"
PXD050950,with_methods,factor_value,lin,,,"[""wt vs mutants""]","[""pd-1 protein variants""]"
PXD050950,with_methods,technology_type,lin,1.0,agree,"[""bottom-up proteomics""]","[""bottom-up proteomics""]"
PXD051182,abstract_only,experimental_design,exact,1.0,agree,"[""case vs control""]","[""case vs control""]"
PXD051182,abstract_only,factor_value,lin,0.0,disagree,"[""oa degree""]","[""mildly degenerated cartilage vs no degeneration vs end-stage osteoarthritis""]"
PXD051602,with_methods,biological_replicate,numeric,0.0,agree,"[""4""]","[""4""]"
PXD051602,with_methods,experimental_design,exact,1.0,agree,"[""treated vs control""]","[""treated vs control""]"
PXD051602,with_methods,factor_value,lin,0.0,disagree,"[""ccl7 stimulation vs unstimulated""]","[""stimulated vs unstimulated""]"
PXD051602,with_methods,number_of_biological_replicates,numeric,0.0,agree,"[""4""]","[""4""]"
PXD051602,with_methods,number_of_samples,numeric,0.0,agree,"[""8""]","[""8""]"
PXD051602,with_methods,technology_type,lin,1.0,agree,"[""affinity purification coupled with mass spectrometry proteomics""]","[""affinity purification coupled with mass spectrometry proteomics"", ""data-dependent acquisition""]"
PXD051967,abstract_only,technology_type,lin,1.0,agree,"[""affinity purification coupled with mass spectrometry proteomics""]","[""affinity proteomics""]"
PXD052143,abstract_only,experimental_design,exact,0.0,disagree,"[""treated vs control""]","[""cross-sectional""]"
PXD052143,abstract_only,factor_value,lin,0.0,disagree,"[""sex"", ""stress hypersensitivity""]","[""stress-resistant vs stress-sensitive""]"
PXD052143,abstract_only,technology_type,lin,1.0,agree,"[""quantitative proteomics""]","[""bottom-up proteomics"", ""data-dependent acquisition""]"
PXD052306,with_methods,technical_replicate,numeric,0.0,agree,"[""3""]","[""3""]"
PXD052306,with_methods,experimental_design,exact,1.0,agree,"[""dose response""]","[""dose response""]"
PXD052306,with_methods,factor_value,lin,1.0,agree,"[""myrianthic acid concentration""]","[""myrianthic acid concentration""]"
PXD052306,with_methods,number_of_technical_replicates,numeric,0.0,agree,"[""3""]","[""3""]"
PXD052306,with_methods,technology_type,lin,1.0,agree,"[""bottom-up proteomics"", ""targeted proteomics""]","[""bottom-up proteomics"", ""targeted proteomics""]"
PXD052831,abstract_only,experimental_design,exact,1.0,agree,"[""time course""]","[""time course""]"
PXD052831,abstract_only,factor_value,lin,,,"[""24 hours post-infection and 48 hours post-infection""]","[""time post-infection""]"
PXD052831,abstract_only,technology_type,lin,0.7577720172509382,partial,"[""global proteome""]","[""bottom-up proteomics""]"
PXD053043,abstract_only,experimental_design,exact,1.0,agree,"[""treated vs control""]","[""treated vs control""]"
PXD053043,abstract_only,technology_type,lin,1.0,agree,"[""shotgun proteomics""]","[""affinity purification coupled with mass spectrometry proteomics"", ""bottom-up proteomics""]"
PXD053264,with_methods,technology_type,lin,0.7180109777170088,partial,"[""affinity purification coupled with mass spectrometry proteomics"", ""shotgun proteomics""]","[""data-dependent acquisition"", ""data-independent acquisition""]"
PXD053582,with_methods,technical_replicate,numeric,0.0,agree,"[""5""]","[""5""]"
PXD053582,with_methods,experimental_design,exact,0.0,disagree,"[""time course""]","[""treated vs control""]"
PXD053582,with_methods,factor_value,lin,1.0,agree,"[""native vs refolded""]","[""native vs refolded""]"
PXD053582,with_methods,number_of_technical_replicates,numeric,0.0,agree,"[""5""]","[""5""]"
PXD053582,with_methods,number_of_samples,numeric,8.0,disagree,"[""2""]","[""10""]"
PXD053582,with_methods,technology_type,lin,0.72902199017366,partial,"[""cross-linking mass spectrometry"", ""limited proteolysis mass spectrometry""]","[""bottom-up proteomics"", ""chemical cross-linking coupled with mass spectrometry proteomics"", ""data-dependent acquisition""]"
PXD053866,abstract_only,experimental_design,exact,1.0,agree,"[""treated vs control""]","[""treated vs control""]"
PXD053866,abstract_only,factor_value,lin,,,"[""cytotoxic stress, scd1 inhibition""]","[""treatment""]"
PXD053866,abstract_only,technology_type,lin,1.0,agree,"[""proteomics""]","[""bottom-up proteomics"", ""data-dependent acquisition""]"
PXD054300,abstract_only,experimental_design,exact,0.0,disagree,"[""cross-sectional""]","[""treated vs control""]"
PXD054300,abstract_only,factor_value,lin,,,"[""l36-flag vs s17-flag""]","[""ribo-flag ip vs rapidash""]"
PXD054300,abstract_only,number_of_samples,numeric,4.0,disagree,"[""2""]","[""6""]"
PXD054300,abstract_only,technology_type,lin,0.9349158164193165,partial,"[""label-free proteomics""]","[""bottom-up proteomics""]"
PXD054671,abstract_only,experimental_design,exact,0.0,disagree,"[""case vs control""]","[""treated vs control""]"
PXD054671,abstract_only,technology_type,lin,1.0,agree,"[""targeted proteomics""]","[""bottom-up proteomics""]"
PXD055192,with_methods,technology_type,lin,1.0,agree,"[""affinity purification coupled with mass spectrometry proteomics"", ""shotgun proteomics""]","[""bottom-up proteomics"", ""dia-based full proteome profiling""]"
PXD055923,abstract_only,technology_type,lin,1.0,agree,"[""bottom-up proteomics""]","[""bottom-up proteomics""]"
PXD056446,with_methods,experimental_design,exact,1.0,agree,"[""treated vs control""]","[""treated vs control""]"
PXD056446,with_methods,factor_value,lin,1.0,agree,"[""ha-chk1-wt or ha-chk1-kd""]","[""ha-chk1-wt vs ha-chk1-kd""]"
PXD056446,with_methods,technology_type,lin,0.4748406056606574,disagree,"[""mass spectrometry""]","[""bottom-up proteomics""]"
PXD056535,abstract_only,experimental_design,exact,1.0,agree,"[""treated vs control""]","[""treated vs control""]"
PXD056535,abstract_only,technology_type,lin,1.0,agree,"[""shotgun proteomics""]","[""affinity purification coupled with mass spectrometry proteomics"", ""data-independent acquisition""]"
PXD056695,with_methods,experimental_design,exact,1.0,agree,"[""treated vs control""]","[""treated vs control""]"
PXD056695,with_methods,factor_value,lin,1.4627150416106068e-05,disagree,"[""control"", ""np treatment""]","[""untreated or treated with nps""]"
PXD056695,with_methods,technology_type,lin,1.0,agree,"[""bottom-up proteomics""]","[""bottom-up proteomics""]"
PXD056789,with_methods,experimental_design,exact,1.0,agree,"[""case vs control""]","[""case vs control""]"
PXD056789,with_methods,factor_value,lin,0.1761079547809774,disagree,"[""tumor vs non-tumor""]","[""aaa vs healthy""]"
PXD056789,with_methods,number_of_fractions,numeric,0.0,agree,"[""5""]","[""5""]"
PXD056789,with_methods,number_of_biological_replicates,numeric,0.0,agree,"[""9""]","[""9""]"
PXD056789,with_methods,number_of_samples,numeric,0.0,agree,"[""18""]","[""18""]"
PXD056789,with_methods,technology_type,lin,1.0,agree,"[""bottom-up proteomics""]","[""bottom-up proteomics""]"
PXD057192,abstract_only,experimental_design,exact,0.0,disagree,"[""time course""]","[""longitudinal""]"
PXD057192,abstract_only,factor_value,lin,0.8277681435479768,partial,"[""age""]","[""developmental stage""]"
PXD057192,abstract_only,technology_type,lin,0.9663632996183132,partial,"[""shotgun proteomics""]","[""bottom-up proteomics""]"
PXD057347,abstract_only,technology_type,lin,1.0,agree,"[""targeted proteomics""]","[""targeted proteomics""]"
PXD057576,abstract_only,experimental_design,exact,1.0,agree,"[""treated vs control""]","[""treated vs control""]"
PXD057576,abstract_only,factor_value,lin,0.0,disagree,"[""10 gy irradiation"", ""cell line"", ""culture conditions""]","[""10 gy irradiation""]"
PXD057576,abstract_only,technology_type,lin,1.0,agree,"[""label-free mass spectrometry""]","[""bottom-up proteomics"", ""label-free quantification""]"
PXD057778,with_methods,biological_replicate,numeric,0.0,agree,"[""3""]","[""3""]"
PXD057778,with_methods,experimental_design,exact,1.0,agree,"[""treated vs control""]","[""treated vs control""]"
PXD057778,with_methods,factor_value,lin,,,"[""protac 19 vs dmso""]","[""protac treatment vs dmso control""]"
PXD057778,with_methods,number_of_fractions,numeric,0.0,agree,"[""8""]","[""8""]"
PXD057778,with_methods,technology_type,lin,1.0,agree,"[""bottom-up proteomics""]","[""bottom-up proteomics""]"
PXD057859,with_methods,number_of_biological_replicates,numeric,0.0,agree,"[""2""]","[""2""]"
PXD057859,with_methods,technology_type,lin,1.0,agree,"[""discovery proteomics"", ""targeted proteomics""]","[""bottom-up proteomics"", ""shotgun proteomics"", ""targeted proteomics""]"
PXD058024,with_methods,biological_replicate,numeric,0.0,agree,"[""3""]","[""3""]"
PXD058024,with_methods,technical_replicate,numeric,0.0,agree,"[""3""]","[""3""]"
PXD058024,with_methods,experimental_design,exact,1.0,agree,"[""treated vs control""]","[""treated vs control""]"
PXD058024,with_methods,factor_value,lin,1.0,agree,"[""pml kd vs wt""]","[""pml kd vs wt""]"
PXD058024,with_methods,number_of_technical_replicates,numeric,0.0,agree,"[""3""]","[""3""]"
PXD058024,with_methods,number_of_biological_replicates,numeric,0.0,agree,"[""3""]","[""3""]"
PXD058024,with_methods,technology_type,lin,1.0,agree,"[""bottom-up proteomics""]","[""bottom-up proteomics""]"
PXD058160,abstract_only,technology_type,lin,1.0,agree,"[""bottom-up proteomics""]","[""bottom-up proteomics""]"
PXD058308,abstract_only,experimental_design,exact,1.0,agree,"[""treated vs control""]","[""treated vs control""]"
PXD058308,abstract_only,factor_value,lin,0.0029967711560042946,disagree,"[""cell type""]","[""monocyte differentiation into macrophages and dendritic cells""]"
PXD058308,abstract_only,technology_type,lin,0.6643250731464201,partial,"[""shotgun proteomics""]","[""data-dependent acquisition"", ""tmt""]"
PXD058384,abstract_only,technology_type,lin,0.9663632996183132,partial,"[""affinity purification coupled with mass spectrometry proteomics""]","[""bottom-up proteomics""]"
PXD058481,abstract_only,experimental_design,exact,1.0,agree,"[""case vs control""]","[""case vs control""]"
PXD058481,abstract_only,factor_value,lin,,,"[""npdr vs pdr vs nvg""]","[""disease stage""]"
PXD058481,abstract_only,technology_type,lin,0.9663632996183132,partial,"[""shotgun proteomics""]","[""bottom-up proteomics"", ""targeted proteomics""]"
PXD058567,with_methods,experimental_design,exact,1.0,agree,"[""treated vs control""]","[""treated vs control""]"
PXD058567,with_methods,factor_value,lin,1.0,agree,"[""tm, 6-tg""]","[""tm vs 6-tg vs control""]"
PXD058567,with_methods,number_of_biological_replicates,numeric,1.0,partial,"[""3""]","[""2""]"
PXD058567,with_methods,technology_type,lin,1.0,agree,"[""bottom-up proteomics""]","[""affinity purification coupled with mass spectrometry proteomics"", ""bottom-up proteomics"", ""data-dependent acquisition""]"
PXD058621,abstract_only,experimental_design,exact,1.0,agree,"[""case vs control""]","[""case vs control""]"
PXD058621,abstract_only,factor_value,lin,1.0,agree,"[""cerebral malaria vs uncomplicated malaria""]","[""cerebral malaria vs uncomplicated malaria""]"
PXD058716,abstract_only,biological_replicate,numeric,0.0,agree,"[""2""]","[""2""]"
PXD058716,abstract_only,technical_replicate,numeric,0.0,agree,"[""2""]","[""2""]"
PXD058716,abstract_only,experimental_design,exact,1.0,agree,"[""dose response""]","[""dose response""]"
PXD058716,abstract_only,factor_value,lin,1.0,agree,"[""idrb-probe-2 concentration""]","[""idrb-probe-2 concentration""]"
PXD058716,abstract_only,number_of_biological_replicates,numeric,0.0,agree,"[""2""]","[""2""]"
PXD058716,abstract_only,number_of_samples,numeric,0.0,agree,"[""14""]","[""14""]"
PXD058716,abstract_only,technology_type,lin,1.0,agree,"[""chemoproteomics""]","[""chemoproteomics""]"
PXD058802,abstract_only,technology_type,lin,1.0,agree,"[""affinity purification coupled with mass spectrometry proteomics""]","[""shotgun proteomics""]"
PXD058913,with_methods,biological_replicate,numeric,0.0,agree,"[""3""]","[""3""]"
PXD058913,with_methods,experimental_design,exact,1.0,agree,"[""dose response""]","[""dose response""]"
PXD058913,with_methods,factor_value,lin,,,"[""no treatment vs 50 vs 150 vs 300 mg/ml"", ""wild-type vs pdr5\u03b4""]","[""bpa dose"", ""wild-type vs pdr5\u03b4""]"
PXD058913,with_methods,number_of_fractions,numeric,0.0,agree,"[""24""]","[""24""]"
PXD058913,with_methods,number_of_biological_replicates,numeric,21.0,disagree,"[""24""]","[""3""]"
PXD058913,with_methods,number_of_samples,numeric,12.0,disagree,"[""24""]","[""12""]"
PXD058913,with_methods,technology_type,lin,0.9663632996183132,partial,"[""shotgun proteomics""]","[""bottom-up proteomics""]"
PXD059044,abstract_only,technology_type,lin,0.9663632996183132,partial,"[""affinity purification coupled with mass spectrometry proteomics""]","[""bottom-up proteomics""]"
PXD059428,with_methods,biological_replicate,numeric,0.0,agree,"[""3""]","[""3"", ""7""]"
PXD059428,with_methods,technical_replicate,numeric,0.0,agree,"[""3""]","[""3""]"
PXD059428,with_methods,experimental_design,exact,1.0,agree,"[""treated vs control""]","[""treated vs control""]"
PXD059428,with_methods,factor_value,lin,0.0,disagree,"[""minch, rosiglitazone, gw9662, solvent""]","[""minch vs solvent""]"
PXD059428,with_methods,number_of_technical_replicates,numeric,0.0,agree,"[""3""]","[""3""]"
PXD059428,with_methods,number_of_biological_replicates,numeric,1.0,partial,"[""3""]","[""4""]"
PXD059428,with_methods,technology_type,lin,1.0,agree,"[""bottom-up proteomics""]","[""bottom-up proteomics"", ""data-dependent acquisition""]"
PXD059565,abstract_only,technology_type,lin,1.0,agree,"[""shotgun proteomics""]","[""shotgun proteomics""]"
PXD059671,with_methods,experimental_design,exact,1.0,agree,"[""treated vs control""]","[""treated vs control""]"
PXD059671,with_methods,technology_type,lin,0.9663632996183132,partial,"[""shotgun proteomics""]","[""bottom-up proteomics""]"
PXD059881,abstract_only,experimental_design,exact,1.0,agree,"[""treated vs control""]","[""treated vs control""]"
PXD059881,abstract_only,factor_value,lin,,,"[""irradiation or replication inhibition""]","[""aph"", ""genotype"", ""hydroxyurea"", ""irradiation"", ""treatment""]"
PXD059881,abstract_only,technology_type,lin,1.0,agree,"[""affinity purification coupled with mass spectrometry proteomics""]","[""affinity purification coupled with mass spectrometry proteomics""]"
PXD059966,abstract_only,experimental_design,exact,0.0,disagree,"[""time course""]","[""treated vs control""]"
PXD059966,abstract_only,technology_type,lin,1.0,agree,"[""shotgun proteomics""]","[""bottom-up proteomics"", ""shotgun proteomics""]"
PXD060045,with_methods,experimental_design,exact,1.0,agree,"[""treated vs control""]","[""treated vs control""]"
PXD060045,with_methods,factor_value,lin,0.0,disagree,"[""treatment""]","[""dhhc9 knockdown vs control""]"
PXD060045,with_methods,technology_type,lin,0.9663632996183132,partial,"[""affinity purification coupled with mass spectrometry proteomics""]","[""bottom-up proteomics""]"
PXD060457,abstract_only,technology_type,lin,0.9663632996183132,partial,"[""affinity purification coupled with mass spectrometry proteomics""]","[""bottom-up proteomics""]"
PXD060675,with_methods,experimental_design,exact,1.0,agree,"[""treated vs control""]","[""treated vs control""]"
PXD060675,with_methods,factor_value,lin,,,"[""rankl stimulated vs unstimulated""]","[""rankl stimulation""]"
PXD060675,with_methods,number_of_samples,numeric,0.0,agree,"[""2""]","[""2""]"
PXD060675,with_methods,technology_type,lin,1.0,agree,"[""affinity purification coupled with mass spectrometry proteomics""]","[""affinity purification coupled with mass spectrometry proteomics""]"
PXD060795,abstract_only,experimental_design,exact,1.0,agree,"[""time course""]","[""time course""]"
PXD060795,abstract_only,technology_type,lin,1.0,agree,"[""bottom-up proteomics""]","[""bottom-up proteomics""]"
PXD060852,with_methods,biological_replicate,numeric,0.0,agree,"[""4""]","[""4""]"
PXD060852,with_methods,experimental_design,exact,1.0,agree,"[""treated vs control""]","[""treated vs control""]"
PXD060852,with_methods,factor_value,lin,,,"[""dss vs naive""]","[""dss vs control""]"
PXD060852,with_methods,number_of_fractions,numeric,0.0,agree,"[""6""]","[""6""]"
PXD060852,with_methods,number_of_biological_replicates,numeric,0.0,agree,"[""4""]","[""4""]"
PXD060852,with_methods,number_of_samples,numeric,0.0,agree,"[""8""]","[""8""]"
PXD060852,with_methods,technology_type,lin,0.5000077895732795,partial,"[""bottom-up proteomics"", ""n-terminomics""]","[""bottom-up proteomics""]"
PXD060912,with_methods,experimental_design,exact,1.0,agree,"[""treated vs control""]","[""treated vs control""]"
PXD060912,with_methods,number_of_biological_replicates,numeric,0.0,agree,"[""4""]","[""4""]"
PXD060912,with_methods,technology_type,lin,0.9663632996183132,partial,"[""affinity purification coupled with mass spectrometry proteomics""]","[""bottom-up proteomics""]"
PXD060980,with_methods,experimental_design,exact,1.0,agree,"[""time course"", ""treated vs control""]","[""treated vs control""]"
PXD060980,with_methods,factor_value,lin,,,"[""6-ohda""]","[""6-ohda treatment""]"
PXD060980,with_methods,number_of_fractions,numeric,0.0,agree,"[""17""]","[""17""]"
PXD060980,with_methods,number_of_biological_replicates,numeric,1.0,partial,"[""4""]","[""3""]"
PXD060980,with_methods,number_of_samples,numeric,0.0,agree,"[""10""]","[""10""]"
PXD060980,with_methods,technology_type,lin,0.9663632996183132,partial,"[""shotgun proteomics""]","[""bottom-up proteomics""]"
PXD061073,with_methods,biological_replicate,numeric,0.0,agree,"[""4""]","[""3"", ""4""]"
PXD061073,with_methods,experimental_design,exact,1.0,agree,"[""treated vs control""]","[""treated vs control""]"
PXD061073,with_methods,factor_value,lin,1.0,agree,"[""time point 3 days vs 8 days"", ""vehicle vs plx4720 treatment""]","[""dmso vs plx4720""]"
PXD061073,with_methods,number_of_biological_replicates,numeric,0.0,agree,"[""4""]","[""4""]"
PXD061073,with_methods,number_of_samples,numeric,0.0,agree,"[""64""]","[""64""]"
PXD061073,with_methods,technology_type,lin,0.4213844077135661,disagree,"[""bottom-up proteomics""]","[""data-independent acquisition (dia) liquid-chromatography mass spectrometry (lc-ms)""]"
PXD061173,with_methods,technology_type,lin,0.45804398034732,disagree,"[""cross-linking mass spectrometry""]","[""bottom-up proteomics"", ""data-dependent acquisition""]"
PXD061285,with_methods,experimental_design,exact,1.0,agree,"[""treated vs control""]","[""treated vs control""]"
PXD061285,with_methods,factor_value,lin,1.0,agree,"[""treatment""]","[""treatment""]"
PXD061285,with_methods,technology_type,lin,1.0,agree,"[""affinity purification coupled with mass spectrometry proteomics""]","[""affinity purification coupled with mass spectrometry proteomics"", ""bottom-up proteomics""]"
PXD061570,with_methods,experimental_design,exact,1.0,agree,"[""time course""]","[""time course""]"
PXD061570,with_methods,factor_value,lin,1.0,agree,"[""time""]","[""time point""]"
PXD061570,with_methods,technology_type,lin,1.0,agree,"[""bottom-up proteomics""]","[""bottom-up proteomics""]"
PXD061620,abstract_only,experimental_design,exact,1.0,agree,"[""case vs control""]","[""case vs control""]"
PXD061620,abstract_only,factor_value,lin,1.0,agree,"[""alzheimer's disease vs control""]","[""ad patients vs controls""]"
PXD061620,abstract_only,technology_type,lin,0.9663632996183132,partial,"[""shotgun proteomics""]","[""bottom-up proteomics""]"
PXD061696,with_methods,experimental_design,exact,1.0,agree,"[""treated vs control""]","[""case vs control"", ""treated vs control""]"
PXD061696,with_methods,factor_value,lin,,,"[""ifn-\u03b3 treatment vs vehicle control""]","[""treatment"", ""tumour vs noncancerous""]"
PXD061696,with_methods,number_of_fractions,numeric,0.0,agree,"[""20""]","[""20""]"
PXD061696,with_methods,number_of_samples,numeric,6.0,disagree,"[""30""]","[""24""]"
PXD061696,with_methods,technology_type,lin,1.0,agree,"[""bottom-up proteomics""]","[""bottom-up proteomics""]"
PXD061806,abstract_only,technology_type,lin,0.9663632996183132,partial,"[""affinity purification coupled with mass spectrometry proteomics""]","[""bottom-up proteomics"", ""tmt""]"
PXD062254,abstract_only,technology_type,lin,0.9831816498091566,partial,"[""palaeoproteomics"", ""shotgun proteomics""]","[""bottom-up proteomics""]"
PXD062353,abstract_only,number_of_samples,numeric,1.0,partial,"[""1""]","[""2""]"
PXD062353,abstract_only,technology_type,lin,1.0,agree,"[""shotgun proteomics""]","[""shotgun proteomics""]"
PXD062452,abstract_only,experimental_design,exact,1.0,agree,"[""treated vs control""]","[""treated vs control""]"
PXD062452,abstract_only,technology_type,lin,1.0,agree,"[""bottom-up proteomics""]","[""bottom-up proteomics""]"
PXD062630,abstract_only,number_of_biological_replicates,numeric,0.0,agree,"[""33""]","[""33""]"
PXD062630,abstract_only,number_of_samples,numeric,0.0,agree,"[""33""]","[""33""]"
PXD062630,abstract_only,technology_type,lin,1.0,agree,"[""lc-ms/ms""]","[""bottom-up proteomics"", ""label-free quantification""]"
PXD062785,with_methods,technical_replicate,numeric,0.0,agree,"[""3"", ""4""]","[""3""]"
PXD062785,with_methods,experimental_design,exact,1.0,agree,"[""dose response""]","[""dose response""]"
PXD062785,with_methods,factor_value,lin,1.0,agree,"[""spiked-in concentration""]","[""spiked-in concentrations""]"
PXD062785,with_methods,number_of_fractions,numeric,0.0,agree,"[""2""]","[""2""]"
PXD062785,with_methods,number_of_technical_replicates,numeric,0.0,agree,"[""3"", ""4""]","[""3""]"
PXD062785,with_methods,number_of_samples,numeric,60.0,disagree,"[""75""]","[""15""]"
PXD062785,with_methods,technology_type,lin,1.0,agree,"[""dia proteomics""]","[""bottom-up proteomics""]"
PXD062943,abstract_only,experimental_design,exact,1.0,agree,"[""time course""]","[""time course""]"
PXD062943,abstract_only,factor_value,lin,0.0,disagree,"[""time""]","[""nigericin treatment time""]"
PXD062943,abstract_only,technology_type,lin,1.0,agree,"[""phosphoproteomics""]","[""phosphoproteomics"", ""shotgun proteomics""]"
PXD063058,with_methods,experimental_design,exact,1.0,agree,"[""case vs control""]","[""case vs control""]"
PXD063058,with_methods,factor_value,lin,1.0,agree,"[""a\u03b2+/tau+ vs a\u03b2+/tau-"", ""a\u03b2+/tau+ vs a\u03b2+/tau- vs non-ad controls""]","[""ad patients with high csf tau, ad patients with normal csf tau, non-ad controls""]"
PXD063058,with_methods,number_of_biological_replicates,numeric,0.0,agree,"[""138""]","[""138""]"
PXD063058,with_methods,number_of_samples,numeric,0.0,agree,"[""138""]","[""138""]"
PXD063058,with_methods,technology_type,lin,1.0,agree,"[""dia proteomics""]","[""dia proteomics""]"
PXD063325,abstract_only,technology_type,lin,1.0,agree,"[""proteomics""]","[""bottom-up proteomics"", ""label-free quantification""]"
PXD063479,with_methods,experimental_design,exact,1.0,agree,"[""treated vs control""]","[""treated vs control""]"
PXD063479,with_methods,factor_value,lin,0.0,disagree,"[""d-cys treatment""]","[""d-cys""]"
PXD063479,with_methods,number_of_fractions,numeric,0.0,agree,"[""12""]","[""12""]"
PXD063479,with_methods,technology_type,lin,0.9831816498091566,partial,"[""bottom-up proteomics"", ""shotgun proteomics""]","[""shotgun proteomics""]"
PXD063964,abstract_only,technical_replicate,numeric,0.0,agree,"[""3""]","[""3""]"
PXD063964,abstract_only,factor_value,lin,0.30793777450602866,disagree,"[""column type""]","[""cell line""]"
PXD063964,abstract_only,number_of_technical_replicates,numeric,0.0,agree,"[""3""]","[""3""]"
PXD063964,abstract_only,number_of_biological_replicates,numeric,3.0,disagree,"[""6""]","[""3""]"
PXD063964,abstract_only,number_of_samples,numeric,12.0,disagree,"[""18""]","[""6""]"
PXD063964,abstract_only,technology_type,lin,0.9663632996183132,partial,"[""shotgun proteomics""]","[""bottom-up proteomics"", ""tmt""]"
PXD064016,with_methods,experimental_design,exact,1.0,agree,"[""treated vs control""]","[""treated vs control""]"
PXD064016,with_methods,factor_value,lin,,,"[""treatment (bsa, pa, oa, pa+oa)""]","[""bsa alone, pa alone, oa alone, or pa + oa""]"
PXD064016,with_methods,technology_type,lin,1.0,agree,"[""dia proteomics""]","[""dia proteomics""]"
PXD064146,abstract_only,technology_type,lin,1.0,agree,"[""dia mass spectrometry""]","[""dia mass spectrometry""]"
PXD064560,with_methods,experimental_design,exact,1.0,agree,"[""treated vs control""]","[""treated vs control""]"
PXD064560,with_methods,factor_value,lin,1.0,agree,"[""cacybp/sip expression vs control""]","[""cacybp/sip overexpression vs control""]"
PXD064560,with_methods,number_of_technical_replicates,numeric,0.0,agree,"[""3""]","[""3""]"
PXD064560,with_methods,technology_type,lin,1.0,agree,"[""affinity purification coupled with mass spectrometry proteomics""]","[""affinity purification coupled with mass spectrometry proteomics""]"
PXD064850,with_methods,experimental_design,exact,1.0,agree,"[""treated vs control""]","[""treated vs control""]"
PXD064850,with_methods,factor_value,lin,1.7576390555917382e-05,disagree,"[""treatment""]","[""cholesterol treatment""]"
PXD064850,with_methods,technology_type,lin,0.9663632996183132,partial,"[""bottom-up proteomics""]","[""shotgun proteomics""]"
PXD065042,with_methods,technology_type,lin,1.0,agree,"[""affinity purification coupled with mass spectrometry proteomics""]","[""affinity purification coupled with mass spectrometry proteomics""]"
PXD065453,with_methods,technology_type,lin,1.0,agree,"[""bottom-up proteomics""]","[""bottom-up proteomics""]"
PXD065702,with_methods,biological_replicate,numeric,0.0,agree,"[""4""]","[""4""]"
PXD065702,with_methods,technical_replicate,numeric,3.0,disagree,"[""2""]","[""5""]"
PXD065702,with_methods,experimental_design,exact,1.0,agree,"[""case vs control"", ""treated vs control""]","[""treated vs control""]"
PXD065702,with_methods,factor_value,lin,1.0,agree,"[""dark vs low light"", ""wt vs 2cpab""]","[""dark vs low light""]"
PXD065702,with_methods,number_of_fractions,numeric,0.0,agree,"[""14""]","[""14""]"
PXD065702,with_methods,number_of_technical_replicates,numeric,3.0,disagree,"[""2""]","[""5""]"
PXD065702,with_methods,number_of_biological_replicates,numeric,0.0,agree,"[""4""]","[""4""]"
PXD065702,with_methods,number_of_samples,numeric,0.0,agree,"[""16""]","[""16""]"
PXD065702,with_methods,technology_type,lin,1.0,agree,"[""bottom-up proteomics""]","[""bottom-up proteomics"", ""spear""]"
PXD066010,with_methods,biological_replicate,numeric,0.0,agree,"[""10""]","[""10""]"
PXD066010,with_methods,experimental_design,exact,1.0,agree,"[""treated vs control""]","[""case vs control"", ""treated vs control""]"
PXD066010,with_methods,factor_value,lin,0.0,disagree,"[""adsorption technique, material""]","[""bf vs bc"", ""\u03b2-tcp vs pcl""]"
PXD066010,with_methods,number_of_biological_replicates,numeric,0.0,agree,"[""10""]","[""10""]"
PXD066010,with_methods,technology_type,lin,1.0,agree,"[""bottom-up proteomics""]","[""bottom-up proteomics""]"
PXD066215,abstract_only,technology_type,lin,1.0,agree,"[""affinity purification coupled with mass spectrometry proteomics""]","[""affinity purification coupled with mass spectrometry proteomics""]"
PXD066614,abstract_only,experimental_design,exact,0.0,disagree,"[""case vs control""]","[""treated vs control""]"
PXD066614,abstract_only,factor_value,lin,0.7031429704876443,partial,"[""unaffected vs 16p11.2 deletion vs duplication""]","[""16p11.2 copy number variation""]"
PXD066614,abstract_only,technology_type,lin,1.0,agree,"[""quantitative phosphoproteomics""]","[""bottom-up proteomics""]"
PXD067200,abstract_only,experimental_design,exact,1.0,agree,"[""time course""]","[""time course""]"
PXD067200,abstract_only,factor_value,lin,1.4627150416106068e-05,disagree,"[""regeneration phase""]","[""time""]"
PXD067200,abstract_only,technology_type,lin,1.0,agree,"[""bottom-up proteomics""]","[""bottom-up proteomics"", ""data-dependent acquisition""]"
PXD067414,abstract_only,technology_type,lin,0.7062809209785724,partial,"[""mass spectrometry""]","[""bottom-up proteomics"", ""data-independent acquisition""]"
PXD067649,abstract_only,technology_type,lin,1.0,agree,"[""targeted proteomics""]","[""bottom-up proteomics"", ""shotgun proteomics""]"
PXD068004,with_methods,experimental_design,exact,1.0,agree,"[""case vs control""]","[""case vs control""]"
PXD068004,with_methods,factor_value,lin,1.0,agree,"[""ctnnb1 mutated vs wild type""]","[""ctnnb1 mutated vs wild type""]"
PXD068004,with_methods,number_of_fractions,numeric,0.0,agree,"[""8""]","[""8""]"
PXD068004,with_methods,number_of_biological_replicates,numeric,0.0,agree,"[""10""]","[""10""]"
PXD068004,with_methods,number_of_samples,numeric,0.0,agree,"[""10""]","[""10""]"
PXD068004,with_methods,technology_type,lin,0.9663632996183132,partial,"[""shotgun proteomics""]","[""bottom-up proteomics""]"
PXD068392,with_methods,biological_replicate,numeric,0.0,agree,"[""6""]","[""6""]"
PXD068392,with_methods,experimental_design,exact,1.0,agree,"[""treated vs control""]","[""treated vs control""]"
PXD068392,with_methods,factor_value,lin,,,"[""trnamistranslating variants vs control""]","[""mistranslating trna variants""]"
PXD068392,with_methods,number_of_biological_replicates,numeric,0.0,agree,"[""6""]","[""6""]"
PXD068392,with_methods,number_of_samples,numeric,0.0,agree,"[""24""]","[""24""]"
PXD068392,with_methods,technology_type,lin,0.9663632996183132,partial,"[""shotgun proteomics""]","[""bottom-up proteomics""]"
PXD068664,with_methods,technology_type,lin,1.0,agree,"[""affinity purification coupled with mass spectrometry proteomics""]","[""affinity purification coupled with mass spectrometry proteomics""]"
PXD069058,abstract_only,technology_type,lin,1.0,agree,"[""mass spectrometry-based immunopeptidomics""]","[""affinity purification coupled with mass spectrometry proteomics""]"
PXD070409,abstract_only,experimental_design,exact,1.0,agree,"[""treated vs control""]","[""treated vs control""]"
PXD070409,abstract_only,technology_type,lin,1.0,agree,"[""affinity purification coupled with mass spectrometry proteomics""]","[""affinity purification coupled with mass spectrometry proteomics"", ""bottom-up proteomics"", ""data-dependent acquisition""]"
PXD000072,abstract_only,experimental_design,exact,1.0,agree,"[""treated vs control""]","[""treated vs control""]"
PXD000072,abstract_only,factor_value,lin,0.0,disagree,"[""platelet activation""]","[""mock vs stimulated""]"
PXD000072,abstract_only,technology_type,lin,1.0,agree,"[""bottom-up proteomics""]","[""bottom-up proteomics""]"
PXD000533,abstract_only,number_of_samples,numeric,0.0,agree,"[""3""]","[""3""]"
PXD000533,abstract_only,technology_type,lin,1.0,agree,"[""bottom-up proteomics""]","[""bottom-up proteomics""]"
PXD001068,abstract_only,experimental_design,exact,1.0,agree,"[""treated vs control""]","[""treated vs control""]"
PXD001068,abstract_only,factor_value,lin,,,"[""senescent vs cycling""]","[""3 days"", ""9 days"", ""brafv600e and cebp/b shrna"", ""brafv600e transfection only"", ""control transfection""]"
PXD001068,abstract_only,technology_type,lin,0.9663632996183132,partial,"[""proteomics""]","[""shotgun proteomics""]"
PXD001357,with_methods,biological_replicate,numeric,6.0,disagree,"[""92""]","[""98""]"
PXD001357,with_methods,experimental_design,exact,1.0,agree,"[""cross-sectional""]","[""cross-sectional""]"
PXD001357,with_methods,factor_value,lin,0.07991215423058269,disagree,"[""population origin""]","[""milk product consumption""]"
PXD001357,with_methods,number_of_biological_replicates,numeric,6.0,disagree,"[""92""]","[""98""]"
PXD001357,with_methods,number_of_samples,numeric,6.0,disagree,"[""92""]","[""98""]"
PXD001357,with_methods,technology_type,lin,1.0,agree,"[""shotgun proteomics""]","[""shotgun proteomics""]"
PXD001421,abstract_only,technology_type,lin,0.9663632996183132,partial,"[""bottom-up proteomics""]","[""shotgun proteomics""]"
PXD001609,abstract_only,technology_type,lin,0.9663632996183132,partial,"[""targeted proteomics""]","[""shotgun proteomics""]"
PXD002057,with_methods,biological_replicate,numeric,0.0,agree,"[""3""]","[""3""]"
PXD002057,with_methods,experimental_design,exact,1.0,agree,"[""treated vs control""]","[""treated vs control""]"
PXD002057,with_methods,factor_value,lin,0.0,disagree,"[""resistant vs parental""]","[""azd8931 resistance""]"
PXD002057,with_methods,number_of_biological_replicates,numeric,0.0,agree,"[""3""]","[""3""]"
PXD002057,with_methods,number_of_samples,numeric,0.0,agree,"[""6""]","[""6""]"
PXD002057,with_methods,technology_type,lin,0.9663632996183132,partial,"[""bottom-up proteomics""]","[""shotgun proteomics""]"
PXD002437,with_methods,experimental_design,exact,1.0,agree,"[""case vs control""]","[""case vs control""]"
PXD002437,with_methods,factor_value,lin,1.0,agree,"[""ips vs infectious lung injury""]","[""ips vs infectious lung injury""]"
PXD002437,with_methods,number_of_fractions,numeric,0.0,agree,"[""15""]","[""15""]"
PXD002437,with_methods,number_of_samples,numeric,0.0,agree,"[""30""]","[""30""]"
PXD002437,with_methods,technology_type,lin,0.0003382729301403422,disagree,"[""itraq 2dlc-ms/ms""]","[""shotgun proteomics""]"
PXD002842,abstract_only,technology_type,lin,1.0,agree,"[""shotgun proteomics""]","[""shotgun proteomics""]"
PXD003120,with_methods,experimental_design,exact,1.0,agree,"[""treated vs control""]","[""treated vs control""]"
PXD003120,with_methods,factor_value,lin,,,"[""silats1/2 vs control""]","[""silats1/2 vs control""]"
PXD003120,with_methods,technology_type,lin,0.9663632996183132,partial,"[""targeted proteomics""]","[""affinity purification coupled with mass spectrometry proteomics""]"
PXD003296,with_methods,biological_replicate,numeric,0.0,agree,"[""2""]","[""2""]"
PXD003296,with_methods,technical_replicate,numeric,1.0,partial,"[""2""]","[""1""]"
PXD003296,with_methods,experimental_design,exact,1.0,agree,"[""treated vs control""]","[""treated vs control""]"
PXD003296,with_methods,factor_value,lin,1.5579146559050186e-05,disagree,"[""control vs tnf\u03b1"", ""normal vs mesenchymal""]","[""treatment, genotype, condition""]"
PXD003296,with_methods,number_of_fractions,numeric,0.0,agree,"[""60""]","[""60""]"
PXD003296,with_methods,number_of_technical_replicates,numeric,1.0,partial,"[""2""]","[""1""]"
PXD003296,with_methods,number_of_biological_replicates,numeric,0.0,agree,"[""2""]","[""2""]"
PXD003296,with_methods,number_of_samples,numeric,0.0,agree,"[""8""]","[""8""]"
PXD003296,with_methods,technology_type,lin,0.9663632996183132,partial,"[""quantitative phosphoproteomics""]","[""shotgun proteomics""]"
PXD003410,abstract_only,biological_replicate,numeric,4.0,disagree,"[""3""]","[""7""]"
PXD003410,abstract_only,experimental_design,exact,1.0,agree,"[""treated vs control""]","[""treated vs control""]"
PXD003410,abstract_only,factor_value,lin,0.11605237068623217,disagree,"[""inflammatory activation""]","[""interleukin 1-\u03b2 stimulation""]"
PXD003410,abstract_only,number_of_fractions,numeric,0.0,agree,"[""3""]","[""3""]"
PXD003410,abstract_only,number_of_biological_replicates,numeric,4.0,disagree,"[""3""]","[""7""]"
PXD003410,abstract_only,number_of_samples,numeric,15.0,disagree,"[""6""]","[""21""]"
PXD003410,abstract_only,technology_type,lin,1.0,agree,"[""bottom-up proteomics""]","[""bottom-up proteomics""]"
PXD003498,with_methods,technical_replicate,numeric,0.0,agree,"[""3""]","[""3""]"
PXD003498,with_methods,factor_value,lin,0.005848970319949168,disagree,"[""treatment""]","[""influenza a virus strains""]"
PXD003498,with_methods,number_of_fractions,numeric,0.0,agree,"[""3""]","[""3""]"
PXD003498,with_methods,number_of_technical_replicates,numeric,0.0,agree,"[""3""]","[""3""]"
PXD003498,with_methods,technology_type,lin,0.9663632996183132,partial,"[""bottom-up proteomics""]","[""shotgun proteomics""]"
PXD003660,abstract_only,experimental_design,exact,1.0,agree,"[""time course""]","[""time course""]"
PXD003660,abstract_only,factor_value,lin,0.17634952583096408,disagree,"[""growth factor concentration and time""]","[""egf concentration"", ""time point""]"
PXD003660,abstract_only,technology_type,lin,0.9663632996183132,partial,"[""targeted proteomics""]","[""imac"", ""shotgun proteomics"", ""tmt""]"
PXD004001,abstract_only,experimental_design,exact,0.0,disagree,"[""cross-sectional""]","[""case vs control""]"
PXD004001,abstract_only,number_of_biological_replicates,numeric,36.0,disagree,"[""60""]","[""24""]"
PXD004001,abstract_only,number_of_samples,numeric,36.0,disagree,"[""60""]","[""24""]"
PXD004001,abstract_only,technology_type,lin,0.0003945309329985463,disagree,"[""itraq""]","[""shotgun proteomics""]"
PXD004363,abstract_only,technology_type,lin,0.896214379709145,partial,"[""peptidomics"", ""proteomics""]","[""shotgun proteomics""]"
PXD004683,with_methods,biological_replicate,numeric,0.0,agree,"[""8""]","[""8""]"
PXD004683,with_methods,experimental_design,exact,1.0,agree,"[""treated vs control""]","[""treated vs control""]"
PXD004683,with_methods,factor_value,lin,,,"[""tumor vs adjacent lung tissue""]","[""tumor vs adjacent lung tissue""]"
PXD004683,with_methods,number_of_fractions,numeric,0.0,agree,"[""12""]","[""12""]"
PXD004683,with_methods,number_of_biological_replicates,numeric,0.0,agree,"[""8""]","[""8""]"
PXD004683,with_methods,number_of_samples,numeric,0.0,agree,"[""8""]","[""8""]"
PXD004683,with_methods,technology_type,lin,1.0,agree,"[""bottom-up proteomics""]","[""bottom-up proteomics""]"
PXD005154,with_methods,experimental_design,exact,1.0,agree,"[""treated vs control""]","[""treated vs control""]"
PXD005154,with_methods,factor_value,lin,,,"[""malat1 pull-down vs antisense control""]","[""control vs malat1 pull-down""]"
PXD005154,with_methods,number_of_fractions,numeric,0.0,agree,"[""10""]","[""10""]"
PXD005154,with_methods,number_of_technical_replicates,numeric,0.0,agree,"[""2""]","[""2""]"
PXD005154,with_methods,number_of_biological_replicates,numeric,0.0,agree,"[""3""]","[""3""]"
PXD005154,with_methods,number_of_samples,numeric,3.0,disagree,"[""6""]","[""3""]"
PXD005154,with_methods,technology_type,lin,1.0,agree,"[""affinity purification coupled with mass spectrometry proteomics""]","[""affinity purification coupled with mass spectrometry proteomics""]"
PXD005354,with_methods,experimental_design,exact,1.0,agree,"[""cross-sectional""]","[""cross-sectional""]"
PXD005354,with_methods,number_of_fractions,numeric,0.0,agree,"[""24""]","[""24""]"
PXD005354,with_methods,number_of_biological_replicates,numeric,0.0,agree,"[""65""]","[""65""]"
PXD005354,with_methods,number_of_samples,numeric,0.0,agree,"[""65""]","[""65""]"
PXD005354,with_methods,technology_type,lin,0.9663632996183132,partial,"[""bottom-up proteomics""]","[""shotgun proteomics""]"
PXD005590,with_methods,experimental_design,exact,1.0,agree,"[""dose response""]","[""dose response""]"
PXD005590,with_methods,factor_value,lin,1.0,agree,"[""spike-in level""]","[""spike-in level""]"
PXD005590,with_methods,number_of_technical_replicates,numeric,0.0,agree,"[""4""]","[""4""]"
PXD005590,with_methods,number_of_biological_replicates,numeric,0.0,agree,"[""4""]","[""4""]"
PXD005590,with_methods,number_of_samples,numeric,0.0,agree,"[""20""]","[""20""]"
PXD005590,with_methods,technology_type,lin,0.9663632996183132,partial,"[""bottom-up proteomics""]","[""shotgun proteomics""]"
PXD006371,with_methods,number_of_fractions,numeric,0.0,agree,"[""40""]","[""40""]"
PXD006371,with_methods,number_of_biological_replicates,numeric,0.0,agree,"[""8""]","[""8""]"
PXD006371,with_methods,number_of_samples,numeric,0.0,agree,"[""8""]","[""5"", ""8""]"
PXD006371,with_methods,technology_type,lin,1.0,agree,"[""bottom-up proteomics""]","[""bottom-up proteomics"", ""gel-based experiment""]"
PXD006675,with_methods,biological_replicate,numeric,0.0,agree,"[""3""]","[""3""]"
PXD006675,with_methods,experimental_design,exact,1.0,agree,"[""cross-sectional""]","[""cross-sectional""]"
PXD006675,with_methods,factor_value,lin,0.23407823409152057,disagree,"[""cardiac cell types"", ""healthy heart regions""]","[""anatomical region""]"
PXD006675,with_methods,number_of_fractions,numeric,0.0,agree,"[""8""]","[""8""]"
PXD006675,with_methods,number_of_biological_replicates,numeric,0.0,agree,"[""3""]","[""3""]"
PXD006675,with_methods,number_of_samples,numeric,0.0,agree,"[""16""]","[""16""]"
PXD006675,with_methods,technology_type,lin,1.0,agree,"[""shotgun proteomics""]","[""shotgun proteomics""]"
PXD006788,with_methods,technology_type,lin,0.9663632996183132,partial,"[""bottom-up proteomics""]","[""affinity purification coupled with mass spectrometry proteomics""]"
PXD007049,abstract_only,technology_type,lin,1.0,agree,"[""affinity purification coupled with mass spectrometry proteomics""]","[""affinity purification coupled with mass spectrometry proteomics"", ""shotgun proteomics""]"
PXD007160,with_methods,experimental_design,exact,0.0,disagree,"[""case vs control""]","[""cross-sectional""]"
PXD007160,with_methods,factor_value,lin,0.3272281711646922,disagree,"[""disease state""]","[""brain region"", ""disease status""]"
PXD007160,with_methods,number_of_fractions,numeric,0.0,agree,"[""21"", ""44""]","[""21""]"
PXD007160,with_methods,number_of_technical_replicates,numeric,0.0,agree,"[""1""]","[""1""]"
PXD007160,with_methods,number_of_biological_replicates,numeric,40.0,disagree,"[""40""]","[""80""]"
PXD007160,with_methods,number_of_samples,numeric,0.0,agree,"[""40"", ""80""]","[""80""]"
PXD007160,with_methods,technology_type,lin,1.0,agree,"[""shotgun proteomics""]","[""shotgun proteomics""]"
PXD007515,abstract_only,technology_type,lin,1.0,agree,"[""affinity purification coupled with mass spectrometry proteomics""]","[""affinity purification coupled with mass spectrometry proteomics"", ""shotgun proteomics""]"
PXD007671,with_methods,factor_value,lin,,,"[""parental cell vs pkm2 ko cell""]","[""pkm2 knockout vs wild type""]"
PXD007671,with_methods,number_of_fractions,numeric,0.0,agree,"[""10""]","[""10""]"
PXD007671,with_methods,technology_type,lin,0.9663632996183132,partial,"[""bottom-up proteomics""]","[""shotgun proteomics""]"
PXD007744,abstract_only,experimental_design,exact,0.0,disagree,"[""cross-sectional""]","[""case vs control""]"
PXD007744,abstract_only,factor_value,lin,1.0,agree,"[""treg vs tconv""]","[""treg vs tconv""]"
PXD007744,abstract_only,technology_type,lin,0.9663632996183132,partial,"[""proteomics""]","[""shotgun proteomics""]"
PXD007873,abstract_only,experimental_design,exact,0.0,disagree,"[""case vs control""]","[""treated vs control""]"
PXD007873,abstract_only,factor_value,lin,0.09143047038586363,disagree,"[""als and ftld vs control""]","[""disease subtype""]"
PXD007873,abstract_only,technology_type,lin,1.0,agree,"[""affinity purification coupled with mass spectrometry proteomics""]","[""shotgun proteomics""]"
PXD008115,with_methods,biological_replicate,numeric,0.0,agree,"[""3""]","[""3""]"
PXD008115,with_methods,experimental_design,exact,1.0,agree,"[""treated vs control""]","[""case vs control"", ""treated vs control""]"
PXD008115,with_methods,factor_value,lin,1.0,agree,"[""wt vs mettl13 ko""]","[""unmodified vs methylated"", ""wt vs mettl13 ko""]"
PXD008115,with_methods,number_of_fractions,numeric,0.0,agree,"[""46""]","[""46""]"
PXD008115,with_methods,number_of_biological_replicates,numeric,0.0,agree,"[""3""]","[""3""]"
PXD008115,with_methods,number_of_samples,numeric,3.0,disagree,"[""6""]","[""3""]"
PXD008115,with_methods,technology_type,lin,1.0,agree,"[""bottom-up proteomics""]","[""affinity purification coupled with mass spectrometry proteomics"", ""bottom-up proteomics""]"
PXD008381,with_methods,number_of_fractions,numeric,3.0,disagree,"[""51""]","[""48""]"
PXD008381,with_methods,technology_type,lin,1.0,agree,"[""shotgun proteomics""]","[""shotgun proteomics""]"
PXD008601,with_methods,experimental_design,exact,0.0,disagree,"[""treated vs control""]","[""case vs control""]"
PXD008601,with_methods,factor_value,lin,0.0,disagree,"[""healthy vs disease-susceptible""]","[""medieval vs modern""]"
PXD008601,with_methods,number_of_fractions,numeric,0.0,agree,"[""12""]","[""12""]"
PXD008601,with_methods,number_of_biological_replicates,numeric,0.0,agree,"[""22""]","[""22""]"
PXD008601,with_methods,number_of_samples,numeric,0.0,agree,"[""22""]","[""22""]"
PXD008601,with_methods,technology_type,lin,1.0,agree,"[""shotgun proteomics""]","[""shotgun proteomics""]"
PXD008723,with_methods,technical_replicate,numeric,0.0,agree,"[""3""]","[""3""]"
PXD008723,with_methods,experimental_design,exact,1.0,agree,"[""treated vs control""]","[""treated vs control""]"
PXD008723,with_methods,factor_value,lin,0.43478111548589055,disagree,"[""early stage vs late stage cervical cancer and healthy epithelium""]","[""tumor vs normal""]"
PXD008723,with_methods,number_of_technical_replicates,numeric,0.0,agree,"[""3""]","[""3""]"
PXD008723,with_methods,number_of_biological_replicates,numeric,0.0,agree,"[""11"", ""13"", ""35""]","[""35""]"
PXD008723,with_methods,number_of_samples,numeric,0.0,agree,"[""35""]","[""35""]"
PXD008723,with_methods,technology_type,lin,0.9831816498091566,partial,"[""bottom-up proteomics"", ""shotgun proteomics""]","[""shotgun proteomics""]"
PXD008933,abstract_only,technology_type,lin,0.9130020666102265,partial,"[""mass spectrometry""]","[""affinity purification coupled with mass spectrometry proteomics""]"
PXD008996,with_methods,experimental_design,exact,0.0,disagree,"[""treated vs control""]","[""dose response""]"
PXD008996,with_methods,factor_value,lin,1.7576390555917382e-05,disagree,"[""treatment""]","[""don dose""]"
PXD008996,with_methods,technology_type,lin,1.0,agree,"[""bottom-up proteomics""]","[""bottom-up proteomics""]"
PXD009112,with_methods,experimental_design,exact,0.0,disagree,"[""treated vs control""]","[""case vs control""]"
PXD009112,with_methods,factor_value,lin,0.500008177969226,partial,"[""nivolumab vs control"", ""sle vs healthy""]","[""sle vs healthy""]"
PXD009112,with_methods,number_of_biological_replicates,numeric,3.0,disagree,"[""3""]","[""6"", ""8""]"
PXD009112,with_methods,number_of_samples,numeric,0.0,agree,"[""14""]","[""14""]"
PXD009112,with_methods,technology_type,lin,0.48318919388250864,disagree,"[""mapp"", ""proteomics""]","[""shotgun proteomics""]"
PXD009181,with_methods,experimental_design,exact,0.0,disagree,"[""case vs control""]","[""treated vs control""]"
PXD009181,with_methods,number_of_biological_replicates,numeric,11.0,disagree,"[""14""]","[""3""]"
PXD009181,with_methods,number_of_samples,numeric,0.0,agree,"[""14""]","[""14""]"
PXD009181,with_methods,technology_type,lin,1.0,agree,"[""shotgun proteomics""]","[""shotgun proteomics""]"
PXD009265,with_methods,experimental_design,exact,0.0,disagree,"[""treated vs control""]","[""cross-sectional""]"
PXD009265,with_methods,factor_value,lin,,,"[""yfgm knockout vs wt""]","[""species""]"
PXD009265,with_methods,number_of_fractions,numeric,0.0,agree,"[""20"", ""45""]","[""20"", ""45""]"
PXD009265,with_methods,number_of_samples,numeric,0.0,agree,"[""4""]","[""4""]"
PXD009265,with_methods,technology_type,lin,1.0,agree,"[""shotgun proteomics""]","[""shotgun proteomics""]"
PXD009310,abstract_only,biological_replicate,numeric,0.0,agree,"[""32""]","[""32""]"
PXD009310,abstract_only,number_of_biological_replicates,numeric,0.0,agree,"[""32""]","[""32""]"
PXD009310,abstract_only,number_of_samples,numeric,0.0,agree,"[""32""]","[""32""]"
PXD009310,abstract_only,technology_type,lin,0.9663632996183132,partial,"[""bottom-up proteomics""]","[""label-free quantitative proteomics"", ""shotgun proteomics""]"
PXD009366,abstract_only,experimental_design,exact,1.0,agree,"[""treated vs control""]","[""treated vs control""]"
PXD009366,abstract_only,factor_value,lin,1.4627150416106068e-05,disagree,"[""resting vs tnf stimulation""]","[""tnf stimulation""]"
PXD009366,abstract_only,technology_type,lin,1.0,agree,"[""affinity purification coupled with mass spectrometry proteomics""]","[""affinity purification coupled with mass spectrometry proteomics""]"
PXD009444,abstract_only,technology_type,lin,0.0003382729301403422,disagree,"[""whole proteome analysis""]","[""shotgun proteomics""]"
PXD009553,with_methods,biological_replicate,numeric,0.0,agree,"[""2""]","[""2""]"
PXD009553,with_methods,technical_replicate,numeric,0.0,agree,"[""3""]","[""3""]"
PXD009553,with_methods,experimental_design,exact,1.0,agree,"[""treated vs control""]","[""treated vs control""]"
PXD009553,with_methods,factor_value,lin,,,"[""treatment, cell line""]","[""chalcone treatment vs vehicle control""]"
PXD009553,with_methods,number_of_technical_replicates,numeric,0.0,agree,"[""3""]","[""3""]"
PXD009553,with_methods,number_of_biological_replicates,numeric,0.0,agree,"[""2""]","[""2""]"
PXD009553,with_methods,number_of_samples,numeric,8.0,disagree,"[""4""]","[""12""]"
PXD009553,with_methods,technology_type,lin,0.9663632996183132,partial,"[""quantitative proteomics""]","[""shotgun proteomics""]"
PXD009596,with_methods,number_of_fractions,numeric,16.0,disagree,"[""32""]","[""16""]"
PXD009596,with_methods,number_of_samples,numeric,39.0,disagree,"[""40""]","[""1""]"
PXD009596,with_methods,technology_type,lin,0.9663632996183132,partial,"[""metaproteomics""]","[""shotgun proteomics""]"
PXD009716,abstract_only,technology_type,lin,0.9663632996183132,partial,"[""glycopeptide proteomics""]","[""shotgun proteomics""]"
PXD009784,abstract_only,biological_replicate,numeric,0.0,agree,"[""12""]","[""12""]"
PXD009784,abstract_only,experimental_design,exact,1.0,agree,"[""case vs control""]","[""case vs control""]"
PXD009784,abstract_only,factor_value,lin,0.0,disagree,"[""nephronophthisis vs control""]","[""patients vs controls""]"
PXD009784,abstract_only,number_of_biological_replicates,numeric,0.0,agree,"[""24""]","[""24""]"
PXD009784,abstract_only,number_of_samples,numeric,0.0,agree,"[""24""]","[""24""]"
PXD009784,abstract_only,technology_type,lin,1.0,agree,"[""label-free lc-ms/ms proteomics""]","[""label-free lc-ms/ms proteomics"", ""shotgun proteomics""]"
PXD009868,abstract_only,biological_replicate,numeric,0.0,agree,"[""22""]","[""22""]"
PXD009868,abstract_only,experimental_design,exact,1.0,agree,"[""case vs control""]","[""case vs control""]"
PXD009868,abstract_only,factor_value,lin,0.09203397128546571,disagree,"[""tumor vs non-tumor""]","[""bone metastasis vs primary""]"
PXD009868,abstract_only,number_of_biological_replicates,numeric,0.0,agree,"[""22""]","[""22""]"
PXD009868,abstract_only,number_of_samples,numeric,0.0,agree,"[""22""]","[""22""]"
PXD009868,abstract_only,technology_type,lin,0.9663632996183132,partial,"[""quantitative proteomics""]","[""shotgun proteomics""]"
PXD009917,abstract_only,experimental_design,exact,1.0,agree,"[""treated vs control""]","[""treated vs control""]"
PXD009917,abstract_only,factor_value,lin,,,"[""nad decrease""]","[""nad levels decreased by cd38 overexpression or fk866 treatment""]"
PXD009917,abstract_only,technology_type,lin,0.9663632996183132,partial,"[""quantitative proteomics""]","[""shotgun proteomics""]"
PXD010005,abstract_only,technology_type,lin,0.9663632996183132,partial,"[""peptide-based proteomic screen""]","[""shotgun proteomics"", ""srm/mrm""]"
PXD010122,abstract_only,technology_type,lin,0.7530469022095906,partial,"[""affinity purification coupled with mass spectrometry proteomics""]","[""chemical cross-linking coupled with mass spectrometry proteomics""]"
PXD010202,with_methods,technical_replicate,numeric,0.0,agree,"[""3""]","[""3""]"
PXD010202,with_methods,experimental_design,exact,1.0,agree,"[""treated vs control""]","[""treated vs control""]"
PXD010202,with_methods,factor_value,lin,,,"[""pwwp2a pulldowns vs input control""]","[""gfp vs gfp-tagged pwwp2a""]"
PXD010202,with_methods,number_of_technical_replicates,numeric,0.0,agree,"[""3""]","[""3""]"
PXD010202,with_methods,number_of_biological_replicates,numeric,0.0,agree,"[""3""]","[""3""]"
PXD010202,with_methods,technology_type,lin,1.0,agree,"[""label-free quantitative proteomics""]","[""affinity purification coupled with mass spectrometry proteomics"", ""label-free quantitative mass spectrometry""]"
PXD010361,with_methods,biological_replicate,numeric,0.0,agree,"[""3""]","[""3""]"
PXD010361,with_methods,experimental_design,exact,1.0,agree,"[""treated vs control""]","[""treated vs control""]"
PXD010361,with_methods,factor_value,lin,0.0,disagree,"[""ehec infection""]","[""ehec infection vs no infection""]"
PXD010361,with_methods,number_of_biological_replicates,numeric,0.0,agree,"[""3""]","[""3""]"
PXD010361,with_methods,technology_type,lin,1.0,agree,"[""shotgun proteomics""]","[""affinity purification coupled with mass spectrometry proteomics"", ""shotgun proteomics""]"
PXD010520,abstract_only,experimental_design,exact,1.0,agree,"[""treated vs control""]","[""treated vs control""]"
PXD010520,abstract_only,factor_value,lin,1.0,agree,"[""arsenite-induced stress vs control""]","[""arsenite stress""]"
PXD010520,abstract_only,technology_type,lin,1.0,agree,"[""affinity purification coupled with mass spectrometry proteomics""]","[""affinity purification coupled with mass spectrometry proteomics"", ""chemical cross-linking coupled with mass spectrometry proteomics"", ""shotgun proteomics""]"
PXD010690,abstract_only,biological_replicate,numeric,0.0,agree,"[""5""]","[""5""]"
PXD010690,abstract_only,technical_replicate,numeric,0.0,agree,"[""3""]","[""3""]"
PXD010690,abstract_only,number_of_fractions,numeric,0.0,agree,"[""15""]","[""15""]"
PXD010690,abstract_only,number_of_technical_replicates,numeric,0.0,agree,"[""3""]","[""3""]"
PXD010690,abstract_only,number_of_biological_replicates,numeric,0.0,agree,"[""5""]","[""5""]"
PXD010690,abstract_only,number_of_samples,numeric,0.0,agree,"[""5""]","[""5""]"
PXD010690,abstract_only,technology_type,lin,1.0,agree,"[""bottom-up proteomics"", ""targeted proteomics""]","[""bottom-up proteomics""]"
PXD010941,with_methods,biological_replicate,numeric,0.0,agree,"[""2""]","[""2""]"
PXD010941,with_methods,experimental_design,exact,1.0,agree,"[""treated vs control""]","[""treated vs control""]"
PXD010941,with_methods,factor_value,lin,1.0,agree,"[""uv irradiation""]","[""dmog vs dmso"", ""uv vs no uv""]"
PXD010941,with_methods,number_of_biological_replicates,numeric,0.0,agree,"[""2""]","[""2""]"
PXD010941,with_methods,technology_type,lin,1.0,agree,"[""affinity purification coupled with mass spectrometry proteomics""]","[""shotgun proteomics""]"
PXD011146,abstract_only,technology_type,lin,0.9663632996183132,partial,"[""chemical proteomics""]","[""shotgun proteomics""]"
PXD011301,with_methods,technology_type,lin,0.9663632996183132,partial,"[""targeted proteomics""]","[""affinity purification coupled with mass spectrometry proteomics""]"
PXD011839,with_methods,technical_replicate,numeric,0.0,agree,"[""3""]","[""3""]"
PXD011839,with_methods,number_of_fractions,numeric,0.0,agree,"[""24""]","[""24""]"
PXD011839,with_methods,number_of_technical_replicates,numeric,0.0,agree,"[""3""]","[""3""]"
PXD011839,with_methods,number_of_samples,numeric,0.0,agree,"[""48""]","[""48""]"
PXD011839,with_methods,technology_type,lin,0.9663632996183132,partial,"[""bottom-up proteomics""]","[""shotgun proteomics""]"
PXD016199,with_methods,biological_replicate,numeric,0.0,agree,"[""118""]","[""118""]"
PXD016199,with_methods,experimental_design,exact,1.0,agree,"[""cross-sectional""]","[""cross-sectional""]"
PXD016199,with_methods,factor_value,lin,1.0,agree,"[""age group""]","[""age group""]"
PXD016199,with_methods,number_of_fractions,numeric,0.0,agree,"[""18""]","[""18""]"
PXD016199,with_methods,number_of_biological_replicates,numeric,0.0,agree,"[""118""]","[""118""]"
PXD016199,with_methods,number_of_samples,numeric,0.0,agree,"[""118""]","[""118""]"
PXD016199,with_methods,technology_type,lin,0.0003382729301403422,disagree,"[""tmt-lc-ms/ms""]","[""shotgun proteomics""]"
PXD020192,abstract_only,experimental_design,exact,1.0,agree,"[""cross-sectional""]","[""cross-sectional""]"
PXD020192,abstract_only,number_of_samples,numeric,0.0,agree,"[""117""]","[""117""]"
PXD020192,abstract_only,technology_type,lin,0.9684835203822864,partial,"[""label-free proteomics""]","[""bottom-up proteomics"", ""shotgun proteomics""]"
PXD029400,with_methods,biological_replicate,numeric,3.0,disagree,"[""4""]","[""1""]"
PXD029400,with_methods,technology_type,lin,0.9663632996183132,partial,"[""bottom-up proteomics""]","[""shotgun proteomics""]"
PXD037340,abstract_only,technology_type,lin,0.8601106865743511,partial,"[""dia"", ""label-free quantification""]","[""shotgun proteomics""]"
PXD046413,abstract_only,experimental_design,exact,1.0,agree,"[""treated vs control""]","[""treated vs control""]"
PXD046413,abstract_only,factor_value,lin,,,"[""t2a self-cleaving peptide vs non-cleaving mutant""]","[""t2a vs mutt2a""]"
PXD046413,abstract_only,technology_type,lin,1.0,agree,"[""affinity purification coupled with mass spectrometry proteomics""]","[""affinity purification coupled with mass spectrometry proteomics"", ""bottom-up proteomics""]"
PXD046497,with_methods,biological_replicate,numeric,0.0,agree,"[""3""]","[""3""]"
PXD046497,with_methods,experimental_design,exact,1.0,agree,"[""treated vs control""]","[""treated vs control""]"
PXD046497,with_methods,factor_value,lin,1.7576390555917382e-05,disagree,"[""sept6 vs sept6-4kr with rid-wt or rid-ca vs vector control""]","[""treatment""]"
PXD046497,with_methods,number_of_biological_replicates,numeric,0.0,agree,"[""3""]","[""3""]"
PXD046497,with_methods,number_of_samples,numeric,3.0,disagree,"[""3""]","[""6""]"
PXD046497,with_methods,technology_type,lin,1.0,agree,"[""affinity purification coupled with mass spectrometry proteomics""]","[""affinity purification coupled with mass spectrometry proteomics""]"
PXD046582,abstract_only,experimental_design,exact,0.0,disagree,"[""treated vs control""]","[""case vs control""]"
PXD046582,abstract_only,factor_value,lin,0.500007313575208,partial,"[""crushed vs not crushed"", ""wt vs hdac8 knock out""]","[""lesion vs no lesion"", ""wt vs hdac8 knock out""]"
PXD046582,abstract_only,number_of_biological_replicates,numeric,0.0,agree,"[""4""]","[""4""]"
PXD046582,abstract_only,number_of_samples,numeric,0.0,agree,"[""4""]","[""4""]"
PXD046582,abstract_only,technology_type,lin,1.0,agree,"[""affinity purification coupled with mass spectrometry proteomics""]","[""affinity purification coupled with mass spectrometry proteomics"", ""bottom-up proteomics""]"
PXD046711,abstract_only,experimental_design,exact,0.0,disagree,"[""treated vs control""]","[""case vs control""]"
PXD046711,abstract_only,factor_value,lin,1.7848358116560758e-05,disagree,"[""treated vs control""]","[""cscc vs bcc""]"
PXD046711,abstract_only,number_of_biological_replicates,numeric,1.0,partial,"[""3""]","[""2""]"
PXD046711,abstract_only,number_of_samples,numeric,82.0,disagree,"[""41""]","[""123""]"
PXD046711,abstract_only,technology_type,lin,0.9663632996183132,partial,"[""shotgun proteomics""]","[""bottom-up proteomics""]"
PXD046855,abstract_only,technology_type,lin,0.000315760080068027,disagree,"[""disulfide mapping""]","[""affinity purification coupled with mass spectrometry proteomics""]"
PXD046996,with_methods,experimental_design,exact,1.0,agree,"[""treated vs control""]","[""case vs control"", ""treated vs control""]"
PXD046996,with_methods,factor_value,lin,,,"[""prmt5 antibody vs igg control"", ""prmt5 sirna vs control sirna""]","[""gsk inhibitor vs dmso"", ""prmt5 antibody vs igg control"", ""prmt5 sirna vs control sirna""]"
PXD046996,with_methods,number_of_technical_replicates,numeric,0.0,agree,"[""3""]","[""3""]"
PXD046996,with_methods,number_of_samples,numeric,0.0,agree,"[""12""]","[""12""]"
PXD046996,with_methods,technology_type,lin,1.0,agree,"[""affinity purification coupled with mass spectrometry proteomics""]","[""affinity purification coupled with mass spectrometry proteomics"", ""targeted proteomics""]"
PXD047134,with_methods,experimental_design,exact,1.0,agree,"[""treated vs control""]","[""treated vs control""]"
PXD047134,with_methods,factor_value,lin,1.0747611907587631e-05,disagree,"[""control"", ""ipd"", ""pd-gba""]","[""treatment, genotype, condition""]"
PXD047134,with_methods,number_of_biological_replicates,numeric,42.0,disagree,"[""63""]","[""21""]"
PXD047134,with_methods,number_of_samples,numeric,0.0,agree,"[""299""]","[""299""]"
PXD047134,with_methods,technology_type,lin,0.9663632996183132,partial,"[""bottom-up proteomics"", ""targeted proteomics""]","[""shotgun proteomics""]"
PXD047261,abstract_only,technology_type,lin,0.9663632996183132,partial,"[""shotgun proteomics""]","[""bottom-up proteomics"", ""data-dependent acquisition""]"
PXD047412,abstract_only,experimental_design,exact,1.0,agree,"[""time course""]","[""time course""]"
PXD047412,abstract_only,technology_type,lin,1.0,agree,"[""proteomics""]","[""affinity purification coupled with mass spectrometry proteomics"", ""bottom-up proteomics"", ""data-independent acquisition""]"
PXD047528,abstract_only,experimental_design,exact,1.0,agree,"[""case vs control""]","[""case vs control""]"
PXD047528,abstract_only,technology_type,lin,0.9663632996183132,partial,"[""shotgun proteomics""]","[""dia proteomics""]"
PXD047844,abstract_only,technology_type,lin,0.9663632996183132,partial,"[""shotgun proteomics""]","[""bottom-up proteomics"", ""data-dependent acquisition""]"
PXD047936,with_methods,experimental_design,exact,1.0,agree,"[""treated vs control""]","[""treated vs control""]"
PXD047936,with_methods,factor_value,lin,1.0,agree,"[""apical vs basolateral""]","[""apical vs basolateral""]"
PXD047936,with_methods,number_of_samples,numeric,0.0,agree,"[""3""]","[""3""]"
PXD047936,with_methods,technology_type,lin,0.9663632996183132,partial,"[""affinity purification coupled with mass spectrometry proteomics""]","[""bottom-up proteomics""]"
PXD048041,abstract_only,technology_type,lin,1.0,agree,"[""proteomics""]","[""bottom-up proteomics"", ""shotgun proteomics""]"
PXD048180,abstract_only,technology_type,lin,1.0,agree,"[""affinity purification coupled with mass spectrometry proteomics""]","[""affinity purification coupled with mass spectrometry proteomics""]"
PXD048618,abstract_only,experimental_design,exact,1.0,agree,"[""time course""]","[""time course""]"
PXD048618,abstract_only,factor_value,lin,1.0,agree,"[""meiotic divisions""]","[""meiotic divisions""]"
PXD048618,abstract_only,technology_type,lin,1.0,agree,"[""bottom-up proteomics""]","[""bottom-up proteomics"", ""data-dependent acquisition""]"
PXD048696,abstract_only,experimental_design,exact,1.0,agree,"[""treated vs control""]","[""treated vs control""]"
PXD048696,abstract_only,factor_value,lin,0.0,disagree,"[""spions vs tmem-ip""]","[""spions treatment vs tmem192 overexpression""]"
PXD048696,abstract_only,technology_type,lin,0.9663632996183132,partial,"[""affinity purification coupled with mass spectrometry proteomics""]","[""bottom-up proteomics"", ""data-independent acquisition""]"
PXD048853,abstract_only,experimental_design,exact,1.0,agree,"[""treated vs control""]","[""treated vs control""]"
PXD048853,abstract_only,factor_value,lin,,,"[""nitrate availability and genotype""]","[""genotype and nitrate concentration""]"
PXD048853,abstract_only,technology_type,lin,0.7577720172509382,partial,"[""phosphoproteomics""]","[""bottom-up proteomics""]"
PXD049284,abstract_only,experimental_design,exact,1.0,agree,"[""treated vs control""]","[""treated vs control""]"
PXD049284,abstract_only,factor_value,lin,0.21947497073728484,disagree,"[""lorlatinib treatment with and without guk1 y74f mutation""]","[""mutation"", ""treatment""]"
PXD049284,abstract_only,technology_type,lin,0.7577720172509382,partial,"[""phosphoproteomics""]","[""bottom-up proteomics""]"
PXD049377,abstract_only,biological_replicate,numeric,,,"[""children with sepsis""]","[""12""]"
PXD049377,abstract_only,experimental_design,exact,1.0,agree,"[""case vs control""]","[""case vs control""]"
PXD049377,abstract_only,factor_value,lin,1.0,agree,"[""with and without ards""]","[""ards vs non-ards""]"
PXD049377,abstract_only,number_of_biological_replicates,numeric,0.0,agree,"[""24""]","[""24""]"
PXD049377,abstract_only,number_of_samples,numeric,0.0,agree,"[""24""]","[""24""]"
PXD049377,abstract_only,technology_type,lin,1.0,agree,"[""affinity purification coupled with mass spectrometry proteomics""]","[""affinity purification coupled with mass spectrometry proteomics""]"
PXD049957,abstract_only,experimental_design,exact,1.0,agree,"[""treated vs control""]","[""treated vs control""]"
PXD049957,abstract_only,factor_value,lin,1.642638665058343e-05,disagree,"[""treated vs control""]","[""insulin""]"
PXD049957,abstract_only,number_of_biological_replicates,numeric,4.0,disagree,"[""1""]","[""5""]"
PXD049957,abstract_only,technology_type,lin,1.0,agree,"[""proteomics""]","[""bottom-up proteomics""]"
PXD050113,abstract_only,experimental_design,exact,1.0,agree,"[""time course""]","[""time course""]"
PXD050113,abstract_only,factor_value,lin,,,"[""therapy status""]","[""before vs after therapy""]"
PXD050287,abstract_only,technology_type,lin,,,"[""miniturboid-based proximity labeling""]","[""affinity proteomics"", ""bottom-up proteomics""]"
PXD050416,with_methods,technical_replicate,numeric,0.0,agree,"[""6""]","[""6""]"
PXD050416,with_methods,experimental_design,exact,1.0,agree,"[""case vs control""]","[""case vs control""]"
PXD050416,with_methods,number_of_fractions,numeric,0.0,agree,"[""30""]","[""30""]"
PXD050416,with_methods,number_of_technical_replicates,numeric,0.0,agree,"[""6""]","[""6""]"
PXD050416,with_methods,number_of_biological_replicates,numeric,17.0,disagree,"[""39""]","[""17"", ""22""]"
PXD050416,with_methods,number_of_samples,numeric,0.0,agree,"[""39""]","[""39""]"
PXD050416,with_methods,technology_type,lin,1.0,agree,"[""tmt-based shotgun proteomics""]","[""shotgun proteomics""]"
PXD050688,abstract_only,experimental_design,exact,1.0,agree,"[""treated vs control""]","[""treated vs control""]"
PXD050985,abstract_only,experimental_design,exact,1.0,agree,"[""treated vs control""]","[""treated vs control""]"
PXD050985,abstract_only,factor_value,lin,1.5579146559050186e-05,disagree,"[""heat shock""]","[""genotype and treatment""]"
PXD051062,abstract_only,technology_type,lin,0.9663632996183132,partial,"[""shotgun proteomics""]","[""data-independent acquisition"", ""dia proteomics""]"
PXD051187,abstract_only,technology_type,lin,0.9663632996183132,partial,"[""shotgun proteomics""]","[""bottom-up proteomics""]"
PXD051715,abstract_only,experimental_design,exact,1.0,agree,"[""treated vs control""]","[""treated vs control""]"
PXD051715,abstract_only,factor_value,lin,,,"[""age and stress""]","[""young vs old""]"
PXD051849,abstract_only,experimental_design,exact,1.0,agree,"[""treated vs control""]","[""treated vs control""]"
PXD051981,abstract_only,experimental_design,exact,1.0,agree,"[""treated vs control""]","[""treated vs control""]"
PXD051981,abstract_only,factor_value,lin,0.0,disagree,"[""kdr inhibitor treatment""]","[""vehicle vs su 1498+leupeptin""]"
PXD051981,abstract_only,technology_type,lin,1.0,agree,"[""phosphoproteomics""]","[""phosphoproteomics""]"
PXD052720,abstract_only,experimental_design,exact,1.0,agree,"[""case vs control""]","[""case vs control""]"
PXD052720,abstract_only,factor_value,lin,1.0,agree,"[""dengue infection vs healthy""]","[""dengue vs healthy""]"
PXD052720,abstract_only,number_of_biological_replicates,numeric,0.0,agree,"[""30""]","[""30""]"
PXD052720,abstract_only,number_of_samples,numeric,0.0,agree,"[""30""]","[""30""]"
PXD052720,abstract_only,technology_type,lin,0.6956164073570735,partial,"[""quantitative proteomic and n-glycoproteomic""]","[""data-independent acquisition""]"
PXD052854,with_methods,experimental_design,exact,1.0,agree,"[""treated vs control""]","[""treated vs control""]"
PXD052854,with_methods,factor_value,lin,1.0,agree,"[""10 nm vs 50 \u03bcm hydrocortisone"", ""normoglycemic vs hyperglycemic""]","[""hyperglycemic vs normoglycemic""]"
PXD052854,with_methods,number_of_fractions,numeric,0.0,agree,"[""20"", ""8""]","[""20""]"
PXD052854,with_methods,technology_type,lin,0.5001888629547916,partial,"[""bottom-up proteomics"", ""tmt-10plex""]","[""bottom-up proteomics""]"
PXD053100,abstract_only,technology_type,lin,1.0,agree,"[""affinity purification coupled with mass spectrometry proteomics""]","[""affinity purification coupled with mass spectrometry proteomics"", ""bottom-up proteomics""]"
PXD053450,with_methods,biological_replicate,numeric,0.0,agree,"[""80""]","[""80 patients""]"
PXD053450,with_methods,technical_replicate,numeric,2.0,disagree,"[""1""]","[""3""]"
PXD053450,with_methods,experimental_design,exact,1.0,agree,"[""case vs control""]","[""case vs control"", ""treated vs control""]"
PXD053450,with_methods,factor_value,lin,,,"[""hf vs non-hf, dm vs non-dm, hf+dm vs non-hf/non-dm""]","[""hf, dm, both hf and dm, or neither hf nor dm""]"
PXD053450,with_methods,number_of_fractions,numeric,0.0,agree,"[""7""]","[""7""]"
PXD053450,with_methods,number_of_technical_replicates,numeric,1.0,partial,"[""1""]","[""2"", ""3""]"
PXD053450,with_methods,number_of_biological_replicates,numeric,0.0,agree,"[""80""]","[""80""]"
PXD053450,with_methods,number_of_samples,numeric,0.0,agree,"[""80""]","[""80""]"
PXD053450,with_methods,technology_type,lin,1.0,agree,"[""bottom-up proteomics""]","[""bottom-up proteomics"", ""data-dependent acquisition""]"
PXD053880,abstract_only,factor_value,lin,,,"[""isoform""]","[""tau isoform""]"
PXD053880,abstract_only,technology_type,lin,0.9663632996183132,partial,"[""shotgun proteomics""]","[""bottom-up proteomics""]"
PXD054301,abstract_only,experimental_design,exact,1.0,agree,"[""treated vs control""]","[""treated vs control""]"
PXD054301,abstract_only,factor_value,lin,1.0,agree,"[""treatment""]","[""treatment""]"
PXD054301,abstract_only,number_of_samples,numeric,0.0,agree,"[""17""]","[""17""]"
PXD054301,abstract_only,technology_type,lin,0.9663632996183132,partial,"[""shotgun proteomics""]","[""bottom-up proteomics""]"
PXD054405,abstract_only,technology_type,lin,0.7577720172509382,partial,"[""phosphoproteomics""]","[""bottom-up proteomics""]"
PXD054675,with_methods,biological_replicate,numeric,0.0,agree,"[""3""]","[""3""]"
PXD054675,with_methods,experimental_design,exact,1.0,agree,"[""treated vs control""]","[""treated vs control""]"
PXD054675,with_methods,factor_value,lin,0.0,disagree,"[""auxin vs control""]","[""auxin treated vs control""]"
PXD054675,with_methods,number_of_biological_replicates,numeric,0.0,agree,"[""3""]","[""3""]"
PXD054675,with_methods,number_of_samples,numeric,0.0,agree,"[""6""]","[""6""]"
PXD054675,with_methods,technology_type,lin,1.0,agree,"[""affinity purification coupled with mass spectrometry proteomics""]","[""affinity purification coupled with mass spectrometry proteomics""]"
PXD054857,abstract_only,technology_type,lin,1.0,agree,"[""affinity purification coupled with mass spectrometry proteomics""]","[""affinity purification coupled with mass spectrometry proteomics"", ""bottom-up proteomics""]"
PXD055223,with_methods,experimental_design,exact,1.0,agree,"[""treated vs control""]","[""treated vs control""]"
PXD055223,with_methods,number_of_biological_replicates,numeric,0.0,agree,"[""6""]","[""6""]"
PXD055223,with_methods,technology_type,lin,1.0,agree,"[""bottom-up proteomics""]","[""bottom-up proteomics""]"
PXD055473,abstract_only,experimental_design,exact,1.0,agree,"[""case vs control""]","[""case vs control"", ""treated vs control""]"
PXD055473,abstract_only,factor_value,lin,0.42133906336358995,disagree,"[""mitochondrial disease status""]","[""disease"", ""knockout""]"
PXD055473,abstract_only,number_of_samples,numeric,0.0,agree,"[""90""]","[""90""]"
PXD055473,abstract_only,technology_type,lin,0.4748406056606574,disagree,"[""bottom-up proteomics""]","[""untargeted quantitative mass-spectrometry""]"
PXD055737,abstract_only,experimental_design,exact,1.0,agree,"[""treated vs control""]","[""treated vs control""]"
PXD055737,abstract_only,factor_value,lin,1.0,agree,"[""pdi-deficient vs control""]","[""pdi-deficient vs control""]"
PXD055737,abstract_only,technology_type,lin,0.0003382729301403422,disagree,"[""tmt-ms""]","[""shotgun proteomics""]"
PXD055943,abstract_only,biological_replicate,numeric,0.0,agree,"[""3""]","[""3""]"
PXD055943,abstract_only,number_of_biological_replicates,numeric,0.0,agree,"[""3""]","[""3""]"
PXD055943,abstract_only,number_of_samples,numeric,0.0,agree,"[""3""]","[""3""]"
PXD055943,abstract_only,technology_type,lin,1.0,agree,"[""affinity purification coupled with mass spectrometry proteomics"", ""shotgun proteomics""]","[""affinity purification coupled with mass spectrometry proteomics"", ""bottom-up proteomics""]"
PXD056092,abstract_only,experimental_design,exact,1.0,agree,"[""dose response""]","[""dose response""]"
PXD056092,abstract_only,factor_value,lin,0.0006359163888540644,disagree,"[""ethanol concentrations 17, 50, and 100 mm""]","[""ethanol concentration""]"
PXD056092,abstract_only,technology_type,lin,1.0,agree,"[""proteomic analysis""]","[""bottom-up proteomics""]"
PXD056189,abstract_only,experimental_design,exact,0.0,disagree,"[""treated vs control""]","[""dose response""]"
PXD056248,abstract_only,experimental_design,exact,1.0,agree,"[""treated vs control""]","[""treated vs control""]"
PXD056248,abstract_only,factor_value,lin,,,"[""iws1 depletion""]","[""dmso/dtag7""]"
PXD056331,abstract_only,experimental_design,exact,0.0,disagree,"[""case vs control""]","[""cross-sectional""]"
PXD056331,abstract_only,number_of_biological_replicates,numeric,41.0,disagree,"[""412""]","[""371""]"
PXD056331,abstract_only,number_of_samples,numeric,0.0,agree,"[""412""]","[""412""]"
PXD056331,abstract_only,technology_type,lin,1.0,agree,"[""bottom-up proteomics""]","[""bottom-up proteomics"", ""data-independent acquisition""]"
PXD056463,with_methods,factor_value,lin,0.9031475709097125,partial,"[""con, ua, stemi""]","[""con, ua, stemi, nstemi""]"
PXD056463,with_methods,number_of_samples,numeric,0.0,agree,"[""30""]","[""30""]"
PXD056463,with_methods,technology_type,lin,1.0,agree,"[""bottom-up proteomics"", ""dia-based proteomics""]","[""dia proteomics""]"
PXD056865,abstract_only,technology_type,lin,1.0,agree,"[""affinity purification coupled with mass spectrometry proteomics""]","[""affinity proteomics"", ""bottom-up proteomics""]"
PXD057067,with_methods,experimental_design,exact,1.0,agree,"[""treated vs control""]","[""treated vs control""]"
PXD057067,with_methods,factor_value,lin,1.0,agree,"[""telmisartan vs vehicle""]","[""telmisartan treatment""]"
PXD057067,with_methods,technology_type,lin,0.7517378527664157,partial,"[""shotgun proteomics""]","[""data-independent acquisition""]"
PXD057196,with_methods,technical_replicate,numeric,0.0,agree,"[""3""]","[""3""]"
PXD057196,with_methods,experimental_design,exact,1.0,agree,"[""time course"", ""treated vs control""]","[""time course""]"
PXD057196,with_methods,number_of_technical_replicates,numeric,0.0,agree,"[""3""]","[""3""]"
PXD057196,with_methods,number_of_samples,numeric,0.0,agree,"[""50""]","[""50""]"
PXD057196,with_methods,technology_type,lin,1.0,agree,"[""affinity purification coupled with mass spectrometry proteomics"", ""bottom-up proteomics""]","[""affinity purification coupled with mass spectrometry proteomics"", ""bottom-up proteomics""]"
PXD057348,with_methods,biological_replicate,numeric,,,"[""95c (low metastatic)"", ""95d (high metastatic)"", ""cdcp1 ko 95d cell lines""]","[""3""]"
PXD057348,with_methods,experimental_design,exact,1.0,agree,"[""case vs control"", ""treated vs control""]","[""treated vs control""]"
PXD057348,with_methods,factor_value,lin,,,"[""cdcp1 knockout (ko vs wt)"", ""metastasis status (95c vs 95d)""]","[""cdcp1 knockout""]"
PXD057348,with_methods,number_of_biological_replicates,numeric,0.0,agree,"[""3""]","[""3""]"
PXD057348,with_methods,technology_type,lin,0.9831816498091566,partial,"[""affinity purification coupled with mass spectrometry proteomics"", ""bottom-up proteomics""]","[""affinity purification coupled with mass spectrometry proteomics""]"
PXD057448,abstract_only,technology_type,lin,0.4748406056606574,disagree,"[""mass spectrometry""]","[""bottom-up proteomics""]"
PXD057588,abstract_only,experimental_design,exact,0.0,disagree,"[""treated vs control""]","[""co-culture""]"
PXD057588,abstract_only,factor_value,lin,,,"[""co-culture induced vs uninduced""]","[""cell type"", ""co-culture""]"
PXD057588,abstract_only,technology_type,lin,1.0,agree,"[""affinity purification coupled with mass spectrometry proteomics""]","[""affinity purification coupled with mass spectrometry proteomics"", ""bottom-up proteomics""]"
PXD057677,abstract_only,experimental_design,exact,1.0,agree,"[""treated vs control""]","[""treated vs control""]"
PXD057677,abstract_only,factor_value,lin,,,"[""cma activation""]","[""cma activation vs control""]"
PXD057677,abstract_only,number_of_biological_replicates,numeric,,,"[""6""]","[""5-6""]"
PXD057677,abstract_only,technology_type,lin,1.0,agree,"[""bottom-up proteomics""]","[""bottom-up proteomics""]"
PXD057789,abstract_only,technology_type,lin,1.0,agree,"[""affinity purification coupled with mass spectrometry proteomics""]","[""affinity purification coupled with mass spectrometry proteomics"", ""bottom-up proteomics"", ""shotgun proteomics""]"
PXD057890,with_methods,biological_replicate,numeric,0.0,agree,"[""4""]","[""4""]"
PXD057890,with_methods,number_of_samples,numeric,0.0,agree,"[""4""]","[""4""]"
PXD057890,with_methods,technology_type,lin,0.9663632996183132,partial,"[""bottom-up proteomics""]","[""shotgun proteomics""]"
PXD058027,abstract_only,factor_value,lin,,,"[""braf v600e mutation""]","[""braf v600e vs wt""]"
PXD058173,abstract_only,technology_type,lin,1.0,agree,"[""targeted proteomics""]","[""targeted proteomics""]"
PXD058312,with_methods,experimental_design,exact,1.0,agree,"[""treated vs control""]","[""treated vs control""]"
PXD058312,with_methods,factor_value,lin,0.0,disagree,"[""slc25a38 knockout""]","[""wt mitoip vs slc25a38-ko mitoip vs mockip""]"
PXD058312,with_methods,technology_type,lin,1.0,agree,"[""bottom-up proteomics""]","[""bottom-up proteomics"", ""data-dependent acquisition""]"
PXD058717,abstract_only,experimental_design,exact,0.0,disagree,"[""dose response""]","[""treated vs control""]"
PXD058717,abstract_only,factor_value,lin,,,"[""multiple concentrations of idrb-binder-2""]","[""idrb-binder-2 concentration""]"
PXD058717,abstract_only,number_of_biological_replicates,numeric,0.0,agree,"[""2""]","[""2""]"
PXD058717,abstract_only,number_of_samples,numeric,4.0,disagree,"[""12""]","[""8""]"
PXD058717,abstract_only,technology_type,lin,1.0,agree,"[""chemoproteomics""]","[""targeted proteomics""]"
PXD058814,abstract_only,technology_type,lin,0.9663632996183132,partial,"[""proteomics""]","[""shotgun proteomics""]"
PXD059339,abstract_only,technical_replicate,numeric,0.0,agree,"[""2""]","[""2""]"
PXD059339,abstract_only,factor_value,lin,1.0,agree,"[""plasma cell dyscrasias""]","[""plasma cell dyscrasias""]"
PXD059339,abstract_only,number_of_technical_replicates,numeric,0.0,agree,"[""2""]","[""2""]"
PXD059339,abstract_only,number_of_biological_replicates,numeric,0.0,agree,"[""120""]","[""120""]"
PXD059339,abstract_only,number_of_samples,numeric,0.0,agree,"[""120""]","[""120""]"
PXD059339,abstract_only,technology_type,lin,0.9663632996183132,partial,"[""affinity purification coupled with mass spectrometry proteomics""]","[""bottom-up proteomics"", ""data-independent acquisition""]"
PXD059471,abstract_only,experimental_design,exact,1.0,agree,"[""time course""]","[""time course""]"
PXD059566,abstract_only,technology_type,lin,0.4213844077135661,disagree,"[""lc-ms/ms""]","[""bottom-up proteomics""]"
PXD059683,abstract_only,technology_type,lin,1.0,agree,"[""targeted proteomics""]","[""bottom-up proteomics""]"
PXD059885,with_methods,biological_replicate,numeric,0.0,agree,"[""9 patients""]","[""9""]"
PXD059885,with_methods,experimental_design,exact,1.0,agree,"[""time course""]","[""time course""]"
PXD059885,with_methods,factor_value,lin,0.0,disagree,"[""time""]","[""pre-surgery, 1 day post, 5 days post""]"
PXD059885,with_methods,number_of_biological_replicates,numeric,0.0,agree,"[""9""]","[""9""]"
PXD059885,with_methods,number_of_samples,numeric,0.0,agree,"[""27""]","[""27""]"
PXD059885,with_methods,technology_type,lin,0.23759265713004923,disagree,"[""quantitative mass spectrometry"", ""super-silac""]","[""bottom-up proteomics""]"
PXD059976,with_methods,technical_replicate,numeric,0.0,agree,"[""2""]","[""2""]"
PXD059976,with_methods,experimental_design,exact,1.0,agree,"[""case vs control""]","[""case vs control""]"
PXD059976,with_methods,number_of_technical_replicates,numeric,0.0,agree,"[""2""]","[""2""]"
PXD059976,with_methods,number_of_biological_replicates,numeric,12.0,disagree,"[""12""]","[""24""]"
PXD059976,with_methods,number_of_samples,numeric,0.0,agree,"[""24""]","[""24""]"
PXD059976,with_methods,technology_type,lin,1.0,agree,"[""shotgun proteomics""]","[""shotgun proteomics""]"
PXD060046,with_methods,biological_replicate,numeric,0.0,agree,"[""4""]","[""4""]"
PXD060046,with_methods,technical_replicate,numeric,0.0,agree,"[""1""]","[""1""]"
PXD060046,with_methods,experimental_design,exact,1.0,agree,"[""treated vs control""]","[""treated vs control""]"
PXD060046,with_methods,factor_value,lin,,,"[""parent vs olaparib-resistant""]","[""parent vs olaparib-resistant clones""]"
PXD060046,with_methods,number_of_fractions,numeric,0.0,agree,"[""12""]","[""12""]"
PXD060046,with_methods,number_of_technical_replicates,numeric,0.0,agree,"[""1""]","[""1""]"
PXD060046,with_methods,number_of_biological_replicates,numeric,0.0,agree,"[""4""]","[""4""]"
PXD060046,with_methods,number_of_samples,numeric,4.0,disagree,"[""16""]","[""20""]"
PXD060046,with_methods,technology_type,lin,1.0,agree,"[""bottom-up proteomics""]","[""bottom-up proteomics""]"
PXD060153,with_methods,biological_replicate,numeric,,,"[""12"", ""13""]","[""ffpe gc tissue samples""]"
PXD060153,with_methods,experimental_design,exact,0.0,disagree,"[""treated vs control""]","[""cross-sectional""]"
PXD060153,with_methods,factor_value,lin,,,"[""early-stage versus advanced-stage tumours""]","[""early-stage versus advanced-stage""]"
PXD060153,with_methods,number_of_biological_replicates,numeric,0.0,agree,"[""12""]","[""12""]"
PXD060153,with_methods,number_of_samples,numeric,0.0,agree,"[""12""]","[""12""]"
PXD060153,with_methods,technology_type,lin,0.9831816498091566,partial,"[""affinity purification coupled with mass spectrometry proteomics"", ""bottom-up proteomics""]","[""bottom-up proteomics""]"
PXD060326,with_methods,technology_type,lin,0.9663632996183132,partial,"[""affinity purification coupled with mass spectrometry proteomics""]","[""bottom-up proteomics""]"
PXD060483,abstract_only,experimental_design,exact,0.0,disagree,"[""cross-sectional""]","[""time course""]"
PXD060483,abstract_only,factor_value,lin,1.0,agree,"[""age""]","[""age""]"
PXD060483,abstract_only,number_of_biological_replicates,numeric,8.0,disagree,"[""50""]","[""58""]"
PXD060483,abstract_only,number_of_samples,numeric,0.0,agree,"[""58""]","[""58""]"
PXD060483,abstract_only,technology_type,lin,1.0,agree,"[""proteomics""]","[""bottom-up proteomics""]"
PXD060798,abstract_only,technology_type,lin,1.0,agree,"[""proteomics""]","[""bottom-up proteomics""]"
PXD060854,with_methods,biological_replicate,numeric,0.0,agree,"[""4""]","[""4""]"
PXD060854,with_methods,experimental_design,exact,1.0,agree,"[""case vs control"", ""treated vs control""]","[""treated vs control""]"
PXD060854,with_methods,factor_value,lin,,,"[""dss vs naive"", ""wild-type vs legumain-deficient""]","[""dss vs na\u00efve"", ""wild type vs legumain-deficient""]"
PXD060854,with_methods,number_of_fractions,numeric,0.0,agree,"[""6""]","[""6""]"
PXD060854,with_methods,number_of_biological_replicates,numeric,0.0,agree,"[""4""]","[""4""]"
PXD060854,with_methods,number_of_samples,numeric,8.0,disagree,"[""8""]","[""16""]"
PXD060854,with_methods,technology_type,lin,1.0,agree,"[""bottom-up proteomics""]","[""bottom-up proteomics"", ""targeted proteomics""]"
PXD060917,abstract_only,experimental_design,exact,0.0,disagree,"[""treated vs control""]","[""dose response""]"
PXD060917,abstract_only,factor_value,lin,,,"[""50gy vs 100gy""]","[""50gy and 100gy""]"
PXD060917,abstract_only,technology_type,lin,1.0,agree,"[""mass spectrometry-based peptide location fingerprinting""]","[""bottom-up proteomics"", ""data-dependent acquisition"", ""peptide location fingerprinting""]"
PXD061092,abstract_only,technology_type,lin,0.9663632996183132,partial,"[""shotgun proteomics""]","[""bottom-up proteomics""]"
PXD061290,with_methods,experimental_design,exact,1.0,agree,"[""treated vs control""]","[""treated vs control""]"
PXD061290,with_methods,factor_value,lin,1.0,agree,"[""dmso vs mgd-c9""]","[""dmso vs mgd-c9""]"
PXD061290,with_methods,number_of_samples,numeric,0.0,agree,"[""2""]","[""2""]"
PXD061290,with_methods,technology_type,lin,0.6956164073570735,partial,"[""bottom-up proteomics""]","[""data-independent acquisition""]"
PXD061576,abstract_only,technology_type,lin,0.4748406056606574,disagree,"[""mass spectrometry""]","[""bottom-up proteomics""]"
PXD061698,abstract_only,technology_type,lin,1.0,agree,"[""data-independent acquisition""]","[""data-independent acquisition""]"
PXD062079,with_methods,biological_replicate,numeric,,,"[""3""]","[""hek-293 cell samples""]"
PXD062079,with_methods,experimental_design,exact,1.0,agree,"[""treated vs control""]","[""time course"", ""treated vs control""]"
PXD062079,with_methods,factor_value,lin,1.0,agree,"[""transfection type and time""]","[""transfection condition and time""]"
PXD062079,with_methods,number_of_fractions,numeric,0.0,agree,"[""1""]","[""1""]"
PXD062079,with_methods,number_of_biological_replicates,numeric,6.0,disagree,"[""3""]","[""9""]"
PXD062079,with_methods,number_of_samples,numeric,3.0,disagree,"[""6""]","[""9""]"
PXD062079,with_methods,technology_type,lin,1.0,agree,"[""bottom-up proteomics""]","[""bottom-up proteomics""]"
PXD062315,abstract_only,experimental_design,exact,1.0,agree,"[""treated vs control""]","[""treated vs control""]"
PXD062315,abstract_only,technology_type,lin,0.9663632996183132,partial,"[""affinity purification coupled with mass spectrometry proteomics""]","[""bottom-up proteomics""]"
PXD062354,with_methods,biological_replicate,numeric,0.0,agree,"[""3""]","[""3""]"
PXD062354,with_methods,experimental_design,exact,1.0,agree,"[""treated vs control""]","[""treated vs control""]"
PXD062354,with_methods,factor_value,lin,,,"[""dmso, amptx-1, compound 2""]","[""dmso vs amptx-1 vs compound 2""]"
PXD062354,with_methods,number_of_fractions,numeric,0.0,agree,"[""20""]","[""20""]"
PXD062354,with_methods,number_of_technical_replicates,numeric,3.0,disagree,"[""0""]","[""3""]"
PXD062354,with_methods,number_of_biological_replicates,numeric,0.0,agree,"[""3""]","[""3""]"
PXD062354,with_methods,number_of_samples,numeric,25.0,disagree,"[""9""]","[""34""]"
PXD062354,with_methods,technology_type,lin,1.0,agree,"[""affinity purification coupled with mass spectrometry proteomics"", ""bottom-up proteomics""]","[""bottom-up proteomics"", ""shotgun proteomics"", ""tmt proteomics""]"
PXD062474,with_methods,experimental_design,exact,1.0,agree,"[""treated vs control""]","[""treated vs control""]"
PXD062474,with_methods,factor_value,lin,0.001592138963654286,disagree,"[""acidosis"", ""hypoxia""]","[""ph and oxygen""]"
PXD062474,with_methods,technology_type,lin,1.0,agree,"[""bottom-up proteomics""]","[""bottom-up proteomics""]"
PXD062695,abstract_only,technology_type,lin,1.0,agree,"[""affinity purification coupled with mass spectrometry proteomics""]","[""affinity purification coupled with mass spectrometry proteomics"", ""bottom-up proteomics""]"
PXD062808,abstract_only,experimental_design,exact,0.0,disagree,"[""case vs control""]","[""cross-sectional""]"
PXD062808,abstract_only,factor_value,lin,2.0729429824346692e-05,disagree,"[""ice-becs vs hbmvecs vs hcmecd3""]","[""cell line type""]"
PXD062808,abstract_only,technology_type,lin,1.0,agree,"[""shotgun proteomics""]","[""data-independent acquisition"", ""shotgun proteomics""]"
PXD062944,abstract_only,biological_replicate,numeric,,,"[""mice""]","[""3""]"
PXD062944,abstract_only,experimental_design,exact,1.0,agree,"[""treated vs control""]","[""treated vs control""]"
PXD062944,abstract_only,factor_value,lin,,,"[""wt vs foxp3-dtr""]","[""wt vs foxp3-dtr""]"
PXD062944,abstract_only,technology_type,lin,0.9684835203822864,partial,"[""label-free quantitative proteomics""]","[""affinity purification coupled with mass spectrometry proteomics""]"
PXD063060,with_methods,experimental_design,exact,1.0,agree,"[""treated vs control""]","[""treated vs control""]"
PXD063060,with_methods,technology_type,lin,0.9663632996183132,partial,"[""shotgun proteomics""]","[""bottom-up proteomics""]"
PXD063349,abstract_only,experimental_design,exact,1.0,agree,"[""treated vs control""]","[""treated vs control""]"
PXD063349,abstract_only,factor_value,lin,,,"[""tigit ligation""]","[""tigit ligation vs non-ligation""]"
PXD063349,abstract_only,technology_type,lin,1.0,agree,"[""affinity purification coupled with mass spectrometry proteomics""]","[""affinity purification coupled with mass spectrometry proteomics""]"
PXD063825,abstract_only,technology_type,lin,0.4213844077135661,disagree,"[""xl-ms""]","[""bottom-up proteomics"", ""chemical cross-linking coupled with mass spectrometry proteomics""]"
PXD063965,abstract_only,technology_type,lin,1.0,agree,"[""bottom-up proteomics""]","[""affinity purification coupled with mass spectrometry proteomics"", ""bottom-up proteomics""]"
PXD064062,with_methods,experimental_design,exact,1.0,agree,"[""treated vs control""]","[""treated vs control""]"
PXD064062,with_methods,factor_value,lin,,,"[""nc vs spcas9-flag""]","[""spcas9 expression""]"
PXD064062,with_methods,technology_type,lin,1.0,agree,"[""affinity purification coupled with mass spectrometry proteomics""]","[""affinity purification coupled with mass spectrometry proteomics""]"
PXD064197,abstract_only,technology_type,lin,0.4213844077135661,disagree,"[""lc-ms/ms""]","[""bottom-up proteomics""]"
PXD064434,abstract_only,experimental_design,exact,1.0,agree,"[""treated vs control""]","[""treated vs control""]"
PXD064434,abstract_only,factor_value,lin,0.6863308185832065,partial,"[""mek inhibition""]","[""mek inhibition vs control""]"
PXD064434,abstract_only,technology_type,lin,0.7577720172509382,partial,"[""phosphoproteomics""]","[""bottom-up proteomics""]"
PXD064564,with_methods,experimental_design,exact,1.0,agree,"[""case vs control""]","[""case vs control""]"
PXD064564,with_methods,factor_value,lin,,,"[""te-like vs hps cells""]","[""te vs hps""]"
PXD064564,with_methods,technology_type,lin,0.6956164073570735,partial,"[""dia""]","[""bottom-up proteomics""]"
PXD064751,abstract_only,technology_type,lin,0.9663632996183132,partial,"[""bottom-up proteomics""]","[""tmt-based quantitative proteomic analysis""]"
PXD064858,abstract_only,technology_type,lin,1.0,agree,"[""affinity purification coupled with mass spectrometry proteomics""]","[""affinity purification coupled with mass spectrometry proteomics""]"
PXD065168,with_methods,experimental_design,exact,1.0,agree,"[""time course""]","[""time course""]"
PXD065168,with_methods,factor_value,lin,1.0,agree,"[""time course""]","[""time course""]"
PXD065168,with_methods,number_of_fractions,numeric,0.0,agree,"[""24""]","[""24""]"
PXD065168,with_methods,technology_type,lin,0.9663632996183132,partial,"[""multiplexed quantitative proteomics""]","[""bottom-up proteomics""]"
PXD065461,abstract_only,experimental_design,exact,0.0,disagree,"[""treated vs control""]","[""case vs control""]"
PXD065794,abstract_only,experimental_design,exact,0.0,disagree,"[""time course""]","[""treated vs control""]"
PXD065794,abstract_only,factor_value,lin,,,"[""sac1 degradation""]","[""dmso vs cvxiaa""]"
PXD066017,abstract_only,technology_type,lin,,,"[""ev proteomics""]","[""bottom-up proteomics"", ""data-independent acquisition""]"
PXD066224,with_methods,biological_replicate,numeric,34.0,disagree,"[""34""]","[""68""]"
PXD066224,with_methods,technical_replicate,numeric,0.0,agree,"[""8""]","[""8""]"
PXD066224,with_methods,experimental_design,exact,0.0,disagree,"[""cross-sectional""]","[""case vs control""]"
PXD066224,with_methods,factor_value,lin,1.0,agree,"[""age""]","[""young vs older""]"
PXD066224,with_methods,number_of_fractions,numeric,0.0,agree,"[""36""]","[""36""]"
PXD066224,with_methods,number_of_technical_replicates,numeric,0.0,agree,"[""8""]","[""8""]"
PXD066224,with_methods,number_of_biological_replicates,numeric,34.0,disagree,"[""68""]","[""34""]"
PXD066224,with_methods,number_of_samples,numeric,0.0,agree,"[""68""]","[""68""]"
PXD066224,with_methods,technology_type,lin,1.0,agree,"[""bottom-up proteomics""]","[""bottom-up proteomics""]"
PXD066998,with_methods,technical_replicate,numeric,0.0,agree,"[""4""]","[""4""]"
PXD066998,with_methods,experimental_design,exact,1.0,agree,"[""time course""]","[""time course""]"
PXD066998,with_methods,factor_value,lin,0.11098296859777443,disagree,"[""culture days""]","[""culture time point""]"
PXD066998,with_methods,number_of_technical_replicates,numeric,0.0,agree,"[""4""]","[""4""]"
PXD066998,with_methods,number_of_biological_replicates,numeric,0.0,agree,"[""4""]","[""4""]"
PXD066998,with_methods,technology_type,lin,0.9663632996183132,partial,"[""shotgun proteomics""]","[""bottom-up proteomics""]"
PXD067201,abstract_only,biological_replicate,numeric,0.0,agree,"[""3""]","[""3""]"
PXD067201,abstract_only,experimental_design,exact,0.0,disagree,"[""cross-sectional""]","[""treated vs control""]"
PXD067201,abstract_only,factor_value,lin,,,"[""control vs asah1 knockout vs smpd1 knockout""]","[""cell type"", ""genotype""]"
PXD067201,abstract_only,number_of_biological_replicates,numeric,0.0,agree,"[""3""]","[""3""]"
PXD067201,abstract_only,technology_type,lin,1.0,agree,"[""quantitative proteomics""]","[""bottom-up proteomics""]"
PXD067474,abstract_only,experimental_design,exact,1.0,agree,"[""case vs control""]","[""case vs control""]"
PXD067474,abstract_only,factor_value,lin,0.2554145693340831,disagree,"[""disease""]","[""controls with normal csf findings"", ""lnb"", ""lyme borreliosis without central nervous system involvement"", ""viral meningitis""]"
PXD067474,abstract_only,number_of_samples,numeric,0.0,agree,"[""515""]","[""515""]"
PXD067474,abstract_only,technology_type,lin,1.0,agree,"[""bottom-up proteomics""]","[""bottom-up proteomics""]"
PXD067739,abstract_only,experimental_design,exact,1.0,agree,"[""treated vs control""]","[""treated vs control""]"
PXD067739,abstract_only,technology_type,lin,1.0,agree,"[""affinity purification coupled with mass spectrometry proteomics""]","[""affinity purification coupled with mass spectrometry proteomics""]"
PXD068424,with_methods,technology_type,lin,1.0,agree,"[""affinity purification coupled with mass spectrometry proteomics""]","[""affinity purification coupled with mass spectrometry proteomics"", ""bottom-up proteomics""]"
PXD068665,abstract_only,technology_type,lin,0.9663632996183132,partial,"[""proteomics""]","[""affinity purification coupled with mass spectrometry proteomics""]"
PXD069084,with_methods,biological_replicate,numeric,0.0,agree,"[""3""]","[""3""]"
PXD069084,with_methods,experimental_design,exact,0.0,disagree,"[""dose response""]","[""treated vs control""]"
PXD069084,with_methods,factor_value,lin,,,"[""resveratrol duration vs control""]","[""resveratrol treatment duration""]"
PXD069084,with_methods,number_of_fractions,numeric,0.0,agree,"[""2""]","[""2""]"
PXD069084,with_methods,number_of_biological_replicates,numeric,3.0,disagree,"[""3""]","[""6""]"
PXD069084,with_methods,number_of_samples,numeric,4.0,disagree,"[""12""]","[""16""]"
PXD069084,with_methods,technology_type,lin,1.0,agree,"[""bottom-up proteomics""]","[""bottom-up proteomics""]"
PXD070477,abstract_only,experimental_design,exact,0.0,disagree,"[""time course""]","[""treated vs control""]"
PXD070477,abstract_only,factor_value,lin,,,"[""emx2 induction vs no induction""]","[""emx2 expressing vs not expressing""]"
PXD070477,abstract_only,technology_type,lin,0.9663632996183132,partial,"[""shotgun proteomics""]","[""targeted proteomics""]"
PXD000561,with_methods,experimental_design,exact,1.0,agree,"[""cross-sectional""]","[""cross-sectional""]"
PXD000561,with_methods,number_of_fractions,numeric,72.0,disagree,"[""24""]","[""96""]"
PXD000561,with_methods,number_of_samples,numeric,0.0,agree,"[""30""]","[""30""]"
PXD000561,with_methods,technology_type,lin,0.9663632996183132,partial,"[""shotgun proteomics""]","[""bottom-up proteomics""]"
PXD001118,with_methods,technology_type,lin,1.0,agree,"[""shotgun proteomics""]","[""shotgun proteomics""]"
PXD001359,with_methods,number_of_samples,numeric,0.0,agree,"[""92""]","[""92""]"
PXD001359,with_methods,technology_type,lin,1.0,agree,"[""shotgun proteomics""]","[""shotgun proteomics""]"
PXD001422,abstract_only,experimental_design,exact,1.0,agree,"[""treated vs control""]","[""treated vs control""]"
PXD001422,abstract_only,factor_value,lin,0.5000088468456738,partial,"[""dexamethasone"", ""inflammatory activation""]","[""dexamethasone treatment""]"
PXD001422,abstract_only,technology_type,lin,0.9663632996183132,partial,"[""bottom-up proteomics""]","[""shotgun proteomics""]"
PXD001674,abstract_only,technology_type,lin,0.9663632996183132,partial,"[""proteomics""]","[""shotgun proteomics""]"
PXD002088,with_methods,experimental_design,exact,0.0,disagree,"[""treated vs control""]","[""case vs control""]"
PXD002088,with_methods,number_of_samples,numeric,0.0,agree,"[""95""]","[""95""]"
PXD002088,with_methods,technology_type,lin,1.0,agree,"[""shotgun proteomics""]","[""shotgun proteomics""]"
PXD002883,with_methods,technical_replicate,numeric,0.0,agree,"[""1""]","[""1""]"
PXD002883,with_methods,experimental_design,exact,1.0,agree,"[""treated vs control""]","[""treated vs control""]"
PXD002883,with_methods,factor_value,lin,,,"[""untreated vs activated""]","[""resting vs stimulated"", ""scott vs control""]"
PXD002883,with_methods,number_of_fractions,numeric,0.0,agree,"[""20""]","[""20""]"
PXD002883,with_methods,number_of_technical_replicates,numeric,0.0,agree,"[""1""]","[""1""]"
PXD002883,with_methods,number_of_biological_replicates,numeric,0.0,agree,"[""2""]","[""2""]"
PXD002883,with_methods,number_of_samples,numeric,6.0,disagree,"[""8""]","[""2""]"
PXD002883,with_methods,technology_type,lin,0.0003945309329985463,disagree,"[""itraq""]","[""affinity purification coupled with mass spectrometry proteomics"", ""shotgun proteomics""]"
PXD003323,with_methods,biological_replicate,numeric,0.0,agree,"[""2""]","[""2"", ""8""]"
PXD003323,with_methods,experimental_design,exact,1.0,agree,"[""treated vs control""]","[""treated vs control""]"
PXD003323,with_methods,factor_value,lin,,,"[""normal vs tgf\u03b2 induced mesenchymal hsaecs and tnf\u03b1 treatment""]","[""treatment and emt status""]"
PXD003323,with_methods,number_of_fractions,numeric,0.0,agree,"[""60""]","[""45"", ""60""]"
PXD003323,with_methods,number_of_biological_replicates,numeric,6.0,disagree,"[""2""]","[""8""]"
PXD003323,with_methods,number_of_samples,numeric,0.0,agree,"[""8""]","[""8""]"
PXD003323,with_methods,technology_type,lin,1.0,agree,"[""itraq quantitative proteomics""]","[""itraq"", ""shotgun proteomics""]"
PXD003411,abstract_only,experimental_design,exact,1.0,agree,"[""treated vs control""]","[""treated vs control""]"
PXD003411,abstract_only,factor_value,lin,0.0,disagree,"[""interleukin 1-\u03b2 stimulation""]","[""cell type"", ""il-1\u03b2 stimulation"", ""protein fraction""]"
PXD003411,abstract_only,number_of_fractions,numeric,0.0,agree,"[""3""]","[""3""]"
PXD003411,abstract_only,technology_type,lin,0.9663632996183132,partial,"[""bottom up proteomics""]","[""shotgun proteomics""]"
PXD003668,with_methods,biological_replicate,numeric,0.0,agree,"[""3"", ""5""]","[""3""]"
PXD003668,with_methods,technical_replicate,numeric,0.0,agree,"[""3""]","[""3""]"
PXD003668,with_methods,number_of_technical_replicates,numeric,0.0,agree,"[""3""]","[""3""]"
PXD003668,with_methods,number_of_samples,numeric,4.0,disagree,"[""35""]","[""31""]"
PXD003668,with_methods,technology_type,lin,0.9663632996183132,partial,"[""bottom-up proteomics""]","[""shotgun proteomics""]"
PXD004059,abstract_only,technology_type,lin,1.0,agree,"[""affinity purification coupled with mass spectrometry proteomics""]","[""affinity purification coupled with mass spectrometry proteomics"", ""shotgun proteomics""]"
PXD004415,abstract_only,biological_replicate,numeric,0.0,agree,"[""4""]","[""4""]"
PXD004415,abstract_only,experimental_design,exact,1.0,agree,"[""treated vs control""]","[""treated vs control""]"
PXD004415,abstract_only,factor_value,lin,7.313575208053034e-06,disagree,"[""apoptosis"", ""control""]","[""cisplatin vs control""]"
PXD004415,abstract_only,number_of_biological_replicates,numeric,0.0,agree,"[""4""]","[""4""]"
PXD004415,abstract_only,technology_type,lin,0.9663632996183132,partial,"[""bottom-up proteomics""]","[""shotgun proteomics""]"
PXD004713,with_methods,technology_type,lin,1.0,agree,"[""shotgun proteomics""]","[""shotgun proteomics""]"
PXD005187,with_methods,experimental_design,exact,1.0,agree,"[""treated vs control""]","[""treated vs control""]"
PXD005187,with_methods,factor_value,lin,1.0,agree,"[""hypoxia vs normoxia""]","[""hypoxia""]"
PXD005187,with_methods,number_of_biological_replicates,numeric,3.0,disagree,"[""6""]","[""3""]"
PXD005187,with_methods,number_of_samples,numeric,0.0,agree,"[""6""]","[""6""]"
PXD005187,with_methods,technology_type,lin,0.9663632996183132,partial,"[""bottom-up proteomics""]","[""shotgun proteomics"", ""silac""]"
PXD005389,abstract_only,technology_type,lin,1.0,agree,"[""proteomics-based target-response profiling""]","[""shotgun proteomics""]"
PXD005650,abstract_only,experimental_design,exact,1.0,agree,"[""treated vs control""]","[""treated vs control""]"
PXD005650,abstract_only,factor_value,lin,,,"[""stimulated vs unstimulated""]","[""cd3/4 stimulation vs no stimulation""]"
PXD005650,abstract_only,technology_type,lin,0.9663632996183132,partial,"[""bottom-up proteomics""]","[""shotgun proteomics""]"
PXD006201,abstract_only,number_of_samples,numeric,0.0,agree,"[""2""]","[""2""]"
PXD006201,abstract_only,technology_type,lin,1.0,agree,"[""affinity purification coupled with mass spectrometry proteomics""]","[""affinity purification coupled with mass spectrometry proteomics"", ""shotgun proteomics""]"
PXD006386,with_methods,experimental_design,exact,1.0,agree,"[""time course""]","[""time course""]"
PXD006386,with_methods,factor_value,lin,0.0,disagree,"[""time course""]","[""0, 12, and 24 h""]"
PXD006386,with_methods,technology_type,lin,0.43895122933337194,disagree,"[""lc-ms/ms""]","[""shotgun proteomics""]"
PXD006497,with_methods,experimental_design,exact,0.0,disagree,"[""treated vs control""]","[""case vs control""]"
PXD006497,with_methods,factor_value,lin,,,"[""rnaase1 presence vs absence""]","[""ddx3x knockdown vs control"", ""rnaase1 vs no rnaase1""]"
PXD006497,with_methods,technology_type,lin,1.0,agree,"[""affinity purification coupled with mass spectrometry proteomics""]","[""shotgun proteomics""]"
PXD006697,with_methods,experimental_design,exact,1.0,agree,"[""time course""]","[""time course""]"
PXD006697,with_methods,number_of_biological_replicates,numeric,0.0,agree,"[""3""]","[""3""]"
PXD006697,with_methods,technology_type,lin,0.8260654597999767,partial,"[""phosphoproteomics""]","[""itraq"", ""shotgun proteomics""]"
PXD006805,abstract_only,biological_replicate,numeric,0.0,agree,"[""10""]","[""10""]"
PXD006805,abstract_only,experimental_design,exact,1.0,agree,"[""case vs control""]","[""case vs control""]"
PXD006805,abstract_only,factor_value,lin,0.19733208283288284,disagree,"[""blca vs bul""]","[""tumor vs benign""]"
PXD006805,abstract_only,number_of_biological_replicates,numeric,0.0,agree,"[""20""]","[""20""]"
PXD006805,abstract_only,number_of_samples,numeric,0.0,agree,"[""20""]","[""20""]"
PXD006805,abstract_only,technology_type,lin,1.0,agree,"[""shotgun proteomics""]","[""shotgun proteomics""]"
PXD007080,with_methods,experimental_design,exact,1.0,agree,"[""treated vs control""]","[""case vs control"", ""treated vs control""]"
PXD007080,with_methods,factor_value,lin,1.0,agree,"[""alpha-galactosidase knockdown vs control"", ""fabry disease vs healthy controls""]","[""alpha-galactosidase knockdown vs control"", ""fabry patients vs controls""]"
PXD007080,with_methods,technology_type,lin,1.0,agree,"[""bottom-up proteomics""]","[""bottom-up proteomics"", ""shotgun proteomics""]"
PXD007165,abstract_only,technology_type,lin,0.9663632996183132,partial,"[""targeted proteomics""]","[""shotgun proteomics""]"
PXD007543,with_methods,biological_replicate,numeric,0.0,agree,"[""3""]","[""3""]"
PXD007543,with_methods,technical_replicate,numeric,0.0,agree,"[""2""]","[""2""]"
PXD007543,with_methods,experimental_design,exact,1.0,agree,"[""treated vs control""]","[""treated vs control""]"
PXD007543,with_methods,factor_value,lin,1.0,agree,"[""cdh1 wild-type vs cdh1-defective""]","[""cdh1 wild-type vs cdh1-defective""]"
PXD007543,with_methods,number_of_technical_replicates,numeric,0.0,agree,"[""2""]","[""2""]"
PXD007543,with_methods,number_of_biological_replicates,numeric,0.0,agree,"[""3""]","[""3""]"
PXD007543,with_methods,number_of_samples,numeric,3.0,disagree,"[""3""]","[""6""]"
PXD007543,with_methods,technology_type,lin,0.9663632996183132,partial,"[""bottom-up proteomics""]","[""shotgun proteomics""]"
PXD007675,with_methods,technical_replicate,numeric,0.0,agree,"[""3""]","[""3""]"
PXD007675,with_methods,experimental_design,exact,1.0,agree,"[""treated vs control""]","[""treated vs control""]"
PXD007675,with_methods,factor_value,lin,1.0,agree,"[""tlk2 constructs""]","[""tlk2 constructs""]"
PXD007675,with_methods,number_of_technical_replicates,numeric,0.0,agree,"[""3""]","[""3""]"
PXD007675,with_methods,technology_type,lin,0.9663632996183132,partial,"[""bottom-up proteomics""]","[""shotgun proteomics""]"
PXD007745,abstract_only,technology_type,lin,0.9663632996183132,partial,"[""proteomics""]","[""shotgun proteomics""]"
PXD007890,with_methods,experimental_design,exact,0.0,disagree,"[""time course""]","[""treated vs control""]"
PXD007890,with_methods,number_of_samples,numeric,0.0,agree,"[""40""]","[""40""]"
PXD007890,with_methods,technology_type,lin,0.9663632996183132,partial,"[""bottom-up proteomics""]","[""shotgun proteomics""]"
PXD008003,with_methods,experimental_design,exact,1.0,agree,"[""treated vs control""]","[""treated vs control""]"
PXD008003,with_methods,factor_value,lin,0.003197574185345561,disagree,"[""heat stress"", ""proteasomal inhibition""]","[""organ"", ""treatment""]"
PXD008003,with_methods,number_of_fractions,numeric,0.0,agree,"[""6""]","[""6""]"
PXD008003,with_methods,number_of_biological_replicates,numeric,0.0,agree,"[""3""]","[""3"", ""5""]"
PXD008003,with_methods,technology_type,lin,1.0,agree,"[""affinity purification coupled with mass spectrometry proteomics""]","[""affinity purification coupled with mass spectrometry proteomics""]"
PXD008217,abstract_only,number_of_samples,numeric,8.0,disagree,"[""4""]","[""12""]"
PXD008217,abstract_only,technology_type,lin,0.9663632996183132,partial,"[""bottom-up proteomics""]","[""shotgun proteomics""]"
PXD008440,with_methods,number_of_fractions,numeric,0.0,agree,"[""4""]","[""4""]"
PXD008682,abstract_only,factor_value,lin,,,"[""survival and pleurodesis outcomes""]","[""survival outcomes""]"
PXD008682,abstract_only,technology_type,lin,1.0,agree,"[""shotgun proteomics""]","[""shotgun proteomics""]"
PXD008832,with_methods,experimental_design,exact,1.0,agree,"[""cross-sectional""]","[""cross-sectional""]"
PXD008832,with_methods,factor_value,lin,1.0,agree,"[""storage time""]","[""storage time""]"
PXD008832,with_methods,technology_type,lin,0.9775755330788755,partial,"[""affinity purification coupled with mass spectrometry proteomics"", ""bottom-up proteomics"", ""shotgun proteomics""]","[""bottom-up proteomics""]"
PXD008934,with_methods,experimental_design,exact,1.0,agree,"[""case vs control""]","[""case vs control""]"
PXD008934,with_methods,factor_value,lin,0.1525119436649393,disagree,"[""disease etiology""]","[""tissue type""]"
PXD008934,with_methods,number_of_biological_replicates,numeric,0.0,agree,"[""34""]","[""34""]"
PXD008934,with_methods,number_of_samples,numeric,0.0,agree,"[""34""]","[""34""]"
PXD008934,with_methods,technology_type,lin,0.9663632996183132,partial,"[""bottom-up proteomics""]","[""shotgun proteomics""]"
PXD009021,with_methods,biological_replicate,numeric,7.0,disagree,"[""1""]","[""8""]"
PXD009021,with_methods,technical_replicate,numeric,1.0,partial,"[""3""]","[""2""]"
PXD009021,with_methods,number_of_fractions,numeric,1.0,partial,"[""41""]","[""42""]"
PXD009021,with_methods,number_of_technical_replicates,numeric,1.0,partial,"[""3""]","[""2""]"
PXD009021,with_methods,number_of_biological_replicates,numeric,7.0,disagree,"[""1""]","[""8""]"
PXD009021,with_methods,number_of_samples,numeric,7.0,disagree,"[""1""]","[""8""]"
PXD009021,with_methods,technology_type,lin,1.0,agree,"[""bottom-up proteomics""]","[""bottom-up proteomics""]"
PXD009118,with_methods,number_of_biological_replicates,numeric,0.0,agree,"[""6""]","[""6""]"
PXD009118,with_methods,number_of_samples,numeric,0.0,agree,"[""6""]","[""6""]"
PXD009118,with_methods,technology_type,lin,1.0,agree,"[""shotgun proteomics""]","[""shotgun proteomics""]"
PXD009196,with_methods,experimental_design,exact,0.0,disagree,"[""treated vs control""]","[""time course""]"
PXD009196,with_methods,number_of_biological_replicates,numeric,0.0,agree,"[""9""]","[""9""]"
PXD009196,with_methods,technology_type,lin,0.6956164073570735,partial,"[""bottom-up proteomics""]","[""dia"", ""swath ms""]"
PXD009266,with_methods,experimental_design,exact,1.0,agree,"[""treated vs control""]","[""treated vs control""]"
PXD009266,with_methods,factor_value,lin,,,"[""ccar1l overexpressing vs ccar1s overexpressing a549 cells""]","[""ccar1l vs ccar1s""]"
PXD009266,with_methods,technology_type,lin,1.0,agree,"[""affinity purification coupled with mass spectrometry proteomics""]","[""affinity purification coupled with mass spectrometry proteomics""]"
PXD009317,with_methods,experimental_design,exact,1.0,agree,"[""case vs control""]","[""case vs control""]"
PXD009317,with_methods,factor_value,lin,1.0,agree,"[""control vs patient""]","[""patient vs control""]"
PXD009317,with_methods,technology_type,lin,0.9663632996183132,partial,"[""bottom-up proteomics""]","[""gel-based experiment"", ""shotgun proteomics""]"
PXD009367,with_methods,experimental_design,exact,1.0,agree,"[""time course"", ""treated vs control""]","[""time course""]"
PXD009367,with_methods,factor_value,lin,0.0,disagree,"[""time points"", ""zinc treatment""]","[""zn-treated vs untreated""]"
PXD009367,with_methods,technology_type,lin,0.9203040932668588,partial,"[""bottom-up proteomics"", ""label-free proteomics"", ""phosphoproteomics""]","[""shotgun proteomics""]"
PXD009453,abstract_only,experimental_design,exact,1.0,agree,"[""treated vs control""]","[""treated vs control""]"
PXD009453,abstract_only,factor_value,lin,0.14911383967289327,disagree,"[""galnac-t2 with vs without""]","[""galnac-t2 knockout"", ""mmp9 treatment"", ""neutrophil elastase treatment""]"
PXD009453,abstract_only,technology_type,lin,,,"[""tails proteomics""]","[""shotgun proteomics""]"
PXD009557,abstract_only,experimental_design,exact,1.0,agree,"[""treated vs control""]","[""treated vs control""]"
PXD009557,abstract_only,technology_type,lin,1.0,agree,"[""shotgun proteomics""]","[""shotgun proteomics""]"
PXD009600,with_methods,technical_replicate,numeric,0.0,agree,"[""3""]","[""3""]"
PXD009600,with_methods,technology_type,lin,1.0,agree,"[""shotgun proteomics""]","[""shotgun proteomics""]"
PXD009797,abstract_only,technology_type,lin,0.9663632996183132,partial,"[""bottom-up proteomics""]","[""all-ion fragmentation"", ""data dependent acquisition (dda)"", ""data independent acquisition (dia)"", ""shotgun proteomics""]"
PXD009870,abstract_only,experimental_design,exact,1.0,agree,"[""case vs control""]","[""case vs control""]"
PXD009870,abstract_only,factor_value,lin,,,"[""subsequent hf hospitalization vs no hf hospitalization""]","[""hf hospitalization after visit 2"", ""no hf hospitalization through 2012""]"
PXD009870,abstract_only,number_of_biological_replicates,numeric,0.0,agree,"[""60""]","[""60""]"
PXD009870,abstract_only,number_of_samples,numeric,0.0,agree,"[""60""]","[""60""]"
PXD009870,abstract_only,technology_type,lin,1.0,agree,"[""glycoproteomics""]","[""shotgun proteomics"", ""top-down proteomics""]"
PXD009924,with_methods,biological_replicate,numeric,0.0,agree,"[""2""]","[""2""]"
PXD009924,with_methods,experimental_design,exact,1.0,agree,"[""treated vs control""]","[""treated vs control""]"
PXD009924,with_methods,factor_value,lin,,,"[""iav infection and cona treatment""]","[""influenza a virus infection""]"
PXD009924,with_methods,number_of_fractions,numeric,0.0,agree,"[""10""]","[""10""]"
PXD009924,with_methods,number_of_biological_replicates,numeric,0.0,agree,"[""2""]","[""2""]"
PXD009924,with_methods,technology_type,lin,0.9663632996183132,partial,"[""bottom-up proteomics""]","[""shotgun proteomics""]"
PXD010027,abstract_only,technology_type,lin,1.0,agree,"[""shotgun proteomics""]","[""shotgun proteomics""]"
PXD010124,with_methods,technology_type,lin,0.37671835117630337,disagree,"[""affinity purification coupled with mass spectrometry proteomics"", ""cross-linking mass spectrometry""]","[""chemical cross-linking coupled with mass spectrometry proteomics""]"
PXD010210,abstract_only,technology_type,lin,0.6956164073570735,partial,"[""bottom-up proteomics""]","[""data-independent acquisition"", ""swath ms""]"
PXD010372,with_methods,experimental_design,exact,1.0,agree,"[""treated vs control""]","[""treated vs control""]"
PXD010372,with_methods,technology_type,lin,1.0,agree,"[""shotgun proteomics""]","[""bottom-up proteomics"", ""shotgun proteomics""]"
PXD010527,with_methods,technology_type,lin,1.0,agree,"[""affinity purification coupled with mass spectrometry proteomics""]","[""shotgun proteomics""]"
PXD010698,abstract_only,technical_replicate,numeric,0.0,agree,"[""3""]","[""3""]"
PXD010698,abstract_only,number_of_fractions,numeric,54.0,disagree,"[""15""]","[""69""]"
PXD010698,abstract_only,number_of_technical_replicates,numeric,0.0,agree,"[""3""]","[""3""]"
PXD010698,abstract_only,number_of_samples,numeric,2.0,disagree,"[""3""]","[""5""]"
PXD010698,abstract_only,technology_type,lin,1.0,agree,"[""bottom-up proteomics""]","[""bottom-up proteomics""]"
PXD010942,with_methods,biological_replicate,numeric,0.0,agree,"[""2""]","[""2""]"
PXD010942,with_methods,experimental_design,exact,1.0,agree,"[""treated vs control""]","[""treated vs control""]"
PXD010942,with_methods,factor_value,lin,1.0,agree,"[""dmog vs dmso""]","[""dmog vs dmso"", ""eric vs ric"", ""uv vs -uv""]"
PXD010942,with_methods,number_of_biological_replicates,numeric,0.0,agree,"[""2""]","[""2""]"
PXD010942,with_methods,technology_type,lin,1.0,agree,"[""affinity purification coupled with mass spectrometry proteomics""]","[""affinity purification coupled with mass spectrometry proteomics"", ""shotgun proteomics""]"
PXD011152,abstract_only,number_of_biological_replicates,numeric,0.0,agree,"[""26""]","[""26""]"
PXD011152,abstract_only,number_of_samples,numeric,0.0,agree,"[""26""]","[""26""]"
PXD011152,abstract_only,technology_type,lin,0.7577720172509382,partial,"[""targeted proteomics""]","[""parallel reaction monitoring""]"
PXD011309,with_methods,biological_replicate,numeric,11.0,disagree,"[""12""]","[""1""]"
PXD011309,with_methods,experimental_design,exact,1.0,agree,"[""case vs control""]","[""case vs control""]"
PXD011309,with_methods,factor_value,lin,1.0,agree,"[""aaa vs control""]","[""aaa vs controls""]"
PXD011309,with_methods,number_of_fractions,numeric,0.0,agree,"[""18""]","[""18""]"
PXD011309,with_methods,number_of_biological_replicates,numeric,0.0,agree,"[""20""]","[""20""]"
PXD011309,with_methods,number_of_samples,numeric,0.0,agree,"[""20""]","[""20""]"
PXD011309,with_methods,technology_type,lin,0.9663632996183132,partial,"[""bottom-up proteomics""]","[""shotgun proteomics"", ""tmt""]"
PXD011960,abstract_only,technology_type,lin,0.9663632996183132,partial,"[""global phosphoproteomic""]","[""shotgun proteomics""]"
PXD016273,abstract_only,factor_value,lin,1.0,agree,"[""sample preparation methods""]","[""sample preparation method""]"
PXD016273,abstract_only,technology_type,lin,0.9663632996183132,partial,"[""shotgun proteomics""]","[""bottom-up proteomics""]"
PXD020352,abstract_only,biological_replicate,numeric,0.0,agree,"[""13""]","[""13""]"
PXD020352,abstract_only,experimental_design,exact,0.0,disagree,"[""longitudinal""]","[""treated vs control""]"
PXD020352,abstract_only,factor_value,lin,,,"[""prior vs after exercise""]","[""prior and after the exercise session""]"
PXD020352,abstract_only,number_of_biological_replicates,numeric,0.0,agree,"[""13""]","[""13""]"
PXD020352,abstract_only,number_of_samples,numeric,52.0,disagree,"[""78""]","[""26""]"
PXD030804,abstract_only,technology_type,lin,0.8326566138472078,partial,"[""site-specific glycoproteomics""]","[""shotgun proteomics""]"
PXD037654,with_methods,technical_replicate,numeric,0.0,agree,"[""3""]","[""3""]"
PXD037654,with_methods,experimental_design,exact,0.0,disagree,"[""cross-sectional""]","[""case vs control""]"
PXD037654,with_methods,factor_value,lin,0.0,disagree,"[""natural ovulatory cycles vs ivf cycles""]","[""natural vs stimulated""]"
PXD037654,with_methods,number_of_technical_replicates,numeric,0.0,agree,"[""3""]","[""3""]"
PXD037654,with_methods,technology_type,lin,0.9663632996183132,partial,"[""bottom-up proteomics""]","[""shotgun proteomics""]"
PXD046414,abstract_only,experimental_design,exact,1.0,agree,"[""treated vs control""]","[""treated vs control""]"
PXD046414,abstract_only,factor_value,lin,,,"[""turboid t2a setup""]","[""t2a vs mutt2a""]"
PXD046414,abstract_only,technology_type,lin,0.9663632996183132,partial,"[""affinity purification coupled with mass spectrometry proteomics""]","[""bottom-up proteomics"", ""proximity labeling mass spectrometry-based proteomics""]"
PXD046500,with_methods,biological_replicate,numeric,0.0,agree,"[""1"", ""3""]","[""1""]"
PXD046500,with_methods,number_of_biological_replicates,numeric,0.0,agree,"[""1"", ""3""]","[""1""]"
PXD046500,with_methods,technology_type,lin,1.0,agree,"[""bottom-up proteomics""]","[""bottom-up proteomics""]"
PXD046731,abstract_only,experimental_design,exact,0.0,disagree,"[""case vs control""]","[""treated vs control""]"
PXD046731,abstract_only,technology_type,lin,1.0,agree,"[""label-free quantitative plasma proteomics""]","[""label-free quantitative proteomics""]"
PXD046856,abstract_only,technology_type,lin,1.0,agree,"[""bottom-up proteomics""]","[""bottom-up proteomics"", ""data-dependent acquisition"", ""dimethyl labeling""]"
PXD047005,abstract_only,technology_type,lin,1.0,agree,"[""proteomics""]","[""bottom-up proteomics""]"
PXD047062,with_methods,experimental_design,exact,1.0,agree,"[""treated vs control""]","[""treated vs control""]"
PXD047062,with_methods,factor_value,lin,1.0,agree,"[""senescent vs non-senescent""]","[""senescent vs non-senescent""]"
PXD047062,with_methods,number_of_fractions,numeric,0.0,agree,"[""20""]","[""20""]"
PXD047062,with_methods,technology_type,lin,1.0,agree,"[""bottom-up proteomics"", ""targeted proteomics""]","[""targeted proteomics""]"
PXD047157,with_methods,technology_type,lin,0.9663632996183132,partial,"[""affinity purification coupled with mass spectrometry proteomics""]","[""gel-based proteomics""]"
PXD047413,with_methods,technology_type,lin,0.9663632996183132,partial,"[""quantitative lc-ms/ms proteomics""]","[""bottom-up proteomics""]"
PXD047864,abstract_only,technical_replicate,numeric,0.0,agree,"[""3""]","[""3""]"
PXD047864,abstract_only,experimental_design,exact,1.0,agree,"[""dose response""]","[""dose response""]"
PXD047864,abstract_only,factor_value,lin,,,"[""abd-110 @ 0.001 \u03bcm"", ""abd-110 @ 0.01 \u03bcm"", ""abd-110 @ 0.1 \u03bcm"", ""abd-110 @ 1 \u03bcm"", ""abd-110 @ 10 \u03bcm"", ""dmso""]","[""abd-110 @ 0.001 \u03bcm"", ""abd-110 @ 0.01 \u03bcm"", ""abd-110 @ 0.1 \u03bcm"", ""abd-110 @ 1 \u03bcm"", ""abd-110 @ 10 \u03bcm"", ""dmso""]"
PXD047864,abstract_only,number_of_technical_replicates,numeric,0.0,agree,"[""3""]","[""3""]"
PXD047864,abstract_only,number_of_biological_replicates,numeric,0.0,agree,"[""3"", ""5""]","[""5""]"
PXD047864,abstract_only,technology_type,lin,1.0,agree,"[""affinity purification coupled with mass spectrometry proteomics"", ""shotgun proteomics"", ""targeted proteomics""]","[""affinity purification coupled with mass spectrometry proteomics"", ""bottom-up proteomics"", ""targeted proteomics""]"
PXD047958,abstract_only,experimental_design,exact,0.0,disagree,"[""case vs control""]","[""treated vs control""]"
PXD047958,abstract_only,factor_value,lin,3.0839064520188794e-05,disagree,"[""tumor vs non-tumor""]","[""treatment""]"
PXD047958,abstract_only,technology_type,lin,1.0,agree,"[""proteomics""]","[""bottom-up proteomics""]"
PXD048054,abstract_only,technology_type,lin,1.0,agree,"[""affinity purification coupled with mass spectrometry proteomics""]","[""affinity purification coupled with mass spectrometry proteomics""]"
PXD048186,with_methods,experimental_design,exact,1.0,agree,"[""case vs control""]","[""case vs control""]"
PXD048186,with_methods,factor_value,lin,1.0,agree,"[""hcc vs healthy""]","[""hcc vs healthy""]"
PXD048186,with_methods,number_of_biological_replicates,numeric,25.0,disagree,"[""3""]","[""28""]"
PXD048186,with_methods,number_of_samples,numeric,0.0,agree,"[""56""]","[""56""]"
PXD048186,with_methods,technology_type,lin,0.8478082036785368,partial,"[""bottom-up proteomics"", ""dia""]","[""bottom-up proteomics""]"
PXD048450,with_methods,experimental_design,exact,1.0,agree,"[""treated vs control""]","[""treated vs control""]"
PXD048450,with_methods,factor_value,lin,,,"[""sit4\u03b4 vs wild-type""]","[""sit4\u03b4 vs wild-type""]"
PXD048450,with_methods,technology_type,lin,0.9663632996183132,partial,"[""shotgun proteomics""]","[""bottom-up proteomics""]"
PXD048534,abstract_only,experimental_design,exact,1.0,agree,"[""treated vs control""]","[""treated vs control""]"
PXD048534,abstract_only,factor_value,lin,0.0,disagree,"[""sch772984""]","[""rmc7977 vs dmso""]"
PXD048534,abstract_only,technology_type,lin,1.0,agree,"[""global proteomics"", ""phosphoproteomics""]","[""bottom-up proteomics"", ""global proteomics"", ""phosphoproteomics""]"
PXD048623,abstract_only,technology_type,lin,0.7577720172509382,partial,"[""structural proteomics""]","[""crosslinked mass spectrometry"", ""data-dependent acquisition""]"
PXD048866,abstract_only,factor_value,lin,1.0,agree,"[""scc7 vs scc7-m""]","[""scc7 vs scc7-m""]"
PXD048866,abstract_only,technology_type,lin,1.0,agree,"[""proteomics analysis""]","[""bottom-up proteomics""]"
PXD048968,with_methods,biological_replicate,numeric,0.0,agree,"[""3""]","[""3""]"
PXD048968,with_methods,technical_replicate,numeric,0.0,agree,"[""3""]","[""3""]"
PXD048968,with_methods,experimental_design,exact,1.0,agree,"[""time course"", ""treated vs control""]","[""time course""]"
PXD048968,with_methods,factor_value,lin,0.0696793878254448,disagree,"[""0.5 h"", ""100 nm oa"", ""12 h"", ""24 h"", ""33 nm oa"", ""4 h""]","[""time""]"
PXD048968,with_methods,number_of_technical_replicates,numeric,0.0,agree,"[""3""]","[""3""]"
PXD048968,with_methods,number_of_biological_replicates,numeric,0.0,agree,"[""3""]","[""3""]"
PXD048968,with_methods,number_of_samples,numeric,12.0,disagree,"[""24""]","[""12""]"
PXD048968,with_methods,technology_type,lin,0.9308095864727632,partial,"[""phosphoproteomics"", ""shotgun proteomics"", ""targeted proteomics""]","[""shotgun proteomics""]"
PXD049998,with_methods,experimental_design,exact,0.0,disagree,"[""treated vs control""]","[""case vs control""]"
PXD049998,with_methods,number_of_biological_replicates,numeric,11.0,disagree,"[""11"", ""18""]","[""29""]"
PXD049998,with_methods,number_of_samples,numeric,0.0,agree,"[""11"", ""18"", ""29""]","[""29""]"
PXD049998,with_methods,technology_type,lin,1.0,agree,"[""bottom-up proteomics""]","[""bottom-up proteomics""]"
PXD050135,with_methods,experimental_design,exact,1.0,agree,"[""treated vs control""]","[""treated vs control""]"
PXD050135,with_methods,factor_value,lin,1.0,agree,"[""genotype""]","[""genotype""]"
PXD050135,with_methods,technology_type,lin,0.9663632996183132,partial,"[""targeted proteomics""]","[""affinity purification coupled with mass spectrometry proteomics""]"
PXD050445,abstract_only,experimental_design,exact,1.0,agree,"[""treated vs control""]","[""treated vs control""]"
PXD050445,abstract_only,factor_value,lin,1.0,agree,"[""treatment""]","[""treatment""]"
PXD050565,abstract_only,experimental_design,exact,1.0,agree,"[""treated vs control""]","[""treated vs control""]"
PXD050565,abstract_only,factor_value,lin,0.0,disagree,"[""masld vs control"", ""mettl3 overexpression vs control""]","[""mettl3 overexpression""]"
PXD050565,abstract_only,technology_type,lin,1.0,agree,"[""proteomics""]","[""bottom-up proteomics""]"
PXD050892,abstract_only,technology_type,lin,1.0,agree,"[""affinity purification coupled with mass spectrometry proteomics""]","[""affinity proteomics"", ""bottom-up proteomics""]"
PXD050986,abstract_only,experimental_design,exact,0.0,disagree,"[""time course""]","[""treated vs control""]"
PXD050986,abstract_only,factor_value,lin,,,"[""ikaros induction""]","[""ikaros induction""]"
PXD050986,abstract_only,technology_type,lin,0.9663632996183132,partial,"[""affinity purification coupled with mass spectrometry proteomics""]","[""bottom-up proteomics""]"
PXD051072,abstract_only,experimental_design,exact,0.0,disagree,"[""case vs control""]","[""cross-sectional""]"
PXD051072,abstract_only,factor_value,lin,1.0,agree,"[""human cell line""]","[""cell line""]"
PXD051072,abstract_only,number_of_samples,numeric,0.0,agree,"[""4""]","[""4""]"
PXD051072,abstract_only,technology_type,lin,1.0,agree,"[""targeted proteomics""]","[""bottom-up proteomics"", ""data-dependent acquisition"", ""targeted proteomics""]"
PXD051197,abstract_only,experimental_design,exact,1.0,agree,"[""treated vs control""]","[""time course"", ""treated vs control""]"
PXD051197,abstract_only,factor_value,lin,0.0,disagree,"[""hypoxia"", ""tgf-\u03b2 treatment""]","[""hypoxia 4 or 24h or tgf-b1 48h"", ""tgf-\u03b2 treatment or hypoxia""]"
PXD051197,abstract_only,technology_type,lin,1.0,agree,"[""proteomic analysis""]","[""data-independent acquisition"", ""dia"", ""quantitative proteomics"", ""shotgun proteomics""]"
PXD051415,abstract_only,technology_type,lin,1.0,agree,"[""quantitative proteomic analysis""]","[""bottom-up proteomics"", ""data-dependent acquisition""]"
PXD051677,with_methods,biological_replicate,numeric,0.0,agree,"[""32 men""]","[""32""]"
PXD051677,with_methods,technical_replicate,numeric,0.0,agree,"[""2""]","[""2""]"
PXD051677,with_methods,experimental_design,exact,1.0,agree,"[""cross-sectional""]","[""cross-sectional""]"
PXD051677,with_methods,factor_value,lin,0.7510648598688552,partial,"[""glucose metabolism disorders""]","[""normal vs prediabetes vs t2d""]"
PXD051677,with_methods,number_of_technical_replicates,numeric,0.0,agree,"[""2""]","[""2""]"
PXD051677,with_methods,number_of_biological_replicates,numeric,0.0,agree,"[""32""]","[""32""]"
PXD051677,with_methods,number_of_samples,numeric,0.0,agree,"[""64""]","[""64""]"
PXD051677,with_methods,technology_type,lin,0.9663632996183132,partial,"[""dia proteomics""]","[""library-based dia proteomics""]"
PXD051723,with_methods,biological_replicate,numeric,0.0,agree,"[""3""]","[""11"", ""3""]"
PXD051723,with_methods,experimental_design,exact,1.0,agree,"[""cross-sectional""]","[""cross-sectional""]"
PXD051723,with_methods,factor_value,lin,1.0,agree,"[""cell line""]","[""cell line""]"
PXD051723,with_methods,number_of_fractions,numeric,0.0,agree,"[""6""]","[""6""]"
PXD051723,with_methods,number_of_biological_replicates,numeric,22.0,disagree,"[""33""]","[""11"", ""3""]"
PXD051723,with_methods,number_of_samples,numeric,0.0,agree,"[""11""]","[""11""]"
PXD051723,with_methods,technology_type,lin,1.0,agree,"[""shotgun proteomics""]","[""bottom-up proteomics"", ""shotgun proteomics""]"
PXD051859,abstract_only,experimental_design,exact,1.0,agree,"[""cross-sectional""]","[""cross-sectional""]"
PXD051985,abstract_only,technology_type,lin,1.0,agree,"[""bottom-up proteomics""]","[""bottom-up proteomics"", ""label free""]"
PXD052184,abstract_only,technology_type,lin,0.9663632996183132,partial,"[""affinity purification coupled with mass spectrometry proteomics""]","[""bottom-up proteomics""]"
PXD052726,with_methods,biological_replicate,numeric,24.0,disagree,"[""30""]","[""6""]"
PXD052726,with_methods,experimental_design,exact,0.0,disagree,"[""treated vs control""]","[""case vs control""]"
PXD052726,with_methods,factor_value,lin,,,"[""uc2 vs uc3 vs uc2-qev vs ps""]","[""tumor vs non-tumor""]"
PXD052726,with_methods,number_of_biological_replicates,numeric,4.0,disagree,"[""10""]","[""6""]"
PXD052726,with_methods,number_of_samples,numeric,0.0,agree,"[""10""]","[""10""]"
PXD052726,with_methods,technology_type,lin,1.0,agree,"[""bottom-up proteomics""]","[""bottom-up proteomics""]"
PXD053105,abstract_only,technology_type,lin,1.0,agree,"[""bottom-up proteomics""]","[""bottom-up proteomics""]"
PXD053677,abstract_only,experimental_design,exact,0.0,disagree,"[""case vs control""]","[""treated vs control""]"
PXD053677,abstract_only,factor_value,lin,,,"[""tcf3::hlf+ vs tcf3::pbx1+""]","[""tcf3::hlf+"", ""tcf3::pbx1+""]"
PXD053677,abstract_only,number_of_biological_replicates,numeric,5.0,disagree,"[""11""]","[""5"", ""6""]"
PXD053677,abstract_only,number_of_samples,numeric,0.0,agree,"[""11""]","[""11""]"
PXD053677,abstract_only,technology_type,lin,0.9663632996183132,partial,"[""shotgun proteomics""]","[""bottom-up proteomics""]"
PXD054304,abstract_only,technology_type,lin,0.9349158164193165,partial,"[""label-free""]","[""bottom-up proteomics"", ""tmt""]"
PXD054428,abstract_only,experimental_design,exact,1.0,agree,"[""case vs control""]","[""case vs control""]"
PXD054428,abstract_only,number_of_biological_replicates,numeric,0.0,agree,"[""7""]","[""7""]"
PXD054428,abstract_only,number_of_samples,numeric,0.0,agree,"[""14""]","[""14""]"
PXD054428,abstract_only,technology_type,lin,1.0,agree,"[""bottom-up proteomics""]","[""bottom-up proteomics""]"
PXD054678,abstract_only,technology_type,lin,1.0,agree,"[""chemoproteomics""]","[""affinity purification coupled with mass spectrometry proteomics"", ""bottom-up proteomics"", ""immunopeptidomics""]"
PXD054861,abstract_only,experimental_design,exact,1.0,agree,"[""treated vs control""]","[""treated vs control""]"
PXD054861,abstract_only,factor_value,lin,0.0,disagree,"[""mev infection""]","[""mev-infected vs uninfected""]"
PXD054861,abstract_only,technology_type,lin,1.0,agree,"[""bottom-up proteomics""]","[""bottom-up proteomics""]"
PXD055535,abstract_only,factor_value,lin,,,"[""fbxo31 variants""]","[""ha-fbxo31(deltafbox) untreated vs ha-fbxo31(deltafbox) h2o2 treated"", ""ha-fbxo31(deltafbox, d334n) untreated vs ha-fbxo31(deltafbox) untreated""]"
PXD055535,abstract_only,technology_type,lin,1.0,agree,"[""affinity purification coupled with mass spectrometry proteomics""]","[""affinity proteomics"", ""ap-ms""]"
PXD055766,abstract_only,experimental_design,exact,1.0,agree,"[""treated vs control""]","[""treated vs control""]"
PXD055766,abstract_only,factor_value,lin,1.4627150416106068e-05,disagree,"[""resistance""]","[""wild-type vs mutant""]"
PXD055950,with_methods,biological_replicate,numeric,3.0,disagree,"[""6""]","[""3""]"
PXD055950,with_methods,number_of_biological_replicates,numeric,3.0,disagree,"[""6""]","[""3""]"
PXD055950,with_methods,technology_type,lin,0.9663632996183132,partial,"[""targeted proteomics""]","[""affinity purification coupled with mass spectrometry proteomics""]"
PXD056059,abstract_only,technology_type,lin,1.0,agree,"[""shotgun proteomics""]","[""shotgun proteomics""]"
PXD056095,abstract_only,technology_type,lin,0.9130020666102265,partial,"[""quantitative mass spectrometry""]","[""affinity purification coupled with mass spectrometry proteomics"", ""bottom-up proteomics"", ""data-dependent acquisition""]"
PXD056192,abstract_only,technology_type,lin,0.4213844077135661,disagree,"[""cellular thermal shift assay proteomics""]","[""bottom-up proteomics"", ""tmt""]"
PXD056251,with_methods,experimental_design,exact,1.0,agree,"[""treated vs control""]","[""treated vs control""]"
PXD056251,with_methods,factor_value,lin,,,"[""pz48 treatment""]","[""pz48 treatment""]"
PXD056251,with_methods,technology_type,lin,0.000315760080068027,disagree,"[""silac-based quantitative acetylomics""]","[""affinity purification coupled with mass spectrometry proteomics"", ""bottom-up proteomics"", ""data-dependent acquisition""]"
PXD056345,with_methods,technical_replicate,numeric,0.0,agree,"[""3""]","[""3""]"
PXD056345,with_methods,experimental_design,exact,1.0,agree,"[""treated vs control""]","[""treated vs control""]"
PXD056345,with_methods,factor_value,lin,,,"[""gingisrex vs trypsin/lys-c""]","[""protease""]"
PXD056345,with_methods,number_of_technical_replicates,numeric,0.0,agree,"[""3""]","[""3""]"
PXD056345,with_methods,technology_type,lin,1.0,agree,"[""bottom-up proteomics""]","[""bottom-up proteomics""]"
PXD056469,abstract_only,experimental_design,exact,1.0,agree,"[""case vs control""]","[""case vs control""]"
PXD056469,abstract_only,factor_value,lin,1.0,agree,"[""nsclc vs healthy""]","[""nsclc patients vs healthy controls""]"
PXD056469,abstract_only,number_of_fractions,numeric,0.0,agree,"[""4""]","[""4""]"
PXD056469,abstract_only,technology_type,lin,0.6956164073570735,partial,"[""bottom-up proteomics""]","[""data-independent acquisition""]"
PXD056703,abstract_only,experimental_design,exact,1.0,agree,"[""treated vs control""]","[""treated vs control""]"
PXD056703,abstract_only,technology_type,lin,1.0,agree,"[""chemoproteomics""]","[""bottom-up proteomics""]"
PXD056894,with_methods,technical_replicate,numeric,0.0,agree,"[""4""]","[""4""]"
PXD056894,with_methods,experimental_design,exact,1.0,agree,"[""treated vs control""]","[""treated vs control""]"
PXD056894,with_methods,factor_value,lin,2.890032511410375e-05,disagree,"[""inhibitor vs vehicle""]","[""cell concentration"", ""cell line"", ""ddm concentration"", ""inhibitor vs vehicle control""]"
PXD056894,with_methods,number_of_technical_replicates,numeric,0.0,agree,"[""4""]","[""4""]"
PXD056894,with_methods,technology_type,lin,1.0,agree,"[""bottom-up proteomics""]","[""bottom-up proteomics"", ""data-independent acquisition""]"
PXD057003,with_methods,technology_type,lin,0.4213844077135661,disagree,"[""liquid chromatography\u2013tandem mass spectrometry""]","[""bottom-up proteomics""]"
PXD057205,with_methods,technical_replicate,numeric,0.0,agree,"[""3""]","[""3""]"
PXD057205,with_methods,experimental_design,exact,0.0,disagree,"[""treated vs control""]","[""cross-sectional""]"
PXD057205,with_methods,factor_value,lin,0.528359602840825,partial,"[""lc vs crc""]","[""lung cancer vs colorectal cancer""]"
PXD057205,with_methods,number_of_technical_replicates,numeric,0.0,agree,"[""3""]","[""3""]"
PXD057205,with_methods,technology_type,lin,1.0,agree,"[""bottom-up proteomics""]","[""bottom-up proteomics""]"
PXD057360,abstract_only,experimental_design,exact,1.0,agree,"[""time course""]","[""time course""]"
PXD057692,abstract_only,experimental_design,exact,1.0,agree,"[""case vs control""]","[""case vs control""]"
PXD057692,abstract_only,factor_value,lin,0.2351979134060606,disagree,"[""tumor vs non-tumor""]","[""celiac disease vs control""]"
PXD057692,abstract_only,technology_type,lin,0.8326566138472078,partial,"[""shotgun proteomics""]","[""4d-dia proteomics"", ""data-independent acquisition""]"
PXD057800,with_methods,biological_replicate,numeric,0.0,agree,"[""3""]","[""3 mice""]"
PXD057800,with_methods,technical_replicate,numeric,0.0,agree,"[""2""]","[""2""]"
PXD057800,with_methods,experimental_design,exact,1.0,agree,"[""treated vs control""]","[""treated vs control""]"
PXD057800,with_methods,factor_value,lin,,,"[""dau vs saline""]","[""daunorubicin vs saline""]"
PXD057800,with_methods,number_of_fractions,numeric,0.0,agree,"[""24""]","[""24""]"
PXD057800,with_methods,number_of_technical_replicates,numeric,0.0,agree,"[""2""]","[""2""]"
PXD057800,with_methods,number_of_biological_replicates,numeric,0.0,agree,"[""3""]","[""3""]"
PXD057800,with_methods,number_of_samples,numeric,0.0,agree,"[""6""]","[""6""]"
PXD057800,with_methods,technology_type,lin,1.0,agree,"[""bottom-up proteomics""]","[""bottom-up proteomics""]"
PXD057905,with_methods,experimental_design,exact,1.0,agree,"[""treated vs control""]","[""treated vs control""]"
PXD057905,with_methods,factor_value,lin,0.0,disagree,"[""rassf1a vs rigg""]","[""rassf1a antibody or rigg""]"
PXD057905,with_methods,technology_type,lin,1.0,agree,"[""affinity purification coupled with mass spectrometry proteomics""]","[""affinity purification coupled with mass spectrometry proteomics""]"
PXD058040,with_methods,experimental_design,exact,1.0,agree,"[""case vs control"", ""cross-sectional"", ""treated vs control""]","[""case vs control"", ""treated vs control""]"
PXD058040,with_methods,factor_value,lin,0.5,partial,"[""depolarized vs non-depolarized"", ""wt vs ko""]","[""basal vs depolarized"", ""wt vs ko""]"
PXD058040,with_methods,number_of_samples,numeric,0.0,agree,"[""20"", ""3""]","[""20""]"
PXD058040,with_methods,technology_type,lin,1.0,agree,"[""shotgun proteomics"", ""targeted proteomics""]","[""affinity purification coupled with mass spectrometry proteomics"", ""bottom-up proteomics""]"
PXD058191,abstract_only,experimental_design,exact,1.0,agree,"[""time course""]","[""time course"", ""treated vs control""]"
PXD058191,abstract_only,factor_value,lin,0.0,disagree,"[""heat stress""]","[""37 vs 42"", ""timepoints 5, 10, 30, 60""]"
PXD058191,abstract_only,technology_type,lin,0.8134582674224006,partial,"[""affinity purification coupled with mass spectrometry proteomics""]","[""cross-linking-mass spectrometry"", ""data-dependent acquisition"", ""data-independent acquisition""]"
PXD058318,abstract_only,experimental_design,exact,1.0,agree,"[""treated vs control""]","[""treated vs control""]"
PXD058318,abstract_only,factor_value,lin,0.07641830292790845,disagree,"[""rabusertib vs staurosporine""]","[""dmso"", ""rabusertib"", ""staurosporine""]"
PXD058318,abstract_only,technology_type,lin,1.5088146704060507e-05,disagree,"[""limited proteolysis coupled to mass spectrometry""]","[""lip-ms""]"
PXD058659,abstract_only,experimental_design,exact,1.0,agree,"[""time course""]","[""time course""]"
PXD058918,abstract_only,biological_replicate,numeric,1.0,partial,"[""3""]","[""4""]"
PXD058918,abstract_only,technical_replicate,numeric,0.0,agree,"[""3""]","[""3""]"
PXD058918,abstract_only,experimental_design,exact,1.0,agree,"[""treated vs control""]","[""treated vs control""]"
PXD058918,abstract_only,factor_value,lin,0.07991215423058269,disagree,"[""h2o2 treatment""]","[""tumor cell line comparison"", ""untreated vs 1 mm h2o2 vs 3 mm h2o2""]"
PXD058918,abstract_only,number_of_technical_replicates,numeric,0.0,agree,"[""3""]","[""3""]"
PXD058918,abstract_only,number_of_biological_replicates,numeric,3.0,disagree,"[""3""]","[""6""]"
PXD058918,abstract_only,number_of_samples,numeric,0.0,agree,"[""18""]","[""18""]"
PXD058918,abstract_only,technology_type,lin,0.5001771032058566,partial,"[""data-independent acquisition"", ""tandem mass tagging""]","[""tmtpro bottom-up targeted proteomics""]"
PXD059054,with_methods,experimental_design,exact,1.0,agree,"[""treated vs control""]","[""treated vs control""]"
PXD059054,with_methods,factor_value,lin,,,"[""atg1 utrs vs pgk1 utr""]","[""atg1 utr vs pgk1 utr"", ""tmt16 plex and label free""]"
PXD059054,with_methods,technology_type,lin,1.0,agree,"[""affinity purification coupled with mass spectrometry proteomics""]","[""affinity purification coupled with mass spectrometry proteomics"", ""bottom-up proteomics""]"
PXD059345,with_methods,technical_replicate,numeric,0.0,agree,"[""3""]","[""3""]"
PXD059345,with_methods,number_of_technical_replicates,numeric,0.0,agree,"[""3""]","[""3""]"
PXD059345,with_methods,technology_type,lin,0.7485955935188165,partial,"[""tandem mass spectrometry""]","[""bottom-up proteomics""]"
PXD059474,abstract_only,experimental_design,exact,1.0,agree,"[""treated vs control""]","[""treated vs control""]"
PXD059474,abstract_only,factor_value,lin,,,"[""spanxa2-ot1 silencing""]","[""spanxa2-ot1 silencing""]"
PXD059474,abstract_only,technology_type,lin,0.9663632996183132,partial,"[""shotgun proteomics""]","[""bottom-up proteomics""]"
PXD059593,with_methods,biological_replicate,numeric,0.0,agree,"[""3""]","[""3""]"
PXD059593,with_methods,technical_replicate,numeric,0.0,agree,"[""3""]","[""3""]"
PXD059593,with_methods,experimental_design,exact,1.0,agree,"[""treated vs control""]","[""treated vs control""]"
PXD059593,with_methods,factor_value,lin,1.0,agree,"[""mcf7 vs mcf10a""]","[""mcf7 vs mcf10a""]"
PXD059593,with_methods,number_of_technical_replicates,numeric,0.0,agree,"[""3""]","[""3""]"
PXD059593,with_methods,number_of_biological_replicates,numeric,0.0,agree,"[""3""]","[""3""]"
PXD059593,with_methods,number_of_samples,numeric,0.0,agree,"[""6""]","[""6""]"
PXD059593,with_methods,technology_type,lin,0.9831816498091566,partial,"[""affinity purification coupled with mass spectrometry proteomics"", ""bottom-up proteomics""]","[""affinity purification coupled with mass spectrometry proteomics""]"
PXD059892,with_methods,technology_type,lin,0.9379345237403842,partial,"[""phosphoproteomics"", ""proteomics""]","[""bottom-up proteomics"", ""data-independent acquisition""]"
PXD059977,abstract_only,technology_type,lin,1.0,agree,"[""proteomics""]","[""bottom-up proteomics""]"
PXD060047,abstract_only,technology_type,lin,1.0,agree,"[""proteomics""]","[""bottom-up proteomics""]"
PXD060340,with_methods,technology_type,lin,1.0,agree,"[""bottom-up proteomics""]","[""bottom-up proteomics""]"
PXD060714,abstract_only,experimental_design,exact,1.0,agree,"[""treated vs control""]","[""treated vs control""]"
PXD060714,abstract_only,factor_value,lin,,,"[""10 gy ir vs no ir""]","[""10 gy ir or not""]"
PXD060714,abstract_only,technology_type,lin,0.6150316105465435,partial,"[""mass spectrometry""]","[""data-dependent acquisition""]"
PXD060808,with_methods,experimental_design,exact,1.0,agree,"[""dose response"", ""treated vs control""]","[""treated vs control""]"
PXD060808,with_methods,factor_value,lin,0.0,disagree,"[""aloin"", ""uvb""]","[""uvb and aloin treatment""]"
PXD060808,with_methods,technology_type,lin,1.0,agree,"[""data independent acquisition""]","[""data independent acquisition"", ""label-free quantification""]"
PXD060875,with_methods,technology_type,lin,1.0,agree,"[""bottom-up proteomics""]","[""bottom-up proteomics"", ""data-dependent acquisition""]"
PXD060935,abstract_only,technology_type,lin,0.9349158164193165,partial,"[""label-free quantification proteomics""]","[""bottom-up proteomics""]"
PXD061015,with_methods,technical_replicate,numeric,0.0,agree,"[""2""]","[""2""]"
PXD061015,with_methods,number_of_technical_replicates,numeric,0.0,agree,"[""2""]","[""2""]"
PXD061015,with_methods,technology_type,lin,0.9663632996183132,partial,"[""data-independent acquisition proteomics""]","[""bottom-up proteomics"", ""data-dependent acquisition"", ""data-independent acquisition""]"
PXD061097,abstract_only,biological_replicate,numeric,,,"[""3""]","[""mice""]"
PXD061097,abstract_only,experimental_design,exact,1.0,agree,"[""treated vs control""]","[""treated vs control""]"
PXD061097,abstract_only,factor_value,lin,,,"[""control vs vwr"", ""wild-type vs flexdux4""]","[""genotype and exercise""]"
PXD061097,abstract_only,number_of_biological_replicates,numeric,3.0,disagree,"[""3""]","[""6""]"
PXD061097,abstract_only,number_of_samples,numeric,6.0,disagree,"[""12""]","[""6""]"
PXD061097,abstract_only,technology_type,lin,0.9663632996183132,partial,"[""mass spectrometry-based proteomics""]","[""bottom-up proteomics""]"
PXD061183,abstract_only,number_of_samples,numeric,0.0,agree,"[""6109""]","[""6109""]"
PXD061183,abstract_only,technology_type,lin,1.0,agree,"[""proteomic analysis""]","[""bottom-up proteomics"", ""data-independent acquisition"", ""faims-dia""]"
PXD061302,with_methods,experimental_design,exact,1.0,agree,"[""treated vs control""]","[""treated vs control""]"
PXD061302,with_methods,factor_value,lin,,,"[""gmap210 knockout vs control""]","[""gmap210 knockout"", ""golgin-160 knockout""]"
PXD061302,with_methods,number_of_fractions,numeric,0.0,agree,"[""15""]","[""15""]"
PXD061302,with_methods,technology_type,lin,1.0,agree,"[""bottom-up proteomics""]","[""bottom-up proteomics""]"
PXD061454,with_methods,experimental_design,exact,1.0,agree,"[""treated vs control""]","[""treated vs control""]"
PXD061454,with_methods,factor_value,lin,1.0,agree,"[""mdm2 knockdown""]","[""mdm2 expression"", ""mdm2 knockdown""]"
PXD061454,with_methods,number_of_fractions,numeric,0.0,agree,"[""3""]","[""3""]"
PXD061454,with_methods,technology_type,lin,1.0,agree,"[""bottom-up proteomics""]","[""bottom-up proteomics"", ""data-dependent acquisition"", ""homo sapiens (human)"", ""phosphorylated residue"", ""q exactive"", ""silac""]"
PXD061586,abstract_only,experimental_design,exact,0.0,disagree,"[""case vs control""]","[""cross-sectional""]"
PXD061638,abstract_only,experimental_design,exact,0.0,disagree,"[""cross-sectional""]","[""case vs control""]"
PXD061638,abstract_only,factor_value,lin,0.0701792067866982,disagree,"[""human sperm""]","[""normal control vs asthenozoospermia""]"
PXD061638,abstract_only,technology_type,lin,1.0,agree,"[""discovery proteomics""]","[""data-independent acquisition"", ""top-down proteomics""]"
PXD061848,abstract_only,technology_type,lin,1.0,agree,"[""bottom-up proteomics""]","[""bottom-up proteomics""]"
PXD061879,abstract_only,technology_type,lin,0.6956164073570735,partial,"[""bottom-up proteomics""]","[""data-dependent acquisition"", ""data-independent acquisition""]"
PXD062108,with_methods,experimental_design,exact,1.0,agree,"[""treated vs control""]","[""treated vs control""]"
PXD062108,with_methods,factor_value,lin,0.019660454864551834,disagree,"[""irradiation"", ""time point""]","[""sdir vs control""]"
PXD062108,with_methods,technology_type,lin,1.0,agree,"[""bottom-up proteomics""]","[""bottom-up proteomics"", ""shotgun proteomics""]"
PXD062318,with_methods,experimental_design,exact,1.0,agree,"[""case vs control""]","[""case vs control""]"
PXD062318,with_methods,factor_value,lin,0.7242082206177238,partial,"[""gastritis, preneoplasia, gc, healthy controls""]","[""gastritis vs preneoplasia vs gc vs healthy control""]"
PXD062318,with_methods,number_of_biological_replicates,numeric,29.0,disagree,"[""39""]","[""10""]"
PXD062318,with_methods,number_of_samples,numeric,0.0,agree,"[""39""]","[""39""]"
PXD062318,with_methods,technology_type,lin,1.0,agree,"[""bottom-up proteomics""]","[""bottom-up proteomics""]"
PXD062419,abstract_only,experimental_design,exact,1.0,agree,"[""case vs control""]","[""case vs control""]"
PXD062419,abstract_only,factor_value,lin,1.0,agree,"[""als vs control""]","[""als vs non-neurodegenerative control""]"
PXD062419,abstract_only,number_of_biological_replicates,numeric,0.0,agree,"[""48""]","[""48""]"
PXD062419,abstract_only,number_of_samples,numeric,0.0,agree,"[""48""]","[""48""]"
PXD062419,abstract_only,technology_type,lin,1.0,agree,"[""targeted proteomics""]","[""peptidomics"", ""top-down proteomics""]"
PXD062511,abstract_only,biological_replicate,numeric,0.0,agree,"[""3""]","[""3""]"
PXD062511,abstract_only,experimental_design,exact,1.0,agree,"[""treated vs control""]","[""treated vs control""]"
PXD062511,abstract_only,factor_value,lin,1.0,agree,"[""p62 vs control""]","[""p62 vs control""]"
PXD062511,abstract_only,number_of_biological_replicates,numeric,0.0,agree,"[""3""]","[""3""]"
PXD062511,abstract_only,number_of_samples,numeric,0.0,agree,"[""6""]","[""6""]"
PXD062511,abstract_only,technology_type,lin,1.0,agree,"[""affinity purification coupled with mass spectrometry proteomics""]","[""affinity purification coupled with mass spectrometry proteomics""]"
PXD062723,abstract_only,experimental_design,exact,0.0,disagree,"[""cross-sectional""]","[""treated vs control""]"
PXD062723,abstract_only,factor_value,lin,1.0,agree,"[""immature reticulocytes vs mature reticulocytes vs erythrocytes""]","[""immature bone marrow reticulocytes vs mature circulating reticulocytes""]"
PXD062723,abstract_only,technology_type,lin,0.000315760080068027,disagree,"[""absolute quantification""]","[""bottom-up proteomics""]"
PXD062818,abstract_only,experimental_design,exact,1.0,agree,"[""time course""]","[""time course"", ""treated vs control""]"
PXD062818,abstract_only,technology_type,lin,1.0,agree,"[""phosphoproteomics""]","[""data-independent acquisition"", ""phosphoproteomics""]"
PXD063082,with_methods,number_of_fractions,numeric,0.0,agree,"[""11"", ""6""]","[""11"", ""6""]"
PXD063082,with_methods,number_of_biological_replicates,numeric,0.0,agree,"[""3""]","[""3""]"
PXD063082,with_methods,technology_type,lin,0.9663632996183132,partial,"[""shotgun proteomics""]","[""bottom-up proteomics"", ""data-dependent acquisition"", ""data-independent acquisition"", ""diapasef""]"
PXD063628,abstract_only,factor_value,lin,0.0,disagree,"[""interferon-gamma with and without metformin""]","[""treated with interferon-gamma (10 ng/ml) with and without metformin 1 mm""]"
PXD063628,abstract_only,technology_type,lin,0.8758690474807684,partial,"[""proteomics""]","[""data-independent acquisition""]"
PXD063969,with_methods,biological_replicate,numeric,0.0,agree,"[""3""]","[""3""]"
PXD063969,with_methods,experimental_design,exact,1.0,agree,"[""treated vs control""]","[""treated vs control""]"
PXD063969,with_methods,factor_value,lin,,,"[""lysis method and strain genotype""]","[""detergent-based lysis vs mechanical lysis""]"
PXD063969,with_methods,number_of_fractions,numeric,72.0,disagree,"[""24""]","[""96""]"
PXD063969,with_methods,technology_type,lin,1.0,agree,"[""bottom-up proteomics""]","[""bottom-up proteomics"", ""data-dependent acquisition""]"
PXD064064,with_methods,biological_replicate,numeric,0.0,agree,"[""5""]","[""5""]"
PXD064064,with_methods,technical_replicate,numeric,0.0,agree,"[""2""]","[""2""]"
PXD064064,with_methods,experimental_design,exact,1.0,agree,"[""time course""]","[""time course""]"
PXD064064,with_methods,factor_value,lin,,,"[""lps stimulation time points (0, 5, and 30 min)""]","[""lps stimulation time""]"
PXD064064,with_methods,number_of_technical_replicates,numeric,0.0,agree,"[""2""]","[""2""]"
PXD064064,with_methods,number_of_biological_replicates,numeric,0.0,agree,"[""5""]","[""5""]"
PXD064064,with_methods,technology_type,lin,0.9379345237403842,partial,"[""data-dependent acquisition"", ""data-independent acquisition"", ""global proteomics"", ""phosphoproteomics""]","[""data-dependent acquisition"", ""data-independent acquisition""]"
PXD064199,with_methods,biological_replicate,numeric,,,"[""seedlings""]","[""3""]"
PXD064199,with_methods,experimental_design,exact,1.0,agree,"[""treated vs control""]","[""treated vs control""]"
PXD064199,with_methods,factor_value,lin,0.0,disagree,"[""col-fri non-transgenic"", ""vin3-gfp vrn5vel"", ""vin3-gfp wt""]","[""transgenic line vs col-fri""]"
PXD064199,with_methods,technology_type,lin,0.9663632996183132,partial,"[""affinity purification coupled with mass spectrometry proteomics""]","[""bottom-up proteomics""]"
PXD064439,abstract_only,experimental_design,exact,1.0,agree,"[""case vs control""]","[""case vs control""]"
PXD064439,abstract_only,factor_value,lin,1.0,agree,"[""pdac vs healthy""]","[""pdac vs healthy""]"
PXD064439,abstract_only,number_of_biological_replicates,numeric,0.0,agree,"[""59""]","[""59""]"
PXD064439,abstract_only,number_of_samples,numeric,0.0,agree,"[""59""]","[""59""]"
PXD064439,abstract_only,technology_type,lin,1.0,agree,"[""bottom-up proteomics""]","[""bottom-up proteomics""]"
PXD064568,abstract_only,experimental_design,exact,1.0,agree,"[""treated vs control""]","[""treated vs control""]"
PXD064568,abstract_only,factor_value,lin,0.0,disagree,"[""chaperone deletion""]","[""dnakj deletion"", ""trigger factor deletion""]"
PXD064568,abstract_only,technology_type,lin,0.9663632996183132,partial,"[""limited proteolysis mass-spectrometry""]","[""bottom-up proteomics""]"
PXD064871,abstract_only,experimental_design,exact,0.0,disagree,"[""treated vs control""]","[""time course""]"
PXD064871,abstract_only,factor_value,lin,1.0,agree,"[""dexamethasone""]","[""dexamethasone"", ""time""]"
PXD064871,abstract_only,technology_type,lin,0.9663632996183132,partial,"[""shotgun proteomics""]","[""bottom-up proteomics""]"
PXD065200,abstract_only,technology_type,lin,,,"[""immunopeptidomics""]","[""data-dependent acquisition"", ""immunopeptidomics""]"
PXD065854,abstract_only,experimental_design,exact,1.0,agree,"[""treated vs control""]","[""treated vs control""]"
PXD065854,abstract_only,factor_value,lin,,,"[""wildtype vs rage deficient""]","[""wildtype vs rage deficient""]"
PXD065854,abstract_only,technology_type,lin,0.9663632996183132,partial,"[""shotgun proteomics""]","[""bottom-up proteomics""]"
PXD066029,abstract_only,technology_type,lin,1.0,agree,"[""bottom-up proteomics""]","[""bottom-up proteomics"", ""data-dependent acquisition"", ""data-independent acquisition""]"
PXD066251,abstract_only,technology_type,lin,0.000315760080068027,disagree,"[""crosslinking lc-ms/ms""]","[""bottom-up proteomics""]"
PXD067064,with_methods,number_of_biological_replicates,numeric,39.0,disagree,"[""78""]","[""39""]"
PXD067064,with_methods,number_of_samples,numeric,0.0,agree,"[""78""]","[""78""]"
PXD067213,abstract_only,experimental_design,exact,1.0,agree,"[""treated vs control""]","[""treated vs control""]"
PXD067213,abstract_only,factor_value,lin,,,"[""genotype and pressure overload""]","[""genotype and surgery""]"
PXD067213,abstract_only,technology_type,lin,1.0,agree,"[""tmt-based quantitative mass spectrometry proteomics""]","[""tmt-based quantitative mass spectrometry""]"
PXD067890,with_methods,biological_replicate,numeric,0.0,agree,"[""3""]","[""3""]"
PXD067890,with_methods,experimental_design,exact,1.0,agree,"[""treated vs control""]","[""treated vs control""]"
PXD067890,with_methods,factor_value,lin,0.0,disagree,"[""postherpetic neuralgia vs healthy""]","[""phn vs healthy control""]"
PXD067890,with_methods,number_of_biological_replicates,numeric,0.0,agree,"[""3""]","[""3""]"
PXD067890,with_methods,number_of_samples,numeric,0.0,agree,"[""6""]","[""6""]"
PXD067890,with_methods,technology_type,lin,0.9663632996183132,partial,"[""tmt-based quantitative proteomics""]","[""bottom-up proteomics""]"
PXD068127,abstract_only,biological_replicate,numeric,2.0,disagree,"[""1""]","[""3""]"
PXD068127,abstract_only,technical_replicate,numeric,0.0,agree,"[""1""]","[""1""]"
PXD068127,abstract_only,factor_value,lin,,,"[""neutral sphingomyelinase treatment""]","[""mscs vs evs""]"
PXD068127,abstract_only,number_of_technical_replicates,numeric,0.0,agree,"[""1""]","[""1""]"
PXD068127,abstract_only,number_of_biological_replicates,numeric,0.0,agree,"[""3""]","[""3""]"
PXD068127,abstract_only,technology_type,lin,0.9663632996183132,partial,"[""shotgun proteomics""]","[""bottom-up proteomics""]"
PXD068675,abstract_only,technology_type,lin,0.9663632996183132,partial,"[""affinity purification coupled with mass spectrometry proteomics""]","[""bottom-up proteomics""]"
PXD069095,abstract_only,experimental_design,exact,1.0,agree,"[""treated vs control""]","[""time course"", ""treated vs control""]"
PXD069095,abstract_only,factor_value,lin,0.12789029164301483,disagree,"[""sodium arsenite treatment""]","[""rapamycin, sodium arsenite, water""]"
PXD069095,abstract_only,technology_type,lin,0.0004894480848679128,disagree,"[""in-cell limited proteolysis-coupled mass spectrometry""]","[""affinity purification coupled with mass spectrometry proteomics"", ""bottom-up proteomics"", ""targeted proteomics""]"
PXD069666,abstract_only,experimental_design,exact,1.0,agree,"[""treated vs control""]","[""treated vs control""]"
PXD069666,abstract_only,factor_value,lin,1.0,agree,"[""nutrient cocktail vs control""]","[""nutrient cocktail supplementation""]"
PXD069666,abstract_only,technology_type,lin,1.0,agree,"[""bottom-up proteomics""]","[""bottom-up proteomics""]"
PXD070491,abstract_only,experimental_design,exact,1.0,agree,"[""treated vs control""]","[""treated vs control""]"
PXD070491,abstract_only,factor_value,lin,1.0,agree,"[""intermittent hypoxia vs normoxia""]","[""intermittent hypoxia vs normoxia"", ""male vs female""]"
PXD070491,abstract_only,technology_type,lin,0.9663632996183132,partial,"[""shotgun proteomics""]","[""bottom-up proteomics"", ""data-dependent acquisition""]"
PXD000228,abstract_only,experimental_design,exact,1.0,agree,"[""treated vs control""]","[""treated vs control""]"
PXD000228,abstract_only,factor_value,lin,1.0,agree,"[""par-1 vs par-4 stimulation""]","[""par-1 stimulation"", ""par-4 stimulation""]"
PXD000228,abstract_only,technology_type,lin,0.9663632996183132,partial,"[""shotgun proteomics""]","[""bottom-up proteomics""]"
PXD000605,with_methods,experimental_design,exact,1.0,agree,"[""treated vs control""]","[""treated vs control""]"
PXD000605,with_methods,factor_value,lin,0.0,disagree,"[""baseline vs ripc""]","[""ripc vs baseline""]"
PXD000605,with_methods,number_of_fractions,numeric,10.0,disagree,"[""60""]","[""50""]"
PXD000605,with_methods,number_of_biological_replicates,numeric,0.0,agree,"[""6""]","[""6""]"
PXD000605,with_methods,number_of_samples,numeric,0.0,agree,"[""12""]","[""12""]"
PXD000605,with_methods,technology_type,lin,1.0,agree,"[""bottom-up proteomics""]","[""bottom-up proteomics""]"
PXD001249,abstract_only,experimental_design,exact,1.0,agree,"[""treated vs control""]","[""treated vs control""]"
PXD001249,abstract_only,factor_value,lin,,,"[""snw1 or prpf8 depletion""]","[""snw1 or prpf8 depletion""]"
PXD001415,abstract_only,experimental_design,exact,1.0,agree,"[""treated vs control""]","[""inflammatory activation"", ""treated vs control""]"
PXD001415,abstract_only,factor_value,lin,,,"[""inflammatory activation, dexamethasone treatment""]","[""dexamethasone treatment"", ""inflammatory activation vs rest""]"
PXD001415,abstract_only,technology_type,lin,0.9831816498091566,partial,"[""shotgun proteomics"", ""targeted proteomics""]","[""shotgun proteomics""]"
PXD001423,abstract_only,experimental_design,exact,1.0,agree,"[""treated vs control""]","[""treated vs control""]"
PXD001423,abstract_only,factor_value,lin,1.0,agree,"[""inflammatory activation""]","[""dexamethasone"", ""inflammatory activation""]"
PXD001423,abstract_only,technology_type,lin,0.9663632996183132,partial,"[""targeted proteomics""]","[""shotgun proteomics""]"
PXD001725,with_methods,biological_replicate,numeric,0.0,agree,"[""10""]","[""10""]"
PXD001725,with_methods,experimental_design,exact,1.0,agree,"[""cross-sectional""]","[""cross-sectional""]"
PXD001725,with_methods,factor_value,lin,0.16084999620436424,disagree,"[""pigmentation vs high immune""]","[""metastatic melanoma""]"
PXD001725,with_methods,number_of_fractions,numeric,0.0,agree,"[""6""]","[""6""]"
PXD001725,with_methods,number_of_biological_replicates,numeric,0.0,agree,"[""10""]","[""10""]"
PXD001725,with_methods,number_of_samples,numeric,0.0,agree,"[""10""]","[""10""]"
PXD001725,with_methods,technology_type,lin,0.9663632996183132,partial,"[""bottom-up proteomics""]","[""shotgun proteomics""]"
PXD002097,with_methods,experimental_design,exact,1.0,agree,"[""treated vs control""]","[""treated vs control""]"
PXD002097,with_methods,factor_value,lin,1.0,agree,"[""curcumin vs dmso""]","[""curcumin vs dmso""]"
PXD002097,with_methods,technology_type,lin,1.0,agree,"[""silac""]","[""affinity purification coupled with mass spectrometry proteomics"", ""shotgun proteomics"", ""silac""]"
PXD002591,abstract_only,technology_type,lin,0.9663632996183132,partial,"[""bottom-up proteomics""]","[""shotgun proteomics""]"
PXD002960,with_methods,experimental_design,exact,1.0,agree,"[""treated vs control""]","[""treated vs control""]"
PXD002960,with_methods,technology_type,lin,1.0,agree,"[""affinity purification coupled with mass spectrometry proteomics""]","[""affinity purification coupled with mass spectrometry proteomics""]"
PXD003215,with_methods,experimental_design,exact,0.0,disagree,"[""case vs control""]","[""treated vs control""]"
PXD003215,with_methods,technology_type,lin,0.0,disagree,"[""bottom-up proteomics""]","[""gel-based experiment""]"
PXD003346,abstract_only,factor_value,lin,0.0,disagree,"[""cancer vs noncancer""]","[""e. coli cells grown at two different conditions""]"
PXD003346,abstract_only,technology_type,lin,0.9663632996183132,partial,"[""targeted proteomics""]","[""shotgun proteomics"", ""tmt""]"
PXD003412,abstract_only,experimental_design,exact,1.0,agree,"[""treated vs control""]","[""treated vs control""]"
PXD003412,abstract_only,factor_value,lin,0.0,disagree,"[""cell type"", ""fraction"", ""interleukin 1-\u03b2""]","[""interleukin 1-\u03b2 stimulation""]"
PXD003412,abstract_only,number_of_fractions,numeric,0.0,agree,"[""3""]","[""3""]"
PXD003412,abstract_only,technology_type,lin,0.9663632996183132,partial,"[""bottom-up proteomics""]","[""shotgun proteomics""]"
PXD003533,with_methods,number_of_fractions,numeric,0.0,agree,"[""8""]","[""8""]"
PXD003533,with_methods,technology_type,lin,1.0,agree,"[""shotgun proteomics""]","[""shotgun proteomics"", ""top-down proteomics""]"
PXD003963,abstract_only,experimental_design,exact,1.0,agree,"[""treated vs control""]","[""treated vs control""]"
PXD003963,abstract_only,factor_value,lin,1.0,agree,"[""dexamethasone"", ""inflammatory stimulation""]","[""dexamethasone"", ""inflammatory stimulation""]"
PXD003963,abstract_only,technology_type,lin,0.9684835203822864,partial,"[""label-free quantification""]","[""shotgun proteomics""]"
PXD004143,with_methods,number_of_fractions,numeric,0.0,agree,"[""20""]","[""20""]"
PXD004143,with_methods,number_of_samples,numeric,0.0,agree,"[""2""]","[""2""]"
PXD004143,with_methods,technology_type,lin,0.862158664806786,partial,"[""parallel reaction monitoring"", ""shotgun proteomics"", ""targeted proteomics""]","[""bottom-up proteomics""]"
PXD004443,with_methods,experimental_design,exact,0.0,disagree,"[""treated vs control""]","[""case vs control""]"
PXD004443,with_methods,factor_value,lin,1.0,agree,"[""sle vs healthy controls""]","[""sle vs healthy controls""]"
PXD004443,with_methods,number_of_fractions,numeric,0.0,agree,"[""20""]","[""20""]"
PXD004443,with_methods,number_of_technical_replicates,numeric,0.0,agree,"[""3""]","[""3""]"
PXD004443,with_methods,number_of_biological_replicates,numeric,0.0,agree,"[""6""]","[""6""]"
PXD004443,with_methods,number_of_samples,numeric,0.0,agree,"[""6""]","[""6""]"
PXD004443,with_methods,technology_type,lin,0.0003642424431682526,disagree,"[""itraq""]","[""bottom-up proteomics""]"
PXD004764,abstract_only,technology_type,lin,1.0,agree,"[""shotgun proteomics""]","[""shotgun proteomics""]"
PXD005190,with_methods,experimental_design,exact,1.0,agree,"[""treated vs control""]","[""treated vs control""]"
PXD005190,with_methods,factor_value,lin,,,"[""ir exposure vs no treatment""]","[""ir exposure vs no treatment""]"
PXD005190,with_methods,technology_type,lin,0.9663632996183132,partial,"[""bottom-up proteomics""]","[""shotgun proteomics""]"
PXD005436,abstract_only,experimental_design,exact,1.0,agree,"[""case vs control""]","[""case vs control""]"
PXD005436,abstract_only,technology_type,lin,0.9663632996183132,partial,"[""quantitative proteomics""]","[""shotgun proteomics""]"
PXD005693,with_methods,number_of_fractions,numeric,0.0,agree,"[""3""]","[""3""]"
PXD005693,with_methods,technology_type,lin,0.9663632996183132,partial,"[""bottom-up proteomics""]","[""shotgun proteomics""]"
PXD005945,abstract_only,number_of_fractions,numeric,0.0,agree,"[""12""]","[""12""]"
PXD005945,abstract_only,number_of_samples,numeric,0.0,agree,"[""6""]","[""6""]"
PXD006233,with_methods,biological_replicate,numeric,0.0,agree,"[""3""]","[""3""]"
PXD006233,with_methods,experimental_design,exact,0.0,disagree,"[""treated vs control""]","[""case vs control""]"
PXD006233,with_methods,factor_value,lin,,,"[""ad + cvd vs control"", ""soluble vs particulate""]","[""disease_state: ad+cvd vs control""]"
PXD006233,with_methods,number_of_biological_replicates,numeric,0.0,agree,"[""3""]","[""3""]"
PXD006233,with_methods,number_of_samples,numeric,0.0,agree,"[""12""]","[""12""]"
PXD006233,with_methods,technology_type,lin,1.0,agree,"[""shotgun proteomics""]","[""shotgun proteomics""]"
PXD006401,with_methods,technology_type,lin,0.43895122933337194,disagree,"[""label-free, quantitative liquid chromatography \u2013 tandem mass spectrometry (lc-ms/ms)""]","[""shotgun proteomics""]"
PXD006517,abstract_only,technology_type,lin,0.9663632996183132,partial,"[""bottom-up proteomics""]","[""shotgun proteomics""]"
PXD006581,with_methods,factor_value,lin,1.58814645846123e-05,disagree,"[""treated vs control""]","[""tofacitinib""]"
PXD006581,with_methods,technology_type,lin,0.9663632996183132,partial,"[""bottom-up proteomics""]","[""affinity purification coupled with mass spectrometry proteomics"", ""shotgun proteomics""]"
PXD006723,abstract_only,experimental_design,exact,0.0,disagree,"[""treated vs control""]","[""time course""]"
PXD006723,abstract_only,factor_value,lin,,,"[""homozygous w580s mutation vs heterozygous""]","[""time course""]"
PXD006723,abstract_only,technology_type,lin,1.0,agree,"[""shotgun proteomics""]","[""shotgun proteomics""]"
PXD006833,abstract_only,number_of_samples,numeric,0.0,agree,"[""4""]","[""4""]"
PXD006833,abstract_only,technology_type,lin,0.9663632996183132,partial,"[""bottom-up proteomics""]","[""shotgun proteomics""]"
PXD007081,with_methods,biological_replicate,numeric,,,"[""7""]","[""conditional immortalized human podocytes"", ""urine-derived cells from fabry patients and healthy controls""]"
PXD007081,with_methods,experimental_design,exact,1.0,agree,"[""treated vs control""]","[""treated vs control""]"
PXD007081,with_methods,factor_value,lin,1.0,agree,"[""fabry vs healthy controls""]","[""alpha-galactosidase knockdown"", ""fabry disease status""]"
PXD007081,with_methods,number_of_biological_replicates,numeric,0.0,agree,"[""7""]","[""7""]"
PXD007081,with_methods,technology_type,lin,0.9663632996183132,partial,"[""bottom-up proteomics""]","[""shotgun proteomics""]"
PXD007231,with_methods,experimental_design,exact,1.0,agree,"[""time course""]","[""time course""]"
PXD007231,with_methods,factor_value,lin,1.4627150416106068e-05,disagree,"[""time""]","[""cancer-associated myofibroblasts"", ""oe21 cancer cells""]"
PXD007231,with_methods,technology_type,lin,0.9663632996183132,partial,"[""bottom-up proteomics""]","[""shotgun proteomics""]"
PXD007679,abstract_only,biological_replicate,numeric,,,"[""erap2-positive and erap2-negative cell lines""]","[""3""]"
PXD007679,abstract_only,experimental_design,exact,1.0,agree,"[""treated vs control""]","[""treated vs control""]"
PXD007679,abstract_only,factor_value,lin,,,"[""erap2 expression status""]","[""erap2 expression""]"
PXD007679,abstract_only,number_of_biological_replicates,numeric,1.0,partial,"[""4""]","[""3""]"
PXD007679,abstract_only,number_of_samples,numeric,2.0,disagree,"[""4""]","[""6""]"
PXD007679,abstract_only,technology_type,lin,0.9684835203822864,partial,"[""label-free quantitative mass spectrometry""]","[""affinity purification coupled with mass spectrometry proteomics"", ""shotgun proteomics""]"
PXD007750,with_methods,technical_replicate,numeric,0.0,agree,"[""3""]","[""3""]"
PXD007750,with_methods,number_of_technical_replicates,numeric,0.0,agree,"[""3""]","[""3""]"
PXD007750,with_methods,technology_type,lin,0.9663632996183132,partial,"[""bottom-up proteomics""]","[""shotgun proteomics""]"
PXD007896,abstract_only,experimental_design,exact,1.0,agree,"[""treated vs control""]","[""treated vs control""]"
PXD007896,abstract_only,factor_value,lin,1.0,agree,"[""ifn-\u03b12a treatment"", ""ifn-\u03bb3 treatment"", ""pbs treatment""]","[""ifn-\u03b12a treatment"", ""ifn-\u03bb3 treatment"", ""pbs treatment""]"
PXD007896,abstract_only,technology_type,lin,0.9663632996183132,partial,"[""bottom-up proteomics""]","[""shotgun proteomics""]"
PXD008012,with_methods,experimental_design,exact,1.0,agree,"[""case vs control""]","[""case vs control""]"
PXD008012,with_methods,factor_value,lin,1.0,agree,"[""relapsed vs cured""]","[""relapsed vs cured cases""]"
PXD008012,with_methods,number_of_biological_replicates,numeric,0.0,agree,"[""34""]","[""34""]"
PXD008012,with_methods,number_of_samples,numeric,0.0,agree,"[""113"", ""34""]","[""34""]"
PXD008012,with_methods,technology_type,lin,0.9203040932668588,partial,"[""bottom-up proteomics"", ""label-free quantification"", ""phosphoproteomics""]","[""shotgun proteomics""]"
PXD008130,abstract_only,technology_type,lin,1.0,agree,"[""affinity purification coupled with mass spectrometry proteomics""]","[""shotgun proteomics""]"
PXD008252,with_methods,experimental_design,exact,1.0,agree,"[""treated vs control""]","[""treated vs control""]"
PXD008252,with_methods,factor_value,lin,0.0,disagree,"[""rnid1 vs anti-nkp44 mab""]","[""rnid1 vs anti-nkp44 mab vs absence""]"
PXD008252,with_methods,number_of_biological_replicates,numeric,0.0,agree,"[""4""]","[""4""]"
PXD008252,with_methods,technology_type,lin,1.0,agree,"[""shotgun proteomics""]","[""shotgun proteomics""]"
PXD008525,abstract_only,experimental_design,exact,1.0,agree,"[""treated vs control""]","[""treated vs control""]"
PXD008525,abstract_only,factor_value,lin,,,"[""wild type vs p300 knockout""]","[""wt vs p300 ko""]"
PXD008525,abstract_only,technology_type,lin,0.9663632996183132,partial,"[""quantitative proteomics""]","[""shotgun proteomics""]"
PXD008691,abstract_only,technology_type,lin,0.9663632996183132,partial,"[""proteomics""]","[""affinity purification coupled with mass spectrometry proteomics"", ""shotgun proteomics""]"
PXD008855,abstract_only,technology_type,lin,0.43895122933337194,disagree,"[""lc-ms""]","[""shotgun proteomics""]"
PXD008939,abstract_only,experimental_design,exact,1.0,agree,"[""treated vs control""]","[""treated vs control""]"
PXD008939,abstract_only,factor_value,lin,1.0,agree,"[""vinblastine or taxol""]","[""vinblastine or taxol""]"
PXD008939,abstract_only,technology_type,lin,1.0,agree,"[""targeted proteomics""]","[""top-down proteomics""]"
PXD009029,with_methods,biological_replicate,numeric,,,"[""patient pairs""]","[""289""]"
PXD009029,with_methods,experimental_design,exact,0.0,disagree,"[""longitudinal""]","[""time course""]"
PXD009029,with_methods,factor_value,lin,,,"[""baseline vs 8 weeks""]","[""baseline vs 8 weeks treatment""]"
PXD009029,with_methods,number_of_fractions,numeric,48.0,disagree,"[""24""]","[""72""]"
PXD009029,with_methods,number_of_biological_replicates,numeric,0.0,agree,"[""289""]","[""289""]"
PXD009029,with_methods,number_of_samples,numeric,0.0,agree,"[""289""]","[""289""]"
PXD009029,with_methods,technology_type,lin,0.43895122933337194,disagree,"[""multiplexed ion mobility-mass spectrometry""]","[""ion mobility-mass spectrometry proteomics"", ""shotgun proteomics""]"
PXD009142,with_methods,experimental_design,exact,0.0,disagree,"[""case vs control""]","[""treated vs control""]"
PXD009142,with_methods,factor_value,lin,1.0,agree,"[""ipsc-derived cecs vs human ce""]","[""ipscs-derived cecs vs human ce""]"
PXD009142,with_methods,number_of_fractions,numeric,0.0,agree,"[""24""]","[""24""]"
PXD009142,with_methods,number_of_samples,numeric,0.0,agree,"[""2""]","[""2""]"
PXD009142,with_methods,technology_type,lin,0.9663632996183132,partial,"[""bottom-up proteomics""]","[""label-free quantitative proteomics"", ""shotgun proteomics""]"
PXD009267,abstract_only,technology_type,lin,0.8695337632051017,partial,"[""phosphoproteomics"", ""quantitative mass spectrometry""]","[""shotgun proteomics""]"
PXD009321,with_methods,biological_replicate,numeric,0.0,agree,"[""3""]","[""3""]"
PXD009321,with_methods,experimental_design,exact,1.0,agree,"[""treated vs control""]","[""time course"", ""treated vs control""]"
PXD009321,with_methods,factor_value,lin,1.0,agree,"[""uninfected vs infected""]","[""infection status"", ""phosphonoformate (pfa) treatment"", ""time post infection""]"
PXD009321,with_methods,number_of_biological_replicates,numeric,0.0,agree,"[""3""]","[""3""]"
PXD009321,with_methods,number_of_samples,numeric,18.0,disagree,"[""30""]","[""12""]"
PXD009321,with_methods,technology_type,lin,1.0,agree,"[""targeted proteomics""]","[""targeted proteomics""]"
PXD009374,with_methods,experimental_design,exact,1.0,agree,"[""treated vs control""]","[""treated vs control""]"
PXD009374,with_methods,factor_value,lin,,,"[""cdkl5 knockout vs reintroduced""]","[""cdkl5 knock-out vs wild-type""]"
PXD009374,with_methods,number_of_fractions,numeric,0.0,agree,"[""12""]","[""12""]"
PXD009374,with_methods,number_of_biological_replicates,numeric,0.0,agree,"[""3""]","[""3""]"
PXD009374,with_methods,number_of_samples,numeric,0.0,agree,"[""6""]","[""6""]"
PXD009374,with_methods,technology_type,lin,0.9887877665394377,partial,"[""bottom-up proteomics"", ""shotgun proteomics"", ""tmt-based phosphoproteomics""]","[""shotgun proteomics""]"
PXD009476,with_methods,experimental_design,exact,0.0,disagree,"[""treated vs control""]","[""case vs control""]"
PXD009476,with_methods,number_of_fractions,numeric,0.0,agree,"[""24""]","[""24""]"
PXD009476,with_methods,technology_type,lin,0.9663632996183132,partial,"[""bottom-up proteomics""]","[""shotgun proteomics""]"
PXD009560,abstract_only,experimental_design,exact,0.0,disagree,"[""treated vs control""]","[""time course""]"
PXD009560,abstract_only,factor_value,lin,1.7576390555917382e-05,disagree,"[""zikv infection""]","[""treatment""]"
PXD009560,abstract_only,technology_type,lin,0.8326566138472078,partial,"[""affinity proteomics""]","[""shotgun proteomics""]"
PXD009603,with_methods,biological_replicate,numeric,14.0,disagree,"[""100"", ""14""]","[""114""]"
PXD009603,with_methods,experimental_design,exact,1.0,agree,"[""cross-sectional""]","[""cross-sectional""]"
PXD009603,with_methods,factor_value,lin,1.0,agree,"[""time period""]","[""sample age"", ""time period""]"
PXD009603,with_methods,number_of_biological_replicates,numeric,0.0,agree,"[""114""]","[""114""]"
PXD009603,with_methods,number_of_samples,numeric,0.0,agree,"[""114""]","[""114""]"
PXD009603,with_methods,technology_type,lin,1.0,agree,"[""shotgun proteomics""]","[""shotgun proteomics""]"
PXD009737,abstract_only,number_of_biological_replicates,numeric,2.0,disagree,"[""1""]","[""3""]"
PXD009737,abstract_only,number_of_samples,numeric,2.0,disagree,"[""1""]","[""3""]"
PXD009737,abstract_only,technology_type,lin,0.9663632996183132,partial,"[""bottom-up proteomics""]","[""shotgun proteomics""]"
PXD009801,abstract_only,biological_replicate,numeric,0.0,agree,"[""3""]","[""3""]"
PXD009801,abstract_only,experimental_design,exact,1.0,agree,"[""time course""]","[""time course""]"
PXD009801,abstract_only,number_of_biological_replicates,numeric,0.0,agree,"[""3""]","[""3""]"
PXD009801,abstract_only,number_of_samples,numeric,0.0,agree,"[""3""]","[""3""]"
PXD009801,abstract_only,technology_type,lin,0.9831816498091566,partial,"[""bottom-up proteomics"", ""shotgun proteomics""]","[""affinity purification coupled with mass spectrometry proteomics"", ""shotgun proteomics""]"
PXD009880,abstract_only,experimental_design,exact,0.0,disagree,"[""treated vs control""]","[""case vs control""]"
PXD009880,abstract_only,factor_value,lin,1.0,agree,"[""ethe1 deficiency""]","[""ethe1 deficiency vs control""]"
PXD009880,abstract_only,technology_type,lin,1.0,agree,"[""tmt-based large-scale proteomics""]","[""shotgun proteomics""]"
PXD010132,abstract_only,technology_type,lin,0.9663632996183132,partial,"[""bottom-up proteomics""]","[""shotgun proteomics""]"
PXD010223,with_methods,experimental_design,exact,1.0,agree,"[""treated vs control""]","[""treated vs control""]"
PXD010223,with_methods,technology_type,lin,0.9831816498091566,partial,"[""bottom-up proteomics"", ""shotgun proteomics""]","[""shotgun proteomics""]"
PXD010393,with_methods,number_of_fractions,numeric,0.0,agree,"[""46""]","[""46""]"
PXD010393,with_methods,number_of_technical_replicates,numeric,0.0,agree,"[""4""]","[""4""]"
PXD010393,with_methods,technology_type,lin,0.9663632996183132,partial,"[""bottom-up proteomics""]","[""shotgun proteomics""]"
PXD010538,with_methods,experimental_design,exact,1.0,agree,"[""treated vs control""]","[""treated vs control""]"
PXD010538,with_methods,factor_value,lin,0.9802836491342223,partial,"[""nnos/nos1 expression"", ""rapamycin treatment"", ""serum-free starvation""]","[""nos1 expression vs control"", ""rapamycin vs vehicle"", ""starvation vs full medium""]"
PXD010538,with_methods,technology_type,lin,0.5001691364650702,partial,"[""redox proteomics"", ""silac""]","[""label free"", ""shotgun proteomics""]"
PXD010708,abstract_only,number_of_fractions,numeric,0.0,agree,"[""54""]","[""54""]"
PXD010708,abstract_only,number_of_technical_replicates,numeric,0.0,agree,"[""3""]","[""3""]"
PXD010708,abstract_only,number_of_biological_replicates,numeric,0.0,agree,"[""5""]","[""5""]"
PXD010708,abstract_only,number_of_samples,numeric,0.0,agree,"[""5""]","[""5""]"
PXD010708,abstract_only,technology_type,lin,1.0,agree,"[""bottom-up proteomics""]","[""bottom-up proteomics"", ""shotgun proteomics""]"
PXD011000,abstract_only,biological_replicate,numeric,2.0,disagree,"[""5""]","[""3""]"
PXD011000,abstract_only,experimental_design,exact,1.0,agree,"[""case vs control""]","[""case vs control""]"
PXD011000,abstract_only,factor_value,lin,,,"[""lesional vs nonlesional""]","[""lesional vs nonlesional""]"
PXD011000,abstract_only,number_of_biological_replicates,numeric,5.0,disagree,"[""5""]","[""10""]"
PXD011000,abstract_only,number_of_samples,numeric,0.0,agree,"[""10""]","[""10""]"
PXD011000,abstract_only,technology_type,lin,1.0,agree,"[""bottom-up proteomics""]","[""bottom-up proteomics""]"
PXD011456,with_methods,technology_type,lin,0.9663632996183132,partial,"[""bottom-up proteomics""]","[""shotgun proteomics""]"
PXD017799,with_methods,biological_replicate,numeric,8.0,disagree,"[""8""]","[""16""]"
PXD017799,with_methods,technical_replicate,numeric,0.0,agree,"[""2""]","[""2""]"
PXD017799,with_methods,experimental_design,exact,0.0,disagree,"[""treated vs control""]","[""case vs control""]"
PXD017799,with_methods,factor_value,lin,,,"[""oab vs control""]","[""oab vs control""]"
PXD017799,with_methods,number_of_technical_replicates,numeric,0.0,agree,"[""2""]","[""2""]"
PXD017799,with_methods,number_of_biological_replicates,numeric,8.0,disagree,"[""8""]","[""16""]"
PXD017799,with_methods,number_of_samples,numeric,0.0,agree,"[""16""]","[""16""]"
PXD017799,with_methods,technology_type,lin,0.9663632996183132,partial,"[""affinity purification coupled with mass spectrometry proteomics""]","[""targeted proteomics""]"
PXD021106,with_methods,experimental_design,exact,1.0,agree,"[""case vs control""]","[""case vs control""]"
PXD021106,with_methods,factor_value,lin,1.0,agree,"[""mouth breathing vs nose breathing""]","[""mouth breathing vs nose breathing""]"
PXD021106,with_methods,number_of_biological_replicates,numeric,0.0,agree,"[""3""]","[""3""]"
PXD021106,with_methods,number_of_samples,numeric,0.0,agree,"[""20""]","[""20""]"
PXD021106,with_methods,technology_type,lin,0.9663632996183132,partial,"[""bottom-up proteomics""]","[""shotgun proteomics""]"
PXD030990,with_methods,biological_replicate,numeric,0.0,agree,"[""11""]","[""11""]"
PXD030990,with_methods,technical_replicate,numeric,0.0,agree,"[""2""]","[""2""]"
PXD030990,with_methods,experimental_design,exact,1.0,agree,"[""treated vs control""]","[""treated vs control""]"
PXD030990,with_methods,factor_value,lin,1.0,agree,"[""digestion method""]","[""digestion method""]"
PXD030990,with_methods,number_of_technical_replicates,numeric,0.0,agree,"[""2""]","[""2""]"
PXD030990,with_methods,number_of_biological_replicates,numeric,0.0,agree,"[""11""]","[""11""]"
PXD030990,with_methods,number_of_samples,numeric,0.0,agree,"[""22""]","[""22""]"
PXD030990,with_methods,technology_type,lin,0.9663632996183132,partial,"[""bottom-up proteomics""]","[""shotgun proteomics""]"
PXD046331,with_methods,biological_replicate,numeric,,,"[""3""]","[""cell lines""]"
PXD046331,with_methods,technical_replicate,numeric,0.0,agree,"[""3""]","[""3""]"
PXD046331,with_methods,experimental_design,exact,1.0,agree,"[""treated vs control""]","[""treated vs control""]"
PXD046331,with_methods,factor_value,lin,0.500007544073352,partial,"[""aox expression"", ""knockout""]","[""wt vs ko"", ""\u00b1 aox""]"
PXD046331,with_methods,number_of_technical_replicates,numeric,0.0,agree,"[""3""]","[""3""]"
PXD046331,with_methods,technology_type,lin,1.0,agree,"[""label-free quantification mass spectrometry""]","[""bottom-up proteomics"", ""label-free quantification mass spectrometry""]"
PXD046417,abstract_only,technology_type,lin,1.0,agree,"[""data-independent acquisition""]","[""bottom-up proteomics"", ""data-independent acquisition""]"
PXD046637,abstract_only,experimental_design,exact,0.0,disagree,"[""treated vs control""]","[""case vs control""]"
PXD046637,abstract_only,technology_type,lin,1.0,agree,"[""proteomics""]","[""bottom-up proteomics"", ""glycoproteomics"", ""phosphoproteomics""]"
PXD046734,abstract_only,experimental_design,exact,1.0,agree,"[""treated vs control""]","[""time course"", ""treated vs control""]"
PXD046734,abstract_only,technology_type,lin,1.0,agree,"[""bottom-up proteomics""]","[""bottom-up proteomics""]"
PXD046793,abstract_only,experimental_design,exact,0.0,disagree,"[""treated vs control""]","[""time course""]"
PXD046793,abstract_only,factor_value,lin,0.0,disagree,"[""lps stimulation""]","[""lps stimulation time""]"
PXD046793,abstract_only,technology_type,lin,1.0,agree,"[""bottom-up proteomics""]","[""bottom-up proteomics"", ""chemical cross-linking coupled with mass spectrometry proteomics"", ""data-dependent acquisition""]"
PXD046871,with_methods,biological_replicate,numeric,0.0,agree,"[""4""]","[""4""]"
PXD046871,with_methods,experimental_design,exact,1.0,agree,"[""time course""]","[""time course""]"
PXD046871,with_methods,factor_value,lin,,,"[""atra-induced differentiation time points""]","[""atra time points"", ""imr-32 vs sh-sy5y""]"
PXD046871,with_methods,number_of_fractions,numeric,0.0,agree,"[""8""]","[""8""]"
PXD046871,with_methods,number_of_biological_replicates,numeric,0.0,agree,"[""4""]","[""4""]"
PXD046871,with_methods,number_of_samples,numeric,0.0,agree,"[""10""]","[""10""]"
PXD046871,with_methods,technology_type,lin,1.0,agree,"[""bottom-up proteomics"", ""targeted proteomics""]","[""bottom-up proteomics""]"
PXD047066,with_methods,experimental_design,exact,1.0,agree,"[""treated vs control""]","[""treated vs control""]"
PXD047066,with_methods,factor_value,lin,1.0,agree,"[""senescent vs non-senescent""]","[""senescent vs non-senescent""]"
PXD047066,with_methods,number_of_fractions,numeric,0.0,agree,"[""20""]","[""20""]"
PXD047066,with_methods,technology_type,lin,0.9663632996183132,partial,"[""bottom-up proteomics""]","[""itraq-labeling quantitative proteomics""]"
PXD047169,with_methods,experimental_design,exact,1.0,agree,"[""treated vs control""]","[""treated vs control""]"
PXD047169,with_methods,factor_value,lin,0.0,disagree,"[""mustn1-deficient vs wild-type""]","[""mustn1 deficient vs wild-type""]"
PXD047169,with_methods,number_of_fractions,numeric,0.0,agree,"[""8""]","[""8""]"
PXD047169,with_methods,technology_type,lin,0.8758690474807684,partial,"[""data-independent acquisition""]","[""data-dependent acquisition"", ""targeted proteomics"", ""tmt labeling""]"
PXD047313,with_methods,experimental_design,exact,1.0,agree,"[""case vs control""]","[""case vs control""]"
PXD047313,with_methods,factor_value,lin,1.0,agree,"[""mitochondrial disease vs control""]","[""mitochondrial disease vs control""]"
PXD047313,with_methods,number_of_biological_replicates,numeric,66.0,disagree,"[""67""]","[""1""]"
PXD047313,with_methods,number_of_samples,numeric,0.0,agree,"[""84""]","[""84""]"
PXD047313,with_methods,technology_type,lin,1.0,agree,"[""bottom-up proteomics""]","[""bottom-up proteomics""]"
PXD047878,with_methods,technical_replicate,numeric,0.0,agree,"[""3""]","[""3""]"
PXD047878,with_methods,experimental_design,exact,1.0,agree,"[""treated vs control""]","[""treated vs control""]"
PXD047878,with_methods,factor_value,lin,,,"[""rmc-7977 vs dmso""]","[""rmc7977 vs dmso""]"
PXD047878,with_methods,number_of_technical_replicates,numeric,0.0,agree,"[""3""]","[""3""]"
PXD047979,with_methods,technical_replicate,numeric,0.0,agree,"[""3""]","[""3""]"
PXD047979,with_methods,experimental_design,exact,1.0,agree,"[""treated vs control""]","[""treated vs control""]"
PXD047979,with_methods,factor_value,lin,1.7576390555917382e-05,disagree,"[""dbp vs bp""]","[""treatment""]"
PXD047979,with_methods,number_of_technical_replicates,numeric,0.0,agree,"[""3""]","[""3""]"
PXD047979,with_methods,number_of_biological_replicates,numeric,1.0,partial,"[""4""]","[""3""]"
PXD047979,with_methods,technology_type,lin,1.0,agree,"[""bottom-up proteomics""]","[""bottom-up proteomics""]"
PXD048082,with_methods,biological_replicate,numeric,0.0,agree,"[""1""]","[""1""]"
PXD048082,with_methods,experimental_design,exact,1.0,agree,"[""treated vs control""]","[""treated vs control""]"
PXD048082,with_methods,factor_value,lin,,,"[""wildtype, naa10\u03b4, naa15\u03b4, naa15 (r354e, r355e), naa15 (r354a, r355a)""]","[""genotype""]"
PXD048082,with_methods,number_of_biological_replicates,numeric,0.0,agree,"[""1""]","[""1""]"
PXD048082,with_methods,number_of_samples,numeric,0.0,agree,"[""5""]","[""5""]"
PXD048082,with_methods,technology_type,lin,0.9831816498091566,partial,"[""affinity purification coupled with mass spectrometry proteomics"", ""bottom-up proteomics""]","[""bottom-up proteomics""]"
PXD048734,abstract_only,number_of_samples,numeric,0.0,agree,"[""58""]","[""58""]"
PXD048880,with_methods,technical_replicate,numeric,0.0,agree,"[""3""]","[""3""]"
PXD048880,with_methods,experimental_design,exact,1.0,agree,"[""treated vs control""]","[""treated vs control""]"
PXD048880,with_methods,factor_value,lin,0.500012893465228,partial,"[""cell line"", ""hypoxia""]","[""hypoxia vs normoxia""]"
PXD048880,with_methods,number_of_technical_replicates,numeric,0.0,agree,"[""3""]","[""3""]"
PXD048880,with_methods,technology_type,lin,0.9663632996183132,partial,"[""affinity purification coupled with mass spectrometry proteomics""]","[""bottom-up proteomics""]"
PXD049116,abstract_only,technology_type,lin,0.9663632996183132,partial,"[""mass spectrometry-based proteomics""]","[""bottom-up proteomics""]"
PXD049299,abstract_only,experimental_design,exact,1.0,agree,"[""time course""]","[""time course""]"
PXD049681,abstract_only,technology_type,lin,1.0,agree,"[""affinity purification coupled with mass spectrometry proteomics""]","[""affinity purification coupled with mass spectrometry proteomics"", ""bottom-up proteomics""]"
PXD050005,abstract_only,biological_replicate,numeric,,,"[""3""]","[""21 inhibitors + dmso""]"
PXD050005,abstract_only,experimental_design,exact,1.0,agree,"[""treated vs control""]","[""treated vs control""]"
PXD050005,abstract_only,factor_value,lin,0.0,disagree,"[""tumor inhibitor treatment""]","[""tumor inhibitors vs dmso""]"
PXD050005,abstract_only,number_of_biological_replicates,numeric,19.0,disagree,"[""3""]","[""22""]"
PXD050005,abstract_only,technology_type,lin,0.13798173852026913,disagree,"[""dia mass spectrometry""]","[""data independent acquisition""]"
PXD050141,abstract_only,technology_type,lin,1.0,agree,"[""affinity purification coupled with mass spectrometry proteomics""]","[""affinity purification coupled with mass spectrometry proteomics"", ""bottom-up proteomics""]"
PXD050321,with_methods,biological_replicate,numeric,0.0,agree,"[""4""]","[""4""]"
PXD050321,with_methods,technical_replicate,numeric,0.0,agree,"[""2""]","[""2""]"
PXD050321,with_methods,experimental_design,exact,1.0,agree,"[""treated vs control""]","[""treated vs control""]"
PXD050321,with_methods,factor_value,lin,0.0,disagree,"[""tunicamycin treatment""]","[""tunicamycin vs untreated""]"
PXD050321,with_methods,number_of_technical_replicates,numeric,0.0,agree,"[""2""]","[""2""]"
PXD050321,with_methods,number_of_biological_replicates,numeric,0.0,agree,"[""4""]","[""4""]"
PXD050321,with_methods,technology_type,lin,1.0,agree,"[""bottom-up proteomics""]","[""bottom-up proteomics""]"
PXD050453,abstract_only,experimental_design,exact,1.0,agree,"[""treated vs control""]","[""treated vs control""]"
PXD050453,abstract_only,technology_type,lin,0.9663632996183132,partial,"[""shotgun proteomics""]","[""affinity proteomics"", ""bottom-up proteomics""]"
PXD050580,with_methods,experimental_design,exact,1.0,agree,"[""time course""]","[""time course""]"
PXD050580,with_methods,factor_value,lin,,,"[""wild-type vs cosmc knockout""]","[""mmp9 digestion time""]"
PXD050580,with_methods,technology_type,lin,0.00039224600729558743,disagree,"[""targeted proteomics""]","[""tmt-tails degradomics workflow""]"
PXD050738,abstract_only,experimental_design,exact,1.0,agree,"[""treated vs control""]","[""treated vs control""]"
PXD050738,abstract_only,factor_value,lin,,,"[""usp39 depletion""]","[""sirna treatment""]"
PXD050738,abstract_only,technology_type,lin,1.0,agree,"[""complexome profiling""]","[""bottom-up proteomics""]"
PXD050904,with_methods,number_of_fractions,numeric,0.0,agree,"[""8""]","[""8""]"
PXD050904,with_methods,technology_type,lin,1.0,agree,"[""targeted proteomics""]","[""bottom-up proteomics"", ""data-dependent acquisition"", ""is-prm""]"
PXD050990,abstract_only,experimental_design,exact,1.0,agree,"[""treated vs control""]","[""treated vs control""]"
PXD050990,abstract_only,technology_type,lin,1.0,agree,"[""bottom-up proteomics""]","[""dia proteomics""]"
PXD051204,abstract_only,experimental_design,exact,1.0,agree,"[""case vs control""]","[""case vs control""]"
PXD051418,with_methods,biological_replicate,numeric,0.0,agree,"[""10""]","[""10""]"
PXD051418,with_methods,experimental_design,exact,1.0,agree,"[""treated vs control""]","[""treated vs control""]"
PXD051418,with_methods,factor_value,lin,,,"[""untreated, l-glu-\u03b3-ph, \u03b1-kg-\u03b3-ph""]","[""control/untreated cells"", ""treatment""]"
PXD051418,with_methods,number_of_biological_replicates,numeric,0.0,agree,"[""10""]","[""10""]"
PXD051418,with_methods,number_of_samples,numeric,0.0,agree,"[""30""]","[""30""]"
PXD051418,with_methods,technology_type,lin,1.0,agree,"[""shotgun proteomics""]","[""bottom-up proteomics"", ""shotgun proteomics""]"
PXD051678,abstract_only,technology_type,lin,1.0,agree,"[""affinity purification coupled with mass spectrometry proteomics""]","[""affinity purification coupled with mass spectrometry proteomics"", ""bottom-up proteomics""]"
PXD051734,abstract_only,experimental_design,exact,1.0,agree,"[""treated vs control""]","[""treated vs control""]"
PXD051734,abstract_only,factor_value,lin,,,"[""peptide-pulsed vs transgenic minigene-expressing""]","[""peptide-pulsed versus transgenic minigene-expressing cell lines""]"
PXD051734,abstract_only,technology_type,lin,1.0,agree,"[""affinity purification coupled with mass spectrometry proteomics""]","[""affinity purification coupled with mass spectrometry proteomics""]"
PXD051995,abstract_only,technology_type,lin,0.9663632996183132,partial,"[""chemoproteomics""]","[""affinity purification coupled with mass spectrometry proteomics""]"
PXD052203,with_methods,biological_replicate,numeric,0.0,agree,"[""3""]","[""3""]"
PXD052203,with_methods,experimental_design,exact,1.0,agree,"[""treated vs control""]","[""treated vs control""]"
PXD052203,with_methods,factor_value,lin,,,"[""ddp vs ddp+tsa""]","[""ddp vs ddp + tsa""]"
PXD052203,with_methods,number_of_fractions,numeric,0.0,agree,"[""12""]","[""12""]"
PXD052203,with_methods,number_of_biological_replicates,numeric,0.0,agree,"[""3""]","[""3""]"
PXD052203,with_methods,number_of_samples,numeric,0.0,agree,"[""6""]","[""6""]"
PXD052203,with_methods,technology_type,lin,1.0,agree,"[""bottom-up proteomics""]","[""bottom-up proteomics""]"
PXD052414,abstract_only,experimental_design,exact,1.0,agree,"[""treated vs control""]","[""treated vs control""]"
PXD052414,abstract_only,factor_value,lin,,,"[""lps treatment, mn1 sod-mimic""]","[""time"", ""treatment""]"
PXD052414,abstract_only,technology_type,lin,,,"[""kinetic redox proteomics""]","[""bottom-up proteomics""]"
PXD052745,abstract_only,experimental_design,exact,0.0,disagree,"[""cross-sectional""]","[""treated vs control""]"
PXD052745,abstract_only,factor_value,lin,0.14166523978967743,disagree,"[""parp family members""]","[""parp1 ~ parp16""]"
PXD052745,abstract_only,technology_type,lin,1.0,agree,"[""affinity purification coupled with mass spectrometry proteomics""]","[""affinity purification coupled with mass spectrometry proteomics""]"
PXD053138,with_methods,technical_replicate,numeric,0.0,agree,"[""2""]","[""2""]"
PXD053138,with_methods,experimental_design,exact,1.0,agree,"[""treated vs control""]","[""treated vs control""]"
PXD053138,with_methods,factor_value,lin,,,"[""compound treatment vs dmso""]","[""compound treatment vs dmso""]"
PXD053138,with_methods,number_of_fractions,numeric,0.0,agree,"[""96""]","[""24"", ""96""]"
PXD053138,with_methods,number_of_technical_replicates,numeric,0.0,agree,"[""2""]","[""2""]"
PXD053138,with_methods,technology_type,lin,0.9663632996183132,partial,"[""targeted proteomics""]","[""data-dependent acquisition"", ""shotgun proteomics"", ""tmt""]"
PXD053300,abstract_only,experimental_design,exact,1.0,agree,"[""treated vs control""]","[""treated vs control""]"
PXD053783,abstract_only,experimental_design,exact,1.0,agree,"[""treated vs control""]","[""treated vs control""]"
PXD053783,abstract_only,factor_value,lin,0.40737305173784544,disagree,"[""3d versus 2d"", ""mm versus cm""]","[""cell line"", ""dimensionality"", ""medium""]"
PXD053783,abstract_only,technology_type,lin,1.0,agree,"[""shotgun proteomics""]","[""shotgun proteomics""]"
PXD053894,abstract_only,technology_type,lin,0.9663632996183132,partial,"[""shotgun proteomics""]","[""bottom-up proteomics""]"
PXD054042,abstract_only,experimental_design,exact,1.0,agree,"[""time course""]","[""time course""]"
PXD054317,abstract_only,experimental_design,exact,1.0,agree,"[""treated vs control""]","[""treated vs control""]"
PXD054317,abstract_only,factor_value,lin,0.5000077895732795,partial,"[""eif4h-s knockdown vs control"", ""proliferating vs senescent""]","[""eif4h-s knockdown vs control""]"
PXD054317,abstract_only,technology_type,lin,1.0,agree,"[""affinity purification coupled with mass spectrometry proteomics""]","[""shotgun proteomics""]"
PXD054449,abstract_only,biological_replicate,numeric,0.0,agree,"[""5""]","[""5""]"
PXD054449,abstract_only,experimental_design,exact,1.0,agree,"[""treated vs control""]","[""treated vs control""]"
PXD054449,abstract_only,factor_value,lin,0.0,disagree,"[""fentomycin""]","[""fentomycin treated vs control""]"
PXD054449,abstract_only,number_of_biological_replicates,numeric,0.0,agree,"[""5""]","[""5""]"
PXD054449,abstract_only,technology_type,lin,1.0,agree,"[""quantitative mass spectrometry-based proteomics""]","[""shotgun proteomics""]"
PXD054681,abstract_only,experimental_design,exact,1.0,agree,"[""treated vs control""]","[""treated vs control""]"
PXD054681,abstract_only,technology_type,lin,1.0,agree,"[""tmt based quantitative proteomics""]","[""tmt-based bottom-up proteomics""]"
PXD055242,abstract_only,experimental_design,exact,1.0,agree,"[""case vs control""]","[""case vs control""]"
PXD055242,abstract_only,factor_value,lin,1.0,agree,"[""copd vs asymptomatic smokers vs healthy""]","[""asymptomatic smokers"", ""copd""]"
PXD055242,abstract_only,number_of_biological_replicates,numeric,20.0,disagree,"[""10""]","[""30""]"
PXD055242,abstract_only,number_of_samples,numeric,0.0,agree,"[""30""]","[""30""]"
PXD055242,abstract_only,technology_type,lin,1.0,agree,"[""bottom-up proteomics""]","[""bottom-up proteomics"", ""data-independent acquisition""]"
PXD055566,abstract_only,experimental_design,exact,1.0,agree,"[""treated vs control""]","[""treated vs control""]"
PXD055566,abstract_only,factor_value,lin,,,"[""hydroxyurea stress vs control""]","[""gcn5 mutant vs wild-type"", ""hu stress vs control""]"
PXD055566,abstract_only,technology_type,lin,1.755549387295798e-05,disagree,"[""limited proteolysis-coupled mass spectrometry""]","[""ap-ms"", ""lip-ms""]"
PXD055956,abstract_only,technology_type,lin,1.0,agree,"[""affinity purification coupled with mass spectrometry proteomics""]","[""affinity purification coupled with mass spectrometry proteomics""]"
PXD056061,with_methods,experimental_design,exact,1.0,agree,"[""treated vs control""]","[""treated vs control""]"
PXD056061,with_methods,factor_value,lin,0.02784744412864802,disagree,"[""dcbp"", ""filtrates of photoaged suspensions"", ""photoaged suspension"", ""solvent control"", ""temperature control"", ""vehicle control""]","[""treatment""]"
PXD056061,with_methods,technology_type,lin,1.0,agree,"[""bottom-up proteomics""]","[""bottom-up proteomics"", ""shotgun proteomics""]"
PXD056096,abstract_only,experimental_design,exact,1.0,agree,"[""time course""]","[""time course""]"
PXD056096,abstract_only,number_of_samples,numeric,0.0,agree,"[""7""]","[""7""]"
PXD056096,abstract_only,technology_type,lin,1.0,agree,"[""proteomics""]","[""bottom-up proteomics""]"
PXD056168,with_methods,biological_replicate,numeric,,,"[""1""]","[""stable clones""]"
PXD056168,with_methods,technology_type,lin,0.9663632996183132,partial,"[""shotgun proteomics""]","[""bottom-up proteomics""]"
PXD056194,abstract_only,technology_type,lin,0.9663632996183132,partial,"[""proteomics""]","[""shotgun proteomics""]"
PXD056475,abstract_only,experimental_design,exact,1.0,agree,"[""time course""]","[""time course""]"
PXD056475,abstract_only,factor_value,lin,0.0006739097689161447,disagree,"[""time""]","[""1hr"", ""24hrs"", ""3hrs"", ""48hrs"", ""5hrs"", ""8hrs"", ""il-2 deprivation time""]"
PXD056559,abstract_only,technology_type,lin,0.45804398034732,disagree,"[""lc-ms/ms""]","[""bottom-up proteomics"", ""data-dependent acquisition""]"
PXD056736,with_methods,experimental_design,exact,1.0,agree,"[""time course""]","[""time course"", ""treated vs control""]"
PXD056736,with_methods,technology_type,lin,0.8839631649761527,partial,"[""data-independent acquisition proteomics""]","[""data-independent acquisition""]"
PXD056902,abstract_only,number_of_samples,numeric,0.0,agree,"[""4""]","[""4""]"
PXD057122,with_methods,experimental_design,exact,1.0,agree,"[""treated vs control""]","[""treated vs control""]"
PXD057122,with_methods,factor_value,lin,0.0,disagree,"[""treated vs control""]","[""dtagv-1 vs sirna""]"
PXD057122,with_methods,number_of_biological_replicates,numeric,2.0,disagree,"[""5""]","[""3""]"
PXD057122,with_methods,technology_type,lin,0.6956164073570735,partial,"[""bottom-up proteomics""]","[""data-dependent acquisition"", ""data-independent acquisition""]"
PXD057374,abstract_only,experimental_design,exact,1.0,agree,"[""case vs control""]","[""case vs control""]"
PXD057374,abstract_only,factor_value,lin,1.0,agree,"[""blood, saliva, and semen""]","[""blood"", ""saliva"", ""semen""]"
PXD057374,abstract_only,technology_type,lin,0.9663632996183132,partial,"[""shotgun proteomics""]","[""bottom-up proteomics"", ""data-dependent acquisition""]"
PXD057470,abstract_only,technology_type,lin,1.0,agree,"[""affinity purification coupled with mass spectrometry proteomics""]","[""affinity purification coupled with mass spectrometry proteomics""]"
PXD057601,abstract_only,factor_value,lin,,,"[""vitrification vs rapid freezing vs ejaculate""]","[""cryopreservation method""]"
PXD057601,abstract_only,number_of_biological_replicates,numeric,64.0,disagree,"[""71""]","[""7""]"
PXD057601,abstract_only,number_of_samples,numeric,64.0,disagree,"[""71""]","[""7""]"
PXD057601,abstract_only,technology_type,lin,0.9663632996183132,partial,"[""bottom-up proteomics""]","[""shotgun proteomics""]"
PXD057703,abstract_only,experimental_design,exact,1.0,agree,"[""time course""]","[""time course""]"
PXD057932,abstract_only,technology_type,lin,1.0,agree,"[""bottom-up proteomics""]","[""bottom-up proteomics""]"
PXD058049,with_methods,biological_replicate,numeric,0.0,agree,"[""3""]","[""3"", ""inferred: a375 melanoma cancer cells were exposed to 3 \u03bcm colloidal and green agnps for 24 and 48 h, and subsequently, their impact on the differential regulation of proteins was studied.""]"
PXD058049,with_methods,technical_replicate,numeric,0.0,agree,"[""2""]","[""2""]"
PXD058049,with_methods,experimental_design,exact,1.0,agree,"[""time course""]","[""time course""]"
PXD058049,with_methods,factor_value,lin,,,"[""agnp treatment and time""]","[""agnp treatment and time""]"
PXD058049,with_methods,number_of_technical_replicates,numeric,0.0,agree,"[""2""]","[""2""]"
PXD058049,with_methods,number_of_biological_replicates,numeric,0.0,agree,"[""3""]","[""3""]"
PXD058049,with_methods,technology_type,lin,0.9663632996183132,partial,"[""data independent acquisition proteomics""]","[""bottom-up proteomics"", ""data-independent acquisition""]"
PXD058196,with_methods,technology_type,lin,1.0,agree,"[""bottom-up proteomics"", ""targeted proteomics""]","[""bottom-up proteomics"", ""data-dependent acquisition""]"
PXD058320,abstract_only,experimental_design,exact,1.0,agree,"[""treated vs control""]","[""treated vs control""]"
PXD058320,abstract_only,factor_value,lin,,,"[""go 6983 and staurosporine treatment""]","[""probe, staurosporine, or 2% dmso""]"
PXD058320,abstract_only,technology_type,lin,1.0,agree,"[""limited proteolysis coupled to mass spectrometry""]","[""limited proteolysis coupled to mass spectrometry""]"
PXD058523,abstract_only,experimental_design,exact,1.0,agree,"[""treated vs control""]","[""treated vs control""]"
PXD058523,abstract_only,factor_value,lin,0.0,disagree,"[""treatment""]","[""lytac vs antibody""]"
PXD058661,with_methods,experimental_design,exact,0.0,disagree,"[""cross-sectional""]","[""treated vs control""]"
PXD058661,with_methods,factor_value,lin,1.0,agree,"[""freeze-thaw""]","[""freeze-thaw vs no freeze-thaw""]"
PXD058661,with_methods,number_of_biological_replicates,numeric,0.0,agree,"[""1""]","[""1""]"
PXD058661,with_methods,technology_type,lin,1.0,agree,"[""bottom-up proteomics""]","[""dia proteomics""]"
PXD058744,with_methods,biological_replicate,numeric,0.0,agree,"[""3""]","[""3""]"
PXD058744,with_methods,experimental_design,exact,1.0,agree,"[""treated vs control""]","[""treated vs control""]"
PXD058744,with_methods,factor_value,lin,,,"[""control vs tmg"", ""gatad2b ip vs igg control""]","[""thiamet g vs dmso"", ""thiamet g, osmi-1, or dmso""]"
PXD058744,with_methods,number_of_fractions,numeric,0.0,agree,"[""10"", ""120""]","[""10""]"
PXD058744,with_methods,number_of_biological_replicates,numeric,0.0,agree,"[""3""]","[""3""]"
PXD058744,with_methods,technology_type,lin,0.9831816498091566,partial,"[""affinity purification coupled with mass spectrometry proteomics"", ""bottom-up proteomics""]","[""bottom-up proteomics"", ""data-dependent acquisition"", ""data-independent acquisition""]"
PXD058846,with_methods,experimental_design,exact,1.0,agree,"[""case vs control""]","[""case vs control""]"
PXD058846,with_methods,number_of_biological_replicates,numeric,0.0,agree,"[""58""]","[""58""]"
PXD058846,with_methods,number_of_samples,numeric,0.0,agree,"[""58""]","[""58""]"
PXD058846,with_methods,technology_type,lin,0.8788860086254691,partial,"[""bottom-up proteomics"", ""phosphoproteomics""]","[""bottom-up proteomics""]"
PXD058948,with_methods,technical_replicate,numeric,0.0,agree,"[""3""]","[""3""]"
PXD058948,with_methods,experimental_design,exact,1.0,agree,"[""treated vs control""]","[""treated vs control""]"
PXD058948,with_methods,factor_value,lin,,,"[""ev isolation method""]","[""ev isolation method""]"
PXD058948,with_methods,number_of_technical_replicates,numeric,0.0,agree,"[""3""]","[""3""]"
PXD058948,with_methods,number_of_samples,numeric,0.0,agree,"[""27""]","[""27""]"
PXD058948,with_methods,technology_type,lin,1.0,agree,"[""bottom-up proteomics""]","[""bottom-up proteomics""]"
PXD059088,abstract_only,biological_replicate,numeric,0.0,agree,"[""3""]","[""3""]"
PXD059088,abstract_only,experimental_design,exact,1.0,agree,"[""treated vs control""]","[""treated vs control""]"
PXD059088,abstract_only,factor_value,lin,,,"[""tco89""]","[""tco89 relevance""]"
PXD059088,abstract_only,number_of_biological_replicates,numeric,0.0,agree,"[""3""]","[""3""]"
PXD059088,abstract_only,technology_type,lin,0.9663632996183132,partial,"[""silac based phosphoproteomic""]","[""bottom-up proteomics""]"
PXD059356,with_methods,technical_replicate,numeric,0.0,agree,"[""3""]","[""3""]"
PXD059356,with_methods,number_of_technical_replicates,numeric,0.0,agree,"[""3""]","[""3""]"
PXD059356,with_methods,technology_type,lin,0.4213844077135661,disagree,"[""bottom-up proteomics""]","[""xl-ms""]"
PXD059513,with_methods,biological_replicate,numeric,,,"[""1""]","[""1 patient 1 sample""]"
PXD059513,with_methods,experimental_design,exact,1.0,agree,"[""case vs control""]","[""case vs control""]"
PXD059513,with_methods,factor_value,lin,,,"[""met-amplified vs non-amplified""]","[""met-amplified vs met-non-amplified""]"
PXD059513,with_methods,number_of_biological_replicates,numeric,30.0,disagree,"[""59""]","[""29""]"
PXD059513,with_methods,number_of_samples,numeric,0.0,agree,"[""59""]","[""59""]"
PXD059513,with_methods,technology_type,lin,1.0,agree,"[""bottom-up proteomics""]","[""bottom-up proteomics""]"
PXD059597,with_methods,biological_replicate,numeric,0.0,agree,"[""3""]","[""3""]"
PXD059597,with_methods,technical_replicate,numeric,0.0,agree,"[""3""]","[""3""]"
PXD059597,with_methods,experimental_design,exact,0.0,disagree,"[""cross-sectional""]","[""treated vs control""]"
PXD059597,with_methods,factor_value,lin,1.0,agree,"[""mcf7 vs mcf10a""]","[""mcf7 vs mcf10a""]"
PXD059597,with_methods,number_of_technical_replicates,numeric,0.0,agree,"[""3""]","[""3""]"
PXD059597,with_methods,number_of_biological_replicates,numeric,0.0,agree,"[""3""]","[""3""]"
PXD059597,with_methods,number_of_samples,numeric,0.0,agree,"[""6""]","[""6""]"
PXD059597,with_methods,technology_type,lin,0.9663632996183132,partial,"[""shotgun proteomics""]","[""bottom-up proteomics""]"
PXD059752,abstract_only,experimental_design,exact,1.0,agree,"[""treated vs control""]","[""treated vs control""]"
PXD059752,abstract_only,factor_value,lin,1.0,agree,"[""flat vs micropillar surfaces""]","[""flat vs micropillar surfaces""]"
PXD059752,abstract_only,technology_type,lin,1.0,agree,"[""proteomics""]","[""bottom-up proteomics""]"
PXD059932,abstract_only,experimental_design,exact,0.0,disagree,"[""treated vs control""]","[""case vs control""]"
PXD059932,abstract_only,factor_value,lin,0.9680484893530336,partial,"[""utis vs non-infected urinary tracts""]","[""urinary tract infection vs non-infected""]"
PXD059932,abstract_only,technology_type,lin,0.4748406056606574,disagree,"[""mass spectrometry""]","[""bottom-up proteomics""]"
PXD059985,abstract_only,technology_type,lin,0.9349158164193165,partial,"[""label-free quantitative mass spectrometry""]","[""bottom-up proteomics"", ""data-independent acquisition""]"
PXD060057,abstract_only,biological_replicate,numeric,,,"[""mice""]","[""3""]"
PXD060057,abstract_only,experimental_design,exact,1.0,agree,"[""treated vs control""]","[""treated vs control""]"
PXD060057,abstract_only,factor_value,lin,,,"[""djnki-1 vs tat""]","[""treatment""]"
PXD060057,abstract_only,technology_type,lin,0.7577720172509382,partial,"[""phosphoproteomics""]","[""bottom-up proteomics""]"
PXD060357,with_methods,technology_type,lin,0.9663632996183132,partial,"[""shotgun proteomics""]","[""bottom-up proteomics""]"
PXD060715,abstract_only,technology_type,lin,0.9663632996183132,partial,"[""shotgun proteomics""]","[""bottom-up proteomics""]"
PXD060811,abstract_only,technology_type,lin,1.0,agree,"[""proteomics""]","[""targeted proteomics""]"
PXD060878,with_methods,biological_replicate,numeric,0.0,agree,"[""3""]","[""3""]"
PXD060878,with_methods,experimental_design,exact,1.0,agree,"[""treated vs control""]","[""treated vs control""]"
PXD060878,with_methods,factor_value,lin,0.0,disagree,"[""doxycycline vs no doxycycline"", ""lps vs pbs"", ""silac heavy vs light""]","[""lps vs pbs""]"
PXD060878,with_methods,number_of_biological_replicates,numeric,0.0,agree,"[""3""]","[""3""]"
PXD060878,with_methods,number_of_samples,numeric,1.0,partial,"[""3""]","[""2""]"
PXD060878,with_methods,technology_type,lin,0.9887877665394377,partial,"[""affinity purification coupled with mass spectrometry proteomics"", ""bottom-up proteomics"", ""shotgun proteomics""]","[""affinity purification coupled with mass spectrometry proteomics""]"
PXD060937,with_methods,biological_replicate,numeric,0.0,agree,"[""6""]","[""6""]"
PXD060937,with_methods,experimental_design,exact,1.0,agree,"[""treated vs control""]","[""treated vs control""]"
PXD060937,with_methods,factor_value,lin,0.8233362304067395,partial,"[""nod vs balb/c""]","[""mouse strain""]"
PXD060937,with_methods,number_of_biological_replicates,numeric,0.0,agree,"[""6""]","[""6""]"
PXD060937,with_methods,number_of_samples,numeric,0.0,agree,"[""12""]","[""12""]"
PXD060937,with_methods,technology_type,lin,1.0,agree,"[""bottom-up proteomics""]","[""bottom-up proteomics""]"
PXD061019,abstract_only,experimental_design,exact,1.0,agree,"[""treated vs control""]","[""treated vs control""]"
PXD061019,abstract_only,factor_value,lin,,,"[""control vs 1 \u03bcm aba treatment"", ""wild-type vs snrk2.4 mutants""]","[""wt plant, snrk2.4-1 and snrk2.4-2 mutants, in control conditions and upon 1 \u03bcm aba""]"
PXD061019,abstract_only,technology_type,lin,0.7577720172509382,partial,"[""phosphoproteomics""]","[""bottom-up proteomics""]"
PXD061103,with_methods,experimental_design,exact,1.0,agree,"[""treated vs control""]","[""treated vs control""]"
PXD061103,with_methods,factor_value,lin,0.0,disagree,"[""mdk knockout""]","[""5xfad vs mdk-ko""]"
PXD061103,with_methods,number_of_fractions,numeric,0.0,agree,"[""40""]","[""40""]"
PXD061103,with_methods,technology_type,lin,0.6174213375679833,partial,"[""bottom-up proteomics"", ""shotgun proteomics""]","[""tmt-lc/lc-ms/ms""]"
PXD061195,with_methods,experimental_design,exact,0.0,disagree,"[""cross-sectional""]","[""treated vs control""]"
PXD061195,with_methods,factor_value,lin,,,"[""sars-cov-2 nsp3 variant""]","[""variant vs control""]"
PXD061195,with_methods,number_of_samples,numeric,2.0,disagree,"[""158""]","[""160""]"
PXD061195,with_methods,technology_type,lin,1.0,agree,"[""affinity purification coupled with mass spectrometry proteomics""]","[""affinity purification coupled with mass spectrometry proteomics"", ""bottom-up proteomics""]"
PXD061306,abstract_only,experimental_design,exact,1.0,agree,"[""time course""]","[""time course""]"
PXD061306,abstract_only,technology_type,lin,0.0003382729301403422,disagree,"[""shotgun proteomics""]","[""silac""]"
PXD061466,abstract_only,experimental_design,exact,1.0,agree,"[""treated vs control""]","[""treated vs control""]"
PXD061466,abstract_only,factor_value,lin,,,"[""su212 vs dmso""]","[""dmso vs su212""]"
PXD061466,abstract_only,technology_type,lin,1.0,agree,"[""quantitative proteomics""]","[""bottom-up proteomics""]"
PXD061593,with_methods,experimental_design,exact,1.0,agree,"[""cross-sectional""]","[""cross-sectional""]"
PXD061593,with_methods,factor_value,lin,,,"[""academy players vs professional rugby players vs crossfit athletes""]","[""participant group""]"
PXD061593,with_methods,number_of_biological_replicates,numeric,16.0,disagree,"[""8""]","[""24""]"
PXD061593,with_methods,number_of_samples,numeric,0.0,agree,"[""24""]","[""24""]"
PXD061593,with_methods,technology_type,lin,1.0,agree,"[""bottom-up proteomics""]","[""bottom-up proteomics"", ""shotgun proteomics""]"
PXD061658,with_methods,technology_type,lin,1.0,agree,"[""affinity purification coupled with mass spectrometry proteomics""]","[""affinity purification coupled with mass spectrometry proteomics"", ""bottom-up proteomics""]"
PXD061784,abstract_only,experimental_design,exact,1.0,agree,"[""time course""]","[""time course""]"
PXD061784,abstract_only,technology_type,lin,1.0,agree,"[""phosphoproteomics""]","[""phosphor-proteomic analyses""]"
PXD061918,with_methods,factor_value,lin,1.642638665058343e-05,disagree,"[""treated vs control""]","[""retromer and retriever cargo adaptors and escrt-degradative sub-domain component""]"
PXD061918,with_methods,number_of_fractions,numeric,0.0,agree,"[""5""]","[""5""]"
PXD061918,with_methods,technology_type,lin,0.00037772590958324556,disagree,"[""tmt""]","[""bottom-up proteomics""]"
PXD062109,abstract_only,factor_value,lin,1.0,agree,"[""h3q5 serotonylation""]","[""h3k4 methylation states"", ""h3q5 serotonylation""]"
PXD062109,abstract_only,technology_type,lin,0.9663632996183132,partial,"[""affinity purification coupled with mass spectrometry proteomics""]","[""bottom-up proteomics""]"
PXD062420,abstract_only,technology_type,lin,0.9130020666102265,partial,"[""quantitative mass spectrometry""]","[""affinity purification coupled with mass spectrometry proteomics"", ""bottom-up proteomics""]"
PXD062520,abstract_only,experimental_design,exact,1.0,agree,"[""treated vs control""]","[""treated vs control""]"
PXD062520,abstract_only,technology_type,lin,0.9663632996183132,partial,"[""multiplex quantitative proteomics""]","[""bottom-up proteomics""]"
PXD062847,with_methods,technology_type,lin,1.0,agree,"[""affinity purification coupled with mass spectrometry proteomics""]","[""affinity purification coupled with mass spectrometry proteomics""]"
PXD063142,abstract_only,technology_type,lin,1.0,agree,"[""affinity purification coupled with mass spectrometry proteomics""]","[""affinity purification coupled with mass spectrometry proteomics""]"
PXD063447,with_methods,biological_replicate,numeric,0.0,agree,"[""3""]","[""3""]"
PXD063447,with_methods,experimental_design,exact,1.0,agree,"[""treated vs control""]","[""treated vs control""]"
PXD063447,with_methods,factor_value,lin,,,"[""control, salt, mannitol, flg22""]","[""treatment""]"
PXD063447,with_methods,number_of_biological_replicates,numeric,0.0,agree,"[""3""]","[""3""]"
PXD063447,with_methods,technology_type,lin,1.0,agree,"[""affinity purification coupled with mass spectrometry proteomics""]","[""affinity purification coupled with mass spectrometry proteomics"", ""bottom-up proteomics""]"
PXD063526,abstract_only,technology_type,lin,1.0,agree,"[""bottom-up, top-down, and intact mass spectrometry""]","[""bottom-up proteomics"", ""top-down proteomics""]"
PXD063671,abstract_only,technology_type,lin,1.0,agree,"[""targeted proteomics""]","[""bottom-up proteomics""]"
PXD063977,abstract_only,experimental_design,exact,1.0,agree,"[""dose response""]","[""dose response""]"
PXD063977,abstract_only,factor_value,lin,,,"[""concentration-dependent changes in protein abundance and phosphorylation status""]","[""pla-b concentration""]"
PXD063977,abstract_only,technology_type,lin,1.0,agree,"[""isobaric tag-based quantitative proteomics""]","[""bottom-up proteomics"", ""isobaric tag-based quantitative proteomics"", ""phosphoproteomics""]"
PXD064066,abstract_only,technology_type,lin,0.9663632996183132,partial,"[""proteomics""]","[""shotgun proteomics""]"
PXD064236,abstract_only,technology_type,lin,1.0,agree,"[""affinity purification coupled with mass spectrometry proteomics""]","[""affinity purification coupled with mass spectrometry proteomics""]"
PXD064573,with_methods,biological_replicate,numeric,0.0,agree,"[""1""]","[""1""]"
PXD064573,with_methods,technical_replicate,numeric,0.0,agree,"[""2""]","[""2""]"
PXD064573,with_methods,experimental_design,exact,1.0,agree,"[""treated vs control""]","[""treated vs control""]"
PXD064573,with_methods,factor_value,lin,,,"[""hcd vs ethcd""]","[""fragmentation method""]"
PXD064573,with_methods,number_of_fractions,numeric,0.0,agree,"[""2""]","[""2""]"
PXD064573,with_methods,number_of_technical_replicates,numeric,0.0,agree,"[""2""]","[""2""]"
PXD064573,with_methods,number_of_biological_replicates,numeric,0.0,agree,"[""1"", ""3""]","[""3""]"
PXD064573,with_methods,number_of_samples,numeric,1.0,partial,"[""4""]","[""3""]"
PXD064573,with_methods,technology_type,lin,1.0,agree,"[""affinity purification coupled with mass spectrometry proteomics"", ""shotgun proteomics""]","[""affinity purification coupled with mass spectrometry proteomics"", ""targeted proteomics""]"
PXD064787,with_methods,biological_replicate,numeric,0.0,agree,"[""3""]","[""3""]"
PXD064787,with_methods,experimental_design,exact,1.0,agree,"[""time course""]","[""time course""]"
PXD064787,with_methods,factor_value,lin,1.642638665058343e-05,disagree,"[""differentiation time""]","[""time points""]"
PXD064787,with_methods,number_of_biological_replicates,numeric,3.0,disagree,"[""7""]","[""10""]"
PXD064787,with_methods,number_of_samples,numeric,3.0,disagree,"[""7""]","[""10""]"
PXD064787,with_methods,technology_type,lin,0.9663632996183132,partial,"[""shotgun proteomics""]","[""bottom-up proteomics""]"
PXD065497,abstract_only,technology_type,lin,0.9663632996183132,partial,"[""bottom-up proteomics""]","[""affinity purification coupled with mass spectrometry proteomics""]"
PXD066033,abstract_only,technology_type,lin,1.0,agree,"[""proteomics""]","[""affinity purification coupled with mass spectrometry proteomics"", ""bottom-up proteomics"", ""data-dependent acquisition""]"
PXD066711,with_methods,experimental_design,exact,1.0,agree,"[""treated vs control""]","[""treated vs control""]"
PXD066711,with_methods,factor_value,lin,0.07641830292790845,disagree,"[""6-nd pulldown"", ""competitor assay""]","[""treatment""]"
PXD066711,with_methods,number_of_fractions,numeric,0.0,agree,"[""9""]","[""9""]"
PXD066711,with_methods,technology_type,lin,1.0,agree,"[""affinity purification coupled with mass spectrometry proteomics""]","[""affinity purification coupled with mass spectrometry proteomics"", ""data-dependent acquisition""]"
PXD067088,with_methods,biological_replicate,numeric,,,"[""4""]","[""hek293t cells""]"
PXD067088,with_methods,experimental_design,exact,1.0,agree,"[""treated vs control""]","[""treated vs control""]"
PXD067088,with_methods,factor_value,lin,1.0,agree,"[""bi8626 vs dmso""]","[""bi8626 vs dmso""]"
PXD067088,with_methods,number_of_biological_replicates,numeric,0.0,agree,"[""4""]","[""4""]"
PXD067088,with_methods,number_of_samples,numeric,0.0,agree,"[""8""]","[""8""]"
PXD067088,with_methods,technology_type,lin,1.0,agree,"[""bottom-up proteomics""]","[""affinity purification coupled with mass spectrometry proteomics"", ""bottom-up proteomics""]"
PXD067583,abstract_only,experimental_design,exact,1.0,agree,"[""case vs control""]","[""case vs control""]"
PXD067583,abstract_only,factor_value,lin,0.03606695481486919,disagree,"[""lnb vs viral meningitis vs controls""]","[""csf and plasma"", ""lnb, viral meningitis, lyme borreliosis, controls""]"
PXD067583,abstract_only,number_of_biological_replicates,numeric,0.0,agree,"[""515""]","[""207"", ""308"", ""515""]"
PXD067583,abstract_only,number_of_samples,numeric,0.0,agree,"[""515""]","[""515""]"
PXD067583,abstract_only,technology_type,lin,1.0,agree,"[""bottom-up proteomics""]","[""bottom-up proteomics"", ""data-independent acquisition""]"
PXD067905,with_methods,technology_type,lin,1.0,agree,"[""affinity purification coupled with mass spectrometry proteomics""]","[""affinity purification coupled with mass spectrometry proteomics""]"
PXD068129,abstract_only,number_of_samples,numeric,0.0,agree,"[""2""]","[""2""]"
PXD068129,abstract_only,technology_type,lin,0.45804398034732,disagree,"[""cross-linking mass spectrometry""]","[""chemical cross-linking coupled with mass spectrometry proteomics"", ""data-dependent acquisition""]"
PXD068485,abstract_only,experimental_design,exact,1.0,agree,"[""treated vs control""]","[""treated vs control""]"
PXD068485,abstract_only,factor_value,lin,,,"[""af1521 vs g42e mutant""]","[""af1521 macro domain vs g42e mutant variant""]"
PXD068485,abstract_only,technology_type,lin,1.0,agree,"[""affinity purification coupled with mass spectrometry proteomics""]","[""affinity purification coupled with mass spectrometry proteomics"", ""bottom-up proteomics""]"
PXD068739,abstract_only,experimental_design,exact,1.0,agree,"[""treated vs control""]","[""treated vs control""]"
PXD068739,abstract_only,factor_value,lin,,,"[""af1521 vs g42e mutant""]","[""enrichment method""]"
PXD068739,abstract_only,technology_type,lin,1.0,agree,"[""affinity purification coupled with mass spectrometry proteomics""]","[""affinity purification coupled with mass spectrometry proteomics"", ""bottom-up proteomics"", ""gel-based experiment""]"
PXD069667,with_methods,technical_replicate,numeric,0.0,agree,"[""3""]","[""3""]"
PXD069667,with_methods,experimental_design,exact,0.0,disagree,"[""cross-sectional""]","[""treated vs control""]"
PXD069667,with_methods,factor_value,lin,0.0,disagree,"[""clinical profile""]","[""arc, dc, pvc, control""]"
PXD069667,with_methods,number_of_technical_replicates,numeric,0.0,agree,"[""3""]","[""3""]"
PXD069667,with_methods,technology_type,lin,0.8309898534876934,partial,"[""data-independent acquisition"", ""shotgun proteomics""]","[""bottom-up proteomics""]"
PXD071042,with_methods,experimental_design,exact,1.0,agree,"[""treated vs control""]","[""treated vs control""]"
PXD071042,with_methods,factor_value,lin,,,"[""co-ip vs negative control""]","[""tmem160 co-ip vs negative control""]"
PXD071042,with_methods,technology_type,lin,1.0,agree,"[""affinity purification coupled with mass spectrometry proteomics""]","[""affinity purification coupled with mass spectrometry proteomics""]"
PXD000412,with_methods,biological_replicate,numeric,1.0,partial,"[""3""]","[""4""]"
PXD000412,with_methods,technical_replicate,numeric,0.0,agree,"[""2""]","[""2""]"
PXD000412,with_methods,experimental_design,exact,0.0,disagree,"[""case vs control""]","[""treated vs control""]"
PXD000412,with_methods,factor_value,lin,0.0,disagree,"[""tissue type and time period""]","[""ancient vs modern""]"
PXD000412,with_methods,number_of_technical_replicates,numeric,0.0,agree,"[""2""]","[""2""]"
PXD000412,with_methods,number_of_biological_replicates,numeric,0.0,agree,"[""14""]","[""14""]"
PXD000412,with_methods,number_of_samples,numeric,0.0,agree,"[""14""]","[""14""]"
PXD000412,with_methods,technology_type,lin,1.0,agree,"[""shotgun proteomics""]","[""shotgun proteomics""]"
PXD000674,abstract_only,number_of_samples,numeric,0.0,agree,"[""1""]","[""1""]"
PXD000674,abstract_only,technology_type,lin,1.0,agree,"[""shotgun proteomics""]","[""shotgun proteomics""]"
PXD001279,with_methods,biological_replicate,numeric,0.0,agree,"[""3""]","[""3""]"
PXD001279,with_methods,factor_value,lin,1.0,agree,"[""subcellular fraction""]","[""subcellular fraction""]"
PXD001279,with_methods,number_of_fractions,numeric,0.0,agree,"[""10""]","[""10""]"
PXD001279,with_methods,number_of_biological_replicates,numeric,0.0,agree,"[""3""]","[""3""]"
PXD001279,with_methods,number_of_samples,numeric,20.0,disagree,"[""10""]","[""30""]"
PXD001279,with_methods,technology_type,lin,0.9663632996183132,partial,"[""bottom-up proteomics""]","[""shotgun proteomics""]"
PXD001416,abstract_only,experimental_design,exact,1.0,agree,"[""treated vs control""]","[""treated vs control""]"
PXD001416,abstract_only,factor_value,lin,1.769369134759664e-05,disagree,"[""inflammatory activation""]","[""dexamethasone treatment""]"
PXD001416,abstract_only,technology_type,lin,0.8134582674224006,partial,"[""high-resolution mass spectrometry""]","[""shotgun proteomics""]"
PXD001425,with_methods,experimental_design,exact,1.0,agree,"[""case vs control""]","[""case vs control""]"
PXD001425,with_methods,factor_value,lin,1.0,agree,"[""survival""]","[""survivors vs non-survivors""]"
PXD001425,with_methods,number_of_biological_replicates,numeric,10.0,disagree,"[""20""]","[""10""]"
PXD001425,with_methods,number_of_samples,numeric,0.0,agree,"[""20""]","[""20""]"
PXD001425,with_methods,technology_type,lin,1.0,agree,"[""glycoproteomics""]","[""glycoproteomics"", ""shotgun proteomics""]"
PXD001861,abstract_only,biological_replicate,numeric,0.0,agree,"[""6""]","[""6""]"
PXD001861,abstract_only,experimental_design,exact,0.0,disagree,"[""treated vs control""]","[""case vs control""]"
PXD001861,abstract_only,factor_value,lin,1.0,agree,"[""platelet reactivity""]","[""high vs low platelet reactivity""]"
PXD001861,abstract_only,number_of_biological_replicates,numeric,6.0,disagree,"[""6""]","[""12""]"
PXD001861,abstract_only,number_of_samples,numeric,0.0,agree,"[""12""]","[""12""]"
PXD001861,abstract_only,technology_type,lin,1.0,agree,"[""quantitative proteomics""]","[""shotgun proteomics"", ""targeted proteomics""]"
PXD002145,abstract_only,experimental_design,exact,0.0,disagree,"[""case vs control""]","[""treated vs control""]"
PXD002145,abstract_only,factor_value,lin,1.0,agree,"[""sci patients vs normal controls""]","[""sci vs control""]"
PXD002145,abstract_only,technology_type,lin,1.0,agree,"[""mass spectrometry-based quantitative proteomics""]","[""shotgun proteomics""]"
PXD002598,with_methods,experimental_design,exact,1.0,agree,"[""treated vs control""]","[""treated vs control""]"
PXD002598,with_methods,factor_value,lin,,,"[""enos s1179a vs enos s1179d vs egfp""]","[""enos s1179a or s1179d vs egfp""]"
PXD002598,with_methods,technology_type,lin,1.0,agree,"[""affinity purification coupled with mass spectrometry proteomics""]","[""affinity purification coupled with mass spectrometry proteomics""]"
PXD002966,abstract_only,technology_type,lin,1.0,agree,"[""affinity purification coupled with mass spectrometry proteomics""]","[""shotgun proteomics""]"
PXD003226,with_methods,number_of_biological_replicates,numeric,0.0,agree,"[""2""]","[""2""]"
PXD003226,with_methods,technology_type,lin,1.0,agree,"[""shotgun proteomics""]","[""shotgun proteomics""]"
PXD003362,with_methods,biological_replicate,numeric,0.0,agree,"[""3""]","[""3""]"
PXD003362,with_methods,experimental_design,exact,1.0,agree,"[""treated vs control""]","[""treated vs control""]"
PXD003362,with_methods,factor_value,lin,1.0,agree,"[""mir-140 overexpression vs negative control""]","[""mir-140 overexpression vs negative control""]"
PXD003362,with_methods,number_of_biological_replicates,numeric,0.0,agree,"[""3""]","[""3""]"
PXD003362,with_methods,technology_type,lin,0.9663632996183132,partial,"[""bottom-up proteomics""]","[""shotgun proteomics""]"
PXD003413,abstract_only,experimental_design,exact,1.0,agree,"[""treated vs control""]","[""treated vs control""]"
PXD003413,abstract_only,factor_value,lin,0.0,disagree,"[""interleukin 1-\u03b2 stimulated vs unstimulated"", ""primary human endothelial cells and fibroblasts""]","[""il-1b stimulation""]"
PXD003413,abstract_only,number_of_fractions,numeric,0.0,agree,"[""3""]","[""3""]"
PXD003413,abstract_only,technology_type,lin,1.0,agree,"[""bottom-up proteomics""]","[""bottom-up proteomics""]"
PXD003534,with_methods,experimental_design,exact,1.0,agree,"[""time course"", ""treated vs control""]","[""treated vs control""]"
PXD003534,with_methods,factor_value,lin,0.0,disagree,"[""adjuvant""]","[""treatment""]"
PXD003534,with_methods,number_of_biological_replicates,numeric,7.0,disagree,"[""13""]","[""6""]"
PXD003534,with_methods,number_of_samples,numeric,0.0,agree,"[""13""]","[""13""]"
PXD003534,with_methods,technology_type,lin,0.7026572644758426,partial,"[""bottom-up proteomics"", ""lc-ms""]","[""shotgun proteomics""]"
PXD003965,abstract_only,experimental_design,exact,1.0,agree,"[""treated vs control""]","[""treated vs control""]"
PXD003965,abstract_only,factor_value,lin,0.0,disagree,"[""dexamethasone"", ""inflammatory stimulation""]","[""il-1b stimulation""]"
PXD003965,abstract_only,technology_type,lin,0.9663632996183132,partial,"[""bottom-up proteomics""]","[""shotgun proteomics""]"
PXD004154,with_methods,technology_type,lin,0.9663632996183132,partial,"[""quantitative proteomics""]","[""shotgun proteomics""]"
PXD004540,abstract_only,experimental_design,exact,1.0,agree,"[""case vs control""]","[""case vs control""]"
PXD004540,abstract_only,technology_type,lin,1.0,agree,"[""shotgun proteomics""]","[""shotgun proteomics""]"
PXD004778,abstract_only,experimental_design,exact,1.0,agree,"[""treated vs control""]","[""treated vs control""]"
PXD004778,abstract_only,factor_value,lin,0.0320778916684235,disagree,"[""treatment""]","[""kp1339 treatment""]"
PXD004778,abstract_only,technology_type,lin,1.0,agree,"[""shotgun proteomics""]","[""shotgun proteomics""]"
PXD005200,abstract_only,technology_type,lin,0.9663632996183132,partial,"[""bottom-up proteomics""]","[""shotgun proteomics""]"
PXD005465,abstract_only,experimental_design,exact,1.0,agree,"[""treated vs control""]","[""treated vs control""]"
PXD005465,abstract_only,factor_value,lin,,,"[""control vs stimulated""]","[""treated vs control""]"
PXD005465,abstract_only,technology_type,lin,0.9663632996183132,partial,"[""bottom-up proteomics""]","[""shotgun proteomics""]"
PXD005709,with_methods,experimental_design,exact,0.0,disagree,"[""case vs control""]","[""treated vs control""]"
PXD005709,with_methods,factor_value,lin,1.0,agree,"[""tumor vs normal""]","[""tumor vs normal""]"
PXD005709,with_methods,number_of_fractions,numeric,0.0,agree,"[""3""]","[""3""]"
PXD005709,with_methods,technology_type,lin,0.9663632996183132,partial,"[""bottom-up proteomics""]","[""shotgun proteomics""]"
PXD005981,with_methods,technology_type,lin,0.9663632996183132,partial,"[""bottom-up proteomics""]","[""shotgun proteomics""]"
PXD006265,with_methods,experimental_design,exact,1.0,agree,"[""time course""]","[""time course""]"
PXD006265,with_methods,number_of_biological_replicates,numeric,0.0,agree,"[""5""]","[""5""]"
PXD006265,with_methods,technology_type,lin,0.9663632996183132,partial,"[""bottom-up proteomics""]","[""shotgun proteomics""]"
PXD006404,abstract_only,experimental_design,exact,1.0,agree,"[""treated vs control""]","[""treated vs control""]"
PXD006404,abstract_only,factor_value,lin,0.0,disagree,"[""alk tki treatment""]","[""treatment""]"
PXD006404,abstract_only,technology_type,lin,1.0,agree,"[""quantitative mass spectrometry-based proteomics""]","[""shotgun proteomics""]"
PXD006522,abstract_only,technology_type,lin,0.9663632996183132,partial,"[""bottom-up proteomics""]","[""shotgun proteomics""]"
PXD006589,abstract_only,experimental_design,exact,0.0,disagree,"[""case vs control""]","[""treated vs control""]"
PXD006589,abstract_only,factor_value,lin,1.0,agree,"[""b-cll vs healthy b cells""]","[""b-cll vs healthy donors""]"
PXD006589,abstract_only,technology_type,lin,1.0,agree,"[""shotgun proteomics""]","[""shotgun proteomics""]"
PXD006738,with_methods,biological_replicate,numeric,2.0,disagree,"[""3""]","[""5""]"
PXD006738,with_methods,technical_replicate,numeric,2.0,disagree,"[""3""]","[""1""]"
PXD006738,with_methods,experimental_design,exact,1.0,agree,"[""treated vs control""]","[""treated vs control""]"
PXD006738,with_methods,factor_value,lin,,,"[""pbs vs cse""]","[""cse exposure""]"
PXD006738,with_methods,number_of_fractions,numeric,0.0,agree,"[""24""]","[""24""]"
PXD006738,with_methods,number_of_technical_replicates,numeric,2.0,disagree,"[""3""]","[""1""]"
PXD006738,with_methods,number_of_biological_replicates,numeric,2.0,disagree,"[""3""]","[""5""]"
PXD006738,with_methods,number_of_samples,numeric,0.0,agree,"[""11""]","[""11""]"
PXD006738,with_methods,technology_type,lin,0.43895122933337194,disagree,"[""nanolc-ms/ms""]","[""shotgun proteomics""]"
PXD006847,with_methods,technology_type,lin,0.9663632996183132,partial,"[""bottom-up proteomics""]","[""shotgun proteomics""]"
PXD007122,abstract_only,experimental_design,exact,1.0,agree,"[""treated vs control""]","[""treated vs control""]"
PXD007122,abstract_only,technology_type,lin,0.9663632996183132,partial,"[""bottom-up proteomics""]","[""shotgun proteomics""]"
PXD007234,abstract_only,technology_type,lin,0.9663632996183132,partial,"[""proteomic analysis""]","[""affinity purification coupled with mass spectrometry proteomics"", ""shotgun proteomics""]"
PXD007592,with_methods,technical_replicate,numeric,0.0,agree,"[""2""]","[""2""]"
PXD007592,with_methods,experimental_design,exact,1.0,agree,"[""case vs control""]","[""case vs control""]"
PXD007592,with_methods,factor_value,lin,,,"[""good vs poor responders""]","[""good vs poor responders""]"
PXD007592,with_methods,number_of_technical_replicates,numeric,0.0,agree,"[""2""]","[""2""]"
PXD007592,with_methods,number_of_biological_replicates,numeric,7.0,disagree,"[""25""]","[""18""]"
PXD007592,with_methods,number_of_samples,numeric,7.0,disagree,"[""25""]","[""18""]"
PXD007592,with_methods,technology_type,lin,1.0,agree,"[""shotgun proteomics""]","[""shotgun proteomics""]"
PXD007705,with_methods,experimental_design,exact,1.0,agree,"[""case vs control""]","[""case vs control""]"
PXD007705,with_methods,factor_value,lin,1.0,agree,"[""tumor vs non-tumor""]","[""tumor type""]"
PXD007705,with_methods,number_of_samples,numeric,0.0,agree,"[""163""]","[""163""]"
PXD007705,with_methods,technology_type,lin,1.0,agree,"[""shotgun proteomics""]","[""shotgun proteomics""]"
PXD007759,with_methods,biological_replicate,numeric,0.0,agree,"[""3""]","[""3""]"
PXD007759,with_methods,technical_replicate,numeric,0.0,agree,"[""3""]","[""3""]"
PXD007759,with_methods,experimental_design,exact,1.0,agree,"[""treated vs control""]","[""treated vs control""]"
PXD007759,with_methods,factor_value,lin,1.0,agree,"[""tmz vs dmso control""]","[""tmz vs dmso""]"
PXD007759,with_methods,number_of_technical_replicates,numeric,0.0,agree,"[""3""]","[""3""]"
PXD007759,with_methods,number_of_biological_replicates,numeric,0.0,agree,"[""3""]","[""3""]"
PXD007759,with_methods,number_of_samples,numeric,0.0,agree,"[""6""]","[""6""]"
PXD007759,with_methods,technology_type,lin,0.9663632996183132,partial,"[""bottom-up proteomics""]","[""shotgun proteomics""]"
PXD008029,abstract_only,number_of_samples,numeric,94.0,disagree,"[""2""]","[""96""]"
PXD008029,abstract_only,technology_type,lin,0.9663632996183132,partial,"[""targeted proteomics""]","[""shotgun proteomics""]"
PXD008131,with_methods,biological_replicate,numeric,0.0,agree,"[""3""]","[""3""]"
PXD008131,with_methods,experimental_design,exact,1.0,agree,"[""treated vs control""]","[""treated vs control""]"
PXD008131,with_methods,factor_value,lin,0.0,disagree,"[""mettl13 ko vs wt""]","[""wt vs ko""]"
PXD008131,with_methods,number_of_fractions,numeric,0.0,agree,"[""46""]","[""46""]"
PXD008131,with_methods,number_of_biological_replicates,numeric,0.0,agree,"[""3""]","[""3""]"
PXD008131,with_methods,number_of_samples,numeric,0.0,agree,"[""6""]","[""6""]"
PXD008131,with_methods,technology_type,lin,0.0003382729301403422,disagree,"[""silac proteomics""]","[""shotgun proteomics""]"
PXD008454,abstract_only,experimental_design,exact,1.0,agree,"[""time course""]","[""time course""]"
PXD008454,abstract_only,factor_value,lin,1.0,agree,"[""early treatment with afatinib""]","[""afatinib treatment""]"
PXD008454,abstract_only,technology_type,lin,0.9663632996183132,partial,"[""targeted proteomics""]","[""shotgun proteomics""]"
PXD008693,with_methods,biological_replicate,numeric,0.0,agree,"[""3""]","[""3""]"
PXD008693,with_methods,number_of_fractions,numeric,10.0,disagree,"[""20""]","[""10""]"
PXD008693,with_methods,number_of_technical_replicates,numeric,1.0,partial,"[""1""]","[""0""]"
PXD008693,with_methods,number_of_biological_replicates,numeric,0.0,agree,"[""3""]","[""3""]"
PXD008693,with_methods,number_of_samples,numeric,0.0,agree,"[""3""]","[""3""]"
PXD008693,with_methods,technology_type,lin,0.9663632996183132,partial,"[""bottom-up proteomics""]","[""shotgun proteomics""]"
PXD008863,with_methods,factor_value,lin,1.0,agree,"[""uv treatment""]","[""uv treatment versus mock treatment""]"
PXD008863,with_methods,technology_type,lin,0.9831816498091566,partial,"[""affinity purification coupled with mass spectrometry proteomics"", ""bottom-up proteomics""]","[""affinity purification coupled with mass spectrometry proteomics""]"
PXD009035,with_methods,experimental_design,exact,1.0,agree,"[""treated vs control""]","[""treated vs control""]"
PXD009035,with_methods,factor_value,lin,,,"[""egfp-ars2 wild type vs egfp and pcdna3.1 control""]","[""wild type vs egfp vs pcdna3.1""]"
PXD009035,with_methods,technology_type,lin,1.0,agree,"[""affinity purification coupled with mass spectrometry proteomics""]","[""shotgun proteomics""]"
PXD009144,abstract_only,technology_type,lin,0.9130020666102265,partial,"[""mass spectrometry imaging""]","[""shotgun proteomics""]"
PXD009206,with_methods,biological_replicate,numeric,2.0,disagree,"[""4""]","[""2""]"
PXD009206,with_methods,experimental_design,exact,0.0,disagree,"[""dose response""]","[""treated vs control""]"
PXD009206,with_methods,factor_value,lin,,,"[""0.3mm tegdma 6h, 0.3mm tegdma 16h, 2.5mm tegdma 6h, 2.5mm tegdma 16h""]","[""tegdma dose and time""]"
PXD009206,with_methods,number_of_biological_replicates,numeric,0.0,agree,"[""4""]","[""4""]"
PXD009206,with_methods,technology_type,lin,0.9663632996183132,partial,"[""bottom-up proteomics""]","[""shotgun proteomics""]"
PXD009276,abstract_only,experimental_design,exact,1.0,agree,"[""treated vs control""]","[""treated vs control""]"
PXD009276,abstract_only,factor_value,lin,,,"[""rpl12/ul11 phosphorylation""]","[""rpl12/ul11 phosphorylation""]"
PXD009276,abstract_only,technology_type,lin,0.9663632996183132,partial,"[""bottom-up proteomics""]","[""shotgun proteomics""]"
PXD009327,with_methods,experimental_design,exact,1.0,agree,"[""treated vs control""]","[""treated vs control""]"
PXD009327,with_methods,factor_value,lin,,,"[""cdkl5 knockout vs reintroduced""]","[""cdkl5 knockout vs reintroduced""]"
PXD009327,with_methods,number_of_fractions,numeric,0.0,agree,"[""40""]","[""40""]"
PXD009327,with_methods,number_of_biological_replicates,numeric,0.0,agree,"[""3""]","[""3""]"
PXD009327,with_methods,number_of_samples,numeric,18.0,disagree,"[""6""]","[""24""]"
PXD009327,with_methods,technology_type,lin,1.0,agree,"[""affinity purification coupled with mass spectrometry proteomics"", ""shotgun phosphoproteomics""]","[""shotgun proteomics""]"
PXD009380,abstract_only,technology_type,lin,0.9663632996183132,partial,"[""targeted proteomics""]","[""shotgun proteomics""]"
PXD009477,abstract_only,technology_type,lin,0.9663632996183132,partial,"[""proteomics""]","[""shotgun proteomics""]"
PXD009561,abstract_only,technology_type,lin,0.9831816498091566,partial,"[""affinity purification coupled with mass spectrometry proteomics"", ""bottom-up proteomics""]","[""affinity purification coupled with mass spectrometry proteomics""]"
PXD009606,with_methods,technical_replicate,numeric,0.0,agree,"[""1""]","[""1""]"
PXD009606,with_methods,experimental_design,exact,1.0,agree,"[""cross-sectional""]","[""cross-sectional""]"
PXD009606,with_methods,factor_value,lin,0.0,disagree,"[""sex"", ""vitamin d status""]","[""serum 25(oh)d < 50nmol/l vs > 80 nmol/l""]"
PXD009606,with_methods,number_of_technical_replicates,numeric,0.0,agree,"[""1""]","[""1""]"
PXD009606,with_methods,number_of_biological_replicates,numeric,12.0,disagree,"[""4""]","[""16""]"
PXD009606,with_methods,number_of_samples,numeric,0.0,agree,"[""16""]","[""16""]"
PXD009606,with_methods,technology_type,lin,1.0,agree,"[""shotgun proteomics""]","[""shotgun proteomics""]"
PXD009891,with_methods,experimental_design,exact,1.0,agree,"[""treated vs control""]","[""treated vs control""]"
PXD009891,with_methods,factor_value,lin,1.0,agree,"[""tnf, il-1\u03b2, lps""]","[""tnf, il-1\u03b2, and lps""]"
PXD009891,with_methods,number_of_fractions,numeric,0.0,agree,"[""12""]","[""12""]"
PXD009891,with_methods,technology_type,lin,0.12300490155539621,disagree,"[""dia ms""]","[""swath ms""]"
PXD009933,with_methods,biological_replicate,numeric,0.0,agree,"[""3""]","[""3""]"
PXD009933,with_methods,experimental_design,exact,1.0,agree,"[""treated vs control""]","[""treated vs control""]"
PXD009933,with_methods,factor_value,lin,,,"[""young vs senescent vs treated senescent""]","[""\u03b3t3 vs vehicle""]"
PXD009933,with_methods,number_of_fractions,numeric,0.0,agree,"[""6""]","[""6""]"
PXD009933,with_methods,number_of_biological_replicates,numeric,0.0,agree,"[""3""]","[""3""]"
PXD009933,with_methods,technology_type,lin,0.9663632996183132,partial,"[""bottom-up proteomics""]","[""shotgun proteomics""]"
PXD010073,abstract_only,experimental_design,exact,0.0,disagree,"[""case vs control""]","[""treated vs control""]"
PXD010073,abstract_only,factor_value,lin,,,"[""ezh2 vs ezh2_t367a""]","[""wild-type ezh2 vs phosphodeficient mutant ezh2_t367a""]"
PXD010142,abstract_only,experimental_design,exact,1.0,agree,"[""cross-sectional""]","[""cross-sectional""]"
PXD010142,abstract_only,factor_value,lin,0.580243020422578,partial,"[""tissue and cell line""]","[""tissue type""]"
PXD010142,abstract_only,technology_type,lin,0.9663632996183132,partial,"[""shotgun proteomics""]","[""bottom-up proteomics""]"
PXD010260,with_methods,experimental_design,exact,0.0,disagree,"[""case vs control""]","[""treated vs control""]"
PXD010260,with_methods,number_of_technical_replicates,numeric,0.0,agree,"[""6""]","[""6""]"
PXD010260,with_methods,number_of_biological_replicates,numeric,0.0,agree,"[""8""]","[""8""]"
PXD010260,with_methods,number_of_samples,numeric,8.0,disagree,"[""8""]","[""16""]"
PXD010260,with_methods,technology_type,lin,0.9663632996183132,partial,"[""bottom-up proteomics""]","[""shotgun proteomics""]"
PXD010406,with_methods,experimental_design,exact,1.0,agree,"[""treated vs control""]","[""treated vs control""]"
PXD010406,with_methods,factor_value,lin,,,"[""treatment vs dmso vehicle control""]","[""compound 100\u03bcm vs dmso""]"
PXD010406,with_methods,number_of_biological_replicates,numeric,2.0,disagree,"[""3""]","[""1""]"
PXD010406,with_methods,number_of_samples,numeric,3.0,disagree,"[""3""]","[""6""]"
PXD010406,with_methods,technology_type,lin,0.9831816498091566,partial,"[""affinity purification coupled with mass spectrometry proteomics"", ""bottom-up proteomics""]","[""bottom-up proteomics"", ""top-down proteomics""]"
PXD010579,abstract_only,factor_value,lin,1.0,agree,"[""seminal parameters""]","[""seminal parameters""]"
PXD010579,abstract_only,technology_type,lin,1.0,agree,"[""shotgun proteomics""]","[""shotgun proteomics""]"
PXD010786,abstract_only,experimental_design,exact,1.0,agree,"[""treated vs control""]","[""treated vs control""]"
PXD010786,abstract_only,technology_type,lin,0.9663632996183132,partial,"[""targeted proteomics""]","[""affinity purification coupled with mass spectrometry proteomics""]"
PXD011009,abstract_only,technology_type,lin,0.9663632996183132,partial,"[""targeted proteomics""]","[""shotgun proteomics"", ""tmt""]"
PXD011183,abstract_only,experimental_design,exact,1.0,agree,"[""case vs control""]","[""case vs control""]"
PXD011183,abstract_only,factor_value,lin,0.0,disagree,"[""type 1 diabetes vs controls""]","[""healthy vs type-1 diabetic""]"
PXD011183,abstract_only,technology_type,lin,0.0,disagree,"[""targeted proteomics""]","[""gel-based experiment""]"
PXD011467,abstract_only,experimental_design,exact,0.0,disagree,"[""treated vs control""]","[""case vs control""]"
PXD011467,abstract_only,factor_value,lin,0.0,disagree,"[""pop vs control""]","[""pelvic organ prolapse vs control""]"
PXD011467,abstract_only,number_of_biological_replicates,numeric,4.0,disagree,"[""4""]","[""8""]"
PXD011467,abstract_only,number_of_samples,numeric,0.0,agree,"[""8""]","[""8""]"
PXD011467,abstract_only,technology_type,lin,0.0003945309329985463,disagree,"[""itraq""]","[""shotgun proteomics""]"
PXD012792,abstract_only,experimental_design,exact,0.0,disagree,"[""case vs control""]","[""cross-sectional""]"
PXD012792,abstract_only,factor_value,lin,1.0,agree,"[""parotid vs submandibular/sublingual""]","[""parotid vs submandibular/sublingual""]"
PXD012792,abstract_only,technology_type,lin,1.0,agree,"[""shotgun proteomics""]","[""shotgun proteomics""]"
PXD018110,with_methods,experimental_design,exact,1.0,agree,"[""treated vs control""]","[""treated vs control""]"
PXD018110,with_methods,technology_type,lin,1.0,agree,"[""affinity purification coupled with mass spectrometry proteomics""]","[""shotgun proteomics""]"
PXD021401,with_methods,technical_replicate,numeric,0.0,agree,"[""3""]","[""3""]"
PXD021401,with_methods,experimental_design,exact,0.0,disagree,"[""treated vs control""]","[""case vs control""]"
PXD021401,with_methods,factor_value,lin,0.0,disagree,"[""treatment, genotype, condition""]","[""ptb vs term birth""]"
PXD021401,with_methods,number_of_technical_replicates,numeric,0.0,agree,"[""3""]","[""3""]"
PXD021401,with_methods,number_of_biological_replicates,numeric,0.0,agree,"[""12""]","[""12"", ""7""]"
PXD021401,with_methods,number_of_samples,numeric,0.0,agree,"[""12""]","[""12""]"
PXD021401,with_methods,technology_type,lin,0.9663632996183132,partial,"[""bottom-up proteomics""]","[""shotgun proteomics""]"
PXD032918,with_methods,technology_type,lin,1.0,agree,"[""mass spectrometry proteomics""]","[""affinity purification coupled with mass spectrometry proteomics"", ""shotgun proteomics""]"
PXD046357,abstract_only,technical_replicate,numeric,2.0,disagree,"[""1""]","[""3""]"
PXD046357,abstract_only,factor_value,lin,,,"[""3-species proteome mixture""]","[""input amounts""]"
PXD046357,abstract_only,number_of_technical_replicates,numeric,2.0,disagree,"[""1""]","[""3""]"
PXD046357,abstract_only,technology_type,lin,1.0,agree,"[""dia proteomics""]","[""bottom-up proteomics""]"
PXD046438,abstract_only,experimental_design,exact,1.0,agree,"[""case vs control""]","[""case vs control""]"
PXD046438,abstract_only,factor_value,lin,0.0,disagree,"[""pdac""]","[""pdac vs healthy""]"
PXD046438,abstract_only,technology_type,lin,0.8839631649761527,partial,"[""proteomic mass spectrometry""]","[""data-independent acquisition""]"
PXD046525,with_methods,technology_type,lin,1.0,agree,"[""bottom-up proteomics""]","[""bottom-up proteomics""]"
PXD046808,abstract_only,technology_type,lin,1.0,agree,"[""proteomics""]","[""targeted proteomics""]"
PXD047071,abstract_only,experimental_design,exact,1.0,agree,"[""treated vs control""]","[""treated vs control""]"
PXD047071,abstract_only,factor_value,lin,,,"[""electron donor and acceptor limitations""]","[""electron donor limitation vs electron acceptor limitation""]"
PXD047071,abstract_only,technology_type,lin,1.0,agree,"[""shotgun metaproteomics""]","[""shotgun proteomics""]"
PXD047178,abstract_only,technology_type,lin,1.0,agree,"[""affinity purification coupled with mass spectrometry proteomics""]","[""affinity purification coupled with mass spectrometry proteomics"", ""bottom-up proteomics""]"
PXD047324,abstract_only,experimental_design,exact,1.0,agree,"[""case vs control""]","[""case vs control""]"
PXD047324,abstract_only,factor_value,lin,0.0,disagree,"[""ad, pdd, dlb, older adults without dementia""]","[""disease vs control""]"
PXD047324,abstract_only,number_of_samples,numeric,0.0,agree,"[""32""]","[""32""]"
PXD047324,abstract_only,technology_type,lin,,,"[""hirief lc-ms proteomics""]","[""bottom-up proteomics""]"
PXD047574,with_methods,biological_replicate,numeric,1.0,partial,"[""4""]","[""5""]"
PXD047574,with_methods,experimental_design,exact,1.0,agree,"[""treated vs control""]","[""treated vs control""]"
PXD047574,with_methods,factor_value,lin,0.05635928475199574,disagree,"[""exercise"", ""genotype""]","[""polga-ko vs wt""]"
PXD047574,with_methods,number_of_fractions,numeric,0.0,agree,"[""72""]","[""72""]"
PXD047574,with_methods,number_of_biological_replicates,numeric,1.0,partial,"[""4""]","[""5""]"
PXD047574,with_methods,number_of_samples,numeric,22.0,disagree,"[""32""]","[""10""]"
PXD047574,with_methods,technology_type,lin,0.9831816498091566,partial,"[""bottom-up proteomics"", ""shotgun proteomics""]","[""bottom-up proteomics"", ""data-dependent acquisition"", ""hirief"", ""lc-ms/ms"", ""tmt10plex""]"
PXD047766,abstract_only,number_of_biological_replicates,numeric,0.0,agree,"[""2""]","[""2""]"
PXD047766,abstract_only,number_of_samples,numeric,0.0,agree,"[""2""]","[""2""]"
PXD047766,abstract_only,technology_type,lin,1.0,agree,"[""affinity purification coupled with mass spectrometry proteomics""]","[""affinity purification coupled with mass spectrometry proteomics""]"
PXD047901,with_methods,biological_replicate,numeric,0.0,agree,"[""20""]","[""20""]"
PXD047901,with_methods,technical_replicate,numeric,0.0,agree,"[""3""]","[""3""]"
PXD047901,with_methods,experimental_design,exact,0.0,disagree,"[""case vs control""]","[""cross-sectional""]"
PXD047901,with_methods,factor_value,lin,,,"[""healthy controls vs respiratory infection controls vs moderate covid-19 vs severe covid-19 vs critical covid-19""]","[""healthy controls vs respiratory infection controls vs moderate covid-19 vs severe covid-19 vs critical covid-19""]"
PXD047901,with_methods,number_of_fractions,numeric,4.0,disagree,"[""7""]","[""3""]"
PXD047901,with_methods,number_of_technical_replicates,numeric,0.0,agree,"[""3""]","[""3""]"
PXD047901,with_methods,number_of_biological_replicates,numeric,16.0,disagree,"[""4""]","[""20""]"
PXD047901,with_methods,number_of_samples,numeric,0.0,agree,"[""20""]","[""20""]"
PXD047901,with_methods,technology_type,lin,1.0,agree,"[""dia""]","[""bottom-up proteomics"", ""data-independent acquisition""]"
PXD048091,abstract_only,experimental_design,exact,1.0,agree,"[""treated vs control""]","[""treated vs control""]"
PXD048091,abstract_only,technology_type,lin,0.4748406056606574,disagree,"[""mass spectrometry""]","[""bottom-up proteomics""]"
PXD048228,with_methods,technical_replicate,numeric,0.0,agree,"[""2""]","[""2""]"
PXD048228,with_methods,experimental_design,exact,0.0,disagree,"[""treated vs control""]","[""case vs control""]"
PXD048228,with_methods,factor_value,lin,,,"[""pte+ and pte- relative to sham""]","[""pte+ vs sham"", ""pte- vs sham""]"
PXD048228,with_methods,number_of_technical_replicates,numeric,0.0,agree,"[""2""]","[""2""]"
PXD048228,with_methods,technology_type,lin,1.0,agree,"[""bottom-up proteomics""]","[""bottom-up proteomics""]"
PXD048464,with_methods,biological_replicate,numeric,0.0,agree,"[""3""]","[""3""]"
PXD048464,with_methods,experimental_design,exact,1.0,agree,"[""treated vs control""]","[""treated vs control""]"
PXD048464,with_methods,factor_value,lin,0.0,disagree,"[""treatment""]","[""hiv infection and jwh-133 treatment""]"
PXD048464,with_methods,number_of_fractions,numeric,0.0,agree,"[""8""]","[""8""]"
PXD048464,with_methods,number_of_biological_replicates,numeric,0.0,agree,"[""3""]","[""3""]"
PXD048464,with_methods,number_of_samples,numeric,0.0,agree,"[""9""]","[""9""]"
PXD048464,with_methods,technology_type,lin,0.9663632996183132,partial,"[""shotgun proteomics""]","[""bottom-up proteomics"", ""data-dependent acquisition"", ""gel-based experiment""]"
PXD048645,abstract_only,technology_type,lin,0.8326566138472078,partial,"[""structural proteomics""]","[""shotgun proteomics""]"
PXD048767,abstract_only,number_of_samples,numeric,0.0,agree,"[""167""]","[""167""]"
PXD049018,abstract_only,experimental_design,exact,1.0,agree,"[""treated vs control""]","[""treated vs control""]"
PXD049018,abstract_only,factor_value,lin,1.0,agree,"[""cgamp""]","[""cgamp""]"
PXD049018,abstract_only,technology_type,lin,0.9663632996183132,partial,"[""affinity purification coupled with mass spectrometry proteomics""]","[""bottom-up proteomics""]"
PXD049181,abstract_only,experimental_design,exact,0.0,disagree,"[""time course""]","[""treated vs control""]"
PXD049181,abstract_only,technology_type,lin,1.0,agree,"[""single-cell proteomics""]","[""bottom-up proteomics"", ""data-independent acquisition"", ""single-cell proteomics""]"
PXD049302,with_methods,biological_replicate,numeric,0.0,agree,"[""5""]","[""5""]"
PXD049302,with_methods,technical_replicate,numeric,0.0,agree,"[""4""]","[""4""]"
PXD049302,with_methods,experimental_design,exact,1.0,agree,"[""treated vs control""]","[""treated vs control""]"
PXD049302,with_methods,factor_value,lin,,,"[""dha + rot vs rot vs control""]","[""treatment""]"
PXD049302,with_methods,number_of_fractions,numeric,0.0,agree,"[""3""]","[""3""]"
PXD049302,with_methods,number_of_technical_replicates,numeric,0.0,agree,"[""4""]","[""4""]"
PXD049302,with_methods,number_of_biological_replicates,numeric,0.0,agree,"[""5""]","[""5""]"
PXD049302,with_methods,number_of_samples,numeric,0.0,agree,"[""15""]","[""15""]"
PXD049302,with_methods,technology_type,lin,1.0,agree,"[""bottom-up proteomics""]","[""bottom-up proteomics""]"
PXD049682,abstract_only,technology_type,lin,1.0,agree,"[""label-free quantitative proteomics""]","[""bottom-up proteomics"", ""label-free quantitative proteomics""]"
PXD050045,with_methods,biological_replicate,numeric,2.0,disagree,"[""5""]","[""3""]"
PXD050045,with_methods,factor_value,lin,1.6103177644059342e-05,disagree,"[""genotype and age""]","[""nid2 knockdown""]"
PXD050045,with_methods,number_of_biological_replicates,numeric,41.0,disagree,"[""44""]","[""3""]"
PXD050045,with_methods,number_of_samples,numeric,35.0,disagree,"[""44""]","[""9""]"
PXD050045,with_methods,technology_type,lin,0.45804398034732,disagree,"[""dia lc-ms/ms""]","[""bottom-up proteomics"", ""data-dependent acquisition""]"
PXD050209,abstract_only,biological_replicate,numeric,0.0,agree,"[""2""]","[""2""]"
PXD050209,abstract_only,experimental_design,exact,1.0,agree,"[""treated vs control""]","[""treated vs control""]"
PXD050209,abstract_only,factor_value,lin,,,"[""gsno treatment""]","[""gsno treatment""]"
PXD050209,abstract_only,number_of_biological_replicates,numeric,0.0,agree,"[""2""]","[""2""]"
PXD050209,abstract_only,number_of_samples,numeric,0.0,agree,"[""4""]","[""4""]"
PXD050209,abstract_only,technology_type,lin,1.0,agree,"[""affinity purification coupled with mass spectrometry proteomics""]","[""affinity purification coupled with mass spectrometry proteomics""]"
PXD050351,abstract_only,experimental_design,exact,0.0,disagree,"[""treated vs control""]","[""dose response""]"
PXD050351,abstract_only,technology_type,lin,0.9663632996183132,partial,"[""affinity purification coupled with mass spectrometry proteomics""]","[""bottom-up proteomics""]"
PXD050479,abstract_only,experimental_design,exact,1.0,agree,"[""case vs control""]","[""case vs control""]"
PXD050479,abstract_only,factor_value,lin,,,"[""rrms vs healthy controls""]","[""rrms vs healthy controls""]"
PXD050479,abstract_only,number_of_biological_replicates,numeric,19.0,disagree,"[""34""]","[""15""]"
PXD050479,abstract_only,number_of_samples,numeric,0.0,agree,"[""34""]","[""34""]"
PXD050479,abstract_only,technology_type,lin,0.9349158164193165,partial,"[""lfq proteomic profiling""]","[""bottom-up proteomics""]"
PXD050581,with_methods,experimental_design,exact,1.0,agree,"[""time course""]","[""time course""]"
PXD050581,with_methods,factor_value,lin,,,"[""wt vs cosmc ko""]","[""0 and 16 h vs mmp9"", ""wt vs cosmc ko""]"
PXD050581,with_methods,number_of_biological_replicates,numeric,0.0,agree,"[""2""]","[""2""]"
PXD050581,with_methods,number_of_samples,numeric,0.0,agree,"[""16""]","[""16""]"
PXD050581,with_methods,technology_type,lin,1.0,agree,"[""bottom-up proteomics""]","[""bottom-up proteomics"", ""data-dependent acquisition"", ""data-independent acquisition""]"
PXD050772,abstract_only,technology_type,lin,,,"[""integrated thermal shift assay""]","[""bottom-up proteomics""]"
PXD050909,with_methods,number_of_fractions,numeric,0.0,agree,"[""8""]","[""8""]"
PXD050909,with_methods,technology_type,lin,0.9831816498091566,partial,"[""shotgun proteomics"", ""targeted proteomics""]","[""targeted proteomics""]"
PXD050991,abstract_only,technology_type,lin,0.000315760080068027,disagree,"[""silac""]","[""bottom-up proteomics""]"
PXD051089,abstract_only,experimental_design,exact,1.0,agree,"[""treated vs control""]","[""treated vs control""]"
PXD051089,abstract_only,factor_value,lin,1.0,agree,"[""nt crrna vs t crrna""]","[""non-targeted crrna vs targeting crrna"", ""targeting vs non-targeting""]"
PXD051224,abstract_only,experimental_design,exact,0.0,disagree,"[""time course""]","[""dose response""]"
PXD051224,abstract_only,technology_type,lin,1.0,agree,"[""chemoproteomics""]","[""chemoproteomics""]"
PXD051689,abstract_only,technology_type,lin,0.9663632996183132,partial,"[""affinity purification coupled with mass spectrometry proteomics""]","[""bottom-up proteomics""]"
PXD051737,abstract_only,technology_type,lin,1.0,agree,"[""affinity purification coupled with mass spectrometry proteomics""]","[""affinity purification coupled with mass spectrometry proteomics"", ""bottom-up proteomics""]"
PXD052011,abstract_only,experimental_design,exact,0.0,disagree,"[""case vs control""]","[""treated vs control""]"
PXD052011,abstract_only,factor_value,lin,,,"[""wildtype c57bl6/n vs shiverer mouse model""]","[""wildtype vs shiverer""]"
PXD052011,abstract_only,technology_type,lin,1.0,agree,"[""affinity purification coupled with mass spectrometry proteomics"", ""bottom-up proteomics""]","[""affinity purification coupled with mass spectrometry proteomics"", ""bottom-up proteomics""]"
PXD052554,abstract_only,factor_value,lin,1.676283574196419e-05,disagree,"[""treated vs control""]","[""mouse model""]"
PXD052756,abstract_only,experimental_design,exact,1.0,agree,"[""treated vs control""]","[""treated vs control""]"
PXD052756,abstract_only,factor_value,lin,0.1510209227439714,disagree,"[""ascorbate deficiency""]","[""4 mutant"", ""pht4"", ""vtc2-4 mutant""]"
PXD052756,abstract_only,technology_type,lin,,,"[""proteome wide analysis of thermostability""]","[""bottom-up proteomics""]"
PXD052912,abstract_only,experimental_design,exact,1.0,agree,"[""treated vs control""]","[""treated vs control""]"
PXD052912,abstract_only,factor_value,lin,,,"[""snf2l-ko vs parental""]","[""snf2l-ko vs parental""]"
PXD052912,abstract_only,technology_type,lin,1.0,agree,"[""quantitative proteomics""]","[""bottom-up proteomics""]"
PXD053308,with_methods,biological_replicate,numeric,0.0,agree,"[""5""]","[""5""]"
PXD053308,with_methods,experimental_design,exact,1.0,agree,"[""treated vs control""]","[""treated vs control""]"
PXD053308,with_methods,factor_value,lin,,,"[""bdpic treatment""]","[""100 nm bdpic""]"
PXD053308,with_methods,number_of_fractions,numeric,72.0,disagree,"[""12"", ""24""]","[""96""]"
PXD053308,with_methods,number_of_biological_replicates,numeric,0.0,agree,"[""5""]","[""5""]"
PXD053308,with_methods,number_of_samples,numeric,5.0,disagree,"[""10""]","[""5""]"
PXD053308,with_methods,technology_type,lin,0.9831816498091566,partial,"[""shotgun proteomics"", ""targeted proteomics""]","[""bottom-up proteomics""]"
PXD053502,with_methods,experimental_design,exact,1.0,agree,"[""treated vs control""]","[""treated vs control""]"
PXD053502,with_methods,factor_value,lin,,,"[""mz1 vs dmso""]","[""mz1 vs dmso""]"
PXD053502,with_methods,technology_type,lin,0.9663632996183132,partial,"[""bottom-up proteomics""]","[""data-independent acquisition proteomics""]"
PXD053814,with_methods,experimental_design,exact,1.0,agree,"[""case vs control"", ""treated vs control""]","[""treated vs control""]"
PXD053814,with_methods,factor_value,lin,1.0,agree,"[""age-matched control"", ""alzheimer's disease""]","[""ad vs control""]"
PXD053814,with_methods,number_of_fractions,numeric,0.0,agree,"[""8""]","[""8""]"
PXD053814,with_methods,number_of_samples,numeric,92.0,disagree,"[""105""]","[""13""]"
PXD053814,with_methods,technology_type,lin,0.9831816498091566,partial,"[""bottom-up proteomics"", ""shotgun proteomics""]","[""bottom-up proteomics""]"
PXD054207,abstract_only,experimental_design,exact,0.0,disagree,"[""treated vs control""]","[""case vs control""]"
PXD054207,abstract_only,factor_value,lin,1.0,agree,"[""autophagic condition""]","[""autophagic vs non-autophagic""]"
PXD054207,abstract_only,technology_type,lin,1.0,agree,"[""bottom-up proteomics""]","[""bottom-up proteomics""]"
PXD054323,abstract_only,biological_replicate,numeric,,,"[""3""]","[""mice""]"
PXD054323,abstract_only,experimental_design,exact,1.0,agree,"[""treated vs control""]","[""treated vs control""]"
PXD054323,abstract_only,factor_value,lin,1.0,agree,"[""diet""]","[""diet""]"
PXD054323,abstract_only,technology_type,lin,0.45804398034732,disagree,"[""liquid chromatography mass spectrometry""]","[""data-dependent acquisition""]"
PXD054505,abstract_only,technology_type,lin,0.9663632996183132,partial,"[""mass spectrometry-based proteomic approach""]","[""bottom-up proteomics""]"
PXD055011,abstract_only,experimental_design,exact,1.0,agree,"[""time course""]","[""time course""]"
PXD055586,with_methods,experimental_design,exact,1.0,agree,"[""dose response""]","[""dose response""]"
PXD055586,with_methods,factor_value,lin,1.0,agree,"[""source voltage""]","[""faims compensation voltage"", ""source voltage""]"
PXD055586,with_methods,technology_type,lin,1.0,agree,"[""bottom-up proteomics""]","[""affinity purification coupled with mass spectrometry proteomics"", ""bottom-up proteomics""]"
PXD055814,abstract_only,technology_type,lin,1.0,agree,"[""affinity purification coupled with mass spectrometry proteomics""]","[""affinity purification coupled with mass spectrometry proteomics"", ""shotgun proteomics""]"
PXD055973,abstract_only,experimental_design,exact,0.0,disagree,"[""case vs control""]","[""treated vs control""]"
PXD055973,abstract_only,factor_value,lin,1.0,agree,"[""survivors vs non-survivors""]","[""survivors vs non-survivors""]"
PXD055973,abstract_only,number_of_biological_replicates,numeric,0.0,agree,"[""80""]","[""80""]"
PXD055973,abstract_only,number_of_samples,numeric,0.0,agree,"[""80""]","[""80""]"
PXD055973,abstract_only,technology_type,lin,1.0,agree,"[""plasma proteomics""]","[""bottom-up proteomics"", ""data-independent acquisition""]"
PXD056286,with_methods,technology_type,lin,1.0,agree,"[""bottom-up proteomics""]","[""bottom-up proteomics""]"
PXD056371,with_methods,experimental_design,exact,1.0,agree,"[""treated vs control""]","[""treated vs control""]"
PXD056371,with_methods,factor_value,lin,,,"[""amsc-ev vs humsc-ev""]","[""treatment""]"
PXD056479,with_methods,biological_replicate,numeric,0.0,agree,"[""1"", ""2"", ""3""]","[""1""]"
PXD056479,with_methods,technical_replicate,numeric,0.0,agree,"[""2""]","[""2""]"
PXD056479,with_methods,experimental_design,exact,0.0,disagree,"[""dose response"", ""treated vs control""]","[""cross-sectional""]"
PXD056479,with_methods,factor_value,lin,0.07991215423058269,disagree,"[""0%, 2%, 5%, or 10% eds"", ""five different percentages tween-20""]","[""plasma vs urine""]"
PXD056479,with_methods,number_of_technical_replicates,numeric,0.0,agree,"[""2""]","[""2""]"
PXD056479,with_methods,number_of_biological_replicates,numeric,1.0,partial,"[""2"", ""3""]","[""1""]"
PXD056479,with_methods,technology_type,lin,0.7517378527664157,partial,"[""shotgun proteomics""]","[""data-independent acquisition""]"
PXD056564,abstract_only,experimental_design,exact,1.0,agree,"[""treated vs control""]","[""treated vs control""]"
PXD056564,abstract_only,factor_value,lin,1.635593845202094e-05,disagree,"[""ubiquitin linkage""]","[""wt or mutant""]"
PXD056759,abstract_only,experimental_design,exact,1.0,agree,"[""time course""]","[""time course""]"
PXD056759,abstract_only,factor_value,lin,0.0,disagree,"[""h2o2 time""]","[""h2o2 time points""]"
PXD056759,abstract_only,technology_type,lin,0.9663632996183132,partial,"[""shotgun proteomics""]","[""bottom-up proteomics""]"
PXD056908,abstract_only,experimental_design,exact,0.0,disagree,"[""treated vs control""]","[""dose response""]"
PXD056908,abstract_only,factor_value,lin,1.4627150416106068e-05,disagree,"[""methylamine vs hydroxylamine""]","[""dose-dependent""]"
PXD057149,with_methods,experimental_design,exact,0.0,disagree,"[""cross-sectional""]","[""case vs control""]"
PXD057149,with_methods,factor_value,lin,1.0,agree,"[""cms2 vs cms4""]","[""cms2 vs cms4""]"
PXD057149,with_methods,number_of_fractions,numeric,0.0,agree,"[""24""]","[""24""]"
PXD057149,with_methods,number_of_biological_replicates,numeric,0.0,agree,"[""6""]","[""6""]"
PXD057149,with_methods,number_of_samples,numeric,0.0,agree,"[""6""]","[""6""]"
PXD057149,with_methods,technology_type,lin,0.9663632996183132,partial,"[""bottom-up proteomics""]","[""shotgun proteomics""]"
PXD057211,with_methods,biological_replicate,numeric,0.0,agree,"[""95""]","[""95""]"
PXD057211,with_methods,factor_value,lin,1.6552695140765584e-05,disagree,"[""endometrial carcinoma""]","[""drug dose""]"
PXD057211,with_methods,number_of_fractions,numeric,0.0,agree,"[""24""]","[""24""]"
PXD057211,with_methods,number_of_biological_replicates,numeric,0.0,agree,"[""95""]","[""95""]"
PXD057211,with_methods,number_of_samples,numeric,0.0,agree,"[""95""]","[""95""]"
PXD057211,with_methods,technology_type,lin,1.0,agree,"[""bottom-up proteomics""]","[""bottom-up proteomics""]"
PXD057614,with_methods,experimental_design,exact,1.0,agree,"[""case vs control""]","[""case vs control""]"
PXD057614,with_methods,number_of_biological_replicates,numeric,10.0,disagree,"[""10""]","[""20""]"
PXD057614,with_methods,number_of_samples,numeric,0.0,agree,"[""20""]","[""20""]"
PXD057614,with_methods,technology_type,lin,1.0,agree,"[""data independent acquisition""]","[""data-independent acquisition""]"
PXD057944,with_methods,experimental_design,exact,1.0,agree,"[""treated vs control""]","[""treated vs control""]"
PXD057944,with_methods,factor_value,lin,1.0,agree,"[""ifn treatment""]","[""ifn treatment""]"
PXD057944,with_methods,number_of_biological_replicates,numeric,3.0,disagree,"[""4""]","[""1""]"
PXD057944,with_methods,number_of_samples,numeric,4.0,disagree,"[""8""]","[""4""]"
PXD057944,with_methods,technology_type,lin,0.9831816498091566,partial,"[""affinity purification coupled with mass spectrometry proteomics"", ""dia proteomics""]","[""shotgun proteomics""]"
PXD058235,with_methods,technical_replicate,numeric,0.0,agree,"[""4""]","[""4""]"
PXD058235,with_methods,number_of_technical_replicates,numeric,0.0,agree,"[""4""]","[""4""]"
PXD058235,with_methods,technology_type,lin,1.0,agree,"[""affinity purification coupled with mass spectrometry proteomics""]","[""affinity purification coupled with mass spectrometry proteomics"", ""bottom-up proteomics""]"
PXD058323,abstract_only,technology_type,lin,1.0,agree,"[""bottom-up proteomics""]","[""bottom-up proteomics""]"
PXD058422,with_methods,experimental_design,exact,0.0,disagree,"[""treated vs control""]","[""cross-sectional""]"
PXD058422,with_methods,factor_value,lin,,,"[""lb, lb with ethanol stress, minimal media with and without mn2+ starvation, minimal media with and without mg2+ starvation""]","[""growth conditions""]"
PXD058422,with_methods,number_of_technical_replicates,numeric,1.0,partial,"[""2""]","[""1""]"
PXD058422,with_methods,number_of_biological_replicates,numeric,0.0,agree,"[""1""]","[""1""]"
PXD058422,with_methods,number_of_samples,numeric,0.0,agree,"[""6""]","[""6""]"
PXD058422,with_methods,technology_type,lin,1.0,agree,"[""bottom-up proteomics"", ""targeted proteomics"", ""top-down proteomics""]","[""bottom-up proteomics"", ""targeted proteomics"", ""top-down proteomics""]"
PXD058584,abstract_only,biological_replicate,numeric,,,"[""3"", ""5""]","[""inferred: here, using lc-ms/ms-based techniques, we characterize the proteomic changes in cdc2s during their transition into cd14+ ti-dc3s in vitro, using conditioned-medium from the melanoma cell line blm.""]"
PXD058584,abstract_only,experimental_design,exact,1.0,agree,"[""treated vs control""]","[""treated vs control""]"
PXD058584,abstract_only,factor_value,lin,,,"[""conditioned-medium from blm vs control"", ""dc2 vs ti-dc3s""]","[""dc2 vs ti-dc3""]"
PXD058584,abstract_only,technology_type,lin,0.219483666255508,disagree,"[""lc-ms/ms-based techniques"", ""throncat""]","[""bottom-up proteomics"", ""shotgun proteomics""]"
PXD058689,abstract_only,experimental_design,exact,1.0,agree,"[""case vs control""]","[""case vs control""]"
PXD058689,abstract_only,factor_value,lin,1.0,agree,"[""gleason 6 vs gleason 9""]","[""gleason 6 vs gleason 9""]"
PXD058689,abstract_only,number_of_biological_replicates,numeric,15.0,disagree,"[""30""]","[""15""]"
PXD058689,abstract_only,number_of_samples,numeric,8.0,disagree,"[""30""]","[""38""]"
PXD058689,abstract_only,technology_type,lin,0.4213844077135661,disagree,"[""quantitative high-resolution liquid chromatography-tandem mass spectrometry""]","[""bottom-up proteomics""]"
PXD058753,abstract_only,biological_replicate,numeric,,,"[""hela cells"", ""human induced pluripotent stem cells""]","[""1""]"
PXD058753,abstract_only,experimental_design,exact,1.0,agree,"[""time course"", ""treated vs control""]","[""time course""]"
PXD058753,abstract_only,factor_value,lin,0.4321921575419984,disagree,"[""protein synthesis and degradation inhibitors"", ""undirected differentiation""]","[""drug effect, undirected differentiation""]"
PXD058753,abstract_only,number_of_biological_replicates,numeric,999.0,disagree,"[""1000"", ""4000""]","[""1""]"
PXD058753,abstract_only,number_of_samples,numeric,999.0,disagree,"[""1000""]","[""1""]"
PXD058753,abstract_only,technology_type,lin,0.4163358509969559,disagree,"[""sc-psilac"", ""single-cell proteomics""]","[""shotgun proteomics""]"
PXD058847,abstract_only,technology_type,lin,0.9663632996183132,partial,"[""proteomics""]","[""label-free proteomics"", ""shotgun proteomics""]"
PXD058963,abstract_only,experimental_design,exact,1.0,agree,"[""case vs control""]","[""case vs control""]"
PXD058963,abstract_only,factor_value,lin,0.2437337415059563,disagree,"[""severity""]","[""septic shock severity""]"
PXD058963,abstract_only,number_of_biological_replicates,numeric,0.0,agree,"[""12""]","[""12""]"
PXD058963,abstract_only,number_of_samples,numeric,0.0,agree,"[""12""]","[""12""]"
PXD058963,abstract_only,technology_type,lin,1.0,agree,"[""targeted proteomics""]","[""bottom-up proteomics""]"
PXD059092,abstract_only,technical_replicate,numeric,0.0,agree,"[""3""]","[""3""]"
PXD059092,abstract_only,experimental_design,exact,1.0,agree,"[""time course""]","[""time course""]"
PXD059092,abstract_only,factor_value,lin,0.0,disagree,"[""time""]","[""time post-washout""]"
PXD059092,abstract_only,number_of_technical_replicates,numeric,0.0,agree,"[""3""]","[""3""]"
PXD059092,abstract_only,number_of_biological_replicates,numeric,0.0,agree,"[""3""]","[""3""]"
PXD059092,abstract_only,technology_type,lin,1.0,agree,"[""bottom-up proteomics""]","[""bottom-up proteomics""]"
PXD059386,with_methods,experimental_design,exact,1.0,agree,"[""time course"", ""treated vs control""]","[""treated vs control""]"
PXD059386,with_methods,factor_value,lin,,,"[""minch treatment vs solvent""]","[""solvent vs minch""]"
PXD059386,with_methods,technology_type,lin,0.9831816498091566,partial,"[""bottom-up proteomics"", ""shotgun proteomics""]","[""bottom-up proteomics""]"
PXD059598,abstract_only,experimental_design,exact,1.0,agree,"[""time course""]","[""time course""]"
PXD059598,abstract_only,factor_value,lin,0.0,disagree,"[""presence or absence of trace metals""]","[""anaerobic conditions on minimal m9 medium in the presence or absence of trace metals at 6, 12 and 24 h""]"
PXD059782,with_methods,technology_type,lin,1.0,agree,"[""affinity purification coupled with mass spectrometry proteomics""]","[""affinity purification coupled with mass spectrometry proteomics""]"
PXD059940,abstract_only,experimental_design,exact,1.0,agree,"[""treated vs control""]","[""treated vs control""]"
PXD059940,abstract_only,factor_value,lin,,,"[""dm vs sf protocol""]","[""dm vs sf""]"
PXD059940,abstract_only,number_of_biological_replicates,numeric,0.0,agree,"[""8""]","[""8""]"
PXD059940,abstract_only,number_of_samples,numeric,0.0,agree,"[""8""]","[""8""]"
PXD059940,abstract_only,technology_type,lin,0.8818096494029833,partial,"[""global dia-ms/ms""]","[""dia-ms/ms""]"
PXD060102,abstract_only,technology_type,lin,0.9663632996183132,partial,"[""quantitative proteomics""]","[""shotgun proteomics""]"
PXD060372,abstract_only,technology_type,lin,1.0,agree,"[""shotgun proteomics""]","[""affinity purification coupled with mass spectrometry proteomics"", ""bottom-up proteomics""]"
PXD060572,abstract_only,experimental_design,exact,1.0,agree,"[""treated vs control""]","[""treated vs control""]"
PXD060572,abstract_only,factor_value,lin,,,"[""erap1 silencing vs erap1 inhibition""]","[""wild-type, inhibitor-treated & erap1 ko""]"
PXD060572,abstract_only,technology_type,lin,1.0,agree,"[""targeted proteomics""]","[""bottom-up proteomics""]"
PXD060761,abstract_only,technology_type,lin,0.4355583887813419,disagree,"[""mass cytometry""]","[""bottom-up proteomics""]"
PXD061104,with_methods,experimental_design,exact,1.0,agree,"[""treated vs control""]","[""treated vs control""]"
PXD061104,with_methods,factor_value,lin,,,"[""5xfad/mdk-ko vs 5xfad""]","[""mdk knockout""]"
PXD061104,with_methods,number_of_fractions,numeric,0.0,agree,"[""40""]","[""40""]"
PXD061104,with_methods,technology_type,lin,0.9663632996183132,partial,"[""shotgun proteomics""]","[""bottom-up proteomics""]"
PXD061212,with_methods,factor_value,lin,0.0,disagree,"[""uv irradiation""]","[""uv irradiated vs untreated""]"
PXD061212,with_methods,technology_type,lin,1.0,agree,"[""affinity purification coupled with mass spectrometry proteomics""]","[""affinity purification coupled with mass spectrometry proteomics"", ""bottom-up proteomics"", ""data-dependent acquisition""]"
PXD061307,with_methods,biological_replicate,numeric,,,"[""8""]","[""8 mice/group""]"
PXD061307,with_methods,experimental_design,exact,1.0,agree,"[""treated vs control""]","[""treated vs control""]"
PXD061307,with_methods,factor_value,lin,,,"[""dha+ara vs. dha diet""]","[""dha vs dha+ara diet""]"
PXD061307,with_methods,number_of_biological_replicates,numeric,8.0,disagree,"[""16""]","[""8""]"
PXD061307,with_methods,number_of_samples,numeric,0.0,agree,"[""16""]","[""16""]"
PXD061307,with_methods,technology_type,lin,0.9684835203822864,partial,"[""label-free lc-ms/ms proteomics""]","[""shotgun proteomics""]"
PXD061467,abstract_only,experimental_design,exact,1.0,agree,"[""treated vs control""]","[""treated vs control""]"
PXD061467,abstract_only,factor_value,lin,,,"[""treatment with bi-2865""]","[""bi-2865 treatment""]"
PXD061467,abstract_only,technology_type,lin,0.7577720172509382,partial,"[""phosphoproteomics""]","[""bottom-up proteomics""]"
PXD061596,abstract_only,biological_replicate,numeric,,,"[""mice""]","[""5 mice""]"
PXD061596,abstract_only,experimental_design,exact,1.0,agree,"[""treated vs control""]","[""treated vs control""]"
PXD061596,abstract_only,factor_value,lin,1.896926509073036e-05,disagree,"[""treatment genotype""]","[""treatment""]"
PXD061596,abstract_only,number_of_biological_replicates,numeric,0.0,agree,"[""5""]","[""5""]"
PXD061660,abstract_only,experimental_design,exact,0.0,disagree,"[""dose response""]","[""treated vs control""]"
PXD061660,abstract_only,factor_value,lin,1.0,agree,"[""x-ray dose""]","[""x-ray dose""]"
PXD061660,abstract_only,technology_type,lin,0.9663632996183132,partial,"[""shotgun proteomics""]","[""bottom-up proteomics""]"
PXD061855,abstract_only,technology_type,lin,0.9663632996183132,partial,"[""shotgun proteomics""]","[""targeted proteomics""]"
PXD061925,with_methods,number_of_biological_replicates,numeric,0.0,agree,"[""3""]","[""3""]"
PXD061925,with_methods,number_of_samples,numeric,0.0,agree,"[""24""]","[""24""]"
PXD061925,with_methods,technology_type,lin,0.9349158164193165,partial,"[""label free experiment""]","[""bottom-up proteomics""]"
PXD062112,with_methods,technology_type,lin,1.0,agree,"[""bottom-up proteomics""]","[""affinity purification coupled with mass spectrometry proteomics"", ""bottom-up proteomics"", ""data-dependent acquisition""]"
PXD062431,abstract_only,number_of_samples,numeric,0.0,agree,"[""147""]","[""147""]"
PXD062431,abstract_only,technology_type,lin,0.9917875929408353,agree,"[""plasma proteomics""]","[""data-independent acquisition proteomics""]"
PXD062536,abstract_only,technology_type,lin,0.9663632996183132,partial,"[""shotgun proteomics""]","[""bottom-up proteomics""]"
PXD062745,abstract_only,biological_replicate,numeric,0.0,agree,"[""3""]","[""3""]"
PXD062745,abstract_only,factor_value,lin,1.0,agree,"[""butter vs palm oil"", ""standard fat diet vs high fat diet""]","[""butter high fat diet vs palm oil high fat diet"", ""standard fat diet vs butter high fat diet""]"
PXD062745,abstract_only,number_of_biological_replicates,numeric,0.0,agree,"[""3""]","[""3""]"
PXD062745,abstract_only,number_of_samples,numeric,0.0,agree,"[""3""]","[""3""]"
PXD063002,abstract_only,experimental_design,exact,1.0,agree,"[""time course""]","[""time course""]"
PXD063002,abstract_only,factor_value,lin,1.0,agree,"[""growth duration""]","[""growth duration""]"
PXD063002,abstract_only,technology_type,lin,1.0,agree,"[""data independent acquisition""]","[""bottom-up proteomics"", ""data-independent acquisition""]"
PXD063179,with_methods,biological_replicate,numeric,,,"[""4""]","[""hek293 cells""]"
PXD063179,with_methods,experimental_design,exact,1.0,agree,"[""treated vs control""]","[""treated vs control""]"
PXD063179,with_methods,factor_value,lin,,,"[""compound 10 vs dmso""]","[""compound 10 (50 \u03bcm) or dmso"", ""compound 15 (5 \u03bcm) or dmso""]"
PXD063179,with_methods,number_of_biological_replicates,numeric,0.0,agree,"[""4""]","[""4""]"
PXD063179,with_methods,number_of_samples,numeric,0.0,agree,"[""8""]","[""8""]"
PXD063179,with_methods,technology_type,lin,1.0,agree,"[""affinity purification coupled with mass spectrometry proteomics""]","[""affinity purification coupled with mass spectrometry proteomics""]"
PXD063455,abstract_only,technology_type,lin,1.0,agree,"[""affinity purification coupled with mass spectrometry proteomics""]","[""affinity purification coupled with mass spectrometry proteomics"", ""bottom-up proteomics""]"
PXD063682,with_methods,experimental_design,exact,1.0,agree,"[""treated vs control""]","[""treated vs control""]"
PXD063682,with_methods,technology_type,lin,1.0,agree,"[""affinity purification coupled with mass spectrometry proteomics""]","[""affinity purification coupled with mass spectrometry proteomics""]"
PXD063983,with_methods,technology_type,lin,1.0,agree,"[""affinity purification coupled with mass spectrometry proteomics""]","[""affinity purification coupled with mass spectrometry proteomics"", ""data-dependent acquisition""]"
PXD064458,with_methods,experimental_design,exact,1.0,agree,"[""treated vs control""]","[""treated vs control""]"
PXD064458,with_methods,factor_value,lin,0.0,disagree,"[""syntenin knockout""]","[""parental vs syntko""]"
PXD064458,with_methods,number_of_biological_replicates,numeric,0.0,agree,"[""5""]","[""5""]"
PXD064458,with_methods,technology_type,lin,0.9663632996183132,partial,"[""bottom-up proteomics""]","[""shotgun proteomics""]"
PXD064788,with_methods,biological_replicate,numeric,0.0,agree,"[""1""]","[""1""]"
PXD064788,with_methods,number_of_biological_replicates,numeric,0.0,agree,"[""1""]","[""1""]"
PXD064788,with_methods,number_of_samples,numeric,0.0,agree,"[""1""]","[""1""]"
PXD064788,with_methods,technology_type,lin,1.0,agree,"[""bottom-up proteomics""]","[""bottom-up proteomics""]"
PXD064950,abstract_only,experimental_design,exact,1.0,agree,"[""time course"", ""treated vs control""]","[""treated vs control""]"
PXD064950,abstract_only,factor_value,lin,1.0,agree,"[""aspirin treatment"", ""irradiation"", ""tumor status""]","[""age"", ""aspirin treatment"", ""irradiation status"", ""tumor status""]"
PXD064950,abstract_only,technology_type,lin,1.0,agree,"[""quantitative proteomic analysis""]","[""bottom-up proteomics"", ""tmt quantification""]"
PXD065332,with_methods,experimental_design,exact,1.0,agree,"[""treated vs control""]","[""treated vs control""]"
PXD065332,with_methods,factor_value,lin,,,"[""specific ip vs negative control""]","[""anti-ddr1 antibody vs anti-igg antibody""]"
PXD065332,with_methods,number_of_samples,numeric,0.0,agree,"[""2""]","[""2""]"
PXD065332,with_methods,technology_type,lin,0.9663632996183132,partial,"[""affinity purification coupled with mass spectrometry proteomics""]","[""bottom-up proteomics"", ""data-dependent acquisition""]"
PXD065914,with_methods,technology_type,lin,1.0,agree,"[""affinity purification coupled with mass spectrometry proteomics""]","[""affinity purification coupled with mass spectrometry proteomics""]"
PXD066083,abstract_only,technology_type,lin,1.0,agree,"[""crosslinking mass spectrometry""]","[""affinity purification coupled with mass spectrometry proteomics"", ""crosslinking mass spectrometry"", ""shotgun proteomics""]"
PXD066393,with_methods,factor_value,lin,0.3161178526925285,disagree,"[""fibre type""]","[""muscle fibre type""]"
PXD066393,with_methods,technology_type,lin,0.9831816498091566,partial,"[""bottom-up proteomics"", ""shotgun proteomics""]","[""bottom-up proteomics""]"
PXD067102,abstract_only,experimental_design,exact,0.0,disagree,"[""time course""]","[""treated vs control""]"
PXD067102,abstract_only,factor_value,lin,1.0,agree,"[""age""]","[""frozen vs activated"", ""young vs aged""]"
PXD067229,abstract_only,biological_replicate,numeric,0.0,agree,"[""3""]","[""3""]"
PXD067229,abstract_only,experimental_design,exact,1.0,agree,"[""treated vs control""]","[""treated vs control""]"
PXD067229,abstract_only,factor_value,lin,,,"[""control vs asah1 knockout""]","[""asah1 knockout vs control""]"
PXD067229,abstract_only,number_of_biological_replicates,numeric,0.0,agree,"[""3""]","[""3""]"
PXD067229,abstract_only,technology_type,lin,,,"[""tmtpro 18-plex labeling""]","[""bottom-up proteomics""]"
PXD068150,abstract_only,experimental_design,exact,1.0,agree,"[""treated vs control""]","[""treated vs control""]"
PXD068150,abstract_only,factor_value,lin,1.0,agree,"[""tbk1 status""]","[""tbk1 knock-in vs knock-out""]"
PXD068150,abstract_only,technology_type,lin,1.0,agree,"[""phospho-proteomics""]","[""bottom-up proteomics""]"
PXD069113,abstract_only,experimental_design,exact,1.0,agree,"[""case vs control""]","[""case vs control""]"
PXD069113,abstract_only,factor_value,lin,,,"[""healthy gracilis muscle vs rct tissue""]","[""tissue type""]"
PXD069113,abstract_only,technology_type,lin,0.9349158164193165,partial,"[""label-free quantitative proteomics""]","[""bottom-up proteomics""]"
PXD069754,with_methods,biological_replicate,numeric,0.0,agree,"[""3""]","[""3""]"
PXD069754,with_methods,experimental_design,exact,1.0,agree,"[""treated vs control""]","[""treated vs control""]"
PXD069754,with_methods,factor_value,lin,0.0,disagree,"[""heat stress vs control""]","[""heat stressed vs control""]"
PXD069754,with_methods,number_of_biological_replicates,numeric,0.0,agree,"[""3""]","[""3""]"
PXD069754,with_methods,technology_type,lin,0.9663632996183132,partial,"[""bottom-up proteomics"", ""targeted proteomics""]","[""shotgun proteomics""]"
PXD071075,abstract_only,technology_type,lin,0.4213844077135661,disagree,"[""single cell proteome profiling""]","[""bottom-up proteomics"", ""data-independent acquisition""]"
PXD000685,abstract_only,technology_type,lin,1.0,agree,"[""affinity purification coupled with mass spectrometry proteomics""]","[""shotgun proteomics""]"
PXD001324,abstract_only,factor_value,lin,,,"[""tumor-central vs tumor-near vs tumor-distant""]","[""tumor-central, tumor-near, tumor-distant""]"
PXD001324,abstract_only,technology_type,lin,0.9663632996183132,partial,"[""bottom-up proteomics""]","[""shotgun proteomics""]"
PXD001460,with_methods,technical_replicate,numeric,0.0,agree,"[""2""]","[""2""]"
PXD001460,with_methods,experimental_design,exact,1.0,agree,"[""treated vs control""]","[""treated vs control""]"
PXD001460,with_methods,factor_value,lin,0.0,disagree,"[""pik3ca mutations""]","[""pik3ca e545k and h1047r mutations"", ""silac light/medium/heavy""]"
PXD001460,with_methods,number_of_fractions,numeric,84.0,disagree,"[""12""]","[""96""]"
PXD001460,with_methods,number_of_technical_replicates,numeric,0.0,agree,"[""2""]","[""2""]"
PXD001460,with_methods,number_of_biological_replicates,numeric,1.0,partial,"[""2""]","[""3""]"
PXD001460,with_methods,number_of_samples,numeric,3.0,disagree,"[""6""]","[""3""]"
PXD001460,with_methods,technology_type,lin,1.0,agree,"[""shotgun proteomics""]","[""affinity purification coupled with mass spectrometry proteomics"", ""shotgun proteomics""]"
PXD001862,abstract_only,experimental_design,exact,1.0,agree,"[""case vs control""]","[""case vs control""]"
PXD001862,abstract_only,factor_value,lin,0.5824100370480728,partial,"[""tumor vs non-tumor""]","[""hnscc vs normal oral""]"
PXD001862,abstract_only,number_of_biological_replicates,numeric,1.0,partial,"[""6""]","[""7""]"
PXD001862,abstract_only,number_of_samples,numeric,0.0,agree,"[""7""]","[""7""]"
PXD001862,abstract_only,technology_type,lin,0.8260654597999767,partial,"[""phosphoproteomics""]","[""shotgun proteomics""]"
PXD002211,abstract_only,technical_replicate,numeric,1.0,partial,"[""1""]","[""2""]"
PXD002211,abstract_only,experimental_design,exact,1.0,agree,"[""treated vs control""]","[""treated vs control""]"
PXD002211,abstract_only,factor_value,lin,0.0,disagree,"[""inflammatory activation""]","[""il-1\u03b2 stimulation""]"
PXD002211,abstract_only,technology_type,lin,0.9663632996183132,partial,"[""targeted proteomics""]","[""shotgun proteomics""]"
PXD002620,abstract_only,number_of_fractions,numeric,0.0,agree,"[""10""]","[""10""]"
PXD002990,with_methods,biological_replicate,numeric,0.0,agree,"[""3""]","[""3""]"
PXD002990,with_methods,technical_replicate,numeric,0.0,agree,"[""2""]","[""2""]"
PXD002990,with_methods,experimental_design,exact,1.0,agree,"[""time course""]","[""time course"", ""treated vs control""]"
PXD002990,with_methods,factor_value,lin,,,"[""il-23 vs unstimulated""]","[""il-23 stimulation time points""]"
PXD002990,with_methods,number_of_fractions,numeric,0.0,agree,"[""10""]","[""10""]"
PXD002990,with_methods,number_of_technical_replicates,numeric,0.0,agree,"[""2""]","[""2""]"
PXD002990,with_methods,number_of_biological_replicates,numeric,0.0,agree,"[""3""]","[""3""]"
PXD002990,with_methods,technology_type,lin,0.9663632996183132,partial,"[""bottom-up proteomics""]","[""shotgun proteomics""]"
PXD003252,with_methods,technical_replicate,numeric,0.0,agree,"[""2""]","[""2""]"
PXD003252,with_methods,experimental_design,exact,1.0,agree,"[""treated vs control""]","[""treated vs control""]"
PXD003252,with_methods,factor_value,lin,0.0,disagree,"[""h19 knockdown""]","[""cisplatin resistance""]"
PXD003252,with_methods,number_of_technical_replicates,numeric,0.0,agree,"[""2""]","[""2""]"
PXD003252,with_methods,number_of_biological_replicates,numeric,2.0,disagree,"[""2""]","[""4""]"
PXD003252,with_methods,number_of_samples,numeric,0.0,agree,"[""4""]","[""4""]"
PXD003252,with_methods,technology_type,lin,0.9684835203822864,partial,"[""label-free quantitative proteomics""]","[""shotgun proteomics""]"
PXD003406,abstract_only,technology_type,lin,0.9663632996183132,partial,"[""bottom-up proteomics""]","[""shotgun proteomics""]"
PXD003414,abstract_only,technology_type,lin,1.0,agree,"[""bottom-up proteomics""]","[""bottom-up proteomics"", ""shotgun proteomics""]"
PXD003544,with_methods,number_of_biological_replicates,numeric,0.0,agree,"[""2""]","[""2""]"
PXD003544,with_methods,technology_type,lin,1.0,agree,"[""affinity purification coupled with mass spectrometry proteomics""]","[""affinity purification coupled with mass spectrometry proteomics"", ""shotgun proteomics""]"
PXD003966,abstract_only,biological_replicate,numeric,,,"[""human fibroblasts"", ""human mesenchymal stem cells""]","[""2""]"
PXD003966,abstract_only,technical_replicate,numeric,12.0,disagree,"[""14 proinflammatory eicosanoids"", ""188 metabolites"", ""40 proteins"", ""9 anti-inflammatory eicosanoids""]","[""2""]"
PXD003966,abstract_only,experimental_design,exact,1.0,agree,"[""cross-sectional"", ""treated vs control""]","[""treated vs control""]"
PXD003966,abstract_only,factor_value,lin,0.500007313575208,partial,"[""dexamethasone"", ""inflammatory stimulation""]","[""dexamethasone treatment""]"
PXD003966,abstract_only,technology_type,lin,0.8164042967643532,partial,"[""data-dependent analysis"", ""label-free quantification"", ""multiple reaction monitoring""]","[""shotgun proteomics""]"
PXD004280,abstract_only,factor_value,lin,1.58814645846123e-05,disagree,"[""inactive vs activated t cells""]","[""activation""]"
PXD004280,abstract_only,technology_type,lin,1.0,agree,"[""affinity purification coupled with mass spectrometry proteomics""]","[""affinity purification coupled with mass spectrometry proteomics"", ""shotgun proteomics""]"
PXD004624,abstract_only,technology_type,lin,1.0,agree,"[""shotgun proteomics""]","[""shotgun proteomics""]"
PXD004788,abstract_only,experimental_design,exact,1.0,agree,"[""treated vs control""]","[""treated vs control""]"
PXD004788,abstract_only,factor_value,lin,0.0,disagree,"[""arsenic trioxide treatment""]","[""kp1537 treatment""]"
PXD004788,abstract_only,technology_type,lin,1.0,agree,"[""shotgun proteomics""]","[""shotgun proteomics""]"
PXD005220,with_methods,experimental_design,exact,1.0,agree,"[""time course"", ""treated vs control""]","[""case vs control"", ""time course""]"
PXD005220,with_methods,factor_value,lin,0.5565683132448865,partial,"[""responder vs non-responder"", ""stage i vs stage ii"", ""treated vs control""]","[""responders vs non-responders"", ""stage i vs stage ii""]"
PXD005220,with_methods,number_of_samples,numeric,0.0,agree,"[""39""]","[""39""]"
PXD005220,with_methods,technology_type,lin,1.0,agree,"[""label-free proteomics""]","[""label-free proteomics"", ""shotgun proteomics""]"
PXD005508,with_methods,biological_replicate,numeric,0.0,agree,"[""2""]","[""2""]"
PXD005508,with_methods,experimental_design,exact,1.0,agree,"[""treated vs control""]","[""treated vs control""]"
PXD005508,with_methods,factor_value,lin,0.12366265063767803,disagree,"[""dmso or drug""]","[""cell line"", ""treatment""]"
PXD005508,with_methods,number_of_biological_replicates,numeric,0.0,agree,"[""2""]","[""2"", ""3""]"
PXD005508,with_methods,technology_type,lin,0.9663632996183132,partial,"[""proteomics""]","[""cetsa-ms"", ""shotgun proteomics""]"
PXD005733,with_methods,experimental_design,exact,0.0,disagree,"[""cross-sectional""]","[""case vs control""]"
PXD005733,with_methods,factor_value,lin,,,"[""tumor vs adjacent lung tissue""]","[""tumor vs adjacent""]"
PXD005733,with_methods,number_of_fractions,numeric,0.0,agree,"[""12""]","[""12""]"
PXD005733,with_methods,number_of_biological_replicates,numeric,0.0,agree,"[""8""]","[""8""]"
PXD005733,with_methods,number_of_samples,numeric,0.0,agree,"[""8""]","[""8""]"
PXD005733,with_methods,technology_type,lin,0.7995011784293806,partial,"[""data dependent acquisition"", ""data independent acquisition"", ""label free proteomics"", ""tandem mass tags""]","[""shotgun proteomics""]"
PXD006035,abstract_only,technology_type,lin,0.9663632996183132,partial,"[""bottom-up proteomics""]","[""shotgun proteomics""]"
PXD006268,with_methods,number_of_technical_replicates,numeric,0.0,agree,"[""2""]","[""2""]"
PXD006268,with_methods,number_of_biological_replicates,numeric,0.0,agree,"[""2""]","[""2""]"
PXD006268,with_methods,number_of_samples,numeric,0.0,agree,"[""4""]","[""4""]"
PXD006268,with_methods,technology_type,lin,0.9663632996183132,partial,"[""bottom-up proteomics""]","[""shotgun proteomics""]"
PXD006419,with_methods,biological_replicate,numeric,,,"[""lung msc and bone marrow msc""]","[""6""]"
PXD006419,with_methods,technical_replicate,numeric,0.0,agree,"[""1""]","[""1""]"
PXD006419,with_methods,experimental_design,exact,0.0,disagree,"[""case vs control"", ""cross-sectional""]","[""treated vs control""]"
PXD006419,with_methods,factor_value,lin,,,"[""lung-msc vs bone marrow-msc""]","[""lung-msc vs bone marrow-msc""]"
PXD006419,with_methods,number_of_fractions,numeric,0.0,agree,"[""10""]","[""10""]"
PXD006419,with_methods,number_of_technical_replicates,numeric,0.0,agree,"[""1""]","[""1""]"
PXD006419,with_methods,number_of_biological_replicates,numeric,0.0,agree,"[""6""]","[""6""]"
PXD006419,with_methods,number_of_samples,numeric,0.0,agree,"[""6""]","[""6""]"
PXD006419,with_methods,technology_type,lin,0.4833507862742268,disagree,"[""dia proteomics"", ""srm proteomics""]","[""shotgun proteomics""]"
PXD006561,with_methods,technical_replicate,numeric,0.0,agree,"[""2""]","[""2""]"
PXD006561,with_methods,experimental_design,exact,1.0,agree,"[""treated vs control""]","[""treated vs control""]"
PXD006561,with_methods,factor_value,lin,0.056749155161435416,disagree,"[""pdr vs parental""]","[""sensitive vs resistant""]"
PXD006561,with_methods,number_of_technical_replicates,numeric,0.0,agree,"[""2""]","[""2""]"
PXD006561,with_methods,technology_type,lin,1.0,agree,"[""shotgun phosphoproteomics""]","[""shotgun proteomics""]"
PXD006590,abstract_only,experimental_design,exact,1.0,agree,"[""cross-sectional""]","[""cross-sectional""]"
PXD006590,abstract_only,factor_value,lin,0.3175358999475482,disagree,"[""age"", ""disease state""]","[""tumor vs non-tumor""]"
PXD006590,abstract_only,technology_type,lin,0.9663632996183132,partial,"[""bottom-up proteomics""]","[""shotgun proteomics""]"
PXD006856,with_methods,technology_type,lin,0.43895122933337194,disagree,"[""lc-ms/ms""]","[""shotgun proteomics""]"
PXD007123,abstract_only,experimental_design,exact,1.0,agree,"[""treated vs control""]","[""treated vs control""]"
PXD007123,abstract_only,factor_value,lin,,,"[""nad depletion""]","[""cd38 overexpression""]"
PXD007123,abstract_only,technology_type,lin,0.9663632996183132,partial,"[""bottom-up proteomics""]","[""shotgun proteomics""]"
PXD007258,with_methods,technical_replicate,numeric,2.0,disagree,"[""3""]","[""1""]"
PXD007258,with_methods,experimental_design,exact,1.0,agree,"[""treated vs control""]","[""treated vs control""]"
PXD007258,with_methods,factor_value,lin,1.7576390555917382e-05,disagree,"[""treatment""]","[""vehicle vs. pdgf-bb""]"
PXD007258,with_methods,number_of_technical_replicates,numeric,2.0,disagree,"[""3""]","[""1""]"
PXD007594,with_methods,experimental_design,exact,1.0,agree,"[""treated vs control""]","[""treated vs control""]"
PXD007594,with_methods,factor_value,lin,0.05779322784429579,disagree,"[""cm09"", ""cm10"", ""cm11"", ""dmso"", ""vh032""]","[""treatment""]"
PXD007594,with_methods,number_of_fractions,numeric,18.0,disagree,"[""2""]","[""20""]"
PXD007594,with_methods,number_of_samples,numeric,5.0,disagree,"[""5""]","[""10""]"
PXD007594,with_methods,technology_type,lin,1.0,agree,"[""bottom-up proteomics""]","[""bottom-up proteomics""]"
PXD007726,with_methods,biological_replicate,numeric,0.0,agree,"[""3""]","[""3""]"
PXD007726,with_methods,experimental_design,exact,1.0,agree,"[""treated vs control""]","[""treated vs control""]"
PXD007726,with_methods,factor_value,lin,,,"[""shgfp control vs usp9x shrna knockdown""]","[""usp9x knockdown vs control""]"
PXD007726,with_methods,number_of_fractions,numeric,17.0,disagree,"[""19""]","[""36""]"
PXD007726,with_methods,number_of_biological_replicates,numeric,3.0,disagree,"[""6""]","[""3""]"
PXD007726,with_methods,number_of_samples,numeric,0.0,agree,"[""6""]","[""6""]"
PXD007726,with_methods,technology_type,lin,1.0,agree,"[""bottom-up proteomics""]","[""bottom-up proteomics"", ""shotgun proteomics""]"
PXD007906,with_methods,biological_replicate,numeric,4.0,disagree,"[""8 samples""]","[""4""]"
PXD007906,with_methods,technical_replicate,numeric,0.0,agree,"[""3""]","[""3""]"
PXD007906,with_methods,experimental_design,exact,1.0,agree,"[""treated vs control""]","[""treated vs control""]"
PXD007906,with_methods,factor_value,lin,,,"[""oleate-treated vs untreated""]","[""oleate-treated vs untreated""]"
PXD007906,with_methods,number_of_technical_replicates,numeric,0.0,agree,"[""3""]","[""3""]"
PXD007906,with_methods,number_of_biological_replicates,numeric,4.0,disagree,"[""8""]","[""4""]"
PXD007906,with_methods,number_of_samples,numeric,0.0,agree,"[""8""]","[""8""]"
PXD007906,with_methods,technology_type,lin,0.9663632996183132,partial,"[""bottom-up proteomics""]","[""shotgun proteomics""]"
PXD008033,with_methods,experimental_design,exact,1.0,agree,"[""time course""]","[""time course""]"
PXD008033,with_methods,factor_value,lin,1.0,agree,"[""cell cycle phase""]","[""cell cycle stage""]"
PXD008033,with_methods,number_of_fractions,numeric,48.0,disagree,"[""72""]","[""12"", ""24""]"
PXD008033,with_methods,technology_type,lin,0.9663632996183132,partial,"[""bottom-up proteomics""]","[""shotgun proteomics""]"
PXD008147,with_methods,number_of_technical_replicates,numeric,0.0,agree,"[""3""]","[""3""]"
PXD008147,with_methods,number_of_biological_replicates,numeric,0.0,agree,"[""3""]","[""3""]"
PXD008147,with_methods,technology_type,lin,1.0,agree,"[""targeted proteomics""]","[""affinity purification coupled with mass spectrometry proteomics"", ""targeted proteomics""]"
PXD008272,with_methods,number_of_biological_replicates,numeric,0.0,agree,"[""3""]","[""3""]"
PXD008272,with_methods,technology_type,lin,1.0,agree,"[""shotgun proteomics"", ""targeted proteomics""]","[""shotgun proteomics"", ""targeted proteomics""]"
PXD008463,abstract_only,technology_type,lin,1.0,agree,"[""top-down proteomics""]","[""shotgun proteomics""]"
PXD008568,abstract_only,technology_type,lin,0.0004006158505973833,disagree,"[""isobaric tags for relative and absolute quantification""]","[""top-down proteomics""]"
PXD008713,abstract_only,experimental_design,exact,1.0,agree,"[""case vs control""]","[""case vs control""]"
PXD008713,abstract_only,factor_value,lin,0.0644089661845404,disagree,"[""metastases vs surrounding tissue""]","[""lung metastases vs surrounding tissue""]"
PXD008713,abstract_only,number_of_biological_replicates,numeric,0.0,agree,"[""1""]","[""1""]"
PXD008713,abstract_only,number_of_samples,numeric,0.0,agree,"[""2""]","[""2""]"
PXD008713,abstract_only,technology_type,lin,0.9663632996183132,partial,"[""bottom-up proteomics""]","[""shotgun proteomics""]"
PXD008870,abstract_only,experimental_design,exact,1.0,agree,"[""cross-sectional""]","[""cross-sectional""]"
PXD008870,abstract_only,factor_value,lin,0.2335659694605459,disagree,"[""disease state""]","[""recent-onset type 1 diabetes, islet autoantibody-positive, low-risk autoantibody-negative, healthy""]"
PXD008870,abstract_only,number_of_samples,numeric,0.0,agree,"[""101""]","[""101""]"
PXD008870,abstract_only,technology_type,lin,1.0,agree,"[""metaproteomics""]","[""bottom-up proteomics"", ""shotgun proteomics""]"
PXD008952,with_methods,experimental_design,exact,0.0,disagree,"[""time course"", ""treated vs control""]","[""cross-sectional""]"
PXD008952,with_methods,number_of_fractions,numeric,0.0,agree,"[""24""]","[""24""]"
PXD008952,with_methods,technology_type,lin,0.9831816498091566,partial,"[""affinity purification coupled with mass spectrometry proteomics"", ""bottom-up proteomics""]","[""shotgun proteomics""]"
PXD009041,abstract_only,technology_type,lin,0.4833789152756559,disagree,"[""quantitative tyrosine and global phosphoproteomics"", ""targeted proteomics""]","[""affinity purification coupled with mass spectrometry proteomics"", ""shotgun proteomics""]"
PXD009149,with_methods,biological_replicate,numeric,0.0,agree,"[""3""]","[""3""]"
PXD009149,with_methods,experimental_design,exact,1.0,agree,"[""time course""]","[""time course""]"
PXD009149,with_methods,factor_value,lin,0.0,disagree,"[""time point"", ""zinc-treated vs control""]","[""zn-treated vs untreated""]"
PXD009149,with_methods,number_of_biological_replicates,numeric,0.0,agree,"[""3""]","[""3""]"
PXD009149,with_methods,technology_type,lin,0.9842417601911432,partial,"[""label-free proteomics"", ""targeted phosphoproteomics""]","[""shotgun proteomics""]"
PXD009216,with_methods,technical_replicate,numeric,0.0,agree,"[""3""]","[""3""]"
PXD009216,with_methods,experimental_design,exact,1.0,agree,"[""treated vs control""]","[""treated vs control""]"
PXD009216,with_methods,number_of_fractions,numeric,0.0,agree,"[""5""]","[""5""]"
PXD009216,with_methods,number_of_technical_replicates,numeric,0.0,agree,"[""3""]","[""3""]"
PXD009216,with_methods,number_of_biological_replicates,numeric,0.0,agree,"[""3""]","[""3""]"
PXD009216,with_methods,number_of_samples,numeric,6.0,disagree,"[""3""]","[""9""]"
PXD009216,with_methods,technology_type,lin,1.0,agree,"[""affinity purification coupled with mass spectrometry proteomics""]","[""shotgun proteomics""]"
PXD009292,abstract_only,experimental_design,exact,1.0,agree,"[""time course""]","[""time course""]"
PXD009292,abstract_only,factor_value,lin,1.0,agree,"[""ribosomal subcomplexes""]","[""ribosomal subcomplexes""]"
PXD009292,abstract_only,technology_type,lin,0.9130020666102265,partial,"[""quantitative mass spectrometry""]","[""shotgun proteomics""]"
PXD009343,with_methods,experimental_design,exact,1.0,agree,"[""treated vs control""]","[""treated vs control""]"
PXD009343,with_methods,factor_value,lin,1.0,agree,"[""zikv infection vs mock""]","[""zikv infection""]"
PXD009343,with_methods,number_of_fractions,numeric,0.0,agree,"[""15""]","[""15""]"
PXD009343,with_methods,technology_type,lin,1.0,agree,"[""bottom-up proteomics""]","[""top-down proteomics""]"
PXD009389,abstract_only,experimental_design,exact,0.0,disagree,"[""treated vs control""]","[""dose response""]"
PXD009389,abstract_only,factor_value,lin,,,"[""dhe treatment vs untreated""]","[""treatment, time""]"
PXD009389,abstract_only,technology_type,lin,1.0,agree,"[""shotgun proteomics""]","[""shotgun proteomics""]"
PXD009487,with_methods,biological_replicate,numeric,0.0,agree,"[""3"", ""cells maintained in different flasks""]","[""3""]"
PXD009487,with_methods,experimental_design,exact,1.0,agree,"[""treated vs control""]","[""treated vs control""]"
PXD009487,with_methods,factor_value,lin,,,"[""thy1.1-gfp, thy1.1-musox, or thy1.1-musox d219a""]","[""treatment""]"
PXD009487,with_methods,number_of_fractions,numeric,0.0,agree,"[""12""]","[""12""]"
PXD009487,with_methods,number_of_biological_replicates,numeric,0.0,agree,"[""3""]","[""3""]"
PXD009487,with_methods,number_of_samples,numeric,20.0,disagree,"[""30""]","[""10""]"
PXD009487,with_methods,technology_type,lin,0.8899107835203569,partial,"[""bottom-up proteomics"", ""tandem mass tag labeling with mass spectrometry""]","[""shotgun proteomics""]"
PXD009565,abstract_only,number_of_biological_replicates,numeric,0.0,agree,"[""3""]","[""3""]"
PXD009565,abstract_only,number_of_samples,numeric,0.0,agree,"[""3""]","[""3""]"
PXD009565,abstract_only,technology_type,lin,1.0,agree,"[""shotgun proteomics""]","[""shotgun proteomics""]"
PXD009624,abstract_only,technology_type,lin,0.9663632996183132,partial,"[""bottom-up proteomics""]","[""shotgun proteomics"", ""swath ms""]"
PXD009830,with_methods,technology_type,lin,1.0,agree,"[""affinity purification coupled with mass spectrometry proteomics""]","[""affinity purification coupled with mass spectrometry proteomics"", ""shotgun proteomics""]"
PXD009893,abstract_only,factor_value,lin,1.0,agree,"[""adipose tissue or umbilical cord""]","[""adipose tissue"", ""umbilical cord""]"
PXD009893,abstract_only,technology_type,lin,0.9130020666102265,partial,"[""mass spectrometry""]","[""shotgun proteomics""]"
PXD010075,abstract_only,technology_type,lin,1.0,agree,"[""affinity purification coupled with mass spectrometry proteomics""]","[""affinity purification coupled with mass spectrometry proteomics""]"
PXD010145,with_methods,technology_type,lin,1.0,agree,"[""shotgun proteomics""]","[""shotgun proteomics""]"
PXD010271,abstract_only,experimental_design,exact,0.0,disagree,"[""cross-sectional""]","[""case vs control""]"
PXD010271,abstract_only,technology_type,lin,0.9663632996183132,partial,"[""bottom-up proteomics""]","[""shotgun proteomics""]"
PXD010445,with_methods,factor_value,lin,,,"[""unmodified vs h3kc36me3""]","[""h3k36me3 versus unmodified nucleosomes"", ""silac heavy versus light labeling""]"
PXD010445,with_methods,technology_type,lin,1.0,agree,"[""affinity purification coupled with mass spectrometry proteomics""]","[""affinity purification coupled with mass spectrometry proteomics"", ""shotgun proteomics""]"
PXD010787,abstract_only,experimental_design,exact,1.0,agree,"[""treated vs control""]","[""treated vs control""]"
PXD010787,abstract_only,factor_value,lin,1.0,agree,"[""midostaurin treatment""]","[""midostaurin vs dmso""]"
PXD010787,abstract_only,technology_type,lin,0.9080451056230837,partial,"[""affinity purification coupled with mass spectrometry proteomics"", ""phosphoproteomics"", ""targeted proteomics""]","[""affinity purification coupled with mass spectrometry proteomics""]"
PXD011033,with_methods,experimental_design,exact,1.0,agree,"[""treated vs control""]","[""treated vs control""]"
PXD011033,with_methods,factor_value,lin,1.0,agree,"[""ligand vs vehicle""]","[""vehicle or ligand""]"
PXD011033,with_methods,number_of_fractions,numeric,0.0,agree,"[""7""]","[""7""]"
PXD011033,with_methods,technology_type,lin,0.9663632996183132,partial,"[""bottom-up proteomics""]","[""shotgun proteomics""]"
PXD011204,abstract_only,experimental_design,exact,0.0,disagree,"[""dose response""]","[""treated vs control""]"
PXD011204,abstract_only,technology_type,lin,1.0,agree,"[""targeted proteomics""]","[""targeted proteomics""]"
PXD011492,abstract_only,experimental_design,exact,0.0,disagree,"[""case vs control""]","[""treated vs control""]"
PXD011492,abstract_only,factor_value,lin,1.0,agree,"[""tumor vs normal""]","[""tumor vs normal""]"
PXD011492,abstract_only,technology_type,lin,0.9663632996183132,partial,"[""bottom-up proteomics""]","[""shotgun proteomics""]"
PXD013523,with_methods,experimental_design,exact,1.0,agree,"[""treated vs control""]","[""treated vs control""]"
PXD013523,with_methods,factor_value,lin,0.30857401247521554,disagree,"[""tumor vs normal kidney""]","[""prcc vs normal kidney""]"
PXD013523,with_methods,number_of_samples,numeric,19.0,disagree,"[""38""]","[""19""]"
PXD013523,with_methods,technology_type,lin,1.0,agree,"[""shotgun proteomics""]","[""shotgun proteomics""]"
PXD019817,with_methods,biological_replicate,numeric,0.0,agree,"[""30""]","[""30""]"
PXD019817,with_methods,experimental_design,exact,1.0,agree,"[""time course""]","[""time course""]"
PXD019817,with_methods,factor_value,lin,1.0,agree,"[""day of life""]","[""day of life""]"
PXD019817,with_methods,number_of_biological_replicates,numeric,0.0,agree,"[""30""]","[""30""]"
PXD019817,with_methods,number_of_samples,numeric,30.0,disagree,"[""60""]","[""30""]"
PXD019817,with_methods,technology_type,lin,1.0,agree,"[""bottom-up proteomics""]","[""bottom-up proteomics""]"
PXD022843,abstract_only,experimental_design,exact,1.0,agree,"[""case vs control""]","[""case vs control""]"
PXD022843,abstract_only,factor_value,lin,0.9491093436101796,partial,"[""healthy vs azoospermia""]","[""normal sperm vs nonobstructive azoospermia vs obstructive azoospermia""]"
PXD022843,abstract_only,number_of_samples,numeric,24.0,disagree,"[""3""]","[""27""]"
PXD022843,abstract_only,technology_type,lin,0.43895122933337194,disagree,"[""lc-ms/ms""]","[""shotgun proteomics""]"
PXD035447,abstract_only,experimental_design,exact,0.0,disagree,"[""time course""]","[""longitudinal""]"
PXD035447,abstract_only,factor_value,lin,1.0,agree,"[""donor status""]","[""new and regular donors""]"
PXD035447,abstract_only,technology_type,lin,0.9663632996183132,partial,"[""quantitative proteomics""]","[""shotgun proteomics""]"
PXD046451,with_methods,biological_replicate,numeric,0.0,agree,"[""15""]","[""15""]"
PXD046451,with_methods,experimental_design,exact,0.0,disagree,"[""treated vs control""]","[""case vs control""]"
PXD046451,with_methods,factor_value,lin,,,"[""aatr vs control""]","[""aatr patients vs healthy controls""]"
PXD046451,with_methods,number_of_fractions,numeric,0.0,agree,"[""15""]","[""15""]"
PXD046451,with_methods,number_of_biological_replicates,numeric,0.0,agree,"[""15""]","[""15""]"
PXD046451,with_methods,number_of_samples,numeric,0.0,agree,"[""15""]","[""15""]"
PXD046451,with_methods,technology_type,lin,0.0003642424431682526,disagree,"[""bottom-up proteomics""]","[""itraq""]"
PXD046656,abstract_only,experimental_design,exact,1.0,agree,"[""time course""]","[""time course""]"
PXD046656,abstract_only,technology_type,lin,0.9663632996183132,partial,"[""shotgun proteomics""]","[""bottom-up proteomics""]"
PXD046738,abstract_only,biological_replicate,numeric,0.0,agree,"[""10""]","[""10""]"
PXD046738,abstract_only,experimental_design,exact,1.0,agree,"[""time course""]","[""time course""]"
PXD046738,abstract_only,factor_value,lin,0.0,disagree,"[""before and 1 hour after rt-pa infusion""]","[""before vs 1 hour after rt-pa""]"
PXD046738,abstract_only,number_of_biological_replicates,numeric,0.0,agree,"[""10""]","[""10""]"
PXD046738,abstract_only,number_of_samples,numeric,10.0,disagree,"[""20""]","[""10""]"
PXD046815,abstract_only,number_of_biological_replicates,numeric,0.0,agree,"[""10""]","[""10""]"
PXD046815,abstract_only,number_of_samples,numeric,0.0,agree,"[""40""]","[""40""]"
PXD046815,abstract_only,technology_type,lin,1.0,agree,"[""shotgun proteomics""]","[""tmt-based quantitative proteomics""]"
PXD047020,abstract_only,experimental_design,exact,1.0,agree,"[""treated vs control""]","[""treated vs control""]"
PXD047020,abstract_only,factor_value,lin,1.0,agree,"[""rsk1 vs rsk4""]","[""rsk1/rsk4""]"
PXD047102,with_methods,experimental_design,exact,1.0,agree,"[""treated vs control""]","[""treated vs control""]"
PXD047102,with_methods,factor_value,lin,,,"[""orthologs and mutations""]","[""slc22a10 ortholog expression""]"
PXD047102,with_methods,technology_type,lin,0.9663632996183132,partial,"[""shotgun proteomics""]","[""bottom-up proteomics""]"
PXD047200,abstract_only,experimental_design,exact,0.0,disagree,"[""case vs control""]","[""treated vs control""]"
PXD047200,abstract_only,factor_value,lin,,,"[""wt vs ap-2 ko""]","[""wt and ap-2 ko npcs""]"
PXD047577,with_methods,experimental_design,exact,1.0,agree,"[""treated vs control""]","[""treated vs control""]"
PXD047577,with_methods,factor_value,lin,1.0,agree,"[""axl expression"", ""gas6 stimulation""]","[""axl expression"", ""gas6 stimulation""]"
PXD047577,with_methods,technology_type,lin,1.0,agree,"[""phospho-proteomics""]","[""bottom-up proteomics"", ""data-dependent acquisition""]"
PXD047774,with_methods,technical_replicate,numeric,0.0,agree,"[""3""]","[""3""]"
PXD047774,with_methods,experimental_design,exact,1.0,agree,"[""treated vs control""]","[""treated vs control""]"
PXD047774,with_methods,factor_value,lin,,,"[""timm50 mutation vs control""]","[""timm50 mutation vs control""]"
PXD047774,with_methods,number_of_technical_replicates,numeric,0.0,agree,"[""3""]","[""3""]"
PXD047774,with_methods,technology_type,lin,0.9663632996183132,partial,"[""shotgun proteomics""]","[""bottom-up proteomics""]"
PXD048004,abstract_only,technology_type,lin,1.0,agree,"[""proteomics""]","[""bottom-up proteomics"", ""shotgun proteomics""]"
PXD048098,abstract_only,technology_type,lin,0.9663632996183132,partial,"[""shotgun proteomics""]","[""bottom-up proteomics""]"
PXD048312,abstract_only,technology_type,lin,1.0,agree,"[""affinity purification coupled with mass spectrometry proteomics""]","[""affinity purification coupled with mass spectrometry proteomics""]"
PXD048479,abstract_only,technology_type,lin,1.0,agree,"[""mass spectrometry-based phosphoproteomics""]","[""mass spectrometry-based phosphoproteomics""]"
PXD048647,with_methods,experimental_design,exact,0.0,disagree,"[""treated vs control""]","[""case vs control""]"
PXD048647,with_methods,factor_value,lin,0.0,disagree,"[""treatment response""]","[""good vs poor responder""]"
PXD048647,with_methods,number_of_biological_replicates,numeric,0.0,agree,"[""24""]","[""24""]"
PXD048647,with_methods,number_of_samples,numeric,0.0,agree,"[""24""]","[""24""]"
PXD048647,with_methods,technology_type,lin,1.0,agree,"[""shotgun proteomics""]","[""shotgun proteomics""]"
PXD048830,with_methods,experimental_design,exact,1.0,agree,"[""treated vs control""]","[""treated vs control""]"
PXD048830,with_methods,factor_value,lin,,,"[""dex vs mock""]","[""genotype"", ""treatment""]"
PXD048830,with_methods,number_of_biological_replicates,numeric,0.0,agree,"[""3""]","[""3""]"
PXD048830,with_methods,technology_type,lin,0.620112694802045,partial,"[""bottom-up proteomics""]","[""affinity proteomics"", ""data-dependent acquisition""]"
PXD048929,abstract_only,experimental_design,exact,0.0,disagree,"[""time course""]","[""treated vs control""]"
PXD048929,abstract_only,factor_value,lin,1.0,agree,"[""sleep vs sleep deprivation""]","[""sleep deprivation""]"
PXD048929,abstract_only,technology_type,lin,1.0,agree,"[""affinity purification coupled with mass spectrometry proteomics""]","[""affinity purification coupled with mass spectrometry proteomics""]"
PXD049019,with_methods,biological_replicate,numeric,0.0,agree,"[""3""]","[""3""]"
PXD049019,with_methods,experimental_design,exact,1.0,agree,"[""treated vs control""]","[""treated vs control""]"
PXD049019,with_methods,factor_value,lin,1.0,agree,"[""matrix stiffness""]","[""matrix stiffness""]"
PXD049019,with_methods,number_of_biological_replicates,numeric,0.0,agree,"[""3""]","[""3""]"
PXD049019,with_methods,number_of_samples,numeric,0.0,agree,"[""9""]","[""9""]"
PXD049019,with_methods,technology_type,lin,0.00039224600729558743,disagree,"[""tmt proteomics""]","[""targeted proteomics""]"
PXD049211,abstract_only,technology_type,lin,1.0,agree,"[""single-cell proteomics""]","[""data-independent acquisition"", ""single-cell proteomics""]"
PXD049330,abstract_only,technology_type,lin,1.0,agree,"[""targeted proteomics""]","[""bottom-up proteomics""]"
PXD049684,abstract_only,technology_type,lin,0.9663632996183132,partial,"[""affinity purification coupled with mass spectrometry proteomics""]","[""bottom-up proteomics""]"
PXD050049,with_methods,number_of_biological_replicates,numeric,40.0,disagree,"[""4""]","[""44""]"
PXD050049,with_methods,number_of_samples,numeric,0.0,agree,"[""44""]","[""44""]"
PXD050049,with_methods,technology_type,lin,1.0,agree,"[""affinity purification coupled with mass spectrometry proteomics"", ""bottom-up proteomics""]","[""affinity purification coupled with mass spectrometry proteomics"", ""bottom-up proteomics"", ""data-dependent acquisition""]"
PXD050237,with_methods,experimental_design,exact,1.0,agree,"[""treated vs control""]","[""treated vs control""]"
PXD050237,with_methods,factor_value,lin,0.006798382990032223,disagree,"[""treatment""]","[""plgf""]"
PXD050237,with_methods,technology_type,lin,0.9674234100002999,partial,"[""bottom-up proteomics"", ""label-free quantification""]","[""shotgun proteomics""]"
PXD050371,with_methods,technology_type,lin,0.9663632996183132,partial,"[""bottom-up proteomics""]","[""shotgun proteomics""]"
PXD050618,abstract_only,experimental_design,exact,1.0,agree,"[""treated vs control""]","[""treated vs control""]"
PXD050618,abstract_only,factor_value,lin,,,"[""caf-1 depletion""]","[""caf-1 depletion"", ""cell cycle phase""]"
PXD050618,abstract_only,technology_type,lin,0.6150316105465435,partial,"[""mass spectrometry""]","[""data-dependent acquisition"", ""targeted proteomics""]"
PXD050782,with_methods,experimental_design,exact,1.0,agree,"[""treated vs control""]","[""treated vs control""]"
PXD050782,with_methods,number_of_fractions,numeric,0.0,agree,"[""5""]","[""5""]"
PXD050782,with_methods,technology_type,lin,1.0,agree,"[""bottom-up proteomics""]","[""bottom-up proteomics""]"
PXD050914,with_methods,biological_replicate,numeric,0.0,agree,"[""3""]","[""3""]"
PXD050914,with_methods,experimental_design,exact,1.0,agree,"[""treated vs control""]","[""treated vs control""]"
PXD050914,with_methods,factor_value,lin,,,"[""dmso vs e-4031""]","[""dmso vs e-4031"", ""wt vs g601s vs g601s-g965\u2217""]"
PXD050914,with_methods,number_of_biological_replicates,numeric,0.0,agree,"[""3""]","[""3""]"
PXD050914,with_methods,number_of_samples,numeric,3.0,disagree,"[""6""]","[""3""]"
PXD050914,with_methods,technology_type,lin,1.0,agree,"[""affinity purification coupled with mass spectrometry proteomics""]","[""affinity purification coupled with mass spectrometry proteomics""]"
PXD051093,with_methods,biological_replicate,numeric,0.0,agree,"[""3""]","[""3""]"
PXD051093,with_methods,experimental_design,exact,1.0,agree,"[""treated vs control""]","[""treated vs control""]"
PXD051093,with_methods,factor_value,lin,,,"[""sham, 1-day post-tbi, 7-day post-tbi""]","[""tbi timepoints and sham""]"
PXD051093,with_methods,number_of_fractions,numeric,0.0,agree,"[""6""]","[""6""]"
PXD051093,with_methods,number_of_biological_replicates,numeric,0.0,agree,"[""3""]","[""3""]"
PXD051093,with_methods,number_of_samples,numeric,0.0,agree,"[""9""]","[""9""]"
PXD051093,with_methods,technology_type,lin,1.0,agree,"[""targeted proteomics""]","[""bottom-up proteomics""]"
PXD051482,abstract_only,technology_type,lin,1.0,agree,"[""affinity purification coupled with mass spectrometry proteomics""]","[""affinity purification coupled with mass spectrometry proteomics"", ""bottom-up proteomics"", ""data-dependent acquisition""]"
PXD051696,abstract_only,experimental_design,exact,1.0,agree,"[""treated vs control""]","[""treated vs control""]"
PXD051696,abstract_only,factor_value,lin,0.0,disagree,"[""capsl knockdown vs overexpression""]","[""capsl knockdown vs ctrl shrna"", ""capsl overexpression vs ctrl shrna""]"
PXD051696,abstract_only,technology_type,lin,1.0,agree,"[""bottom-up proteomics""]","[""bottom-up proteomics"", ""data-dependent acquisition""]"
PXD051745,abstract_only,experimental_design,exact,1.0,agree,"[""time course""]","[""time course"", ""treated vs control""]"
PXD051745,abstract_only,technology_type,lin,0.4213844077135661,disagree,"[""tandem mass tag-based quantitative mass spectrometry""]","[""bottom-up proteomics""]"
PXD051904,abstract_only,experimental_design,exact,1.0,agree,"[""time course""]","[""time course""]"
PXD051904,abstract_only,factor_value,lin,,,"[""before and after surgery""]","[""postoperative""]"
PXD051904,abstract_only,number_of_biological_replicates,numeric,0.0,agree,"[""23""]","[""23""]"
PXD051904,abstract_only,number_of_samples,numeric,0.0,agree,"[""98""]","[""98""]"
PXD051904,abstract_only,technology_type,lin,0.4213844077135661,disagree,"[""proteomic analysis""]","[""lc-ms/ms""]"
PXD052254,abstract_only,experimental_design,exact,1.0,agree,"[""treated vs control""]","[""treated vs control""]"
PXD052254,abstract_only,factor_value,lin,1.58814645846123e-05,disagree,"[""treated vs control""]","[""ryr2 het ko vs wt control""]"
PXD052555,abstract_only,experimental_design,exact,1.0,agree,"[""treated vs control""]","[""treated vs control""]"
PXD052555,abstract_only,technology_type,lin,1.0,agree,"[""bottom-up proteomics""]","[""bottom-up proteomics""]"
PXD052949,with_methods,biological_replicate,numeric,0.0,agree,"[""16""]","[""16""]"
PXD052949,with_methods,experimental_design,exact,1.0,agree,"[""treated vs control""]","[""treated vs control""]"
PXD052949,with_methods,factor_value,lin,,,"[""clinical benefit vs no clinical benefit""]","[""clinical benefit (cb) vs no clinical benefit (ncb)""]"
PXD052949,with_methods,number_of_biological_replicates,numeric,0.0,agree,"[""16""]","[""16""]"
PXD052949,with_methods,number_of_samples,numeric,0.0,agree,"[""16""]","[""16""]"
PXD052949,with_methods,technology_type,lin,0.4213844077135661,disagree,"[""immuno-maldi-ms""]","[""bottom-up proteomics""]"
PXD053560,abstract_only,biological_replicate,numeric,0.0,agree,"[""30 healthy donors"", ""30 patients suffering from focal segmental glomerulosclerosis""]","[""30 healthy donors"", ""30 patients suffering from focal segmental glomerulosclerosis""]"
PXD053560,abstract_only,experimental_design,exact,0.0,disagree,"[""case vs control""]","[""treated vs control""]"
PXD053560,abstract_only,factor_value,lin,0.0,disagree,"[""focal segmental glomerulosclerosis vs healthy""]","[""healthy vs fsgs""]"
PXD053560,abstract_only,number_of_biological_replicates,numeric,30.0,disagree,"[""60""]","[""30""]"
PXD053560,abstract_only,number_of_samples,numeric,0.0,agree,"[""60""]","[""60""]"
PXD053560,abstract_only,technology_type,lin,0.9663632996183132,partial,"[""quantitative mass spectrometry proteomics""]","[""bottom-up proteomics""]"
PXD053837,abstract_only,experimental_design,exact,0.0,disagree,"[""case vs control""]","[""treated vs control""]"
PXD053837,abstract_only,factor_value,lin,0.0,disagree,"[""pla2r-mn vs healthy and disease controls""]","[""pla2r-associated mn versus controls""]"
PXD053837,abstract_only,number_of_biological_replicates,numeric,0.0,agree,"[""64""]","[""64""]"
PXD053837,abstract_only,number_of_samples,numeric,0.0,agree,"[""64""]","[""64""]"
PXD053837,abstract_only,technology_type,lin,0.5219107879659389,partial,"[""dia mass spectrometry""]","[""bottom-up proteomics"", ""data-dependent acquisition""]"
PXD054069,abstract_only,technology_type,lin,1.0,agree,"[""phosphoproteomics""]","[""phosphoproteomic analysis""]"
PXD054242,abstract_only,experimental_design,exact,1.0,agree,"[""treated vs control""]","[""treated vs control""]"
PXD054242,abstract_only,technology_type,lin,0.6956164073570735,partial,"[""bottom-up proteomics""]","[""data-independent acquisition""]"
PXD054336,with_methods,experimental_design,exact,1.0,agree,"[""cross-sectional""]","[""cross-sectional""]"
PXD054336,with_methods,factor_value,lin,0.0,disagree,"[""plasma vs sf""]","[""plasma vs synovial fluid""]"
PXD054336,with_methods,number_of_biological_replicates,numeric,0.0,agree,"[""9""]","[""9""]"
PXD054336,with_methods,number_of_samples,numeric,0.0,agree,"[""18""]","[""18""]"
PXD054336,with_methods,technology_type,lin,1.0,agree,"[""bottom-up proteomics""]","[""affinity purification coupled with mass spectrometry proteomics"", ""bottom-up proteomics""]"
PXD054556,abstract_only,technology_type,lin,0.4843996402311772,disagree,"[""label-free quantification"", ""tmt proteomics""]","[""affinity purification coupled with mass spectrometry proteomics"", ""bottom-up proteomics""]"
PXD054701,with_methods,experimental_design,exact,1.0,agree,"[""treated vs control""]","[""treated vs control""]"
PXD054701,with_methods,factor_value,lin,1.7576390555917382e-05,disagree,"[""treatment""]","[""auxin vs control""]"
PXD054701,with_methods,technology_type,lin,1.0,agree,"[""affinity purification coupled with mass spectrometry proteomics""]","[""affinity purification coupled with mass spectrometry proteomics""]"
PXD055123,abstract_only,experimental_design,exact,1.0,agree,"[""treated vs control""]","[""treated vs control""]"
PXD055123,abstract_only,factor_value,lin,0.0,disagree,"[""x-ray exposure""]","[""irradiation vs sham irradiation""]"
PXD055123,abstract_only,technology_type,lin,0.7577720172509382,partial,"[""subcellular proteomics""]","[""bottom-up proteomics"", ""data-dependent acquisition""]"
PXD055605,with_methods,biological_replicate,numeric,1.0,partial,"[""4""]","[""3""]"
PXD055605,with_methods,technical_replicate,numeric,0.0,agree,"[""4""]","[""4""]"
PXD055605,with_methods,experimental_design,exact,1.0,agree,"[""treated vs control""]","[""treated vs control""]"
PXD055605,with_methods,factor_value,lin,,,"[""slc baits vs gfp controls""]","[""slc vs gfp control""]"
PXD055605,with_methods,number_of_technical_replicates,numeric,0.0,agree,"[""4""]","[""4""]"
PXD055605,with_methods,number_of_biological_replicates,numeric,355.0,disagree,"[""358""]","[""3""]"
PXD055605,with_methods,number_of_samples,numeric,0.0,agree,"[""386""]","[""386""]"
PXD055605,with_methods,technology_type,lin,1.0,agree,"[""affinity purification coupled with mass spectrometry proteomics""]","[""affinity purification coupled with mass spectrometry proteomics"", ""bottom-up proteomics""]"
PXD055818,abstract_only,experimental_design,exact,1.0,agree,"[""treated vs control""]","[""treated vs control""]"
PXD055818,abstract_only,factor_value,lin,,,"[""fbxo31 wt vs d334n""]","[""wt vs d334n""]"
PXD055818,abstract_only,technology_type,lin,0.000315760080068027,disagree,"[""tmt-based quantification""]","[""bottom-up proteomics""]"
PXD055978,with_methods,technology_type,lin,0.9663632996183132,partial,"[""affinity purification coupled with mass spectrometry proteomics""]","[""bottom-up proteomics""]"
PXD056070,abstract_only,technology_type,lin,1.0,agree,"[""affinity purification coupled with mass spectrometry proteomics""]","[""affinity purification coupled with mass spectrometry proteomics""]"
PXD056103,abstract_only,experimental_design,exact,1.0,agree,"[""treated vs control""]","[""treated vs control""]"
PXD056103,abstract_only,factor_value,lin,0.03649843256270052,disagree,"[""heat shock"", ""ubc4 knockout"", ""ubc5 knockout""]","[""25\u00b0c vs heat shock"", ""wt vs ubc4\u03b4 vs ubc5\u03b4""]"
PXD056103,abstract_only,technology_type,lin,1.0,agree,"[""bottom-up proteomics""]","[""bottom-up proteomics"", ""tmt proteomics""]"
PXD056176,abstract_only,experimental_design,exact,1.0,agree,"[""treated vs control""]","[""treated vs control""]"
PXD056291,with_methods,biological_replicate,numeric,0.0,agree,"[""3""]","[""3""]"
PXD056291,with_methods,experimental_design,exact,1.0,agree,"[""treated vs control""]","[""treated vs control""]"
PXD056291,with_methods,factor_value,lin,1.0,agree,"[""poly (i:c) vs saline""]","[""poly (i:c) vs saline""]"
PXD056291,with_methods,number_of_biological_replicates,numeric,3.0,disagree,"[""3""]","[""6""]"
PXD056291,with_methods,technology_type,lin,0.9663632996183132,partial,"[""bottom-up proteomics""]","[""shotgun proteomics""]"
PXD056390,abstract_only,experimental_design,exact,1.0,agree,"[""treated vs control""]","[""treated vs control""]"
PXD056390,abstract_only,factor_value,lin,0.14627532302641388,disagree,"[""pp2a-b56 inhibited""]","[""pp2a-b56 inhibition vs control""]"
PXD056490,with_methods,biological_replicate,numeric,0.0,agree,"[""8""]","[""8""]"
PXD056490,with_methods,experimental_design,exact,1.0,agree,"[""treated vs control""]","[""treated vs control""]"
PXD056490,with_methods,factor_value,lin,1.0,agree,"[""serine vs vehicle control""]","[""serine vs. vehicle control""]"
PXD056490,with_methods,number_of_biological_replicates,numeric,8.0,disagree,"[""16""]","[""8""]"
PXD056490,with_methods,number_of_samples,numeric,0.0,agree,"[""16""]","[""16""]"
PXD056490,with_methods,technology_type,lin,1.0,agree,"[""bottom-up proteomics""]","[""bottom-up proteomics""]"
PXD056620,with_methods,biological_replicate,numeric,0.0,agree,"[""35""]","[""35""]"
PXD056620,with_methods,experimental_design,exact,1.0,agree,"[""case vs control""]","[""case vs control""]"
PXD056620,with_methods,factor_value,lin,1.0,agree,"[""mild vs severe degeneration""]","[""mild degenerate vs severe degenerate""]"
PXD056620,with_methods,number_of_biological_replicates,numeric,0.0,agree,"[""35""]","[""35""]"
PXD056620,with_methods,number_of_samples,numeric,0.0,agree,"[""35""]","[""35""]"
PXD056620,with_methods,technology_type,lin,0.9831816498091566,partial,"[""shotgun proteomics"", ""targeted proteomics""]","[""bottom-up proteomics""]"
PXD056909,with_methods,biological_replicate,numeric,0.0,agree,"[""5""]","[""5""]"
PXD056909,with_methods,experimental_design,exact,0.0,disagree,"[""case vs control""]","[""treated vs control""]"
PXD056909,with_methods,factor_value,lin,0.3770208996327291,disagree,"[""atheromatous"", ""complicated lesions"", ""healthy""]","[""atheromatous vs complicated lesions vs healthy""]"
PXD056909,with_methods,number_of_biological_replicates,numeric,0.0,agree,"[""5""]","[""5""]"
PXD056909,with_methods,number_of_samples,numeric,0.0,agree,"[""15""]","[""15""]"
PXD056909,with_methods,technology_type,lin,1.0,agree,"[""shotgun proteomics""]","[""data-independent acquisition"", ""shotgun proteomics""]"
PXD057012,with_methods,experimental_design,exact,1.0,agree,"[""treated vs control""]","[""treated vs control""]"
PXD057012,with_methods,factor_value,lin,0.05268260839147846,disagree,"[""treatment""]","[""perk deficiency""]"
PXD057012,with_methods,technology_type,lin,1.0,agree,"[""targeted proteomics""]","[""bottom-up proteomics""]"
PXD057155,with_methods,technical_replicate,numeric,0.0,agree,"[""2""]","[""2""]"
PXD057155,with_methods,experimental_design,exact,0.0,disagree,"[""treated vs control""]","[""case vs control""]"
PXD057155,with_methods,number_of_technical_replicates,numeric,0.0,agree,"[""2""]","[""2""]"
PXD057155,with_methods,number_of_biological_replicates,numeric,0.0,agree,"[""8""]","[""8""]"
PXD057155,with_methods,number_of_samples,numeric,0.0,agree,"[""16""]","[""16""]"
PXD057155,with_methods,technology_type,lin,0.9663632996183132,partial,"[""shotgun proteomics""]","[""bottom-up proteomics""]"
PXD057253,abstract_only,technology_type,lin,0.9663632996183132,partial,"[""bottom-up proteomics""]","[""shotgun proteomics""]"
PXD057394,abstract_only,technology_type,lin,1.0,agree,"[""bottom-up proteomics""]","[""bottom-up proteomics""]"
PXD057481,with_methods,experimental_design,exact,1.0,agree,"[""treated vs control""]","[""treated vs control""]"
PXD057615,abstract_only,experimental_design,exact,0.0,disagree,"[""cross-sectional""]","[""longitudinal""]"
PXD057615,abstract_only,factor_value,lin,0.0,disagree,"[""psoriasis vs atopic dermatitis""]","[""skin disease and therapy time""]"
PXD057615,abstract_only,technology_type,lin,1.0,agree,"[""bulk proteomics""]","[""bottom-up proteomics"", ""shotgun proteomics""]"
PXD057842,with_methods,experimental_design,exact,1.0,agree,"[""treated vs control""]","[""treated vs control""]"
PXD057842,with_methods,factor_value,lin,0.3431087916921177,disagree,"[""eryes"", ""nanoes"", ""vi-eryes""]","[""rbcep subtype""]"
PXD057842,with_methods,technology_type,lin,1.0,agree,"[""bottom-up proteomics""]","[""bottom-up proteomics"", ""data-independent acquisition""]"
PXD057950,abstract_only,technology_type,lin,1.0,agree,"[""dia-lfq proteomics"", ""ip-lc-ms/ms proteomics""]","[""affinity purification coupled with mass spectrometry proteomics"", ""bottom-up proteomics""]"
PXD058075,abstract_only,experimental_design,exact,1.0,agree,"[""treated vs control""]","[""treated vs control""]"
PXD058075,abstract_only,factor_value,lin,1.7576390555917382e-05,disagree,"[""damaged lysosomes""]","[""treatment""]"
PXD058075,abstract_only,technology_type,lin,0.9663632996183132,partial,"[""proteome analyses""]","[""shotgun proteomics""]"
PXD058247,abstract_only,technology_type,lin,0.9684835203822864,partial,"[""mass spectrometry-based label-free quantitative proteomics""]","[""affinity purification coupled with mass spectrometry proteomics""]"
PXD058347,abstract_only,technology_type,lin,0.9663632996183132,partial,"[""affinity purification coupled with mass spectrometry proteomics""]","[""bottom-up proteomics""]"
PXD058425,with_methods,biological_replicate,numeric,0.0,agree,"[""4""]","[""4""]"
PXD058425,with_methods,experimental_design,exact,0.0,disagree,"[""cross-sectional""]","[""case vs control""]"
PXD058425,with_methods,factor_value,lin,1.0,agree,"[""genotype""]","[""genotype""]"
PXD058425,with_methods,number_of_biological_replicates,numeric,0.0,agree,"[""4""]","[""4""]"
PXD058425,with_methods,number_of_samples,numeric,0.0,agree,"[""20""]","[""20""]"
PXD058425,with_methods,technology_type,lin,1.0,agree,"[""bottom-up proteomics""]","[""bottom-up proteomics""]"
PXD058694,abstract_only,technology_type,lin,0.9663632996183132,partial,"[""shotgun proteomics""]","[""bottom-up proteomics"", ""data-independent acquisition""]"
PXD058764,abstract_only,technology_type,lin,0.9663632996183132,partial,"[""affinity purification coupled with mass spectrometry proteomics""]","[""bottom-up proteomics""]"
PXD058852,abstract_only,experimental_design,exact,1.0,agree,"[""time course""]","[""time course""]"
PXD058852,abstract_only,technology_type,lin,0.9663632996183132,partial,"[""shotgun proteomics""]","[""bottom-up proteomics""]"
PXD058971,with_methods,experimental_design,exact,1.0,agree,"[""treated vs control""]","[""treated vs control""]"
PXD058971,with_methods,factor_value,lin,1.0,agree,"[""genotype""]","[""genotype""]"
PXD058971,with_methods,technology_type,lin,1.0,agree,"[""bottom-up proteomics""]","[""bottom-up proteomics""]"
PXD059093,with_methods,experimental_design,exact,1.0,agree,"[""treated vs control""]","[""treated vs control""]"
PXD059093,with_methods,factor_value,lin,0.0,disagree,"[""ul14 kd vs scr""]","[""ul14 knockdown vs scr control""]"
PXD059093,with_methods,number_of_biological_replicates,numeric,0.0,agree,"[""4""]","[""4""]"
PXD059093,with_methods,technology_type,lin,0.9831816498091566,partial,"[""affinity purification coupled with mass spectrometry proteomics"", ""bottom-up proteomics""]","[""affinity purification coupled with mass spectrometry proteomics""]"
PXD059390,with_methods,technical_replicate,numeric,0.0,agree,"[""3""]","[""3""]"
PXD059390,with_methods,experimental_design,exact,1.0,agree,"[""treated vs control""]","[""treated vs control""]"
PXD059390,with_methods,factor_value,lin,,,"[""minch exposure, ppar inhibitor gw9662""]","[""rosiglitazone differentiated controls, 10 \u03bcm minch exposure, gw9662""]"
PXD059390,with_methods,technology_type,lin,0.9643513358821909,partial,"[""affinity purification coupled with mass spectrometry proteomics"", ""thermal proteome profiling""]","[""affinity purification coupled with mass spectrometry proteomics"", ""bottom-up proteomics"", ""shotgun proteomics""]"
PXD059599,with_methods,factor_value,lin,,,"[""tak285 treated vs dmso control""]","[""tak285 vs dmso""]"
PXD059599,with_methods,number_of_fractions,numeric,0.0,agree,"[""36""]","[""36""]"
PXD059599,with_methods,number_of_biological_replicates,numeric,0.0,agree,"[""3""]","[""3""]"
PXD059599,with_methods,technology_type,lin,0.0,disagree,"[""shotgun proteomics""]","[""tmtpro 6-plex""]"
PXD059789,with_methods,technical_replicate,numeric,0.0,agree,"[""3""]","[""3""]"
PXD059789,with_methods,experimental_design,exact,1.0,agree,"[""treated vs control""]","[""treated vs control""]"
PXD059789,with_methods,factor_value,lin,0.0,disagree,"[""treated vs control""]","[""evs treated vs control""]"
PXD059789,with_methods,number_of_technical_replicates,numeric,0.0,agree,"[""3""]","[""3""]"
PXD059789,with_methods,number_of_biological_replicates,numeric,0.0,agree,"[""3""]","[""3""]"
PXD059789,with_methods,technology_type,lin,1.0,agree,"[""shotgun proteomics""]","[""shotgun proteomics""]"
PXD059942,abstract_only,experimental_design,exact,0.0,disagree,"[""case vs control""]","[""treated vs control""]"
PXD059942,abstract_only,factor_value,lin,0.5339383920549736,partial,"[""schistosoma haematobium infection status""]","[""infection vs control""]"
PXD059942,abstract_only,technology_type,lin,1.0,agree,"[""dia proteomics""]","[""bottom-up proteomics"", ""shotgun proteomics"", ""targeted proteomics""]"
PXD060027,with_methods,biological_replicate,numeric,0.0,agree,"[""5""]","[""5""]"
PXD060027,with_methods,experimental_design,exact,1.0,agree,"[""treated vs control""]","[""treated vs control""]"
PXD060027,with_methods,factor_value,lin,0.21947497073728484,disagree,"[""treatment""]","[""actinomycin d vs control"", ""bmh-21 vs control"", ""cx-5461 vs control"", ""untreated vs treated""]"
PXD060027,with_methods,number_of_biological_replicates,numeric,0.0,agree,"[""5""]","[""5""]"
PXD060027,with_methods,number_of_samples,numeric,0.0,agree,"[""20""]","[""20""]"
PXD060027,with_methods,technology_type,lin,0.9663632996183132,partial,"[""shotgun proteomics""]","[""bottom-up proteomics""]"
PXD060109,with_methods,technology_type,lin,0.9831816498091566,partial,"[""affinity purification coupled with mass spectrometry proteomics"", ""bottom-up proteomics""]","[""bottom-up proteomics""]"
PXD060304,abstract_only,experimental_design,exact,1.0,agree,"[""case vs control""]","[""case vs control""]"
PXD060381,with_methods,biological_replicate,numeric,0.0,agree,"[""3""]","[""3""]"
PXD060381,with_methods,experimental_design,exact,1.0,agree,"[""treated vs control""]","[""treated vs control""]"
PXD060381,with_methods,factor_value,lin,,,"[""tsg-6 activated vs non-targeting controls""]","[""tsg-6 activation""]"
PXD060381,with_methods,number_of_biological_replicates,numeric,0.0,agree,"[""3""]","[""3""]"
PXD060381,with_methods,number_of_samples,numeric,0.0,agree,"[""3""]","[""3""]"
PXD060381,with_methods,technology_type,lin,0.9663632996183132,partial,"[""shotgun proteomics""]","[""bottom-up proteomics""]"
PXD060575,abstract_only,experimental_design,exact,1.0,agree,"[""treated vs control""]","[""treated vs control""]"
PXD060764,abstract_only,biological_replicate,numeric,0.0,agree,"[""3""]","[""3""]"
PXD060764,abstract_only,experimental_design,exact,0.0,disagree,"[""case vs control""]","[""treated vs control""]"
PXD060764,abstract_only,factor_value,lin,0.9349158164193165,partial,"[""wild-type vs vimentin-knockout""]","[""wild-type (wt) vs vimentin-knockout (vim -/-)""]"
PXD060764,abstract_only,technology_type,lin,0.9349158164193165,partial,"[""bottom-up proteomics""]","[""label free sample""]"
PXD060829,abstract_only,technology_type,lin,0.9663632996183132,partial,"[""mass spectrometry proteomics""]","[""bottom-up proteomics""]"
PXD060886,with_methods,biological_replicate,numeric,0.0,agree,"[""3""]","[""3""]"
PXD060886,with_methods,experimental_design,exact,1.0,agree,"[""treated vs control""]","[""treated vs control""]"
PXD060886,with_methods,factor_value,lin,0.14627532302641388,disagree,"[""hla-e vs hla-a3""]","[""hla-a3"", ""hla-e""]"
PXD060886,with_methods,number_of_biological_replicates,numeric,0.0,agree,"[""3""]","[""3""]"
PXD060886,with_methods,technology_type,lin,1.0,agree,"[""affinity purification coupled with mass spectrometry proteomics""]","[""affinity purification coupled with mass spectrometry proteomics"", ""bottom-up proteomics"", ""data-independent acquisition""]"
PXD060950,with_methods,biological_replicate,numeric,0.0,agree,"[""4""]","[""4""]"
PXD060950,with_methods,technical_replicate,numeric,0.0,agree,"[""1""]","[""1""]"
PXD060950,with_methods,experimental_design,exact,1.0,agree,"[""treated vs control""]","[""treated vs control""]"
PXD060950,with_methods,factor_value,lin,,,"[""olaparib resistant vs parent cells""]","[""olaparib resistant vs parent""]"
PXD060950,with_methods,number_of_fractions,numeric,0.0,agree,"[""12""]","[""12""]"
PXD060950,with_methods,number_of_technical_replicates,numeric,0.0,agree,"[""1""]","[""1""]"
PXD060950,with_methods,number_of_biological_replicates,numeric,0.0,agree,"[""4""]","[""4""]"
PXD060950,with_methods,number_of_samples,numeric,32.0,disagree,"[""48""]","[""16""]"
PXD060950,with_methods,technology_type,lin,0.9663632996183132,partial,"[""shotgun proteomics""]","[""bottom-up proteomics"", ""data-dependent acquisition""]"
PXD061048,abstract_only,biological_replicate,numeric,0.0,agree,"[""3""]","[""3""]"
PXD061048,abstract_only,experimental_design,exact,0.0,disagree,"[""case vs control""]","[""treated vs control""]"
PXD061048,abstract_only,factor_value,lin,,,"[""wildtype vs atxn2-cag100-knockin"", ""wildtype vs atxn2l-null""]","[""atxn2l ko vs wt""]"
PXD061048,abstract_only,technology_type,lin,0.9663632996183132,partial,"[""shotgun proteomics""]","[""bottom-up proteomics""]"
PXD061267,with_methods,experimental_design,exact,1.0,agree,"[""time course"", ""treated vs control""]","[""time course""]"
PXD061267,with_methods,factor_value,lin,1.0,agree,"[""energy balance vs energy deficit""]","[""energy deficit vs energy balance""]"
PXD061267,with_methods,number_of_biological_replicates,numeric,0.0,agree,"[""10""]","[""10""]"
PXD061267,with_methods,number_of_samples,numeric,0.0,agree,"[""30""]","[""30""]"
PXD061267,with_methods,technology_type,lin,0.9865453198473253,partial,"[""affinity purification coupled with mass spectrometry proteomics"", ""bottom-up proteomics"", ""shotgun proteomics"", ""targeted proteomics"", ""top-down proteomics""]","[""bottom-up proteomics""]"
PXD061384,abstract_only,experimental_design,exact,0.0,disagree,"[""time course""]","[""treated vs control""]"
PXD061384,abstract_only,factor_value,lin,,,"[""silac light to heavy shift""]","[""chx vs dmso""]"
PXD061384,abstract_only,technology_type,lin,0.000315760080068027,disagree,"[""silac""]","[""bottom-up proteomics""]"
PXD061491,abstract_only,technology_type,lin,1.0,agree,"[""affinity purification coupled with mass spectrometry proteomics""]","[""affinity purification coupled with mass spectrometry proteomics""]"
PXD061602,abstract_only,technology_type,lin,1.0,agree,"[""affinity purification coupled with mass spectrometry proteomics""]","[""affinity purification coupled with mass spectrometry proteomics"", ""bottom-up proteomics""]"
PXD061794,abstract_only,biological_replicate,numeric,0.0,agree,"[""3""]","[""3""]"
PXD061794,abstract_only,experimental_design,exact,1.0,agree,"[""treated vs control""]","[""treated vs control""]"
PXD061794,abstract_only,factor_value,lin,0.0,disagree,"[""p62 vs control""]","[""flag tagged p62 vs empty vector""]"
PXD061794,abstract_only,number_of_biological_replicates,numeric,0.0,agree,"[""3""]","[""3""]"
PXD061794,abstract_only,number_of_samples,numeric,0.0,agree,"[""6""]","[""6""]"
PXD061794,abstract_only,technology_type,lin,1.0,agree,"[""affinity purification coupled with mass spectrometry proteomics""]","[""affinity purification coupled with mass spectrometry proteomics""]"
PXD061934,with_methods,experimental_design,exact,1.0,agree,"[""cross-sectional""]","[""cross-sectional""]"
PXD061934,with_methods,factor_value,lin,0.652928671085577,partial,"[""cell line""]","[""cell line vs breast cancer subtype""]"
PXD061934,with_methods,number_of_biological_replicates,numeric,0.0,agree,"[""3""]","[""3""]"
PXD061934,with_methods,number_of_samples,numeric,20.0,disagree,"[""29""]","[""9""]"
PXD061934,with_methods,technology_type,lin,0.9663632996183132,partial,"[""shotgun proteomics""]","[""bottom-up proteomics""]"
PXD062184,with_methods,biological_replicate,numeric,0.0,agree,"[""3""]","[""3""]"
PXD062184,with_methods,experimental_design,exact,1.0,agree,"[""time course"", ""treated vs control""]","[""treated vs control""]"
PXD062184,with_methods,factor_value,lin,,,"[""inhibitor vs dmso""]","[""genotype"", ""treatment""]"
PXD062184,with_methods,number_of_fractions,numeric,0.0,agree,"[""36"", ""5""]","[""36"", ""5""]"
PXD062184,with_methods,number_of_biological_replicates,numeric,0.0,agree,"[""3""]","[""3""]"
PXD062184,with_methods,number_of_samples,numeric,0.0,agree,"[""18"", ""9""]","[""18""]"
PXD062184,with_methods,technology_type,lin,0.9831816498091566,partial,"[""affinity purification coupled with mass spectrometry proteomics"", ""bottom-up proteomics""]","[""bottom-up proteomics"", ""data-dependent acquisition""]"
PXD062324,abstract_only,experimental_design,exact,1.0,agree,"[""treated vs control""]","[""treated vs control""]"
PXD062324,abstract_only,factor_value,lin,0.5000094846325454,partial,"[""genotype"", ""treatment""]","[""treatment""]"
PXD062324,abstract_only,technology_type,lin,0.0003382729301403422,disagree,"[""tmt multiplex discovery proteomics""]","[""shotgun proteomics""]"
PXD062437,abstract_only,experimental_design,exact,0.0,disagree,"[""case vs control""]","[""treated vs control""]"
PXD062437,abstract_only,factor_value,lin,0.8145609043234314,partial,"[""3p loss or 3q gain""]","[""chromosome 3 aneuploidy"", ""chromosome 8 aneuploidy""]"
PXD062437,abstract_only,technology_type,lin,0.9130020666102265,partial,"[""quantitative mass spectrometry""]","[""affinity purification coupled with mass spectrometry proteomics"", ""bottom-up proteomics""]"
PXD062616,with_methods,technical_replicate,numeric,0.0,agree,"[""5""]","[""5""]"
PXD062616,with_methods,experimental_design,exact,1.0,agree,"[""treated vs control""]","[""treated vs control""]"
PXD062616,with_methods,factor_value,lin,0.04948556654578962,disagree,"[""treatment""]","[""nrbp1 genotype"", ""sorbitol treatment""]"
PXD062616,with_methods,number_of_technical_replicates,numeric,0.0,agree,"[""5""]","[""5""]"
PXD062616,with_methods,number_of_samples,numeric,16.0,disagree,"[""4""]","[""20""]"
PXD062616,with_methods,technology_type,lin,1.0,agree,"[""affinity purification coupled with mass spectrometry proteomics""]","[""affinity purification coupled with mass spectrometry proteomics"", ""data-independent acquisition""]"
PXD062748,abstract_only,factor_value,lin,0.0,disagree,"[""car-jurkat vs raji""]","[""0 minutes vs 10 minutes co-culture""]"
PXD062748,abstract_only,technology_type,lin,0.7517378527664157,partial,"[""dia""]","[""bottom-up proteomics"", ""shotgun proteomics""]"
PXD062853,abstract_only,technology_type,lin,1.0,agree,"[""affinity purification coupled with mass spectrometry proteomics""]","[""affinity purification coupled with mass spectrometry proteomics"", ""bottom-up proteomics"", ""data-independent acquisition""]"
PXD063183,abstract_only,experimental_design,exact,1.0,agree,"[""treated vs control""]","[""treated vs control""]"
PXD063183,abstract_only,factor_value,lin,0.12789029164301483,disagree,"[""tgf\u2010\u03b21 with or without 7\u2010oct""]","[""7\u2010oct""]"
PXD063183,abstract_only,technology_type,lin,1.0,agree,"[""proteomic profiling""]","[""bottom-up proteomics""]"
PXD063461,abstract_only,experimental_design,exact,0.0,disagree,"[""cross-sectional""]","[""case vs control""]"
PXD063461,abstract_only,factor_value,lin,1.0,agree,"[""cvid vs healthy controls""]","[""cvid vs healthy controls""]"
PXD063461,abstract_only,technology_type,lin,1.0,agree,"[""mass spectrometry-based proteomics""]","[""shotgun proteomics""]"
PXD063716,abstract_only,technology_type,lin,0.7040519273083196,partial,"[""ms-based interactomics"", ""phospho-analysis""]","[""affinity purification coupled with mass spectrometry proteomics""]"
PXD063995,with_methods,technology_type,lin,0.9831816498091566,partial,"[""affinity purification coupled with mass spectrometry proteomics"", ""bottom-up proteomics""]","[""bottom-up proteomics"", ""data-dependent acquisition"", ""glycoproteomics""]"
PXD064257,abstract_only,number_of_biological_replicates,numeric,8.0,disagree,"[""106"", ""12"", ""28"", ""34"", ""36""]","[""4""]"
PXD064257,abstract_only,number_of_samples,numeric,102.0,disagree,"[""106""]","[""4""]"
PXD064257,abstract_only,technology_type,lin,1.0,agree,"[""affinity purification coupled with mass spectrometry proteomics""]","[""affinity purification coupled with mass spectrometry proteomics""]"
PXD064464,abstract_only,experimental_design,exact,1.0,agree,"[""treated vs control""]","[""treated vs control""]"
PXD064464,abstract_only,factor_value,lin,,,"[""r10 vs cisplatin""]","[""treatment""]"
PXD064464,abstract_only,technology_type,lin,1.0,agree,"[""bottom-up proteomics""]","[""bottom-up proteomics"", ""data-dependent acquisition""]"
PXD064634,abstract_only,experimental_design,exact,1.0,agree,"[""cross-sectional""]","[""cross-sectional""]"
PXD064634,abstract_only,factor_value,lin,0.5596529169599025,partial,"[""leukocyte counts"", ""percentage body fat (pbf)""]","[""percentage body fat""]"
PXD064634,abstract_only,number_of_samples,numeric,0.0,agree,"[""71""]","[""71""]"
PXD064634,abstract_only,technology_type,lin,1.0,agree,"[""bottom-up proteomics""]","[""bottom-up proteomics""]"
PXD064794,abstract_only,technology_type,lin,1.0,agree,"[""bottom-up proteomics""]","[""bottom-up proteomics""]"
PXD065520,with_methods,technical_replicate,numeric,0.0,agree,"[""3""]","[""3""]"
PXD065520,with_methods,experimental_design,exact,1.0,agree,"[""treated vs control""]","[""treated vs control""]"
PXD065520,with_methods,factor_value,lin,1.0,agree,"[""treatment""]","[""treatment""]"
PXD065520,with_methods,number_of_fractions,numeric,0.0,agree,"[""8""]","[""8""]"
PXD065520,with_methods,number_of_technical_replicates,numeric,0.0,agree,"[""3""]","[""3""]"
PXD065520,with_methods,number_of_samples,numeric,0.0,agree,"[""9""]","[""9""]"
PXD065520,with_methods,technology_type,lin,1.0,agree,"[""bottom-up proteomics""]","[""bottom-up proteomics"", ""data-dependent acquisition"", ""gel-based experiment""]"
PXD065922,with_methods,experimental_design,exact,0.0,disagree,"[""tumor vs non-tumor""]","[""case vs control""]"
PXD065922,with_methods,factor_value,lin,0.47871781200774227,disagree,"[""ccrcc vs non-tumorous""]","[""tumor vs non-tumor""]"
PXD065922,with_methods,number_of_samples,numeric,0.0,agree,"[""144""]","[""144""]"
PXD065922,with_methods,technology_type,lin,0.9663632996183132,partial,"[""bottom-up proteomics""]","[""shotgun proteomics""]"
PXD066132,abstract_only,experimental_design,exact,1.0,agree,"[""treated vs control""]","[""treated vs control""]"
PXD066461,abstract_only,technology_type,lin,0.9663632996183132,partial,"[""mass spectrometry-based proteomics""]","[""bottom-up proteomics""]"
PXD066872,abstract_only,technology_type,lin,0.9663632996183132,partial,"[""shotgun proteomics""]","[""bottom-up proteomics""]"
PXD067122,abstract_only,number_of_biological_replicates,numeric,12.0,disagree,"[""24""]","[""12""]"
PXD067122,abstract_only,number_of_samples,numeric,0.0,agree,"[""24""]","[""24""]"
PXD067122,abstract_only,technology_type,lin,0.8134582674224006,partial,"[""affinity purification coupled with mass spectrometry proteomics""]","[""laser capture targeted mass spectrometry""]"
PXD067234,with_methods,biological_replicate,numeric,,,"[""ipsc-derived motor neurons""]","[""1""]"
PXD067234,with_methods,experimental_design,exact,0.0,disagree,"[""mutant vs wild-type control""]","[""treated vs control""]"
PXD067234,with_methods,factor_value,lin,0.0,disagree,"[""kif1a mutation""]","[""kif1a mutation vs wild-type""]"
PXD067234,with_methods,technology_type,lin,1.0,agree,"[""affinity purification coupled with mass spectrometry proteomics""]","[""affinity purification coupled with mass spectrometry proteomics""]"
PXD067949,abstract_only,experimental_design,exact,1.0,agree,"[""treated vs control""]","[""treated vs control""]"
PXD067949,abstract_only,factor_value,lin,2.001778367634126e-05,disagree,"[""treatment""]","[""bcaa deprivation condition""]"
PXD068189,abstract_only,factor_value,lin,,,"[""wt vs \u2206msrp""]","[""wt vs \u2206msrp""]"
PXD068189,abstract_only,technology_type,lin,1.0,agree,"[""shotgun proteomics""]","[""shotgun proteomics""]"
PXD068551,abstract_only,experimental_design,exact,1.0,agree,"[""treated vs control""]","[""treated vs control""]"
PXD068551,abstract_only,factor_value,lin,,,"[""af1521 macro domain vs g42e mutant variant""]","[""enhanced af1521 macro domain vs g42e mutant""]"
PXD068551,abstract_only,technology_type,lin,1.0,agree,"[""affinity purification coupled with mass spectrometry proteomics""]","[""affinity purification coupled with mass spectrometry proteomics""]"
PXD068786,abstract_only,experimental_design,exact,1.0,agree,"[""treated vs control""]","[""treated vs control""]"
PXD068786,abstract_only,factor_value,lin,,,"[""wild-type vs dnase1l3 knockout""]","[""wild-type vs dnase1l3 knockout""]"
PXD068786,abstract_only,technology_type,lin,1.0,agree,"[""bottom-up proteomics""]","[""bottom-up proteomics"", ""tmt-based quantitative proteomics""]"
PXD069201,with_methods,experimental_design,exact,1.0,agree,"[""treated vs control""]","[""treated vs control""]"
PXD069201,with_methods,factor_value,lin,0.08785512265488159,disagree,"[""mutation/inhibitor""]","[""biotin availability"", ""stimulation""]"
PXD069201,with_methods,technology_type,lin,0.8099329180007353,partial,"[""affinity purification coupled with mass spectrometry proteomics"", ""proximity-labeling proteomics""]","[""top-down proteomics""]"
PXD069890,with_methods,biological_replicate,numeric,0.0,agree,"[""3""]","[""3""]"
PXD069890,with_methods,technical_replicate,numeric,2.0,disagree,"[""1""]","[""3""]"
PXD069890,with_methods,experimental_design,exact,1.0,agree,"[""treated vs control""]","[""treated vs control""]"
PXD069890,with_methods,factor_value,lin,,,"[""hiv infection and jwh-133 treatment""]","[""hiv infection and jwh-133 treatment""]"
PXD069890,with_methods,number_of_fractions,numeric,0.0,agree,"[""8""]","[""8""]"
PXD069890,with_methods,number_of_technical_replicates,numeric,2.0,disagree,"[""1""]","[""3""]"
PXD069890,with_methods,number_of_biological_replicates,numeric,0.0,agree,"[""3""]","[""3""]"
PXD069890,with_methods,number_of_samples,numeric,0.0,agree,"[""9""]","[""9""]"
PXD069890,with_methods,technology_type,lin,1.0,agree,"[""targeted proteomics""]","[""bottom-up proteomics"", ""shotgun proteomics""]"
PXD000443,abstract_only,technology_type,lin,1.0,agree,"[""bottom-up proteomics""]","[""bottom-up proteomics"", ""shotgun proteomics""]"
PXD001325,abstract_only,experimental_design,exact,0.0,disagree,"[""treated vs control""]","[""case vs control""]"
PXD001325,abstract_only,technology_type,lin,0.9663632996183132,partial,"[""tissue proteomics""]","[""shotgun proteomics""]"
PXD001418,abstract_only,experimental_design,exact,1.0,agree,"[""treated vs control""]","[""treated vs control""]"
PXD001418,abstract_only,technology_type,lin,0.9831816498091566,partial,"[""shotgun proteomics"", ""targeted proteomics""]","[""shotgun proteomics""]"
PXD001468,with_methods,number_of_fractions,numeric,0.0,agree,"[""24""]","[""24""]"
PXD001468,with_methods,technology_type,lin,1.0,agree,"[""shotgun proteomics""]","[""bottom-up proteomics"", ""shotgun proteomics""]"
PXD001873,with_methods,technical_replicate,numeric,0.0,agree,"[""2""]","[""2""]"
PXD001873,with_methods,experimental_design,exact,1.0,agree,"[""treated vs control""]","[""treated vs control""]"
PXD001873,with_methods,factor_value,lin,1.0,agree,"[""tnf-alpha stimulation""]","[""tnf alpha stimulation""]"
PXD001873,with_methods,number_of_technical_replicates,numeric,0.0,agree,"[""2""]","[""2""]"
PXD001873,with_methods,number_of_biological_replicates,numeric,0.0,agree,"[""2""]","[""2""]"
PXD001873,with_methods,technology_type,lin,0.9663632996183132,partial,"[""bottom-up proteomics""]","[""shotgun proteomics""]"
PXD002212,abstract_only,experimental_design,exact,1.0,agree,"[""treated vs control""]","[""treated vs control""]"
PXD002212,abstract_only,factor_value,lin,1.0,agree,"[""inflammatory activation""]","[""inflammatory activation""]"
PXD002212,abstract_only,technology_type,lin,1.0,agree,"[""targeted proteomics""]","[""shotgun proteomics"", ""targeted proteomics""]"
PXD002672,with_methods,biological_replicate,numeric,0.0,agree,"[""36""]","[""36""]"
PXD002672,with_methods,experimental_design,exact,1.0,agree,"[""case vs control""]","[""case vs control""]"
PXD002672,with_methods,factor_value,lin,1.0,agree,"[""survivors vs non-survivors""]","[""survivors vs non-survivors""]"
PXD002672,with_methods,number_of_biological_replicates,numeric,0.0,agree,"[""36""]","[""36""]"
PXD002672,with_methods,number_of_samples,numeric,0.0,agree,"[""36""]","[""36""]"
PXD002672,with_methods,technology_type,lin,0.9684835203822864,partial,"[""label-based semi-quantitative proteomics""]","[""shotgun proteomics""]"
PXD003028,with_methods,experimental_design,exact,1.0,agree,"[""time course""]","[""time course""]"
PXD003028,with_methods,number_of_fractions,numeric,0.0,agree,"[""8""]","[""8""]"
PXD003028,with_methods,number_of_samples,numeric,0.0,agree,"[""16""]","[""16""]"
PXD003028,with_methods,technology_type,lin,1.0,agree,"[""shotgun proteomics""]","[""shotgun proteomics""]"
PXD003407,abstract_only,biological_replicate,numeric,4.0,disagree,"[""3""]","[""7""]"
PXD003407,abstract_only,experimental_design,exact,1.0,agree,"[""treated vs control""]","[""treated vs control""]"
PXD003407,abstract_only,factor_value,lin,0.0,disagree,"[""cell type"", ""cytoplasmic"", ""inflammatory activated"", ""nuclear"", ""secreted""]","[""il-1b stimulation""]"
PXD003407,abstract_only,number_of_fractions,numeric,0.0,agree,"[""3""]","[""3""]"
PXD003407,abstract_only,technology_type,lin,0.9663632996183132,partial,"[""bottom-up proteomics""]","[""shotgun proteomics""]"
PXD003415,abstract_only,number_of_fractions,numeric,0.0,agree,"[""3""]","[""3""]"
PXD003415,abstract_only,technology_type,lin,0.9663632996183132,partial,"[""bottom-up proteomics""]","[""shotgun proteomics""]"
PXD003587,with_methods,technical_replicate,numeric,0.0,agree,"[""2""]","[""2""]"
PXD003587,with_methods,experimental_design,exact,1.0,agree,"[""time course"", ""treated vs control""]","[""treated vs control""]"
PXD003587,with_methods,factor_value,lin,0.0,disagree,"[""apap treatment"", ""time point""]","[""apap vs control""]"
PXD003587,with_methods,number_of_technical_replicates,numeric,0.0,agree,"[""2""]","[""2""]"
PXD003587,with_methods,number_of_biological_replicates,numeric,3.0,disagree,"[""3""]","[""6""]"
PXD003587,with_methods,number_of_samples,numeric,0.0,agree,"[""6""]","[""6""]"
PXD003587,with_methods,technology_type,lin,0.9887877665394377,partial,"[""affinity purification coupled with mass spectrometry proteomics"", ""label-free quantitative proteomics"", ""targeted proteomics""]","[""affinity purification coupled with mass spectrometry proteomics"", ""label free proteomics""]"
PXD003967,abstract_only,experimental_design,exact,1.0,agree,"[""treated vs control""]","[""treated vs control""]"
PXD003967,abstract_only,factor_value,lin,,,"[""inflammatory stimulation and dexamethasone""]","[""treatment""]"
PXD003967,abstract_only,technology_type,lin,0.9684835203822864,partial,"[""label-free quantification""]","[""shotgun proteomics""]"
PXD004320,with_methods,biological_replicate,numeric,0.0,agree,"[""4""]","[""4""]"
PXD004320,with_methods,experimental_design,exact,1.0,agree,"[""treated vs control""]","[""dose response"", ""treated vs control""]"
PXD004320,with_methods,factor_value,lin,0.0,disagree,"[""treatment""]","[""znpc-pdt vs control""]"
PXD004320,with_methods,number_of_biological_replicates,numeric,0.0,agree,"[""4""]","[""4""]"
PXD004320,with_methods,number_of_samples,numeric,0.0,agree,"[""4""]","[""4""]"
PXD004320,with_methods,technology_type,lin,0.8260654597999767,partial,"[""phosphoproteomics""]","[""shotgun proteomics""]"
PXD004625,abstract_only,number_of_samples,numeric,0.0,agree,"[""3""]","[""3""]"
PXD004625,abstract_only,technology_type,lin,0.9831816498091566,partial,"[""shotgun proteomics"", ""targeted proteomics""]","[""shotgun proteomics""]"
PXD004796,abstract_only,experimental_design,exact,1.0,agree,"[""treated vs control""]","[""treated vs control""]"
PXD004796,abstract_only,number_of_samples,numeric,1.0,partial,"[""2""]","[""3""]"
PXD004796,abstract_only,technology_type,lin,1.0,agree,"[""shotgun proteomics""]","[""shotgun proteomics""]"
PXD005252,with_methods,experimental_design,exact,1.0,agree,"[""time course"", ""treated vs control""]","[""treated vs control""]"
PXD005252,with_methods,factor_value,lin,9.48463254536518e-06,disagree,"[""cbp/p300 inhibition"", ""treatment, genotype, condition""]","[""treatment""]"
PXD005252,with_methods,number_of_technical_replicates,numeric,0.0,agree,"[""3""]","[""3""]"
PXD005252,with_methods,number_of_biological_replicates,numeric,0.0,agree,"[""3""]","[""3""]"
PXD005252,with_methods,technology_type,lin,1.0,agree,"[""shotgun proteomics""]","[""shotgun proteomics""]"
PXD005521,abstract_only,experimental_design,exact,0.0,disagree,"[""cross-sectional""]","[""treated vs control""]"
PXD005521,abstract_only,factor_value,lin,0.0,disagree,"[""cell type""]","[""ecm cell type vs tcps""]"
PXD005521,abstract_only,technology_type,lin,0.9684835203822864,partial,"[""label-based quantitative proteomics""]","[""shotgun proteomics""]"
PXD005739,abstract_only,technology_type,lin,1.0,agree,"[""affinity purification coupled with mass spectrometry proteomics""]","[""affinity purification coupled with mass spectrometry proteomics"", ""shotgun proteomics""]"
PXD006095,with_methods,technical_replicate,numeric,0.0,agree,"[""3""]","[""3""]"
PXD006095,with_methods,experimental_design,exact,1.0,agree,"[""treated vs control""]","[""treated vs control""]"
PXD006095,with_methods,factor_value,lin,,,"[""inhibitor treatment vs dmso vehicle control""]","[""treatment condition""]"
PXD006095,with_methods,number_of_technical_replicates,numeric,0.0,agree,"[""3""]","[""3""]"
PXD006095,with_methods,number_of_biological_replicates,numeric,0.0,agree,"[""2""]","[""2""]"
PXD006095,with_methods,technology_type,lin,0.9831816498091566,partial,"[""affinity purification coupled with mass spectrometry proteomics"", ""targeted proteomics""]","[""affinity purification coupled with mass spectrometry proteomics""]"
PXD006421,abstract_only,experimental_design,exact,1.0,agree,"[""time course""]","[""time course""]"
PXD006421,abstract_only,factor_value,lin,,,"[""all-trans retinoic acid treatment time""]","[""atra treatment time""]"
PXD006421,abstract_only,technology_type,lin,0.9663632996183132,partial,"[""targeted proteomics""]","[""shotgun proteomics""]"
PXD006570,abstract_only,experimental_design,exact,0.0,disagree,"[""cross-sectional"", ""treated vs control""]","[""case vs control""]"
PXD006570,abstract_only,factor_value,lin,0.0,disagree,"[""age"", ""b-cll vs normal b cells"", ""cell line""]","[""b-cll vs jvm-13 cell line"", ""b-cll vs young healthy vs aged healthy b cells""]"
PXD006570,abstract_only,technology_type,lin,0.9378194224741335,partial,"[""mass spectrometry proteomics"", ""shotgun proteomics"", ""targeted metabolomics""]","[""shotgun proteomics""]"
PXD006591,abstract_only,experimental_design,exact,0.0,disagree,"[""case vs control""]","[""cross-sectional""]"
PXD006591,abstract_only,technology_type,lin,0.9663632996183132,partial,"[""bottom-up proteomics""]","[""shotgun proteomics""]"
PXD006769,with_methods,biological_replicate,numeric,0.0,agree,"[""16"", ""4""]","[""4""]"
PXD006769,with_methods,technical_replicate,numeric,0.0,agree,"[""2""]","[""2""]"
PXD006769,with_methods,experimental_design,exact,1.0,agree,"[""dose response""]","[""dose response""]"
PXD006769,with_methods,factor_value,lin,1.0,agree,"[""100 mg/kg erlotinib"", ""33 mg/kg erlotinib"", ""5 mg/kg erlotinib"", ""vehicle vs erlotinib""]","[""erlotinib""]"
PXD006769,with_methods,number_of_technical_replicates,numeric,0.0,agree,"[""2""]","[""2""]"
PXD006769,with_methods,number_of_biological_replicates,numeric,0.0,agree,"[""16"", ""4""]","[""4""]"
PXD006769,with_methods,number_of_samples,numeric,12.0,disagree,"[""16""]","[""4""]"
PXD006769,with_methods,technology_type,lin,0.5036902295983586,partial,"[""immobilized metal ion chromatography"", ""phosphotyrosine immunoprecipitation"", ""shotgun proteomics"", ""tmt-10-plex mass tag labeling""]","[""shotgun proteomics""]"
PXD006863,with_methods,biological_replicate,numeric,0.0,agree,"[""20""]","[""20""]"
PXD006863,with_methods,experimental_design,exact,1.0,agree,"[""treated vs control""]","[""treated vs control""]"
PXD006863,with_methods,factor_value,lin,0.0,disagree,"[""treatment""]","[""treatment with or without alagln""]"
PXD006863,with_methods,number_of_fractions,numeric,0.0,agree,"[""50""]","[""50""]"
PXD006863,with_methods,number_of_biological_replicates,numeric,0.0,agree,"[""20""]","[""20""]"
PXD006863,with_methods,number_of_samples,numeric,0.0,agree,"[""40""]","[""40""]"
PXD006863,with_methods,technology_type,lin,0.9663632996183132,partial,"[""bottom-up proteomics""]","[""shotgun proteomics"", ""tmt""]"
PXD007137,with_methods,biological_replicate,numeric,0.0,agree,"[""2""]","[""2""]"
PXD007137,with_methods,technical_replicate,numeric,0.0,agree,"[""2""]","[""2""]"
PXD007137,with_methods,experimental_design,exact,1.0,agree,"[""treated vs control""]","[""treated vs control""]"
PXD007137,with_methods,factor_value,lin,0.21947497073728484,disagree,"[""ceritinib treatment""]","[""treatment""]"
PXD007137,with_methods,number_of_fractions,numeric,0.0,agree,"[""12""]","[""12""]"
PXD007137,with_methods,number_of_technical_replicates,numeric,0.0,agree,"[""2""]","[""2""]"
PXD007137,with_methods,number_of_biological_replicates,numeric,0.0,agree,"[""2""]","[""2""]"
PXD007137,with_methods,number_of_samples,numeric,4.0,disagree,"[""2""]","[""6""]"
PXD007137,with_methods,technology_type,lin,0.9130327298999883,partial,"[""affinity purification coupled with mass spectrometry proteomics"", ""phosphoproteomics""]","[""affinity purification coupled with mass spectrometry proteomics"", ""shotgun proteomics""]"
PXD007262,with_methods,technical_replicate,numeric,0.0,agree,"[""3""]","[""3""]"
PXD007262,with_methods,experimental_design,exact,1.0,agree,"[""treated vs control""]","[""treated vs control""]"
PXD007262,with_methods,factor_value,lin,0.0,disagree,"[""dsrna stimulation""]","[""sike expression and pi:pc stimulation""]"
PXD007262,with_methods,number_of_technical_replicates,numeric,0.0,agree,"[""3""]","[""3""]"
PXD007262,with_methods,technology_type,lin,1.0,agree,"[""affinity purification coupled with mass spectrometry proteomics""]","[""affinity purification coupled with mass spectrometry proteomics""]"
PXD007624,abstract_only,experimental_design,exact,1.0,agree,"[""case vs control""]","[""case vs control""]"
PXD007624,abstract_only,factor_value,lin,1.0,agree,"[""poag vs controls""]","[""poag vs control""]"
PXD007624,abstract_only,technology_type,lin,0.9130020666102265,partial,"[""mass spectrometric technique""]","[""shotgun proteomics""]"
PXD007732,abstract_only,biological_replicate,numeric,0.0,agree,"[""3""]","[""3""]"
PXD007732,abstract_only,experimental_design,exact,1.0,agree,"[""time course""]","[""time course""]"
PXD007732,abstract_only,factor_value,lin,1.0,agree,"[""passage number""]","[""passage number""]"
PXD007732,abstract_only,number_of_biological_replicates,numeric,0.0,agree,"[""3""]","[""3""]"
PXD007732,abstract_only,number_of_samples,numeric,0.0,agree,"[""3""]","[""3""]"
PXD007732,abstract_only,technology_type,lin,0.9684835203822864,partial,"[""label-free quantitative proteomics""]","[""shotgun proteomics""]"
PXD007762,abstract_only,experimental_design,exact,1.0,agree,"[""time course"", ""treated vs control""]","[""time course""]"
PXD007762,abstract_only,factor_value,lin,0.5029244851599746,partial,"[""methotrexate, paclitaxel, vehicle"", ""time""]","[""time point"", ""treatment""]"
PXD007921,abstract_only,experimental_design,exact,1.0,agree,"[""treated vs control""]","[""treated vs control""]"
PXD007921,abstract_only,factor_value,lin,0.0,disagree,"[""cd28/cd3z vs 4-1bb/cd3z""]","[""stimulated vs unstimulated""]"
PXD007921,abstract_only,number_of_biological_replicates,numeric,0.0,agree,"[""3""]","[""3""]"
PXD007921,abstract_only,technology_type,lin,0.9130020666102265,partial,"[""shotgun mass spectrometry""]","[""shotgun proteomics""]"
PXD008035,with_methods,technical_replicate,numeric,,,"[""3""]","[""4 to 9""]"
PXD008035,with_methods,experimental_design,exact,1.0,agree,"[""treated vs control""]","[""treated vs control""]"
PXD008035,with_methods,factor_value,lin,0.11325058853645288,disagree,"[""co-culture""]","[""cell type condition""]"
PXD008035,with_methods,technology_type,lin,0.9663632996183132,partial,"[""bottom-up proteomics""]","[""shotgun proteomics""]"
PXD008150,with_methods,technology_type,lin,1.0,agree,"[""affinity purification coupled with mass spectrometry proteomics""]","[""shotgun proteomics""]"
PXD008311,abstract_only,experimental_design,exact,1.0,agree,"[""treated vs control""]","[""treated vs control""]"
PXD008311,abstract_only,factor_value,lin,,,"[""egfrviii-positive vs egfrviii-negative""]","[""egfrviii positive vs egfrviii negative""]"
PXD008311,abstract_only,technology_type,lin,0.9663632996183132,partial,"[""quantitative proteomics""]","[""shotgun proteomics""]"
PXD008467,abstract_only,biological_replicate,numeric,0.0,agree,"[""9""]","[""9""]"
PXD008467,abstract_only,experimental_design,exact,1.0,agree,"[""time course""]","[""time course""]"
PXD008467,abstract_only,factor_value,lin,,,"[""time after heparin administration""]","[""heparin administration time""]"
PXD008467,abstract_only,number_of_biological_replicates,numeric,0.0,agree,"[""9""]","[""9""]"
PXD008467,abstract_only,number_of_samples,numeric,0.0,agree,"[""9""]","[""9""]"
PXD008467,abstract_only,technology_type,lin,0.9663632996183132,partial,"[""bottom-up proteomics""]","[""affinity purification coupled with mass spectrometry proteomics""]"
PXD008575,with_methods,biological_replicate,numeric,0.0,agree,"[""2""]","[""2""]"
PXD008575,with_methods,experimental_design,exact,0.0,disagree,"[""time course""]","[""treated vs control""]"
PXD008575,with_methods,factor_value,lin,0.46530216745390063,disagree,"[""hydrogen peroxide"", ""time points"", ""tunicamycin""]","[""time"", ""treatment""]"
PXD008575,with_methods,number_of_fractions,numeric,0.0,agree,"[""40""]","[""40""]"
PXD008575,with_methods,number_of_biological_replicates,numeric,0.0,agree,"[""2""]","[""2""]"
PXD008575,with_methods,number_of_samples,numeric,24.0,disagree,"[""16""]","[""40""]"
PXD008575,with_methods,technology_type,lin,0.9663632996183132,partial,"[""quantitative proteomics""]","[""shotgun proteomics""]"
PXD008715,abstract_only,technology_type,lin,1.0,agree,"[""affinity purification coupled with mass spectrometry proteomics""]","[""affinity purification coupled with mass spectrometry proteomics""]"
PXD008896,with_methods,experimental_design,exact,1.0,agree,"[""treated vs control""]","[""treated vs control""]"
PXD008896,with_methods,factor_value,lin,1.0,agree,"[""matr3 genotype""]","[""wild-type matr3 vs mutated matr3""]"
PXD008896,with_methods,technology_type,lin,1.0,agree,"[""affinity purification coupled with mass spectrometry proteomics""]","[""affinity purification coupled with mass spectrometry proteomics""]"
PXD008966,with_methods,technology_type,lin,0.6535025363831573,partial,"[""phosphopeptide enrichment""]","[""shotgun proteomics""]"
PXD009084,abstract_only,experimental_design,exact,1.0,agree,"[""treated vs control""]","[""treated vs control""]"
PXD009084,abstract_only,technology_type,lin,0.000315760080068027,disagree,"[""affinity purification coupled with mass spectrometry proteomics""]","[""swath ms""]"
PXD009158,abstract_only,number_of_samples,numeric,0.0,agree,"[""2""]","[""2""]"
PXD009158,abstract_only,technology_type,lin,0.8260654597999767,partial,"[""ubiquitin proteomics""]","[""shotgun proteomics""]"
PXD009234,with_methods,technical_replicate,numeric,0.0,agree,"[""3""]","[""3""]"
PXD009234,with_methods,experimental_design,exact,1.0,agree,"[""treated vs control""]","[""treated vs control""]"
PXD009234,with_methods,factor_value,lin,,,"[""gfp-srms wild-type""]","[""wild-type srms""]"
PXD009234,with_methods,number_of_technical_replicates,numeric,0.0,agree,"[""3""]","[""3""]"
PXD009234,with_methods,technology_type,lin,0.9663632996183132,partial,"[""bottom-up proteomics""]","[""shotgun proteomics""]"
PXD009348,abstract_only,technology_type,lin,1.0,agree,"[""mass spectrometry-based proteomics""]","[""shotgun proteomics""]"
PXD009393,abstract_only,biological_replicate,numeric,0.0,agree,"[""6""]","[""5"", ""6""]"
PXD009393,abstract_only,experimental_design,exact,1.0,agree,"[""case vs control""]","[""case vs control""]"
PXD009393,abstract_only,factor_value,lin,1.0,agree,"[""cadasil vs control""]","[""cadasil vs control""]"
PXD009393,abstract_only,number_of_biological_replicates,numeric,0.0,agree,"[""6""]","[""6""]"
PXD009393,abstract_only,number_of_samples,numeric,0.0,agree,"[""12""]","[""12""]"
PXD009393,abstract_only,technology_type,lin,0.9663632996183132,partial,"[""quantitative proteomics""]","[""shotgun proteomics""]"
PXD009570,with_methods,biological_replicate,numeric,,,"[""3""]","[""cell pellets from mda-mb-231 or t47d"", ""control experiments"", ""ring1b pull-down experiments""]"
PXD009570,with_methods,experimental_design,exact,1.0,agree,"[""treated vs control""]","[""treated vs control""]"
PXD009570,with_methods,factor_value,lin,0.0,disagree,"[""ring1b vs control""]","[""anti-ring1b antibody ip vs mouse igg control""]"
PXD009570,with_methods,technology_type,lin,1.0,agree,"[""affinity purification coupled with mass spectrometry proteomics""]","[""affinity purification coupled with mass spectrometry proteomics"", ""gel-based experiment"", ""shotgun proteomics""]"
PXD009645,with_methods,experimental_design,exact,0.0,disagree,"[""cross-sectional""]","[""treated vs control""]"
PXD009645,with_methods,factor_value,lin,0.0,disagree,"[""plasma concentration""]","[""bp nanomaterials vs control""]"
PXD009645,with_methods,technology_type,lin,0.9663632996183132,partial,"[""bottom-up proteomics""]","[""shotgun proteomics""]"
PXD009838,with_methods,experimental_design,exact,1.0,agree,"[""time course""]","[""time course""]"
PXD009838,with_methods,factor_value,lin,1.0,agree,"[""time point""]","[""time point""]"
PXD009838,with_methods,technology_type,lin,1.0,agree,"[""shotgun proteomics""]","[""shotgun proteomics""]"
PXD009895,with_methods,biological_replicate,numeric,0.0,agree,"[""3""]","[""3""]"
PXD009895,with_methods,experimental_design,exact,1.0,agree,"[""treated vs control""]","[""treated vs control""]"
PXD009895,with_methods,factor_value,lin,1.0,agree,"[""mettl13 ko vs wt""]","[""wt vs mettl13 ko""]"
PXD009895,with_methods,number_of_fractions,numeric,0.0,agree,"[""46""]","[""46""]"
PXD009895,with_methods,number_of_biological_replicates,numeric,0.0,agree,"[""3""]","[""3""]"
PXD009895,with_methods,number_of_samples,numeric,0.0,agree,"[""6""]","[""6""]"
PXD009895,with_methods,technology_type,lin,1.0,agree,"[""bottom-up proteomics""]","[""bottom-up proteomics""]"
PXD010088,with_methods,experimental_design,exact,0.0,disagree,"[""treated vs control""]","[""time course""]"
PXD010088,with_methods,factor_value,lin,1.0,agree,"[""transformation stage""]","[""transformation stage""]"
PXD010088,with_methods,technology_type,lin,1.0,agree,"[""affinity purification coupled with mass spectrometry proteomics""]","[""affinity purification coupled with mass spectrometry proteomics""]"
PXD010150,with_methods,number_of_fractions,numeric,0.0,agree,"[""12"", ""4""]","[""12"", ""4""]"
PXD010150,with_methods,technology_type,lin,1.0,agree,"[""affinity purification coupled with mass spectrometry proteomics"", ""bottom-up proteomics"", ""shotgun proteomics""]","[""2d lc"", ""bottom-up proteomics"", ""shotgun proteomics""]"
PXD010284,abstract_only,biological_replicate,numeric,0.0,agree,"[""3""]","[""3""]"
PXD010284,abstract_only,number_of_biological_replicates,numeric,0.0,agree,"[""3""]","[""3""]"
PXD010466,abstract_only,technology_type,lin,0.9663632996183132,partial,"[""bottom-up proteomics""]","[""shotgun proteomics""]"
PXD010622,abstract_only,technology_type,lin,0.9130020666102265,partial,"[""mass spectrometry""]","[""shotgun proteomics""]"
PXD010805,abstract_only,experimental_design,exact,1.0,agree,"[""time course""]","[""time course""]"
PXD010805,abstract_only,factor_value,lin,0.45251761977464167,disagree,"[""cell line""]","[""0, 12, 24, 36, 48h"", ""hct116 vs a375""]"
PXD010805,abstract_only,technology_type,lin,1.0,agree,"[""shotgun proteomics""]","[""shotgun proteomics""]"
PXD011042,with_methods,experimental_design,exact,1.0,agree,"[""treated vs control""]","[""treated vs control""]"
PXD011042,with_methods,factor_value,lin,0.6551616938903095,partial,"[""infection conditions as compared to bacterial monoculture""]","[""infection condition""]"
PXD011042,with_methods,technology_type,lin,0.9663632996183132,partial,"[""bottom-up proteomics""]","[""gel-based experiment"", ""lc-ms/ms"", ""shotgun proteomics""]"
PXD011241,with_methods,experimental_design,exact,1.0,agree,"[""treated vs control""]","[""treated vs control""]"
PXD011241,with_methods,factor_value,lin,1.5088146704060507e-05,disagree,"[""p53r273h vs p53-/-""]","[""p53 genotype""]"
PXD011241,with_methods,number_of_samples,numeric,0.0,agree,"[""2""]","[""2""]"
PXD011241,with_methods,technology_type,lin,0.0003382729301403422,disagree,"[""silac proteomics""]","[""shotgun proteomics""]"
PXD011599,with_methods,experimental_design,exact,1.0,agree,"[""cross-sectional""]","[""cross-sectional""]"
PXD011599,with_methods,number_of_fractions,numeric,0.0,agree,"[""6""]","[""6""]"
PXD011599,with_methods,number_of_biological_replicates,numeric,0.0,agree,"[""6""]","[""6""]"
PXD011599,with_methods,number_of_samples,numeric,0.0,agree,"[""6""]","[""6""]"
PXD011599,with_methods,technology_type,lin,0.9663632996183132,partial,"[""bottom-up proteomics"", ""targeted proteomics""]","[""shotgun proteomics""]"
PXD013868,abstract_only,experimental_design,exact,0.0,disagree,"[""cross-sectional""]","[""treated vs control""]"
PXD013868,abstract_only,number_of_samples,numeric,0.0,agree,"[""30""]","[""30""]"
PXD013868,abstract_only,technology_type,lin,0.9663632996183132,partial,"[""bottom-up proteomics""]","[""shotgun proteomics""]"
PXD020122,abstract_only,biological_replicate,numeric,10.0,disagree,"[""13""]","[""3""]"
PXD020122,abstract_only,experimental_design,exact,1.0,agree,"[""time course""]","[""time course""]"
PXD020122,abstract_only,factor_value,lin,,,"[""prior and after the exercise session""]","[""prior and after exercise""]"
PXD020122,abstract_only,number_of_biological_replicates,numeric,0.0,agree,"[""13""]","[""13""]"
PXD022983,with_methods,biological_replicate,numeric,0.0,agree,"[""8 healthy individuals""]","[""8""]"
PXD022983,with_methods,experimental_design,exact,0.0,disagree,"[""longitudinal""]","[""time course""]"
PXD022983,with_methods,factor_value,lin,1.0,agree,"[""gender""]","[""gender"", ""timepoints""]"
PXD022983,with_methods,number_of_fractions,numeric,0.0,agree,"[""3""]","[""3""]"
PXD022983,with_methods,number_of_biological_replicates,numeric,0.0,agree,"[""8""]","[""8""]"
PXD022983,with_methods,number_of_samples,numeric,0.0,agree,"[""72""]","[""72""]"
PXD022983,with_methods,technology_type,lin,1.0,agree,"[""dia-ms""]","[""dia-ms"", ""shotgun proteomics""]"
PXD046393,abstract_only,experimental_design,exact,1.0,agree,"[""treated vs control""]","[""treated vs control""]"
PXD046393,abstract_only,factor_value,lin,0.0,disagree,"[""treatment""]","[""vehicle or compound treatment""]"
PXD046742,abstract_only,experimental_design,exact,1.0,agree,"[""treated vs control""]","[""treated vs control""]"
PXD046742,abstract_only,factor_value,lin,1.0,agree,"[""suz12-l"", ""suz12-s""]","[""suz12-l vs suz12-s""]"
PXD046742,abstract_only,technology_type,lin,1.0,agree,"[""proteomics""]","[""targeted proteomics""]"
PXD046822,with_methods,biological_replicate,numeric,1.0,partial,"[""3""]","[""4""]"
PXD046822,with_methods,technical_replicate,numeric,2.0,disagree,"[""1""]","[""3""]"
PXD046822,with_methods,experimental_design,exact,1.0,agree,"[""treated vs control""]","[""treated vs control""]"
PXD046822,with_methods,factor_value,lin,0.0,disagree,"[""treatment""]","[""4 h, 8 h, or 24 h"", ""dmso vs 20 \u03bcm 1,4-dihydroxy quininib""]"
PXD046822,with_methods,number_of_technical_replicates,numeric,2.0,disagree,"[""1""]","[""3""]"
PXD046822,with_methods,number_of_biological_replicates,numeric,1.0,partial,"[""3""]","[""4""]"
PXD046822,with_methods,number_of_samples,numeric,12.0,disagree,"[""12""]","[""24""]"
PXD046822,with_methods,technology_type,lin,0.9663632996183132,partial,"[""bottom-up proteomics""]","[""shotgun proteomics""]"
PXD046976,abstract_only,experimental_design,exact,1.0,agree,"[""treated vs control""]","[""case vs control"", ""treated vs control""]"
PXD046976,abstract_only,factor_value,lin,1.0,agree,"[""ifn classes""]","[""cell type"", ""ifn class"", ""virus""]"
PXD046976,abstract_only,technology_type,lin,0.8570767615577796,partial,"[""global proteome analyses"", ""parallel reaction monitoring"", ""targeted mass spectrometry"", ""thermal proximity coaggregation-ms""]","[""affinity purification coupled with mass spectrometry proteomics"", ""bottom-up proteomics"", ""targeted proteomics""]"
PXD047036,abstract_only,technology_type,lin,1.0,agree,"[""label-free quantitative proteomics""]","[""label-free quantitative proteomics""]"
PXD047108,abstract_only,experimental_design,exact,1.0,agree,"[""time course""]","[""time course""]"
PXD047108,abstract_only,factor_value,lin,1.0,agree,"[""time""]","[""time points""]"
PXD047108,abstract_only,technology_type,lin,1.0,agree,"[""proteomics""]","[""bottom-up proteomics""]"
PXD047202,abstract_only,technology_type,lin,0.9130020666102265,partial,"[""quantitative mass spectrometry""]","[""affinity purification coupled with mass spectrometry proteomics""]"
PXD047604,with_methods,experimental_design,exact,1.0,agree,"[""treated vs control""]","[""treated vs control""]"
PXD047604,with_methods,factor_value,lin,1.7576390555917382e-05,disagree,"[""treatment""]","[""icis vs control""]"
PXD047604,with_methods,number_of_biological_replicates,numeric,0.0,agree,"[""2""]","[""2""]"
PXD047604,with_methods,number_of_samples,numeric,0.0,agree,"[""12""]","[""12""]"
PXD047604,with_methods,technology_type,lin,0.9663632996183132,partial,"[""shotgun proteomics""]","[""bottom-up proteomics"", ""data-independent acquisition""]"
PXD047910,with_methods,factor_value,lin,0.06056784210255396,disagree,"[""campath"", ""hca-n"", ""hcamrna"", ""medium only"", ""vrc01""]","[""nicotiana vs mrna production platform""]"
PXD047910,with_methods,technology_type,lin,0.9887877665394377,partial,"[""bottom-up proteomics"", ""shotgun proteomics"", ""targeted proteomics""]","[""bottom-up proteomics""]"
PXD048009,with_methods,technical_replicate,numeric,0.0,agree,"[""2""]","[""2""]"
PXD048009,with_methods,experimental_design,exact,1.0,agree,"[""treated vs control""]","[""treated vs control""]"
PXD048009,with_methods,factor_value,lin,0.0,disagree,"[""treatment""]","[""compound vs dmso""]"
PXD048009,with_methods,number_of_fractions,numeric,0.0,agree,"[""24""]","[""24""]"
PXD048009,with_methods,technology_type,lin,1.0,agree,"[""bottom-up proteomics""]","[""bottom-up proteomics""]"
PXD048323,with_methods,biological_replicate,numeric,0.0,agree,"[""3""]","[""3""]"
PXD048323,with_methods,experimental_design,exact,0.0,disagree,"[""treated vs control""]","[""cross-sectional""]"
PXD048323,with_methods,factor_value,lin,1.0,agree,"[""epcam-positive plastic vs epcam-negative plastic"", ""epithelial vs epcam-positive plastic""]","[""cell state"", ""epcam+ plastic"", ""epcam- plastic"", ""full epithelial""]"
PXD048323,with_methods,number_of_biological_replicates,numeric,0.0,agree,"[""3""]","[""3""]"
PXD048323,with_methods,number_of_samples,numeric,3.0,disagree,"[""12""]","[""9""]"
PXD048323,with_methods,technology_type,lin,1.0,agree,"[""phosphoproteomics""]","[""affinity purification coupled with mass spectrometry proteomics"", ""bottom-up proteomics"", ""targeted proteomics""]"
PXD048503,abstract_only,experimental_design,exact,1.0,agree,"[""treated vs control""]","[""treated vs control""]"
PXD048503,abstract_only,factor_value,lin,,,"[""erlins present vs lacking""]","[""wt vs dko vs dko+e1/e2""]"
PXD048503,abstract_only,technology_type,lin,1.0,agree,"[""proteomics""]","[""affinity purification coupled with mass spectrometry proteomics"", ""bottom-up proteomics"", ""dia proteomics"", ""shotgun proteomics"", ""silac proteomics""]"
PXD048589,abstract_only,experimental_design,exact,1.0,agree,"[""treated vs control""]","[""treated vs control""]"
PXD048589,abstract_only,factor_value,lin,0.14627532302641388,disagree,"[""vector vs s100a11""]","[""flag-tagged vector or s100a11""]"
PXD048589,abstract_only,technology_type,lin,1.0,agree,"[""affinity purification coupled with mass spectrometry proteomics""]","[""affinity purification coupled with mass spectrometry proteomics""]"
PXD048675,abstract_only,biological_replicate,numeric,,,"[""57 cap patients and 26 controls""]","[""57 cap patients""]"
PXD048675,abstract_only,experimental_design,exact,1.0,agree,"[""case vs control""]","[""case vs control""]"
PXD048675,abstract_only,factor_value,lin,,,"[""cap patients vs controls""]","[""cap vs control""]"
PXD048675,abstract_only,number_of_biological_replicates,numeric,0.0,agree,"[""83""]","[""83""]"
PXD048675,abstract_only,number_of_samples,numeric,0.0,agree,"[""83""]","[""83""]"
PXD048675,abstract_only,technology_type,lin,0.9130020666102265,partial,"[""mass spectrometry""]","[""affinity purification coupled with mass spectrometry proteomics"", ""shotgun proteomics"", ""targeted proteomics""]"
PXD048839,with_methods,technical_replicate,numeric,0.0,agree,"[""10""]","[""10""]"
PXD048839,with_methods,number_of_technical_replicates,numeric,0.0,agree,"[""10""]","[""10""]"
PXD048839,with_methods,number_of_samples,numeric,20.0,disagree,"[""30""]","[""10""]"
PXD048839,with_methods,technology_type,lin,0.9663632996183132,partial,"[""shotgun proteomics""]","[""bottom-up proteomics""]"
PXD048931,abstract_only,experimental_design,exact,1.0,agree,"[""time course""]","[""time course"", ""treated vs control""]"
PXD048931,abstract_only,technology_type,lin,1.0,agree,"[""targeted proteomics""]","[""bottom-up proteomics""]"
PXD049034,with_methods,experimental_design,exact,1.0,agree,"[""treated vs control""]","[""treated vs control""]"
PXD049034,with_methods,factor_value,lin,2.005158683761558e-05,disagree,"[""genotype"", ""tissue""]","[""treatment""]"
PXD049034,with_methods,technology_type,lin,1.0,agree,"[""affinity purification coupled with mass spectrometry proteomics""]","[""affinity purification coupled with mass spectrometry proteomics""]"
PXD049336,with_methods,experimental_design,exact,1.0,agree,"[""treated vs control""]","[""treated vs control""]"
PXD049336,with_methods,number_of_fractions,numeric,12.0,disagree,"[""24""]","[""12""]"
PXD049336,with_methods,technology_type,lin,0.620112694802045,partial,"[""ndia proteomics"", ""nmost""]","[""bottom-up proteomics""]"
PXD050077,with_methods,technology_type,lin,1.0,agree,"[""bottom-up proteomics""]","[""bottom-up proteomics""]"
PXD050256,abstract_only,experimental_design,exact,0.0,disagree,"[""case vs control""]","[""treated vs control""]"
PXD050256,abstract_only,factor_value,lin,,,"[""pofut1 s162l mutation""]","[""pofut1 s162l patient vs control""]"
PXD050256,abstract_only,technology_type,lin,0.9663632996183132,partial,"[""glycoproteomics""]","[""affinity purification coupled with mass spectrometry proteomics""]"
PXD050547,with_methods,experimental_design,exact,1.0,agree,"[""case vs control""]","[""case vs control""]"
PXD050547,with_methods,factor_value,lin,0.19799684809864632,disagree,"[""ks vs controls""]","[""kabuki syndrome vs controls""]"
PXD050547,with_methods,number_of_biological_replicates,numeric,0.0,agree,"[""4""]","[""4""]"
PXD050547,with_methods,number_of_samples,numeric,4.0,disagree,"[""4""]","[""8""]"
PXD050547,with_methods,technology_type,lin,0.00041039890724494364,disagree,"[""shotgun proteomics""]","[""tmt""]"
PXD050841,with_methods,number_of_biological_replicates,numeric,0.0,agree,"[""6""]","[""6""]"
PXD050841,with_methods,number_of_samples,numeric,0.0,agree,"[""6""]","[""6""]"
PXD050841,with_methods,technology_type,lin,0.6956164073570735,partial,"[""bottom-up proteomics""]","[""data-independent acquisition""]"
PXD050916,with_methods,experimental_design,exact,0.0,disagree,"[""treated vs control""]","[""case vs control""]"
PXD050916,with_methods,factor_value,lin,1.5579146559050186e-05,disagree,"[""adipor1 gene deficiency""]","[""genotype""]"
PXD050916,with_methods,technology_type,lin,1.0,agree,"[""bottom-up proteomics""]","[""bottom-up proteomics""]"
PXD051148,with_methods,number_of_fractions,numeric,0.0,agree,"[""8""]","[""8""]"
PXD051148,with_methods,technology_type,lin,0.8916296536487631,partial,"[""2d rp-rp proteomics"", ""bottom-up proteomics"", ""phosphoproteomics""]","[""affinity purification coupled with mass spectrometry proteomics"", ""data-dependent acquisition"", ""data-independent acquisition""]"
PXD051269,abstract_only,technology_type,lin,1.0,agree,"[""affinity purification coupled with mass spectrometry proteomics""]","[""affinity purification coupled with mass spectrometry proteomics""]"
PXD051538,with_methods,experimental_design,exact,1.0,agree,"[""treated vs control""]","[""treated vs control""]"
PXD051538,with_methods,factor_value,lin,,,"[""tpa and nab induction""]","[""tpa and nab treatment vs no treatment""]"
PXD051538,with_methods,technology_type,lin,1.0,agree,"[""affinity purification coupled with mass spectrometry proteomics""]","[""affinity purification coupled with mass spectrometry proteomics"", ""data-dependent acquisition""]"
PXD051697,with_methods,biological_replicate,numeric,0.0,agree,"[""3""]","[""3""]"
PXD051697,with_methods,experimental_design,exact,1.0,agree,"[""treated vs control""]","[""treated vs control""]"
PXD051697,with_methods,factor_value,lin,0.0,disagree,"[""plgf""]","[""plgf treatment""]"
PXD051697,with_methods,number_of_biological_replicates,numeric,0.0,agree,"[""3""]","[""3""]"
PXD051697,with_methods,technology_type,lin,0.9349158164193165,partial,"[""bottom-up proteomics""]","[""label-free quantification proteomics""]"
PXD051747,abstract_only,experimental_design,exact,1.0,agree,"[""cross-sectional""]","[""cross-sectional""]"
PXD051747,abstract_only,factor_value,lin,0.22713071001122423,disagree,"[""cell line identity""]","[""cell line""]"
PXD051747,abstract_only,number_of_biological_replicates,numeric,5.0,disagree,"[""6""]","[""1""]"
PXD051747,abstract_only,number_of_samples,numeric,1.0,partial,"[""6""]","[""7""]"
PXD051747,abstract_only,technology_type,lin,1.0,agree,"[""shotgun proteomics""]","[""bottom-up proteomics"", ""shotgun proteomics""]"
PXD052033,abstract_only,technology_type,lin,0.9663632996183132,partial,"[""mass spectrometry-based proteomics""]","[""bottom-up proteomics""]"
PXD052259,abstract_only,experimental_design,exact,1.0,agree,"[""treated vs control""]","[""treated vs control""]"
PXD052259,abstract_only,factor_value,lin,,,"[""braf inhibitors""]","[""treatment vs control""]"
PXD052259,abstract_only,technology_type,lin,1.0,agree,"[""targeted proteomics""]","[""bottom-up proteomics""]"
PXD052627,abstract_only,experimental_design,exact,1.0,agree,"[""treated vs control""]","[""treated vs control""]"
PXD052627,abstract_only,factor_value,lin,0.5740547594298819,partial,"[""histamine vs par agonists""]","[""histamine"", ""par agonist""]"
PXD052627,abstract_only,technology_type,lin,0.7577720172509382,partial,"[""phosphoproteomics""]","[""bottom-up proteomics""]"
PXD052806,with_methods,technology_type,lin,1.0,agree,"[""bottom-up proteomics""]","[""bottom-up proteomics""]"
PXD053008,abstract_only,technology_type,lin,1.0,agree,"[""affinity purification coupled with mass spectrometry proteomics""]","[""affinity purification coupled with mass spectrometry proteomics""]"
PXD053198,abstract_only,technology_type,lin,1.0,agree,"[""affinity purification coupled with mass spectrometry proteomics""]","[""affinity purification coupled with mass spectrometry proteomics""]"
PXD053353,with_methods,technology_type,lin,0.43895122933337194,disagree,"[""lc-ms/ms""]","[""affinity purification coupled with mass spectrometry proteomics""]"
PXD053578,with_methods,experimental_design,exact,1.0,agree,"[""treated vs control""]","[""treated vs control""]"
PXD053578,with_methods,factor_value,lin,1.0,agree,"[""wildtype or variant merlin""]","[""wildtype or variant merlin""]"
PXD053578,with_methods,technology_type,lin,1.0,agree,"[""affinity purification coupled with mass spectrometry proteomics""]","[""affinity purification coupled with mass spectrometry proteomics""]"
PXD053864,abstract_only,technology_type,lin,1.0,agree,"[""proteomics""]","[""bottom-up proteomics""]"
PXD053945,abstract_only,technology_type,lin,1.0,agree,"[""global proteomic analysis""]","[""bottom-up proteomics""]"
PXD054073,with_methods,biological_replicate,numeric,0.0,agree,"[""1""]","[""1""]"
PXD054073,with_methods,technical_replicate,numeric,0.0,agree,"[""5""]","[""5""]"
PXD054073,with_methods,experimental_design,exact,1.0,agree,"[""time course""]","[""time course""]"
PXD054073,with_methods,number_of_technical_replicates,numeric,0.0,agree,"[""5""]","[""5""]"
PXD054073,with_methods,number_of_biological_replicates,numeric,0.0,agree,"[""1""]","[""1""]"
PXD054073,with_methods,number_of_samples,numeric,1.0,partial,"[""1""]","[""2""]"
PXD054073,with_methods,technology_type,lin,0.9663632996183132,partial,"[""shotgun proteomics""]","[""bottom-up proteomics""]"
PXD054248,abstract_only,number_of_biological_replicates,numeric,0.0,agree,"[""26""]","[""26""]"
PXD054248,abstract_only,number_of_samples,numeric,0.0,agree,"[""26""]","[""26""]"
PXD054248,abstract_only,technology_type,lin,0.9663632996183132,partial,"[""affinity purification coupled with mass spectrometry proteomics""]","[""bottom-up proteomics"", ""immunopeptidomics""]"
PXD054378,with_methods,experimental_design,exact,1.0,agree,"[""treated vs control""]","[""treated vs control""]"
PXD054378,with_methods,factor_value,lin,,,"[""hdac6 silencing vs scrambled""]","[""hdac6 silencing vs scrambled""]"
PXD054378,with_methods,technology_type,lin,1.0,agree,"[""shotgun proteomics""]","[""shotgun proteomics""]"
PXD054717,abstract_only,biological_replicate,numeric,,,"[""11""]","[""enamel samples from individuals""]"
PXD054717,abstract_only,experimental_design,exact,0.0,disagree,"[""cross-sectional""]","[""case vs control""]"
PXD054717,abstract_only,factor_value,lin,0.0,disagree,"[""population""]","[""mission-period ohlone, historic european-americans, present-day military cadets""]"
PXD054717,abstract_only,number_of_biological_replicates,numeric,0.0,agree,"[""11""]","[""11"", ""31"", ""8""]"
PXD054717,abstract_only,number_of_samples,numeric,0.0,agree,"[""31""]","[""12"", ""31""]"
PXD054717,abstract_only,technology_type,lin,0.7577720172509382,partial,"[""paleoproteomics""]","[""bottom-up proteomics""]"
PXD055141,with_methods,number_of_biological_replicates,numeric,0.0,agree,"[""3""]","[""3""]"
PXD055141,with_methods,number_of_samples,numeric,5.0,disagree,"[""36""]","[""31""]"
PXD055141,with_methods,technology_type,lin,1.0,agree,"[""affinity purification coupled with mass spectrometry proteomics"", ""bottom-up proteomics""]","[""affinity purification coupled with mass spectrometry proteomics"", ""bottom-up proteomics""]"
PXD055623,abstract_only,technology_type,lin,1.0,agree,"[""bottom-up proteomics"", ""top-down proteomics""]","[""bottom-up proteomics"", ""top-down proteomics""]"
PXD055884,abstract_only,experimental_design,exact,1.0,agree,"[""treated vs control""]","[""treated vs control""]"
PXD055884,abstract_only,factor_value,lin,0.0,disagree,"[""treated vs control""]","[""emp1 overexpression""]"
PXD055884,abstract_only,technology_type,lin,1.0,agree,"[""affinity purification coupled with mass spectrometry proteomics""]","[""affinity purification coupled with mass spectrometry proteomics""]"
PXD055983,abstract_only,technology_type,lin,0.9349158164193165,partial,"[""label-free quantitative proteomics""]","[""bottom-up proteomics""]"
PXD056077,with_methods,technical_replicate,numeric,0.0,agree,"[""3""]","[""3""]"
PXD056077,with_methods,number_of_fractions,numeric,0.0,agree,"[""3""]","[""3""]"
PXD056077,with_methods,number_of_technical_replicates,numeric,0.0,agree,"[""3""]","[""3""]"
PXD056181,abstract_only,experimental_design,exact,1.0,agree,"[""treated vs control""]","[""treated vs control""]"
PXD056181,abstract_only,factor_value,lin,,,"[""control or high ergothioniene diets""]","[""control or high ergothioniene diets""]"
PXD056181,abstract_only,technology_type,lin,1.0,agree,"[""bottom up proteomics""]","[""bottom-up proteomics""]"
PXD056199,abstract_only,experimental_design,exact,1.0,agree,"[""treated vs control""]","[""treated vs control""]"
PXD056199,abstract_only,factor_value,lin,,,"[""5 families of cancer drugs""]","[""drug family""]"
PXD056199,abstract_only,technology_type,lin,1.58814645846123e-05,disagree,"[""cetsa""]","[""shotgun proteomics""]"
PXD056499,with_methods,experimental_design,exact,1.0,agree,"[""treated vs control""]","[""treated vs control""]"
PXD056499,with_methods,factor_value,lin,,,"[""golgin-97 knockout vs parental breast cells""]","[""golgin-97 knockout vs parental""]"
PXD056499,with_methods,technology_type,lin,1.0,agree,"[""targeted proteomics""]","[""quantitative proteomics""]"
PXD056689,abstract_only,technology_type,lin,1.0,agree,"[""proteomics""]","[""affinity purification coupled with mass spectrometry proteomics"", ""bottom-up proteomics""]"
PXD056910,abstract_only,experimental_design,exact,1.0,agree,"[""cross-sectional""]","[""cross-sectional""]"
PXD056910,abstract_only,technology_type,lin,0.00038980014301611093,disagree,"[""crosslinking mass spectrometry""]","[""bottom-up proteomics"", ""chemical cross-linking coupled with mass spectrometry proteomics""]"
PXD057157,abstract_only,experimental_design,exact,1.0,agree,"[""time course""]","[""time course"", ""treated vs control""]"
PXD057157,abstract_only,factor_value,lin,1.0,agree,"[""5-fu treatment""]","[""5-fluorouracil"", ""raltitrexed vs dmso control""]"
PXD057157,abstract_only,technology_type,lin,0.8758690474807684,partial,"[""quantitative proteomics""]","[""data-independent acquisition""]"
PXD057269,abstract_only,technology_type,lin,1.0,agree,"[""targeted proteomics""]","[""affinity purification coupled with mass spectrometry proteomics"", ""bottom-up proteomics"", ""data-dependent acquisition"", ""data-independent acquisition"", ""srm/mrm""]"
PXD057405,with_methods,technology_type,lin,0.620112694802045,partial,"[""4d-dia proteomics""]","[""bottom-up proteomics""]"
PXD057491,abstract_only,technology_type,lin,1.0,agree,"[""proteomics""]","[""bottom-up proteomics""]"
PXD057632,abstract_only,experimental_design,exact,0.0,disagree,"[""treated vs control""]","[""time course""]"
PXD057632,abstract_only,factor_value,lin,0.10581693361991203,disagree,"[""cisplatin resistance""]","[""cell line"", ""time""]"
PXD057632,abstract_only,technology_type,lin,0.8758690474807684,partial,"[""targeted proteomics""]","[""data-independent acquisition""]"
PXD057759,abstract_only,experimental_design,exact,0.0,disagree,"[""treated vs control""]","[""case vs control""]"
PXD057759,abstract_only,factor_value,lin,1.0,agree,"[""tumor vs nontumor""]","[""tumor vs nontumor""]"
PXD057759,abstract_only,technology_type,lin,0.7577720172509382,partial,"[""peptidomics""]","[""bottom-up proteomics""]"
PXD057847,with_methods,experimental_design,exact,1.0,agree,"[""treated vs control""]","[""treated vs control""]"
PXD057847,with_methods,factor_value,lin,0.0,disagree,"[""treatment""]","[""gst-maspin baits compared to gst-only baits""]"
PXD057847,with_methods,number_of_biological_replicates,numeric,0.0,agree,"[""2""]","[""2""]"
PXD057847,with_methods,technology_type,lin,1.0,agree,"[""affinity purification coupled with mass spectrometry proteomics""]","[""affinity purification coupled with mass spectrometry proteomics"", ""bottom-up proteomics"", ""shotgun proteomics""]"
PXD057968,abstract_only,experimental_design,exact,1.0,agree,"[""treated vs control""]","[""treated vs control""]"
PXD057968,abstract_only,factor_value,lin,0.0,disagree,"[""pma vs ionomycin""]","[""control (dmso), pma, and ionomycin""]"
PXD057968,abstract_only,technology_type,lin,0.7577720172509382,partial,"[""high-resolution proteomics""]","[""bottom-up proteomics""]"
PXD058080,abstract_only,technology_type,lin,1.0,agree,"[""proteome analyses""]","[""bottom-up proteomics""]"
PXD058256,abstract_only,technology_type,lin,1.0,agree,"[""chemoproteomics""]","[""bottom-up proteomics""]"
PXD058348,abstract_only,experimental_design,exact,1.0,agree,"[""case vs control""]","[""case vs control""]"
PXD058348,abstract_only,factor_value,lin,1.0,agree,"[""prostate cancer vs non-cancerous""]","[""prostate cancer vs non-cancerous""]"
PXD058348,abstract_only,technology_type,lin,0.000315760080068027,disagree,"[""n-glycoproteomics""]","[""bottom-up proteomics""]"
PXD058465,abstract_only,technology_type,lin,1.0,agree,"[""bottom-up proteomics""]","[""bottom-up proteomics""]"
PXD058541,abstract_only,experimental_design,exact,1.0,agree,"[""treated vs control""]","[""treated vs control""]"
PXD058541,abstract_only,factor_value,lin,,,"[""atr and chk1 inhibitors""]","[""treatment""]"
PXD058541,abstract_only,technology_type,lin,0.9130020666102265,partial,"[""mass spectrometry""]","[""shotgun proteomics""]"
PXD058706,abstract_only,experimental_design,exact,1.0,agree,"[""treated vs control""]","[""treated vs control""]"
PXD058706,abstract_only,factor_value,lin,0.0,disagree,"[""putrescine, spermidine, spermine vs monoamine control""]","[""polyamine probes vs monoamine control""]"
PXD058706,abstract_only,technology_type,lin,1.0,agree,"[""affinity purification coupled with mass spectrometry proteomics""]","[""affinity purification coupled with mass spectrometry proteomics"", ""bottom-up proteomics""]"
PXD058777,with_methods,technical_replicate,numeric,0.0,agree,"[""3""]","[""3""]"
PXD058777,with_methods,experimental_design,exact,1.0,agree,"[""treated vs control""]","[""treated vs control""]"
PXD058777,with_methods,factor_value,lin,0.0,disagree,"[""ev vs non-ev""]","[""csf evs vs input csf""]"
PXD058777,with_methods,number_of_technical_replicates,numeric,0.0,agree,"[""3""]","[""3""]"
PXD058777,with_methods,number_of_samples,numeric,0.0,agree,"[""2""]","[""2""]"
PXD058777,with_methods,technology_type,lin,1.0,agree,"[""bottom-up proteomics""]","[""bottom-up proteomics""]"
PXD058992,with_methods,number_of_technical_replicates,numeric,0.0,agree,"[""4""]","[""4""]"
PXD058992,with_methods,technology_type,lin,0.9663632996183132,partial,"[""affinity purification coupled with mass spectrometry proteomics""]","[""bottom-up proteomics""]"
PXD059115,abstract_only,technology_type,lin,1.0,agree,"[""affinity purification coupled with mass spectrometry proteomics""]","[""affinity purification coupled with mass spectrometry proteomics""]"
PXD059416,with_methods,biological_replicate,numeric,,,"[""3"", ""7""]","[""human subcutaneous adipose tissue"", ""primary murine adipocyte cultures"", ""sgbs adipocytes""]"
PXD059416,with_methods,technical_replicate,numeric,0.0,agree,"[""3""]","[""3""]"
PXD059416,with_methods,experimental_design,exact,1.0,agree,"[""treated vs control""]","[""time course"", ""treated vs control""]"
PXD059416,with_methods,factor_value,lin,0.658719254034784,partial,"[""gw9662"", ""minch""]","[""10 \u03bcm minch"", ""59 kj% fat, e15772\u201334, ssniff, germany)"", ""9 kj% fat, v1534, ssniff, germany)"", ""hfd supplemented with 4500 (ld) or 15,000 ppm (hd) 1,2-cyclohexanedicarboxylic acid diisononyl ester (dinch, purity 95%, abcr gmbh, germany)"", ""high-fat diet (hfd"", ""rosiglitazone"", ""selective ppar inhibitor gw9662"", ""solvent"", ""standard chow diet (sd""]"
PXD059416,with_methods,number_of_technical_replicates,numeric,0.0,agree,"[""3""]","[""3""]"
PXD059416,with_methods,number_of_biological_replicates,numeric,0.0,agree,"[""3"", ""7""]","[""3"", ""4""]"
PXD059416,with_methods,technology_type,lin,0.9481175226210183,partial,"[""data-independent acquisition"", ""label-free proteomics"", ""targeted proteomics""]","[""bottom-up proteomics"", ""phosphoproteomics"", ""shotgun proteomics""]"
PXD059550,with_methods,biological_replicate,numeric,0.0,agree,"[""5""]","[""5""]"
PXD059550,with_methods,experimental_design,exact,1.0,agree,"[""treated vs control""]","[""treated vs control""]"
PXD059550,with_methods,factor_value,lin,,,"[""mir-34a-wt vs mir-34a-rs vs allstars""]","[""mir-34a-wt, mir-34a-rs, allstars negative control""]"
PXD059550,with_methods,number_of_biological_replicates,numeric,0.0,agree,"[""5""]","[""5""]"
PXD059550,with_methods,number_of_samples,numeric,0.0,agree,"[""15""]","[""15""]"
PXD059550,with_methods,technology_type,lin,1.0,agree,"[""bottom-up proteomics""]","[""bottom-up proteomics""]"
PXD059659,with_methods,experimental_design,exact,1.0,agree,"[""treated vs control""]","[""treated vs control""]"
PXD059659,with_methods,factor_value,lin,0.9031475709097125,partial,"[""wt vs cd23-rock1""]","[""wt and cd23-rock1""]"
PXD059659,with_methods,technology_type,lin,0.000315760080068027,disagree,"[""tmt proteomics""]","[""bottom-up proteomics""]"
PXD059945,with_methods,experimental_design,exact,1.0,agree,"[""treated vs control""]","[""treated vs control""]"
PXD059945,with_methods,factor_value,lin,1.4627150416106068e-05,disagree,"[""wildtype vs mutant""]","[""mutant vs wildtype""]"
PXD059945,with_methods,number_of_fractions,numeric,0.0,agree,"[""5""]","[""5""]"
PXD059945,with_methods,number_of_biological_replicates,numeric,0.0,agree,"[""2""]","[""2""]"
PXD059945,with_methods,technology_type,lin,1.0,agree,"[""bottom-up proteomics""]","[""bottom-up proteomics"", ""targeted proteomics""]"
PXD060033,with_methods,technology_type,lin,1.0,agree,"[""bottom-up proteomics""]","[""bottom-up proteomics"", ""data-dependent acquisition""]"
PXD060121,with_methods,biological_replicate,numeric,0.0,agree,"[""3""]","[""3""]"
PXD060121,with_methods,experimental_design,exact,1.0,agree,"[""dose response""]","[""dose response""]"
PXD060121,with_methods,factor_value,lin,1.0,agree,"[""potx concentration""]","[""potx concentration""]"
PXD060121,with_methods,number_of_biological_replicates,numeric,0.0,agree,"[""3""]","[""3""]"
PXD060121,with_methods,number_of_samples,numeric,0.0,agree,"[""9""]","[""9""]"
PXD060121,with_methods,technology_type,lin,0.8839631649761527,partial,"[""data-independent acquisition""]","[""data-independent acquisition proteomics""]"
PXD060406,abstract_only,technology_type,lin,0.7577720172509382,partial,"[""phosphoproteomics""]","[""bottom-up proteomics""]"
PXD060621,abstract_only,technology_type,lin,1.0,agree,"[""bottom-up proteomics""]","[""bottom-up proteomics"", ""data-dependent acquisition"", ""data-independent acquisition""]"
PXD060843,abstract_only,experimental_design,exact,1.0,agree,"[""treated vs control""]","[""treated vs control""]"
PXD060843,abstract_only,technology_type,lin,0.9663632996183132,partial,"[""mass spectrometry-based peptide location fingerprinting""]","[""bottom-up proteomics"", ""data-dependent acquisition""]"
PXD060890,abstract_only,experimental_design,exact,1.0,agree,"[""case vs control""]","[""case vs control""]"
PXD060890,abstract_only,factor_value,lin,,,"[""dm vs controls""]","[""dm vs control""]"
PXD060890,abstract_only,technology_type,lin,1.0,agree,"[""bottom-up proteomics""]","[""dia proteomics""]"
PXD061050,with_methods,experimental_design,exact,0.0,disagree,"[""time course""]","[""treated vs control""]"
PXD061050,with_methods,factor_value,lin,0.0,disagree,"[""galactose vs glucose""]","[""wt vs rtn4ip1 ko""]"
PXD061050,with_methods,technology_type,lin,0.9349158164193165,partial,"[""label-free quantitative proteomics""]","[""bottom-up proteomics"", ""complexome profiling""]"
PXD061144,with_methods,biological_replicate,numeric,0.0,agree,"[""114""]","[""114""]"
PXD061144,with_methods,technical_replicate,numeric,0.0,agree,"[""6""]","[""6""]"
PXD061144,with_methods,experimental_design,exact,0.0,disagree,"[""cross-sectional""]","[""case vs control""]"
PXD061144,with_methods,factor_value,lin,1.0,agree,"[""lung cancer vs no cancer""]","[""lung cancer vs no cancer""]"
PXD061144,with_methods,number_of_fractions,numeric,0.0,agree,"[""72""]","[""72""]"
PXD061144,with_methods,number_of_technical_replicates,numeric,0.0,agree,"[""6""]","[""6""]"
PXD061144,with_methods,number_of_biological_replicates,numeric,0.0,agree,"[""114""]","[""114""]"
PXD061144,with_methods,number_of_samples,numeric,0.0,agree,"[""114""]","[""114""]"
PXD061144,with_methods,technology_type,lin,0.9663632996183132,partial,"[""shotgun proteomics""]","[""bottom-up proteomics""]"
PXD061275,abstract_only,experimental_design,exact,0.0,disagree,"[""case vs control""]","[""treated vs control""]"
PXD061275,abstract_only,factor_value,lin,1.0,agree,"[""masld vs control""]","[""masld vs control""]"
PXD061537,abstract_only,technology_type,lin,1.0,agree,"[""affinity purification coupled with mass spectrometry proteomics""]","[""affinity purification coupled with mass spectrometry proteomics"", ""bottom-up proteomics""]"
PXD061604,with_methods,technical_replicate,numeric,2.0,disagree,"[""1""]","[""3""]"
PXD061604,with_methods,experimental_design,exact,1.0,agree,"[""treated vs control""]","[""treated vs control""]"
PXD061604,with_methods,factor_value,lin,,,"[""tp53rk knockout (ko) vs gfp knockout (ko)""]","[""tp53rk ko vs gfp ko""]"
PXD061604,with_methods,number_of_fractions,numeric,0.0,agree,"[""25""]","[""25""]"
PXD061604,with_methods,number_of_technical_replicates,numeric,2.0,disagree,"[""1""]","[""3""]"
PXD061604,with_methods,number_of_biological_replicates,numeric,0.0,agree,"[""3""]","[""3""]"
PXD061604,with_methods,number_of_samples,numeric,0.0,agree,"[""6""]","[""6""]"
PXD061604,with_methods,technology_type,lin,0.3954209912771047,disagree,"[""tmt labeling for quantitative analysis""]","[""bottom-up proteomics"", ""tmt""]"
PXD061795,abstract_only,experimental_design,exact,1.0,agree,"[""treated vs control""]","[""treated vs control""]"
PXD061795,abstract_only,factor_value,lin,0.7983722012891942,partial,"[""stress condition""]","[""treatment""]"
PXD061795,abstract_only,technology_type,lin,0.9663632996183132,partial,"[""affinity purification coupled with mass spectrometry proteomics"", ""shotgun proteomics""]","[""bottom-up proteomics"", ""targeted proteomics""]"
PXD061861,abstract_only,experimental_design,exact,1.0,agree,"[""treated vs control""]","[""treated vs control""]"
PXD061861,abstract_only,factor_value,lin,,,"[""e6/e7 repression""]","[""metformin, si16e6/e7, sictrl-1""]"
PXD061861,abstract_only,technology_type,lin,0.9663632996183132,partial,"[""shotgun proteomics""]","[""bottom-up proteomics""]"
PXD061936,abstract_only,technology_type,lin,0.9917875929408353,agree,"[""proteomics""]","[""affinity purification coupled with mass spectrometry proteomics"", ""data-independent acquisition proteomics""]"
PXD062200,with_methods,experimental_design,exact,1.0,agree,"[""treated vs control""]","[""treated vs control""]"
PXD062200,with_methods,factor_value,lin,1.0,agree,"[""nec vs tec""]","[""nec vs tec""]"
PXD062200,with_methods,number_of_biological_replicates,numeric,1.0,partial,"[""2""]","[""3""]"
PXD062200,with_methods,technology_type,lin,0.9663632996183132,partial,"[""bottom-up proteomics""]","[""shotgun proteomics""]"
PXD062330,abstract_only,technology_type,lin,1.0,agree,"[""affinity purification coupled with mass spectrometry proteomics""]","[""affinity purification coupled with mass spectrometry proteomics"", ""bottom-up proteomics""]"
PXD062440,abstract_only,technology_type,lin,0.9130020666102265,partial,"[""quantitative mass spectrometry""]","[""affinity purification coupled with mass spectrometry proteomics""]"
PXD062619,with_methods,technical_replicate,numeric,0.0,agree,"[""5""]","[""5""]"
PXD062619,with_methods,experimental_design,exact,1.0,agree,"[""treated vs control""]","[""treated vs control""]"
PXD062619,with_methods,factor_value,lin,1.0,agree,"[""gfp-nrbp1 ki vs wt"", ""sorbitol treated vs untreated""]","[""gfp-nrbp1 ki vs wt"", ""sorbitol vs control""]"
PXD062619,with_methods,number_of_technical_replicates,numeric,0.0,agree,"[""5""]","[""5""]"
PXD062619,with_methods,number_of_samples,numeric,0.0,agree,"[""20""]","[""20""]"
PXD062619,with_methods,technology_type,lin,1.0,agree,"[""affinity purification coupled with mass spectrometry proteomics""]","[""affinity purification coupled with mass spectrometry proteomics""]"
PXD062774,with_methods,experimental_design,exact,1.0,agree,"[""treated vs control""]","[""treated vs control""]"
PXD062774,with_methods,factor_value,lin,2.2635257541830157e-05,disagree,"[""cell line""]","[""rnase i treatment vs no rnase i treatment""]"
PXD062774,with_methods,technology_type,lin,0.9663632996183132,partial,"[""bottom-up proteomics""]","[""affinity purification coupled with mass spectrometry proteomics""]"
PXD062854,with_methods,experimental_design,exact,0.0,disagree,"[""ip\u2013ms""]","[""treated vs control""]"
PXD062854,with_methods,factor_value,lin,,,"[""sfb-reiibp or sfb-vector""]","[""sfb-reiibp vs sfb-vector""]"
PXD062854,with_methods,technology_type,lin,1.0,agree,"[""affinity purification coupled with mass spectrometry proteomics""]","[""affinity purification coupled with mass spectrometry proteomics""]"
PXD063023,abstract_only,biological_replicate,numeric,0.0,agree,"[""3""]","[""3""]"
PXD063023,abstract_only,experimental_design,exact,1.0,agree,"[""treated vs control""]","[""treated vs control""]"
PXD063023,abstract_only,factor_value,lin,,,"[""lc3 ip vs igg ip""]","[""anti-lc3 ip vs anti-igg ip""]"
PXD063023,abstract_only,number_of_biological_replicates,numeric,0.0,agree,"[""3""]","[""3""]"
PXD063023,abstract_only,technology_type,lin,0.43895122933337194,disagree,"[""affinity purification coupled with mass spectrometry proteomics""]","[""lc-ms/ms""]"
PXD063253,abstract_only,technology_type,lin,0.9663632996183132,partial,"[""mass spectrometry-based proteomics""]","[""bottom-up proteomics""]"
PXD063550,abstract_only,experimental_design,exact,1.0,agree,"[""treated vs control""]","[""treated vs control""]"
PXD063550,abstract_only,factor_value,lin,0.0,disagree,"[""huwe1 inhibitor compounds""]","[""bi8626 vs dmso""]"
PXD063935,with_methods,biological_replicate,numeric,0.0,agree,"[""6"", ""8""]","[""8""]"
PXD063935,with_methods,experimental_design,exact,0.0,disagree,"[""time course""]","[""treated vs control""]"
PXD063935,with_methods,factor_value,lin,0.0,disagree,"[""time point""]","[""continuous vs dmso""]"
PXD063935,with_methods,number_of_biological_replicates,numeric,0.0,agree,"[""6"", ""8""]","[""8""]"
PXD063935,with_methods,number_of_samples,numeric,6.0,disagree,"[""6"", ""8""]","[""14""]"
PXD063935,with_methods,technology_type,lin,1.0,agree,"[""affinity purification coupled with mass spectrometry proteomics""]","[""affinity purification coupled with mass spectrometry proteomics""]"
PXD064519,with_methods,experimental_design,exact,0.0,disagree,"[""cross-sectional""]","[""case vs control""]"
PXD064519,with_methods,factor_value,lin,,,"[""scl-tle vs ns-tle vs control""]","[""tumor vs non-tumor""]"
PXD064519,with_methods,number_of_samples,numeric,0.0,agree,"[""24""]","[""24""]"
PXD064519,with_methods,technology_type,lin,1.0,agree,"[""bottom-up proteomics""]","[""bottom-up proteomics""]"
PXD064834,abstract_only,technology_type,lin,1.0,agree,"[""affinity purification coupled with mass spectrometry proteomics""]","[""affinity purification coupled with mass spectrometry proteomics"", ""bottom-up proteomics""]"
PXD065357,abstract_only,experimental_design,exact,1.0,agree,"[""treated vs control""]","[""treated vs control""]"
PXD065357,abstract_only,factor_value,lin,1.4627150416106068e-05,disagree,"[""proteasome subunit knockout""]","[""psmd1 sirna vs control sirna"", ""s phase vs mitosis""]"
PXD065965,abstract_only,experimental_design,exact,1.0,agree,"[""treated vs control""]","[""treated vs control""]"
PXD065965,abstract_only,factor_value,lin,0.5000105669542922,partial,"[""prostate cancer"", ""treatment""]","[""treatment""]"
PXD065965,abstract_only,technology_type,lin,0.9663632996183132,partial,"[""affinity purification coupled with mass spectrometry proteomics"", ""shotgun proteomics""]","[""bottom-up proteomics""]"
PXD066134,abstract_only,technology_type,lin,1.0,agree,"[""affinity purification coupled with mass spectrometry proteomics""]","[""shotgun proteomics""]"
PXD066874,with_methods,number_of_samples,numeric,0.0,agree,"[""16"", ""32""]","[""16""]"
PXD066874,with_methods,technology_type,lin,1.0,agree,"[""affinity purification coupled with mass spectrometry proteomics"", ""dda proteomics"", ""dia proteomics""]","[""affinity purification coupled with mass spectrometry proteomics"", ""bottom-up proteomics"", ""data-independent acquisition""]"
PXD067153,abstract_only,experimental_design,exact,1.0,agree,"[""treated vs control""]","[""treated vs control""]"
PXD067153,abstract_only,factor_value,lin,,,"[""proliferating or bleomycin-induced senescent, heat-shocked""]","[""bleomycin-induced senescent vs proliferating"", ""heat-shock""]"
PXD067153,abstract_only,technology_type,lin,1.0,agree,"[""affinity purification coupled with mass spectrometry proteomics"", ""shotgun proteomics""]","[""affinity purification coupled with mass spectrometry proteomics"", ""bottom-up proteomics""]"
PXD067299,abstract_only,experimental_design,exact,0.0,disagree,"[""case vs control""]","[""treated vs control""]"
PXD067299,abstract_only,technology_type,lin,1.0,agree,"[""proteomics""]","[""bottom-up proteomics""]"
PXD068828,with_methods,technical_replicate,numeric,0.0,agree,"[""3""]","[""3""]"
PXD068828,with_methods,experimental_design,exact,1.0,agree,"[""treated vs control""]","[""treated vs control""]"
PXD068828,with_methods,factor_value,lin,0.06786740887715322,disagree,"[""treatment""]","[""atp vs control""]"
PXD068828,with_methods,number_of_technical_replicates,numeric,0.0,agree,"[""3""]","[""3""]"
PXD068828,with_methods,technology_type,lin,1.0,agree,"[""bottom-up proteomics""]","[""bottom-up proteomics"", ""data-dependent acquisition"", ""data-independent acquisition""]"
PXD070195,with_methods,technology_type,lin,0.9349158164193165,partial,"[""label-free proteomics""]","[""bottom-up proteomics""]"
PXD071222,abstract_only,technology_type,lin,0.4748406056606574,disagree,"[""quantitative mass spectrometry""]","[""bottom-up proteomics""]"
