Source Name	Characteristics[organism]	Characteristics[organism part]	Characteristics[developmental stage]	characteristics[cell type]	characteristics[ancestry category]	characteristics[age]	characteristics[sex]	Characteristics[disease]	characteristics[biological replicate]	Characteristics[cell line]	characteristics[individual]	assay name	comment[label]	comment[technich replicate]	comment[fraction identifier]	comment[file uri]	comment[instrument]	comment[cleavage agent details]	comment[dissociation method]	comment[fragment mass tolerance]	comment[precursor mass tolerance]	comment[modification parameters]	comment[modification parameters].1	comment[modification parameters].2	comment[data file]	Material Type	factor value[cell line]	sampleChecksum	sampleAccession
PXD008222-Sample 1	Homo sapiens	breast	adult	epithelial	Caucasian	51Y	female	breast carcinoma	1	MDAMB231	not available	run 1	AC=MS:1002038;NT=label free sample	not available	1	ftp://ftp.pride.ebi.ac.uk/pride/data/archive/2017/12/PXD008222/q01507.raw	NT=Q Exactive;AC=MS:1001911	NT=Lys-C;AC=MS:1001309	not available	0.01 Da	50 ppm	NT=Oxidation;MT=variable;TA=M;AC=UNIMOD:35	NT=Acetyl;AC=UNIMOD:1;PP=Protein N-term;MT=variable	NT=Carbamidomethyl;TA=C;MT=fixed;AC=UNIMOD:4	q01507.raw	cell	MDAMB231	bcd58b71c9f3ac3d9c43ad596b410a3b1d01abd8eaf382dbe93f3db3945b61ff	SAMEA7713380
PXD008222-Sample 1	Homo sapiens	breast	adult	epithelial	Caucasian	51Y	female	breast carcinoma	1	MDAMB231	not available	run 2	AC=MS:1002038;NT=label free sample	not available	2	ftp://ftp.pride.ebi.ac.uk/pride/data/archive/2017/12/PXD008222/q01508.raw	NT=Q Exactive;AC=MS:1001911	NT=Lys-C;AC=MS:1001309	not available	0.01 Da	50 ppm	NT=Oxidation;MT=variable;TA=M;AC=UNIMOD:35	NT=Acetyl;AC=UNIMOD:1;PP=Protein N-term;MT=variable	NT=Carbamidomethyl;TA=C;MT=fixed;AC=UNIMOD:4	q01508.raw	cell	MDAMB231	bcd58b71c9f3ac3d9c43ad596b410a3b1d01abd8eaf382dbe93f3db3945b61ff	SAMEA7713380
PXD008222-Sample 1	Homo sapiens	breast	adult	epithelial	Caucasian	51Y	female	breast carcinoma	1	MDAMB231	not available	run 3	AC=MS:1002038;NT=label free sample	not available	3	ftp://ftp.pride.ebi.ac.uk/pride/data/archive/2017/12/PXD008222/q01509.raw	NT=Q Exactive;AC=MS:1001911	NT=Lys-C;AC=MS:1001309	not available	0.01 Da	50 ppm	NT=Oxidation;MT=variable;TA=M;AC=UNIMOD:35	NT=Acetyl;AC=UNIMOD:1;PP=Protein N-term;MT=variable	NT=Carbamidomethyl;TA=C;MT=fixed;AC=UNIMOD:4	q01509.raw	cell	MDAMB231	bcd58b71c9f3ac3d9c43ad596b410a3b1d01abd8eaf382dbe93f3db3945b61ff	SAMEA7713380
PXD008222-Sample 1	Homo sapiens	breast	adult	epithelial	Caucasian	51Y	female	breast carcinoma	1	MDAMB231	not available	run 4	AC=MS:1002038;NT=label free sample	not available	4	ftp://ftp.pride.ebi.ac.uk/pride/data/archive/2017/12/PXD008222/q01510.raw	NT=Q Exactive;AC=MS:1001911	NT=Lys-C;AC=MS:1001309	not available	0.01 Da	50 ppm	NT=Oxidation;MT=variable;TA=M;AC=UNIMOD:35	NT=Acetyl;AC=UNIMOD:1;PP=Protein N-term;MT=variable	NT=Carbamidomethyl;TA=C;MT=fixed;AC=UNIMOD:4	q01510.raw	cell	MDAMB231	bcd58b71c9f3ac3d9c43ad596b410a3b1d01abd8eaf382dbe93f3db3945b61ff	SAMEA7713380
PXD008222-Sample 1	Homo sapiens	breast	adult	epithelial	Caucasian	51Y	female	breast carcinoma	1	MDAMB231	not available	run 5	AC=MS:1002038;NT=label free sample	not available	5	ftp://ftp.pride.ebi.ac.uk/pride/data/archive/2017/12/PXD008222/q01511.raw	NT=Q Exactive;AC=MS:1001911	NT=Lys-C;AC=MS:1001309	not available	0.01 Da	50 ppm	NT=Oxidation;MT=variable;TA=M;AC=UNIMOD:35	NT=Acetyl;AC=UNIMOD:1;PP=Protein N-term;MT=variable	NT=Carbamidomethyl;TA=C;MT=fixed;AC=UNIMOD:4	q01511.raw	cell	MDAMB231	bcd58b71c9f3ac3d9c43ad596b410a3b1d01abd8eaf382dbe93f3db3945b61ff	SAMEA7713380
PXD008222-Sample 2	Homo sapiens	breast	adult	epithelial	Caucasian	48Y	female	breast carcinoma	1	MDAMB453	not available	run 6	AC=MS:1002038;NT=label free sample	1	1	ftp://ftp.pride.ebi.ac.uk/pride/data/archive/2017/12/PXD008222/q01515.raw	NT=Q Exactive;AC=MS:1001911	NT=Lys-C;AC=MS:1001309	not available	0.01 Da	50 ppm	NT=Oxidation;MT=variable;TA=M;AC=UNIMOD:35	NT=Acetyl;AC=UNIMOD:1;PP=Protein N-term;MT=variable	NT=Carbamidomethyl;TA=C;MT=fixed;AC=UNIMOD:4	q01515.raw	cell	MDAMB453	3177a54183002dbea53d11e476f7ae4970507699a74704e39830875c7b08b704	SAMEA7713381
PXD008222-Sample 2	Homo sapiens	breast	adult	epithelial	Caucasian	48Y	female	breast carcinoma	1	MDAMB453	not available	run 7	AC=MS:1002038;NT=label free sample	1	2	ftp://ftp.pride.ebi.ac.uk/pride/data/archive/2017/12/PXD008222/q01516.raw	NT=Q Exactive;AC=MS:1001911	NT=Lys-C;AC=MS:1001309	not available	0.01 Da	50 ppm	NT=Oxidation;MT=variable;TA=M;AC=UNIMOD:35	NT=Acetyl;AC=UNIMOD:1;PP=Protein N-term;MT=variable	NT=Carbamidomethyl;TA=C;MT=fixed;AC=UNIMOD:4	q01516.raw	cell	MDAMB453	3177a54183002dbea53d11e476f7ae4970507699a74704e39830875c7b08b704	SAMEA7713381
PXD008222-Sample 2	Homo sapiens	breast	adult	epithelial	Caucasian	48Y	female	breast carcinoma	1	MDAMB453	not available	run 8	AC=MS:1002038;NT=label free sample	1	3	ftp://ftp.pride.ebi.ac.uk/pride/data/archive/2017/12/PXD008222/q01517.raw	NT=Q Exactive;AC=MS:1001911	NT=Lys-C;AC=MS:1001309	not available	0.01 Da	50 ppm	NT=Oxidation;MT=variable;TA=M;AC=UNIMOD:35	NT=Acetyl;AC=UNIMOD:1;PP=Protein N-term;MT=variable	NT=Carbamidomethyl;TA=C;MT=fixed;AC=UNIMOD:4	q01517.raw	cell	MDAMB453	3177a54183002dbea53d11e476f7ae4970507699a74704e39830875c7b08b704	SAMEA7713381
PXD008222-Sample 2	Homo sapiens	breast	adult	epithelial	Caucasian	48Y	female	breast carcinoma	1	MDAMB453	not available	run 9	AC=MS:1002038;NT=label free sample	1	4	ftp://ftp.pride.ebi.ac.uk/pride/data/archive/2017/12/PXD008222/q01518.raw	NT=Q Exactive;AC=MS:1001911	NT=Lys-C;AC=MS:1001309	not available	0.01 Da	50 ppm	NT=Oxidation;MT=variable;TA=M;AC=UNIMOD:35	NT=Acetyl;AC=UNIMOD:1;PP=Protein N-term;MT=variable	NT=Carbamidomethyl;TA=C;MT=fixed;AC=UNIMOD:4	q01518.raw	cell	MDAMB453	3177a54183002dbea53d11e476f7ae4970507699a74704e39830875c7b08b704	SAMEA7713381
PXD008222-Sample 2	Homo sapiens	breast	adult	epithelial	Caucasian	48Y	female	breast carcinoma	1	MDAMB453	not available	run 10	AC=MS:1002038;NT=label free sample	1	5	ftp://ftp.pride.ebi.ac.uk/pride/data/archive/2017/12/PXD008222/q01519.raw	NT=Q Exactive;AC=MS:1001911	NT=Lys-C;AC=MS:1001309	not available	0.01 Da	50 ppm	NT=Oxidation;MT=variable;TA=M;AC=UNIMOD:35	NT=Acetyl;AC=UNIMOD:1;PP=Protein N-term;MT=variable	NT=Carbamidomethyl;TA=C;MT=fixed;AC=UNIMOD:4	q01519.raw	cell	MDAMB453	3177a54183002dbea53d11e476f7ae4970507699a74704e39830875c7b08b704	SAMEA7713381
PXD008222-Sample 3	Homo sapiens	breast	adult	epithelial	Black	51Y	female	breast carcinoma	1	MDAMB468	not available	run 11	AC=MS:1002038;NT=label free sample	not available	1	ftp://ftp.pride.ebi.ac.uk/pride/data/archive/2017/12/PXD008222/q01531.raw	NT=Q Exactive;AC=MS:1001911	NT=Lys-C;AC=MS:1001309	not available	0.01 Da	50 ppm	NT=Oxidation;MT=variable;TA=M;AC=UNIMOD:35	NT=Acetyl;AC=UNIMOD:1;PP=Protein N-term;MT=variable	NT=Carbamidomethyl;TA=C;MT=fixed;AC=UNIMOD:4	q01531.raw	cell	MDAMB468	9effa9ba4e95da8c4a86da6ddd1acf1865422251d371736b1a30aefd121e03cc	SAMEA7713382
PXD008222-Sample 3	Homo sapiens	breast	adult	epithelial	Black	51Y	female	breast carcinoma	1	MDAMB468	not available	run 12	AC=MS:1002038;NT=label free sample	not available	2	ftp://ftp.pride.ebi.ac.uk/pride/data/archive/2017/12/PXD008222/q01532.raw	NT=Q Exactive;AC=MS:1001911	NT=Lys-C;AC=MS:1001309	not available	0.01 Da	50 ppm	NT=Oxidation;MT=variable;TA=M;AC=UNIMOD:35	NT=Acetyl;AC=UNIMOD:1;PP=Protein N-term;MT=variable	NT=Carbamidomethyl;TA=C;MT=fixed;AC=UNIMOD:4	q01532.raw	cell	MDAMB468	9effa9ba4e95da8c4a86da6ddd1acf1865422251d371736b1a30aefd121e03cc	SAMEA7713382
PXD008222-Sample 3	Homo sapiens	breast	adult	epithelial	Black	51Y	female	breast carcinoma	1	MDAMB468	not available	run 13	AC=MS:1002038;NT=label free sample	not available	3	ftp://ftp.pride.ebi.ac.uk/pride/data/archive/2017/12/PXD008222/q01533.raw	NT=Q Exactive;AC=MS:1001911	NT=Lys-C;AC=MS:1001309	not available	0.01 Da	50 ppm	NT=Oxidation;MT=variable;TA=M;AC=UNIMOD:35	NT=Acetyl;AC=UNIMOD:1;PP=Protein N-term;MT=variable	NT=Carbamidomethyl;TA=C;MT=fixed;AC=UNIMOD:4	q01533.raw	cell	MDAMB468	9effa9ba4e95da8c4a86da6ddd1acf1865422251d371736b1a30aefd121e03cc	SAMEA7713382
PXD008222-Sample 3	Homo sapiens	breast	adult	epithelial	Black	51Y	female	breast carcinoma	1	MDAMB468	not available	run 14	AC=MS:1002038;NT=label free sample	not available	4	ftp://ftp.pride.ebi.ac.uk/pride/data/archive/2017/12/PXD008222/q01534.raw	NT=Q Exactive;AC=MS:1001911	NT=Lys-C;AC=MS:1001309	not available	0.01 Da	50 ppm	NT=Oxidation;MT=variable;TA=M;AC=UNIMOD:35	NT=Acetyl;AC=UNIMOD:1;PP=Protein N-term;MT=variable	NT=Carbamidomethyl;TA=C;MT=fixed;AC=UNIMOD:4	q01534.raw	cell	MDAMB468	9effa9ba4e95da8c4a86da6ddd1acf1865422251d371736b1a30aefd121e03cc	SAMEA7713382
PXD008222-Sample 3	Homo sapiens	breast	adult	epithelial	Black	51Y	female	breast carcinoma	1	MDAMB468	not available	run 15	AC=MS:1002038;NT=label free sample	not available	5	ftp://ftp.pride.ebi.ac.uk/pride/data/archive/2017/12/PXD008222/q01535.raw	NT=Q Exactive;AC=MS:1001911	NT=Lys-C;AC=MS:1001309	not available	0.01 Da	50 ppm	NT=Oxidation;MT=variable;TA=M;AC=UNIMOD:35	NT=Acetyl;AC=UNIMOD:1;PP=Protein N-term;MT=variable	NT=Carbamidomethyl;TA=C;MT=fixed;AC=UNIMOD:4	q01535.raw	cell	MDAMB468	9effa9ba4e95da8c4a86da6ddd1acf1865422251d371736b1a30aefd121e03cc	SAMEA7713382
PXD008222-Sample 4	Homo sapiens	breast	adult	epithelial	Caucasian	36Y	female	fibrocystic disease	1	MCF10A	not available	run 16	AC=MS:1002038;NT=label free sample	not available	1	ftp://ftp.pride.ebi.ac.uk/pride/data/archive/2017/12/PXD008222/q01538.raw	NT=Q Exactive;AC=MS:1001911	NT=Lys-C;AC=MS:1001309	not available	0.01 Da	50 ppm	NT=Oxidation;MT=variable;TA=M;AC=UNIMOD:35	NT=Acetyl;AC=UNIMOD:1;PP=Protein N-term;MT=variable	NT=Carbamidomethyl;TA=C;MT=fixed;AC=UNIMOD:4	q01538.raw	cell	MCF10A	87736094b13f8a0292ca361495fc6aba7bac5a29fbb54527576d0c443e69fa26	SAMEA7713383
PXD008222-Sample 4	Homo sapiens	breast	adult	epithelial	Caucasian	36Y	female	fibrocystic disease	1	MCF10A	not available	run 17	AC=MS:1002038;NT=label free sample	not available	2	ftp://ftp.pride.ebi.ac.uk/pride/data/archive/2017/12/PXD008222/q01551.raw	NT=Q Exactive;AC=MS:1001911	NT=Lys-C;AC=MS:1001309	not available	0.01 Da	50 ppm	NT=Oxidation;MT=variable;TA=M;AC=UNIMOD:35	NT=Acetyl;AC=UNIMOD:1;PP=Protein N-term;MT=variable	NT=Carbamidomethyl;TA=C;MT=fixed;AC=UNIMOD:4	q01551.raw	cell	MCF10A	87736094b13f8a0292ca361495fc6aba7bac5a29fbb54527576d0c443e69fa26	SAMEA7713383
PXD008222-Sample 4	Homo sapiens	breast	adult	epithelial	Caucasian	36Y	female	fibrocystic disease	1	MCF10A	not available	run 18	AC=MS:1002038;NT=label free sample	not available	3	ftp://ftp.pride.ebi.ac.uk/pride/data/archive/2017/12/PXD008222/q01552.raw	NT=Q Exactive;AC=MS:1001911	NT=Lys-C;AC=MS:1001309	not available	0.01 Da	50 ppm	NT=Oxidation;MT=variable;TA=M;AC=UNIMOD:35	NT=Acetyl;AC=UNIMOD:1;PP=Protein N-term;MT=variable	NT=Carbamidomethyl;TA=C;MT=fixed;AC=UNIMOD:4	q01552.raw	cell	MCF10A	87736094b13f8a0292ca361495fc6aba7bac5a29fbb54527576d0c443e69fa26	SAMEA7713383
PXD008222-Sample 4	Homo sapiens	breast	adult	epithelial	Caucasian	36Y	female	fibrocystic disease	1	MCF10A	not available	run 19	AC=MS:1002038;NT=label free sample	not available	4	ftp://ftp.pride.ebi.ac.uk/pride/data/archive/2017/12/PXD008222/q01553.raw	NT=Q Exactive;AC=MS:1001911	NT=Lys-C;AC=MS:1001309	not available	0.01 Da	50 ppm	NT=Oxidation;MT=variable;TA=M;AC=UNIMOD:35	NT=Acetyl;AC=UNIMOD:1;PP=Protein N-term;MT=variable	NT=Carbamidomethyl;TA=C;MT=fixed;AC=UNIMOD:4	q01553.raw	cell	MCF10A	87736094b13f8a0292ca361495fc6aba7bac5a29fbb54527576d0c443e69fa26	SAMEA7713383
PXD008222-Sample 4	Homo sapiens	breast	adult	epithelial	Caucasian	36Y	female	fibrocystic disease	1	MCF10A	not available	run 20	AC=MS:1002038;NT=label free sample	not available	5	ftp://ftp.pride.ebi.ac.uk/pride/data/archive/2017/12/PXD008222/q01554.raw	NT=Q Exactive;AC=MS:1001911	NT=Lys-C;AC=MS:1001309	not available	0.01 Da	50 ppm	NT=Oxidation;MT=variable;TA=M;AC=UNIMOD:35	NT=Acetyl;AC=UNIMOD:1;PP=Protein N-term;MT=variable	NT=Carbamidomethyl;TA=C;MT=fixed;AC=UNIMOD:4	q01554.raw	cell	MCF10A	87736094b13f8a0292ca361495fc6aba7bac5a29fbb54527576d0c443e69fa26	SAMEA7713383
PXD008222-Sample 5	Homo sapiens	breast	adult	epithelial	Caucasian	51Y	female	breast carcinoma	1	MDAMB231	not available	run 21	AC=MS:1002038;NT=label free sample	1	1	ftp://ftp.pride.ebi.ac.uk/pride/data/archive/2017/12/PXD008222/q01556.raw	NT=Q Exactive;AC=MS:1001911	NT=Trypsin;AC=MS:1001251	not available	0.01 Da	50 ppm	NT=Oxidation;MT=variable;TA=M;AC=UNIMOD:35	NT=Acetyl;AC=UNIMOD:1;PP=Protein N-term;MT=variable	NT=Carbamidomethyl;TA=C;MT=fixed;AC=UNIMOD:4	q01556.raw	cell	MDAMB231	06c689e570556a9221cf8ffcea7b6a514741fee6791c3aefa539c49493373bf0	SAMEA7713384
PXD008222-Sample 5	Homo sapiens	breast	adult	epithelial	Caucasian	51Y	female	breast carcinoma	1	MDAMB231	not available	run 22	AC=MS:1002038;NT=label free sample	1	2	ftp://ftp.pride.ebi.ac.uk/pride/data/archive/2017/12/PXD008222/q01557.raw	NT=Q Exactive;AC=MS:1001911	NT=Trypsin;AC=MS:1001251	not available	0.01 Da	50 ppm	NT=Oxidation;MT=variable;TA=M;AC=UNIMOD:35	NT=Acetyl;AC=UNIMOD:1;PP=Protein N-term;MT=variable	NT=Carbamidomethyl;TA=C;MT=fixed;AC=UNIMOD:4	q01557.raw	cell	MDAMB231	06c689e570556a9221cf8ffcea7b6a514741fee6791c3aefa539c49493373bf0	SAMEA7713384
PXD008222-Sample 5	Homo sapiens	breast	adult	epithelial	Caucasian	51Y	female	breast carcinoma	1	MDAMB231	not available	run 23	AC=MS:1002038;NT=label free sample	1	3	ftp://ftp.pride.ebi.ac.uk/pride/data/archive/2017/12/PXD008222/q01558.raw	NT=Q Exactive;AC=MS:1001911	NT=Trypsin;AC=MS:1001251	not available	0.01 Da	50 ppm	NT=Oxidation;MT=variable;TA=M;AC=UNIMOD:35	NT=Acetyl;AC=UNIMOD:1;PP=Protein N-term;MT=variable	NT=Carbamidomethyl;TA=C;MT=fixed;AC=UNIMOD:4	q01558.raw	cell	MDAMB231	06c689e570556a9221cf8ffcea7b6a514741fee6791c3aefa539c49493373bf0	SAMEA7713384
PXD008222-Sample 5	Homo sapiens	breast	adult	epithelial	Caucasian	51Y	female	breast carcinoma	1	MDAMB231	not available	run 24	AC=MS:1002038;NT=label free sample	1	4	ftp://ftp.pride.ebi.ac.uk/pride/data/archive/2017/12/PXD008222/q01559.raw	NT=Q Exactive;AC=MS:1001911	NT=Trypsin;AC=MS:1001251	not available	0.01 Da	50 ppm	NT=Oxidation;MT=variable;TA=M;AC=UNIMOD:35	NT=Acetyl;AC=UNIMOD:1;PP=Protein N-term;MT=variable	NT=Carbamidomethyl;TA=C;MT=fixed;AC=UNIMOD:4	q01559.raw	cell	MDAMB231	06c689e570556a9221cf8ffcea7b6a514741fee6791c3aefa539c49493373bf0	SAMEA7713384
PXD008222-Sample 5	Homo sapiens	breast	adult	epithelial	Caucasian	51Y	female	breast carcinoma	1	MDAMB231	not available	run 25	AC=MS:1002038;NT=label free sample	1	5	ftp://ftp.pride.ebi.ac.uk/pride/data/archive/2017/12/PXD008222/q01560.raw	NT=Q Exactive;AC=MS:1001911	NT=Trypsin;AC=MS:1001251	not available	0.01 Da	50 ppm	NT=Oxidation;MT=variable;TA=M;AC=UNIMOD:35	NT=Acetyl;AC=UNIMOD:1;PP=Protein N-term;MT=variable	NT=Carbamidomethyl;TA=C;MT=fixed;AC=UNIMOD:4	q01560.raw	cell	MDAMB231	06c689e570556a9221cf8ffcea7b6a514741fee6791c3aefa539c49493373bf0	SAMEA7713384
PXD008222-Sample 6	Homo sapiens	breast	adult	epithelial	Caucasian	48Y	female	metastatic carcinoma	1	MDAMB453	not available	run 26	AC=MS:1002038;NT=label free sample	1	1	ftp://ftp.pride.ebi.ac.uk/pride/data/archive/2017/12/PXD008222/q01566.raw	NT=Q Exactive;AC=MS:1001911	NT=Trypsin;AC=MS:1001251	not available	0.01 Da	50 ppm	NT=Oxidation;MT=variable;TA=M;AC=UNIMOD:35	NT=Acetyl;AC=UNIMOD:1;PP=Protein N-term;MT=variable	NT=Carbamidomethyl;TA=C;MT=fixed;AC=UNIMOD:4	q01566.raw	cell	MDAMB453	7f4f4e1883eb787f6c90348b6dde1e07f0a288acb2147de9965553554e9730f6	SAMEA7713385
PXD008222-Sample 6	Homo sapiens	breast	adult	epithelial	Caucasian	48Y	female	metastatic carcinoma	1	MDAMB453	not available	run 27	AC=MS:1002038;NT=label free sample	1	2	ftp://ftp.pride.ebi.ac.uk/pride/data/archive/2017/12/PXD008222/q01567.raw	NT=Q Exactive;AC=MS:1001911	NT=Trypsin;AC=MS:1001251	not available	0.01 Da	50 ppm	NT=Oxidation;MT=variable;TA=M;AC=UNIMOD:35	NT=Acetyl;AC=UNIMOD:1;PP=Protein N-term;MT=variable	NT=Carbamidomethyl;TA=C;MT=fixed;AC=UNIMOD:4	q01567.raw	cell	MDAMB453	7f4f4e1883eb787f6c90348b6dde1e07f0a288acb2147de9965553554e9730f6	SAMEA7713385
PXD008222-Sample 6	Homo sapiens	breast	adult	epithelial	Caucasian	48Y	female	metastatic carcinoma	1	MDAMB453	not available	run 28	AC=MS:1002038;NT=label free sample	1	3	ftp://ftp.pride.ebi.ac.uk/pride/data/archive/2017/12/PXD008222/q01568.raw	NT=Q Exactive;AC=MS:1001911	NT=Trypsin;AC=MS:1001251	not available	0.01 Da	50 ppm	NT=Oxidation;MT=variable;TA=M;AC=UNIMOD:35	NT=Acetyl;AC=UNIMOD:1;PP=Protein N-term;MT=variable	NT=Carbamidomethyl;TA=C;MT=fixed;AC=UNIMOD:4	q01568.raw	cell	MDAMB453	7f4f4e1883eb787f6c90348b6dde1e07f0a288acb2147de9965553554e9730f6	SAMEA7713385
PXD008222-Sample 6	Homo sapiens	breast	adult	epithelial	Caucasian	48Y	female	metastatic carcinoma	1	MDAMB453	not available	run 29	AC=MS:1002038;NT=label free sample	1	4	ftp://ftp.pride.ebi.ac.uk/pride/data/archive/2017/12/PXD008222/q01569.raw	NT=Q Exactive;AC=MS:1001911	NT=Trypsin;AC=MS:1001251	not available	0.01 Da	50 ppm	NT=Oxidation;MT=variable;TA=M;AC=UNIMOD:35	NT=Acetyl;AC=UNIMOD:1;PP=Protein N-term;MT=variable	NT=Carbamidomethyl;TA=C;MT=fixed;AC=UNIMOD:4	q01569.raw	cell	MDAMB453	7f4f4e1883eb787f6c90348b6dde1e07f0a288acb2147de9965553554e9730f6	SAMEA7713385
PXD008222-Sample 6	Homo sapiens	breast	adult	epithelial	Caucasian	48Y	female	metastatic carcinoma	1	MDAMB453	not available	run 30	AC=MS:1002038;NT=label free sample	1	5	ftp://ftp.pride.ebi.ac.uk/pride/data/archive/2017/12/PXD008222/q01570.raw	NT=Q Exactive;AC=MS:1001911	NT=Trypsin;AC=MS:1001251	not available	0.01 Da	50 ppm	NT=Oxidation;MT=variable;TA=M;AC=UNIMOD:35	NT=Acetyl;AC=UNIMOD:1;PP=Protein N-term;MT=variable	NT=Carbamidomethyl;TA=C;MT=fixed;AC=UNIMOD:4	q01570.raw	cell	MDAMB453	7f4f4e1883eb787f6c90348b6dde1e07f0a288acb2147de9965553554e9730f6	SAMEA7713385
PXD008222-Sample 7	Homo sapiens	breast	adult	epithelial	Black	51Y	female	breast carcinoma	1	MDAMB468	not available	run 31	AC=MS:1002038;NT=label free sample	not available	1	ftp://ftp.pride.ebi.ac.uk/pride/data/archive/2017/12/PXD008222/q01609.raw	NT=Q Exactive;AC=MS:1001911	NT=Trypsin;AC=MS:1001251	not available	0.01 Da	50 ppm	NT=Oxidation;MT=variable;TA=M;AC=UNIMOD:35	NT=Acetyl;AC=UNIMOD:1;PP=Protein N-term;MT=variable	NT=Carbamidomethyl;TA=C;MT=fixed;AC=UNIMOD:4	q01609.raw	cell	MDAMB468	04cbb4cf3efa340c507f4848bc01e7fb093d7e06f6b283a72138442ef54701e8	SAMEA7713386
PXD008222-Sample 7	Homo sapiens	breast	adult	epithelial	Black	51Y	female	breast carcinoma	1	MDAMB468	not available	run 32	AC=MS:1002038;NT=label free sample	not available	2	ftp://ftp.pride.ebi.ac.uk/pride/data/archive/2017/12/PXD008222/q01610.raw	NT=Q Exactive;AC=MS:1001911	NT=Trypsin;AC=MS:1001251	not available	0.01 Da	50 ppm	NT=Oxidation;MT=variable;TA=M;AC=UNIMOD:35	NT=Acetyl;AC=UNIMOD:1;PP=Protein N-term;MT=variable	NT=Carbamidomethyl;TA=C;MT=fixed;AC=UNIMOD:4	q01610.raw	cell	MDAMB468	04cbb4cf3efa340c507f4848bc01e7fb093d7e06f6b283a72138442ef54701e8	SAMEA7713386
PXD008222-Sample 7	Homo sapiens	breast	adult	epithelial	Black	51Y	female	breast carcinoma	1	MDAMB468	not available	run 33	AC=MS:1002038;NT=label free sample	not available	3	ftp://ftp.pride.ebi.ac.uk/pride/data/archive/2017/12/PXD008222/q01611.raw	NT=Q Exactive;AC=MS:1001911	NT=Trypsin;AC=MS:1001251	not available	0.01 Da	50 ppm	NT=Oxidation;MT=variable;TA=M;AC=UNIMOD:35	NT=Acetyl;AC=UNIMOD:1;PP=Protein N-term;MT=variable	NT=Carbamidomethyl;TA=C;MT=fixed;AC=UNIMOD:4	q01611.raw	cell	MDAMB468	04cbb4cf3efa340c507f4848bc01e7fb093d7e06f6b283a72138442ef54701e8	SAMEA7713386
PXD008222-Sample 7	Homo sapiens	breast	adult	epithelial	Black	51Y	female	breast carcinoma	1	MDAMB468	not available	run 34	AC=MS:1002038;NT=label free sample	not available	4	ftp://ftp.pride.ebi.ac.uk/pride/data/archive/2017/12/PXD008222/q01612.raw	NT=Q Exactive;AC=MS:1001911	NT=Trypsin;AC=MS:1001251	not available	0.01 Da	50 ppm	NT=Oxidation;MT=variable;TA=M;AC=UNIMOD:35	NT=Acetyl;AC=UNIMOD:1;PP=Protein N-term;MT=variable	NT=Carbamidomethyl;TA=C;MT=fixed;AC=UNIMOD:4	q01612.raw	cell	MDAMB468	04cbb4cf3efa340c507f4848bc01e7fb093d7e06f6b283a72138442ef54701e8	SAMEA7713386
PXD008222-Sample 7	Homo sapiens	breast	adult	epithelial	Black	51Y	female	breast carcinoma	1	MDAMB468	not available	run 35	AC=MS:1002038;NT=label free sample	not available	5	ftp://ftp.pride.ebi.ac.uk/pride/data/archive/2017/12/PXD008222/q01613.raw	NT=Q Exactive;AC=MS:1001911	NT=Trypsin;AC=MS:1001251	not available	0.01 Da	50 ppm	NT=Oxidation;MT=variable;TA=M;AC=UNIMOD:35	NT=Acetyl;AC=UNIMOD:1;PP=Protein N-term;MT=variable	NT=Carbamidomethyl;TA=C;MT=fixed;AC=UNIMOD:4	q01613.raw	cell	MDAMB468	04cbb4cf3efa340c507f4848bc01e7fb093d7e06f6b283a72138442ef54701e8	SAMEA7713386
PXD008222-Sample 8	Homo sapiens	breast	adult	epithelial	Caucasian	36Y	female	fibrocystic disease	1	MCF10A	not available	run 36	AC=MS:1002038;NT=label free sample	not available	1	ftp://ftp.pride.ebi.ac.uk/pride/data/archive/2017/12/PXD008222/q01615.raw	NT=Q Exactive;AC=MS:1001911	NT=Trypsin;AC=MS:1001251	not available	0.01 Da	50 ppm	NT=Oxidation;MT=variable;TA=M;AC=UNIMOD:35	NT=Acetyl;AC=UNIMOD:1;PP=Protein N-term;MT=variable	NT=Carbamidomethyl;TA=C;MT=fixed;AC=UNIMOD:4	q01615.raw	cell	MCF10A	95789c1e41cd0fb83b53dc1c33290c14678fe9c7168288eee9d8232c9ef4ccc4	SAMEA7713387
PXD008222-Sample 8	Homo sapiens	breast	adult	epithelial	Caucasian	36Y	female	fibrocystic disease	1	MCF10A	not available	run 37	AC=MS:1002038;NT=label free sample	not available	2	ftp://ftp.pride.ebi.ac.uk/pride/data/archive/2017/12/PXD008222/q01616.raw	NT=Q Exactive;AC=MS:1001911	NT=Trypsin;AC=MS:1001251	not available	0.01 Da	50 ppm	NT=Oxidation;MT=variable;TA=M;AC=UNIMOD:35	NT=Acetyl;AC=UNIMOD:1;PP=Protein N-term;MT=variable	NT=Carbamidomethyl;TA=C;MT=fixed;AC=UNIMOD:4	q01616.raw	cell	MCF10A	95789c1e41cd0fb83b53dc1c33290c14678fe9c7168288eee9d8232c9ef4ccc4	SAMEA7713387
PXD008222-Sample 8	Homo sapiens	breast	adult	epithelial	Caucasian	36Y	female	fibrocystic disease	1	MCF10A	not available	run 38	AC=MS:1002038;NT=label free sample	not available	3	ftp://ftp.pride.ebi.ac.uk/pride/data/archive/2017/12/PXD008222/q01617.raw	NT=Q Exactive;AC=MS:1001911	NT=Trypsin;AC=MS:1001251	not available	0.01 Da	50 ppm	NT=Oxidation;MT=variable;TA=M;AC=UNIMOD:35	NT=Acetyl;AC=UNIMOD:1;PP=Protein N-term;MT=variable	NT=Carbamidomethyl;TA=C;MT=fixed;AC=UNIMOD:4	q01617.raw	cell	MCF10A	95789c1e41cd0fb83b53dc1c33290c14678fe9c7168288eee9d8232c9ef4ccc4	SAMEA7713387
PXD008222-Sample 8	Homo sapiens	breast	adult	epithelial	Caucasian	36Y	female	fibrocystic disease	1	MCF10A	not available	run 39	AC=MS:1002038;NT=label free sample	not available	4	ftp://ftp.pride.ebi.ac.uk/pride/data/archive/2017/12/PXD008222/q01618.raw	NT=Q Exactive;AC=MS:1001911	NT=Trypsin;AC=MS:1001251	not available	0.01 Da	50 ppm	NT=Oxidation;MT=variable;TA=M;AC=UNIMOD:35	NT=Acetyl;AC=UNIMOD:1;PP=Protein N-term;MT=variable	NT=Carbamidomethyl;TA=C;MT=fixed;AC=UNIMOD:4	q01618.raw	cell	MCF10A	95789c1e41cd0fb83b53dc1c33290c14678fe9c7168288eee9d8232c9ef4ccc4	SAMEA7713387
PXD008222-Sample 8	Homo sapiens	breast	adult	epithelial	Caucasian	36Y	female	fibrocystic disease	1	MCF10A	not available	run 40	AC=MS:1002038;NT=label free sample	not available	5	ftp://ftp.pride.ebi.ac.uk/pride/data/archive/2017/12/PXD008222/q01619.raw	NT=Q Exactive;AC=MS:1001911	NT=Trypsin;AC=MS:1001251	not available	0.01 Da	50 ppm	NT=Oxidation;MT=variable;TA=M;AC=UNIMOD:35	NT=Acetyl;AC=UNIMOD:1;PP=Protein N-term;MT=variable	NT=Carbamidomethyl;TA=C;MT=fixed;AC=UNIMOD:4	q01619.raw	cell	MCF10A	95789c1e41cd0fb83b53dc1c33290c14678fe9c7168288eee9d8232c9ef4ccc4	SAMEA7713387
PXD008222-Sample 6	Homo sapiens	breast	adult	epithelial	Caucasian	48Y	female	metastatic carcinoma	1	MDAMB453	not available	run 41	AC=MS:1002038;NT=label free sample	2	1	ftp://ftp.pride.ebi.ac.uk/pride/data/archive/2017/12/PXD008222/q01623.raw	NT=Q Exactive;AC=MS:1001911	NT=Trypsin;AC=MS:1001251	not available	0.01 Da	50 ppm	NT=Oxidation;MT=variable;TA=M;AC=UNIMOD:35	NT=Acetyl;AC=UNIMOD:1;PP=Protein N-term;MT=variable	NT=Carbamidomethyl;TA=C;MT=fixed;AC=UNIMOD:4	q01623.raw	cell	MDAMB453	7f4f4e1883eb787f6c90348b6dde1e07f0a288acb2147de9965553554e9730f6	SAMEA7713385
PXD008222-Sample 6	Homo sapiens	breast	adult	epithelial	Caucasian	48Y	female	metastatic carcinoma	1	MDAMB453	not available	run 42	AC=MS:1002038;NT=label free sample	2	2	ftp://ftp.pride.ebi.ac.uk/pride/data/archive/2017/12/PXD008222/q01624.raw	NT=Q Exactive;AC=MS:1001911	NT=Trypsin;AC=MS:1001251	not available	0.01 Da	50 ppm	NT=Oxidation;MT=variable;TA=M;AC=UNIMOD:35	NT=Acetyl;AC=UNIMOD:1;PP=Protein N-term;MT=variable	NT=Carbamidomethyl;TA=C;MT=fixed;AC=UNIMOD:4	q01624.raw	cell	MDAMB453	7f4f4e1883eb787f6c90348b6dde1e07f0a288acb2147de9965553554e9730f6	SAMEA7713385
PXD008222-Sample 6	Homo sapiens	breast	adult	epithelial	Caucasian	48Y	female	metastatic carcinoma	1	MDAMB453	not available	run 43	AC=MS:1002038;NT=label free sample	2	3	ftp://ftp.pride.ebi.ac.uk/pride/data/archive/2017/12/PXD008222/q01625.raw	NT=Q Exactive;AC=MS:1001911	NT=Trypsin;AC=MS:1001251	not available	0.01 Da	50 ppm	NT=Oxidation;MT=variable;TA=M;AC=UNIMOD:35	NT=Acetyl;AC=UNIMOD:1;PP=Protein N-term;MT=variable	NT=Carbamidomethyl;TA=C;MT=fixed;AC=UNIMOD:4	q01625.raw	cell	MDAMB453	7f4f4e1883eb787f6c90348b6dde1e07f0a288acb2147de9965553554e9730f6	SAMEA7713385
PXD008222-Sample 6	Homo sapiens	breast	adult	epithelial	Caucasian	48Y	female	metastatic carcinoma	1	MDAMB453	not available	run 44	AC=MS:1002038;NT=label free sample	2	4	ftp://ftp.pride.ebi.ac.uk/pride/data/archive/2017/12/PXD008222/q01626.raw	NT=Q Exactive;AC=MS:1001911	NT=Trypsin;AC=MS:1001251	not available	0.01 Da	50 ppm	NT=Oxidation;MT=variable;TA=M;AC=UNIMOD:35	NT=Acetyl;AC=UNIMOD:1;PP=Protein N-term;MT=variable	NT=Carbamidomethyl;TA=C;MT=fixed;AC=UNIMOD:4	q01626.raw	cell	MDAMB453	7f4f4e1883eb787f6c90348b6dde1e07f0a288acb2147de9965553554e9730f6	SAMEA7713385
PXD008222-Sample 6	Homo sapiens	breast	adult	epithelial	Caucasian	48Y	female	metastatic carcinoma	1	MDAMB453	not available	run 45	AC=MS:1002038;NT=label free sample	2	5	ftp://ftp.pride.ebi.ac.uk/pride/data/archive/2017/12/PXD008222/q01627.raw	NT=Q Exactive;AC=MS:1001911	NT=Trypsin;AC=MS:1001251	not available	0.01 Da	50 ppm	NT=Oxidation;MT=variable;TA=M;AC=UNIMOD:35	NT=Acetyl;AC=UNIMOD:1;PP=Protein N-term;MT=variable	NT=Carbamidomethyl;TA=C;MT=fixed;AC=UNIMOD:4	q01627.raw	cell	MDAMB453	7f4f4e1883eb787f6c90348b6dde1e07f0a288acb2147de9965553554e9730f6	SAMEA7713385
PXD008222-Sample 5	Homo sapiens	breast	adult	epithelial	Caucasian	51Y	female	breast carcinoma	1	MDAMB231	not available	run 46	AC=MS:1002038;NT=label free sample	2	1	ftp://ftp.pride.ebi.ac.uk/pride/data/archive/2017/12/PXD008222/q01637.raw	NT=Q Exactive;AC=MS:1001911	NT=Trypsin;AC=MS:1001251	not available	0.01 Da	50 ppm	NT=Oxidation;MT=variable;TA=M;AC=UNIMOD:35	NT=Acetyl;AC=UNIMOD:1;PP=Protein N-term;MT=variable	NT=Carbamidomethyl;TA=C;MT=fixed;AC=UNIMOD:4	q01637.raw	cell	MDAMB231	06c689e570556a9221cf8ffcea7b6a514741fee6791c3aefa539c49493373bf0	SAMEA7713384
PXD008222-Sample 5	Homo sapiens	breast	adult	epithelial	Caucasian	51Y	female	breast carcinoma	1	MDAMB231	not available	run 47	AC=MS:1002038;NT=label free sample	2	2	ftp://ftp.pride.ebi.ac.uk/pride/data/archive/2017/12/PXD008222/q01638.raw	NT=Q Exactive;AC=MS:1001911	NT=Trypsin;AC=MS:1001251	not available	0.01 Da	50 ppm	NT=Oxidation;MT=variable;TA=M;AC=UNIMOD:35	NT=Acetyl;AC=UNIMOD:1;PP=Protein N-term;MT=variable	NT=Carbamidomethyl;TA=C;MT=fixed;AC=UNIMOD:4	q01638.raw	cell	MDAMB231	06c689e570556a9221cf8ffcea7b6a514741fee6791c3aefa539c49493373bf0	SAMEA7713384
PXD008222-Sample 5	Homo sapiens	breast	adult	epithelial	Caucasian	51Y	female	breast carcinoma	1	MDAMB231	not available	run 48	AC=MS:1002038;NT=label free sample	2	3	ftp://ftp.pride.ebi.ac.uk/pride/data/archive/2017/12/PXD008222/q01639.raw	NT=Q Exactive;AC=MS:1001911	NT=Trypsin;AC=MS:1001251	not available	0.01 Da	50 ppm	NT=Oxidation;MT=variable;TA=M;AC=UNIMOD:35	NT=Acetyl;AC=UNIMOD:1;PP=Protein N-term;MT=variable	NT=Carbamidomethyl;TA=C;MT=fixed;AC=UNIMOD:4	q01639.raw	cell	MDAMB231	06c689e570556a9221cf8ffcea7b6a514741fee6791c3aefa539c49493373bf0	SAMEA7713384
PXD008222-Sample 5	Homo sapiens	breast	adult	epithelial	Caucasian	51Y	female	breast carcinoma	1	MDAMB231	not available	run 49	AC=MS:1002038;NT=label free sample	2	4	ftp://ftp.pride.ebi.ac.uk/pride/data/archive/2017/12/PXD008222/q01640.raw	NT=Q Exactive;AC=MS:1001911	NT=Trypsin;AC=MS:1001251	not available	0.01 Da	50 ppm	NT=Oxidation;MT=variable;TA=M;AC=UNIMOD:35	NT=Acetyl;AC=UNIMOD:1;PP=Protein N-term;MT=variable	NT=Carbamidomethyl;TA=C;MT=fixed;AC=UNIMOD:4	q01640.raw	cell	MDAMB231	06c689e570556a9221cf8ffcea7b6a514741fee6791c3aefa539c49493373bf0	SAMEA7713384
PXD008222-Sample 5	Homo sapiens	breast	adult	epithelial	Caucasian	51Y	female	breast carcinoma	1	MDAMB231	not available	run 50	AC=MS:1002038;NT=label free sample	2	5	ftp://ftp.pride.ebi.ac.uk/pride/data/archive/2017/12/PXD008222/q01641.raw	NT=Q Exactive;AC=MS:1001911	NT=Trypsin;AC=MS:1001251	not available	0.01 Da	50 ppm	NT=Oxidation;MT=variable;TA=M;AC=UNIMOD:35	NT=Acetyl;AC=UNIMOD:1;PP=Protein N-term;MT=variable	NT=Carbamidomethyl;TA=C;MT=fixed;AC=UNIMOD:4	q01641.raw	cell	MDAMB231	06c689e570556a9221cf8ffcea7b6a514741fee6791c3aefa539c49493373bf0	SAMEA7713384
PXD008222-Sample 2	Homo sapiens	breast	adult	epithelial	Caucasian	48Y	female	breast carcinoma	1	MDAMB453	not available	run 51	AC=MS:1002038;NT=label free sample	2	1	ftp://ftp.pride.ebi.ac.uk/pride/data/archive/2017/12/PXD008222/q01643.raw	NT=Q Exactive;AC=MS:1001911	NT=Lys-C;AC=MS:1001309	not available	0.01 Da	50 ppm	NT=Oxidation;MT=variable;TA=M;AC=UNIMOD:35	NT=Acetyl;AC=UNIMOD:1;PP=Protein N-term;MT=variable	NT=Carbamidomethyl;TA=C;MT=fixed;AC=UNIMOD:4	q01643.raw	cell	MDAMB453	3177a54183002dbea53d11e476f7ae4970507699a74704e39830875c7b08b704	SAMEA7713381
PXD008222-Sample 2	Homo sapiens	breast	adult	epithelial	Caucasian	48Y	female	breast carcinoma	1	MDAMB453	not available	run 52	AC=MS:1002038;NT=label free sample	2	2	ftp://ftp.pride.ebi.ac.uk/pride/data/archive/2017/12/PXD008222/q01644.raw	NT=Q Exactive;AC=MS:1001911	NT=Lys-C;AC=MS:1001309	not available	0.01 Da	50 ppm	NT=Oxidation;MT=variable;TA=M;AC=UNIMOD:35	NT=Acetyl;AC=UNIMOD:1;PP=Protein N-term;MT=variable	NT=Carbamidomethyl;TA=C;MT=fixed;AC=UNIMOD:4	q01644.raw	cell	MDAMB453	3177a54183002dbea53d11e476f7ae4970507699a74704e39830875c7b08b704	SAMEA7713381
PXD008222-Sample 2	Homo sapiens	breast	adult	epithelial	Caucasian	48Y	female	breast carcinoma	1	MDAMB453	not available	run 53	AC=MS:1002038;NT=label free sample	2	3	ftp://ftp.pride.ebi.ac.uk/pride/data/archive/2017/12/PXD008222/q01645.raw	NT=Q Exactive;AC=MS:1001911	NT=Lys-C;AC=MS:1001309	not available	0.01 Da	50 ppm	NT=Oxidation;MT=variable;TA=M;AC=UNIMOD:35	NT=Acetyl;AC=UNIMOD:1;PP=Protein N-term;MT=variable	NT=Carbamidomethyl;TA=C;MT=fixed;AC=UNIMOD:4	q01645.raw	cell	MDAMB453	3177a54183002dbea53d11e476f7ae4970507699a74704e39830875c7b08b704	SAMEA7713381
PXD008222-Sample 2	Homo sapiens	breast	adult	epithelial	Caucasian	48Y	female	breast carcinoma	1	MDAMB453	not available	run 54	AC=MS:1002038;NT=label free sample	2	4	ftp://ftp.pride.ebi.ac.uk/pride/data/archive/2017/12/PXD008222/q01646.raw	NT=Q Exactive;AC=MS:1001911	NT=Lys-C;AC=MS:1001309	not available	0.01 Da	50 ppm	NT=Oxidation;MT=variable;TA=M;AC=UNIMOD:35	NT=Acetyl;AC=UNIMOD:1;PP=Protein N-term;MT=variable	NT=Carbamidomethyl;TA=C;MT=fixed;AC=UNIMOD:4	q01646.raw	cell	MDAMB453	3177a54183002dbea53d11e476f7ae4970507699a74704e39830875c7b08b704	SAMEA7713381
PXD008222-Sample 2	Homo sapiens	breast	adult	epithelial	Caucasian	48Y	female	breast carcinoma	1	MDAMB453	not available	run 55	AC=MS:1002038;NT=label free sample	2	5	ftp://ftp.pride.ebi.ac.uk/pride/data/archive/2017/12/PXD008222/q01647.raw	NT=Q Exactive;AC=MS:1001911	NT=Lys-C;AC=MS:1001309	not available	0.01 Da	50 ppm	NT=Oxidation;MT=variable;TA=M;AC=UNIMOD:35	NT=Acetyl;AC=UNIMOD:1;PP=Protein N-term;MT=variable	NT=Carbamidomethyl;TA=C;MT=fixed;AC=UNIMOD:4	q01647.raw	cell	MDAMB453	3177a54183002dbea53d11e476f7ae4970507699a74704e39830875c7b08b704	SAMEA7713381
PXD008222-Sample 9	Homo sapiens	breast	adult	epithelial	Black	60Y	female	primary acantholytic squamous cell carcinoma	1	HCC1806	not available	run 56	AC=MS:1002038;NT=label free sample	not available	1	ftp://ftp.pride.ebi.ac.uk/pride/data/archive/2017/12/PXD008222/q01707.raw	NT=Q Exactive;AC=MS:1001911	NT=Lys-C;AC=MS:1001309	not available	0.01 Da	50 ppm	NT=Oxidation;MT=variable;TA=M;AC=UNIMOD:35	NT=Acetyl;AC=UNIMOD:1;PP=Protein N-term;MT=variable	NT=Carbamidomethyl;TA=C;MT=fixed;AC=UNIMOD:4	q01707.raw	cell	HCC1806	68d53d41795070f982966d7fe17e0d35bd46db909aea9298f1d46977ac33d537	SAMEA7713388
PXD008222-Sample 9	Homo sapiens	breast	adult	epithelial	Black	60Y	female	primary acantholytic squamous cell carcinoma	1	HCC1806	not available	run 57	AC=MS:1002038;NT=label free sample	not available	2	ftp://ftp.pride.ebi.ac.uk/pride/data/archive/2017/12/PXD008222/q01708.raw	NT=Q Exactive;AC=MS:1001911	NT=Lys-C;AC=MS:1001309	not available	0.01 Da	50 ppm	NT=Oxidation;MT=variable;TA=M;AC=UNIMOD:35	NT=Acetyl;AC=UNIMOD:1;PP=Protein N-term;MT=variable	NT=Carbamidomethyl;TA=C;MT=fixed;AC=UNIMOD:4	q01708.raw	cell	HCC1806	68d53d41795070f982966d7fe17e0d35bd46db909aea9298f1d46977ac33d537	SAMEA7713388
PXD008222-Sample 9	Homo sapiens	breast	adult	epithelial	Black	60Y	female	primary acantholytic squamous cell carcinoma	1	HCC1806	not available	run 58	AC=MS:1002038;NT=label free sample	not available	3	ftp://ftp.pride.ebi.ac.uk/pride/data/archive/2017/12/PXD008222/q01709.raw	NT=Q Exactive;AC=MS:1001911	NT=Lys-C;AC=MS:1001309	not available	0.01 Da	50 ppm	NT=Oxidation;MT=variable;TA=M;AC=UNIMOD:35	NT=Acetyl;AC=UNIMOD:1;PP=Protein N-term;MT=variable	NT=Carbamidomethyl;TA=C;MT=fixed;AC=UNIMOD:4	q01709.raw	cell	HCC1806	68d53d41795070f982966d7fe17e0d35bd46db909aea9298f1d46977ac33d537	SAMEA7713388
PXD008222-Sample 9	Homo sapiens	breast	adult	epithelial	Black	60Y	female	primary acantholytic squamous cell carcinoma	1	HCC1806	not available	run 59	AC=MS:1002038;NT=label free sample	not available	4	ftp://ftp.pride.ebi.ac.uk/pride/data/archive/2017/12/PXD008222/q01710.raw	NT=Q Exactive;AC=MS:1001911	NT=Lys-C;AC=MS:1001309	not available	0.01 Da	50 ppm	NT=Oxidation;MT=variable;TA=M;AC=UNIMOD:35	NT=Acetyl;AC=UNIMOD:1;PP=Protein N-term;MT=variable	NT=Carbamidomethyl;TA=C;MT=fixed;AC=UNIMOD:4	q01710.raw	cell	HCC1806	68d53d41795070f982966d7fe17e0d35bd46db909aea9298f1d46977ac33d537	SAMEA7713388
PXD008222-Sample 9	Homo sapiens	breast	adult	epithelial	Black	60Y	female	primary acantholytic squamous cell carcinoma	1	HCC1806	not available	run 60	AC=MS:1002038;NT=label free sample	not available	5	ftp://ftp.pride.ebi.ac.uk/pride/data/archive/2017/12/PXD008222/q01711.raw	NT=Q Exactive;AC=MS:1001911	NT=Lys-C;AC=MS:1001309	not available	0.01 Da	50 ppm	NT=Oxidation;MT=variable;TA=M;AC=UNIMOD:35	NT=Acetyl;AC=UNIMOD:1;PP=Protein N-term;MT=variable	NT=Carbamidomethyl;TA=C;MT=fixed;AC=UNIMOD:4	q01711.raw	cell	HCC1806	68d53d41795070f982966d7fe17e0d35bd46db909aea9298f1d46977ac33d537	SAMEA7713388
PXD008222-Sample 10	Homo sapiens	breast	adult	epithelial	Caucasian	70Y	female	breast carcinoma	1	DU4475	not available	run 61	AC=MS:1002038;NT=label free sample	not available	1	ftp://ftp.pride.ebi.ac.uk/pride/data/archive/2017/12/PXD008222/q01713.raw	NT=Q Exactive;AC=MS:1001911	NT=Lys-C;AC=MS:1001309	not available	0.01 Da	50 ppm	NT=Oxidation;MT=variable;TA=M;AC=UNIMOD:35	NT=Acetyl;AC=UNIMOD:1;PP=Protein N-term;MT=variable	NT=Carbamidomethyl;TA=C;MT=fixed;AC=UNIMOD:4	q01713.raw	cell	DU4475	949665657ded4c0c76c73b307567ea3c63f794a6f4a2cad7e4fcce984df2c1dc	SAMEA7713389
PXD008222-Sample 10	Homo sapiens	breast	adult	epithelial	Caucasian	70Y	female	breast carcinoma	1	DU4475	not available	run 62	AC=MS:1002038;NT=label free sample	not available	2	ftp://ftp.pride.ebi.ac.uk/pride/data/archive/2017/12/PXD008222/q01714.raw	NT=Q Exactive;AC=MS:1001911	NT=Lys-C;AC=MS:1001309	not available	0.01 Da	50 ppm	NT=Oxidation;MT=variable;TA=M;AC=UNIMOD:35	NT=Acetyl;AC=UNIMOD:1;PP=Protein N-term;MT=variable	NT=Carbamidomethyl;TA=C;MT=fixed;AC=UNIMOD:4	q01714.raw	cell	DU4475	949665657ded4c0c76c73b307567ea3c63f794a6f4a2cad7e4fcce984df2c1dc	SAMEA7713389
PXD008222-Sample 10	Homo sapiens	breast	adult	epithelial	Caucasian	70Y	female	breast carcinoma	1	DU4475	not available	run 63	AC=MS:1002038;NT=label free sample	not available	3	ftp://ftp.pride.ebi.ac.uk/pride/data/archive/2017/12/PXD008222/q01715.raw	NT=Q Exactive;AC=MS:1001911	NT=Lys-C;AC=MS:1001309	not available	0.01 Da	50 ppm	NT=Oxidation;MT=variable;TA=M;AC=UNIMOD:35	NT=Acetyl;AC=UNIMOD:1;PP=Protein N-term;MT=variable	NT=Carbamidomethyl;TA=C;MT=fixed;AC=UNIMOD:4	q01715.raw	cell	DU4475	949665657ded4c0c76c73b307567ea3c63f794a6f4a2cad7e4fcce984df2c1dc	SAMEA7713389
PXD008222-Sample 10	Homo sapiens	breast	adult	epithelial	Caucasian	70Y	female	breast carcinoma	1	DU4475	not available	run 64	AC=MS:1002038;NT=label free sample	not available	4	ftp://ftp.pride.ebi.ac.uk/pride/data/archive/2017/12/PXD008222/q01716.raw	NT=Q Exactive;AC=MS:1001911	NT=Lys-C;AC=MS:1001309	not available	0.01 Da	50 ppm	NT=Oxidation;MT=variable;TA=M;AC=UNIMOD:35	NT=Acetyl;AC=UNIMOD:1;PP=Protein N-term;MT=variable	NT=Carbamidomethyl;TA=C;MT=fixed;AC=UNIMOD:4	q01716.raw	cell	DU4475	949665657ded4c0c76c73b307567ea3c63f794a6f4a2cad7e4fcce984df2c1dc	SAMEA7713389
PXD008222-Sample 10	Homo sapiens	breast	adult	epithelial	Caucasian	70Y	female	breast carcinoma	1	DU4475	not available	run 65	AC=MS:1002038;NT=label free sample	not available	5	ftp://ftp.pride.ebi.ac.uk/pride/data/archive/2017/12/PXD008222/q01717.raw	NT=Q Exactive;AC=MS:1001911	NT=Lys-C;AC=MS:1001309	not available	0.01 Da	50 ppm	NT=Oxidation;MT=variable;TA=M;AC=UNIMOD:35	NT=Acetyl;AC=UNIMOD:1;PP=Protein N-term;MT=variable	NT=Carbamidomethyl;TA=C;MT=fixed;AC=UNIMOD:4	q01717.raw	cell	DU4475	949665657ded4c0c76c73b307567ea3c63f794a6f4a2cad7e4fcce984df2c1dc	SAMEA7713389
PXD008222-Sample 11	Homo sapiens	breast	adult	epithelial	Black	60Y	female	primary acantholytic squamous cell carcinoma	1	HCC1806	not available	run 66	AC=MS:1002038;NT=label free sample	not available	1	ftp://ftp.pride.ebi.ac.uk/pride/data/archive/2017/12/PXD008222/q01725.raw	NT=Q Exactive;AC=MS:1001911	NT=Trypsin;AC=MS:1001251	not available	0.01 Da	50 ppm	NT=Oxidation;MT=variable;TA=M;AC=UNIMOD:35	NT=Acetyl;AC=UNIMOD:1;PP=Protein N-term;MT=variable	NT=Carbamidomethyl;TA=C;MT=fixed;AC=UNIMOD:4	q01725.raw	cell	HCC1806	332a416aa46c17377259bc2de72322ee7756d450c2b607fee7db8a7272831d67	SAMEA7713390
PXD008222-Sample 11	Homo sapiens	breast	adult	epithelial	Black	60Y	female	primary acantholytic squamous cell carcinoma	1	HCC1806	not available	run 67	AC=MS:1002038;NT=label free sample	not available	2	ftp://ftp.pride.ebi.ac.uk/pride/data/archive/2017/12/PXD008222/q01726.raw	NT=Q Exactive;AC=MS:1001911	NT=Trypsin;AC=MS:1001251	not available	0.01 Da	50 ppm	NT=Oxidation;MT=variable;TA=M;AC=UNIMOD:35	NT=Acetyl;AC=UNIMOD:1;PP=Protein N-term;MT=variable	NT=Carbamidomethyl;TA=C;MT=fixed;AC=UNIMOD:4	q01726.raw	cell	HCC1806	332a416aa46c17377259bc2de72322ee7756d450c2b607fee7db8a7272831d67	SAMEA7713390
PXD008222-Sample 11	Homo sapiens	breast	adult	epithelial	Black	60Y	female	primary acantholytic squamous cell carcinoma	1	HCC1806	not available	run 68	AC=MS:1002038;NT=label free sample	not available	3	ftp://ftp.pride.ebi.ac.uk/pride/data/archive/2017/12/PXD008222/q01727.raw	NT=Q Exactive;AC=MS:1001911	NT=Trypsin;AC=MS:1001251	not available	0.01 Da	50 ppm	NT=Oxidation;MT=variable;TA=M;AC=UNIMOD:35	NT=Acetyl;AC=UNIMOD:1;PP=Protein N-term;MT=variable	NT=Carbamidomethyl;TA=C;MT=fixed;AC=UNIMOD:4	q01727.raw	cell	HCC1806	332a416aa46c17377259bc2de72322ee7756d450c2b607fee7db8a7272831d67	SAMEA7713390
PXD008222-Sample 11	Homo sapiens	breast	adult	epithelial	Black	60Y	female	primary acantholytic squamous cell carcinoma	1	HCC1806	not available	run 69	AC=MS:1002038;NT=label free sample	not available	4	ftp://ftp.pride.ebi.ac.uk/pride/data/archive/2017/12/PXD008222/q01728.raw	NT=Q Exactive;AC=MS:1001911	NT=Trypsin;AC=MS:1001251	not available	0.01 Da	50 ppm	NT=Oxidation;MT=variable;TA=M;AC=UNIMOD:35	NT=Acetyl;AC=UNIMOD:1;PP=Protein N-term;MT=variable	NT=Carbamidomethyl;TA=C;MT=fixed;AC=UNIMOD:4	q01728.raw	cell	HCC1806	332a416aa46c17377259bc2de72322ee7756d450c2b607fee7db8a7272831d67	SAMEA7713390
PXD008222-Sample 11	Homo sapiens	breast	adult	epithelial	Black	60Y	female	primary acantholytic squamous cell carcinoma	1	HCC1806	not available	run 70	AC=MS:1002038;NT=label free sample	not available	5	ftp://ftp.pride.ebi.ac.uk/pride/data/archive/2017/12/PXD008222/q01729.raw	NT=Q Exactive;AC=MS:1001911	NT=Trypsin;AC=MS:1001251	not available	0.01 Da	50 ppm	NT=Oxidation;MT=variable;TA=M;AC=UNIMOD:35	NT=Acetyl;AC=UNIMOD:1;PP=Protein N-term;MT=variable	NT=Carbamidomethyl;TA=C;MT=fixed;AC=UNIMOD:4	q01729.raw	cell	HCC1806	332a416aa46c17377259bc2de72322ee7756d450c2b607fee7db8a7272831d67	SAMEA7713390
PXD008222-Sample 12	Homo sapiens	breast	adult	epithelial	Caucasian	70Y	female	breast carcinoma	1	DU4475	not available	run 71	AC=MS:1002038;NT=label free sample	not available	1	ftp://ftp.pride.ebi.ac.uk/pride/data/archive/2017/12/PXD008222/q01733.raw	NT=Q Exactive;AC=MS:1001911	NT=Trypsin;AC=MS:1001251	not available	0.01 Da	50 ppm	NT=Oxidation;MT=variable;TA=M;AC=UNIMOD:35	NT=Acetyl;AC=UNIMOD:1;PP=Protein N-term;MT=variable	NT=Carbamidomethyl;TA=C;MT=fixed;AC=UNIMOD:4	q01733.raw	cell	DU4475	b7d1d35852c1377bdda1db58df6b6fd5a76c265316537b58fe94a4d1ecd3975f	SAMEA7713391
PXD008222-Sample 12	Homo sapiens	breast	adult	epithelial	Caucasian	70Y	female	breast carcinoma	1	DU4475	not available	run 72	AC=MS:1002038;NT=label free sample	not available	2	ftp://ftp.pride.ebi.ac.uk/pride/data/archive/2017/12/PXD008222/q01734.raw	NT=Q Exactive;AC=MS:1001911	NT=Trypsin;AC=MS:1001251	not available	0.01 Da	50 ppm	NT=Oxidation;MT=variable;TA=M;AC=UNIMOD:35	NT=Acetyl;AC=UNIMOD:1;PP=Protein N-term;MT=variable	NT=Carbamidomethyl;TA=C;MT=fixed;AC=UNIMOD:4	q01734.raw	cell	DU4475	b7d1d35852c1377bdda1db58df6b6fd5a76c265316537b58fe94a4d1ecd3975f	SAMEA7713391
PXD008222-Sample 12	Homo sapiens	breast	adult	epithelial	Caucasian	70Y	female	breast carcinoma	1	DU4475	not available	run 73	AC=MS:1002038;NT=label free sample	not available	3	ftp://ftp.pride.ebi.ac.uk/pride/data/archive/2017/12/PXD008222/q01735.raw	NT=Q Exactive;AC=MS:1001911	NT=Trypsin;AC=MS:1001251	not available	0.01 Da	50 ppm	NT=Oxidation;MT=variable;TA=M;AC=UNIMOD:35	NT=Acetyl;AC=UNIMOD:1;PP=Protein N-term;MT=variable	NT=Carbamidomethyl;TA=C;MT=fixed;AC=UNIMOD:4	q01735.raw	cell	DU4475	b7d1d35852c1377bdda1db58df6b6fd5a76c265316537b58fe94a4d1ecd3975f	SAMEA7713391
PXD008222-Sample 12	Homo sapiens	breast	adult	epithelial	Caucasian	70Y	female	breast carcinoma	1	DU4475	not available	run 74	AC=MS:1002038;NT=label free sample	not available	4	ftp://ftp.pride.ebi.ac.uk/pride/data/archive/2017/12/PXD008222/q01736.raw	NT=Q Exactive;AC=MS:1001911	NT=Trypsin;AC=MS:1001251	not available	0.01 Da	50 ppm	NT=Oxidation;MT=variable;TA=M;AC=UNIMOD:35	NT=Acetyl;AC=UNIMOD:1;PP=Protein N-term;MT=variable	NT=Carbamidomethyl;TA=C;MT=fixed;AC=UNIMOD:4	q01736.raw	cell	DU4475	b7d1d35852c1377bdda1db58df6b6fd5a76c265316537b58fe94a4d1ecd3975f	SAMEA7713391
PXD008222-Sample 12	Homo sapiens	breast	adult	epithelial	Caucasian	70Y	female	breast carcinoma	1	DU4475	not available	run 75	AC=MS:1002038;NT=label free sample	not available	5	ftp://ftp.pride.ebi.ac.uk/pride/data/archive/2017/12/PXD008222/q01737.raw	NT=Q Exactive;AC=MS:1001911	NT=Trypsin;AC=MS:1001251	not available	0.01 Da	50 ppm	NT=Oxidation;MT=variable;TA=M;AC=UNIMOD:35	NT=Acetyl;AC=UNIMOD:1;PP=Protein N-term;MT=variable	NT=Carbamidomethyl;TA=C;MT=fixed;AC=UNIMOD:4	q01737.raw	cell	DU4475	b7d1d35852c1377bdda1db58df6b6fd5a76c265316537b58fe94a4d1ecd3975f	SAMEA7713391
PXD008222-Sample 13	Homo sapiens	breast	adult	epithelial	Caucasian	52Y	female	primary ductal carcinoma	1	HCC1143	not available	run 76	AC=MS:1002038;NT=label free sample	not available	1	ftp://ftp.pride.ebi.ac.uk/pride/data/archive/2017/12/PXD008222/q02217.raw	NT=Q Exactive;AC=MS:1001911	NT=Lys-C;AC=MS:1001309	not available	0.01 Da	50 ppm	NT=Oxidation;MT=variable;TA=M;AC=UNIMOD:35	NT=Acetyl;AC=UNIMOD:1;PP=Protein N-term;MT=variable	NT=Carbamidomethyl;TA=C;MT=fixed;AC=UNIMOD:4	q02217.raw	cell	HCC1143	8bb453602d7b5fae80bca848cf0b05ef4d84e9ff3a30e6073d73a06575443ee5	SAMEA7713392
PXD008222-Sample 13	Homo sapiens	breast	adult	epithelial	Caucasian	52Y	female	primary ductal carcinoma	1	HCC1143	not available	run 77	AC=MS:1002038;NT=label free sample	not available	2	ftp://ftp.pride.ebi.ac.uk/pride/data/archive/2017/12/PXD008222/q02218.raw	NT=Q Exactive;AC=MS:1001911	NT=Lys-C;AC=MS:1001309	not available	0.01 Da	50 ppm	NT=Oxidation;MT=variable;TA=M;AC=UNIMOD:35	NT=Acetyl;AC=UNIMOD:1;PP=Protein N-term;MT=variable	NT=Carbamidomethyl;TA=C;MT=fixed;AC=UNIMOD:4	q02218.raw	cell	HCC1143	8bb453602d7b5fae80bca848cf0b05ef4d84e9ff3a30e6073d73a06575443ee5	SAMEA7713392
PXD008222-Sample 13	Homo sapiens	breast	adult	epithelial	Caucasian	52Y	female	primary ductal carcinoma	1	HCC1143	not available	run 78	AC=MS:1002038;NT=label free sample	not available	3	ftp://ftp.pride.ebi.ac.uk/pride/data/archive/2017/12/PXD008222/q02219.raw	NT=Q Exactive;AC=MS:1001911	NT=Lys-C;AC=MS:1001309	not available	0.01 Da	50 ppm	NT=Oxidation;MT=variable;TA=M;AC=UNIMOD:35	NT=Acetyl;AC=UNIMOD:1;PP=Protein N-term;MT=variable	NT=Carbamidomethyl;TA=C;MT=fixed;AC=UNIMOD:4	q02219.raw	cell	HCC1143	8bb453602d7b5fae80bca848cf0b05ef4d84e9ff3a30e6073d73a06575443ee5	SAMEA7713392
PXD008222-Sample 13	Homo sapiens	breast	adult	epithelial	Caucasian	52Y	female	primary ductal carcinoma	1	HCC1143	not available	run 79	AC=MS:1002038;NT=label free sample	not available	4	ftp://ftp.pride.ebi.ac.uk/pride/data/archive/2017/12/PXD008222/q02220.raw	NT=Q Exactive;AC=MS:1001911	NT=Lys-C;AC=MS:1001309	not available	0.01 Da	50 ppm	NT=Oxidation;MT=variable;TA=M;AC=UNIMOD:35	NT=Acetyl;AC=UNIMOD:1;PP=Protein N-term;MT=variable	NT=Carbamidomethyl;TA=C;MT=fixed;AC=UNIMOD:4	q02220.raw	cell	HCC1143	8bb453602d7b5fae80bca848cf0b05ef4d84e9ff3a30e6073d73a06575443ee5	SAMEA7713392
PXD008222-Sample 13	Homo sapiens	breast	adult	epithelial	Caucasian	52Y	female	primary ductal carcinoma	1	HCC1143	not available	run 80	AC=MS:1002038;NT=label free sample	not available	5	ftp://ftp.pride.ebi.ac.uk/pride/data/archive/2017/12/PXD008222/q02221.raw	NT=Q Exactive;AC=MS:1001911	NT=Lys-C;AC=MS:1001309	not available	0.01 Da	50 ppm	NT=Oxidation;MT=variable;TA=M;AC=UNIMOD:35	NT=Acetyl;AC=UNIMOD:1;PP=Protein N-term;MT=variable	NT=Carbamidomethyl;TA=C;MT=fixed;AC=UNIMOD:4	q02221.raw	cell	HCC1143	8bb453602d7b5fae80bca848cf0b05ef4d84e9ff3a30e6073d73a06575443ee5	SAMEA7713392
PXD008222-Sample 14	Homo sapiens	breast	adult	epithelial	Caucasian	52Y	female	primary ductal carcinoma	1	HCC1143	not available	run 81	AC=MS:1002038;NT=label free sample	not available	1	ftp://ftp.pride.ebi.ac.uk/pride/data/archive/2017/12/PXD008222/q02223.raw	NT=Q Exactive;AC=MS:1001911	NT=Trypsin;AC=MS:1001251	not available	0.01 Da	50 ppm	NT=Oxidation;MT=variable;TA=M;AC=UNIMOD:35	NT=Acetyl;AC=UNIMOD:1;PP=Protein N-term;MT=variable	NT=Carbamidomethyl;TA=C;MT=fixed;AC=UNIMOD:4	q02223.raw	cell	HCC1143	2fb0534815137bfa6baedaf0dc4ff8bfc3cc00511216da4f70fcf852add94b31	SAMEA7713393
PXD008222-Sample 14	Homo sapiens	breast	adult	epithelial	Caucasian	52Y	female	primary ductal carcinoma	1	HCC1143	not available	run 82	AC=MS:1002038;NT=label free sample	not available	2	ftp://ftp.pride.ebi.ac.uk/pride/data/archive/2017/12/PXD008222/q02224.raw	NT=Q Exactive;AC=MS:1001911	NT=Trypsin;AC=MS:1001251	not available	0.01 Da	50 ppm	NT=Oxidation;MT=variable;TA=M;AC=UNIMOD:35	NT=Acetyl;AC=UNIMOD:1;PP=Protein N-term;MT=variable	NT=Carbamidomethyl;TA=C;MT=fixed;AC=UNIMOD:4	q02224.raw	cell	HCC1143	2fb0534815137bfa6baedaf0dc4ff8bfc3cc00511216da4f70fcf852add94b31	SAMEA7713393
PXD008222-Sample 14	Homo sapiens	breast	adult	epithelial	Caucasian	52Y	female	primary ductal carcinoma	1	HCC1143	not available	run 83	AC=MS:1002038;NT=label free sample	not available	3	ftp://ftp.pride.ebi.ac.uk/pride/data/archive/2017/12/PXD008222/q02225.raw	NT=Q Exactive;AC=MS:1001911	NT=Trypsin;AC=MS:1001251	not available	0.01 Da	50 ppm	NT=Oxidation;MT=variable;TA=M;AC=UNIMOD:35	NT=Acetyl;AC=UNIMOD:1;PP=Protein N-term;MT=variable	NT=Carbamidomethyl;TA=C;MT=fixed;AC=UNIMOD:4	q02225.raw	cell	HCC1143	2fb0534815137bfa6baedaf0dc4ff8bfc3cc00511216da4f70fcf852add94b31	SAMEA7713393
PXD008222-Sample 14	Homo sapiens	breast	adult	epithelial	Caucasian	52Y	female	primary ductal carcinoma	1	HCC1143	not available	run 84	AC=MS:1002038;NT=label free sample	not available	4	ftp://ftp.pride.ebi.ac.uk/pride/data/archive/2017/12/PXD008222/q02226.raw	NT=Q Exactive;AC=MS:1001911	NT=Trypsin;AC=MS:1001251	not available	0.01 Da	50 ppm	NT=Oxidation;MT=variable;TA=M;AC=UNIMOD:35	NT=Acetyl;AC=UNIMOD:1;PP=Protein N-term;MT=variable	NT=Carbamidomethyl;TA=C;MT=fixed;AC=UNIMOD:4	q02226.raw	cell	HCC1143	2fb0534815137bfa6baedaf0dc4ff8bfc3cc00511216da4f70fcf852add94b31	SAMEA7713393
PXD008222-Sample 14	Homo sapiens	breast	adult	epithelial	Caucasian	52Y	female	primary ductal carcinoma	1	HCC1143	not available	run 85	AC=MS:1002038;NT=label free sample	not available	5	ftp://ftp.pride.ebi.ac.uk/pride/data/archive/2017/12/PXD008222/q02227.raw	NT=Q Exactive;AC=MS:1001911	NT=Trypsin;AC=MS:1001251	not available	0.01 Da	50 ppm	NT=Oxidation;MT=variable;TA=M;AC=UNIMOD:35	NT=Acetyl;AC=UNIMOD:1;PP=Protein N-term;MT=variable	NT=Carbamidomethyl;TA=C;MT=fixed;AC=UNIMOD:4	q02227.raw	cell	HCC1143	2fb0534815137bfa6baedaf0dc4ff8bfc3cc00511216da4f70fcf852add94b31	SAMEA7713393
PXD008222-Sample 15	Homo sapiens	breast	not available	epithelial	not available	not available	female	breast carcinoma	1	MFM223	not available	run 86	AC=MS:1002038;NT=label free sample	not available	1	ftp://ftp.pride.ebi.ac.uk/pride/data/archive/2017/12/PXD008222/q02229.raw	NT=Q Exactive;AC=MS:1001911	NT=Lys-C;AC=MS:1001309	not available	0.01 Da	50 ppm	NT=Oxidation;MT=variable;TA=M;AC=UNIMOD:35	NT=Acetyl;AC=UNIMOD:1;PP=Protein N-term;MT=variable	NT=Carbamidomethyl;TA=C;MT=fixed;AC=UNIMOD:4	q02229.raw	cell	MFM223	3abcdb69076ed472c17bf129dd40b91425311d1942c15038fa305c0c78101592	SAMEA7713394
PXD008222-Sample 15	Homo sapiens	breast	not available	epithelial	not available	not available	female	breast carcinoma	1	MFM223	not available	run 87	AC=MS:1002038;NT=label free sample	not available	2	ftp://ftp.pride.ebi.ac.uk/pride/data/archive/2017/12/PXD008222/q02230.raw	NT=Q Exactive;AC=MS:1001911	NT=Lys-C;AC=MS:1001309	not available	0.01 Da	50 ppm	NT=Oxidation;MT=variable;TA=M;AC=UNIMOD:35	NT=Acetyl;AC=UNIMOD:1;PP=Protein N-term;MT=variable	NT=Carbamidomethyl;TA=C;MT=fixed;AC=UNIMOD:4	q02230.raw	cell	MFM223	3abcdb69076ed472c17bf129dd40b91425311d1942c15038fa305c0c78101592	SAMEA7713394
PXD008222-Sample 15	Homo sapiens	breast	not available	epithelial	not available	not available	female	breast carcinoma	1	MFM223	not available	run 88	AC=MS:1002038;NT=label free sample	not available	3	ftp://ftp.pride.ebi.ac.uk/pride/data/archive/2017/12/PXD008222/q02231.raw	NT=Q Exactive;AC=MS:1001911	NT=Lys-C;AC=MS:1001309	not available	0.01 Da	50 ppm	NT=Oxidation;MT=variable;TA=M;AC=UNIMOD:35	NT=Acetyl;AC=UNIMOD:1;PP=Protein N-term;MT=variable	NT=Carbamidomethyl;TA=C;MT=fixed;AC=UNIMOD:4	q02231.raw	cell	MFM223	3abcdb69076ed472c17bf129dd40b91425311d1942c15038fa305c0c78101592	SAMEA7713394
PXD008222-Sample 15	Homo sapiens	breast	not available	epithelial	not available	not available	female	breast carcinoma	1	MFM223	not available	run 89	AC=MS:1002038;NT=label free sample	not available	4	ftp://ftp.pride.ebi.ac.uk/pride/data/archive/2017/12/PXD008222/q02232.raw	NT=Q Exactive;AC=MS:1001911	NT=Lys-C;AC=MS:1001309	not available	0.01 Da	50 ppm	NT=Oxidation;MT=variable;TA=M;AC=UNIMOD:35	NT=Acetyl;AC=UNIMOD:1;PP=Protein N-term;MT=variable	NT=Carbamidomethyl;TA=C;MT=fixed;AC=UNIMOD:4	q02232.raw	cell	MFM223	3abcdb69076ed472c17bf129dd40b91425311d1942c15038fa305c0c78101592	SAMEA7713394
PXD008222-Sample 15	Homo sapiens	breast	not available	epithelial	not available	not available	female	breast carcinoma	1	MFM223	not available	run 90	AC=MS:1002038;NT=label free sample	not available	5	ftp://ftp.pride.ebi.ac.uk/pride/data/archive/2017/12/PXD008222/q02233.raw	NT=Q Exactive;AC=MS:1001911	NT=Lys-C;AC=MS:1001309	not available	0.01 Da	50 ppm	NT=Oxidation;MT=variable;TA=M;AC=UNIMOD:35	NT=Acetyl;AC=UNIMOD:1;PP=Protein N-term;MT=variable	NT=Carbamidomethyl;TA=C;MT=fixed;AC=UNIMOD:4	q02233.raw	cell	MFM223	3abcdb69076ed472c17bf129dd40b91425311d1942c15038fa305c0c78101592	SAMEA7713394
PXD008222-Sample 16	Homo sapiens	breast	not available	epithelial	not available	not available	female	breast carcinoma	1	MFM223	not available	run 91	AC=MS:1002038;NT=label free sample	not available	1	ftp://ftp.pride.ebi.ac.uk/pride/data/archive/2017/12/PXD008222/q02235.raw	NT=Q Exactive;AC=MS:1001911	NT=Trypsin;AC=MS:1001251	not available	0.01 Da	50 ppm	NT=Oxidation;MT=variable;TA=M;AC=UNIMOD:35	NT=Acetyl;AC=UNIMOD:1;PP=Protein N-term;MT=variable	NT=Carbamidomethyl;TA=C;MT=fixed;AC=UNIMOD:4	q02235.raw	cell	MFM223	62d926e37f171cd7735c53ccb1400dcce455aa4670ee2bc76dc527226fe904c5	SAMEA7713395
PXD008222-Sample 16	Homo sapiens	breast	not available	epithelial	not available	not available	female	breast carcinoma	1	MFM223	not available	run 92	AC=MS:1002038;NT=label free sample	not available	2	ftp://ftp.pride.ebi.ac.uk/pride/data/archive/2017/12/PXD008222/q02236.raw	NT=Q Exactive;AC=MS:1001911	NT=Trypsin;AC=MS:1001251	not available	0.01 Da	50 ppm	NT=Oxidation;MT=variable;TA=M;AC=UNIMOD:35	NT=Acetyl;AC=UNIMOD:1;PP=Protein N-term;MT=variable	NT=Carbamidomethyl;TA=C;MT=fixed;AC=UNIMOD:4	q02236.raw	cell	MFM223	62d926e37f171cd7735c53ccb1400dcce455aa4670ee2bc76dc527226fe904c5	SAMEA7713395
PXD008222-Sample 16	Homo sapiens	breast	not available	epithelial	not available	not available	female	breast carcinoma	1	MFM223	not available	run 93	AC=MS:1002038;NT=label free sample	not available	3	ftp://ftp.pride.ebi.ac.uk/pride/data/archive/2017/12/PXD008222/q02237.raw	NT=Q Exactive;AC=MS:1001911	NT=Trypsin;AC=MS:1001251	not available	0.01 Da	50 ppm	NT=Oxidation;MT=variable;TA=M;AC=UNIMOD:35	NT=Acetyl;AC=UNIMOD:1;PP=Protein N-term;MT=variable	NT=Carbamidomethyl;TA=C;MT=fixed;AC=UNIMOD:4	q02237.raw	cell	MFM223	62d926e37f171cd7735c53ccb1400dcce455aa4670ee2bc76dc527226fe904c5	SAMEA7713395
PXD008222-Sample 16	Homo sapiens	breast	not available	epithelial	not available	not available	female	breast carcinoma	1	MFM223	not available	run 94	AC=MS:1002038;NT=label free sample	not available	4	ftp://ftp.pride.ebi.ac.uk/pride/data/archive/2017/12/PXD008222/q02238.raw	NT=Q Exactive;AC=MS:1001911	NT=Trypsin;AC=MS:1001251	not available	0.01 Da	50 ppm	NT=Oxidation;MT=variable;TA=M;AC=UNIMOD:35	NT=Acetyl;AC=UNIMOD:1;PP=Protein N-term;MT=variable	NT=Carbamidomethyl;TA=C;MT=fixed;AC=UNIMOD:4	q02238.raw	cell	MFM223	62d926e37f171cd7735c53ccb1400dcce455aa4670ee2bc76dc527226fe904c5	SAMEA7713395
PXD008222-Sample 16	Homo sapiens	breast	not available	epithelial	not available	not available	female	breast carcinoma	1	MFM223	not available	run 95	AC=MS:1002038;NT=label free sample	not available	5	ftp://ftp.pride.ebi.ac.uk/pride/data/archive/2017/12/PXD008222/q02239.raw	NT=Q Exactive;AC=MS:1001911	NT=Trypsin;AC=MS:1001251	not available	0.01 Da	50 ppm	NT=Oxidation;MT=variable;TA=M;AC=UNIMOD:35	NT=Acetyl;AC=UNIMOD:1;PP=Protein N-term;MT=variable	NT=Carbamidomethyl;TA=C;MT=fixed;AC=UNIMOD:4	q02239.raw	cell	MFM223	62d926e37f171cd7735c53ccb1400dcce455aa4670ee2bc76dc527226fe904c5	SAMEA7713395
PXD008222-Sample 17	Homo sapiens	not applicable	not available	not available	not available	not available	not available	breast carcinoma	not available	TumorB	not available	run 96	AC=MS:1002038;NT=label free sample	not available	1	ftp://ftp.pride.ebi.ac.uk/pride/data/archive/2017/12/PXD008222/q02243.raw	NT=Q Exactive;AC=MS:1001911	NT=Trypsin;AC=MS:1001251	not available	0.01 Da	50 ppm	NT=Oxidation;MT=variable;TA=M;AC=UNIMOD:35	NT=Acetyl;AC=UNIMOD:1;PP=Protein N-term;MT=variable	NT=Carbamidomethyl;TA=C;MT=fixed;AC=UNIMOD:4	q02243.raw	cell	TumorB	f734700fd899263caa37a818e838daf67f50d0d241dfb99e1afd5761221d32b8	SAMEA7713396
PXD008222-Sample 17	Homo sapiens	not applicable	not available	not available	not available	not available	not available	breast carcinoma	not available	TumorB	not available	run 97	AC=MS:1002038;NT=label free sample	not available	2	ftp://ftp.pride.ebi.ac.uk/pride/data/archive/2017/12/PXD008222/q02244.raw	NT=Q Exactive;AC=MS:1001911	NT=Trypsin;AC=MS:1001251	not available	0.01 Da	50 ppm	NT=Oxidation;MT=variable;TA=M;AC=UNIMOD:35	NT=Acetyl;AC=UNIMOD:1;PP=Protein N-term;MT=variable	NT=Carbamidomethyl;TA=C;MT=fixed;AC=UNIMOD:4	q02244.raw	cell	TumorB	f734700fd899263caa37a818e838daf67f50d0d241dfb99e1afd5761221d32b8	SAMEA7713396
PXD008222-Sample 17	Homo sapiens	not applicable	not available	not available	not available	not available	not available	breast carcinoma	not available	TumorB	not available	run 98	AC=MS:1002038;NT=label free sample	not available	3	ftp://ftp.pride.ebi.ac.uk/pride/data/archive/2017/12/PXD008222/q02245.raw	NT=Q Exactive;AC=MS:1001911	NT=Trypsin;AC=MS:1001251	not available	0.01 Da	50 ppm	NT=Oxidation;MT=variable;TA=M;AC=UNIMOD:35	NT=Acetyl;AC=UNIMOD:1;PP=Protein N-term;MT=variable	NT=Carbamidomethyl;TA=C;MT=fixed;AC=UNIMOD:4	q02245.raw	cell	TumorB	f734700fd899263caa37a818e838daf67f50d0d241dfb99e1afd5761221d32b8	SAMEA7713396
PXD008222-Sample 17	Homo sapiens	not applicable	not available	not available	not available	not available	not available	breast carcinoma	not available	TumorB	not available	run 99	AC=MS:1002038;NT=label free sample	not available	4	ftp://ftp.pride.ebi.ac.uk/pride/data/archive/2017/12/PXD008222/q02246.raw	NT=Q Exactive;AC=MS:1001911	NT=Trypsin;AC=MS:1001251	not available	0.01 Da	50 ppm	NT=Oxidation;MT=variable;TA=M;AC=UNIMOD:35	NT=Acetyl;AC=UNIMOD:1;PP=Protein N-term;MT=variable	NT=Carbamidomethyl;TA=C;MT=fixed;AC=UNIMOD:4	q02246.raw	cell	TumorB	f734700fd899263caa37a818e838daf67f50d0d241dfb99e1afd5761221d32b8	SAMEA7713396
PXD008222-Sample 17	Homo sapiens	not applicable	not available	not available	not available	not available	not available	breast carcinoma	not available	TumorB	not available	run 100	AC=MS:1002038;NT=label free sample	not available	5	ftp://ftp.pride.ebi.ac.uk/pride/data/archive/2017/12/PXD008222/q02247.raw	NT=Q Exactive;AC=MS:1001911	NT=Trypsin;AC=MS:1001251	not available	0.01 Da	50 ppm	NT=Oxidation;MT=variable;TA=M;AC=UNIMOD:35	NT=Acetyl;AC=UNIMOD:1;PP=Protein N-term;MT=variable	NT=Carbamidomethyl;TA=C;MT=fixed;AC=UNIMOD:4	q02247.raw	cell	TumorB	f734700fd899263caa37a818e838daf67f50d0d241dfb99e1afd5761221d32b8	SAMEA7713396
PXD008222-Sample 18	Homo sapiens	not applicable	not available	not available	not available	not available	not available	breast carcinoma	not available	TumorC	not available	run 101	AC=MS:1002038;NT=label free sample	not available	1	ftp://ftp.pride.ebi.ac.uk/pride/data/archive/2017/12/PXD008222/q02249.raw	NT=Q Exactive;AC=MS:1001911	NT=Trypsin;AC=MS:1001251	not available	0.01 Da	50 ppm	NT=Oxidation;MT=variable;TA=M;AC=UNIMOD:35	NT=Acetyl;AC=UNIMOD:1;PP=Protein N-term;MT=variable	NT=Carbamidomethyl;TA=C;MT=fixed;AC=UNIMOD:4	q02249.raw	cell	TumorC	d0748f4046a65cb13d3196b2f6f36f0466a6099b560637a0510aef0ba3322824	SAMEA7713397
PXD008222-Sample 18	Homo sapiens	not applicable	not available	not available	not available	not available	not available	breast carcinoma	not available	TumorC	not available	run 102	AC=MS:1002038;NT=label free sample	not available	2	ftp://ftp.pride.ebi.ac.uk/pride/data/archive/2017/12/PXD008222/q02250.raw	NT=Q Exactive;AC=MS:1001911	NT=Trypsin;AC=MS:1001251	not available	0.01 Da	50 ppm	NT=Oxidation;MT=variable;TA=M;AC=UNIMOD:35	NT=Acetyl;AC=UNIMOD:1;PP=Protein N-term;MT=variable	NT=Carbamidomethyl;TA=C;MT=fixed;AC=UNIMOD:4	q02250.raw	cell	TumorC	d0748f4046a65cb13d3196b2f6f36f0466a6099b560637a0510aef0ba3322824	SAMEA7713397
PXD008222-Sample 18	Homo sapiens	not applicable	not available	not available	not available	not available	not available	breast carcinoma	not available	TumorC	not available	run 103	AC=MS:1002038;NT=label free sample	not available	3	ftp://ftp.pride.ebi.ac.uk/pride/data/archive/2017/12/PXD008222/q02251.raw	NT=Q Exactive;AC=MS:1001911	NT=Trypsin;AC=MS:1001251	not available	0.01 Da	50 ppm	NT=Oxidation;MT=variable;TA=M;AC=UNIMOD:35	NT=Acetyl;AC=UNIMOD:1;PP=Protein N-term;MT=variable	NT=Carbamidomethyl;TA=C;MT=fixed;AC=UNIMOD:4	q02251.raw	cell	TumorC	d0748f4046a65cb13d3196b2f6f36f0466a6099b560637a0510aef0ba3322824	SAMEA7713397
PXD008222-Sample 18	Homo sapiens	not applicable	not available	not available	not available	not available	not available	breast carcinoma	not available	TumorC	not available	run 104	AC=MS:1002038;NT=label free sample	not available	4	ftp://ftp.pride.ebi.ac.uk/pride/data/archive/2017/12/PXD008222/q02252.raw	NT=Q Exactive;AC=MS:1001911	NT=Trypsin;AC=MS:1001251	not available	0.01 Da	50 ppm	NT=Oxidation;MT=variable;TA=M;AC=UNIMOD:35	NT=Acetyl;AC=UNIMOD:1;PP=Protein N-term;MT=variable	NT=Carbamidomethyl;TA=C;MT=fixed;AC=UNIMOD:4	q02252.raw	cell	TumorC	d0748f4046a65cb13d3196b2f6f36f0466a6099b560637a0510aef0ba3322824	SAMEA7713397
PXD008222-Sample 18	Homo sapiens	not applicable	not available	not available	not available	not available	not available	breast carcinoma	not available	TumorC	not available	run 105	AC=MS:1002038;NT=label free sample	not available	5	ftp://ftp.pride.ebi.ac.uk/pride/data/archive/2017/12/PXD008222/q02253.raw	NT=Q Exactive;AC=MS:1001911	NT=Trypsin;AC=MS:1001251	not available	0.01 Da	50 ppm	NT=Oxidation;MT=variable;TA=M;AC=UNIMOD:35	NT=Acetyl;AC=UNIMOD:1;PP=Protein N-term;MT=variable	NT=Carbamidomethyl;TA=C;MT=fixed;AC=UNIMOD:4	q02253.raw	cell	TumorC	d0748f4046a65cb13d3196b2f6f36f0466a6099b560637a0510aef0ba3322824	SAMEA7713397
PXD008222-Sample 19	Homo sapiens	not applicable	not available	not available	not available	not available	not available	breast carcinoma	not available	TumorA	not available	run 106	AC=MS:1002038;NT=label free sample	not available	1	ftp://ftp.pride.ebi.ac.uk/pride/data/archive/2017/12/PXD008222/q02255.raw	NT=Q Exactive;AC=MS:1001911	NT=Trypsin;AC=MS:1001251	not available	0.01 Da	50 ppm	NT=Oxidation;MT=variable;TA=M;AC=UNIMOD:35	NT=Acetyl;AC=UNIMOD:1;PP=Protein N-term;MT=variable	NT=Carbamidomethyl;TA=C;MT=fixed;AC=UNIMOD:4	q02255.raw	cell	TumorA	72b2baee0330375183a2df263cd987ef8ff3f5f9fc2b0c3f08e17407fa1c908b	SAMEA7713398
PXD008222-Sample 19	Homo sapiens	not applicable	not available	not available	not available	not available	not available	breast carcinoma	not available	TumorA	not available	run 107	AC=MS:1002038;NT=label free sample	not available	2	ftp://ftp.pride.ebi.ac.uk/pride/data/archive/2017/12/PXD008222/q02256.raw	NT=Q Exactive;AC=MS:1001911	NT=Trypsin;AC=MS:1001251	not available	0.01 Da	50 ppm	NT=Oxidation;MT=variable;TA=M;AC=UNIMOD:35	NT=Acetyl;AC=UNIMOD:1;PP=Protein N-term;MT=variable	NT=Carbamidomethyl;TA=C;MT=fixed;AC=UNIMOD:4	q02256.raw	cell	TumorA	72b2baee0330375183a2df263cd987ef8ff3f5f9fc2b0c3f08e17407fa1c908b	SAMEA7713398
PXD008222-Sample 19	Homo sapiens	not applicable	not available	not available	not available	not available	not available	breast carcinoma	not available	TumorA	not available	run 108	AC=MS:1002038;NT=label free sample	not available	3	ftp://ftp.pride.ebi.ac.uk/pride/data/archive/2017/12/PXD008222/q02257.raw	NT=Q Exactive;AC=MS:1001911	NT=Trypsin;AC=MS:1001251	not available	0.01 Da	50 ppm	NT=Oxidation;MT=variable;TA=M;AC=UNIMOD:35	NT=Acetyl;AC=UNIMOD:1;PP=Protein N-term;MT=variable	NT=Carbamidomethyl;TA=C;MT=fixed;AC=UNIMOD:4	q02257.raw	cell	TumorA	72b2baee0330375183a2df263cd987ef8ff3f5f9fc2b0c3f08e17407fa1c908b	SAMEA7713398
PXD008222-Sample 19	Homo sapiens	not applicable	not available	not available	not available	not available	not available	breast carcinoma	not available	TumorA	not available	run 109	AC=MS:1002038;NT=label free sample	not available	4	ftp://ftp.pride.ebi.ac.uk/pride/data/archive/2017/12/PXD008222/q02258.raw	NT=Q Exactive;AC=MS:1001911	NT=Trypsin;AC=MS:1001251	not available	0.01 Da	50 ppm	NT=Oxidation;MT=variable;TA=M;AC=UNIMOD:35	NT=Acetyl;AC=UNIMOD:1;PP=Protein N-term;MT=variable	NT=Carbamidomethyl;TA=C;MT=fixed;AC=UNIMOD:4	q02258.raw	cell	TumorA	72b2baee0330375183a2df263cd987ef8ff3f5f9fc2b0c3f08e17407fa1c908b	SAMEA7713398
PXD008222-Sample 19	Homo sapiens	not applicable	not available	not available	not available	not available	not available	breast carcinoma	not available	TumorA	not available	run 110	AC=MS:1002038;NT=label free sample	not available	5	ftp://ftp.pride.ebi.ac.uk/pride/data/archive/2017/12/PXD008222/q02259.raw	NT=Q Exactive;AC=MS:1001911	NT=Trypsin;AC=MS:1001251	not available	0.01 Da	50 ppm	NT=Oxidation;MT=variable;TA=M;AC=UNIMOD:35	NT=Acetyl;AC=UNIMOD:1;PP=Protein N-term;MT=variable	NT=Carbamidomethyl;TA=C;MT=fixed;AC=UNIMOD:4	q02259.raw	cell	TumorA	72b2baee0330375183a2df263cd987ef8ff3f5f9fc2b0c3f08e17407fa1c908b	SAMEA7713398
PXD008222-Sample 20	Homo sapiens	not applicable	not available	not available	not available	not available	not available	breast carcinoma	not available	TumorD	not available	run 111	AC=MS:1002038;NT=label free sample	not available	1	ftp://ftp.pride.ebi.ac.uk/pride/data/archive/2017/12/PXD008222/q02261.raw	NT=Q Exactive;AC=MS:1001911	NT=Trypsin;AC=MS:1001251	not available	0.01 Da	50 ppm	NT=Oxidation;MT=variable;TA=M;AC=UNIMOD:35	NT=Acetyl;AC=UNIMOD:1;PP=Protein N-term;MT=variable	NT=Carbamidomethyl;TA=C;MT=fixed;AC=UNIMOD:4	q02261.raw	cell	TumorD	9ff76a703e0e882001fd5ad7e10444a60e73b7e9f3e1de82347d0e637e575572	SAMEA7713399
PXD008222-Sample 20	Homo sapiens	not applicable	not available	not available	not available	not available	not available	breast carcinoma	not available	TumorD	not available	run 112	AC=MS:1002038;NT=label free sample	not available	2	ftp://ftp.pride.ebi.ac.uk/pride/data/archive/2017/12/PXD008222/q02262.raw	NT=Q Exactive;AC=MS:1001911	NT=Trypsin;AC=MS:1001251	not available	0.01 Da	50 ppm	NT=Oxidation;MT=variable;TA=M;AC=UNIMOD:35	NT=Acetyl;AC=UNIMOD:1;PP=Protein N-term;MT=variable	NT=Carbamidomethyl;TA=C;MT=fixed;AC=UNIMOD:4	q02262.raw	cell	TumorD	9ff76a703e0e882001fd5ad7e10444a60e73b7e9f3e1de82347d0e637e575572	SAMEA7713399
PXD008222-Sample 20	Homo sapiens	not applicable	not available	not available	not available	not available	not available	breast carcinoma	not available	TumorD	not available	run 113	AC=MS:1002038;NT=label free sample	not available	3	ftp://ftp.pride.ebi.ac.uk/pride/data/archive/2017/12/PXD008222/q02263.raw	NT=Q Exactive;AC=MS:1001911	NT=Trypsin;AC=MS:1001251	not available	0.01 Da	50 ppm	NT=Oxidation;MT=variable;TA=M;AC=UNIMOD:35	NT=Acetyl;AC=UNIMOD:1;PP=Protein N-term;MT=variable	NT=Carbamidomethyl;TA=C;MT=fixed;AC=UNIMOD:4	q02263.raw	cell	TumorD	9ff76a703e0e882001fd5ad7e10444a60e73b7e9f3e1de82347d0e637e575572	SAMEA7713399
PXD008222-Sample 20	Homo sapiens	not applicable	not available	not available	not available	not available	not available	breast carcinoma	not available	TumorD	not available	run 114	AC=MS:1002038;NT=label free sample	not available	4	ftp://ftp.pride.ebi.ac.uk/pride/data/archive/2017/12/PXD008222/q02264.raw	NT=Q Exactive;AC=MS:1001911	NT=Trypsin;AC=MS:1001251	not available	0.01 Da	50 ppm	NT=Oxidation;MT=variable;TA=M;AC=UNIMOD:35	NT=Acetyl;AC=UNIMOD:1;PP=Protein N-term;MT=variable	NT=Carbamidomethyl;TA=C;MT=fixed;AC=UNIMOD:4	q02264.raw	cell	TumorD	9ff76a703e0e882001fd5ad7e10444a60e73b7e9f3e1de82347d0e637e575572	SAMEA7713399
PXD008222-Sample 20	Homo sapiens	not applicable	not available	not available	not available	not available	not available	breast carcinoma	not available	TumorD	not available	run 115	AC=MS:1002038;NT=label free sample	not available	5	ftp://ftp.pride.ebi.ac.uk/pride/data/archive/2017/12/PXD008222/q02265.raw	NT=Q Exactive;AC=MS:1001911	NT=Trypsin;AC=MS:1001251	not available	0.01 Da	50 ppm	NT=Oxidation;MT=variable;TA=M;AC=UNIMOD:35	NT=Acetyl;AC=UNIMOD:1;PP=Protein N-term;MT=variable	NT=Carbamidomethyl;TA=C;MT=fixed;AC=UNIMOD:4	q02265.raw	cell	TumorD	9ff76a703e0e882001fd5ad7e10444a60e73b7e9f3e1de82347d0e637e575572	SAMEA7713399
PXD008222-Sample 21	Homo sapiens	breast	adult	epithelial	Caucasian	23Y	female	primary ductal carcinoma	1	HCC1937	not available	run 116	AC=MS:1002038;NT=label free sample	not available	1	ftp://ftp.pride.ebi.ac.uk/pride/data/archive/2017/12/PXD008222/q02281.raw	NT=Q Exactive;AC=MS:1001911	NT=Lys-C;AC=MS:1001309	not available	0.01 Da	50 ppm	NT=Oxidation;MT=variable;TA=M;AC=UNIMOD:35	NT=Acetyl;AC=UNIMOD:1;PP=Protein N-term;MT=variable	NT=Carbamidomethyl;TA=C;MT=fixed;AC=UNIMOD:4	q02281.raw	cell	HCC1937	cb2c169f79cfd7091864ee5dc4bc5a58b85d96769f4a349f367cf834831652fc	SAMEA7713400
PXD008222-Sample 21	Homo sapiens	breast	adult	epithelial	Caucasian	23Y	female	primary ductal carcinoma	1	HCC1937	not available	run 117	AC=MS:1002038;NT=label free sample	not available	2	ftp://ftp.pride.ebi.ac.uk/pride/data/archive/2017/12/PXD008222/q02282.raw	NT=Q Exactive;AC=MS:1001911	NT=Lys-C;AC=MS:1001309	not available	0.01 Da	50 ppm	NT=Oxidation;MT=variable;TA=M;AC=UNIMOD:35	NT=Acetyl;AC=UNIMOD:1;PP=Protein N-term;MT=variable	NT=Carbamidomethyl;TA=C;MT=fixed;AC=UNIMOD:4	q02282.raw	cell	HCC1937	cb2c169f79cfd7091864ee5dc4bc5a58b85d96769f4a349f367cf834831652fc	SAMEA7713400
PXD008222-Sample 21	Homo sapiens	breast	adult	epithelial	Caucasian	23Y	female	primary ductal carcinoma	1	HCC1937	not available	run 118	AC=MS:1002038;NT=label free sample	not available	3	ftp://ftp.pride.ebi.ac.uk/pride/data/archive/2017/12/PXD008222/q02283.raw	NT=Q Exactive;AC=MS:1001911	NT=Lys-C;AC=MS:1001309	not available	0.01 Da	50 ppm	NT=Oxidation;MT=variable;TA=M;AC=UNIMOD:35	NT=Acetyl;AC=UNIMOD:1;PP=Protein N-term;MT=variable	NT=Carbamidomethyl;TA=C;MT=fixed;AC=UNIMOD:4	q02283.raw	cell	HCC1937	cb2c169f79cfd7091864ee5dc4bc5a58b85d96769f4a349f367cf834831652fc	SAMEA7713400
PXD008222-Sample 21	Homo sapiens	breast	adult	epithelial	Caucasian	23Y	female	primary ductal carcinoma	1	HCC1937	not available	run 119	AC=MS:1002038;NT=label free sample	not available	4	ftp://ftp.pride.ebi.ac.uk/pride/data/archive/2017/12/PXD008222/q02284.raw	NT=Q Exactive;AC=MS:1001911	NT=Lys-C;AC=MS:1001309	not available	0.01 Da	50 ppm	NT=Oxidation;MT=variable;TA=M;AC=UNIMOD:35	NT=Acetyl;AC=UNIMOD:1;PP=Protein N-term;MT=variable	NT=Carbamidomethyl;TA=C;MT=fixed;AC=UNIMOD:4	q02284.raw	cell	HCC1937	cb2c169f79cfd7091864ee5dc4bc5a58b85d96769f4a349f367cf834831652fc	SAMEA7713400
PXD008222-Sample 21	Homo sapiens	breast	adult	epithelial	Caucasian	23Y	female	primary ductal carcinoma	1	HCC1937	not available	run 120	AC=MS:1002038;NT=label free sample	not available	5	ftp://ftp.pride.ebi.ac.uk/pride/data/archive/2017/12/PXD008222/q02285.raw	NT=Q Exactive;AC=MS:1001911	NT=Lys-C;AC=MS:1001309	not available	0.01 Da	50 ppm	NT=Oxidation;MT=variable;TA=M;AC=UNIMOD:35	NT=Acetyl;AC=UNIMOD:1;PP=Protein N-term;MT=variable	NT=Carbamidomethyl;TA=C;MT=fixed;AC=UNIMOD:4	q02285.raw	cell	HCC1937	cb2c169f79cfd7091864ee5dc4bc5a58b85d96769f4a349f367cf834831652fc	SAMEA7713400
PXD008222-Sample 22	Homo sapiens	breast	adult	epithelial	Caucasian	23Y	female	primary ductal carcinoma	1	HCC1937	not available	run 121	AC=MS:1002038;NT=label free sample	not available	1	ftp://ftp.pride.ebi.ac.uk/pride/data/archive/2017/12/PXD008222/q02287.raw	NT=Q Exactive;AC=MS:1001911	NT=Trypsin;AC=MS:1001251	not available	0.01 Da	50 ppm	NT=Oxidation;MT=variable;TA=M;AC=UNIMOD:35	NT=Acetyl;AC=UNIMOD:1;PP=Protein N-term;MT=variable	NT=Carbamidomethyl;TA=C;MT=fixed;AC=UNIMOD:4	q02287.raw	cell	HCC1937	b65c3bef2743f309b93ae90e0aada27c603b30cd1ff72f2e066736c7739394a2	SAMEA7713401
PXD008222-Sample 22	Homo sapiens	breast	adult	epithelial	Caucasian	23Y	female	primary ductal carcinoma	1	HCC1937	not available	run 122	AC=MS:1002038;NT=label free sample	not available	2	ftp://ftp.pride.ebi.ac.uk/pride/data/archive/2017/12/PXD008222/q02288.raw	NT=Q Exactive;AC=MS:1001911	NT=Trypsin;AC=MS:1001251	not available	0.01 Da	50 ppm	NT=Oxidation;MT=variable;TA=M;AC=UNIMOD:35	NT=Acetyl;AC=UNIMOD:1;PP=Protein N-term;MT=variable	NT=Carbamidomethyl;TA=C;MT=fixed;AC=UNIMOD:4	q02288.raw	cell	HCC1937	b65c3bef2743f309b93ae90e0aada27c603b30cd1ff72f2e066736c7739394a2	SAMEA7713401
PXD008222-Sample 22	Homo sapiens	breast	adult	epithelial	Caucasian	23Y	female	primary ductal carcinoma	1	HCC1937	not available	run 123	AC=MS:1002038;NT=label free sample	not available	3	ftp://ftp.pride.ebi.ac.uk/pride/data/archive/2017/12/PXD008222/q02289.raw	NT=Q Exactive;AC=MS:1001911	NT=Trypsin;AC=MS:1001251	not available	0.01 Da	50 ppm	NT=Oxidation;MT=variable;TA=M;AC=UNIMOD:35	NT=Acetyl;AC=UNIMOD:1;PP=Protein N-term;MT=variable	NT=Carbamidomethyl;TA=C;MT=fixed;AC=UNIMOD:4	q02289.raw	cell	HCC1937	b65c3bef2743f309b93ae90e0aada27c603b30cd1ff72f2e066736c7739394a2	SAMEA7713401
PXD008222-Sample 22	Homo sapiens	breast	adult	epithelial	Caucasian	23Y	female	primary ductal carcinoma	1	HCC1937	not available	run 124	AC=MS:1002038;NT=label free sample	not available	4	ftp://ftp.pride.ebi.ac.uk/pride/data/archive/2017/12/PXD008222/q02290.raw	NT=Q Exactive;AC=MS:1001911	NT=Trypsin;AC=MS:1001251	not available	0.01 Da	50 ppm	NT=Oxidation;MT=variable;TA=M;AC=UNIMOD:35	NT=Acetyl;AC=UNIMOD:1;PP=Protein N-term;MT=variable	NT=Carbamidomethyl;TA=C;MT=fixed;AC=UNIMOD:4	q02290.raw	cell	HCC1937	b65c3bef2743f309b93ae90e0aada27c603b30cd1ff72f2e066736c7739394a2	SAMEA7713401
PXD008222-Sample 22	Homo sapiens	breast	adult	epithelial	Caucasian	23Y	female	primary ductal carcinoma	1	HCC1937	not available	run 125	AC=MS:1002038;NT=label free sample	not available	5	ftp://ftp.pride.ebi.ac.uk/pride/data/archive/2017/12/PXD008222/q02291.raw	NT=Q Exactive;AC=MS:1001911	NT=Trypsin;AC=MS:1001251	not available	0.01 Da	50 ppm	NT=Oxidation;MT=variable;TA=M;AC=UNIMOD:35	NT=Acetyl;AC=UNIMOD:1;PP=Protein N-term;MT=variable	NT=Carbamidomethyl;TA=C;MT=fixed;AC=UNIMOD:4	q02291.raw	cell	HCC1937	b65c3bef2743f309b93ae90e0aada27c603b30cd1ff72f2e066736c7739394a2	SAMEA7713401
PXD008222-Sample 23	Homo sapiens	breast	adult	epithelial	Caucasian	44Y	female	primary ductal carcinoma	1	HCC1599	not available	run 126	AC=MS:1002038;NT=label free sample	not available	1	ftp://ftp.pride.ebi.ac.uk/pride/data/archive/2017/12/PXD008222/q02327.raw	NT=Q Exactive;AC=MS:1001911	NT=Lys-C;AC=MS:1001309	not available	0.01 Da	50 ppm	NT=Oxidation;MT=variable;TA=M;AC=UNIMOD:35	NT=Acetyl;AC=UNIMOD:1;PP=Protein N-term;MT=variable	NT=Carbamidomethyl;TA=C;MT=fixed;AC=UNIMOD:4	q02327.raw	cell	HCC1599	3fb7eae68f838db5fc28d544a1e0e5429cc874a6e3d25154e2d72a1905fde9b9	SAMEA7713402
PXD008222-Sample 23	Homo sapiens	breast	adult	epithelial	Caucasian	44Y	female	primary ductal carcinoma	1	HCC1599	not available	run 127	AC=MS:1002038;NT=label free sample	not available	2	ftp://ftp.pride.ebi.ac.uk/pride/data/archive/2017/12/PXD008222/q02328.raw	NT=Q Exactive;AC=MS:1001911	NT=Lys-C;AC=MS:1001309	not available	0.01 Da	50 ppm	NT=Oxidation;MT=variable;TA=M;AC=UNIMOD:35	NT=Acetyl;AC=UNIMOD:1;PP=Protein N-term;MT=variable	NT=Carbamidomethyl;TA=C;MT=fixed;AC=UNIMOD:4	q02328.raw	cell	HCC1599	3fb7eae68f838db5fc28d544a1e0e5429cc874a6e3d25154e2d72a1905fde9b9	SAMEA7713402
PXD008222-Sample 23	Homo sapiens	breast	adult	epithelial	Caucasian	44Y	female	primary ductal carcinoma	1	HCC1599	not available	run 128	AC=MS:1002038;NT=label free sample	not available	3	ftp://ftp.pride.ebi.ac.uk/pride/data/archive/2017/12/PXD008222/q02329.raw	NT=Q Exactive;AC=MS:1001911	NT=Lys-C;AC=MS:1001309	not available	0.01 Da	50 ppm	NT=Oxidation;MT=variable;TA=M;AC=UNIMOD:35	NT=Acetyl;AC=UNIMOD:1;PP=Protein N-term;MT=variable	NT=Carbamidomethyl;TA=C;MT=fixed;AC=UNIMOD:4	q02329.raw	cell	HCC1599	3fb7eae68f838db5fc28d544a1e0e5429cc874a6e3d25154e2d72a1905fde9b9	SAMEA7713402
PXD008222-Sample 23	Homo sapiens	breast	adult	epithelial	Caucasian	44Y	female	primary ductal carcinoma	1	HCC1599	not available	run 129	AC=MS:1002038;NT=label free sample	not available	4	ftp://ftp.pride.ebi.ac.uk/pride/data/archive/2017/12/PXD008222/q02330.raw	NT=Q Exactive;AC=MS:1001911	NT=Lys-C;AC=MS:1001309	not available	0.01 Da	50 ppm	NT=Oxidation;MT=variable;TA=M;AC=UNIMOD:35	NT=Acetyl;AC=UNIMOD:1;PP=Protein N-term;MT=variable	NT=Carbamidomethyl;TA=C;MT=fixed;AC=UNIMOD:4	q02330.raw	cell	HCC1599	3fb7eae68f838db5fc28d544a1e0e5429cc874a6e3d25154e2d72a1905fde9b9	SAMEA7713402
PXD008222-Sample 23	Homo sapiens	breast	adult	epithelial	Caucasian	44Y	female	primary ductal carcinoma	1	HCC1599	not available	run 130	AC=MS:1002038;NT=label free sample	not available	5	ftp://ftp.pride.ebi.ac.uk/pride/data/archive/2017/12/PXD008222/q02331.raw	NT=Q Exactive;AC=MS:1001911	NT=Lys-C;AC=MS:1001309	not available	0.01 Da	50 ppm	NT=Oxidation;MT=variable;TA=M;AC=UNIMOD:35	NT=Acetyl;AC=UNIMOD:1;PP=Protein N-term;MT=variable	NT=Carbamidomethyl;TA=C;MT=fixed;AC=UNIMOD:4	q02331.raw	cell	HCC1599	3fb7eae68f838db5fc28d544a1e0e5429cc874a6e3d25154e2d72a1905fde9b9	SAMEA7713402
PXD008222-Sample 24	Homo sapiens	breast	adult	epithelial	Caucasian	44Y	female	primary ductal carcinoma	1	HCC1599	not available	run 131	AC=MS:1002038;NT=label free sample	not available	1	ftp://ftp.pride.ebi.ac.uk/pride/data/archive/2017/12/PXD008222/q02333.raw	NT=Q Exactive;AC=MS:1001911	NT=Trypsin;AC=MS:1001251	not available	0.01 Da	50 ppm	NT=Oxidation;MT=variable;TA=M;AC=UNIMOD:35	NT=Acetyl;AC=UNIMOD:1;PP=Protein N-term;MT=variable	NT=Carbamidomethyl;TA=C;MT=fixed;AC=UNIMOD:4	q02333.raw	cell	HCC1599	bf9f794f8c2e7dc818bf376f62cd3b11141278c66599cda1846b3f5a29239d21	SAMEA7713403
PXD008222-Sample 24	Homo sapiens	breast	adult	epithelial	Caucasian	44Y	female	primary ductal carcinoma	1	HCC1599	not available	run 132	AC=MS:1002038;NT=label free sample	not available	2	ftp://ftp.pride.ebi.ac.uk/pride/data/archive/2017/12/PXD008222/q02334.raw	NT=Q Exactive;AC=MS:1001911	NT=Trypsin;AC=MS:1001251	not available	0.01 Da	50 ppm	NT=Oxidation;MT=variable;TA=M;AC=UNIMOD:35	NT=Acetyl;AC=UNIMOD:1;PP=Protein N-term;MT=variable	NT=Carbamidomethyl;TA=C;MT=fixed;AC=UNIMOD:4	q02334.raw	cell	HCC1599	bf9f794f8c2e7dc818bf376f62cd3b11141278c66599cda1846b3f5a29239d21	SAMEA7713403
PXD008222-Sample 24	Homo sapiens	breast	adult	epithelial	Caucasian	44Y	female	primary ductal carcinoma	1	HCC1599	not available	run 133	AC=MS:1002038;NT=label free sample	not available	3	ftp://ftp.pride.ebi.ac.uk/pride/data/archive/2017/12/PXD008222/q02335.raw	NT=Q Exactive;AC=MS:1001911	NT=Trypsin;AC=MS:1001251	not available	0.01 Da	50 ppm	NT=Oxidation;MT=variable;TA=M;AC=UNIMOD:35	NT=Acetyl;AC=UNIMOD:1;PP=Protein N-term;MT=variable	NT=Carbamidomethyl;TA=C;MT=fixed;AC=UNIMOD:4	q02335.raw	cell	HCC1599	bf9f794f8c2e7dc818bf376f62cd3b11141278c66599cda1846b3f5a29239d21	SAMEA7713403
PXD008222-Sample 24	Homo sapiens	breast	adult	epithelial	Caucasian	44Y	female	primary ductal carcinoma	1	HCC1599	not available	run 134	AC=MS:1002038;NT=label free sample	not available	4	ftp://ftp.pride.ebi.ac.uk/pride/data/archive/2017/12/PXD008222/q02336.raw	NT=Q Exactive;AC=MS:1001911	NT=Trypsin;AC=MS:1001251	not available	0.01 Da	50 ppm	NT=Oxidation;MT=variable;TA=M;AC=UNIMOD:35	NT=Acetyl;AC=UNIMOD:1;PP=Protein N-term;MT=variable	NT=Carbamidomethyl;TA=C;MT=fixed;AC=UNIMOD:4	q02336.raw	cell	HCC1599	bf9f794f8c2e7dc818bf376f62cd3b11141278c66599cda1846b3f5a29239d21	SAMEA7713403
PXD008222-Sample 24	Homo sapiens	breast	adult	epithelial	Caucasian	44Y	female	primary ductal carcinoma	1	HCC1599	not available	run 135	AC=MS:1002038;NT=label free sample	not available	5	ftp://ftp.pride.ebi.ac.uk/pride/data/archive/2017/12/PXD008222/q02337.raw	NT=Q Exactive;AC=MS:1001911	NT=Trypsin;AC=MS:1001251	not available	0.01 Da	50 ppm	NT=Oxidation;MT=variable;TA=M;AC=UNIMOD:35	NT=Acetyl;AC=UNIMOD:1;PP=Protein N-term;MT=variable	NT=Carbamidomethyl;TA=C;MT=fixed;AC=UNIMOD:4	q02337.raw	cell	HCC1599	bf9f794f8c2e7dc818bf376f62cd3b11141278c66599cda1846b3f5a29239d21	SAMEA7713403
PXD008222-Sample 25	Homo sapiens	breast	adult	epithelial	Caucasian	70Y	female	breast carcinoma	1	SW527	not available	run 136	AC=MS:1002038;NT=label free sample	not available	1	ftp://ftp.pride.ebi.ac.uk/pride/data/archive/2017/12/PXD008222/q02339.raw	NT=Q Exactive;AC=MS:1001911	NT=Trypsin;AC=MS:1001251	not available	0.01 Da	50 ppm	NT=Oxidation;MT=variable;TA=M;AC=UNIMOD:35	NT=Acetyl;AC=UNIMOD:1;PP=Protein N-term;MT=variable	NT=Carbamidomethyl;TA=C;MT=fixed;AC=UNIMOD:4	q02339.raw	cell	SW527	aac7c8360e7e6a32aa48871eee579848026bc57f1a092ad837a64b3c6f02797b	SAMEA7713404
PXD008222-Sample 25	Homo sapiens	breast	adult	epithelial	Caucasian	70Y	female	breast carcinoma	1	SW527	not available	run 137	AC=MS:1002038;NT=label free sample	not available	2	ftp://ftp.pride.ebi.ac.uk/pride/data/archive/2017/12/PXD008222/q02346.raw	NT=Q Exactive;AC=MS:1001911	NT=Trypsin;AC=MS:1001251	not available	0.01 Da	50 ppm	NT=Oxidation;MT=variable;TA=M;AC=UNIMOD:35	NT=Acetyl;AC=UNIMOD:1;PP=Protein N-term;MT=variable	NT=Carbamidomethyl;TA=C;MT=fixed;AC=UNIMOD:4	q02346.raw	cell	SW527	aac7c8360e7e6a32aa48871eee579848026bc57f1a092ad837a64b3c6f02797b	SAMEA7713404
PXD008222-Sample 25	Homo sapiens	breast	adult	epithelial	Caucasian	70Y	female	breast carcinoma	1	SW527	not available	run 138	AC=MS:1002038;NT=label free sample	not available	3	ftp://ftp.pride.ebi.ac.uk/pride/data/archive/2017/12/PXD008222/q02347.raw	NT=Q Exactive;AC=MS:1001911	NT=Trypsin;AC=MS:1001251	not available	0.01 Da	50 ppm	NT=Oxidation;MT=variable;TA=M;AC=UNIMOD:35	NT=Acetyl;AC=UNIMOD:1;PP=Protein N-term;MT=variable	NT=Carbamidomethyl;TA=C;MT=fixed;AC=UNIMOD:4	q02347.raw	cell	SW527	aac7c8360e7e6a32aa48871eee579848026bc57f1a092ad837a64b3c6f02797b	SAMEA7713404
PXD008222-Sample 25	Homo sapiens	breast	adult	epithelial	Caucasian	70Y	female	breast carcinoma	1	SW527	not available	run 139	AC=MS:1002038;NT=label free sample	not available	4	ftp://ftp.pride.ebi.ac.uk/pride/data/archive/2017/12/PXD008222/q02348.raw	NT=Q Exactive;AC=MS:1001911	NT=Trypsin;AC=MS:1001251	not available	0.01 Da	50 ppm	NT=Oxidation;MT=variable;TA=M;AC=UNIMOD:35	NT=Acetyl;AC=UNIMOD:1;PP=Protein N-term;MT=variable	NT=Carbamidomethyl;TA=C;MT=fixed;AC=UNIMOD:4	q02348.raw	cell	SW527	aac7c8360e7e6a32aa48871eee579848026bc57f1a092ad837a64b3c6f02797b	SAMEA7713404
PXD008222-Sample 26	Homo sapiens	breast	adult	epithelial	Caucasian	70Y	female	breast carcinoma	1	SW527	not available	run 140	AC=MS:1002038;NT=label free sample	not available	1	ftp://ftp.pride.ebi.ac.uk/pride/data/archive/2017/12/PXD008222/q02350.raw	NT=Q Exactive;AC=MS:1001911	NT=Lys-C;AC=MS:1001309	not available	0.01 Da	50 ppm	NT=Oxidation;MT=variable;TA=M;AC=UNIMOD:35	NT=Acetyl;AC=UNIMOD:1;PP=Protein N-term;MT=variable	NT=Carbamidomethyl;TA=C;MT=fixed;AC=UNIMOD:4	q02350.raw	cell	SW527	34be30d306ab6b90097616e948a11e320daf0188039abfc65b8aed677efdeea3	SAMEA7713405
PXD008222-Sample 26	Homo sapiens	breast	adult	epithelial	Caucasian	70Y	female	breast carcinoma	1	SW527	not available	run 141	AC=MS:1002038;NT=label free sample	not available	2	ftp://ftp.pride.ebi.ac.uk/pride/data/archive/2017/12/PXD008222/q02351.raw	NT=Q Exactive;AC=MS:1001911	NT=Lys-C;AC=MS:1001309	not available	0.01 Da	50 ppm	NT=Oxidation;MT=variable;TA=M;AC=UNIMOD:35	NT=Acetyl;AC=UNIMOD:1;PP=Protein N-term;MT=variable	NT=Carbamidomethyl;TA=C;MT=fixed;AC=UNIMOD:4	q02351.raw	cell	SW527	34be30d306ab6b90097616e948a11e320daf0188039abfc65b8aed677efdeea3	SAMEA7713405
PXD008222-Sample 26	Homo sapiens	breast	adult	epithelial	Caucasian	70Y	female	breast carcinoma	1	SW527	not available	run 142	AC=MS:1002038;NT=label free sample	not available	3	ftp://ftp.pride.ebi.ac.uk/pride/data/archive/2017/12/PXD008222/q02352.raw	NT=Q Exactive;AC=MS:1001911	NT=Lys-C;AC=MS:1001309	not available	0.01 Da	50 ppm	NT=Oxidation;MT=variable;TA=M;AC=UNIMOD:35	NT=Acetyl;AC=UNIMOD:1;PP=Protein N-term;MT=variable	NT=Carbamidomethyl;TA=C;MT=fixed;AC=UNIMOD:4	q02352.raw	cell	SW527	34be30d306ab6b90097616e948a11e320daf0188039abfc65b8aed677efdeea3	SAMEA7713405
PXD008222-Sample 26	Homo sapiens	breast	adult	epithelial	Caucasian	70Y	female	breast carcinoma	1	SW527	not available	run 143	AC=MS:1002038;NT=label free sample	not available	4	ftp://ftp.pride.ebi.ac.uk/pride/data/archive/2017/12/PXD008222/q02353.raw	NT=Q Exactive;AC=MS:1001911	NT=Lys-C;AC=MS:1001309	not available	0.01 Da	50 ppm	NT=Oxidation;MT=variable;TA=M;AC=UNIMOD:35	NT=Acetyl;AC=UNIMOD:1;PP=Protein N-term;MT=variable	NT=Carbamidomethyl;TA=C;MT=fixed;AC=UNIMOD:4	q02353.raw	cell	SW527	34be30d306ab6b90097616e948a11e320daf0188039abfc65b8aed677efdeea3	SAMEA7713405
PXD008222-Sample 26	Homo sapiens	breast	adult	epithelial	Caucasian	70Y	female	breast carcinoma	1	SW527	not available	run 144	AC=MS:1002038;NT=label free sample	not available	5	ftp://ftp.pride.ebi.ac.uk/pride/data/archive/2017/12/PXD008222/q02354.raw	NT=Q Exactive;AC=MS:1001911	NT=Lys-C;AC=MS:1001309	not available	0.01 Da	50 ppm	NT=Oxidation;MT=variable;TA=M;AC=UNIMOD:35	NT=Acetyl;AC=UNIMOD:1;PP=Protein N-term;MT=variable	NT=Carbamidomethyl;TA=C;MT=fixed;AC=UNIMOD:4	q02354.raw	cell	SW527	34be30d306ab6b90097616e948a11e320daf0188039abfc65b8aed677efdeea3	SAMEA7713405
PXD008222-Sample 25	Homo sapiens	breast	adult	epithelial	Caucasian	70Y	female	breast carcinoma	1	SW527	not available	run 145	AC=MS:1002038;NT=label free sample	not available	5	ftp://ftp.pride.ebi.ac.uk/pride/data/archive/2017/12/PXD008222/q02356.raw	NT=Q Exactive;AC=MS:1001911	NT=Trypsin;AC=MS:1001251	not available	0.01 Da	50 ppm	NT=Oxidation;MT=variable;TA=M;AC=UNIMOD:35	NT=Acetyl;AC=UNIMOD:1;PP=Protein N-term;MT=variable	NT=Carbamidomethyl;TA=C;MT=fixed;AC=UNIMOD:4	q02356.raw	cell	SW527	aac7c8360e7e6a32aa48871eee579848026bc57f1a092ad837a64b3c6f02797b	SAMEA7713404
PXD008222-Sample 27	Homo sapiens	breast	adult	epithelial	Caucasian	74Y	female	breast carcinoma	1	HS578T	not available	run 146	AC=MS:1002038;NT=label free sample	not available	1	ftp://ftp.pride.ebi.ac.uk/pride/data/archive/2017/12/PXD008222/q02358.raw	NT=Q Exactive;AC=MS:1001911	NT=Lys-C;AC=MS:1001309	not available	0.01 Da	50 ppm	NT=Oxidation;MT=variable;TA=M;AC=UNIMOD:35	NT=Acetyl;AC=UNIMOD:1;PP=Protein N-term;MT=variable	NT=Carbamidomethyl;TA=C;MT=fixed;AC=UNIMOD:4	q02358.raw	cell	HS578T	fcb88d5b4b7c762d23c206fb8f807de368426dfa3222c697cf8f421fc78ef139	SAMEA7713406
PXD008222-Sample 27	Homo sapiens	breast	adult	epithelial	Caucasian	74Y	female	breast carcinoma	1	HS578T	not available	run 147	AC=MS:1002038;NT=label free sample	not available	2	ftp://ftp.pride.ebi.ac.uk/pride/data/archive/2017/12/PXD008222/q02359.raw	NT=Q Exactive;AC=MS:1001911	NT=Lys-C;AC=MS:1001309	not available	0.01 Da	50 ppm	NT=Oxidation;MT=variable;TA=M;AC=UNIMOD:35	NT=Acetyl;AC=UNIMOD:1;PP=Protein N-term;MT=variable	NT=Carbamidomethyl;TA=C;MT=fixed;AC=UNIMOD:4	q02359.raw	cell	HS578T	fcb88d5b4b7c762d23c206fb8f807de368426dfa3222c697cf8f421fc78ef139	SAMEA7713406
PXD008222-Sample 27	Homo sapiens	breast	adult	epithelial	Caucasian	74Y	female	breast carcinoma	1	HS578T	not available	run 148	AC=MS:1002038;NT=label free sample	not available	3	ftp://ftp.pride.ebi.ac.uk/pride/data/archive/2017/12/PXD008222/q02360.raw	NT=Q Exactive;AC=MS:1001911	NT=Lys-C;AC=MS:1001309	not available	0.01 Da	50 ppm	NT=Oxidation;MT=variable;TA=M;AC=UNIMOD:35	NT=Acetyl;AC=UNIMOD:1;PP=Protein N-term;MT=variable	NT=Carbamidomethyl;TA=C;MT=fixed;AC=UNIMOD:4	q02360.raw	cell	HS578T	fcb88d5b4b7c762d23c206fb8f807de368426dfa3222c697cf8f421fc78ef139	SAMEA7713406
PXD008222-Sample 27	Homo sapiens	breast	adult	epithelial	Caucasian	74Y	female	breast carcinoma	1	HS578T	not available	run 149	AC=MS:1002038;NT=label free sample	not available	4	ftp://ftp.pride.ebi.ac.uk/pride/data/archive/2017/12/PXD008222/q02361.raw	NT=Q Exactive;AC=MS:1001911	NT=Lys-C;AC=MS:1001309	not available	0.01 Da	50 ppm	NT=Oxidation;MT=variable;TA=M;AC=UNIMOD:35	NT=Acetyl;AC=UNIMOD:1;PP=Protein N-term;MT=variable	NT=Carbamidomethyl;TA=C;MT=fixed;AC=UNIMOD:4	q02361.raw	cell	HS578T	fcb88d5b4b7c762d23c206fb8f807de368426dfa3222c697cf8f421fc78ef139	SAMEA7713406
PXD008222-Sample 27	Homo sapiens	breast	adult	epithelial	Caucasian	74Y	female	breast carcinoma	1	HS578T	not available	run 150	AC=MS:1002038;NT=label free sample	not available	5	ftp://ftp.pride.ebi.ac.uk/pride/data/archive/2017/12/PXD008222/q02362.raw	NT=Q Exactive;AC=MS:1001911	NT=Lys-C;AC=MS:1001309	not available	0.01 Da	50 ppm	NT=Oxidation;MT=variable;TA=M;AC=UNIMOD:35	NT=Acetyl;AC=UNIMOD:1;PP=Protein N-term;MT=variable	NT=Carbamidomethyl;TA=C;MT=fixed;AC=UNIMOD:4	q02362.raw	cell	HS578T	fcb88d5b4b7c762d23c206fb8f807de368426dfa3222c697cf8f421fc78ef139	SAMEA7713406
PXD008222-Sample 28	Homo sapiens	breast	adult	epithelial	Caucasian	74Y	female	breast carcinoma	1	HS578T	not available	run 151	AC=MS:1002038;NT=label free sample	not available	1	ftp://ftp.pride.ebi.ac.uk/pride/data/archive/2017/12/PXD008222/q02364.raw	NT=Q Exactive;AC=MS:1001911	NT=Trypsin;AC=MS:1001251	not available	0.01 Da	50 ppm	NT=Oxidation;MT=variable;TA=M;AC=UNIMOD:35	NT=Acetyl;AC=UNIMOD:1;PP=Protein N-term;MT=variable	NT=Carbamidomethyl;TA=C;MT=fixed;AC=UNIMOD:4	q02364.raw	cell	HS578T	3c9f9d92439fb6acdb86904861c25d110853c35e008265b9ee26985eb2521927	SAMEA7713407
PXD008222-Sample 28	Homo sapiens	breast	adult	epithelial	Caucasian	74Y	female	breast carcinoma	1	HS578T	not available	run 152	AC=MS:1002038;NT=label free sample	not available	2	ftp://ftp.pride.ebi.ac.uk/pride/data/archive/2017/12/PXD008222/q02365.raw	NT=Q Exactive;AC=MS:1001911	NT=Trypsin;AC=MS:1001251	not available	0.01 Da	50 ppm	NT=Oxidation;MT=variable;TA=M;AC=UNIMOD:35	NT=Acetyl;AC=UNIMOD:1;PP=Protein N-term;MT=variable	NT=Carbamidomethyl;TA=C;MT=fixed;AC=UNIMOD:4	q02365.raw	cell	HS578T	3c9f9d92439fb6acdb86904861c25d110853c35e008265b9ee26985eb2521927	SAMEA7713407
PXD008222-Sample 28	Homo sapiens	breast	adult	epithelial	Caucasian	74Y	female	breast carcinoma	1	HS578T	not available	run 153	AC=MS:1002038;NT=label free sample	not available	3	ftp://ftp.pride.ebi.ac.uk/pride/data/archive/2017/12/PXD008222/q02366.raw	NT=Q Exactive;AC=MS:1001911	NT=Trypsin;AC=MS:1001251	not available	0.01 Da	50 ppm	NT=Oxidation;MT=variable;TA=M;AC=UNIMOD:35	NT=Acetyl;AC=UNIMOD:1;PP=Protein N-term;MT=variable	NT=Carbamidomethyl;TA=C;MT=fixed;AC=UNIMOD:4	q02366.raw	cell	HS578T	3c9f9d92439fb6acdb86904861c25d110853c35e008265b9ee26985eb2521927	SAMEA7713407
PXD008222-Sample 28	Homo sapiens	breast	adult	epithelial	Caucasian	74Y	female	breast carcinoma	1	HS578T	not available	run 154	AC=MS:1002038;NT=label free sample	not available	4	ftp://ftp.pride.ebi.ac.uk/pride/data/archive/2017/12/PXD008222/q02367.raw	NT=Q Exactive;AC=MS:1001911	NT=Trypsin;AC=MS:1001251	not available	0.01 Da	50 ppm	NT=Oxidation;MT=variable;TA=M;AC=UNIMOD:35	NT=Acetyl;AC=UNIMOD:1;PP=Protein N-term;MT=variable	NT=Carbamidomethyl;TA=C;MT=fixed;AC=UNIMOD:4	q02367.raw	cell	HS578T	3c9f9d92439fb6acdb86904861c25d110853c35e008265b9ee26985eb2521927	SAMEA7713407
PXD008222-Sample 28	Homo sapiens	breast	adult	epithelial	Caucasian	74Y	female	breast carcinoma	1	HS578T	not available	run 155	AC=MS:1002038;NT=label free sample	not available	5	ftp://ftp.pride.ebi.ac.uk/pride/data/archive/2017/12/PXD008222/q02368.raw	NT=Q Exactive;AC=MS:1001911	NT=Trypsin;AC=MS:1001251	not available	0.01 Da	50 ppm	NT=Oxidation;MT=variable;TA=M;AC=UNIMOD:35	NT=Acetyl;AC=UNIMOD:1;PP=Protein N-term;MT=variable	NT=Carbamidomethyl;TA=C;MT=fixed;AC=UNIMOD:4	q02368.raw	cell	HS578T	3c9f9d92439fb6acdb86904861c25d110853c35e008265b9ee26985eb2521927	SAMEA7713407
PXD008222-Sample 29	Homo sapiens	breast	adult	epithelial	Caucasian	74Y	female	breast carcinoma	1	BT20	not available	run 156	AC=MS:1002038;NT=label free sample	not available	1	ftp://ftp.pride.ebi.ac.uk/pride/data/archive/2017/12/PXD008222/q02407.raw	NT=Q Exactive;AC=MS:1001911	NT=Lys-C;AC=MS:1001309	not available	0.01 Da	50 ppm	NT=Oxidation;MT=variable;TA=M;AC=UNIMOD:35	NT=Acetyl;AC=UNIMOD:1;PP=Protein N-term;MT=variable	NT=Carbamidomethyl;TA=C;MT=fixed;AC=UNIMOD:4	q02407.raw	cell	BT20	ba6c76a18724db2435513accf795bee3722997f7be9f017d95839848fa7df8d4	SAMEA7713408
PXD008222-Sample 29	Homo sapiens	breast	adult	epithelial	Caucasian	74Y	female	breast carcinoma	1	BT20	not available	run 157	AC=MS:1002038;NT=label free sample	not available	2	ftp://ftp.pride.ebi.ac.uk/pride/data/archive/2017/12/PXD008222/q02408.raw	NT=Q Exactive;AC=MS:1001911	NT=Lys-C;AC=MS:1001309	not available	0.01 Da	50 ppm	NT=Oxidation;MT=variable;TA=M;AC=UNIMOD:35	NT=Acetyl;AC=UNIMOD:1;PP=Protein N-term;MT=variable	NT=Carbamidomethyl;TA=C;MT=fixed;AC=UNIMOD:4	q02408.raw	cell	BT20	ba6c76a18724db2435513accf795bee3722997f7be9f017d95839848fa7df8d4	SAMEA7713408
PXD008222-Sample 29	Homo sapiens	breast	adult	epithelial	Caucasian	74Y	female	breast carcinoma	1	BT20	not available	run 158	AC=MS:1002038;NT=label free sample	not available	3	ftp://ftp.pride.ebi.ac.uk/pride/data/archive/2017/12/PXD008222/q02409.raw	NT=Q Exactive;AC=MS:1001911	NT=Lys-C;AC=MS:1001309	not available	0.01 Da	50 ppm	NT=Oxidation;MT=variable;TA=M;AC=UNIMOD:35	NT=Acetyl;AC=UNIMOD:1;PP=Protein N-term;MT=variable	NT=Carbamidomethyl;TA=C;MT=fixed;AC=UNIMOD:4	q02409.raw	cell	BT20	ba6c76a18724db2435513accf795bee3722997f7be9f017d95839848fa7df8d4	SAMEA7713408
PXD008222-Sample 29	Homo sapiens	breast	adult	epithelial	Caucasian	74Y	female	breast carcinoma	1	BT20	not available	run 159	AC=MS:1002038;NT=label free sample	not available	4	ftp://ftp.pride.ebi.ac.uk/pride/data/archive/2017/12/PXD008222/q02410.raw	NT=Q Exactive;AC=MS:1001911	NT=Lys-C;AC=MS:1001309	not available	0.01 Da	50 ppm	NT=Oxidation;MT=variable;TA=M;AC=UNIMOD:35	NT=Acetyl;AC=UNIMOD:1;PP=Protein N-term;MT=variable	NT=Carbamidomethyl;TA=C;MT=fixed;AC=UNIMOD:4	q02410.raw	cell	BT20	ba6c76a18724db2435513accf795bee3722997f7be9f017d95839848fa7df8d4	SAMEA7713408
PXD008222-Sample 29	Homo sapiens	breast	adult	epithelial	Caucasian	74Y	female	breast carcinoma	1	BT20	not available	run 160	AC=MS:1002038;NT=label free sample	not available	5	ftp://ftp.pride.ebi.ac.uk/pride/data/archive/2017/12/PXD008222/q02411.raw	NT=Q Exactive;AC=MS:1001911	NT=Lys-C;AC=MS:1001309	not available	0.01 Da	50 ppm	NT=Oxidation;MT=variable;TA=M;AC=UNIMOD:35	NT=Acetyl;AC=UNIMOD:1;PP=Protein N-term;MT=variable	NT=Carbamidomethyl;TA=C;MT=fixed;AC=UNIMOD:4	q02411.raw	cell	BT20	ba6c76a18724db2435513accf795bee3722997f7be9f017d95839848fa7df8d4	SAMEA7713408
PXD008222-Sample 30	Homo sapiens	breast	adult	epithelial	Caucasian	74Y	female	breast carcinoma	1	BT20	not available	run 161	AC=MS:1002038;NT=label free sample	not available	1	ftp://ftp.pride.ebi.ac.uk/pride/data/archive/2017/12/PXD008222/q02413.raw	NT=Q Exactive;AC=MS:1001911	NT=Trypsin;AC=MS:1001251	not available	0.01 Da	50 ppm	NT=Oxidation;MT=variable;TA=M;AC=UNIMOD:35	NT=Acetyl;AC=UNIMOD:1;PP=Protein N-term;MT=variable	NT=Carbamidomethyl;TA=C;MT=fixed;AC=UNIMOD:4	q02413.raw	cell	BT20	4a2e5a8fd2bfeef1ccd01481bd76e59aa03cbc7c446416e3ace15ff690a45232	SAMEA7713409
PXD008222-Sample 30	Homo sapiens	breast	adult	epithelial	Caucasian	74Y	female	breast carcinoma	1	BT20	not available	run 162	AC=MS:1002038;NT=label free sample	not available	2	ftp://ftp.pride.ebi.ac.uk/pride/data/archive/2017/12/PXD008222/q02414.raw	NT=Q Exactive;AC=MS:1001911	NT=Trypsin;AC=MS:1001251	not available	0.01 Da	50 ppm	NT=Oxidation;MT=variable;TA=M;AC=UNIMOD:35	NT=Acetyl;AC=UNIMOD:1;PP=Protein N-term;MT=variable	NT=Carbamidomethyl;TA=C;MT=fixed;AC=UNIMOD:4	q02414.raw	cell	BT20	4a2e5a8fd2bfeef1ccd01481bd76e59aa03cbc7c446416e3ace15ff690a45232	SAMEA7713409
PXD008222-Sample 30	Homo sapiens	breast	adult	epithelial	Caucasian	74Y	female	breast carcinoma	1	BT20	not available	run 163	AC=MS:1002038;NT=label free sample	not available	3	ftp://ftp.pride.ebi.ac.uk/pride/data/archive/2017/12/PXD008222/q02415.raw	NT=Q Exactive;AC=MS:1001911	NT=Trypsin;AC=MS:1001251	not available	0.01 Da	50 ppm	NT=Oxidation;MT=variable;TA=M;AC=UNIMOD:35	NT=Acetyl;AC=UNIMOD:1;PP=Protein N-term;MT=variable	NT=Carbamidomethyl;TA=C;MT=fixed;AC=UNIMOD:4	q02415.raw	cell	BT20	4a2e5a8fd2bfeef1ccd01481bd76e59aa03cbc7c446416e3ace15ff690a45232	SAMEA7713409
PXD008222-Sample 30	Homo sapiens	breast	adult	epithelial	Caucasian	74Y	female	breast carcinoma	1	BT20	not available	run 164	AC=MS:1002038;NT=label free sample	not available	4	ftp://ftp.pride.ebi.ac.uk/pride/data/archive/2017/12/PXD008222/q02416.raw	NT=Q Exactive;AC=MS:1001911	NT=Trypsin;AC=MS:1001251	not available	0.01 Da	50 ppm	NT=Oxidation;MT=variable;TA=M;AC=UNIMOD:35	NT=Acetyl;AC=UNIMOD:1;PP=Protein N-term;MT=variable	NT=Carbamidomethyl;TA=C;MT=fixed;AC=UNIMOD:4	q02416.raw	cell	BT20	4a2e5a8fd2bfeef1ccd01481bd76e59aa03cbc7c446416e3ace15ff690a45232	SAMEA7713409
PXD008222-Sample 30	Homo sapiens	breast	adult	epithelial	Caucasian	74Y	female	breast carcinoma	1	BT20	not available	run 165	AC=MS:1002038;NT=label free sample	not available	5	ftp://ftp.pride.ebi.ac.uk/pride/data/archive/2017/12/PXD008222/q02417.raw	NT=Q Exactive;AC=MS:1001911	NT=Trypsin;AC=MS:1001251	not available	0.01 Da	50 ppm	NT=Oxidation;MT=variable;TA=M;AC=UNIMOD:35	NT=Acetyl;AC=UNIMOD:1;PP=Protein N-term;MT=variable	NT=Carbamidomethyl;TA=C;MT=fixed;AC=UNIMOD:4	q02417.raw	cell	BT20	4a2e5a8fd2bfeef1ccd01481bd76e59aa03cbc7c446416e3ace15ff690a45232	SAMEA7713409
PXD008222-Sample 31	Homo sapiens	breast	adult	epithelial	Black	44Y	female	medulallary carcinoma	1	MDAMB157	not available	run 166	AC=MS:1002038;NT=label free sample	not available	1	ftp://ftp.pride.ebi.ac.uk/pride/data/archive/2017/12/PXD008222/q02425.raw	NT=Q Exactive;AC=MS:1001911	NT=Lys-C;AC=MS:1001309	not available	0.01 Da	50 ppm	NT=Oxidation;MT=variable;TA=M;AC=UNIMOD:35	NT=Acetyl;AC=UNIMOD:1;PP=Protein N-term;MT=variable	NT=Carbamidomethyl;TA=C;MT=fixed;AC=UNIMOD:4	q02425.raw	cell	MDAMB157	e4d4cee4a879829e995ed50c63608a9fe7977c41e9978e427e143a0f3b3ae95c	SAMEA7713410
PXD008222-Sample 31	Homo sapiens	breast	adult	epithelial	Black	44Y	female	medulallary carcinoma	1	MDAMB157	not available	run 167	AC=MS:1002038;NT=label free sample	not available	2	ftp://ftp.pride.ebi.ac.uk/pride/data/archive/2017/12/PXD008222/q02426.raw	NT=Q Exactive;AC=MS:1001911	NT=Lys-C;AC=MS:1001309	not available	0.01 Da	50 ppm	NT=Oxidation;MT=variable;TA=M;AC=UNIMOD:35	NT=Acetyl;AC=UNIMOD:1;PP=Protein N-term;MT=variable	NT=Carbamidomethyl;TA=C;MT=fixed;AC=UNIMOD:4	q02426.raw	cell	MDAMB157	e4d4cee4a879829e995ed50c63608a9fe7977c41e9978e427e143a0f3b3ae95c	SAMEA7713410
PXD008222-Sample 31	Homo sapiens	breast	adult	epithelial	Black	44Y	female	medulallary carcinoma	1	MDAMB157	not available	run 168	AC=MS:1002038;NT=label free sample	not available	3	ftp://ftp.pride.ebi.ac.uk/pride/data/archive/2017/12/PXD008222/q02427.raw	NT=Q Exactive;AC=MS:1001911	NT=Lys-C;AC=MS:1001309	not available	0.01 Da	50 ppm	NT=Oxidation;MT=variable;TA=M;AC=UNIMOD:35	NT=Acetyl;AC=UNIMOD:1;PP=Protein N-term;MT=variable	NT=Carbamidomethyl;TA=C;MT=fixed;AC=UNIMOD:4	q02427.raw	cell	MDAMB157	e4d4cee4a879829e995ed50c63608a9fe7977c41e9978e427e143a0f3b3ae95c	SAMEA7713410
PXD008222-Sample 31	Homo sapiens	breast	adult	epithelial	Black	44Y	female	medulallary carcinoma	1	MDAMB157	not available	run 169	AC=MS:1002038;NT=label free sample	not available	4	ftp://ftp.pride.ebi.ac.uk/pride/data/archive/2017/12/PXD008222/q02428.raw	NT=Q Exactive;AC=MS:1001911	NT=Lys-C;AC=MS:1001309	not available	0.01 Da	50 ppm	NT=Oxidation;MT=variable;TA=M;AC=UNIMOD:35	NT=Acetyl;AC=UNIMOD:1;PP=Protein N-term;MT=variable	NT=Carbamidomethyl;TA=C;MT=fixed;AC=UNIMOD:4	q02428.raw	cell	MDAMB157	e4d4cee4a879829e995ed50c63608a9fe7977c41e9978e427e143a0f3b3ae95c	SAMEA7713410
PXD008222-Sample 31	Homo sapiens	breast	adult	epithelial	Black	44Y	female	medulallary carcinoma	1	MDAMB157	not available	run 170	AC=MS:1002038;NT=label free sample	not available	5	ftp://ftp.pride.ebi.ac.uk/pride/data/archive/2017/12/PXD008222/q02429.raw	NT=Q Exactive;AC=MS:1001911	NT=Lys-C;AC=MS:1001309	not available	0.01 Da	50 ppm	NT=Oxidation;MT=variable;TA=M;AC=UNIMOD:35	NT=Acetyl;AC=UNIMOD:1;PP=Protein N-term;MT=variable	NT=Carbamidomethyl;TA=C;MT=fixed;AC=UNIMOD:4	q02429.raw	cell	MDAMB157	e4d4cee4a879829e995ed50c63608a9fe7977c41e9978e427e143a0f3b3ae95c	SAMEA7713410
PXD008222-Sample 32	Homo sapiens	breast	adult	epithelial	Black	44Y	female	medulallary carcinoma	1	MDAMB157	not available	run 171	AC=MS:1002038;NT=label free sample	not available	1	ftp://ftp.pride.ebi.ac.uk/pride/data/archive/2017/12/PXD008222/q02431.raw	NT=Q Exactive;AC=MS:1001911	NT=Trypsin;AC=MS:1001251	not available	0.01 Da	50 ppm	NT=Oxidation;MT=variable;TA=M;AC=UNIMOD:35	NT=Acetyl;AC=UNIMOD:1;PP=Protein N-term;MT=variable	NT=Carbamidomethyl;TA=C;MT=fixed;AC=UNIMOD:4	q02431.raw	cell	MDAMB157	d66f604c0a5c94cd088d7ae2bd672a07a1cee9ee551b6bb45caf0ec2806ae1d1	SAMEA7713411
PXD008222-Sample 32	Homo sapiens	breast	adult	epithelial	Black	44Y	female	medulallary carcinoma	1	MDAMB157	not available	run 172	AC=MS:1002038;NT=label free sample	not available	2	ftp://ftp.pride.ebi.ac.uk/pride/data/archive/2017/12/PXD008222/q02432.raw	NT=Q Exactive;AC=MS:1001911	NT=Trypsin;AC=MS:1001251	not available	0.01 Da	50 ppm	NT=Oxidation;MT=variable;TA=M;AC=UNIMOD:35	NT=Acetyl;AC=UNIMOD:1;PP=Protein N-term;MT=variable	NT=Carbamidomethyl;TA=C;MT=fixed;AC=UNIMOD:4	q02432.raw	cell	MDAMB157	d66f604c0a5c94cd088d7ae2bd672a07a1cee9ee551b6bb45caf0ec2806ae1d1	SAMEA7713411
PXD008222-Sample 32	Homo sapiens	breast	adult	epithelial	Black	44Y	female	medulallary carcinoma	1	MDAMB157	not available	run 173	AC=MS:1002038;NT=label free sample	not available	3	ftp://ftp.pride.ebi.ac.uk/pride/data/archive/2017/12/PXD008222/q02433.raw	NT=Q Exactive;AC=MS:1001911	NT=Trypsin;AC=MS:1001251	not available	0.01 Da	50 ppm	NT=Oxidation;MT=variable;TA=M;AC=UNIMOD:35	NT=Acetyl;AC=UNIMOD:1;PP=Protein N-term;MT=variable	NT=Carbamidomethyl;TA=C;MT=fixed;AC=UNIMOD:4	q02433.raw	cell	MDAMB157	d66f604c0a5c94cd088d7ae2bd672a07a1cee9ee551b6bb45caf0ec2806ae1d1	SAMEA7713411
PXD008222-Sample 32	Homo sapiens	breast	adult	epithelial	Black	44Y	female	medulallary carcinoma	1	MDAMB157	not available	run 174	AC=MS:1002038;NT=label free sample	not available	4	ftp://ftp.pride.ebi.ac.uk/pride/data/archive/2017/12/PXD008222/q02434.raw	NT=Q Exactive;AC=MS:1001911	NT=Trypsin;AC=MS:1001251	not available	0.01 Da	50 ppm	NT=Oxidation;MT=variable;TA=M;AC=UNIMOD:35	NT=Acetyl;AC=UNIMOD:1;PP=Protein N-term;MT=variable	NT=Carbamidomethyl;TA=C;MT=fixed;AC=UNIMOD:4	q02434.raw	cell	MDAMB157	d66f604c0a5c94cd088d7ae2bd672a07a1cee9ee551b6bb45caf0ec2806ae1d1	SAMEA7713411
PXD008222-Sample 32	Homo sapiens	breast	adult	epithelial	Black	44Y	female	medulallary carcinoma	1	MDAMB157	not available	run 175	AC=MS:1002038;NT=label free sample	not available	5	ftp://ftp.pride.ebi.ac.uk/pride/data/archive/2017/12/PXD008222/q02435.raw	NT=Q Exactive;AC=MS:1001911	NT=Trypsin;AC=MS:1001251	not available	0.01 Da	50 ppm	NT=Oxidation;MT=variable;TA=M;AC=UNIMOD:35	NT=Acetyl;AC=UNIMOD:1;PP=Protein N-term;MT=variable	NT=Carbamidomethyl;TA=C;MT=fixed;AC=UNIMOD:4	q02435.raw	cell	MDAMB157	d66f604c0a5c94cd088d7ae2bd672a07a1cee9ee551b6bb45caf0ec2806ae1d1	SAMEA7713411
PXD008222-Sample 33	Homo sapiens	breast	adult	epithelial	Caucasian	72Y	female	ductal carcinoma	1	BT549	not available	run 176	AC=MS:1002038;NT=label free sample	not available	1	ftp://ftp.pride.ebi.ac.uk/pride/data/archive/2017/12/PXD008222/q02438.raw	NT=Q Exactive;AC=MS:1001911	NT=Lys-C;AC=MS:1001309	not available	0.01 Da	50 ppm	NT=Oxidation;MT=variable;TA=M;AC=UNIMOD:35	NT=Acetyl;AC=UNIMOD:1;PP=Protein N-term;MT=variable	NT=Carbamidomethyl;TA=C;MT=fixed;AC=UNIMOD:4	q02438.raw	cell	BT549	4c02f49284947e53b838e55d224c255cd5c01dd317182cad7d6f3aa94ff1bc01	SAMEA7713412
PXD008222-Sample 33	Homo sapiens	breast	adult	epithelial	Caucasian	72Y	female	ductal carcinoma	1	BT549	not available	run 177	AC=MS:1002038;NT=label free sample	not available	2	ftp://ftp.pride.ebi.ac.uk/pride/data/archive/2017/12/PXD008222/q02439.raw	NT=Q Exactive;AC=MS:1001911	NT=Lys-C;AC=MS:1001309	not available	0.01 Da	50 ppm	NT=Oxidation;MT=variable;TA=M;AC=UNIMOD:35	NT=Acetyl;AC=UNIMOD:1;PP=Protein N-term;MT=variable	NT=Carbamidomethyl;TA=C;MT=fixed;AC=UNIMOD:4	q02439.raw	cell	BT549	4c02f49284947e53b838e55d224c255cd5c01dd317182cad7d6f3aa94ff1bc01	SAMEA7713412
PXD008222-Sample 33	Homo sapiens	breast	adult	epithelial	Caucasian	72Y	female	ductal carcinoma	1	BT549	not available	run 178	AC=MS:1002038;NT=label free sample	not available	3	ftp://ftp.pride.ebi.ac.uk/pride/data/archive/2017/12/PXD008222/q02440.raw	NT=Q Exactive;AC=MS:1001911	NT=Lys-C;AC=MS:1001309	not available	0.01 Da	50 ppm	NT=Oxidation;MT=variable;TA=M;AC=UNIMOD:35	NT=Acetyl;AC=UNIMOD:1;PP=Protein N-term;MT=variable	NT=Carbamidomethyl;TA=C;MT=fixed;AC=UNIMOD:4	q02440.raw	cell	BT549	4c02f49284947e53b838e55d224c255cd5c01dd317182cad7d6f3aa94ff1bc01	SAMEA7713412
PXD008222-Sample 33	Homo sapiens	breast	adult	epithelial	Caucasian	72Y	female	ductal carcinoma	1	BT549	not available	run 179	AC=MS:1002038;NT=label free sample	not available	4	ftp://ftp.pride.ebi.ac.uk/pride/data/archive/2017/12/PXD008222/q02441.raw	NT=Q Exactive;AC=MS:1001911	NT=Lys-C;AC=MS:1001309	not available	0.01 Da	50 ppm	NT=Oxidation;MT=variable;TA=M;AC=UNIMOD:35	NT=Acetyl;AC=UNIMOD:1;PP=Protein N-term;MT=variable	NT=Carbamidomethyl;TA=C;MT=fixed;AC=UNIMOD:4	q02441.raw	cell	BT549	4c02f49284947e53b838e55d224c255cd5c01dd317182cad7d6f3aa94ff1bc01	SAMEA7713412
PXD008222-Sample 33	Homo sapiens	breast	adult	epithelial	Caucasian	72Y	female	ductal carcinoma	1	BT549	not available	run 180	AC=MS:1002038;NT=label free sample	not available	5	ftp://ftp.pride.ebi.ac.uk/pride/data/archive/2017/12/PXD008222/q02442.raw	NT=Q Exactive;AC=MS:1001911	NT=Lys-C;AC=MS:1001309	not available	0.01 Da	50 ppm	NT=Oxidation;MT=variable;TA=M;AC=UNIMOD:35	NT=Acetyl;AC=UNIMOD:1;PP=Protein N-term;MT=variable	NT=Carbamidomethyl;TA=C;MT=fixed;AC=UNIMOD:4	q02442.raw	cell	BT549	4c02f49284947e53b838e55d224c255cd5c01dd317182cad7d6f3aa94ff1bc01	SAMEA7713412
PXD008222-Sample 34	Homo sapiens	breast	adult	epithelial	Caucasian	72Y	female	ductal carcinoma	1	BT549	not available	run 181	AC=MS:1002038;NT=label free sample	not available	1	ftp://ftp.pride.ebi.ac.uk/pride/data/archive/2017/12/PXD008222/q02444.raw	NT=Q Exactive;AC=MS:1001911	NT=Trypsin;AC=MS:1001251	not available	0.01 Da	50 ppm	NT=Oxidation;MT=variable;TA=M;AC=UNIMOD:35	NT=Acetyl;AC=UNIMOD:1;PP=Protein N-term;MT=variable	NT=Carbamidomethyl;TA=C;MT=fixed;AC=UNIMOD:4	q02444.raw	cell	BT549	5154f9145175bd852274c35b03c10367dfd9c2ca7edf58425c3c7d68e9f6e960	SAMEA7713413
PXD008222-Sample 34	Homo sapiens	breast	adult	epithelial	Caucasian	72Y	female	ductal carcinoma	1	BT549	not available	run 182	AC=MS:1002038;NT=label free sample	not available	2	ftp://ftp.pride.ebi.ac.uk/pride/data/archive/2017/12/PXD008222/q02445.raw	NT=Q Exactive;AC=MS:1001911	NT=Trypsin;AC=MS:1001251	not available	0.01 Da	50 ppm	NT=Oxidation;MT=variable;TA=M;AC=UNIMOD:35	NT=Acetyl;AC=UNIMOD:1;PP=Protein N-term;MT=variable	NT=Carbamidomethyl;TA=C;MT=fixed;AC=UNIMOD:4	q02445.raw	cell	BT549	5154f9145175bd852274c35b03c10367dfd9c2ca7edf58425c3c7d68e9f6e960	SAMEA7713413
PXD008222-Sample 34	Homo sapiens	breast	adult	epithelial	Caucasian	72Y	female	ductal carcinoma	1	BT549	not available	run 183	AC=MS:1002038;NT=label free sample	not available	3	ftp://ftp.pride.ebi.ac.uk/pride/data/archive/2017/12/PXD008222/q02446.raw	NT=Q Exactive;AC=MS:1001911	NT=Trypsin;AC=MS:1001251	not available	0.01 Da	50 ppm	NT=Oxidation;MT=variable;TA=M;AC=UNIMOD:35	NT=Acetyl;AC=UNIMOD:1;PP=Protein N-term;MT=variable	NT=Carbamidomethyl;TA=C;MT=fixed;AC=UNIMOD:4	q02446.raw	cell	BT549	5154f9145175bd852274c35b03c10367dfd9c2ca7edf58425c3c7d68e9f6e960	SAMEA7713413
PXD008222-Sample 34	Homo sapiens	breast	adult	epithelial	Caucasian	72Y	female	ductal carcinoma	1	BT549	not available	run 184	AC=MS:1002038;NT=label free sample	not available	4	ftp://ftp.pride.ebi.ac.uk/pride/data/archive/2017/12/PXD008222/q02447.raw	NT=Q Exactive;AC=MS:1001911	NT=Trypsin;AC=MS:1001251	not available	0.01 Da	50 ppm	NT=Oxidation;MT=variable;TA=M;AC=UNIMOD:35	NT=Acetyl;AC=UNIMOD:1;PP=Protein N-term;MT=variable	NT=Carbamidomethyl;TA=C;MT=fixed;AC=UNIMOD:4	q02447.raw	cell	BT549	5154f9145175bd852274c35b03c10367dfd9c2ca7edf58425c3c7d68e9f6e960	SAMEA7713413
PXD008222-Sample 34	Homo sapiens	breast	adult	epithelial	Caucasian	72Y	female	ductal carcinoma	1	BT549	not available	run 185	AC=MS:1002038;NT=label free sample	not available	5	ftp://ftp.pride.ebi.ac.uk/pride/data/archive/2017/12/PXD008222/q02448.raw	NT=Q Exactive;AC=MS:1001911	NT=Trypsin;AC=MS:1001251	not available	0.01 Da	50 ppm	NT=Oxidation;MT=variable;TA=M;AC=UNIMOD:35	NT=Acetyl;AC=UNIMOD:1;PP=Protein N-term;MT=variable	NT=Carbamidomethyl;TA=C;MT=fixed;AC=UNIMOD:4	q02448.raw	cell	BT549	5154f9145175bd852274c35b03c10367dfd9c2ca7edf58425c3c7d68e9f6e960	SAMEA7713413
PXD008222-Sample 35	Homo sapiens	breast	adult	epithelial	Caucasian	50Y	female	primary ductal carcinoma	1	HCC38	not available	run 186	AC=MS:1002038;NT=label free sample	not available	1	ftp://ftp.pride.ebi.ac.uk/pride/data/archive/2017/12/PXD008222/q02452.raw	NT=Q Exactive;AC=MS:1001911	NT=Lys-C;AC=MS:1001309	not available	0.01 Da	50 ppm	NT=Oxidation;MT=variable;TA=M;AC=UNIMOD:35	NT=Acetyl;AC=UNIMOD:1;PP=Protein N-term;MT=variable	NT=Carbamidomethyl;TA=C;MT=fixed;AC=UNIMOD:4	q02452.raw	cell	HCC38	9daf391ee0a85ca6ec5af5228fffe8bdbb58fbdaad19cc9090831a529857d551	SAMEA7713414
PXD008222-Sample 35	Homo sapiens	breast	adult	epithelial	Caucasian	50Y	female	primary ductal carcinoma	1	HCC38	not available	run 187	AC=MS:1002038;NT=label free sample	not available	2	ftp://ftp.pride.ebi.ac.uk/pride/data/archive/2017/12/PXD008222/q02453.raw	NT=Q Exactive;AC=MS:1001911	NT=Lys-C;AC=MS:1001309	not available	0.01 Da	50 ppm	NT=Oxidation;MT=variable;TA=M;AC=UNIMOD:35	NT=Acetyl;AC=UNIMOD:1;PP=Protein N-term;MT=variable	NT=Carbamidomethyl;TA=C;MT=fixed;AC=UNIMOD:4	q02453.raw	cell	HCC38	9daf391ee0a85ca6ec5af5228fffe8bdbb58fbdaad19cc9090831a529857d551	SAMEA7713414
PXD008222-Sample 35	Homo sapiens	breast	adult	epithelial	Caucasian	50Y	female	primary ductal carcinoma	1	HCC38	not available	run 188	AC=MS:1002038;NT=label free sample	not available	3	ftp://ftp.pride.ebi.ac.uk/pride/data/archive/2017/12/PXD008222/q02454.raw	NT=Q Exactive;AC=MS:1001911	NT=Lys-C;AC=MS:1001309	not available	0.01 Da	50 ppm	NT=Oxidation;MT=variable;TA=M;AC=UNIMOD:35	NT=Acetyl;AC=UNIMOD:1;PP=Protein N-term;MT=variable	NT=Carbamidomethyl;TA=C;MT=fixed;AC=UNIMOD:4	q02454.raw	cell	HCC38	9daf391ee0a85ca6ec5af5228fffe8bdbb58fbdaad19cc9090831a529857d551	SAMEA7713414
PXD008222-Sample 35	Homo sapiens	breast	adult	epithelial	Caucasian	50Y	female	primary ductal carcinoma	1	HCC38	not available	run 189	AC=MS:1002038;NT=label free sample	not available	4	ftp://ftp.pride.ebi.ac.uk/pride/data/archive/2017/12/PXD008222/q02455.raw	NT=Q Exactive;AC=MS:1001911	NT=Lys-C;AC=MS:1001309	not available	0.01 Da	50 ppm	NT=Oxidation;MT=variable;TA=M;AC=UNIMOD:35	NT=Acetyl;AC=UNIMOD:1;PP=Protein N-term;MT=variable	NT=Carbamidomethyl;TA=C;MT=fixed;AC=UNIMOD:4	q02455.raw	cell	HCC38	9daf391ee0a85ca6ec5af5228fffe8bdbb58fbdaad19cc9090831a529857d551	SAMEA7713414
PXD008222-Sample 35	Homo sapiens	breast	adult	epithelial	Caucasian	50Y	female	primary ductal carcinoma	1	HCC38	not available	run 190	AC=MS:1002038;NT=label free sample	not available	5	ftp://ftp.pride.ebi.ac.uk/pride/data/archive/2017/12/PXD008222/q02456.raw	NT=Q Exactive;AC=MS:1001911	NT=Lys-C;AC=MS:1001309	not available	0.01 Da	50 ppm	NT=Oxidation;MT=variable;TA=M;AC=UNIMOD:35	NT=Acetyl;AC=UNIMOD:1;PP=Protein N-term;MT=variable	NT=Carbamidomethyl;TA=C;MT=fixed;AC=UNIMOD:4	q02456.raw	cell	HCC38	9daf391ee0a85ca6ec5af5228fffe8bdbb58fbdaad19cc9090831a529857d551	SAMEA7713414
PXD008222-Sample 36	Homo sapiens	breast	adult	epithelial	Caucasian	50Y	female	primary ductal carcinoma	1	HCC38	not available	run 191	AC=MS:1002038;NT=label free sample	not available	1	ftp://ftp.pride.ebi.ac.uk/pride/data/archive/2017/12/PXD008222/q02460.raw	NT=Q Exactive;AC=MS:1001911	NT=Trypsin;AC=MS:1001251	not available	0.01 Da	50 ppm	NT=Oxidation;MT=variable;TA=M;AC=UNIMOD:35	NT=Acetyl;AC=UNIMOD:1;PP=Protein N-term;MT=variable	NT=Carbamidomethyl;TA=C;MT=fixed;AC=UNIMOD:4	q02460.raw	cell	HCC38	a715c226b3a2e6b4a62f6f9a06f2aff7f6b575c0673fd1c9b8172661b949fe84	SAMEA7713415
PXD008222-Sample 36	Homo sapiens	breast	adult	epithelial	Caucasian	50Y	female	primary ductal carcinoma	1	HCC38	not available	run 192	AC=MS:1002038;NT=label free sample	not available	2	ftp://ftp.pride.ebi.ac.uk/pride/data/archive/2017/12/PXD008222/q02461.raw	NT=Q Exactive;AC=MS:1001911	NT=Trypsin;AC=MS:1001251	not available	0.01 Da	50 ppm	NT=Oxidation;MT=variable;TA=M;AC=UNIMOD:35	NT=Acetyl;AC=UNIMOD:1;PP=Protein N-term;MT=variable	NT=Carbamidomethyl;TA=C;MT=fixed;AC=UNIMOD:4	q02461.raw	cell	HCC38	a715c226b3a2e6b4a62f6f9a06f2aff7f6b575c0673fd1c9b8172661b949fe84	SAMEA7713415
PXD008222-Sample 36	Homo sapiens	breast	adult	epithelial	Caucasian	50Y	female	primary ductal carcinoma	1	HCC38	not available	run 193	AC=MS:1002038;NT=label free sample	not available	3	ftp://ftp.pride.ebi.ac.uk/pride/data/archive/2017/12/PXD008222/q02462.raw	NT=Q Exactive;AC=MS:1001911	NT=Trypsin;AC=MS:1001251	not available	0.01 Da	50 ppm	NT=Oxidation;MT=variable;TA=M;AC=UNIMOD:35	NT=Acetyl;AC=UNIMOD:1;PP=Protein N-term;MT=variable	NT=Carbamidomethyl;TA=C;MT=fixed;AC=UNIMOD:4	q02462.raw	cell	HCC38	a715c226b3a2e6b4a62f6f9a06f2aff7f6b575c0673fd1c9b8172661b949fe84	SAMEA7713415
PXD008222-Sample 36	Homo sapiens	breast	adult	epithelial	Caucasian	50Y	female	primary ductal carcinoma	1	HCC38	not available	run 194	AC=MS:1002038;NT=label free sample	not available	4	ftp://ftp.pride.ebi.ac.uk/pride/data/archive/2017/12/PXD008222/q02463.raw	NT=Q Exactive;AC=MS:1001911	NT=Trypsin;AC=MS:1001251	not available	0.01 Da	50 ppm	NT=Oxidation;MT=variable;TA=M;AC=UNIMOD:35	NT=Acetyl;AC=UNIMOD:1;PP=Protein N-term;MT=variable	NT=Carbamidomethyl;TA=C;MT=fixed;AC=UNIMOD:4	q02463.raw	cell	HCC38	a715c226b3a2e6b4a62f6f9a06f2aff7f6b575c0673fd1c9b8172661b949fe84	SAMEA7713415
PXD008222-Sample 36	Homo sapiens	breast	adult	epithelial	Caucasian	50Y	female	primary ductal carcinoma	1	HCC38	not available	run 195	AC=MS:1002038;NT=label free sample	not available	5	ftp://ftp.pride.ebi.ac.uk/pride/data/archive/2017/12/PXD008222/q02464.raw	NT=Q Exactive;AC=MS:1001911	NT=Trypsin;AC=MS:1001251	not available	0.01 Da	50 ppm	NT=Oxidation;MT=variable;TA=M;AC=UNIMOD:35	NT=Acetyl;AC=UNIMOD:1;PP=Protein N-term;MT=variable	NT=Carbamidomethyl;TA=C;MT=fixed;AC=UNIMOD:4	q02464.raw	cell	HCC38	a715c226b3a2e6b4a62f6f9a06f2aff7f6b575c0673fd1c9b8172661b949fe84	SAMEA7713415
PXD008222-Sample 37	Homo sapiens	breast	adult	epithelial	Caucasian	43Y	female	breast carcinoma	1	MDAMB436	not available	run 196	AC=MS:1002038;NT=label free sample	not available	1	ftp://ftp.pride.ebi.ac.uk/pride/data/archive/2017/12/PXD008222/q02496.raw	NT=Q Exactive;AC=MS:1001911	NT=Lys-C;AC=MS:1001309	not available	0.01 Da	50 ppm	NT=Oxidation;MT=variable;TA=M;AC=UNIMOD:35	NT=Acetyl;AC=UNIMOD:1;PP=Protein N-term;MT=variable	NT=Carbamidomethyl;TA=C;MT=fixed;AC=UNIMOD:4	q02496.raw	cell	MDAMB436	0eb405ceaef491af3fd731ce66a6a20af466584961518e59dff608f54f5ff9f2	SAMEA7713416
PXD008222-Sample 37	Homo sapiens	breast	adult	epithelial	Caucasian	43Y	female	breast carcinoma	1	MDAMB436	not available	run 197	AC=MS:1002038;NT=label free sample	not available	2	ftp://ftp.pride.ebi.ac.uk/pride/data/archive/2017/12/PXD008222/q02497.raw	NT=Q Exactive;AC=MS:1001911	NT=Lys-C;AC=MS:1001309	not available	0.01 Da	50 ppm	NT=Oxidation;MT=variable;TA=M;AC=UNIMOD:35	NT=Acetyl;AC=UNIMOD:1;PP=Protein N-term;MT=variable	NT=Carbamidomethyl;TA=C;MT=fixed;AC=UNIMOD:4	q02497.raw	cell	MDAMB436	0eb405ceaef491af3fd731ce66a6a20af466584961518e59dff608f54f5ff9f2	SAMEA7713416
PXD008222-Sample 37	Homo sapiens	breast	adult	epithelial	Caucasian	43Y	female	breast carcinoma	1	MDAMB436	not available	run 198	AC=MS:1002038;NT=label free sample	not available	3	ftp://ftp.pride.ebi.ac.uk/pride/data/archive/2017/12/PXD008222/q02498.raw	NT=Q Exactive;AC=MS:1001911	NT=Lys-C;AC=MS:1001309	not available	0.01 Da	50 ppm	NT=Oxidation;MT=variable;TA=M;AC=UNIMOD:35	NT=Acetyl;AC=UNIMOD:1;PP=Protein N-term;MT=variable	NT=Carbamidomethyl;TA=C;MT=fixed;AC=UNIMOD:4	q02498.raw	cell	MDAMB436	0eb405ceaef491af3fd731ce66a6a20af466584961518e59dff608f54f5ff9f2	SAMEA7713416
PXD008222-Sample 37	Homo sapiens	breast	adult	epithelial	Caucasian	43Y	female	breast carcinoma	1	MDAMB436	not available	run 199	AC=MS:1002038;NT=label free sample	not available	4	ftp://ftp.pride.ebi.ac.uk/pride/data/archive/2017/12/PXD008222/q02499.raw	NT=Q Exactive;AC=MS:1001911	NT=Lys-C;AC=MS:1001309	not available	0.01 Da	50 ppm	NT=Oxidation;MT=variable;TA=M;AC=UNIMOD:35	NT=Acetyl;AC=UNIMOD:1;PP=Protein N-term;MT=variable	NT=Carbamidomethyl;TA=C;MT=fixed;AC=UNIMOD:4	q02499.raw	cell	MDAMB436	0eb405ceaef491af3fd731ce66a6a20af466584961518e59dff608f54f5ff9f2	SAMEA7713416
PXD008222-Sample 37	Homo sapiens	breast	adult	epithelial	Caucasian	43Y	female	breast carcinoma	1	MDAMB436	not available	run 200	AC=MS:1002038;NT=label free sample	not available	5	ftp://ftp.pride.ebi.ac.uk/pride/data/archive/2017/12/PXD008222/q02500.raw	NT=Q Exactive;AC=MS:1001911	NT=Lys-C;AC=MS:1001309	not available	0.01 Da	50 ppm	NT=Oxidation;MT=variable;TA=M;AC=UNIMOD:35	NT=Acetyl;AC=UNIMOD:1;PP=Protein N-term;MT=variable	NT=Carbamidomethyl;TA=C;MT=fixed;AC=UNIMOD:4	q02500.raw	cell	MDAMB436	0eb405ceaef491af3fd731ce66a6a20af466584961518e59dff608f54f5ff9f2	SAMEA7713416
PXD008222-Sample 38	Homo sapiens	breast	adult	epithelial	Caucasian	43Y	female	breast carcinoma	1	MDAMB436	not available	run 201	AC=MS:1002038;NT=label free sample	not available	1	ftp://ftp.pride.ebi.ac.uk/pride/data/archive/2017/12/PXD008222/q02502.raw	NT=Q Exactive;AC=MS:1001911	NT=Trypsin;AC=MS:1001251	not available	0.01 Da	50 ppm	NT=Oxidation;MT=variable;TA=M;AC=UNIMOD:35	NT=Acetyl;AC=UNIMOD:1;PP=Protein N-term;MT=variable	NT=Carbamidomethyl;TA=C;MT=fixed;AC=UNIMOD:4	q02502.raw	cell	MDAMB436	636ba5dac4932020781adf0f8632416f112a4c0f4277ad6d765e5292ab13c837	SAMEA7713417
PXD008222-Sample 38	Homo sapiens	breast	adult	epithelial	Caucasian	43Y	female	breast carcinoma	1	MDAMB436	not available	run 202	AC=MS:1002038;NT=label free sample	not available	2	ftp://ftp.pride.ebi.ac.uk/pride/data/archive/2017/12/PXD008222/q02503.raw	NT=Q Exactive;AC=MS:1001911	NT=Trypsin;AC=MS:1001251	not available	0.01 Da	50 ppm	NT=Oxidation;MT=variable;TA=M;AC=UNIMOD:35	NT=Acetyl;AC=UNIMOD:1;PP=Protein N-term;MT=variable	NT=Carbamidomethyl;TA=C;MT=fixed;AC=UNIMOD:4	q02503.raw	cell	MDAMB436	636ba5dac4932020781adf0f8632416f112a4c0f4277ad6d765e5292ab13c837	SAMEA7713417
PXD008222-Sample 38	Homo sapiens	breast	adult	epithelial	Caucasian	43Y	female	breast carcinoma	1	MDAMB436	not available	run 203	AC=MS:1002038;NT=label free sample	not available	3	ftp://ftp.pride.ebi.ac.uk/pride/data/archive/2017/12/PXD008222/q02504.raw	NT=Q Exactive;AC=MS:1001911	NT=Trypsin;AC=MS:1001251	not available	0.01 Da	50 ppm	NT=Oxidation;MT=variable;TA=M;AC=UNIMOD:35	NT=Acetyl;AC=UNIMOD:1;PP=Protein N-term;MT=variable	NT=Carbamidomethyl;TA=C;MT=fixed;AC=UNIMOD:4	q02504.raw	cell	MDAMB436	636ba5dac4932020781adf0f8632416f112a4c0f4277ad6d765e5292ab13c837	SAMEA7713417
PXD008222-Sample 38	Homo sapiens	breast	adult	epithelial	Caucasian	43Y	female	breast carcinoma	1	MDAMB436	not available	run 204	AC=MS:1002038;NT=label free sample	not available	4	ftp://ftp.pride.ebi.ac.uk/pride/data/archive/2017/12/PXD008222/q02505.raw	NT=Q Exactive;AC=MS:1001911	NT=Trypsin;AC=MS:1001251	not available	0.01 Da	50 ppm	NT=Oxidation;MT=variable;TA=M;AC=UNIMOD:35	NT=Acetyl;AC=UNIMOD:1;PP=Protein N-term;MT=variable	NT=Carbamidomethyl;TA=C;MT=fixed;AC=UNIMOD:4	q02505.raw	cell	MDAMB436	636ba5dac4932020781adf0f8632416f112a4c0f4277ad6d765e5292ab13c837	SAMEA7713417
PXD008222-Sample 38	Homo sapiens	breast	adult	epithelial	Caucasian	43Y	female	breast carcinoma	1	MDAMB436	not available	run 205	AC=MS:1002038;NT=label free sample	not available	5	ftp://ftp.pride.ebi.ac.uk/pride/data/archive/2017/12/PXD008222/q02506.raw	NT=Q Exactive;AC=MS:1001911	NT=Trypsin;AC=MS:1001251	not available	0.01 Da	50 ppm	NT=Oxidation;MT=variable;TA=M;AC=UNIMOD:35	NT=Acetyl;AC=UNIMOD:1;PP=Protein N-term;MT=variable	NT=Carbamidomethyl;TA=C;MT=fixed;AC=UNIMOD:4	q02506.raw	cell	MDAMB436	636ba5dac4932020781adf0f8632416f112a4c0f4277ad6d765e5292ab13c837	SAMEA7713417
PXD008222-Sample 39	Homo sapiens	breast	adult	epithelial	Caucasian	72Y	female	ductal carcinoma	2	BT549	not available	run 206	AC=MS:1002038;NT=label free sample	not available	1	ftp://ftp.pride.ebi.ac.uk/pride/data/archive/2017/12/PXD008222/q02798.raw	NT=Q Exactive;AC=MS:1001911	NT=Lys-C;AC=MS:1001309	not available	0.01 Da	50 ppm	NT=Oxidation;MT=variable;TA=M;AC=UNIMOD:35	NT=Acetyl;AC=UNIMOD:1;PP=Protein N-term;MT=variable	NT=Carbamidomethyl;TA=C;MT=fixed;AC=UNIMOD:4	q02798.raw	cell	BT549	e922e541a38a29134bde2443fb9a323b856f707829e401f714eefb86ec4e0b5c	SAMEA7713419
PXD008222-Sample 39	Homo sapiens	breast	adult	epithelial	Caucasian	72Y	female	ductal carcinoma	2	BT549	not available	run 207	AC=MS:1002038;NT=label free sample	not available	2	ftp://ftp.pride.ebi.ac.uk/pride/data/archive/2017/12/PXD008222/q02799.raw	NT=Q Exactive;AC=MS:1001911	NT=Lys-C;AC=MS:1001309	not available	0.01 Da	50 ppm	NT=Oxidation;MT=variable;TA=M;AC=UNIMOD:35	NT=Acetyl;AC=UNIMOD:1;PP=Protein N-term;MT=variable	NT=Carbamidomethyl;TA=C;MT=fixed;AC=UNIMOD:4	q02799.raw	cell	BT549	e922e541a38a29134bde2443fb9a323b856f707829e401f714eefb86ec4e0b5c	SAMEA7713419
PXD008222-Sample 39	Homo sapiens	breast	adult	epithelial	Caucasian	72Y	female	ductal carcinoma	2	BT549	not available	run 208	AC=MS:1002038;NT=label free sample	not available	3	ftp://ftp.pride.ebi.ac.uk/pride/data/archive/2017/12/PXD008222/q02800.raw	NT=Q Exactive;AC=MS:1001911	NT=Lys-C;AC=MS:1001309	not available	0.01 Da	50 ppm	NT=Oxidation;MT=variable;TA=M;AC=UNIMOD:35	NT=Acetyl;AC=UNIMOD:1;PP=Protein N-term;MT=variable	NT=Carbamidomethyl;TA=C;MT=fixed;AC=UNIMOD:4	q02800.raw	cell	BT549	e922e541a38a29134bde2443fb9a323b856f707829e401f714eefb86ec4e0b5c	SAMEA7713419
PXD008222-Sample 39	Homo sapiens	breast	adult	epithelial	Caucasian	72Y	female	ductal carcinoma	2	BT549	not available	run 209	AC=MS:1002038;NT=label free sample	not available	4	ftp://ftp.pride.ebi.ac.uk/pride/data/archive/2017/12/PXD008222/q02801.raw	NT=Q Exactive;AC=MS:1001911	NT=Lys-C;AC=MS:1001309	not available	0.01 Da	50 ppm	NT=Oxidation;MT=variable;TA=M;AC=UNIMOD:35	NT=Acetyl;AC=UNIMOD:1;PP=Protein N-term;MT=variable	NT=Carbamidomethyl;TA=C;MT=fixed;AC=UNIMOD:4	q02801.raw	cell	BT549	e922e541a38a29134bde2443fb9a323b856f707829e401f714eefb86ec4e0b5c	SAMEA7713419
PXD008222-Sample 39	Homo sapiens	breast	adult	epithelial	Caucasian	72Y	female	ductal carcinoma	2	BT549	not available	run 210	AC=MS:1002038;NT=label free sample	not available	5	ftp://ftp.pride.ebi.ac.uk/pride/data/archive/2017/12/PXD008222/q02802.raw	NT=Q Exactive;AC=MS:1001911	NT=Lys-C;AC=MS:1001309	not available	0.01 Da	50 ppm	NT=Oxidation;MT=variable;TA=M;AC=UNIMOD:35	NT=Acetyl;AC=UNIMOD:1;PP=Protein N-term;MT=variable	NT=Carbamidomethyl;TA=C;MT=fixed;AC=UNIMOD:4	q02802.raw	cell	BT549	e922e541a38a29134bde2443fb9a323b856f707829e401f714eefb86ec4e0b5c	SAMEA7713419
PXD008222-Sample 40	Homo sapiens	breast	adult	epithelial	Caucasian	72Y	female	ductal carcinoma	2	BT549	not available	run 211	AC=MS:1002038;NT=label free sample	not available	1	ftp://ftp.pride.ebi.ac.uk/pride/data/archive/2017/12/PXD008222/q02804.raw	NT=Q Exactive;AC=MS:1001911	NT=Trypsin;AC=MS:1001251	not available	0.01 Da	50 ppm	NT=Oxidation;MT=variable;TA=M;AC=UNIMOD:35	NT=Acetyl;AC=UNIMOD:1;PP=Protein N-term;MT=variable	NT=Carbamidomethyl;TA=C;MT=fixed;AC=UNIMOD:4	q02804.raw	cell	BT549	16a4b909db4c35933062ea415a092fea4f42198623c67c02817a84bb59912a80	SAMEA7713420
PXD008222-Sample 40	Homo sapiens	breast	adult	epithelial	Caucasian	72Y	female	ductal carcinoma	2	BT549	not available	run 212	AC=MS:1002038;NT=label free sample	not available	2	ftp://ftp.pride.ebi.ac.uk/pride/data/archive/2017/12/PXD008222/q02805.raw	NT=Q Exactive;AC=MS:1001911	NT=Trypsin;AC=MS:1001251	not available	0.01 Da	50 ppm	NT=Oxidation;MT=variable;TA=M;AC=UNIMOD:35	NT=Acetyl;AC=UNIMOD:1;PP=Protein N-term;MT=variable	NT=Carbamidomethyl;TA=C;MT=fixed;AC=UNIMOD:4	q02805.raw	cell	BT549	16a4b909db4c35933062ea415a092fea4f42198623c67c02817a84bb59912a80	SAMEA7713420
PXD008222-Sample 40	Homo sapiens	breast	adult	epithelial	Caucasian	72Y	female	ductal carcinoma	2	BT549	not available	run 213	AC=MS:1002038;NT=label free sample	not available	3	ftp://ftp.pride.ebi.ac.uk/pride/data/archive/2017/12/PXD008222/q02806.raw	NT=Q Exactive;AC=MS:1001911	NT=Trypsin;AC=MS:1001251	not available	0.01 Da	50 ppm	NT=Oxidation;MT=variable;TA=M;AC=UNIMOD:35	NT=Acetyl;AC=UNIMOD:1;PP=Protein N-term;MT=variable	NT=Carbamidomethyl;TA=C;MT=fixed;AC=UNIMOD:4	q02806.raw	cell	BT549	16a4b909db4c35933062ea415a092fea4f42198623c67c02817a84bb59912a80	SAMEA7713420
PXD008222-Sample 40	Homo sapiens	breast	adult	epithelial	Caucasian	72Y	female	ductal carcinoma	2	BT549	not available	run 214	AC=MS:1002038;NT=label free sample	not available	4	ftp://ftp.pride.ebi.ac.uk/pride/data/archive/2017/12/PXD008222/q02807.raw	NT=Q Exactive;AC=MS:1001911	NT=Trypsin;AC=MS:1001251	not available	0.01 Da	50 ppm	NT=Oxidation;MT=variable;TA=M;AC=UNIMOD:35	NT=Acetyl;AC=UNIMOD:1;PP=Protein N-term;MT=variable	NT=Carbamidomethyl;TA=C;MT=fixed;AC=UNIMOD:4	q02807.raw	cell	BT549	16a4b909db4c35933062ea415a092fea4f42198623c67c02817a84bb59912a80	SAMEA7713420
PXD008222-Sample 40	Homo sapiens	breast	adult	epithelial	Caucasian	72Y	female	ductal carcinoma	2	BT549	not available	run 215	AC=MS:1002038;NT=label free sample	not available	5	ftp://ftp.pride.ebi.ac.uk/pride/data/archive/2017/12/PXD008222/q02808.raw	NT=Q Exactive;AC=MS:1001911	NT=Trypsin;AC=MS:1001251	not available	0.01 Da	50 ppm	NT=Oxidation;MT=variable;TA=M;AC=UNIMOD:35	NT=Acetyl;AC=UNIMOD:1;PP=Protein N-term;MT=variable	NT=Carbamidomethyl;TA=C;MT=fixed;AC=UNIMOD:4	q02808.raw	cell	BT549	16a4b909db4c35933062ea415a092fea4f42198623c67c02817a84bb59912a80	SAMEA7713420
PXD008222-Sample 41	Homo sapiens	breast	adult	epithelial	Caucasian	74Y	female	breast carcinoma	2	BT20	not available	run 216	AC=MS:1002038;NT=label free sample	not available	1	ftp://ftp.pride.ebi.ac.uk/pride/data/archive/2017/12/PXD008222/q02810.raw	NT=Q Exactive;AC=MS:1001911	NT=Lys-C;AC=MS:1001309	not available	0.01 Da	50 ppm	NT=Oxidation;MT=variable;TA=M;AC=UNIMOD:35	NT=Acetyl;AC=UNIMOD:1;PP=Protein N-term;MT=variable	NT=Carbamidomethyl;TA=C;MT=fixed;AC=UNIMOD:4	q02810.raw	cell	BT20	0946203e9d3a6fc831e45a643058d116c782aa21200038438d0d6395664ec663	SAMEA7713421
PXD008222-Sample 41	Homo sapiens	breast	adult	epithelial	Caucasian	74Y	female	breast carcinoma	2	BT20	not available	run 217	AC=MS:1002038;NT=label free sample	not available	2	ftp://ftp.pride.ebi.ac.uk/pride/data/archive/2017/12/PXD008222/q02811.raw	NT=Q Exactive;AC=MS:1001911	NT=Lys-C;AC=MS:1001309	not available	0.01 Da	50 ppm	NT=Oxidation;MT=variable;TA=M;AC=UNIMOD:35	NT=Acetyl;AC=UNIMOD:1;PP=Protein N-term;MT=variable	NT=Carbamidomethyl;TA=C;MT=fixed;AC=UNIMOD:4	q02811.raw	cell	BT20	0946203e9d3a6fc831e45a643058d116c782aa21200038438d0d6395664ec663	SAMEA7713421
PXD008222-Sample 41	Homo sapiens	breast	adult	epithelial	Caucasian	74Y	female	breast carcinoma	2	BT20	not available	run 218	AC=MS:1002038;NT=label free sample	not available	3	ftp://ftp.pride.ebi.ac.uk/pride/data/archive/2017/12/PXD008222/q02812.raw	NT=Q Exactive;AC=MS:1001911	NT=Lys-C;AC=MS:1001309	not available	0.01 Da	50 ppm	NT=Oxidation;MT=variable;TA=M;AC=UNIMOD:35	NT=Acetyl;AC=UNIMOD:1;PP=Protein N-term;MT=variable	NT=Carbamidomethyl;TA=C;MT=fixed;AC=UNIMOD:4	q02812.raw	cell	BT20	0946203e9d3a6fc831e45a643058d116c782aa21200038438d0d6395664ec663	SAMEA7713421
PXD008222-Sample 41	Homo sapiens	breast	adult	epithelial	Caucasian	74Y	female	breast carcinoma	2	BT20	not available	run 219	AC=MS:1002038;NT=label free sample	not available	4	ftp://ftp.pride.ebi.ac.uk/pride/data/archive/2017/12/PXD008222/q02813.raw	NT=Q Exactive;AC=MS:1001911	NT=Lys-C;AC=MS:1001309	not available	0.01 Da	50 ppm	NT=Oxidation;MT=variable;TA=M;AC=UNIMOD:35	NT=Acetyl;AC=UNIMOD:1;PP=Protein N-term;MT=variable	NT=Carbamidomethyl;TA=C;MT=fixed;AC=UNIMOD:4	q02813.raw	cell	BT20	0946203e9d3a6fc831e45a643058d116c782aa21200038438d0d6395664ec663	SAMEA7713421
PXD008222-Sample 41	Homo sapiens	breast	adult	epithelial	Caucasian	74Y	female	breast carcinoma	2	BT20	not available	run 220	AC=MS:1002038;NT=label free sample	not available	5	ftp://ftp.pride.ebi.ac.uk/pride/data/archive/2017/12/PXD008222/q02814.raw	NT=Q Exactive;AC=MS:1001911	NT=Lys-C;AC=MS:1001309	not available	0.01 Da	50 ppm	NT=Oxidation;MT=variable;TA=M;AC=UNIMOD:35	NT=Acetyl;AC=UNIMOD:1;PP=Protein N-term;MT=variable	NT=Carbamidomethyl;TA=C;MT=fixed;AC=UNIMOD:4	q02814.raw	cell	BT20	0946203e9d3a6fc831e45a643058d116c782aa21200038438d0d6395664ec663	SAMEA7713421
PXD008222-Sample 42	Homo sapiens	breast	adult	epithelial	Caucasian	74Y	female	breast carcinoma	2	BT20	not available	run 221	AC=MS:1002038;NT=label free sample	not available	1	ftp://ftp.pride.ebi.ac.uk/pride/data/archive/2017/12/PXD008222/q02820.raw	NT=Q Exactive;AC=MS:1001911	NT=Trypsin;AC=MS:1001251	not available	0.01 Da	50 ppm	NT=Oxidation;MT=variable;TA=M;AC=UNIMOD:35	NT=Acetyl;AC=UNIMOD:1;PP=Protein N-term;MT=variable	NT=Carbamidomethyl;TA=C;MT=fixed;AC=UNIMOD:4	q02820.raw	cell	BT20	a3a4b12ed8650a008e47ff48d957a426d14b3f7f0ca84605438ac4d24485d99e	SAMEA7713422
PXD008222-Sample 42	Homo sapiens	breast	adult	epithelial	Caucasian	74Y	female	breast carcinoma	2	BT20	not available	run 222	AC=MS:1002038;NT=label free sample	not available	2	ftp://ftp.pride.ebi.ac.uk/pride/data/archive/2017/12/PXD008222/q02821.raw	NT=Q Exactive;AC=MS:1001911	NT=Trypsin;AC=MS:1001251	not available	0.01 Da	50 ppm	NT=Oxidation;MT=variable;TA=M;AC=UNIMOD:35	NT=Acetyl;AC=UNIMOD:1;PP=Protein N-term;MT=variable	NT=Carbamidomethyl;TA=C;MT=fixed;AC=UNIMOD:4	q02821.raw	cell	BT20	a3a4b12ed8650a008e47ff48d957a426d14b3f7f0ca84605438ac4d24485d99e	SAMEA7713422
PXD008222-Sample 42	Homo sapiens	breast	adult	epithelial	Caucasian	74Y	female	breast carcinoma	2	BT20	not available	run 223	AC=MS:1002038;NT=label free sample	not available	3	ftp://ftp.pride.ebi.ac.uk/pride/data/archive/2017/12/PXD008222/q02822.raw	NT=Q Exactive;AC=MS:1001911	NT=Trypsin;AC=MS:1001251	not available	0.01 Da	50 ppm	NT=Oxidation;MT=variable;TA=M;AC=UNIMOD:35	NT=Acetyl;AC=UNIMOD:1;PP=Protein N-term;MT=variable	NT=Carbamidomethyl;TA=C;MT=fixed;AC=UNIMOD:4	q02822.raw	cell	BT20	a3a4b12ed8650a008e47ff48d957a426d14b3f7f0ca84605438ac4d24485d99e	SAMEA7713422
PXD008222-Sample 42	Homo sapiens	breast	adult	epithelial	Caucasian	74Y	female	breast carcinoma	2	BT20	not available	run 224	AC=MS:1002038;NT=label free sample	not available	4	ftp://ftp.pride.ebi.ac.uk/pride/data/archive/2017/12/PXD008222/q02823.raw	NT=Q Exactive;AC=MS:1001911	NT=Trypsin;AC=MS:1001251	not available	0.01 Da	50 ppm	NT=Oxidation;MT=variable;TA=M;AC=UNIMOD:35	NT=Acetyl;AC=UNIMOD:1;PP=Protein N-term;MT=variable	NT=Carbamidomethyl;TA=C;MT=fixed;AC=UNIMOD:4	q02823.raw	cell	BT20	a3a4b12ed8650a008e47ff48d957a426d14b3f7f0ca84605438ac4d24485d99e	SAMEA7713422
PXD008222-Sample 42	Homo sapiens	breast	adult	epithelial	Caucasian	74Y	female	breast carcinoma	2	BT20	not available	run 225	AC=MS:1002038;NT=label free sample	not available	5	ftp://ftp.pride.ebi.ac.uk/pride/data/archive/2017/12/PXD008222/q02824.raw	NT=Q Exactive;AC=MS:1001911	NT=Trypsin;AC=MS:1001251	not available	0.01 Da	50 ppm	NT=Oxidation;MT=variable;TA=M;AC=UNIMOD:35	NT=Acetyl;AC=UNIMOD:1;PP=Protein N-term;MT=variable	NT=Carbamidomethyl;TA=C;MT=fixed;AC=UNIMOD:4	q02824.raw	cell	BT20	a3a4b12ed8650a008e47ff48d957a426d14b3f7f0ca84605438ac4d24485d99e	SAMEA7713422
PXD008222-Sample 43	Homo sapiens	breast	adult	epithelial	Caucasian	70Y	female	breast carcinoma	2	DU4475	not available	run 226	AC=MS:1002038;NT=label free sample	not available	1	ftp://ftp.pride.ebi.ac.uk/pride/data/archive/2017/12/PXD008222/q02888.raw	NT=Q Exactive;AC=MS:1001911	NT=Lys-C;AC=MS:1001309	not available	0.01 Da	50 ppm	NT=Oxidation;MT=variable;TA=M;AC=UNIMOD:35	NT=Acetyl;AC=UNIMOD:1;PP=Protein N-term;MT=variable	NT=Carbamidomethyl;TA=C;MT=fixed;AC=UNIMOD:4	q02888.raw	cell	DU4475	b3de7ecf0a5386de100d839ff16b47deb4725c5cd88ae5d882678febfca8c208	SAMEA7713423
PXD008222-Sample 43	Homo sapiens	breast	adult	epithelial	Caucasian	70Y	female	breast carcinoma	2	DU4475	not available	run 227	AC=MS:1002038;NT=label free sample	not available	2	ftp://ftp.pride.ebi.ac.uk/pride/data/archive/2017/12/PXD008222/q02889.raw	NT=Q Exactive;AC=MS:1001911	NT=Lys-C;AC=MS:1001309	not available	0.01 Da	50 ppm	NT=Oxidation;MT=variable;TA=M;AC=UNIMOD:35	NT=Acetyl;AC=UNIMOD:1;PP=Protein N-term;MT=variable	NT=Carbamidomethyl;TA=C;MT=fixed;AC=UNIMOD:4	q02889.raw	cell	DU4475	b3de7ecf0a5386de100d839ff16b47deb4725c5cd88ae5d882678febfca8c208	SAMEA7713423
PXD008222-Sample 43	Homo sapiens	breast	adult	epithelial	Caucasian	70Y	female	breast carcinoma	2	DU4475	not available	run 228	AC=MS:1002038;NT=label free sample	not available	3	ftp://ftp.pride.ebi.ac.uk/pride/data/archive/2017/12/PXD008222/q02890.raw	NT=Q Exactive;AC=MS:1001911	NT=Lys-C;AC=MS:1001309	not available	0.01 Da	50 ppm	NT=Oxidation;MT=variable;TA=M;AC=UNIMOD:35	NT=Acetyl;AC=UNIMOD:1;PP=Protein N-term;MT=variable	NT=Carbamidomethyl;TA=C;MT=fixed;AC=UNIMOD:4	q02890.raw	cell	DU4475	b3de7ecf0a5386de100d839ff16b47deb4725c5cd88ae5d882678febfca8c208	SAMEA7713423
PXD008222-Sample 43	Homo sapiens	breast	adult	epithelial	Caucasian	70Y	female	breast carcinoma	2	DU4475	not available	run 229	AC=MS:1002038;NT=label free sample	not available	4	ftp://ftp.pride.ebi.ac.uk/pride/data/archive/2017/12/PXD008222/q02891.raw	NT=Q Exactive;AC=MS:1001911	NT=Lys-C;AC=MS:1001309	not available	0.01 Da	50 ppm	NT=Oxidation;MT=variable;TA=M;AC=UNIMOD:35	NT=Acetyl;AC=UNIMOD:1;PP=Protein N-term;MT=variable	NT=Carbamidomethyl;TA=C;MT=fixed;AC=UNIMOD:4	q02891.raw	cell	DU4475	b3de7ecf0a5386de100d839ff16b47deb4725c5cd88ae5d882678febfca8c208	SAMEA7713423
PXD008222-Sample 43	Homo sapiens	breast	adult	epithelial	Caucasian	70Y	female	breast carcinoma	2	DU4475	not available	run 230	AC=MS:1002038;NT=label free sample	not available	5	ftp://ftp.pride.ebi.ac.uk/pride/data/archive/2017/12/PXD008222/q02892.raw	NT=Q Exactive;AC=MS:1001911	NT=Lys-C;AC=MS:1001309	not available	0.01 Da	50 ppm	NT=Oxidation;MT=variable;TA=M;AC=UNIMOD:35	NT=Acetyl;AC=UNIMOD:1;PP=Protein N-term;MT=variable	NT=Carbamidomethyl;TA=C;MT=fixed;AC=UNIMOD:4	q02892.raw	cell	DU4475	b3de7ecf0a5386de100d839ff16b47deb4725c5cd88ae5d882678febfca8c208	SAMEA7713423
PXD008222-Sample 44	Homo sapiens	breast	adult	epithelial	Caucasian	70Y	female	breast carcinoma	2	DU4475	not available	run 231	AC=MS:1002038;NT=label free sample	not available	1	ftp://ftp.pride.ebi.ac.uk/pride/data/archive/2017/12/PXD008222/q02894.raw	NT=Q Exactive;AC=MS:1001911	NT=Trypsin;AC=MS:1001251	not available	0.01 Da	50 ppm	NT=Oxidation;MT=variable;TA=M;AC=UNIMOD:35	NT=Acetyl;AC=UNIMOD:1;PP=Protein N-term;MT=variable	NT=Carbamidomethyl;TA=C;MT=fixed;AC=UNIMOD:4	q02894.raw	cell	DU4475	f9e07a7527a03bf1fcf97a0c41d08399e290a34f6a6cbfe7a92ddde64b2099b1	SAMEA7713424
PXD008222-Sample 44	Homo sapiens	breast	adult	epithelial	Caucasian	70Y	female	breast carcinoma	2	DU4475	not available	run 232	AC=MS:1002038;NT=label free sample	not available	2	ftp://ftp.pride.ebi.ac.uk/pride/data/archive/2017/12/PXD008222/q02895.raw	NT=Q Exactive;AC=MS:1001911	NT=Trypsin;AC=MS:1001251	not available	0.01 Da	50 ppm	NT=Oxidation;MT=variable;TA=M;AC=UNIMOD:35	NT=Acetyl;AC=UNIMOD:1;PP=Protein N-term;MT=variable	NT=Carbamidomethyl;TA=C;MT=fixed;AC=UNIMOD:4	q02895.raw	cell	DU4475	f9e07a7527a03bf1fcf97a0c41d08399e290a34f6a6cbfe7a92ddde64b2099b1	SAMEA7713424
PXD008222-Sample 44	Homo sapiens	breast	adult	epithelial	Caucasian	70Y	female	breast carcinoma	2	DU4475	not available	run 233	AC=MS:1002038;NT=label free sample	not available	3	ftp://ftp.pride.ebi.ac.uk/pride/data/archive/2017/12/PXD008222/q02896.raw	NT=Q Exactive;AC=MS:1001911	NT=Trypsin;AC=MS:1001251	not available	0.01 Da	50 ppm	NT=Oxidation;MT=variable;TA=M;AC=UNIMOD:35	NT=Acetyl;AC=UNIMOD:1;PP=Protein N-term;MT=variable	NT=Carbamidomethyl;TA=C;MT=fixed;AC=UNIMOD:4	q02896.raw	cell	DU4475	f9e07a7527a03bf1fcf97a0c41d08399e290a34f6a6cbfe7a92ddde64b2099b1	SAMEA7713424
PXD008222-Sample 44	Homo sapiens	breast	adult	epithelial	Caucasian	70Y	female	breast carcinoma	2	DU4475	not available	run 234	AC=MS:1002038;NT=label free sample	not available	4	ftp://ftp.pride.ebi.ac.uk/pride/data/archive/2017/12/PXD008222/q02897.raw	NT=Q Exactive;AC=MS:1001911	NT=Trypsin;AC=MS:1001251	not available	0.01 Da	50 ppm	NT=Oxidation;MT=variable;TA=M;AC=UNIMOD:35	NT=Acetyl;AC=UNIMOD:1;PP=Protein N-term;MT=variable	NT=Carbamidomethyl;TA=C;MT=fixed;AC=UNIMOD:4	q02897.raw	cell	DU4475	f9e07a7527a03bf1fcf97a0c41d08399e290a34f6a6cbfe7a92ddde64b2099b1	SAMEA7713424
PXD008222-Sample 44	Homo sapiens	breast	adult	epithelial	Caucasian	70Y	female	breast carcinoma	2	DU4475	not available	run 235	AC=MS:1002038;NT=label free sample	not available	5	ftp://ftp.pride.ebi.ac.uk/pride/data/archive/2017/12/PXD008222/q02898.raw	NT=Q Exactive;AC=MS:1001911	NT=Trypsin;AC=MS:1001251	not available	0.01 Da	50 ppm	NT=Oxidation;MT=variable;TA=M;AC=UNIMOD:35	NT=Acetyl;AC=UNIMOD:1;PP=Protein N-term;MT=variable	NT=Carbamidomethyl;TA=C;MT=fixed;AC=UNIMOD:4	q02898.raw	cell	DU4475	f9e07a7527a03bf1fcf97a0c41d08399e290a34f6a6cbfe7a92ddde64b2099b1	SAMEA7713424
PXD008222-Sample 45	Homo sapiens	breast	adult	epithelial	Caucasian	52Y	female	primary ductal carcinoma	2	HCC1143	not available	run 236	AC=MS:1002038;NT=label free sample	not available	1	ftp://ftp.pride.ebi.ac.uk/pride/data/archive/2017/12/PXD008222/q02900.raw	NT=Q Exactive;AC=MS:1001911	NT=Lys-C;AC=MS:1001309	not available	0.01 Da	50 ppm	NT=Oxidation;MT=variable;TA=M;AC=UNIMOD:35	NT=Acetyl;AC=UNIMOD:1;PP=Protein N-term;MT=variable	NT=Carbamidomethyl;TA=C;MT=fixed;AC=UNIMOD:4	q02900.raw	cell	HCC1143	c75305c00c6fc1d1f30e694dd4475340911b2ac0f7252b596ec584a4cce9022d	SAMEA7713425
PXD008222-Sample 45	Homo sapiens	breast	adult	epithelial	Caucasian	52Y	female	primary ductal carcinoma	2	HCC1143	not available	run 237	AC=MS:1002038;NT=label free sample	not available	2	ftp://ftp.pride.ebi.ac.uk/pride/data/archive/2017/12/PXD008222/q02901.raw	NT=Q Exactive;AC=MS:1001911	NT=Lys-C;AC=MS:1001309	not available	0.01 Da	50 ppm	NT=Oxidation;MT=variable;TA=M;AC=UNIMOD:35	NT=Acetyl;AC=UNIMOD:1;PP=Protein N-term;MT=variable	NT=Carbamidomethyl;TA=C;MT=fixed;AC=UNIMOD:4	q02901.raw	cell	HCC1143	c75305c00c6fc1d1f30e694dd4475340911b2ac0f7252b596ec584a4cce9022d	SAMEA7713425
PXD008222-Sample 45	Homo sapiens	breast	adult	epithelial	Caucasian	52Y	female	primary ductal carcinoma	2	HCC1143	not available	run 238	AC=MS:1002038;NT=label free sample	not available	3	ftp://ftp.pride.ebi.ac.uk/pride/data/archive/2017/12/PXD008222/q02902.raw	NT=Q Exactive;AC=MS:1001911	NT=Lys-C;AC=MS:1001309	not available	0.01 Da	50 ppm	NT=Oxidation;MT=variable;TA=M;AC=UNIMOD:35	NT=Acetyl;AC=UNIMOD:1;PP=Protein N-term;MT=variable	NT=Carbamidomethyl;TA=C;MT=fixed;AC=UNIMOD:4	q02902.raw	cell	HCC1143	c75305c00c6fc1d1f30e694dd4475340911b2ac0f7252b596ec584a4cce9022d	SAMEA7713425
PXD008222-Sample 45	Homo sapiens	breast	adult	epithelial	Caucasian	52Y	female	primary ductal carcinoma	2	HCC1143	not available	run 239	AC=MS:1002038;NT=label free sample	not available	4	ftp://ftp.pride.ebi.ac.uk/pride/data/archive/2017/12/PXD008222/q02903.raw	NT=Q Exactive;AC=MS:1001911	NT=Lys-C;AC=MS:1001309	not available	0.01 Da	50 ppm	NT=Oxidation;MT=variable;TA=M;AC=UNIMOD:35	NT=Acetyl;AC=UNIMOD:1;PP=Protein N-term;MT=variable	NT=Carbamidomethyl;TA=C;MT=fixed;AC=UNIMOD:4	q02903.raw	cell	HCC1143	c75305c00c6fc1d1f30e694dd4475340911b2ac0f7252b596ec584a4cce9022d	SAMEA7713425
PXD008222-Sample 45	Homo sapiens	breast	adult	epithelial	Caucasian	52Y	female	primary ductal carcinoma	2	HCC1143	not available	run 240	AC=MS:1002038;NT=label free sample	not available	5	ftp://ftp.pride.ebi.ac.uk/pride/data/archive/2017/12/PXD008222/q02904.raw	NT=Q Exactive;AC=MS:1001911	NT=Lys-C;AC=MS:1001309	not available	0.01 Da	50 ppm	NT=Oxidation;MT=variable;TA=M;AC=UNIMOD:35	NT=Acetyl;AC=UNIMOD:1;PP=Protein N-term;MT=variable	NT=Carbamidomethyl;TA=C;MT=fixed;AC=UNIMOD:4	q02904.raw	cell	HCC1143	c75305c00c6fc1d1f30e694dd4475340911b2ac0f7252b596ec584a4cce9022d	SAMEA7713425
PXD008222-Sample 46	Homo sapiens	breast	adult	epithelial	Caucasian	52Y	female	primary ductal carcinoma	2	HCC1143	not available	run 241	AC=MS:1002038;NT=label free sample	not available	1	ftp://ftp.pride.ebi.ac.uk/pride/data/archive/2017/12/PXD008222/q02906.raw	NT=Q Exactive;AC=MS:1001911	NT=Trypsin;AC=MS:1001251	not available	0.01 Da	50 ppm	NT=Oxidation;MT=variable;TA=M;AC=UNIMOD:35	NT=Acetyl;AC=UNIMOD:1;PP=Protein N-term;MT=variable	NT=Carbamidomethyl;TA=C;MT=fixed;AC=UNIMOD:4	q02906.raw	cell	HCC1143	bbbaf540dfe147cadbad3c5a8a23b14265e840fc1fc6e9223a7a55321a341836	SAMEA7713426
PXD008222-Sample 46	Homo sapiens	breast	adult	epithelial	Caucasian	52Y	female	primary ductal carcinoma	2	HCC1143	not available	run 242	AC=MS:1002038;NT=label free sample	not available	2	ftp://ftp.pride.ebi.ac.uk/pride/data/archive/2017/12/PXD008222/q02907.raw	NT=Q Exactive;AC=MS:1001911	NT=Trypsin;AC=MS:1001251	not available	0.01 Da	50 ppm	NT=Oxidation;MT=variable;TA=M;AC=UNIMOD:35	NT=Acetyl;AC=UNIMOD:1;PP=Protein N-term;MT=variable	NT=Carbamidomethyl;TA=C;MT=fixed;AC=UNIMOD:4	q02907.raw	cell	HCC1143	bbbaf540dfe147cadbad3c5a8a23b14265e840fc1fc6e9223a7a55321a341836	SAMEA7713426
PXD008222-Sample 46	Homo sapiens	breast	adult	epithelial	Caucasian	52Y	female	primary ductal carcinoma	2	HCC1143	not available	run 243	AC=MS:1002038;NT=label free sample	not available	3	ftp://ftp.pride.ebi.ac.uk/pride/data/archive/2017/12/PXD008222/q02908.raw	NT=Q Exactive;AC=MS:1001911	NT=Trypsin;AC=MS:1001251	not available	0.01 Da	50 ppm	NT=Oxidation;MT=variable;TA=M;AC=UNIMOD:35	NT=Acetyl;AC=UNIMOD:1;PP=Protein N-term;MT=variable	NT=Carbamidomethyl;TA=C;MT=fixed;AC=UNIMOD:4	q02908.raw	cell	HCC1143	bbbaf540dfe147cadbad3c5a8a23b14265e840fc1fc6e9223a7a55321a341836	SAMEA7713426
PXD008222-Sample 46	Homo sapiens	breast	adult	epithelial	Caucasian	52Y	female	primary ductal carcinoma	2	HCC1143	not available	run 244	AC=MS:1002038;NT=label free sample	not available	4	ftp://ftp.pride.ebi.ac.uk/pride/data/archive/2017/12/PXD008222/q02909.raw	NT=Q Exactive;AC=MS:1001911	NT=Trypsin;AC=MS:1001251	not available	0.01 Da	50 ppm	NT=Oxidation;MT=variable;TA=M;AC=UNIMOD:35	NT=Acetyl;AC=UNIMOD:1;PP=Protein N-term;MT=variable	NT=Carbamidomethyl;TA=C;MT=fixed;AC=UNIMOD:4	q02909.raw	cell	HCC1143	bbbaf540dfe147cadbad3c5a8a23b14265e840fc1fc6e9223a7a55321a341836	SAMEA7713426
PXD008222-Sample 46	Homo sapiens	breast	adult	epithelial	Caucasian	52Y	female	primary ductal carcinoma	2	HCC1143	not available	run 245	AC=MS:1002038;NT=label free sample	not available	5	ftp://ftp.pride.ebi.ac.uk/pride/data/archive/2017/12/PXD008222/q02910.raw	NT=Q Exactive;AC=MS:1001911	NT=Trypsin;AC=MS:1001251	not available	0.01 Da	50 ppm	NT=Oxidation;MT=variable;TA=M;AC=UNIMOD:35	NT=Acetyl;AC=UNIMOD:1;PP=Protein N-term;MT=variable	NT=Carbamidomethyl;TA=C;MT=fixed;AC=UNIMOD:4	q02910.raw	cell	HCC1143	bbbaf540dfe147cadbad3c5a8a23b14265e840fc1fc6e9223a7a55321a341836	SAMEA7713426
PXD008222-Sample 47	Homo sapiens	primary breast tumors	not available	not available	not available	not available	not available	primary breast tumor	not available	not applicable	not available	run 246	AC=MS:1002038;NT=label free sample	not available	1	ftp://ftp.pride.ebi.ac.uk/pride/data/archive/2017/12/PXD008222/q02921.raw	NT=Q Exactive;AC=MS:1001911	NT=Lys-C;AC=MS:1001309	not available	0.01 Da	50 ppm	NT=Oxidation;MT=variable;TA=M;AC=UNIMOD:35	NT=Acetyl;AC=UNIMOD:1;PP=Protein N-term;MT=variable	NT=Carbamidomethyl;TA=C;MT=fixed;AC=UNIMOD:4	q02921.raw	cell	not available	f4b8bc429743c527c4c77da2da13831af7a8c9788c8e789a2304eddde913aee7	SAMEA7713427
PXD008222-Sample 47	Homo sapiens	primary breast tumors	not available	not available	not available	not available	not available	primary breast tumor	not available	not applicable	not available	run 247	AC=MS:1002038;NT=label free sample	not available	2	ftp://ftp.pride.ebi.ac.uk/pride/data/archive/2017/12/PXD008222/q02922.raw	NT=Q Exactive;AC=MS:1001911	NT=Lys-C;AC=MS:1001309	not available	0.01 Da	50 ppm	NT=Oxidation;MT=variable;TA=M;AC=UNIMOD:35	NT=Acetyl;AC=UNIMOD:1;PP=Protein N-term;MT=variable	NT=Carbamidomethyl;TA=C;MT=fixed;AC=UNIMOD:4	q02922.raw	cell	not available	f4b8bc429743c527c4c77da2da13831af7a8c9788c8e789a2304eddde913aee7	SAMEA7713427
PXD008222-Sample 47	Homo sapiens	primary breast tumors	not available	not available	not available	not available	not available	primary breast tumor	not available	not applicable	not available	run 248	AC=MS:1002038;NT=label free sample	not available	3	ftp://ftp.pride.ebi.ac.uk/pride/data/archive/2017/12/PXD008222/q02923.raw	NT=Q Exactive;AC=MS:1001911	NT=Lys-C;AC=MS:1001309	not available	0.01 Da	50 ppm	NT=Oxidation;MT=variable;TA=M;AC=UNIMOD:35	NT=Acetyl;AC=UNIMOD:1;PP=Protein N-term;MT=variable	NT=Carbamidomethyl;TA=C;MT=fixed;AC=UNIMOD:4	q02923.raw	cell	not available	f4b8bc429743c527c4c77da2da13831af7a8c9788c8e789a2304eddde913aee7	SAMEA7713427
PXD008222-Sample 47	Homo sapiens	primary breast tumors	not available	not available	not available	not available	not available	primary breast tumor	not available	not applicable	not available	run 249	AC=MS:1002038;NT=label free sample	not available	4	ftp://ftp.pride.ebi.ac.uk/pride/data/archive/2017/12/PXD008222/q02924.raw	NT=Q Exactive;AC=MS:1001911	NT=Lys-C;AC=MS:1001309	not available	0.01 Da	50 ppm	NT=Oxidation;MT=variable;TA=M;AC=UNIMOD:35	NT=Acetyl;AC=UNIMOD:1;PP=Protein N-term;MT=variable	NT=Carbamidomethyl;TA=C;MT=fixed;AC=UNIMOD:4	q02924.raw	cell	not available	f4b8bc429743c527c4c77da2da13831af7a8c9788c8e789a2304eddde913aee7	SAMEA7713427
PXD008222-Sample 47	Homo sapiens	primary breast tumors	not available	not available	not available	not available	not available	primary breast tumor	not available	not applicable	not available	run 250	AC=MS:1002038;NT=label free sample	not available	5	ftp://ftp.pride.ebi.ac.uk/pride/data/archive/2017/12/PXD008222/q02925.raw	NT=Q Exactive;AC=MS:1001911	NT=Lys-C;AC=MS:1001309	not available	0.01 Da	50 ppm	NT=Oxidation;MT=variable;TA=M;AC=UNIMOD:35	NT=Acetyl;AC=UNIMOD:1;PP=Protein N-term;MT=variable	NT=Carbamidomethyl;TA=C;MT=fixed;AC=UNIMOD:4	q02925.raw	cell	not available	f4b8bc429743c527c4c77da2da13831af7a8c9788c8e789a2304eddde913aee7	SAMEA7713427
PXD008222-Sample 48	Homo sapiens	primary breast tumors	not available	not available	not available	not available	not available	primary breast tumor	not available	not applicable	not available	run 251	AC=MS:1002038;NT=label free sample	not available	1	ftp://ftp.pride.ebi.ac.uk/pride/data/archive/2017/12/PXD008222/q02927.raw	NT=Q Exactive;AC=MS:1001911	NT=Lys-C;AC=MS:1001309	not available	0.01 Da	50 ppm	NT=Oxidation;MT=variable;TA=M;AC=UNIMOD:35	NT=Acetyl;AC=UNIMOD:1;PP=Protein N-term;MT=variable	NT=Carbamidomethyl;TA=C;MT=fixed;AC=UNIMOD:4	q02927.raw	cell	not available	1894b24cfc4d3d2aab1665be1d4dfec73c14447907b3d95fbeaf1cbee340f0c4	SAMEA7713428
PXD008222-Sample 48	Homo sapiens	primary breast tumors	not available	not available	not available	not available	not available	primary breast tumor	not available	not applicable	not available	run 252	AC=MS:1002038;NT=label free sample	not available	2	ftp://ftp.pride.ebi.ac.uk/pride/data/archive/2017/12/PXD008222/q02928.raw	NT=Q Exactive;AC=MS:1001911	NT=Lys-C;AC=MS:1001309	not available	0.01 Da	50 ppm	NT=Oxidation;MT=variable;TA=M;AC=UNIMOD:35	NT=Acetyl;AC=UNIMOD:1;PP=Protein N-term;MT=variable	NT=Carbamidomethyl;TA=C;MT=fixed;AC=UNIMOD:4	q02928.raw	cell	not available	1894b24cfc4d3d2aab1665be1d4dfec73c14447907b3d95fbeaf1cbee340f0c4	SAMEA7713428
PXD008222-Sample 48	Homo sapiens	primary breast tumors	not available	not available	not available	not available	not available	primary breast tumor	not available	not applicable	not available	run 253	AC=MS:1002038;NT=label free sample	not available	3	ftp://ftp.pride.ebi.ac.uk/pride/data/archive/2017/12/PXD008222/q02929.raw	NT=Q Exactive;AC=MS:1001911	NT=Lys-C;AC=MS:1001309	not available	0.01 Da	50 ppm	NT=Oxidation;MT=variable;TA=M;AC=UNIMOD:35	NT=Acetyl;AC=UNIMOD:1;PP=Protein N-term;MT=variable	NT=Carbamidomethyl;TA=C;MT=fixed;AC=UNIMOD:4	q02929.raw	cell	not available	1894b24cfc4d3d2aab1665be1d4dfec73c14447907b3d95fbeaf1cbee340f0c4	SAMEA7713428
PXD008222-Sample 48	Homo sapiens	primary breast tumors	not available	not available	not available	not available	not available	primary breast tumor	not available	not applicable	not available	run 254	AC=MS:1002038;NT=label free sample	not available	4	ftp://ftp.pride.ebi.ac.uk/pride/data/archive/2017/12/PXD008222/q02930.raw	NT=Q Exactive;AC=MS:1001911	NT=Lys-C;AC=MS:1001309	not available	0.01 Da	50 ppm	NT=Oxidation;MT=variable;TA=M;AC=UNIMOD:35	NT=Acetyl;AC=UNIMOD:1;PP=Protein N-term;MT=variable	NT=Carbamidomethyl;TA=C;MT=fixed;AC=UNIMOD:4	q02930.raw	cell	not available	1894b24cfc4d3d2aab1665be1d4dfec73c14447907b3d95fbeaf1cbee340f0c4	SAMEA7713428
PXD008222-Sample 48	Homo sapiens	primary breast tumors	not available	not available	not available	not available	not available	primary breast tumor	not available	not applicable	not available	run 255	AC=MS:1002038;NT=label free sample	not available	5	ftp://ftp.pride.ebi.ac.uk/pride/data/archive/2017/12/PXD008222/q02931.raw	NT=Q Exactive;AC=MS:1001911	NT=Lys-C;AC=MS:1001309	not available	0.01 Da	50 ppm	NT=Oxidation;MT=variable;TA=M;AC=UNIMOD:35	NT=Acetyl;AC=UNIMOD:1;PP=Protein N-term;MT=variable	NT=Carbamidomethyl;TA=C;MT=fixed;AC=UNIMOD:4	q02931.raw	cell	not available	1894b24cfc4d3d2aab1665be1d4dfec73c14447907b3d95fbeaf1cbee340f0c4	SAMEA7713428
PXD008222-Sample 49	Homo sapiens	primary breast tumors	not available	not available	not available	not available	not available	primary breast tumor	not available	not applicable	not available	run 256	AC=MS:1002038;NT=label free sample	not available	1	ftp://ftp.pride.ebi.ac.uk/pride/data/archive/2017/12/PXD008222/q02933.raw	NT=Q Exactive;AC=MS:1001911	NT=Lys-C;AC=MS:1001309	not available	0.01 Da	50 ppm	NT=Oxidation;MT=variable;TA=M;AC=UNIMOD:35	NT=Acetyl;AC=UNIMOD:1;PP=Protein N-term;MT=variable	NT=Carbamidomethyl;TA=C;MT=fixed;AC=UNIMOD:4	q02933.raw	cell	not available	10722548924898e00024c2a0549e40d476cbd8833b6e8a8a628b807c032c60b3	SAMEA7713429
PXD008222-Sample 49	Homo sapiens	primary breast tumors	not available	not available	not available	not available	not available	primary breast tumor	not available	not applicable	not available	run 257	AC=MS:1002038;NT=label free sample	not available	2	ftp://ftp.pride.ebi.ac.uk/pride/data/archive/2017/12/PXD008222/q02934.raw	NT=Q Exactive;AC=MS:1001911	NT=Lys-C;AC=MS:1001309	not available	0.01 Da	50 ppm	NT=Oxidation;MT=variable;TA=M;AC=UNIMOD:35	NT=Acetyl;AC=UNIMOD:1;PP=Protein N-term;MT=variable	NT=Carbamidomethyl;TA=C;MT=fixed;AC=UNIMOD:4	q02934.raw	cell	not available	10722548924898e00024c2a0549e40d476cbd8833b6e8a8a628b807c032c60b3	SAMEA7713429
PXD008222-Sample 49	Homo sapiens	primary breast tumors	not available	not available	not available	not available	not available	primary breast tumor	not available	not applicable	not available	run 258	AC=MS:1002038;NT=label free sample	not available	3	ftp://ftp.pride.ebi.ac.uk/pride/data/archive/2017/12/PXD008222/q02935.raw	NT=Q Exactive;AC=MS:1001911	NT=Lys-C;AC=MS:1001309	not available	0.01 Da	50 ppm	NT=Oxidation;MT=variable;TA=M;AC=UNIMOD:35	NT=Acetyl;AC=UNIMOD:1;PP=Protein N-term;MT=variable	NT=Carbamidomethyl;TA=C;MT=fixed;AC=UNIMOD:4	q02935.raw	cell	not available	10722548924898e00024c2a0549e40d476cbd8833b6e8a8a628b807c032c60b3	SAMEA7713429
PXD008222-Sample 49	Homo sapiens	primary breast tumors	not available	not available	not available	not available	not available	primary breast tumor	not available	not applicable	not available	run 259	AC=MS:1002038;NT=label free sample	not available	4	ftp://ftp.pride.ebi.ac.uk/pride/data/archive/2017/12/PXD008222/q02936.raw	NT=Q Exactive;AC=MS:1001911	NT=Lys-C;AC=MS:1001309	not available	0.01 Da	50 ppm	NT=Oxidation;MT=variable;TA=M;AC=UNIMOD:35	NT=Acetyl;AC=UNIMOD:1;PP=Protein N-term;MT=variable	NT=Carbamidomethyl;TA=C;MT=fixed;AC=UNIMOD:4	q02936.raw	cell	not available	10722548924898e00024c2a0549e40d476cbd8833b6e8a8a628b807c032c60b3	SAMEA7713429
PXD008222-Sample 49	Homo sapiens	primary breast tumors	not available	not available	not available	not available	not available	primary breast tumor	not available	not applicable	not available	run 260	AC=MS:1002038;NT=label free sample	not available	5	ftp://ftp.pride.ebi.ac.uk/pride/data/archive/2017/12/PXD008222/q02937.raw	NT=Q Exactive;AC=MS:1001911	NT=Lys-C;AC=MS:1001309	not available	0.01 Da	50 ppm	NT=Oxidation;MT=variable;TA=M;AC=UNIMOD:35	NT=Acetyl;AC=UNIMOD:1;PP=Protein N-term;MT=variable	NT=Carbamidomethyl;TA=C;MT=fixed;AC=UNIMOD:4	q02937.raw	cell	not available	10722548924898e00024c2a0549e40d476cbd8833b6e8a8a628b807c032c60b3	SAMEA7713429
PXD008222-Sample 50	Homo sapiens	primary breast tumors	not available	not available	not available	not available	not available	primary breast tumor	not available	not applicable	not available	run 261	AC=MS:1002038;NT=label free sample	not available	1	ftp://ftp.pride.ebi.ac.uk/pride/data/archive/2017/12/PXD008222/q02939.raw	NT=Q Exactive;AC=MS:1001911	NT=Lys-C;AC=MS:1001309	not available	0.01 Da	50 ppm	NT=Oxidation;MT=variable;TA=M;AC=UNIMOD:35	NT=Acetyl;AC=UNIMOD:1;PP=Protein N-term;MT=variable	NT=Carbamidomethyl;TA=C;MT=fixed;AC=UNIMOD:4	q02939.raw	cell	not available	a4cc77d1e4aab709cfb8356cbec24055771b574cd05aeaa327bacf8b22d127b9	SAMEA7713430
PXD008222-Sample 50	Homo sapiens	primary breast tumors	not available	not available	not available	not available	not available	primary breast tumor	not available	not applicable	not available	run 262	AC=MS:1002038;NT=label free sample	not available	2	ftp://ftp.pride.ebi.ac.uk/pride/data/archive/2017/12/PXD008222/q02940.raw	NT=Q Exactive;AC=MS:1001911	NT=Lys-C;AC=MS:1001309	not available	0.01 Da	50 ppm	NT=Oxidation;MT=variable;TA=M;AC=UNIMOD:35	NT=Acetyl;AC=UNIMOD:1;PP=Protein N-term;MT=variable	NT=Carbamidomethyl;TA=C;MT=fixed;AC=UNIMOD:4	q02940.raw	cell	not available	a4cc77d1e4aab709cfb8356cbec24055771b574cd05aeaa327bacf8b22d127b9	SAMEA7713430
PXD008222-Sample 50	Homo sapiens	primary breast tumors	not available	not available	not available	not available	not available	primary breast tumor	not available	not applicable	not available	run 263	AC=MS:1002038;NT=label free sample	not available	3	ftp://ftp.pride.ebi.ac.uk/pride/data/archive/2017/12/PXD008222/q02941.raw	NT=Q Exactive;AC=MS:1001911	NT=Lys-C;AC=MS:1001309	not available	0.01 Da	50 ppm	NT=Oxidation;MT=variable;TA=M;AC=UNIMOD:35	NT=Acetyl;AC=UNIMOD:1;PP=Protein N-term;MT=variable	NT=Carbamidomethyl;TA=C;MT=fixed;AC=UNIMOD:4	q02941.raw	cell	not available	a4cc77d1e4aab709cfb8356cbec24055771b574cd05aeaa327bacf8b22d127b9	SAMEA7713430
PXD008222-Sample 50	Homo sapiens	primary breast tumors	not available	not available	not available	not available	not available	primary breast tumor	not available	not applicable	not available	run 264	AC=MS:1002038;NT=label free sample	not available	4	ftp://ftp.pride.ebi.ac.uk/pride/data/archive/2017/12/PXD008222/q02942.raw	NT=Q Exactive;AC=MS:1001911	NT=Lys-C;AC=MS:1001309	not available	0.01 Da	50 ppm	NT=Oxidation;MT=variable;TA=M;AC=UNIMOD:35	NT=Acetyl;AC=UNIMOD:1;PP=Protein N-term;MT=variable	NT=Carbamidomethyl;TA=C;MT=fixed;AC=UNIMOD:4	q02942.raw	cell	not available	a4cc77d1e4aab709cfb8356cbec24055771b574cd05aeaa327bacf8b22d127b9	SAMEA7713430
PXD008222-Sample 50	Homo sapiens	primary breast tumors	not available	not available	not available	not available	not available	primary breast tumor	not available	not applicable	not available	run 265	AC=MS:1002038;NT=label free sample	not available	5	ftp://ftp.pride.ebi.ac.uk/pride/data/archive/2017/12/PXD008222/q02943.raw	NT=Q Exactive;AC=MS:1001911	NT=Lys-C;AC=MS:1001309	not available	0.01 Da	50 ppm	NT=Oxidation;MT=variable;TA=M;AC=UNIMOD:35	NT=Acetyl;AC=UNIMOD:1;PP=Protein N-term;MT=variable	NT=Carbamidomethyl;TA=C;MT=fixed;AC=UNIMOD:4	q02943.raw	cell	not available	a4cc77d1e4aab709cfb8356cbec24055771b574cd05aeaa327bacf8b22d127b9	SAMEA7713430
PXD008222-Sample 51	Homo sapiens	breast	adult	epithelial	Caucasian	44Y	female	primary ductal carcinoma	2	HCC1599	not available	run 266	AC=MS:1002038;NT=label free sample	not available	1	ftp://ftp.pride.ebi.ac.uk/pride/data/archive/2017/12/PXD008222/q02957.raw	NT=Q Exactive;AC=MS:1001911	NT=Lys-C;AC=MS:1001309	not available	0.01 Da	50 ppm	NT=Oxidation;MT=variable;TA=M;AC=UNIMOD:35	NT=Acetyl;AC=UNIMOD:1;PP=Protein N-term;MT=variable	NT=Carbamidomethyl;TA=C;MT=fixed;AC=UNIMOD:4	q02957.raw	cell	HCC1599	538504089f3481bd296cd668c77508bfcb5fabe0d2beac4c9ba8bed88fcda225	SAMEA7713431
PXD008222-Sample 51	Homo sapiens	breast	adult	epithelial	Caucasian	44Y	female	primary ductal carcinoma	2	HCC1599	not available	run 267	AC=MS:1002038;NT=label free sample	not available	2	ftp://ftp.pride.ebi.ac.uk/pride/data/archive/2017/12/PXD008222/q02958.raw	NT=Q Exactive;AC=MS:1001911	NT=Lys-C;AC=MS:1001309	not available	0.01 Da	50 ppm	NT=Oxidation;MT=variable;TA=M;AC=UNIMOD:35	NT=Acetyl;AC=UNIMOD:1;PP=Protein N-term;MT=variable	NT=Carbamidomethyl;TA=C;MT=fixed;AC=UNIMOD:4	q02958.raw	cell	HCC1599	538504089f3481bd296cd668c77508bfcb5fabe0d2beac4c9ba8bed88fcda225	SAMEA7713431
PXD008222-Sample 51	Homo sapiens	breast	adult	epithelial	Caucasian	44Y	female	primary ductal carcinoma	2	HCC1599	not available	run 268	AC=MS:1002038;NT=label free sample	not available	3	ftp://ftp.pride.ebi.ac.uk/pride/data/archive/2017/12/PXD008222/q02959.raw	NT=Q Exactive;AC=MS:1001911	NT=Lys-C;AC=MS:1001309	not available	0.01 Da	50 ppm	NT=Oxidation;MT=variable;TA=M;AC=UNIMOD:35	NT=Acetyl;AC=UNIMOD:1;PP=Protein N-term;MT=variable	NT=Carbamidomethyl;TA=C;MT=fixed;AC=UNIMOD:4	q02959.raw	cell	HCC1599	538504089f3481bd296cd668c77508bfcb5fabe0d2beac4c9ba8bed88fcda225	SAMEA7713431
PXD008222-Sample 51	Homo sapiens	breast	adult	epithelial	Caucasian	44Y	female	primary ductal carcinoma	2	HCC1599	not available	run 269	AC=MS:1002038;NT=label free sample	not available	4	ftp://ftp.pride.ebi.ac.uk/pride/data/archive/2017/12/PXD008222/q02960.raw	NT=Q Exactive;AC=MS:1001911	NT=Lys-C;AC=MS:1001309	not available	0.01 Da	50 ppm	NT=Oxidation;MT=variable;TA=M;AC=UNIMOD:35	NT=Acetyl;AC=UNIMOD:1;PP=Protein N-term;MT=variable	NT=Carbamidomethyl;TA=C;MT=fixed;AC=UNIMOD:4	q02960.raw	cell	HCC1599	538504089f3481bd296cd668c77508bfcb5fabe0d2beac4c9ba8bed88fcda225	SAMEA7713431
PXD008222-Sample 51	Homo sapiens	breast	adult	epithelial	Caucasian	44Y	female	primary ductal carcinoma	2	HCC1599	not available	run 270	AC=MS:1002038;NT=label free sample	not available	5	ftp://ftp.pride.ebi.ac.uk/pride/data/archive/2017/12/PXD008222/q02961.raw	NT=Q Exactive;AC=MS:1001911	NT=Lys-C;AC=MS:1001309	not available	0.01 Da	50 ppm	NT=Oxidation;MT=variable;TA=M;AC=UNIMOD:35	NT=Acetyl;AC=UNIMOD:1;PP=Protein N-term;MT=variable	NT=Carbamidomethyl;TA=C;MT=fixed;AC=UNIMOD:4	q02961.raw	cell	HCC1599	538504089f3481bd296cd668c77508bfcb5fabe0d2beac4c9ba8bed88fcda225	SAMEA7713431
PXD008222-Sample 52	Homo sapiens	breast	adult	epithelial	Caucasian	44Y	female	primary ductal carcinoma	2	HCC1599	not available	run 271	AC=MS:1002038;NT=label free sample	not available	1	ftp://ftp.pride.ebi.ac.uk/pride/data/archive/2017/12/PXD008222/q02963.raw	NT=Q Exactive;AC=MS:1001911	NT=Trypsin;AC=MS:1001251	not available	0.01 Da	50 ppm	NT=Oxidation;MT=variable;TA=M;AC=UNIMOD:35	NT=Acetyl;AC=UNIMOD:1;PP=Protein N-term;MT=variable	NT=Carbamidomethyl;TA=C;MT=fixed;AC=UNIMOD:4	q02963.raw	cell	HCC1599	f2a3eb65e674e005883f7725fbdadea2412900fdeb8b70ae99348252490c4a48	SAMEA7713432
PXD008222-Sample 52	Homo sapiens	breast	adult	epithelial	Caucasian	44Y	female	primary ductal carcinoma	2	HCC1599	not available	run 272	AC=MS:1002038;NT=label free sample	not available	2	ftp://ftp.pride.ebi.ac.uk/pride/data/archive/2017/12/PXD008222/q02964.raw	NT=Q Exactive;AC=MS:1001911	NT=Trypsin;AC=MS:1001251	not available	0.01 Da	50 ppm	NT=Oxidation;MT=variable;TA=M;AC=UNIMOD:35	NT=Acetyl;AC=UNIMOD:1;PP=Protein N-term;MT=variable	NT=Carbamidomethyl;TA=C;MT=fixed;AC=UNIMOD:4	q02964.raw	cell	HCC1599	f2a3eb65e674e005883f7725fbdadea2412900fdeb8b70ae99348252490c4a48	SAMEA7713432
PXD008222-Sample 52	Homo sapiens	breast	adult	epithelial	Caucasian	44Y	female	primary ductal carcinoma	2	HCC1599	not available	run 273	AC=MS:1002038;NT=label free sample	not available	3	ftp://ftp.pride.ebi.ac.uk/pride/data/archive/2017/12/PXD008222/q02965.raw	NT=Q Exactive;AC=MS:1001911	NT=Trypsin;AC=MS:1001251	not available	0.01 Da	50 ppm	NT=Oxidation;MT=variable;TA=M;AC=UNIMOD:35	NT=Acetyl;AC=UNIMOD:1;PP=Protein N-term;MT=variable	NT=Carbamidomethyl;TA=C;MT=fixed;AC=UNIMOD:4	q02965.raw	cell	HCC1599	f2a3eb65e674e005883f7725fbdadea2412900fdeb8b70ae99348252490c4a48	SAMEA7713432
PXD008222-Sample 52	Homo sapiens	breast	adult	epithelial	Caucasian	44Y	female	primary ductal carcinoma	2	HCC1599	not available	run 274	AC=MS:1002038;NT=label free sample	not available	4	ftp://ftp.pride.ebi.ac.uk/pride/data/archive/2017/12/PXD008222/q02966.raw	NT=Q Exactive;AC=MS:1001911	NT=Trypsin;AC=MS:1001251	not available	0.01 Da	50 ppm	NT=Oxidation;MT=variable;TA=M;AC=UNIMOD:35	NT=Acetyl;AC=UNIMOD:1;PP=Protein N-term;MT=variable	NT=Carbamidomethyl;TA=C;MT=fixed;AC=UNIMOD:4	q02966.raw	cell	HCC1599	f2a3eb65e674e005883f7725fbdadea2412900fdeb8b70ae99348252490c4a48	SAMEA7713432
PXD008222-Sample 52	Homo sapiens	breast	adult	epithelial	Caucasian	44Y	female	primary ductal carcinoma	2	HCC1599	not available	run 275	AC=MS:1002038;NT=label free sample	not available	5	ftp://ftp.pride.ebi.ac.uk/pride/data/archive/2017/12/PXD008222/q02967.raw	NT=Q Exactive;AC=MS:1001911	NT=Trypsin;AC=MS:1001251	not available	0.01 Da	50 ppm	NT=Oxidation;MT=variable;TA=M;AC=UNIMOD:35	NT=Acetyl;AC=UNIMOD:1;PP=Protein N-term;MT=variable	NT=Carbamidomethyl;TA=C;MT=fixed;AC=UNIMOD:4	q02967.raw	cell	HCC1599	f2a3eb65e674e005883f7725fbdadea2412900fdeb8b70ae99348252490c4a48	SAMEA7713432
PXD008222-Sample 53	Homo sapiens	breast	adult	epithelial	Black	60Y	female	primary acantholytic squamous cell carcinoma	2	HCC1806	not available	run 276	AC=MS:1002038;NT=label free sample	not available	1	ftp://ftp.pride.ebi.ac.uk/pride/data/archive/2017/12/PXD008222/q02980.raw	NT=Q Exactive;AC=MS:1001911	NT=Lys-C;AC=MS:1001309	not available	0.01 Da	50 ppm	NT=Oxidation;MT=variable;TA=M;AC=UNIMOD:35	NT=Acetyl;AC=UNIMOD:1;PP=Protein N-term;MT=variable	NT=Carbamidomethyl;TA=C;MT=fixed;AC=UNIMOD:4	q02980.raw	cell	HCC1806	5744bf55de9b485d731b8a5a66d0882a09f2ad2dd4e769f3da9d6af5aa06bc16	SAMEA7713433
PXD008222-Sample 53	Homo sapiens	breast	adult	epithelial	Black	60Y	female	primary acantholytic squamous cell carcinoma	2	HCC1806	not available	run 277	AC=MS:1002038;NT=label free sample	not available	2	ftp://ftp.pride.ebi.ac.uk/pride/data/archive/2017/12/PXD008222/q02981.raw	NT=Q Exactive;AC=MS:1001911	NT=Lys-C;AC=MS:1001309	not available	0.01 Da	50 ppm	NT=Oxidation;MT=variable;TA=M;AC=UNIMOD:35	NT=Acetyl;AC=UNIMOD:1;PP=Protein N-term;MT=variable	NT=Carbamidomethyl;TA=C;MT=fixed;AC=UNIMOD:4	q02981.raw	cell	HCC1806	5744bf55de9b485d731b8a5a66d0882a09f2ad2dd4e769f3da9d6af5aa06bc16	SAMEA7713433
PXD008222-Sample 53	Homo sapiens	breast	adult	epithelial	Black	60Y	female	primary acantholytic squamous cell carcinoma	2	HCC1806	not available	run 278	AC=MS:1002038;NT=label free sample	not available	3	ftp://ftp.pride.ebi.ac.uk/pride/data/archive/2017/12/PXD008222/q02983.raw	NT=Q Exactive;AC=MS:1001911	NT=Lys-C;AC=MS:1001309	not available	0.01 Da	50 ppm	NT=Oxidation;MT=variable;TA=M;AC=UNIMOD:35	NT=Acetyl;AC=UNIMOD:1;PP=Protein N-term;MT=variable	NT=Carbamidomethyl;TA=C;MT=fixed;AC=UNIMOD:4	q02983.raw	cell	HCC1806	5744bf55de9b485d731b8a5a66d0882a09f2ad2dd4e769f3da9d6af5aa06bc16	SAMEA7713433
PXD008222-Sample 53	Homo sapiens	breast	adult	epithelial	Black	60Y	female	primary acantholytic squamous cell carcinoma	2	HCC1806	not available	run 279	AC=MS:1002038;NT=label free sample	not available	4	ftp://ftp.pride.ebi.ac.uk/pride/data/archive/2017/12/PXD008222/q02984.raw	NT=Q Exactive;AC=MS:1001911	NT=Lys-C;AC=MS:1001309	not available	0.01 Da	50 ppm	NT=Oxidation;MT=variable;TA=M;AC=UNIMOD:35	NT=Acetyl;AC=UNIMOD:1;PP=Protein N-term;MT=variable	NT=Carbamidomethyl;TA=C;MT=fixed;AC=UNIMOD:4	q02984.raw	cell	HCC1806	5744bf55de9b485d731b8a5a66d0882a09f2ad2dd4e769f3da9d6af5aa06bc16	SAMEA7713433
PXD008222-Sample 53	Homo sapiens	breast	adult	epithelial	Black	60Y	female	primary acantholytic squamous cell carcinoma	2	HCC1806	not available	run 280	AC=MS:1002038;NT=label free sample	not available	1	ftp://ftp.pride.ebi.ac.uk/pride/data/archive/2017/12/PXD008222/q02986.raw	NT=Q Exactive;AC=MS:1001911	NT=Trypsin;AC=MS:1001251	not available	0.01 Da	50 ppm	NT=Oxidation;MT=variable;TA=M;AC=UNIMOD:35	NT=Acetyl;AC=UNIMOD:1;PP=Protein N-term;MT=variable	NT=Carbamidomethyl;TA=C;MT=fixed;AC=UNIMOD:4	q02986.raw	cell	HCC1806	5744bf55de9b485d731b8a5a66d0882a09f2ad2dd4e769f3da9d6af5aa06bc16	SAMEA7713433
PXD008222-Sample 54	Homo sapiens	breast	adult	epithelial	Black	60Y	female	primary acantholytic squamous cell carcinoma	2	HCC1806	not available	run 281	AC=MS:1002038;NT=label free sample	not available	2	ftp://ftp.pride.ebi.ac.uk/pride/data/archive/2017/12/PXD008222/q02988.raw	NT=Q Exactive;AC=MS:1001911	NT=Trypsin;AC=MS:1001251	not available	0.01 Da	50 ppm	NT=Oxidation;MT=variable;TA=M;AC=UNIMOD:35	NT=Acetyl;AC=UNIMOD:1;PP=Protein N-term;MT=variable	NT=Carbamidomethyl;TA=C;MT=fixed;AC=UNIMOD:4	q02988.raw	cell	HCC1806	a7ac01a9357105cac3f7f175ea4a4638ffd756a12dec2c0ba7b138f0b3558e35	SAMEA7713434
PXD008222-Sample 54	Homo sapiens	breast	adult	epithelial	Black	60Y	female	primary acantholytic squamous cell carcinoma	2	HCC1806	not available	run 282	AC=MS:1002038;NT=label free sample	not available	3	ftp://ftp.pride.ebi.ac.uk/pride/data/archive/2017/12/PXD008222/q02989.raw	NT=Q Exactive;AC=MS:1001911	NT=Trypsin;AC=MS:1001251	not available	0.01 Da	50 ppm	NT=Oxidation;MT=variable;TA=M;AC=UNIMOD:35	NT=Acetyl;AC=UNIMOD:1;PP=Protein N-term;MT=variable	NT=Carbamidomethyl;TA=C;MT=fixed;AC=UNIMOD:4	q02989.raw	cell	HCC1806	a7ac01a9357105cac3f7f175ea4a4638ffd756a12dec2c0ba7b138f0b3558e35	SAMEA7713434
PXD008222-Sample 54	Homo sapiens	breast	adult	epithelial	Black	60Y	female	primary acantholytic squamous cell carcinoma	2	HCC1806	not available	run 283	AC=MS:1002038;NT=label free sample	not available	4	ftp://ftp.pride.ebi.ac.uk/pride/data/archive/2017/12/PXD008222/q02990.raw	NT=Q Exactive;AC=MS:1001911	NT=Trypsin;AC=MS:1001251	not available	0.01 Da	50 ppm	NT=Oxidation;MT=variable;TA=M;AC=UNIMOD:35	NT=Acetyl;AC=UNIMOD:1;PP=Protein N-term;MT=variable	NT=Carbamidomethyl;TA=C;MT=fixed;AC=UNIMOD:4	q02990.raw	cell	HCC1806	a7ac01a9357105cac3f7f175ea4a4638ffd756a12dec2c0ba7b138f0b3558e35	SAMEA7713434
PXD008222-Sample 54	Homo sapiens	breast	adult	epithelial	Caucasian	23Y	female	primary ductal carcinoma	2	HCC1937	not available	run 284	AC=MS:1002038;NT=label free sample	not available	1	ftp://ftp.pride.ebi.ac.uk/pride/data/archive/2017/12/PXD008222/q02992.raw	NT=Q Exactive;AC=MS:1001911	NT=Trypsin;AC=MS:1001251	not available	0.01 Da	50 ppm	NT=Oxidation;MT=variable;TA=M;AC=UNIMOD:35	NT=Acetyl;AC=UNIMOD:1;PP=Protein N-term;MT=variable	NT=Carbamidomethyl;TA=C;MT=fixed;AC=UNIMOD:4	q02992.raw	cell	HCC1937	3ea1f1e344d716c3897dfb3166811dd0df42fea9dbb8f0489ca23a61ec055252	
PXD008222-Sample 54	Homo sapiens	breast	adult	epithelial	Caucasian	23Y	female	primary ductal carcinoma	2	HCC1937	not available	run 285	AC=MS:1002038;NT=label free sample	not available	2	ftp://ftp.pride.ebi.ac.uk/pride/data/archive/2017/12/PXD008222/q02993.raw	NT=Q Exactive;AC=MS:1001911	NT=Lys-C;AC=MS:1001309	not available	0.01 Da	50 ppm	NT=Oxidation;MT=variable;TA=M;AC=UNIMOD:35	NT=Acetyl;AC=UNIMOD:1;PP=Protein N-term;MT=variable	NT=Carbamidomethyl;TA=C;MT=fixed;AC=UNIMOD:4	q02993.raw	cell	HCC1937	3ea1f1e344d716c3897dfb3166811dd0df42fea9dbb8f0489ca23a61ec055252	
PXD008222-Sample 55	Homo sapiens	breast	adult	epithelial	Caucasian	23Y	female	primary ductal carcinoma	2	HCC1937	not available	run 286	AC=MS:1002038;NT=label free sample	not available	3	ftp://ftp.pride.ebi.ac.uk/pride/data/archive/2017/12/PXD008222/q02994.raw	NT=Q Exactive;AC=MS:1001911	NT=Lys-C;AC=MS:1001309	not available	0.01 Da	50 ppm	NT=Oxidation;MT=variable;TA=M;AC=UNIMOD:35	NT=Acetyl;AC=UNIMOD:1;PP=Protein N-term;MT=variable	NT=Carbamidomethyl;TA=C;MT=fixed;AC=UNIMOD:4	q02994.raw	cell	HCC1937	16320d999f85f4c80bf97f2893f86b550c8915c055f135f2ce6fe0e175a4b77b	SAMEA7713436
PXD008222-Sample 55	Homo sapiens	breast	adult	epithelial	Caucasian	23Y	female	primary ductal carcinoma	2	HCC1937	not available	run 287	AC=MS:1002038;NT=label free sample	not available	4	ftp://ftp.pride.ebi.ac.uk/pride/data/archive/2017/12/PXD008222/q02995.raw	NT=Q Exactive;AC=MS:1001911	NT=Lys-C;AC=MS:1001309	not available	0.01 Da	50 ppm	NT=Oxidation;MT=variable;TA=M;AC=UNIMOD:35	NT=Acetyl;AC=UNIMOD:1;PP=Protein N-term;MT=variable	NT=Carbamidomethyl;TA=C;MT=fixed;AC=UNIMOD:4	q02995.raw	cell	HCC1937	16320d999f85f4c80bf97f2893f86b550c8915c055f135f2ce6fe0e175a4b77b	SAMEA7713436
PXD008222-Sample 55	Homo sapiens	breast	adult	epithelial	Caucasian	23Y	female	primary ductal carcinoma	2	HCC1937	not available	run 288	AC=MS:1002038;NT=label free sample	not available	5	ftp://ftp.pride.ebi.ac.uk/pride/data/archive/2017/12/PXD008222/q02996.raw	NT=Q Exactive;AC=MS:1001911	NT=Lys-C;AC=MS:1001309	not available	0.01 Da	50 ppm	NT=Oxidation;MT=variable;TA=M;AC=UNIMOD:35	NT=Acetyl;AC=UNIMOD:1;PP=Protein N-term;MT=variable	NT=Carbamidomethyl;TA=C;MT=fixed;AC=UNIMOD:4	q02996.raw	cell	HCC1937	16320d999f85f4c80bf97f2893f86b550c8915c055f135f2ce6fe0e175a4b77b	SAMEA7713436
PXD008222-Sample 55	Homo sapiens	breast	adult	epithelial	Caucasian	23Y	female	primary ductal carcinoma	2	HCC1937	not available	run 289	AC=MS:1002038;NT=label free sample	not available	1	ftp://ftp.pride.ebi.ac.uk/pride/data/archive/2017/12/PXD008222/q02998.raw	NT=Q Exactive;AC=MS:1001911	NT=Trypsin;AC=MS:1001251	not available	0.01 Da	50 ppm	NT=Oxidation;MT=variable;TA=M;AC=UNIMOD:35	NT=Acetyl;AC=UNIMOD:1;PP=Protein N-term;MT=variable	NT=Carbamidomethyl;TA=C;MT=fixed;AC=UNIMOD:4	q02998.raw	cell	HCC1937	16320d999f85f4c80bf97f2893f86b550c8915c055f135f2ce6fe0e175a4b77b	SAMEA7713436
PXD008222-Sample 55	Homo sapiens	breast	adult	epithelial	Caucasian	23Y	female	primary ductal carcinoma	2	HCC1937	not available	run 290	AC=MS:1002038;NT=label free sample	not available	2	ftp://ftp.pride.ebi.ac.uk/pride/data/archive/2017/12/PXD008222/q02999.raw	NT=Q Exactive;AC=MS:1001911	NT=Trypsin;AC=MS:1001251	not available	0.01 Da	50 ppm	NT=Oxidation;MT=variable;TA=M;AC=UNIMOD:35	NT=Acetyl;AC=UNIMOD:1;PP=Protein N-term;MT=variable	NT=Carbamidomethyl;TA=C;MT=fixed;AC=UNIMOD:4	q02999.raw	cell	HCC1937	16320d999f85f4c80bf97f2893f86b550c8915c055f135f2ce6fe0e175a4b77b	SAMEA7713436
PXD008222-Sample 56	Homo sapiens	breast	adult	epithelial	Caucasian	23Y	female	primary ductal carcinoma	2	HCC1937	not available	run 291	AC=MS:1002038;NT=label free sample	not available	3	ftp://ftp.pride.ebi.ac.uk/pride/data/archive/2017/12/PXD008222/q03000.raw	NT=Q Exactive;AC=MS:1001911	NT=Trypsin;AC=MS:1001251	not available	0.01 Da	50 ppm	NT=Oxidation;MT=variable;TA=M;AC=UNIMOD:35	NT=Acetyl;AC=UNIMOD:1;PP=Protein N-term;MT=variable	NT=Carbamidomethyl;TA=C;MT=fixed;AC=UNIMOD:4	q03000.raw	cell	HCC1937	ae7cb337d207be794639b53f19084ff607a567ebccae5ea314ead083850c9531	SAMEA7713437
PXD008222-Sample 56	Homo sapiens	breast	adult	epithelial	Caucasian	23Y	female	primary ductal carcinoma	2	HCC1937	not available	run 292	AC=MS:1002038;NT=label free sample	not available	4	ftp://ftp.pride.ebi.ac.uk/pride/data/archive/2017/12/PXD008222/q03001.raw	NT=Q Exactive;AC=MS:1001911	NT=Trypsin;AC=MS:1001251	not available	0.01 Da	50 ppm	NT=Oxidation;MT=variable;TA=M;AC=UNIMOD:35	NT=Acetyl;AC=UNIMOD:1;PP=Protein N-term;MT=variable	NT=Carbamidomethyl;TA=C;MT=fixed;AC=UNIMOD:4	q03001.raw	cell	HCC1937	ae7cb337d207be794639b53f19084ff607a567ebccae5ea314ead083850c9531	SAMEA7713437
PXD008222-Sample 56	Homo sapiens	breast	adult	epithelial	Caucasian	23Y	female	primary ductal carcinoma	2	HCC1937	not available	run 293	AC=MS:1002038;NT=label free sample	not available	5	ftp://ftp.pride.ebi.ac.uk/pride/data/archive/2017/12/PXD008222/q03002.raw	NT=Q Exactive;AC=MS:1001911	NT=Trypsin;AC=MS:1001251	not available	0.01 Da	50 ppm	NT=Oxidation;MT=variable;TA=M;AC=UNIMOD:35	NT=Acetyl;AC=UNIMOD:1;PP=Protein N-term;MT=variable	NT=Carbamidomethyl;TA=C;MT=fixed;AC=UNIMOD:4	q03002.raw	cell	HCC1937	ae7cb337d207be794639b53f19084ff607a567ebccae5ea314ead083850c9531	SAMEA7713437
PXD008222-Sample 56	Homo sapiens	breast	adult	epithelial	Black	60Y	female	primary acantholytic squamous cell carcinoma	2	HCC1806	not available	run 294	AC=MS:1002038;NT=label free sample	not available	5	ftp://ftp.pride.ebi.ac.uk/pride/data/archive/2017/12/PXD008222/q03006.raw	NT=Q Exactive;AC=MS:1001911	NT=Lys-C;AC=MS:1001309	not available	0.01 Da	50 ppm	NT=Oxidation;MT=variable;TA=M;AC=UNIMOD:35	NT=Acetyl;AC=UNIMOD:1;PP=Protein N-term;MT=variable	NT=Carbamidomethyl;TA=C;MT=fixed;AC=UNIMOD:4	q03006.raw	cell	HCC1806	78d2da4859ef1a99f4c77fb989242fed758ec8c81d557350b31eb637739a4de2	
PXD008222-Sample 56	Homo sapiens	breast	adult	epithelial	Black	60Y	female	primary acantholytic squamous cell carcinoma	2	HCC1806	not available	run 295	AC=MS:1002038;NT=label free sample	not available	5	ftp://ftp.pride.ebi.ac.uk/pride/data/archive/2017/12/PXD008222/q03007.raw	NT=Q Exactive;AC=MS:1001911	NT=Trypsin;AC=MS:1001251	not available	0.01 Da	50 ppm	NT=Oxidation;MT=variable;TA=M;AC=UNIMOD:35	NT=Acetyl;AC=UNIMOD:1;PP=Protein N-term;MT=variable	NT=Carbamidomethyl;TA=C;MT=fixed;AC=UNIMOD:4	q03007.raw	cell	HCC1806	78d2da4859ef1a99f4c77fb989242fed758ec8c81d557350b31eb637739a4de2	
PXD008222-Sample 57	Homo sapiens	breast	adult	epithelial	Caucasian	50Y	female	primary ductal carcinoma	2	HCC38	not available	run 296	AC=MS:1002038;NT=label free sample	not available	1	ftp://ftp.pride.ebi.ac.uk/pride/data/archive/2017/12/PXD008222/q03009.raw	NT=Q Exactive;AC=MS:1001911	NT=Lys-C;AC=MS:1001309	not available	0.01 Da	50 ppm	NT=Oxidation;MT=variable;TA=M;AC=UNIMOD:35	NT=Acetyl;AC=UNIMOD:1;PP=Protein N-term;MT=variable	NT=Carbamidomethyl;TA=C;MT=fixed;AC=UNIMOD:4	q03009.raw	cell	HCC38	898d695f0f164078f1295a19f60051717eaed825d20faa18514047a8c0b0b4c2	SAMEA7713439
PXD008222-Sample 57	Homo sapiens	breast	adult	epithelial	Caucasian	50Y	female	primary ductal carcinoma	2	HCC38	not available	run 297	AC=MS:1002038;NT=label free sample	not available	2	ftp://ftp.pride.ebi.ac.uk/pride/data/archive/2017/12/PXD008222/q03010.raw	NT=Q Exactive;AC=MS:1001911	NT=Lys-C;AC=MS:1001309	not available	0.01 Da	50 ppm	NT=Oxidation;MT=variable;TA=M;AC=UNIMOD:35	NT=Acetyl;AC=UNIMOD:1;PP=Protein N-term;MT=variable	NT=Carbamidomethyl;TA=C;MT=fixed;AC=UNIMOD:4	q03010.raw	cell	HCC38	898d695f0f164078f1295a19f60051717eaed825d20faa18514047a8c0b0b4c2	SAMEA7713439
PXD008222-Sample 57	Homo sapiens	breast	adult	epithelial	Caucasian	50Y	female	primary ductal carcinoma	2	HCC38	not available	run 298	AC=MS:1002038;NT=label free sample	not available	3	ftp://ftp.pride.ebi.ac.uk/pride/data/archive/2017/12/PXD008222/q03011.raw	NT=Q Exactive;AC=MS:1001911	NT=Lys-C;AC=MS:1001309	not available	0.01 Da	50 ppm	NT=Oxidation;MT=variable;TA=M;AC=UNIMOD:35	NT=Acetyl;AC=UNIMOD:1;PP=Protein N-term;MT=variable	NT=Carbamidomethyl;TA=C;MT=fixed;AC=UNIMOD:4	q03011.raw	cell	HCC38	898d695f0f164078f1295a19f60051717eaed825d20faa18514047a8c0b0b4c2	SAMEA7713439
PXD008222-Sample 57	Homo sapiens	breast	adult	epithelial	Caucasian	50Y	female	primary ductal carcinoma	2	HCC38	not available	run 299	AC=MS:1002038;NT=label free sample	not available	4	ftp://ftp.pride.ebi.ac.uk/pride/data/archive/2017/12/PXD008222/q03012.raw	NT=Q Exactive;AC=MS:1001911	NT=Lys-C;AC=MS:1001309	not available	0.01 Da	50 ppm	NT=Oxidation;MT=variable;TA=M;AC=UNIMOD:35	NT=Acetyl;AC=UNIMOD:1;PP=Protein N-term;MT=variable	NT=Carbamidomethyl;TA=C;MT=fixed;AC=UNIMOD:4	q03012.raw	cell	HCC38	898d695f0f164078f1295a19f60051717eaed825d20faa18514047a8c0b0b4c2	SAMEA7713439
PXD008222-Sample 57	Homo sapiens	breast	adult	epithelial	Caucasian	50Y	female	primary ductal carcinoma	2	HCC38	not available	run 300	AC=MS:1002038;NT=label free sample	not available	5	ftp://ftp.pride.ebi.ac.uk/pride/data/archive/2017/12/PXD008222/q03013.raw	NT=Q Exactive;AC=MS:1001911	NT=Lys-C;AC=MS:1001309	not available	0.01 Da	50 ppm	NT=Oxidation;MT=variable;TA=M;AC=UNIMOD:35	NT=Acetyl;AC=UNIMOD:1;PP=Protein N-term;MT=variable	NT=Carbamidomethyl;TA=C;MT=fixed;AC=UNIMOD:4	q03013.raw	cell	HCC38	898d695f0f164078f1295a19f60051717eaed825d20faa18514047a8c0b0b4c2	SAMEA7713439
PXD008222-Sample 58	Homo sapiens	breast	adult	epithelial	Caucasian	50Y	female	primary ductal carcinoma	2	HCC38	not available	run 301	AC=MS:1002038;NT=label free sample	not available	1	ftp://ftp.pride.ebi.ac.uk/pride/data/archive/2017/12/PXD008222/q03015.raw	NT=Q Exactive;AC=MS:1001911	NT=Trypsin;AC=MS:1001251	not available	0.01 Da	50 ppm	NT=Oxidation;MT=variable;TA=M;AC=UNIMOD:35	NT=Acetyl;AC=UNIMOD:1;PP=Protein N-term;MT=variable	NT=Carbamidomethyl;TA=C;MT=fixed;AC=UNIMOD:4	q03015.raw	cell	HCC38	a342ebf9ca807a396ea218d91667c11887da80a4d85f4311429d2994c1121456	SAMEA7713440
PXD008222-Sample 58	Homo sapiens	breast	adult	epithelial	Caucasian	50Y	female	primary ductal carcinoma	2	HCC38	not available	run 302	AC=MS:1002038;NT=label free sample	not available	2	ftp://ftp.pride.ebi.ac.uk/pride/data/archive/2017/12/PXD008222/q03016.raw	NT=Q Exactive;AC=MS:1001911	NT=Trypsin;AC=MS:1001251	not available	0.01 Da	50 ppm	NT=Oxidation;MT=variable;TA=M;AC=UNIMOD:35	NT=Acetyl;AC=UNIMOD:1;PP=Protein N-term;MT=variable	NT=Carbamidomethyl;TA=C;MT=fixed;AC=UNIMOD:4	q03016.raw	cell	HCC38	a342ebf9ca807a396ea218d91667c11887da80a4d85f4311429d2994c1121456	SAMEA7713440
PXD008222-Sample 58	Homo sapiens	breast	adult	epithelial	Caucasian	50Y	female	primary ductal carcinoma	2	HCC38	not available	run 303	AC=MS:1002038;NT=label free sample	not available	3	ftp://ftp.pride.ebi.ac.uk/pride/data/archive/2017/12/PXD008222/q03017.raw	NT=Q Exactive;AC=MS:1001911	NT=Trypsin;AC=MS:1001251	not available	0.01 Da	50 ppm	NT=Oxidation;MT=variable;TA=M;AC=UNIMOD:35	NT=Acetyl;AC=UNIMOD:1;PP=Protein N-term;MT=variable	NT=Carbamidomethyl;TA=C;MT=fixed;AC=UNIMOD:4	q03017.raw	cell	HCC38	a342ebf9ca807a396ea218d91667c11887da80a4d85f4311429d2994c1121456	SAMEA7713440
PXD008222-Sample 58	Homo sapiens	breast	adult	epithelial	Caucasian	50Y	female	primary ductal carcinoma	2	HCC38	not available	run 304	AC=MS:1002038;NT=label free sample	not available	4	ftp://ftp.pride.ebi.ac.uk/pride/data/archive/2017/12/PXD008222/q03018.raw	NT=Q Exactive;AC=MS:1001911	NT=Trypsin;AC=MS:1001251	not available	0.01 Da	50 ppm	NT=Oxidation;MT=variable;TA=M;AC=UNIMOD:35	NT=Acetyl;AC=UNIMOD:1;PP=Protein N-term;MT=variable	NT=Carbamidomethyl;TA=C;MT=fixed;AC=UNIMOD:4	q03018.raw	cell	HCC38	a342ebf9ca807a396ea218d91667c11887da80a4d85f4311429d2994c1121456	SAMEA7713440
PXD008222-Sample 58	Homo sapiens	breast	adult	epithelial	Caucasian	50Y	female	primary ductal carcinoma	2	HCC38	not available	run 305	AC=MS:1002038;NT=label free sample	not available	5	ftp://ftp.pride.ebi.ac.uk/pride/data/archive/2017/12/PXD008222/q03019.raw	NT=Q Exactive;AC=MS:1001911	NT=Trypsin;AC=MS:1001251	not available	0.01 Da	50 ppm	NT=Oxidation;MT=variable;TA=M;AC=UNIMOD:35	NT=Acetyl;AC=UNIMOD:1;PP=Protein N-term;MT=variable	NT=Carbamidomethyl;TA=C;MT=fixed;AC=UNIMOD:4	q03019.raw	cell	HCC38	a342ebf9ca807a396ea218d91667c11887da80a4d85f4311429d2994c1121456	SAMEA7713440
PXD008222-Sample 59	Homo sapiens	breast	adult	epithelial	Caucasian	74Y	female	breast carcinoma	2	HS578T	not available	run 306	AC=MS:1002038;NT=label free sample	not available	1	ftp://ftp.pride.ebi.ac.uk/pride/data/archive/2017/12/PXD008222/q03043.raw	NT=Q Exactive;AC=MS:1001911	NT=Lys-C;AC=MS:1001309	not available	0.01 Da	50 ppm	NT=Oxidation;MT=variable;TA=M;AC=UNIMOD:35	NT=Acetyl;AC=UNIMOD:1;PP=Protein N-term;MT=variable	NT=Carbamidomethyl;TA=C;MT=fixed;AC=UNIMOD:4	q03043.raw	cell	HS578T	7fd4b7a9f7247d0bcaac12d3c7a94a0acac96dda08ecbf1d4fa02e8943acf59b	SAMEA7713441
PXD008222-Sample 59	Homo sapiens	breast	adult	epithelial	Caucasian	74Y	female	breast carcinoma	2	HS578T	not available	run 307	AC=MS:1002038;NT=label free sample	not available	2	ftp://ftp.pride.ebi.ac.uk/pride/data/archive/2017/12/PXD008222/q03044.raw	NT=Q Exactive;AC=MS:1001911	NT=Lys-C;AC=MS:1001309	not available	0.01 Da	50 ppm	NT=Oxidation;MT=variable;TA=M;AC=UNIMOD:35	NT=Acetyl;AC=UNIMOD:1;PP=Protein N-term;MT=variable	NT=Carbamidomethyl;TA=C;MT=fixed;AC=UNIMOD:4	q03044.raw	cell	HS578T	7fd4b7a9f7247d0bcaac12d3c7a94a0acac96dda08ecbf1d4fa02e8943acf59b	SAMEA7713441
PXD008222-Sample 59	Homo sapiens	breast	adult	epithelial	Caucasian	74Y	female	breast carcinoma	2	HS578T	not available	run 308	AC=MS:1002038;NT=label free sample	not available	3	ftp://ftp.pride.ebi.ac.uk/pride/data/archive/2017/12/PXD008222/q03045.raw	NT=Q Exactive;AC=MS:1001911	NT=Lys-C;AC=MS:1001309	not available	0.01 Da	50 ppm	NT=Oxidation;MT=variable;TA=M;AC=UNIMOD:35	NT=Acetyl;AC=UNIMOD:1;PP=Protein N-term;MT=variable	NT=Carbamidomethyl;TA=C;MT=fixed;AC=UNIMOD:4	q03045.raw	cell	HS578T	7fd4b7a9f7247d0bcaac12d3c7a94a0acac96dda08ecbf1d4fa02e8943acf59b	SAMEA7713441
PXD008222-Sample 59	Homo sapiens	breast	adult	epithelial	Caucasian	74Y	female	breast carcinoma	2	HS578T	not available	run 309	AC=MS:1002038;NT=label free sample	not available	4	ftp://ftp.pride.ebi.ac.uk/pride/data/archive/2017/12/PXD008222/q03046.raw	NT=Q Exactive;AC=MS:1001911	NT=Lys-C;AC=MS:1001309	not available	0.01 Da	50 ppm	NT=Oxidation;MT=variable;TA=M;AC=UNIMOD:35	NT=Acetyl;AC=UNIMOD:1;PP=Protein N-term;MT=variable	NT=Carbamidomethyl;TA=C;MT=fixed;AC=UNIMOD:4	q03046.raw	cell	HS578T	7fd4b7a9f7247d0bcaac12d3c7a94a0acac96dda08ecbf1d4fa02e8943acf59b	SAMEA7713441
PXD008222-Sample 59	Homo sapiens	breast	adult	epithelial	Caucasian	74Y	female	breast carcinoma	2	HS578T	not available	run 310	AC=MS:1002038;NT=label free sample	not available	5	ftp://ftp.pride.ebi.ac.uk/pride/data/archive/2017/12/PXD008222/q03047.raw	NT=Q Exactive;AC=MS:1001911	NT=Lys-C;AC=MS:1001309	not available	0.01 Da	50 ppm	NT=Oxidation;MT=variable;TA=M;AC=UNIMOD:35	NT=Acetyl;AC=UNIMOD:1;PP=Protein N-term;MT=variable	NT=Carbamidomethyl;TA=C;MT=fixed;AC=UNIMOD:4	q03047.raw	cell	HS578T	7fd4b7a9f7247d0bcaac12d3c7a94a0acac96dda08ecbf1d4fa02e8943acf59b	SAMEA7713441
PXD008222-Sample 60	Homo sapiens	breast	adult	epithelial	Caucasian	74Y	female	breast carcinoma	2	HS578T	not available	run 311	AC=MS:1002038;NT=label free sample	not available	1	ftp://ftp.pride.ebi.ac.uk/pride/data/archive/2017/12/PXD008222/q03049.raw	NT=Q Exactive;AC=MS:1001911	NT=Trypsin;AC=MS:1001251	not available	0.01 Da	50 ppm	NT=Oxidation;MT=variable;TA=M;AC=UNIMOD:35	NT=Acetyl;AC=UNIMOD:1;PP=Protein N-term;MT=variable	NT=Carbamidomethyl;TA=C;MT=fixed;AC=UNIMOD:4	q03049.raw	cell	HS578T	6dc171a485f3666e06e5a2f7f8812059a812b85479e782506a8729408ace554f	SAMEA7713442
PXD008222-Sample 60	Homo sapiens	breast	adult	epithelial	Caucasian	74Y	female	breast carcinoma	2	HS578T	not available	run 312	AC=MS:1002038;NT=label free sample	not available	2	ftp://ftp.pride.ebi.ac.uk/pride/data/archive/2017/12/PXD008222/q03050.raw	NT=Q Exactive;AC=MS:1001911	NT=Trypsin;AC=MS:1001251	not available	0.01 Da	50 ppm	NT=Oxidation;MT=variable;TA=M;AC=UNIMOD:35	NT=Acetyl;AC=UNIMOD:1;PP=Protein N-term;MT=variable	NT=Carbamidomethyl;TA=C;MT=fixed;AC=UNIMOD:4	q03050.raw	cell	HS578T	6dc171a485f3666e06e5a2f7f8812059a812b85479e782506a8729408ace554f	SAMEA7713442
PXD008222-Sample 60	Homo sapiens	breast	adult	epithelial	Caucasian	74Y	female	breast carcinoma	2	HS578T	not available	run 313	AC=MS:1002038;NT=label free sample	not available	3	ftp://ftp.pride.ebi.ac.uk/pride/data/archive/2017/12/PXD008222/q03051.raw	NT=Q Exactive;AC=MS:1001911	NT=Trypsin;AC=MS:1001251	not available	0.01 Da	50 ppm	NT=Oxidation;MT=variable;TA=M;AC=UNIMOD:35	NT=Acetyl;AC=UNIMOD:1;PP=Protein N-term;MT=variable	NT=Carbamidomethyl;TA=C;MT=fixed;AC=UNIMOD:4	q03051.raw	cell	HS578T	6dc171a485f3666e06e5a2f7f8812059a812b85479e782506a8729408ace554f	SAMEA7713442
PXD008222-Sample 60	Homo sapiens	breast	adult	epithelial	Caucasian	74Y	female	breast carcinoma	2	HS578T	not available	run 314	AC=MS:1002038;NT=label free sample	not available	4	ftp://ftp.pride.ebi.ac.uk/pride/data/archive/2017/12/PXD008222/q03052.raw	NT=Q Exactive;AC=MS:1001911	NT=Trypsin;AC=MS:1001251	not available	0.01 Da	50 ppm	NT=Oxidation;MT=variable;TA=M;AC=UNIMOD:35	NT=Acetyl;AC=UNIMOD:1;PP=Protein N-term;MT=variable	NT=Carbamidomethyl;TA=C;MT=fixed;AC=UNIMOD:4	q03052.raw	cell	HS578T	6dc171a485f3666e06e5a2f7f8812059a812b85479e782506a8729408ace554f	SAMEA7713442
PXD008222-Sample 60	Homo sapiens	breast	adult	epithelial	Caucasian	74Y	female	breast carcinoma	2	HS578T	not available	run 315	AC=MS:1002038;NT=label free sample	not available	5	ftp://ftp.pride.ebi.ac.uk/pride/data/archive/2017/12/PXD008222/q03053.raw	NT=Q Exactive;AC=MS:1001911	NT=Trypsin;AC=MS:1001251	not available	0.01 Da	50 ppm	NT=Oxidation;MT=variable;TA=M;AC=UNIMOD:35	NT=Acetyl;AC=UNIMOD:1;PP=Protein N-term;MT=variable	NT=Carbamidomethyl;TA=C;MT=fixed;AC=UNIMOD:4	q03053.raw	cell	HS578T	6dc171a485f3666e06e5a2f7f8812059a812b85479e782506a8729408ace554f	SAMEA7713442
PXD008222-Sample 61	Homo sapiens	breast	adult	epithelial	Black	44Y	female	medulallary carcinoma	2	MDAMB157	not available	run 316	AC=MS:1002038;NT=label free sample	not available	1	ftp://ftp.pride.ebi.ac.uk/pride/data/archive/2017/12/PXD008222/q03058.raw	NT=Q Exactive;AC=MS:1001911	NT=Lys-C;AC=MS:1001309	not available	0.01 Da	50 ppm	NT=Oxidation;MT=variable;TA=M;AC=UNIMOD:35	NT=Acetyl;AC=UNIMOD:1;PP=Protein N-term;MT=variable	NT=Carbamidomethyl;TA=C;MT=fixed;AC=UNIMOD:4	q03058.raw	cell	MDAMB157	06a1bb4d957b8bd8c518f0c600a18297be9b5cec971b87bd215146e8c22cad5f	SAMEA7713443
PXD008222-Sample 61	Homo sapiens	breast	adult	epithelial	Black	44Y	female	medulallary carcinoma	2	MDAMB157	not available	run 317	AC=MS:1002038;NT=label free sample	not available	2	ftp://ftp.pride.ebi.ac.uk/pride/data/archive/2017/12/PXD008222/q03060.raw	NT=Q Exactive;AC=MS:1001911	NT=Lys-C;AC=MS:1001309	not available	0.01 Da	50 ppm	NT=Oxidation;MT=variable;TA=M;AC=UNIMOD:35	NT=Acetyl;AC=UNIMOD:1;PP=Protein N-term;MT=variable	NT=Carbamidomethyl;TA=C;MT=fixed;AC=UNIMOD:4	q03060.raw	cell	MDAMB157	06a1bb4d957b8bd8c518f0c600a18297be9b5cec971b87bd215146e8c22cad5f	SAMEA7713443
PXD008222-Sample 61	Homo sapiens	breast	adult	epithelial	Black	44Y	female	medulallary carcinoma	2	MDAMB157	not available	run 318	AC=MS:1002038;NT=label free sample	not available	3	ftp://ftp.pride.ebi.ac.uk/pride/data/archive/2017/12/PXD008222/q03061.raw	NT=Q Exactive;AC=MS:1001911	NT=Lys-C;AC=MS:1001309	not available	0.01 Da	50 ppm	NT=Oxidation;MT=variable;TA=M;AC=UNIMOD:35	NT=Acetyl;AC=UNIMOD:1;PP=Protein N-term;MT=variable	NT=Carbamidomethyl;TA=C;MT=fixed;AC=UNIMOD:4	q03061.raw	cell	MDAMB157	06a1bb4d957b8bd8c518f0c600a18297be9b5cec971b87bd215146e8c22cad5f	SAMEA7713443
PXD008222-Sample 61	Homo sapiens	breast	adult	epithelial	Black	44Y	female	medulallary carcinoma	2	MDAMB157	not available	run 319	AC=MS:1002038;NT=label free sample	not available	1	ftp://ftp.pride.ebi.ac.uk/pride/data/archive/2017/12/PXD008222/q03063.raw	NT=Q Exactive;AC=MS:1001911	NT=Trypsin;AC=MS:1001251	not available	0.01 Da	50 ppm	NT=Oxidation;MT=variable;TA=M;AC=UNIMOD:35	NT=Acetyl;AC=UNIMOD:1;PP=Protein N-term;MT=variable	NT=Carbamidomethyl;TA=C;MT=fixed;AC=UNIMOD:4	q03063.raw	cell	MDAMB157	06a1bb4d957b8bd8c518f0c600a18297be9b5cec971b87bd215146e8c22cad5f	SAMEA7713443
PXD008222-Sample 61	Homo sapiens	breast	adult	epithelial	Black	44Y	female	medulallary carcinoma	2	MDAMB157	not available	run 320	AC=MS:1002038;NT=label free sample	not available	2	ftp://ftp.pride.ebi.ac.uk/pride/data/archive/2017/12/PXD008222/q03064.raw	NT=Q Exactive;AC=MS:1001911	NT=Trypsin;AC=MS:1001251	not available	0.01 Da	50 ppm	NT=Oxidation;MT=variable;TA=M;AC=UNIMOD:35	NT=Acetyl;AC=UNIMOD:1;PP=Protein N-term;MT=variable	NT=Carbamidomethyl;TA=C;MT=fixed;AC=UNIMOD:4	q03064.raw	cell	MDAMB157	06a1bb4d957b8bd8c518f0c600a18297be9b5cec971b87bd215146e8c22cad5f	SAMEA7713443
PXD008222-Sample 62	Homo sapiens	breast	adult	epithelial	Black	44Y	female	medulallary carcinoma	2	MDAMB157	not available	run 321	AC=MS:1002038;NT=label free sample	not available	3	ftp://ftp.pride.ebi.ac.uk/pride/data/archive/2017/12/PXD008222/q03065.raw	NT=Q Exactive;AC=MS:1001911	NT=Trypsin;AC=MS:1001251	not available	0.01 Da	50 ppm	NT=Oxidation;MT=variable;TA=M;AC=UNIMOD:35	NT=Acetyl;AC=UNIMOD:1;PP=Protein N-term;MT=variable	NT=Carbamidomethyl;TA=C;MT=fixed;AC=UNIMOD:4	q03065.raw	cell	MDAMB157	e2eb390fdf78675b258a9b656c5137b351891092188082938d0fe6e4a313a5b9	SAMEA7713444
PXD008222-Sample 62	Homo sapiens	breast	adult	epithelial	Black	44Y	female	medulallary carcinoma	2	MDAMB157	not available	run 322	AC=MS:1002038;NT=label free sample	not available	4	ftp://ftp.pride.ebi.ac.uk/pride/data/archive/2017/12/PXD008222/q03066.raw	NT=Q Exactive;AC=MS:1001911	NT=Trypsin;AC=MS:1001251	not available	0.01 Da	50 ppm	NT=Oxidation;MT=variable;TA=M;AC=UNIMOD:35	NT=Acetyl;AC=UNIMOD:1;PP=Protein N-term;MT=variable	NT=Carbamidomethyl;TA=C;MT=fixed;AC=UNIMOD:4	q03066.raw	cell	MDAMB157	e2eb390fdf78675b258a9b656c5137b351891092188082938d0fe6e4a313a5b9	SAMEA7713444
PXD008222-Sample 62	Homo sapiens	breast	adult	epithelial	Black	44Y	female	medulallary carcinoma	2	MDAMB157	not available	run 323	AC=MS:1002038;NT=label free sample	not available	5	ftp://ftp.pride.ebi.ac.uk/pride/data/archive/2017/12/PXD008222/q03067.raw	NT=Q Exactive;AC=MS:1001911	NT=Trypsin;AC=MS:1001251	not available	0.01 Da	50 ppm	NT=Oxidation;MT=variable;TA=M;AC=UNIMOD:35	NT=Acetyl;AC=UNIMOD:1;PP=Protein N-term;MT=variable	NT=Carbamidomethyl;TA=C;MT=fixed;AC=UNIMOD:4	q03067.raw	cell	MDAMB157	e2eb390fdf78675b258a9b656c5137b351891092188082938d0fe6e4a313a5b9	SAMEA7713444
PXD008222-Sample 62	Homo sapiens	breast	adult	epithelial	Black	44Y	female	medulallary carcinoma	2	MDAMB157	not available	run 324	AC=MS:1002038;NT=label free sample	not available	4	ftp://ftp.pride.ebi.ac.uk/pride/data/archive/2017/12/PXD008222/q03071.raw	NT=Q Exactive;AC=MS:1001911	NT=Lys-C;AC=MS:1001309	not available	0.01 Da	50 ppm	NT=Oxidation;MT=variable;TA=M;AC=UNIMOD:35	NT=Acetyl;AC=UNIMOD:1;PP=Protein N-term;MT=variable	NT=Carbamidomethyl;TA=C;MT=fixed;AC=UNIMOD:4	q03071.raw	cell	MDAMB157	e2eb390fdf78675b258a9b656c5137b351891092188082938d0fe6e4a313a5b9	SAMEA7713444
PXD008222-Sample 62	Homo sapiens	breast	adult	epithelial	Black	44Y	female	medulallary carcinoma	2	MDAMB157	not available	run 325	AC=MS:1002038;NT=label free sample	not available	5	ftp://ftp.pride.ebi.ac.uk/pride/data/archive/2017/12/PXD008222/q03072.raw	NT=Q Exactive;AC=MS:1001911	NT=Lys-C;AC=MS:1001309	not available	0.01 Da	50 ppm	NT=Oxidation;MT=variable;TA=M;AC=UNIMOD:35	NT=Acetyl;AC=UNIMOD:1;PP=Protein N-term;MT=variable	NT=Carbamidomethyl;TA=C;MT=fixed;AC=UNIMOD:4	q03072.raw	cell	MDAMB157	e2eb390fdf78675b258a9b656c5137b351891092188082938d0fe6e4a313a5b9	SAMEA7713444
PXD008222-Sample 62	Homo sapiens	breast	adult	epithelial	Black	44Y	female	medulallary carcinoma	2	MDAMB157	not available	run 326	AC=MS:1002038;NT=label free sample	not available	6	ftp://ftp.pride.ebi.ac.uk/pride/data/archive/2017/12/PXD008222/q03073.raw	NT=Q Exactive;AC=MS:1001911	NT=Trypsin;AC=MS:1001251	not available	0.01 Da	50 ppm	NT=Oxidation;MT=variable;TA=M;AC=UNIMOD:35	NT=Acetyl;AC=UNIMOD:1;PP=Protein N-term;MT=variable	NT=Carbamidomethyl;TA=C;MT=fixed;AC=UNIMOD:4	q03073.raw	cell	MDAMB157	e2eb390fdf78675b258a9b656c5137b351891092188082938d0fe6e4a313a5b9	SAMEA7713444
PXD008222-Sample 63	Homo sapiens	breast	adult	epithelial	Caucasian	51Y	female	breast carcinoma	2	MDAMB231	not available	run 327	AC=MS:1002038;NT=label free sample	not available	1	ftp://ftp.pride.ebi.ac.uk/pride/data/archive/2017/12/PXD008222/q03075.raw	NT=Q Exactive;AC=MS:1001911	NT=Lys-C;AC=MS:1001309	not available	0.01 Da	50 ppm	NT=Oxidation;MT=variable;TA=M;AC=UNIMOD:35	NT=Acetyl;AC=UNIMOD:1;PP=Protein N-term;MT=variable	NT=Carbamidomethyl;TA=C;MT=fixed;AC=UNIMOD:4	q03075.raw	cell	MDAMB231	7d94d14ac63be864dda5632e8a125fdfc0a367ee11a0595f13e9d4690db87f61	SAMEA7713445
PXD008222-Sample 63	Homo sapiens	breast	adult	epithelial	Caucasian	51Y	female	breast carcinoma	2	MDAMB231	not available	run 328	AC=MS:1002038;NT=label free sample	not available	2	ftp://ftp.pride.ebi.ac.uk/pride/data/archive/2017/12/PXD008222/q03076.raw	NT=Q Exactive;AC=MS:1001911	NT=Lys-C;AC=MS:1001309	not available	0.01 Da	50 ppm	NT=Oxidation;MT=variable;TA=M;AC=UNIMOD:35	NT=Acetyl;AC=UNIMOD:1;PP=Protein N-term;MT=variable	NT=Carbamidomethyl;TA=C;MT=fixed;AC=UNIMOD:4	q03076.raw	cell	MDAMB231	7d94d14ac63be864dda5632e8a125fdfc0a367ee11a0595f13e9d4690db87f61	SAMEA7713445
PXD008222-Sample 63	Homo sapiens	breast	adult	epithelial	Caucasian	51Y	female	breast carcinoma	2	MDAMB231	not available	run 329	AC=MS:1002038;NT=label free sample	not available	3	ftp://ftp.pride.ebi.ac.uk/pride/data/archive/2017/12/PXD008222/q03077.raw	NT=Q Exactive;AC=MS:1001911	NT=Lys-C;AC=MS:1001309	not available	0.01 Da	50 ppm	NT=Oxidation;MT=variable;TA=M;AC=UNIMOD:35	NT=Acetyl;AC=UNIMOD:1;PP=Protein N-term;MT=variable	NT=Carbamidomethyl;TA=C;MT=fixed;AC=UNIMOD:4	q03077.raw	cell	MDAMB231	7d94d14ac63be864dda5632e8a125fdfc0a367ee11a0595f13e9d4690db87f61	SAMEA7713445
PXD008222-Sample 63	Homo sapiens	breast	adult	epithelial	Caucasian	51Y	female	breast carcinoma	2	MDAMB231	not available	run 330	AC=MS:1002038;NT=label free sample	not available	4	ftp://ftp.pride.ebi.ac.uk/pride/data/archive/2017/12/PXD008222/q03078.raw	NT=Q Exactive;AC=MS:1001911	NT=Lys-C;AC=MS:1001309	not available	0.01 Da	50 ppm	NT=Oxidation;MT=variable;TA=M;AC=UNIMOD:35	NT=Acetyl;AC=UNIMOD:1;PP=Protein N-term;MT=variable	NT=Carbamidomethyl;TA=C;MT=fixed;AC=UNIMOD:4	q03078.raw	cell	MDAMB231	7d94d14ac63be864dda5632e8a125fdfc0a367ee11a0595f13e9d4690db87f61	SAMEA7713445
PXD008222-Sample 63	Homo sapiens	breast	adult	epithelial	Caucasian	51Y	female	breast carcinoma	2	MDAMB231	not available	run 331	AC=MS:1002038;NT=label free sample	not available	5	ftp://ftp.pride.ebi.ac.uk/pride/data/archive/2017/12/PXD008222/q03079.raw	NT=Q Exactive;AC=MS:1001911	NT=Lys-C;AC=MS:1001309	not available	0.01 Da	50 ppm	NT=Oxidation;MT=variable;TA=M;AC=UNIMOD:35	NT=Acetyl;AC=UNIMOD:1;PP=Protein N-term;MT=variable	NT=Carbamidomethyl;TA=C;MT=fixed;AC=UNIMOD:4	q03079.raw	cell	MDAMB231	7d94d14ac63be864dda5632e8a125fdfc0a367ee11a0595f13e9d4690db87f61	SAMEA7713445
PXD008222-Sample 64	Homo sapiens	breast	adult	epithelial	Caucasian	51Y	female	breast carcinoma	2	MDAMB231	not available	run 332	AC=MS:1002038;NT=label free sample	not available	1	ftp://ftp.pride.ebi.ac.uk/pride/data/archive/2017/12/PXD008222/q03081.raw	NT=Q Exactive;AC=MS:1001911	NT=Trypsin;AC=MS:1001251	not available	0.01 Da	50 ppm	NT=Oxidation;MT=variable;TA=M;AC=UNIMOD:35	NT=Acetyl;AC=UNIMOD:1;PP=Protein N-term;MT=variable	NT=Carbamidomethyl;TA=C;MT=fixed;AC=UNIMOD:4	q03081.raw	cell	MDAMB231	57e9c2e45ef5bc700687b709b83f7c69436d02e9f5e19a09d49866e0cdc0a691	SAMEA7713446
PXD008222-Sample 64	Homo sapiens	breast	adult	epithelial	Caucasian	51Y	female	breast carcinoma	2	MDAMB231	not available	run 333	AC=MS:1002038;NT=label free sample	not available	2	ftp://ftp.pride.ebi.ac.uk/pride/data/archive/2017/12/PXD008222/q03082.raw	NT=Q Exactive;AC=MS:1001911	NT=Trypsin;AC=MS:1001251	not available	0.01 Da	50 ppm	NT=Oxidation;MT=variable;TA=M;AC=UNIMOD:35	NT=Acetyl;AC=UNIMOD:1;PP=Protein N-term;MT=variable	NT=Carbamidomethyl;TA=C;MT=fixed;AC=UNIMOD:4	q03082.raw	cell	MDAMB231	57e9c2e45ef5bc700687b709b83f7c69436d02e9f5e19a09d49866e0cdc0a691	SAMEA7713446
PXD008222-Sample 64	Homo sapiens	breast	adult	epithelial	Caucasian	51Y	female	breast carcinoma	2	MDAMB231	not available	run 334	AC=MS:1002038;NT=label free sample	not available	3	ftp://ftp.pride.ebi.ac.uk/pride/data/archive/2017/12/PXD008222/q03083.raw	NT=Q Exactive;AC=MS:1001911	NT=Trypsin;AC=MS:1001251	not available	0.01 Da	50 ppm	NT=Oxidation;MT=variable;TA=M;AC=UNIMOD:35	NT=Acetyl;AC=UNIMOD:1;PP=Protein N-term;MT=variable	NT=Carbamidomethyl;TA=C;MT=fixed;AC=UNIMOD:4	q03083.raw	cell	MDAMB231	57e9c2e45ef5bc700687b709b83f7c69436d02e9f5e19a09d49866e0cdc0a691	SAMEA7713446
PXD008222-Sample 64	Homo sapiens	breast	adult	epithelial	Caucasian	51Y	female	breast carcinoma	2	MDAMB231	not available	run 335	AC=MS:1002038;NT=label free sample	not available	4	ftp://ftp.pride.ebi.ac.uk/pride/data/archive/2017/12/PXD008222/q03084.raw	NT=Q Exactive;AC=MS:1001911	NT=Trypsin;AC=MS:1001251	not available	0.01 Da	50 ppm	NT=Oxidation;MT=variable;TA=M;AC=UNIMOD:35	NT=Acetyl;AC=UNIMOD:1;PP=Protein N-term;MT=variable	NT=Carbamidomethyl;TA=C;MT=fixed;AC=UNIMOD:4	q03084.raw	cell	MDAMB231	57e9c2e45ef5bc700687b709b83f7c69436d02e9f5e19a09d49866e0cdc0a691	SAMEA7713446
PXD008222-Sample 64	Homo sapiens	breast	adult	epithelial	Caucasian	51Y	female	breast carcinoma	2	MDAMB231	not available	run 336	AC=MS:1002038;NT=label free sample	not available	5	ftp://ftp.pride.ebi.ac.uk/pride/data/archive/2017/12/PXD008222/q03085.raw	NT=Q Exactive;AC=MS:1001911	NT=Trypsin;AC=MS:1001251	not available	0.01 Da	50 ppm	NT=Oxidation;MT=variable;TA=M;AC=UNIMOD:35	NT=Acetyl;AC=UNIMOD:1;PP=Protein N-term;MT=variable	NT=Carbamidomethyl;TA=C;MT=fixed;AC=UNIMOD:4	q03085.raw	cell	MDAMB231	57e9c2e45ef5bc700687b709b83f7c69436d02e9f5e19a09d49866e0cdc0a691	SAMEA7713446
PXD008222-Sample 65	Homo sapiens	breast	adult	epithelial	Caucasian	43Y	female	breast carcinoma	2	MDAMB436	not available	run 337	AC=MS:1002038;NT=label free sample	not available	1	ftp://ftp.pride.ebi.ac.uk/pride/data/archive/2017/12/PXD008222/q03087.raw	NT=Q Exactive;AC=MS:1001911	NT=Lys-C;AC=MS:1001309	not available	0.01 Da	50 ppm	NT=Oxidation;MT=variable;TA=M;AC=UNIMOD:35	NT=Acetyl;AC=UNIMOD:1;PP=Protein N-term;MT=variable	NT=Carbamidomethyl;TA=C;MT=fixed;AC=UNIMOD:4	q03087.raw	cell	MDAMB436	97801e5fc04f8a2b903a460052bb25de707dc0ad214710d779d76cfd1f1093cc	SAMEA7713447
PXD008222-Sample 65	Homo sapiens	breast	adult	epithelial	Caucasian	43Y	female	breast carcinoma	2	MDAMB436	not available	run 338	AC=MS:1002038;NT=label free sample	not available	2	ftp://ftp.pride.ebi.ac.uk/pride/data/archive/2017/12/PXD008222/q03088.raw	NT=Q Exactive;AC=MS:1001911	NT=Lys-C;AC=MS:1001309	not available	0.01 Da	50 ppm	NT=Oxidation;MT=variable;TA=M;AC=UNIMOD:35	NT=Acetyl;AC=UNIMOD:1;PP=Protein N-term;MT=variable	NT=Carbamidomethyl;TA=C;MT=fixed;AC=UNIMOD:4	q03088.raw	cell	MDAMB436	97801e5fc04f8a2b903a460052bb25de707dc0ad214710d779d76cfd1f1093cc	SAMEA7713447
PXD008222-Sample 65	Homo sapiens	breast	adult	epithelial	Caucasian	43Y	female	breast carcinoma	2	MDAMB436	not available	run 339	AC=MS:1002038;NT=label free sample	not available	3	ftp://ftp.pride.ebi.ac.uk/pride/data/archive/2017/12/PXD008222/q03089.raw	NT=Q Exactive;AC=MS:1001911	NT=Lys-C;AC=MS:1001309	not available	0.01 Da	50 ppm	NT=Oxidation;MT=variable;TA=M;AC=UNIMOD:35	NT=Acetyl;AC=UNIMOD:1;PP=Protein N-term;MT=variable	NT=Carbamidomethyl;TA=C;MT=fixed;AC=UNIMOD:4	q03089.raw	cell	MDAMB436	97801e5fc04f8a2b903a460052bb25de707dc0ad214710d779d76cfd1f1093cc	SAMEA7713447
PXD008222-Sample 65	Homo sapiens	breast	adult	epithelial	Caucasian	43Y	female	breast carcinoma	2	MDAMB436	not available	run 340	AC=MS:1002038;NT=label free sample	not available	4	ftp://ftp.pride.ebi.ac.uk/pride/data/archive/2017/12/PXD008222/q03090.raw	NT=Q Exactive;AC=MS:1001911	NT=Lys-C;AC=MS:1001309	not available	0.01 Da	50 ppm	NT=Oxidation;MT=variable;TA=M;AC=UNIMOD:35	NT=Acetyl;AC=UNIMOD:1;PP=Protein N-term;MT=variable	NT=Carbamidomethyl;TA=C;MT=fixed;AC=UNIMOD:4	q03090.raw	cell	MDAMB436	97801e5fc04f8a2b903a460052bb25de707dc0ad214710d779d76cfd1f1093cc	SAMEA7713447
PXD008222-Sample 65	Homo sapiens	breast	adult	epithelial	Caucasian	43Y	female	breast carcinoma	2	MDAMB436	not available	run 341	AC=MS:1002038;NT=label free sample	not available	5	ftp://ftp.pride.ebi.ac.uk/pride/data/archive/2017/12/PXD008222/q03091.raw	NT=Q Exactive;AC=MS:1001911	NT=Lys-C;AC=MS:1001309	not available	0.01 Da	50 ppm	NT=Oxidation;MT=variable;TA=M;AC=UNIMOD:35	NT=Acetyl;AC=UNIMOD:1;PP=Protein N-term;MT=variable	NT=Carbamidomethyl;TA=C;MT=fixed;AC=UNIMOD:4	q03091.raw	cell	MDAMB436	97801e5fc04f8a2b903a460052bb25de707dc0ad214710d779d76cfd1f1093cc	SAMEA7713447
PXD008222-Sample 66	Homo sapiens	breast	adult	epithelial	Caucasian	43Y	female	breast carcinoma	2	MDAMB436	not available	run 342	AC=MS:1002038;NT=label free sample	not available	1	ftp://ftp.pride.ebi.ac.uk/pride/data/archive/2017/12/PXD008222/q03093.raw	NT=Q Exactive;AC=MS:1001911	NT=Trypsin;AC=MS:1001251	not available	0.01 Da	50 ppm	NT=Oxidation;MT=variable;TA=M;AC=UNIMOD:35	NT=Acetyl;AC=UNIMOD:1;PP=Protein N-term;MT=variable	NT=Carbamidomethyl;TA=C;MT=fixed;AC=UNIMOD:4	q03093.raw	cell	MDAMB436	853590c9b1b2743bf9e14f1d12bb3adc96d64137efe9c3bd4fd184e04e740577	SAMEA7713448
PXD008222-Sample 66	Homo sapiens	breast	adult	epithelial	Caucasian	43Y	female	breast carcinoma	2	MDAMB436	not available	run 343	AC=MS:1002038;NT=label free sample	not available	2	ftp://ftp.pride.ebi.ac.uk/pride/data/archive/2017/12/PXD008222/q03094.raw	NT=Q Exactive;AC=MS:1001911	NT=Trypsin;AC=MS:1001251	not available	0.01 Da	50 ppm	NT=Oxidation;MT=variable;TA=M;AC=UNIMOD:35	NT=Acetyl;AC=UNIMOD:1;PP=Protein N-term;MT=variable	NT=Carbamidomethyl;TA=C;MT=fixed;AC=UNIMOD:4	q03094.raw	cell	MDAMB436	853590c9b1b2743bf9e14f1d12bb3adc96d64137efe9c3bd4fd184e04e740577	SAMEA7713448
PXD008222-Sample 66	Homo sapiens	breast	adult	epithelial	Caucasian	43Y	female	breast carcinoma	2	MDAMB436	not available	run 344	AC=MS:1002038;NT=label free sample	not available	3	ftp://ftp.pride.ebi.ac.uk/pride/data/archive/2017/12/PXD008222/q03095.raw	NT=Q Exactive;AC=MS:1001911	NT=Trypsin;AC=MS:1001251	not available	0.01 Da	50 ppm	NT=Oxidation;MT=variable;TA=M;AC=UNIMOD:35	NT=Acetyl;AC=UNIMOD:1;PP=Protein N-term;MT=variable	NT=Carbamidomethyl;TA=C;MT=fixed;AC=UNIMOD:4	q03095.raw	cell	MDAMB436	853590c9b1b2743bf9e14f1d12bb3adc96d64137efe9c3bd4fd184e04e740577	SAMEA7713448
PXD008222-Sample 66	Homo sapiens	breast	adult	epithelial	Caucasian	43Y	female	breast carcinoma	2	MDAMB436	not available	run 345	AC=MS:1002038;NT=label free sample	not available	4	ftp://ftp.pride.ebi.ac.uk/pride/data/archive/2017/12/PXD008222/q03096.raw	NT=Q Exactive;AC=MS:1001911	NT=Trypsin;AC=MS:1001251	not available	0.01 Da	50 ppm	NT=Oxidation;MT=variable;TA=M;AC=UNIMOD:35	NT=Acetyl;AC=UNIMOD:1;PP=Protein N-term;MT=variable	NT=Carbamidomethyl;TA=C;MT=fixed;AC=UNIMOD:4	q03096.raw	cell	MDAMB436	853590c9b1b2743bf9e14f1d12bb3adc96d64137efe9c3bd4fd184e04e740577	SAMEA7713448
PXD008222-Sample 66	Homo sapiens	breast	adult	epithelial	Caucasian	43Y	female	breast carcinoma	2	MDAMB436	not available	run 346	AC=MS:1002038;NT=label free sample	not available	5	ftp://ftp.pride.ebi.ac.uk/pride/data/archive/2017/12/PXD008222/q03097.raw	NT=Q Exactive;AC=MS:1001911	NT=Trypsin;AC=MS:1001251	not available	0.01 Da	50 ppm	NT=Oxidation;MT=variable;TA=M;AC=UNIMOD:35	NT=Acetyl;AC=UNIMOD:1;PP=Protein N-term;MT=variable	NT=Carbamidomethyl;TA=C;MT=fixed;AC=UNIMOD:4	q03097.raw	cell	MDAMB436	853590c9b1b2743bf9e14f1d12bb3adc96d64137efe9c3bd4fd184e04e740577	SAMEA7713448
PXD008222-Sample 67	Homo sapiens	breast	adult	epithelial	Caucasian	48Y	female	metastatic carcinoma	2	MDAMB453	not available	run 347	AC=MS:1002038;NT=label free sample	not available	1	ftp://ftp.pride.ebi.ac.uk/pride/data/archive/2017/12/PXD008222/q03101.raw	NT=Q Exactive;AC=MS:1001911	NT=Lys-C;AC=MS:1001309	not available	0.01 Da	50 ppm	NT=Oxidation;MT=variable;TA=M;AC=UNIMOD:35	NT=Acetyl;AC=UNIMOD:1;PP=Protein N-term;MT=variable	NT=Carbamidomethyl;TA=C;MT=fixed;AC=UNIMOD:4	q03101.raw	cell	MDAMB453	bb71871aad6512642c4d55ec698ba6e35810534bc01f558265f6826938ad8522	SAMEA7713449
PXD008222-Sample 67	Homo sapiens	breast	adult	epithelial	Caucasian	48Y	female	metastatic carcinoma	2	MDAMB453	not available	run 348	AC=MS:1002038;NT=label free sample	not available	2	ftp://ftp.pride.ebi.ac.uk/pride/data/archive/2017/12/PXD008222/q03102.raw	NT=Q Exactive;AC=MS:1001911	NT=Lys-C;AC=MS:1001309	not available	0.01 Da	50 ppm	NT=Oxidation;MT=variable;TA=M;AC=UNIMOD:35	NT=Acetyl;AC=UNIMOD:1;PP=Protein N-term;MT=variable	NT=Carbamidomethyl;TA=C;MT=fixed;AC=UNIMOD:4	q03102.raw	cell	MDAMB453	bb71871aad6512642c4d55ec698ba6e35810534bc01f558265f6826938ad8522	SAMEA7713449
PXD008222-Sample 67	Homo sapiens	breast	adult	epithelial	Caucasian	48Y	female	metastatic carcinoma	2	MDAMB453	not available	run 349	AC=MS:1002038;NT=label free sample	not available	3	ftp://ftp.pride.ebi.ac.uk/pride/data/archive/2017/12/PXD008222/q03103.raw	NT=Q Exactive;AC=MS:1001911	NT=Lys-C;AC=MS:1001309	not available	0.01 Da	50 ppm	NT=Oxidation;MT=variable;TA=M;AC=UNIMOD:35	NT=Acetyl;AC=UNIMOD:1;PP=Protein N-term;MT=variable	NT=Carbamidomethyl;TA=C;MT=fixed;AC=UNIMOD:4	q03103.raw	cell	MDAMB453	bb71871aad6512642c4d55ec698ba6e35810534bc01f558265f6826938ad8522	SAMEA7713449
PXD008222-Sample 67	Homo sapiens	breast	adult	epithelial	Caucasian	48Y	female	metastatic carcinoma	2	MDAMB453	not available	run 350	AC=MS:1002038;NT=label free sample	not available	4	ftp://ftp.pride.ebi.ac.uk/pride/data/archive/2017/12/PXD008222/q03104.raw	NT=Q Exactive;AC=MS:1001911	NT=Lys-C;AC=MS:1001309	not available	0.01 Da	50 ppm	NT=Oxidation;MT=variable;TA=M;AC=UNIMOD:35	NT=Acetyl;AC=UNIMOD:1;PP=Protein N-term;MT=variable	NT=Carbamidomethyl;TA=C;MT=fixed;AC=UNIMOD:4	q03104.raw	cell	MDAMB453	bb71871aad6512642c4d55ec698ba6e35810534bc01f558265f6826938ad8522	SAMEA7713449
PXD008222-Sample 67	Homo sapiens	breast	adult	epithelial	Caucasian	48Y	female	metastatic carcinoma	2	MDAMB453	not available	run 351	AC=MS:1002038;NT=label free sample	not available	5	ftp://ftp.pride.ebi.ac.uk/pride/data/archive/2017/12/PXD008222/q03105.raw	NT=Q Exactive;AC=MS:1001911	NT=Lys-C;AC=MS:1001309	not available	0.01 Da	50 ppm	NT=Oxidation;MT=variable;TA=M;AC=UNIMOD:35	NT=Acetyl;AC=UNIMOD:1;PP=Protein N-term;MT=variable	NT=Carbamidomethyl;TA=C;MT=fixed;AC=UNIMOD:4	q03105.raw	cell	MDAMB453	bb71871aad6512642c4d55ec698ba6e35810534bc01f558265f6826938ad8522	SAMEA7713449
PXD008222-Sample 68	Homo sapiens	breast	adult	epithelial	Caucasian	48Y	female	metastatic carcinoma	2	MDAMB453	not available	run 352	AC=MS:1002038;NT=label free sample	not available	1	ftp://ftp.pride.ebi.ac.uk/pride/data/archive/2017/12/PXD008222/q03107.raw	NT=Q Exactive;AC=MS:1001911	NT=Trypsin;AC=MS:1001251	not available	0.01 Da	50 ppm	NT=Oxidation;MT=variable;TA=M;AC=UNIMOD:35	NT=Acetyl;AC=UNIMOD:1;PP=Protein N-term;MT=variable	NT=Carbamidomethyl;TA=C;MT=fixed;AC=UNIMOD:4	q03107.raw	cell	MDAMB453	df0e330ec16eb57a6264afc51bf6602d5c555f6ec7ce46c7a2ce72d19d418998	SAMEA7713450
PXD008222-Sample 68	Homo sapiens	breast	adult	epithelial	Caucasian	48Y	female	metastatic carcinoma	2	MDAMB453	not available	run 353	AC=MS:1002038;NT=label free sample	not available	2	ftp://ftp.pride.ebi.ac.uk/pride/data/archive/2017/12/PXD008222/q03108.raw	NT=Q Exactive;AC=MS:1001911	NT=Trypsin;AC=MS:1001251	not available	0.01 Da	50 ppm	NT=Oxidation;MT=variable;TA=M;AC=UNIMOD:35	NT=Acetyl;AC=UNIMOD:1;PP=Protein N-term;MT=variable	NT=Carbamidomethyl;TA=C;MT=fixed;AC=UNIMOD:4	q03108.raw	cell	MDAMB453	df0e330ec16eb57a6264afc51bf6602d5c555f6ec7ce46c7a2ce72d19d418998	SAMEA7713450
PXD008222-Sample 68	Homo sapiens	breast	adult	epithelial	Caucasian	48Y	female	metastatic carcinoma	2	MDAMB453	not available	run 354	AC=MS:1002038;NT=label free sample	not available	3	ftp://ftp.pride.ebi.ac.uk/pride/data/archive/2017/12/PXD008222/q03109.raw	NT=Q Exactive;AC=MS:1001911	NT=Trypsin;AC=MS:1001251	not available	0.01 Da	50 ppm	NT=Oxidation;MT=variable;TA=M;AC=UNIMOD:35	NT=Acetyl;AC=UNIMOD:1;PP=Protein N-term;MT=variable	NT=Carbamidomethyl;TA=C;MT=fixed;AC=UNIMOD:4	q03109.raw	cell	MDAMB453	df0e330ec16eb57a6264afc51bf6602d5c555f6ec7ce46c7a2ce72d19d418998	SAMEA7713450
PXD008222-Sample 68	Homo sapiens	breast	adult	epithelial	Caucasian	48Y	female	metastatic carcinoma	2	MDAMB453	not available	run 355	AC=MS:1002038;NT=label free sample	not available	4	ftp://ftp.pride.ebi.ac.uk/pride/data/archive/2017/12/PXD008222/q03110.raw	NT=Q Exactive;AC=MS:1001911	NT=Trypsin;AC=MS:1001251	not available	0.01 Da	50 ppm	NT=Oxidation;MT=variable;TA=M;AC=UNIMOD:35	NT=Acetyl;AC=UNIMOD:1;PP=Protein N-term;MT=variable	NT=Carbamidomethyl;TA=C;MT=fixed;AC=UNIMOD:4	q03110.raw	cell	MDAMB453	df0e330ec16eb57a6264afc51bf6602d5c555f6ec7ce46c7a2ce72d19d418998	SAMEA7713450
PXD008222-Sample 68	Homo sapiens	breast	adult	epithelial	Caucasian	48Y	female	metastatic carcinoma	2	MDAMB453	not available	run 356	AC=MS:1002038;NT=label free sample	not available	5	ftp://ftp.pride.ebi.ac.uk/pride/data/archive/2017/12/PXD008222/q03111.raw	NT=Q Exactive;AC=MS:1001911	NT=Trypsin;AC=MS:1001251	not available	0.01 Da	50 ppm	NT=Oxidation;MT=variable;TA=M;AC=UNIMOD:35	NT=Acetyl;AC=UNIMOD:1;PP=Protein N-term;MT=variable	NT=Carbamidomethyl;TA=C;MT=fixed;AC=UNIMOD:4	q03111.raw	cell	MDAMB453	df0e330ec16eb57a6264afc51bf6602d5c555f6ec7ce46c7a2ce72d19d418998	SAMEA7713450
PXD008222-Sample 69	Homo sapiens	breast	adult	epithelial	Black	51Y	female	breast carcinoma	2	MDAMB468	not available	run 357	AC=MS:1002038;NT=label free sample	not available	1	ftp://ftp.pride.ebi.ac.uk/pride/data/archive/2017/12/PXD008222/q03116.raw	NT=Q Exactive;AC=MS:1001911	NT=Lys-C;AC=MS:1001309	not available	0.01 Da	50 ppm	NT=Oxidation;MT=variable;TA=M;AC=UNIMOD:35	NT=Acetyl;AC=UNIMOD:1;PP=Protein N-term;MT=variable	NT=Carbamidomethyl;TA=C;MT=fixed;AC=UNIMOD:4	q03116.raw	cell	MDAMB468	0f914964c7033a5afbaf18b9ffef859102b36728d97a1b243a054e25bdd4e028	SAMEA7713451
PXD008222-Sample 69	Homo sapiens	breast	adult	epithelial	Black	51Y	female	breast carcinoma	2	MDAMB468	not available	run 358	AC=MS:1002038;NT=label free sample	not available	2	ftp://ftp.pride.ebi.ac.uk/pride/data/archive/2017/12/PXD008222/q03117.raw	NT=Q Exactive;AC=MS:1001911	NT=Lys-C;AC=MS:1001309	not available	0.01 Da	50 ppm	NT=Oxidation;MT=variable;TA=M;AC=UNIMOD:35	NT=Acetyl;AC=UNIMOD:1;PP=Protein N-term;MT=variable	NT=Carbamidomethyl;TA=C;MT=fixed;AC=UNIMOD:4	q03117.raw	cell	MDAMB468	0f914964c7033a5afbaf18b9ffef859102b36728d97a1b243a054e25bdd4e028	SAMEA7713451
PXD008222-Sample 69	Homo sapiens	breast	adult	epithelial	Black	51Y	female	breast carcinoma	2	MDAMB468	not available	run 359	AC=MS:1002038;NT=label free sample	not available	3	ftp://ftp.pride.ebi.ac.uk/pride/data/archive/2017/12/PXD008222/q03118.raw	NT=Q Exactive;AC=MS:1001911	NT=Lys-C;AC=MS:1001309	not available	0.01 Da	50 ppm	NT=Oxidation;MT=variable;TA=M;AC=UNIMOD:35	NT=Acetyl;AC=UNIMOD:1;PP=Protein N-term;MT=variable	NT=Carbamidomethyl;TA=C;MT=fixed;AC=UNIMOD:4	q03118.raw	cell	MDAMB468	0f914964c7033a5afbaf18b9ffef859102b36728d97a1b243a054e25bdd4e028	SAMEA7713451
PXD008222-Sample 69	Homo sapiens	breast	adult	epithelial	Black	51Y	female	breast carcinoma	2	MDAMB468	not available	run 360	AC=MS:1002038;NT=label free sample	not available	4	ftp://ftp.pride.ebi.ac.uk/pride/data/archive/2017/12/PXD008222/q03119.raw	NT=Q Exactive;AC=MS:1001911	NT=Lys-C;AC=MS:1001309	not available	0.01 Da	50 ppm	NT=Oxidation;MT=variable;TA=M;AC=UNIMOD:35	NT=Acetyl;AC=UNIMOD:1;PP=Protein N-term;MT=variable	NT=Carbamidomethyl;TA=C;MT=fixed;AC=UNIMOD:4	q03119.raw	cell	MDAMB468	0f914964c7033a5afbaf18b9ffef859102b36728d97a1b243a054e25bdd4e028	SAMEA7713451
PXD008222-Sample 69	Homo sapiens	breast	adult	epithelial	Black	51Y	female	breast carcinoma	2	MDAMB468	not available	run 361	AC=MS:1002038;NT=label free sample	not available	5	ftp://ftp.pride.ebi.ac.uk/pride/data/archive/2017/12/PXD008222/q03120.raw	NT=Q Exactive;AC=MS:1001911	NT=Lys-C;AC=MS:1001309	not available	0.01 Da	50 ppm	NT=Oxidation;MT=variable;TA=M;AC=UNIMOD:35	NT=Acetyl;AC=UNIMOD:1;PP=Protein N-term;MT=variable	NT=Carbamidomethyl;TA=C;MT=fixed;AC=UNIMOD:4	q03120.raw	cell	MDAMB468	0f914964c7033a5afbaf18b9ffef859102b36728d97a1b243a054e25bdd4e028	SAMEA7713451
PXD008222-Sample 70	Homo sapiens	breast	adult	epithelial	Black	51Y	female	breast carcinoma	2	MDAMB468	not available	run 362	AC=MS:1002038;NT=label free sample	not available	1	ftp://ftp.pride.ebi.ac.uk/pride/data/archive/2017/12/PXD008222/q03122.raw	NT=Q Exactive;AC=MS:1001911	NT=Trypsin;AC=MS:1001251	not available	0.01 Da	50 ppm	NT=Oxidation;MT=variable;TA=M;AC=UNIMOD:35	NT=Acetyl;AC=UNIMOD:1;PP=Protein N-term;MT=variable	NT=Carbamidomethyl;TA=C;MT=fixed;AC=UNIMOD:4	q03122.raw	cell	MDAMB468	597209148bc8a5cc6627a3b6a657ddbff64c85c7dfbc7e7987d53adc79f49986	SAMEA7713452
PXD008222-Sample 70	Homo sapiens	breast	adult	epithelial	Black	51Y	female	breast carcinoma	2	MDAMB468	not available	run 363	AC=MS:1002038;NT=label free sample	not available	2	ftp://ftp.pride.ebi.ac.uk/pride/data/archive/2017/12/PXD008222/q03123.raw	NT=Q Exactive;AC=MS:1001911	NT=Trypsin;AC=MS:1001251	not available	0.01 Da	50 ppm	NT=Oxidation;MT=variable;TA=M;AC=UNIMOD:35	NT=Acetyl;AC=UNIMOD:1;PP=Protein N-term;MT=variable	NT=Carbamidomethyl;TA=C;MT=fixed;AC=UNIMOD:4	q03123.raw	cell	MDAMB468	597209148bc8a5cc6627a3b6a657ddbff64c85c7dfbc7e7987d53adc79f49986	SAMEA7713452
PXD008222-Sample 70	Homo sapiens	breast	adult	epithelial	Black	51Y	female	breast carcinoma	2	MDAMB468	not available	run 364	AC=MS:1002038;NT=label free sample	not available	3	ftp://ftp.pride.ebi.ac.uk/pride/data/archive/2017/12/PXD008222/q03124.raw	NT=Q Exactive;AC=MS:1001911	NT=Trypsin;AC=MS:1001251	not available	0.01 Da	50 ppm	NT=Oxidation;MT=variable;TA=M;AC=UNIMOD:35	NT=Acetyl;AC=UNIMOD:1;PP=Protein N-term;MT=variable	NT=Carbamidomethyl;TA=C;MT=fixed;AC=UNIMOD:4	q03124.raw	cell	MDAMB468	597209148bc8a5cc6627a3b6a657ddbff64c85c7dfbc7e7987d53adc79f49986	SAMEA7713452
PXD008222-Sample 70	Homo sapiens	breast	adult	epithelial	Black	51Y	female	breast carcinoma	2	MDAMB468	not available	run 365	AC=MS:1002038;NT=label free sample	not available	4	ftp://ftp.pride.ebi.ac.uk/pride/data/archive/2017/12/PXD008222/q03125.raw	NT=Q Exactive;AC=MS:1001911	NT=Trypsin;AC=MS:1001251	not available	0.01 Da	50 ppm	NT=Oxidation;MT=variable;TA=M;AC=UNIMOD:35	NT=Acetyl;AC=UNIMOD:1;PP=Protein N-term;MT=variable	NT=Carbamidomethyl;TA=C;MT=fixed;AC=UNIMOD:4	q03125.raw	cell	MDAMB468	597209148bc8a5cc6627a3b6a657ddbff64c85c7dfbc7e7987d53adc79f49986	SAMEA7713452
PXD008222-Sample 70	Homo sapiens	breast	adult	epithelial	Black	51Y	female	breast carcinoma	2	MDAMB468	not available	run 366	AC=MS:1002038;NT=label free sample	not available	5	ftp://ftp.pride.ebi.ac.uk/pride/data/archive/2017/12/PXD008222/q03126.raw	NT=Q Exactive;AC=MS:1001911	NT=Trypsin;AC=MS:1001251	not available	0.01 Da	50 ppm	NT=Oxidation;MT=variable;TA=M;AC=UNIMOD:35	NT=Acetyl;AC=UNIMOD:1;PP=Protein N-term;MT=variable	NT=Carbamidomethyl;TA=C;MT=fixed;AC=UNIMOD:4	q03126.raw	cell	MDAMB468	597209148bc8a5cc6627a3b6a657ddbff64c85c7dfbc7e7987d53adc79f49986	SAMEA7713452
PXD008222-Sample 71	Homo sapiens	breast	not available	epithelial	not available	not available	female	breast carcinoma	2	MFM223	not available	run 367	AC=MS:1002038;NT=label free sample	not available	1	ftp://ftp.pride.ebi.ac.uk/pride/data/archive/2017/12/PXD008222/q03161.raw	NT=Q Exactive;AC=MS:1001911	NT=Lys-C;AC=MS:1001309	not available	0.01 Da	50 ppm	NT=Oxidation;MT=variable;TA=M;AC=UNIMOD:35	NT=Acetyl;AC=UNIMOD:1;PP=Protein N-term;MT=variable	NT=Carbamidomethyl;TA=C;MT=fixed;AC=UNIMOD:4	q03161.raw	cell	MFM223	1cbfbdc61e670fe6f05d41ccb9057b73535b8a7eb2b0c2b53240b0b39e028fab	SAMEA7713453
PXD008222-Sample 71	Homo sapiens	breast	not available	epithelial	not available	not available	female	breast carcinoma	2	MFM223	not available	run 368	AC=MS:1002038;NT=label free sample	not available	2	ftp://ftp.pride.ebi.ac.uk/pride/data/archive/2017/12/PXD008222/q03162.raw	NT=Q Exactive;AC=MS:1001911	NT=Lys-C;AC=MS:1001309	not available	0.01 Da	50 ppm	NT=Oxidation;MT=variable;TA=M;AC=UNIMOD:35	NT=Acetyl;AC=UNIMOD:1;PP=Protein N-term;MT=variable	NT=Carbamidomethyl;TA=C;MT=fixed;AC=UNIMOD:4	q03162.raw	cell	MFM223	1cbfbdc61e670fe6f05d41ccb9057b73535b8a7eb2b0c2b53240b0b39e028fab	SAMEA7713453
PXD008222-Sample 71	Homo sapiens	breast	not available	epithelial	not available	not available	female	breast carcinoma	2	MFM223	not available	run 369	AC=MS:1002038;NT=label free sample	not available	3	ftp://ftp.pride.ebi.ac.uk/pride/data/archive/2017/12/PXD008222/q03163.raw	NT=Q Exactive;AC=MS:1001911	NT=Lys-C;AC=MS:1001309	not available	0.01 Da	50 ppm	NT=Oxidation;MT=variable;TA=M;AC=UNIMOD:35	NT=Acetyl;AC=UNIMOD:1;PP=Protein N-term;MT=variable	NT=Carbamidomethyl;TA=C;MT=fixed;AC=UNIMOD:4	q03163.raw	cell	MFM223	1cbfbdc61e670fe6f05d41ccb9057b73535b8a7eb2b0c2b53240b0b39e028fab	SAMEA7713453
PXD008222-Sample 71	Homo sapiens	breast	not available	epithelial	not available	not available	female	breast carcinoma	2	MFM223	not available	run 370	AC=MS:1002038;NT=label free sample	not available	4	ftp://ftp.pride.ebi.ac.uk/pride/data/archive/2017/12/PXD008222/q03164.raw	NT=Q Exactive;AC=MS:1001911	NT=Lys-C;AC=MS:1001309	not available	0.01 Da	50 ppm	NT=Oxidation;MT=variable;TA=M;AC=UNIMOD:35	NT=Acetyl;AC=UNIMOD:1;PP=Protein N-term;MT=variable	NT=Carbamidomethyl;TA=C;MT=fixed;AC=UNIMOD:4	q03164.raw	cell	MFM223	1cbfbdc61e670fe6f05d41ccb9057b73535b8a7eb2b0c2b53240b0b39e028fab	SAMEA7713453
PXD008222-Sample 71	Homo sapiens	breast	not available	epithelial	not available	not available	female	breast carcinoma	2	MFM223	not available	run 371	AC=MS:1002038;NT=label free sample	not available	5	ftp://ftp.pride.ebi.ac.uk/pride/data/archive/2017/12/PXD008222/q03165.raw	NT=Q Exactive;AC=MS:1001911	NT=Lys-C;AC=MS:1001309	not available	0.01 Da	50 ppm	NT=Oxidation;MT=variable;TA=M;AC=UNIMOD:35	NT=Acetyl;AC=UNIMOD:1;PP=Protein N-term;MT=variable	NT=Carbamidomethyl;TA=C;MT=fixed;AC=UNIMOD:4	q03165.raw	cell	MFM223	1cbfbdc61e670fe6f05d41ccb9057b73535b8a7eb2b0c2b53240b0b39e028fab	SAMEA7713453
PXD008222-Sample 72	Homo sapiens	breast	not available	epithelial	not available	not available	female	breast carcinoma	2	MFM223	not available	run 372	AC=MS:1002038;NT=label free sample	not available	1	ftp://ftp.pride.ebi.ac.uk/pride/data/archive/2017/12/PXD008222/q03167.raw	NT=Q Exactive;AC=MS:1001911	NT=Trypsin;AC=MS:1001251	not available	0.01 Da	50 ppm	NT=Oxidation;MT=variable;TA=M;AC=UNIMOD:35	NT=Acetyl;AC=UNIMOD:1;PP=Protein N-term;MT=variable	NT=Carbamidomethyl;TA=C;MT=fixed;AC=UNIMOD:4	q03167.raw	cell	MFM223	b6e3b1654c443bf0a7d0799fb63da2171f33a198b71695c06485ee404ff546d0	SAMEA7713454
PXD008222-Sample 72	Homo sapiens	breast	not available	epithelial	not available	not available	female	breast carcinoma	2	MFM223	not available	run 373	AC=MS:1002038;NT=label free sample	not available	2	ftp://ftp.pride.ebi.ac.uk/pride/data/archive/2017/12/PXD008222/q03168.raw	NT=Q Exactive;AC=MS:1001911	NT=Trypsin;AC=MS:1001251	not available	0.01 Da	50 ppm	NT=Oxidation;MT=variable;TA=M;AC=UNIMOD:35	NT=Acetyl;AC=UNIMOD:1;PP=Protein N-term;MT=variable	NT=Carbamidomethyl;TA=C;MT=fixed;AC=UNIMOD:4	q03168.raw	cell	MFM223	b6e3b1654c443bf0a7d0799fb63da2171f33a198b71695c06485ee404ff546d0	SAMEA7713454
PXD008222-Sample 72	Homo sapiens	breast	not available	epithelial	not available	not available	female	breast carcinoma	2	MFM223	not available	run 374	AC=MS:1002038;NT=label free sample	not available	3	ftp://ftp.pride.ebi.ac.uk/pride/data/archive/2017/12/PXD008222/q03169.raw	NT=Q Exactive;AC=MS:1001911	NT=Trypsin;AC=MS:1001251	not available	0.01 Da	50 ppm	NT=Oxidation;MT=variable;TA=M;AC=UNIMOD:35	NT=Acetyl;AC=UNIMOD:1;PP=Protein N-term;MT=variable	NT=Carbamidomethyl;TA=C;MT=fixed;AC=UNIMOD:4	q03169.raw	cell	MFM223	b6e3b1654c443bf0a7d0799fb63da2171f33a198b71695c06485ee404ff546d0	SAMEA7713454
PXD008222-Sample 72	Homo sapiens	breast	not available	epithelial	not available	not available	female	breast carcinoma	2	MFM223	not available	run 375	AC=MS:1002038;NT=label free sample	not available	4	ftp://ftp.pride.ebi.ac.uk/pride/data/archive/2017/12/PXD008222/q03170.raw	NT=Q Exactive;AC=MS:1001911	NT=Trypsin;AC=MS:1001251	not available	0.01 Da	50 ppm	NT=Oxidation;MT=variable;TA=M;AC=UNIMOD:35	NT=Acetyl;AC=UNIMOD:1;PP=Protein N-term;MT=variable	NT=Carbamidomethyl;TA=C;MT=fixed;AC=UNIMOD:4	q03170.raw	cell	MFM223	b6e3b1654c443bf0a7d0799fb63da2171f33a198b71695c06485ee404ff546d0	SAMEA7713454
PXD008222-Sample 72	Homo sapiens	breast	not available	epithelial	not available	not available	female	breast carcinoma	2	MFM223	not available	run 376	AC=MS:1002038;NT=label free sample	not available	5	ftp://ftp.pride.ebi.ac.uk/pride/data/archive/2017/12/PXD008222/q03171.raw	NT=Q Exactive;AC=MS:1001911	NT=Trypsin;AC=MS:1001251	not available	0.01 Da	50 ppm	NT=Oxidation;MT=variable;TA=M;AC=UNIMOD:35	NT=Acetyl;AC=UNIMOD:1;PP=Protein N-term;MT=variable	NT=Carbamidomethyl;TA=C;MT=fixed;AC=UNIMOD:4	q03171.raw	cell	MFM223	b6e3b1654c443bf0a7d0799fb63da2171f33a198b71695c06485ee404ff546d0	SAMEA7713454
PXD008222-Sample 73	Homo sapiens	breast	adult	epithelial	Caucasian	70Y	female	breast carcinoma	2	SW527	not available	run 377	AC=MS:1002038;NT=label free sample	not available	1	ftp://ftp.pride.ebi.ac.uk/pride/data/archive/2017/12/PXD008222/q03175.raw	NT=Q Exactive;AC=MS:1001911	NT=Lys-C;AC=MS:1001309	not available	0.01 Da	50 ppm	NT=Oxidation;MT=variable;TA=M;AC=UNIMOD:35	NT=Acetyl;AC=UNIMOD:1;PP=Protein N-term;MT=variable	NT=Carbamidomethyl;TA=C;MT=fixed;AC=UNIMOD:4	q03175.raw	cell	SW527	65d42da3c44ec417c9f819bb303e5b1d5267fa807ac3580d06c9631cf638c0fb	SAMEA7713455
PXD008222-Sample 73	Homo sapiens	breast	adult	epithelial	Caucasian	70Y	female	breast carcinoma	2	SW527	not available	run 378	AC=MS:1002038;NT=label free sample	not available	2	ftp://ftp.pride.ebi.ac.uk/pride/data/archive/2017/12/PXD008222/q03176.raw	NT=Q Exactive;AC=MS:1001911	NT=Lys-C;AC=MS:1001309	not available	0.01 Da	50 ppm	NT=Oxidation;MT=variable;TA=M;AC=UNIMOD:35	NT=Acetyl;AC=UNIMOD:1;PP=Protein N-term;MT=variable	NT=Carbamidomethyl;TA=C;MT=fixed;AC=UNIMOD:4	q03176.raw	cell	SW527	65d42da3c44ec417c9f819bb303e5b1d5267fa807ac3580d06c9631cf638c0fb	SAMEA7713455
PXD008222-Sample 73	Homo sapiens	breast	adult	epithelial	Caucasian	70Y	female	breast carcinoma	2	SW527	not available	run 379	AC=MS:1002038;NT=label free sample	not available	3	ftp://ftp.pride.ebi.ac.uk/pride/data/archive/2017/12/PXD008222/q03177.raw	NT=Q Exactive;AC=MS:1001911	NT=Lys-C;AC=MS:1001309	not available	0.01 Da	50 ppm	NT=Oxidation;MT=variable;TA=M;AC=UNIMOD:35	NT=Acetyl;AC=UNIMOD:1;PP=Protein N-term;MT=variable	NT=Carbamidomethyl;TA=C;MT=fixed;AC=UNIMOD:4	q03177.raw	cell	SW527	65d42da3c44ec417c9f819bb303e5b1d5267fa807ac3580d06c9631cf638c0fb	SAMEA7713455
PXD008222-Sample 73	Homo sapiens	breast	adult	epithelial	Caucasian	70Y	female	breast carcinoma	2	SW527	not available	run 380	AC=MS:1002038;NT=label free sample	not available	4	ftp://ftp.pride.ebi.ac.uk/pride/data/archive/2017/12/PXD008222/q03178.raw	NT=Q Exactive;AC=MS:1001911	NT=Lys-C;AC=MS:1001309	not available	0.01 Da	50 ppm	NT=Oxidation;MT=variable;TA=M;AC=UNIMOD:35	NT=Acetyl;AC=UNIMOD:1;PP=Protein N-term;MT=variable	NT=Carbamidomethyl;TA=C;MT=fixed;AC=UNIMOD:4	q03178.raw	cell	SW527	65d42da3c44ec417c9f819bb303e5b1d5267fa807ac3580d06c9631cf638c0fb	SAMEA7713455
PXD008222-Sample 73	Homo sapiens	breast	adult	epithelial	Caucasian	70Y	female	breast carcinoma	2	SW527	not available	run 381	AC=MS:1002038;NT=label free sample	not available	5	ftp://ftp.pride.ebi.ac.uk/pride/data/archive/2017/12/PXD008222/q03179.raw	NT=Q Exactive;AC=MS:1001911	NT=Lys-C;AC=MS:1001309	not available	0.01 Da	50 ppm	NT=Oxidation;MT=variable;TA=M;AC=UNIMOD:35	NT=Acetyl;AC=UNIMOD:1;PP=Protein N-term;MT=variable	NT=Carbamidomethyl;TA=C;MT=fixed;AC=UNIMOD:4	q03179.raw	cell	SW527	65d42da3c44ec417c9f819bb303e5b1d5267fa807ac3580d06c9631cf638c0fb	SAMEA7713455
PXD008222-Sample 74	Homo sapiens	breast	adult	epithelial	Caucasian	70Y	female	breast carcinoma	2	SW527	not available	run 382	AC=MS:1002038;NT=label free sample	not available	1	ftp://ftp.pride.ebi.ac.uk/pride/data/archive/2017/12/PXD008222/q03181.raw	NT=Q Exactive;AC=MS:1001911	NT=Trypsin;AC=MS:1001251	not available	0.01 Da	50 ppm	NT=Oxidation;MT=variable;TA=M;AC=UNIMOD:35	NT=Acetyl;AC=UNIMOD:1;PP=Protein N-term;MT=variable	NT=Carbamidomethyl;TA=C;MT=fixed;AC=UNIMOD:4	q03181.raw	cell	SW527	9ddb16bb6326bf6b3e36d6a27fa3931af11673244fde5fbca15b0ce41647ba5d	SAMEA7713456
PXD008222-Sample 74	Homo sapiens	breast	adult	epithelial	Caucasian	70Y	female	breast carcinoma	2	SW527	not available	run 383	AC=MS:1002038;NT=label free sample	not available	2	ftp://ftp.pride.ebi.ac.uk/pride/data/archive/2017/12/PXD008222/q03182.raw	NT=Q Exactive;AC=MS:1001911	NT=Trypsin;AC=MS:1001251	not available	0.01 Da	50 ppm	NT=Oxidation;MT=variable;TA=M;AC=UNIMOD:35	NT=Acetyl;AC=UNIMOD:1;PP=Protein N-term;MT=variable	NT=Carbamidomethyl;TA=C;MT=fixed;AC=UNIMOD:4	q03182.raw	cell	SW527	9ddb16bb6326bf6b3e36d6a27fa3931af11673244fde5fbca15b0ce41647ba5d	SAMEA7713456
PXD008222-Sample 74	Homo sapiens	breast	adult	epithelial	Caucasian	70Y	female	breast carcinoma	2	SW527	not available	run 384	AC=MS:1002038;NT=label free sample	not available	3	ftp://ftp.pride.ebi.ac.uk/pride/data/archive/2017/12/PXD008222/q03183.raw	NT=Q Exactive;AC=MS:1001911	NT=Trypsin;AC=MS:1001251	not available	0.01 Da	50 ppm	NT=Oxidation;MT=variable;TA=M;AC=UNIMOD:35	NT=Acetyl;AC=UNIMOD:1;PP=Protein N-term;MT=variable	NT=Carbamidomethyl;TA=C;MT=fixed;AC=UNIMOD:4	q03183.raw	cell	SW527	9ddb16bb6326bf6b3e36d6a27fa3931af11673244fde5fbca15b0ce41647ba5d	SAMEA7713456
PXD008222-Sample 74	Homo sapiens	breast	adult	epithelial	Caucasian	70Y	female	breast carcinoma	2	SW527	not available	run 385	AC=MS:1002038;NT=label free sample	not available	4	ftp://ftp.pride.ebi.ac.uk/pride/data/archive/2017/12/PXD008222/q03184.raw	NT=Q Exactive;AC=MS:1001911	NT=Trypsin;AC=MS:1001251	not available	0.01 Da	50 ppm	NT=Oxidation;MT=variable;TA=M;AC=UNIMOD:35	NT=Acetyl;AC=UNIMOD:1;PP=Protein N-term;MT=variable	NT=Carbamidomethyl;TA=C;MT=fixed;AC=UNIMOD:4	q03184.raw	cell	SW527	9ddb16bb6326bf6b3e36d6a27fa3931af11673244fde5fbca15b0ce41647ba5d	SAMEA7713456
PXD008222-Sample 74	Homo sapiens	breast	adult	epithelial	Caucasian	70Y	female	breast carcinoma	2	SW527	not available	run 386	AC=MS:1002038;NT=label free sample	not available	5	ftp://ftp.pride.ebi.ac.uk/pride/data/archive/2017/12/PXD008222/q03185.raw	NT=Q Exactive;AC=MS:1001911	NT=Trypsin;AC=MS:1001251	not available	0.01 Da	50 ppm	NT=Oxidation;MT=variable;TA=M;AC=UNIMOD:35	NT=Acetyl;AC=UNIMOD:1;PP=Protein N-term;MT=variable	NT=Carbamidomethyl;TA=C;MT=fixed;AC=UNIMOD:4	q03185.raw	cell	SW527	9ddb16bb6326bf6b3e36d6a27fa3931af11673244fde5fbca15b0ce41647ba5d	SAMEA7713456
PXD008222-Sample 75	Homo sapiens	breast	adult	epithelial	Caucasian	69Y	female	breast carcinoma	1	MCF7	not available	run 387	AC=MS:1002038;NT=label free sample	not available	1	ftp://ftp.pride.ebi.ac.uk/pride/data/archive/2017/12/PXD008222/q03187.raw	NT=Q Exactive;AC=MS:1001911	NT=Lys-C;AC=MS:1001309	not available	0.01 Da	50 ppm	NT=Oxidation;MT=variable;TA=M;AC=UNIMOD:35	NT=Acetyl;AC=UNIMOD:1;PP=Protein N-term;MT=variable	NT=Carbamidomethyl;TA=C;MT=fixed;AC=UNIMOD:4	q03187.raw	cell	MCF7	e1eaf3c42d5ab18051ea9136f909e3cfe918f2c6b4c47c1c39a5812342e14179	SAMEA7713457
PXD008222-Sample 75	Homo sapiens	breast	adult	epithelial	Caucasian	69Y	female	breast carcinoma	1	MCF7	not available	run 388	AC=MS:1002038;NT=label free sample	not available	2	ftp://ftp.pride.ebi.ac.uk/pride/data/archive/2017/12/PXD008222/q03188.raw	NT=Q Exactive;AC=MS:1001911	NT=Lys-C;AC=MS:1001309	not available	0.01 Da	50 ppm	NT=Oxidation;MT=variable;TA=M;AC=UNIMOD:35	NT=Acetyl;AC=UNIMOD:1;PP=Protein N-term;MT=variable	NT=Carbamidomethyl;TA=C;MT=fixed;AC=UNIMOD:4	q03188.raw	cell	MCF7	e1eaf3c42d5ab18051ea9136f909e3cfe918f2c6b4c47c1c39a5812342e14179	SAMEA7713457
PXD008222-Sample 75	Homo sapiens	breast	adult	epithelial	Caucasian	69Y	female	breast carcinoma	1	MCF7	not available	run 389	AC=MS:1002038;NT=label free sample	not available	3	ftp://ftp.pride.ebi.ac.uk/pride/data/archive/2017/12/PXD008222/q03189.raw	NT=Q Exactive;AC=MS:1001911	NT=Lys-C;AC=MS:1001309	not available	0.01 Da	50 ppm	NT=Oxidation;MT=variable;TA=M;AC=UNIMOD:35	NT=Acetyl;AC=UNIMOD:1;PP=Protein N-term;MT=variable	NT=Carbamidomethyl;TA=C;MT=fixed;AC=UNIMOD:4	q03189.raw	cell	MCF7	e1eaf3c42d5ab18051ea9136f909e3cfe918f2c6b4c47c1c39a5812342e14179	SAMEA7713457
PXD008222-Sample 75	Homo sapiens	breast	adult	epithelial	Caucasian	69Y	female	breast carcinoma	1	MCF7	not available	run 390	AC=MS:1002038;NT=label free sample	not available	4	ftp://ftp.pride.ebi.ac.uk/pride/data/archive/2017/12/PXD008222/q03190.raw	NT=Q Exactive;AC=MS:1001911	NT=Lys-C;AC=MS:1001309	not available	0.01 Da	50 ppm	NT=Oxidation;MT=variable;TA=M;AC=UNIMOD:35	NT=Acetyl;AC=UNIMOD:1;PP=Protein N-term;MT=variable	NT=Carbamidomethyl;TA=C;MT=fixed;AC=UNIMOD:4	q03190.raw	cell	MCF7	e1eaf3c42d5ab18051ea9136f909e3cfe918f2c6b4c47c1c39a5812342e14179	SAMEA7713457
PXD008222-Sample 75	Homo sapiens	breast	adult	epithelial	Caucasian	69Y	female	breast carcinoma	1	MCF7	not available	run 391	AC=MS:1002038;NT=label free sample	not available	5	ftp://ftp.pride.ebi.ac.uk/pride/data/archive/2017/12/PXD008222/q03191.raw	NT=Q Exactive;AC=MS:1001911	NT=Lys-C;AC=MS:1001309	not available	0.01 Da	50 ppm	NT=Oxidation;MT=variable;TA=M;AC=UNIMOD:35	NT=Acetyl;AC=UNIMOD:1;PP=Protein N-term;MT=variable	NT=Carbamidomethyl;TA=C;MT=fixed;AC=UNIMOD:4	q03191.raw	cell	MCF7	e1eaf3c42d5ab18051ea9136f909e3cfe918f2c6b4c47c1c39a5812342e14179	SAMEA7713457
PXD008222-Sample 76	Homo sapiens	breast	adult	epithelial	Caucasian	69Y	female	breast carcinoma	1	MCF7	not available	run 392	AC=MS:1002038;NT=label free sample	not available	1	ftp://ftp.pride.ebi.ac.uk/pride/data/archive/2017/12/PXD008222/q03193.raw	NT=Q Exactive;AC=MS:1001911	NT=Trypsin;AC=MS:1001251	not available	0.01 Da	50 ppm	NT=Oxidation;MT=variable;TA=M;AC=UNIMOD:35	NT=Acetyl;AC=UNIMOD:1;PP=Protein N-term;MT=variable	NT=Carbamidomethyl;TA=C;MT=fixed;AC=UNIMOD:4	q03193.raw	cell	MCF7	ea194be0ba07fc5b1f48f3130c82f290e160dc4ba4960bb6a0999441ac2aff16	SAMEA7713458
PXD008222-Sample 76	Homo sapiens	breast	adult	epithelial	Caucasian	69Y	female	breast carcinoma	1	MCF7	not available	run 393	AC=MS:1002038;NT=label free sample	not available	2	ftp://ftp.pride.ebi.ac.uk/pride/data/archive/2017/12/PXD008222/q03194.raw	NT=Q Exactive;AC=MS:1001911	NT=Trypsin;AC=MS:1001251	not available	0.01 Da	50 ppm	NT=Oxidation;MT=variable;TA=M;AC=UNIMOD:35	NT=Acetyl;AC=UNIMOD:1;PP=Protein N-term;MT=variable	NT=Carbamidomethyl;TA=C;MT=fixed;AC=UNIMOD:4	q03194.raw	cell	MCF7	ea194be0ba07fc5b1f48f3130c82f290e160dc4ba4960bb6a0999441ac2aff16	SAMEA7713458
PXD008222-Sample 76	Homo sapiens	breast	adult	epithelial	Caucasian	69Y	female	breast carcinoma	1	MCF7	not available	run 394	AC=MS:1002038;NT=label free sample	not available	3	ftp://ftp.pride.ebi.ac.uk/pride/data/archive/2017/12/PXD008222/q03195.raw	NT=Q Exactive;AC=MS:1001911	NT=Trypsin;AC=MS:1001251	not available	0.01 Da	50 ppm	NT=Oxidation;MT=variable;TA=M;AC=UNIMOD:35	NT=Acetyl;AC=UNIMOD:1;PP=Protein N-term;MT=variable	NT=Carbamidomethyl;TA=C;MT=fixed;AC=UNIMOD:4	q03195.raw	cell	MCF7	ea194be0ba07fc5b1f48f3130c82f290e160dc4ba4960bb6a0999441ac2aff16	SAMEA7713458
PXD008222-Sample 76	Homo sapiens	breast	adult	epithelial	Caucasian	69Y	female	breast carcinoma	1	MCF7	not available	run 395	AC=MS:1002038;NT=label free sample	not available	4	ftp://ftp.pride.ebi.ac.uk/pride/data/archive/2017/12/PXD008222/q03196.raw	NT=Q Exactive;AC=MS:1001911	NT=Trypsin;AC=MS:1001251	not available	0.01 Da	50 ppm	NT=Oxidation;MT=variable;TA=M;AC=UNIMOD:35	NT=Acetyl;AC=UNIMOD:1;PP=Protein N-term;MT=variable	NT=Carbamidomethyl;TA=C;MT=fixed;AC=UNIMOD:4	q03196.raw	cell	MCF7	ea194be0ba07fc5b1f48f3130c82f290e160dc4ba4960bb6a0999441ac2aff16	SAMEA7713458
PXD008222-Sample 76	Homo sapiens	breast	adult	epithelial	Caucasian	69Y	female	breast carcinoma	1	MCF7	not available	run 396	AC=MS:1002038;NT=label free sample	not available	5	ftp://ftp.pride.ebi.ac.uk/pride/data/archive/2017/12/PXD008222/q03197.raw	NT=Q Exactive;AC=MS:1001911	NT=Trypsin;AC=MS:1001251	not available	0.01 Da	50 ppm	NT=Oxidation;MT=variable;TA=M;AC=UNIMOD:35	NT=Acetyl;AC=UNIMOD:1;PP=Protein N-term;MT=variable	NT=Carbamidomethyl;TA=C;MT=fixed;AC=UNIMOD:4	q03197.raw	cell	MCF7	ea194be0ba07fc5b1f48f3130c82f290e160dc4ba4960bb6a0999441ac2aff16	SAMEA7713458
PXD008222-Sample 77	Homo sapiens	breast	adult	epithelial	Caucasian	36Y	female	fibrocystic disease	2	MCF10A	not available	run 397	AC=MS:1002038;NT=label free sample	not available	1	ftp://ftp.pride.ebi.ac.uk/pride/data/archive/2017/12/PXD008222/q03207.raw	NT=Q Exactive;AC=MS:1001911	NT=Lys-C;AC=MS:1001309	not available	0.01 Da	50 ppm	NT=Oxidation;MT=variable;TA=M;AC=UNIMOD:35	NT=Acetyl;AC=UNIMOD:1;PP=Protein N-term;MT=variable	NT=Carbamidomethyl;TA=C;MT=fixed;AC=UNIMOD:4	q03207.raw	cell	MCF10A	c0a0722804cffbb592fec2453d9b034f604bf1de6038793088d8d537199bd8de	SAMEA7713459
PXD008222-Sample 77	Homo sapiens	breast	adult	epithelial	Caucasian	36Y	female	fibrocystic disease	2	MCF10A	not available	run 398	AC=MS:1002038;NT=label free sample	not available	2	ftp://ftp.pride.ebi.ac.uk/pride/data/archive/2017/12/PXD008222/q03208.raw	NT=Q Exactive;AC=MS:1001911	NT=Lys-C;AC=MS:1001309	not available	0.01 Da	50 ppm	NT=Oxidation;MT=variable;TA=M;AC=UNIMOD:35	NT=Acetyl;AC=UNIMOD:1;PP=Protein N-term;MT=variable	NT=Carbamidomethyl;TA=C;MT=fixed;AC=UNIMOD:4	q03208.raw	cell	MCF10A	c0a0722804cffbb592fec2453d9b034f604bf1de6038793088d8d537199bd8de	SAMEA7713459
PXD008222-Sample 77	Homo sapiens	breast	adult	epithelial	Caucasian	36Y	female	fibrocystic disease	2	MCF10A	not available	run 399	AC=MS:1002038;NT=label free sample	not available	3	ftp://ftp.pride.ebi.ac.uk/pride/data/archive/2017/12/PXD008222/q03209.raw	NT=Q Exactive;AC=MS:1001911	NT=Lys-C;AC=MS:1001309	not available	0.01 Da	50 ppm	NT=Oxidation;MT=variable;TA=M;AC=UNIMOD:35	NT=Acetyl;AC=UNIMOD:1;PP=Protein N-term;MT=variable	NT=Carbamidomethyl;TA=C;MT=fixed;AC=UNIMOD:4	q03209.raw	cell	MCF10A	c0a0722804cffbb592fec2453d9b034f604bf1de6038793088d8d537199bd8de	SAMEA7713459
PXD008222-Sample 77	Homo sapiens	breast	adult	epithelial	Caucasian	36Y	female	fibrocystic disease	2	MCF10A	not available	run 400	AC=MS:1002038;NT=label free sample	not available	4	ftp://ftp.pride.ebi.ac.uk/pride/data/archive/2017/12/PXD008222/q03210.raw	NT=Q Exactive;AC=MS:1001911	NT=Lys-C;AC=MS:1001309	not available	0.01 Da	50 ppm	NT=Oxidation;MT=variable;TA=M;AC=UNIMOD:35	NT=Acetyl;AC=UNIMOD:1;PP=Protein N-term;MT=variable	NT=Carbamidomethyl;TA=C;MT=fixed;AC=UNIMOD:4	q03210.raw	cell	MCF10A	c0a0722804cffbb592fec2453d9b034f604bf1de6038793088d8d537199bd8de	SAMEA7713459
PXD008222-Sample 77	Homo sapiens	breast	adult	epithelial	Caucasian	36Y	female	fibrocystic disease	2	MCF10A	not available	run 401	AC=MS:1002038;NT=label free sample	not available	5	ftp://ftp.pride.ebi.ac.uk/pride/data/archive/2017/12/PXD008222/q03211.raw	NT=Q Exactive;AC=MS:1001911	NT=Lys-C;AC=MS:1001309	not available	0.01 Da	50 ppm	NT=Oxidation;MT=variable;TA=M;AC=UNIMOD:35	NT=Acetyl;AC=UNIMOD:1;PP=Protein N-term;MT=variable	NT=Carbamidomethyl;TA=C;MT=fixed;AC=UNIMOD:4	q03211.raw	cell	MCF10A	c0a0722804cffbb592fec2453d9b034f604bf1de6038793088d8d537199bd8de	SAMEA7713459
PXD008222-Sample 78	Homo sapiens	breast	adult	epithelial	Caucasian	36Y	female	fibrocystic disease	2	MCF10A	not available	run 402	AC=MS:1002038;NT=label free sample	not available	1	ftp://ftp.pride.ebi.ac.uk/pride/data/archive/2017/12/PXD008222/q03213.raw	NT=Q Exactive;AC=MS:1001911	NT=Trypsin;AC=MS:1001251	not available	0.01 Da	50 ppm	NT=Oxidation;MT=variable;TA=M;AC=UNIMOD:35	NT=Acetyl;AC=UNIMOD:1;PP=Protein N-term;MT=variable	NT=Carbamidomethyl;TA=C;MT=fixed;AC=UNIMOD:4	q03213.raw	cell	MCF10A	27cd87b5d07b74e21540418ed17ea2033d1fd51d964eec0b6a87ad21036342a9	SAMEA7713460
PXD008222-Sample 78	Homo sapiens	breast	adult	epithelial	Caucasian	36Y	female	fibrocystic disease	2	MCF10A	not available	run 403	AC=MS:1002038;NT=label free sample	not available	2	ftp://ftp.pride.ebi.ac.uk/pride/data/archive/2017/12/PXD008222/q03214.raw	NT=Q Exactive;AC=MS:1001911	NT=Trypsin;AC=MS:1001251	not available	0.01 Da	50 ppm	NT=Oxidation;MT=variable;TA=M;AC=UNIMOD:35	NT=Acetyl;AC=UNIMOD:1;PP=Protein N-term;MT=variable	NT=Carbamidomethyl;TA=C;MT=fixed;AC=UNIMOD:4	q03214.raw	cell	MCF10A	27cd87b5d07b74e21540418ed17ea2033d1fd51d964eec0b6a87ad21036342a9	SAMEA7713460
PXD008222-Sample 78	Homo sapiens	breast	adult	epithelial	Caucasian	36Y	female	fibrocystic disease	2	MCF10A	not available	run 404	AC=MS:1002038;NT=label free sample	not available	3	ftp://ftp.pride.ebi.ac.uk/pride/data/archive/2017/12/PXD008222/q03215.raw	NT=Q Exactive;AC=MS:1001911	NT=Trypsin;AC=MS:1001251	not available	0.01 Da	50 ppm	NT=Oxidation;MT=variable;TA=M;AC=UNIMOD:35	NT=Acetyl;AC=UNIMOD:1;PP=Protein N-term;MT=variable	NT=Carbamidomethyl;TA=C;MT=fixed;AC=UNIMOD:4	q03215.raw	cell	MCF10A	27cd87b5d07b74e21540418ed17ea2033d1fd51d964eec0b6a87ad21036342a9	SAMEA7713460
PXD008222-Sample 78	Homo sapiens	breast	adult	epithelial	Caucasian	36Y	female	fibrocystic disease	2	MCF10A	not available	run 405	AC=MS:1002038;NT=label free sample	not available	4	ftp://ftp.pride.ebi.ac.uk/pride/data/archive/2017/12/PXD008222/q03216.raw	NT=Q Exactive;AC=MS:1001911	NT=Trypsin;AC=MS:1001251	not available	0.01 Da	50 ppm	NT=Oxidation;MT=variable;TA=M;AC=UNIMOD:35	NT=Acetyl;AC=UNIMOD:1;PP=Protein N-term;MT=variable	NT=Carbamidomethyl;TA=C;MT=fixed;AC=UNIMOD:4	q03216.raw	cell	MCF10A	27cd87b5d07b74e21540418ed17ea2033d1fd51d964eec0b6a87ad21036342a9	SAMEA7713460
PXD008222-Sample 78	Homo sapiens	breast	adult	epithelial	Caucasian	36Y	female	fibrocystic disease	2	MCF10A	not available	run 406	AC=MS:1002038;NT=label free sample	not available	5	ftp://ftp.pride.ebi.ac.uk/pride/data/archive/2017/12/PXD008222/q03217.raw	NT=Q Exactive;AC=MS:1001911	NT=Trypsin;AC=MS:1001251	not available	0.01 Da	50 ppm	NT=Oxidation;MT=variable;TA=M;AC=UNIMOD:35	NT=Acetyl;AC=UNIMOD:1;PP=Protein N-term;MT=variable	NT=Carbamidomethyl;TA=C;MT=fixed;AC=UNIMOD:4	q03217.raw	cell	MCF10A	27cd87b5d07b74e21540418ed17ea2033d1fd51d964eec0b6a87ad21036342a9	SAMEA7713460
PXD008222-Sample 79	Homo sapiens	breast	adult	epithelial	Caucasian	60Y	female	ductal carcinoma	1	BT474	not available	run 407	AC=MS:1002038;NT=label free sample	not available	1	ftp://ftp.pride.ebi.ac.uk/pride/data/archive/2017/12/PXD008222/q03221.raw	NT=Q Exactive;AC=MS:1001911	NT=Lys-C;AC=MS:1001309	not available	0.01 Da	50 ppm	NT=Oxidation;MT=variable;TA=M;AC=UNIMOD:35	NT=Acetyl;AC=UNIMOD:1;PP=Protein N-term;MT=variable	NT=Carbamidomethyl;TA=C;MT=fixed;AC=UNIMOD:4	q03221.raw	cell	BT474	1c2f60ae3b3e7ed9c1e58b24d2463a630778ff8ec7b53f8a6b0fe1c7cbb4b6e3	SAMEA7713461
PXD008222-Sample 79	Homo sapiens	breast	adult	epithelial	Caucasian	60Y	female	ductal carcinoma	1	BT474	not available	run 408	AC=MS:1002038;NT=label free sample	not available	2	ftp://ftp.pride.ebi.ac.uk/pride/data/archive/2017/12/PXD008222/q03222.raw	NT=Q Exactive;AC=MS:1001911	NT=Lys-C;AC=MS:1001309	not available	0.01 Da	50 ppm	NT=Oxidation;MT=variable;TA=M;AC=UNIMOD:35	NT=Acetyl;AC=UNIMOD:1;PP=Protein N-term;MT=variable	NT=Carbamidomethyl;TA=C;MT=fixed;AC=UNIMOD:4	q03222.raw	cell	BT474	1c2f60ae3b3e7ed9c1e58b24d2463a630778ff8ec7b53f8a6b0fe1c7cbb4b6e3	SAMEA7713461
PXD008222-Sample 79	Homo sapiens	breast	adult	epithelial	Caucasian	60Y	female	ductal carcinoma	1	BT474	not available	run 409	AC=MS:1002038;NT=label free sample	not available	3	ftp://ftp.pride.ebi.ac.uk/pride/data/archive/2017/12/PXD008222/q03223.raw	NT=Q Exactive;AC=MS:1001911	NT=Lys-C;AC=MS:1001309	not available	0.01 Da	50 ppm	NT=Oxidation;MT=variable;TA=M;AC=UNIMOD:35	NT=Acetyl;AC=UNIMOD:1;PP=Protein N-term;MT=variable	NT=Carbamidomethyl;TA=C;MT=fixed;AC=UNIMOD:4	q03223.raw	cell	BT474	1c2f60ae3b3e7ed9c1e58b24d2463a630778ff8ec7b53f8a6b0fe1c7cbb4b6e3	SAMEA7713461
PXD008222-Sample 79	Homo sapiens	breast	adult	epithelial	Caucasian	60Y	female	ductal carcinoma	1	BT474	not available	run 410	AC=MS:1002038;NT=label free sample	not available	4	ftp://ftp.pride.ebi.ac.uk/pride/data/archive/2017/12/PXD008222/q03224.raw	NT=Q Exactive;AC=MS:1001911	NT=Lys-C;AC=MS:1001309	not available	0.01 Da	50 ppm	NT=Oxidation;MT=variable;TA=M;AC=UNIMOD:35	NT=Acetyl;AC=UNIMOD:1;PP=Protein N-term;MT=variable	NT=Carbamidomethyl;TA=C;MT=fixed;AC=UNIMOD:4	q03224.raw	cell	BT474	1c2f60ae3b3e7ed9c1e58b24d2463a630778ff8ec7b53f8a6b0fe1c7cbb4b6e3	SAMEA7713461
PXD008222-Sample 79	Homo sapiens	breast	adult	epithelial	Caucasian	60Y	female	ductal carcinoma	1	BT474	not available	run 411	AC=MS:1002038;NT=label free sample	not available	5	ftp://ftp.pride.ebi.ac.uk/pride/data/archive/2017/12/PXD008222/q03225.raw	NT=Q Exactive;AC=MS:1001911	NT=Lys-C;AC=MS:1001309	not available	0.01 Da	50 ppm	NT=Oxidation;MT=variable;TA=M;AC=UNIMOD:35	NT=Acetyl;AC=UNIMOD:1;PP=Protein N-term;MT=variable	NT=Carbamidomethyl;TA=C;MT=fixed;AC=UNIMOD:4	q03225.raw	cell	BT474	1c2f60ae3b3e7ed9c1e58b24d2463a630778ff8ec7b53f8a6b0fe1c7cbb4b6e3	SAMEA7713461
PXD008222-Sample 80	Homo sapiens	breast	adult	epithelial	Caucasian	60Y	female	ductal carcinoma	1	BT474	not available	run 412	AC=MS:1002038;NT=label free sample	not available	1	ftp://ftp.pride.ebi.ac.uk/pride/data/archive/2017/12/PXD008222/q03227.raw	NT=Q Exactive;AC=MS:1001911	NT=Trypsin;AC=MS:1001251	not available	0.01 Da	50 ppm	NT=Oxidation;MT=variable;TA=M;AC=UNIMOD:35	NT=Acetyl;AC=UNIMOD:1;PP=Protein N-term;MT=variable	NT=Carbamidomethyl;TA=C;MT=fixed;AC=UNIMOD:4	q03227.raw	cell	BT474	f4ec42188204de149a804ef757fc082bd2bb32f99cd6c228dcbbd4cdf561e99c	SAMEA7713462
PXD008222-Sample 80	Homo sapiens	breast	adult	epithelial	Caucasian	60Y	female	ductal carcinoma	1	BT474	not available	run 413	AC=MS:1002038;NT=label free sample	not available	2	ftp://ftp.pride.ebi.ac.uk/pride/data/archive/2017/12/PXD008222/q03228.raw	NT=Q Exactive;AC=MS:1001911	NT=Trypsin;AC=MS:1001251	not available	0.01 Da	50 ppm	NT=Oxidation;MT=variable;TA=M;AC=UNIMOD:35	NT=Acetyl;AC=UNIMOD:1;PP=Protein N-term;MT=variable	NT=Carbamidomethyl;TA=C;MT=fixed;AC=UNIMOD:4	q03228.raw	cell	BT474	f4ec42188204de149a804ef757fc082bd2bb32f99cd6c228dcbbd4cdf561e99c	SAMEA7713462
PXD008222-Sample 80	Homo sapiens	breast	adult	epithelial	Caucasian	60Y	female	ductal carcinoma	1	BT474	not available	run 414	AC=MS:1002038;NT=label free sample	not available	3	ftp://ftp.pride.ebi.ac.uk/pride/data/archive/2017/12/PXD008222/q03229.raw	NT=Q Exactive;AC=MS:1001911	NT=Trypsin;AC=MS:1001251	not available	0.01 Da	50 ppm	NT=Oxidation;MT=variable;TA=M;AC=UNIMOD:35	NT=Acetyl;AC=UNIMOD:1;PP=Protein N-term;MT=variable	NT=Carbamidomethyl;TA=C;MT=fixed;AC=UNIMOD:4	q03229.raw	cell	BT474	f4ec42188204de149a804ef757fc082bd2bb32f99cd6c228dcbbd4cdf561e99c	SAMEA7713462
PXD008222-Sample 80	Homo sapiens	breast	adult	epithelial	Caucasian	60Y	female	ductal carcinoma	1	BT474	not available	run 415	AC=MS:1002038;NT=label free sample	not available	4	ftp://ftp.pride.ebi.ac.uk/pride/data/archive/2017/12/PXD008222/q03230.raw	NT=Q Exactive;AC=MS:1001911	NT=Trypsin;AC=MS:1001251	not available	0.01 Da	50 ppm	NT=Oxidation;MT=variable;TA=M;AC=UNIMOD:35	NT=Acetyl;AC=UNIMOD:1;PP=Protein N-term;MT=variable	NT=Carbamidomethyl;TA=C;MT=fixed;AC=UNIMOD:4	q03230.raw	cell	BT474	f4ec42188204de149a804ef757fc082bd2bb32f99cd6c228dcbbd4cdf561e99c	SAMEA7713462
PXD008222-Sample 80	Homo sapiens	breast	adult	epithelial	Caucasian	60Y	female	ductal carcinoma	1	BT474	not available	run 416	AC=MS:1002038;NT=label free sample	not available	5	ftp://ftp.pride.ebi.ac.uk/pride/data/archive/2017/12/PXD008222/q03231.raw	NT=Q Exactive;AC=MS:1001911	NT=Trypsin;AC=MS:1001251	not available	0.01 Da	50 ppm	NT=Oxidation;MT=variable;TA=M;AC=UNIMOD:35	NT=Acetyl;AC=UNIMOD:1;PP=Protein N-term;MT=variable	NT=Carbamidomethyl;TA=C;MT=fixed;AC=UNIMOD:4	q03231.raw	cell	BT474	f4ec42188204de149a804ef757fc082bd2bb32f99cd6c228dcbbd4cdf561e99c	SAMEA7713462
PXD008222-Sample 81	Homo sapiens	breast	adult	epithelial	Caucasian	60Y	female	ductal carcinoma	2	BT474	not available	run 417	AC=MS:1002038;NT=label free sample	not available	1	ftp://ftp.pride.ebi.ac.uk/pride/data/archive/2017/12/PXD008222/q03233.raw	NT=Q Exactive;AC=MS:1001911	NT=Lys-C;AC=MS:1001309	not available	0.01 Da	50 ppm	NT=Oxidation;MT=variable;TA=M;AC=UNIMOD:35	NT=Acetyl;AC=UNIMOD:1;PP=Protein N-term;MT=variable	NT=Carbamidomethyl;TA=C;MT=fixed;AC=UNIMOD:4	q03233.raw	cell	BT474	ea6b4f320b3dbf12ab9cc45bd3f172c50f360da78b7e82d8c6a0dc4dd512dd3c	SAMEA7713463
PXD008222-Sample 81	Homo sapiens	breast	adult	epithelial	Caucasian	60Y	female	ductal carcinoma	2	BT474	not available	run 418	AC=MS:1002038;NT=label free sample	not available	2	ftp://ftp.pride.ebi.ac.uk/pride/data/archive/2017/12/PXD008222/q03234.raw	NT=Q Exactive;AC=MS:1001911	NT=Lys-C;AC=MS:1001309	not available	0.01 Da	50 ppm	NT=Oxidation;MT=variable;TA=M;AC=UNIMOD:35	NT=Acetyl;AC=UNIMOD:1;PP=Protein N-term;MT=variable	NT=Carbamidomethyl;TA=C;MT=fixed;AC=UNIMOD:4	q03234.raw	cell	BT474	ea6b4f320b3dbf12ab9cc45bd3f172c50f360da78b7e82d8c6a0dc4dd512dd3c	SAMEA7713463
PXD008222-Sample 81	Homo sapiens	breast	adult	epithelial	Caucasian	60Y	female	ductal carcinoma	2	BT474	not available	run 419	AC=MS:1002038;NT=label free sample	not available	3	ftp://ftp.pride.ebi.ac.uk/pride/data/archive/2017/12/PXD008222/q03235.raw	NT=Q Exactive;AC=MS:1001911	NT=Lys-C;AC=MS:1001309	not available	0.01 Da	50 ppm	NT=Oxidation;MT=variable;TA=M;AC=UNIMOD:35	NT=Acetyl;AC=UNIMOD:1;PP=Protein N-term;MT=variable	NT=Carbamidomethyl;TA=C;MT=fixed;AC=UNIMOD:4	q03235.raw	cell	BT474	ea6b4f320b3dbf12ab9cc45bd3f172c50f360da78b7e82d8c6a0dc4dd512dd3c	SAMEA7713463
PXD008222-Sample 81	Homo sapiens	breast	adult	epithelial	Caucasian	60Y	female	ductal carcinoma	2	BT474	not available	run 420	AC=MS:1002038;NT=label free sample	not available	4	ftp://ftp.pride.ebi.ac.uk/pride/data/archive/2017/12/PXD008222/q03236.raw	NT=Q Exactive;AC=MS:1001911	NT=Lys-C;AC=MS:1001309	not available	0.01 Da	50 ppm	NT=Oxidation;MT=variable;TA=M;AC=UNIMOD:35	NT=Acetyl;AC=UNIMOD:1;PP=Protein N-term;MT=variable	NT=Carbamidomethyl;TA=C;MT=fixed;AC=UNIMOD:4	q03236.raw	cell	BT474	ea6b4f320b3dbf12ab9cc45bd3f172c50f360da78b7e82d8c6a0dc4dd512dd3c	SAMEA7713463
PXD008222-Sample 81	Homo sapiens	breast	adult	epithelial	Caucasian	60Y	female	ductal carcinoma	2	BT474	not available	run 421	AC=MS:1002038;NT=label free sample	not available	5	ftp://ftp.pride.ebi.ac.uk/pride/data/archive/2017/12/PXD008222/q03237.raw	NT=Q Exactive;AC=MS:1001911	NT=Lys-C;AC=MS:1001309	not available	0.01 Da	50 ppm	NT=Oxidation;MT=variable;TA=M;AC=UNIMOD:35	NT=Acetyl;AC=UNIMOD:1;PP=Protein N-term;MT=variable	NT=Carbamidomethyl;TA=C;MT=fixed;AC=UNIMOD:4	q03237.raw	cell	BT474	ea6b4f320b3dbf12ab9cc45bd3f172c50f360da78b7e82d8c6a0dc4dd512dd3c	SAMEA7713463
PXD008222-Sample 82	Homo sapiens	breast	adult	epithelial	Caucasian	60Y	female	ductal carcinoma	2	BT474	not available	run 422	AC=MS:1002038;NT=label free sample	not available	1	ftp://ftp.pride.ebi.ac.uk/pride/data/archive/2017/12/PXD008222/q03239.raw	NT=Q Exactive;AC=MS:1001911	NT=Trypsin;AC=MS:1001251	not available	0.01 Da	50 ppm	NT=Oxidation;MT=variable;TA=M;AC=UNIMOD:35	NT=Acetyl;AC=UNIMOD:1;PP=Protein N-term;MT=variable	NT=Carbamidomethyl;TA=C;MT=fixed;AC=UNIMOD:4	q03239.raw	cell	BT474	711ac79b150a1c05cc13e90d7e93f9f9cec3c2a478adf1328fdcef32d7b95987	SAMEA7713464
PXD008222-Sample 82	Homo sapiens	breast	adult	epithelial	Caucasian	60Y	female	ductal carcinoma	2	BT474	not available	run 423	AC=MS:1002038;NT=label free sample	not available	2	ftp://ftp.pride.ebi.ac.uk/pride/data/archive/2017/12/PXD008222/q03240.raw	NT=Q Exactive;AC=MS:1001911	NT=Trypsin;AC=MS:1001251	not available	0.01 Da	50 ppm	NT=Oxidation;MT=variable;TA=M;AC=UNIMOD:35	NT=Acetyl;AC=UNIMOD:1;PP=Protein N-term;MT=variable	NT=Carbamidomethyl;TA=C;MT=fixed;AC=UNIMOD:4	q03240.raw	cell	BT474	711ac79b150a1c05cc13e90d7e93f9f9cec3c2a478adf1328fdcef32d7b95987	SAMEA7713464
PXD008222-Sample 82	Homo sapiens	breast	adult	epithelial	Caucasian	60Y	female	ductal carcinoma	2	BT474	not available	run 424	AC=MS:1002038;NT=label free sample	not available	3	ftp://ftp.pride.ebi.ac.uk/pride/data/archive/2017/12/PXD008222/q03241.raw	NT=Q Exactive;AC=MS:1001911	NT=Trypsin;AC=MS:1001251	not available	0.01 Da	50 ppm	NT=Oxidation;MT=variable;TA=M;AC=UNIMOD:35	NT=Acetyl;AC=UNIMOD:1;PP=Protein N-term;MT=variable	NT=Carbamidomethyl;TA=C;MT=fixed;AC=UNIMOD:4	q03241.raw	cell	BT474	711ac79b150a1c05cc13e90d7e93f9f9cec3c2a478adf1328fdcef32d7b95987	SAMEA7713464
PXD008222-Sample 82	Homo sapiens	breast	adult	epithelial	Caucasian	60Y	female	ductal carcinoma	2	BT474	not available	run 425	AC=MS:1002038;NT=label free sample	not available	4	ftp://ftp.pride.ebi.ac.uk/pride/data/archive/2017/12/PXD008222/q03242.raw	NT=Q Exactive;AC=MS:1001911	NT=Trypsin;AC=MS:1001251	not available	0.01 Da	50 ppm	NT=Oxidation;MT=variable;TA=M;AC=UNIMOD:35	NT=Acetyl;AC=UNIMOD:1;PP=Protein N-term;MT=variable	NT=Carbamidomethyl;TA=C;MT=fixed;AC=UNIMOD:4	q03242.raw	cell	BT474	711ac79b150a1c05cc13e90d7e93f9f9cec3c2a478adf1328fdcef32d7b95987	SAMEA7713464
PXD008222-Sample 82	Homo sapiens	breast	adult	epithelial	Caucasian	60Y	female	ductal carcinoma	2	BT474	not available	run 426	AC=MS:1002038;NT=label free sample	not available	5	ftp://ftp.pride.ebi.ac.uk/pride/data/archive/2017/12/PXD008222/q03243.raw	NT=Q Exactive;AC=MS:1001911	NT=Trypsin;AC=MS:1001251	not available	0.01 Da	50 ppm	NT=Oxidation;MT=variable;TA=M;AC=UNIMOD:35	NT=Acetyl;AC=UNIMOD:1;PP=Protein N-term;MT=variable	NT=Carbamidomethyl;TA=C;MT=fixed;AC=UNIMOD:4	q03243.raw	cell	BT474	711ac79b150a1c05cc13e90d7e93f9f9cec3c2a478adf1328fdcef32d7b95987	SAMEA7713464
PXD008222-Sample 83	Homo sapiens	breast	adult	epithelial	Caucasian	43Y	female	breast carcinoma	1	SKBR3	not available	run 427	AC=MS:1002038;NT=label free sample	not available	1	ftp://ftp.pride.ebi.ac.uk/pride/data/archive/2017/12/PXD008222/q03249.raw	NT=Q Exactive;AC=MS:1001911	NT=Lys-C;AC=MS:1001309	not available	0.01 Da	50 ppm	NT=Oxidation;MT=variable;TA=M;AC=UNIMOD:35	NT=Acetyl;AC=UNIMOD:1;PP=Protein N-term;MT=variable	NT=Carbamidomethyl;TA=C;MT=fixed;AC=UNIMOD:4	q03249.raw	cell	SKBR3	eb6b13877b94d1eb1c410df19885448b5e7f8667cf10b18f5ef246cec62445e4	SAMEA7713465
PXD008222-Sample 83	Homo sapiens	breast	adult	epithelial	Caucasian	43Y	female	breast carcinoma	1	SKBR3	not available	run 428	AC=MS:1002038;NT=label free sample	not available	2	ftp://ftp.pride.ebi.ac.uk/pride/data/archive/2017/12/PXD008222/q03250.raw	NT=Q Exactive;AC=MS:1001911	NT=Lys-C;AC=MS:1001309	not available	0.01 Da	50 ppm	NT=Oxidation;MT=variable;TA=M;AC=UNIMOD:35	NT=Acetyl;AC=UNIMOD:1;PP=Protein N-term;MT=variable	NT=Carbamidomethyl;TA=C;MT=fixed;AC=UNIMOD:4	q03250.raw	cell	SKBR3	eb6b13877b94d1eb1c410df19885448b5e7f8667cf10b18f5ef246cec62445e4	SAMEA7713465
PXD008222-Sample 83	Homo sapiens	breast	adult	epithelial	Caucasian	43Y	female	breast carcinoma	1	SKBR3	not available	run 429	AC=MS:1002038;NT=label free sample	not available	3	ftp://ftp.pride.ebi.ac.uk/pride/data/archive/2017/12/PXD008222/q03251.raw	NT=Q Exactive;AC=MS:1001911	NT=Lys-C;AC=MS:1001309	not available	0.01 Da	50 ppm	NT=Oxidation;MT=variable;TA=M;AC=UNIMOD:35	NT=Acetyl;AC=UNIMOD:1;PP=Protein N-term;MT=variable	NT=Carbamidomethyl;TA=C;MT=fixed;AC=UNIMOD:4	q03251.raw	cell	SKBR3	eb6b13877b94d1eb1c410df19885448b5e7f8667cf10b18f5ef246cec62445e4	SAMEA7713465
PXD008222-Sample 83	Homo sapiens	breast	adult	epithelial	Caucasian	43Y	female	breast carcinoma	1	SKBR3	not available	run 430	AC=MS:1002038;NT=label free sample	not available	4	ftp://ftp.pride.ebi.ac.uk/pride/data/archive/2017/12/PXD008222/q03252.raw	NT=Q Exactive;AC=MS:1001911	NT=Lys-C;AC=MS:1001309	not available	0.01 Da	50 ppm	NT=Oxidation;MT=variable;TA=M;AC=UNIMOD:35	NT=Acetyl;AC=UNIMOD:1;PP=Protein N-term;MT=variable	NT=Carbamidomethyl;TA=C;MT=fixed;AC=UNIMOD:4	q03252.raw	cell	SKBR3	eb6b13877b94d1eb1c410df19885448b5e7f8667cf10b18f5ef246cec62445e4	SAMEA7713465
PXD008222-Sample 83	Homo sapiens	breast	adult	epithelial	Caucasian	43Y	female	breast carcinoma	1	SKBR3	not available	run 431	AC=MS:1002038;NT=label free sample	not available	5	ftp://ftp.pride.ebi.ac.uk/pride/data/archive/2017/12/PXD008222/q03253.raw	NT=Q Exactive;AC=MS:1001911	NT=Lys-C;AC=MS:1001309	not available	0.01 Da	50 ppm	NT=Oxidation;MT=variable;TA=M;AC=UNIMOD:35	NT=Acetyl;AC=UNIMOD:1;PP=Protein N-term;MT=variable	NT=Carbamidomethyl;TA=C;MT=fixed;AC=UNIMOD:4	q03253.raw	cell	SKBR3	eb6b13877b94d1eb1c410df19885448b5e7f8667cf10b18f5ef246cec62445e4	SAMEA7713465
PXD008222-Sample 84	Homo sapiens	breast	adult	epithelial	Caucasian	43Y	female	breast carcinoma	1	SKBR3	not available	run 432	AC=MS:1002038;NT=label free sample	not available	1	ftp://ftp.pride.ebi.ac.uk/pride/data/archive/2017/12/PXD008222/q03255.raw	NT=Q Exactive;AC=MS:1001911	NT=Trypsin;AC=MS:1001251	not available	0.01 Da	50 ppm	NT=Oxidation;MT=variable;TA=M;AC=UNIMOD:35	NT=Acetyl;AC=UNIMOD:1;PP=Protein N-term;MT=variable	NT=Carbamidomethyl;TA=C;MT=fixed;AC=UNIMOD:4	q03255.raw	cell	SKBR3	48a14608b9562b2b716c8b2d97e39b923662c636231444bd4c1f5ae9572ccbcf	SAMEA7713466
PXD008222-Sample 84	Homo sapiens	breast	adult	epithelial	Caucasian	43Y	female	breast carcinoma	1	SKBR3	not available	run 433	AC=MS:1002038;NT=label free sample	not available	2	ftp://ftp.pride.ebi.ac.uk/pride/data/archive/2017/12/PXD008222/q03256.raw	NT=Q Exactive;AC=MS:1001911	NT=Trypsin;AC=MS:1001251	not available	0.01 Da	50 ppm	NT=Oxidation;MT=variable;TA=M;AC=UNIMOD:35	NT=Acetyl;AC=UNIMOD:1;PP=Protein N-term;MT=variable	NT=Carbamidomethyl;TA=C;MT=fixed;AC=UNIMOD:4	q03256.raw	cell	SKBR3	48a14608b9562b2b716c8b2d97e39b923662c636231444bd4c1f5ae9572ccbcf	SAMEA7713466
PXD008222-Sample 84	Homo sapiens	breast	adult	epithelial	Caucasian	43Y	female	breast carcinoma	1	SKBR3	not available	run 434	AC=MS:1002038;NT=label free sample	not available	3	ftp://ftp.pride.ebi.ac.uk/pride/data/archive/2017/12/PXD008222/q03257.raw	NT=Q Exactive;AC=MS:1001911	NT=Trypsin;AC=MS:1001251	not available	0.01 Da	50 ppm	NT=Oxidation;MT=variable;TA=M;AC=UNIMOD:35	NT=Acetyl;AC=UNIMOD:1;PP=Protein N-term;MT=variable	NT=Carbamidomethyl;TA=C;MT=fixed;AC=UNIMOD:4	q03257.raw	cell	SKBR3	48a14608b9562b2b716c8b2d97e39b923662c636231444bd4c1f5ae9572ccbcf	SAMEA7713466
PXD008222-Sample 84	Homo sapiens	breast	adult	epithelial	Caucasian	43Y	female	breast carcinoma	1	SKBR3	not available	run 435	AC=MS:1002038;NT=label free sample	not available	4	ftp://ftp.pride.ebi.ac.uk/pride/data/archive/2017/12/PXD008222/q03258.raw	NT=Q Exactive;AC=MS:1001911	NT=Trypsin;AC=MS:1001251	not available	0.01 Da	50 ppm	NT=Oxidation;MT=variable;TA=M;AC=UNIMOD:35	NT=Acetyl;AC=UNIMOD:1;PP=Protein N-term;MT=variable	NT=Carbamidomethyl;TA=C;MT=fixed;AC=UNIMOD:4	q03258.raw	cell	SKBR3	48a14608b9562b2b716c8b2d97e39b923662c636231444bd4c1f5ae9572ccbcf	SAMEA7713466
PXD008222-Sample 84	Homo sapiens	breast	adult	epithelial	Caucasian	43Y	female	breast carcinoma	1	SKBR3	not available	run 436	AC=MS:1002038;NT=label free sample	not available	5	ftp://ftp.pride.ebi.ac.uk/pride/data/archive/2017/12/PXD008222/q03259.raw	NT=Q Exactive;AC=MS:1001911	NT=Trypsin;AC=MS:1001251	not available	0.01 Da	50 ppm	NT=Oxidation;MT=variable;TA=M;AC=UNIMOD:35	NT=Acetyl;AC=UNIMOD:1;PP=Protein N-term;MT=variable	NT=Carbamidomethyl;TA=C;MT=fixed;AC=UNIMOD:4	q03259.raw	cell	SKBR3	48a14608b9562b2b716c8b2d97e39b923662c636231444bd4c1f5ae9572ccbcf	SAMEA7713466
PXD008222-Sample 85	Homo sapiens	breast	adult	epithelial	Caucasian	43Y	female	breast carcinoma	2	SKBR3	not available	run 437	AC=MS:1002038;NT=label free sample	not available	1	ftp://ftp.pride.ebi.ac.uk/pride/data/archive/2017/12/PXD008222/q03261.raw	NT=Q Exactive;AC=MS:1001911	NT=Lys-C;AC=MS:1001309	not available	0.01 Da	50 ppm	NT=Oxidation;MT=variable;TA=M;AC=UNIMOD:35	NT=Acetyl;AC=UNIMOD:1;PP=Protein N-term;MT=variable	NT=Carbamidomethyl;TA=C;MT=fixed;AC=UNIMOD:4	q03261.raw	cell	SKBR3	be0e7d642182d2044252de2cf3e256a58f925ee2649efb205b8d454d364e763b	SAMEA7713467
PXD008222-Sample 85	Homo sapiens	breast	adult	epithelial	Caucasian	43Y	female	breast carcinoma	2	SKBR3	not available	run 438	AC=MS:1002038;NT=label free sample	not available	2	ftp://ftp.pride.ebi.ac.uk/pride/data/archive/2017/12/PXD008222/q03262.raw	NT=Q Exactive;AC=MS:1001911	NT=Lys-C;AC=MS:1001309	not available	0.01 Da	50 ppm	NT=Oxidation;MT=variable;TA=M;AC=UNIMOD:35	NT=Acetyl;AC=UNIMOD:1;PP=Protein N-term;MT=variable	NT=Carbamidomethyl;TA=C;MT=fixed;AC=UNIMOD:4	q03262.raw	cell	SKBR3	be0e7d642182d2044252de2cf3e256a58f925ee2649efb205b8d454d364e763b	SAMEA7713467
PXD008222-Sample 85	Homo sapiens	breast	adult	epithelial	Caucasian	43Y	female	breast carcinoma	2	SKBR3	not available	run 439	AC=MS:1002038;NT=label free sample	not available	3	ftp://ftp.pride.ebi.ac.uk/pride/data/archive/2017/12/PXD008222/q03263.raw	NT=Q Exactive;AC=MS:1001911	NT=Lys-C;AC=MS:1001309	not available	0.01 Da	50 ppm	NT=Oxidation;MT=variable;TA=M;AC=UNIMOD:35	NT=Acetyl;AC=UNIMOD:1;PP=Protein N-term;MT=variable	NT=Carbamidomethyl;TA=C;MT=fixed;AC=UNIMOD:4	q03263.raw	cell	SKBR3	be0e7d642182d2044252de2cf3e256a58f925ee2649efb205b8d454d364e763b	SAMEA7713467
PXD008222-Sample 85	Homo sapiens	breast	adult	epithelial	Caucasian	43Y	female	breast carcinoma	2	SKBR3	not available	run 440	AC=MS:1002038;NT=label free sample	not available	4	ftp://ftp.pride.ebi.ac.uk/pride/data/archive/2017/12/PXD008222/q03264.raw	NT=Q Exactive;AC=MS:1001911	NT=Lys-C;AC=MS:1001309	not available	0.01 Da	50 ppm	NT=Oxidation;MT=variable;TA=M;AC=UNIMOD:35	NT=Acetyl;AC=UNIMOD:1;PP=Protein N-term;MT=variable	NT=Carbamidomethyl;TA=C;MT=fixed;AC=UNIMOD:4	q03264.raw	cell	SKBR3	be0e7d642182d2044252de2cf3e256a58f925ee2649efb205b8d454d364e763b	SAMEA7713467
PXD008222-Sample 85	Homo sapiens	breast	adult	epithelial	Caucasian	43Y	female	breast carcinoma	2	SKBR3	not available	run 441	AC=MS:1002038;NT=label free sample	not available	5	ftp://ftp.pride.ebi.ac.uk/pride/data/archive/2017/12/PXD008222/q03265.raw	NT=Q Exactive;AC=MS:1001911	NT=Lys-C;AC=MS:1001309	not available	0.01 Da	50 ppm	NT=Oxidation;MT=variable;TA=M;AC=UNIMOD:35	NT=Acetyl;AC=UNIMOD:1;PP=Protein N-term;MT=variable	NT=Carbamidomethyl;TA=C;MT=fixed;AC=UNIMOD:4	q03265.raw	cell	SKBR3	be0e7d642182d2044252de2cf3e256a58f925ee2649efb205b8d454d364e763b	SAMEA7713467
PXD008222-Sample 86	Homo sapiens	breast	adult	epithelial	Caucasian	43Y	female	breast carcinoma	2	SKBR3	not available	run 442	AC=MS:1002038;NT=label free sample	not available	1	ftp://ftp.pride.ebi.ac.uk/pride/data/archive/2017/12/PXD008222/q03267.raw	NT=Q Exactive;AC=MS:1001911	NT=Trypsin;AC=MS:1001251	not available	0.01 Da	50 ppm	NT=Oxidation;MT=variable;TA=M;AC=UNIMOD:35	NT=Acetyl;AC=UNIMOD:1;PP=Protein N-term;MT=variable	NT=Carbamidomethyl;TA=C;MT=fixed;AC=UNIMOD:4	q03267.raw	cell	SKBR3	fd1e50973e6865d7dad6b7537fe3aa6a2acf34b597eb16b057f490408929b19d	SAMEA7713468
PXD008222-Sample 86	Homo sapiens	breast	adult	epithelial	Caucasian	43Y	female	breast carcinoma	2	SKBR3	not available	run 443	AC=MS:1002038;NT=label free sample	not available	2	ftp://ftp.pride.ebi.ac.uk/pride/data/archive/2017/12/PXD008222/q03268.raw	NT=Q Exactive;AC=MS:1001911	NT=Trypsin;AC=MS:1001251	not available	0.01 Da	50 ppm	NT=Oxidation;MT=variable;TA=M;AC=UNIMOD:35	NT=Acetyl;AC=UNIMOD:1;PP=Protein N-term;MT=variable	NT=Carbamidomethyl;TA=C;MT=fixed;AC=UNIMOD:4	q03268.raw	cell	SKBR3	fd1e50973e6865d7dad6b7537fe3aa6a2acf34b597eb16b057f490408929b19d	SAMEA7713468
PXD008222-Sample 86	Homo sapiens	breast	adult	epithelial	Caucasian	43Y	female	breast carcinoma	2	SKBR3	not available	run 444	AC=MS:1002038;NT=label free sample	not available	3	ftp://ftp.pride.ebi.ac.uk/pride/data/archive/2017/12/PXD008222/q03269.raw	NT=Q Exactive;AC=MS:1001911	NT=Trypsin;AC=MS:1001251	not available	0.01 Da	50 ppm	NT=Oxidation;MT=variable;TA=M;AC=UNIMOD:35	NT=Acetyl;AC=UNIMOD:1;PP=Protein N-term;MT=variable	NT=Carbamidomethyl;TA=C;MT=fixed;AC=UNIMOD:4	q03269.raw	cell	SKBR3	fd1e50973e6865d7dad6b7537fe3aa6a2acf34b597eb16b057f490408929b19d	SAMEA7713468
PXD008222-Sample 86	Homo sapiens	breast	adult	epithelial	Caucasian	43Y	female	breast carcinoma	2	SKBR3	not available	run 445	AC=MS:1002038;NT=label free sample	not available	4	ftp://ftp.pride.ebi.ac.uk/pride/data/archive/2017/12/PXD008222/q03270.raw	NT=Q Exactive;AC=MS:1001911	NT=Trypsin;AC=MS:1001251	not available	0.01 Da	50 ppm	NT=Oxidation;MT=variable;TA=M;AC=UNIMOD:35	NT=Acetyl;AC=UNIMOD:1;PP=Protein N-term;MT=variable	NT=Carbamidomethyl;TA=C;MT=fixed;AC=UNIMOD:4	q03270.raw	cell	SKBR3	fd1e50973e6865d7dad6b7537fe3aa6a2acf34b597eb16b057f490408929b19d	SAMEA7713468
PXD008222-Sample 86	Homo sapiens	breast	adult	epithelial	Caucasian	43Y	female	breast carcinoma	2	SKBR3	not available	run 446	AC=MS:1002038;NT=label free sample	not available	5	ftp://ftp.pride.ebi.ac.uk/pride/data/archive/2017/12/PXD008222/q03271.raw	NT=Q Exactive;AC=MS:1001911	NT=Trypsin;AC=MS:1001251	not available	0.01 Da	50 ppm	NT=Oxidation;MT=variable;TA=M;AC=UNIMOD:35	NT=Acetyl;AC=UNIMOD:1;PP=Protein N-term;MT=variable	NT=Carbamidomethyl;TA=C;MT=fixed;AC=UNIMOD:4	q03271.raw	cell	SKBR3	fd1e50973e6865d7dad6b7537fe3aa6a2acf34b597eb16b057f490408929b19d	SAMEA7713468
PXD008222-Sample 87	Homo sapiens	breast	adult	epithelial	Caucasian	69Y	female	breast carcinoma	2	MCF7	not available	run 447	AC=MS:1002038;NT=label free sample	not available	1	ftp://ftp.pride.ebi.ac.uk/pride/data/archive/2017/12/PXD008222/q03299.raw	NT=Q Exactive;AC=MS:1001911	NT=Lys-C;AC=MS:1001309	not available	0.01 Da	50 ppm	NT=Oxidation;MT=variable;TA=M;AC=UNIMOD:35	NT=Acetyl;AC=UNIMOD:1;PP=Protein N-term;MT=variable	NT=Carbamidomethyl;TA=C;MT=fixed;AC=UNIMOD:4	q03299.raw	cell	MCF7	ad517b4e245de0ee4da569105ba2e815c3597f4b5f4b3b0ef822afcb7e7d1c2a	SAMEA7713469
PXD008222-Sample 87	Homo sapiens	breast	adult	epithelial	Caucasian	69Y	female	breast carcinoma	2	MCF7	not available	run 448	AC=MS:1002038;NT=label free sample	not available	2	ftp://ftp.pride.ebi.ac.uk/pride/data/archive/2017/12/PXD008222/q03300.raw	NT=Q Exactive;AC=MS:1001911	NT=Lys-C;AC=MS:1001309	not available	0.01 Da	50 ppm	NT=Oxidation;MT=variable;TA=M;AC=UNIMOD:35	NT=Acetyl;AC=UNIMOD:1;PP=Protein N-term;MT=variable	NT=Carbamidomethyl;TA=C;MT=fixed;AC=UNIMOD:4	q03300.raw	cell	MCF7	ad517b4e245de0ee4da569105ba2e815c3597f4b5f4b3b0ef822afcb7e7d1c2a	SAMEA7713469
PXD008222-Sample 87	Homo sapiens	breast	adult	epithelial	Caucasian	69Y	female	breast carcinoma	2	MCF7	not available	run 449	AC=MS:1002038;NT=label free sample	not available	3	ftp://ftp.pride.ebi.ac.uk/pride/data/archive/2017/12/PXD008222/q03301.raw	NT=Q Exactive;AC=MS:1001911	NT=Lys-C;AC=MS:1001309	not available	0.01 Da	50 ppm	NT=Oxidation;MT=variable;TA=M;AC=UNIMOD:35	NT=Acetyl;AC=UNIMOD:1;PP=Protein N-term;MT=variable	NT=Carbamidomethyl;TA=C;MT=fixed;AC=UNIMOD:4	q03301.raw	cell	MCF7	ad517b4e245de0ee4da569105ba2e815c3597f4b5f4b3b0ef822afcb7e7d1c2a	SAMEA7713469
PXD008222-Sample 87	Homo sapiens	breast	adult	epithelial	Caucasian	69Y	female	breast carcinoma	2	MCF7	not available	run 450	AC=MS:1002038;NT=label free sample	not available	4	ftp://ftp.pride.ebi.ac.uk/pride/data/archive/2017/12/PXD008222/q03302.raw	NT=Q Exactive;AC=MS:1001911	NT=Lys-C;AC=MS:1001309	not available	0.01 Da	50 ppm	NT=Oxidation;MT=variable;TA=M;AC=UNIMOD:35	NT=Acetyl;AC=UNIMOD:1;PP=Protein N-term;MT=variable	NT=Carbamidomethyl;TA=C;MT=fixed;AC=UNIMOD:4	q03302.raw	cell	MCF7	ad517b4e245de0ee4da569105ba2e815c3597f4b5f4b3b0ef822afcb7e7d1c2a	SAMEA7713469
PXD008222-Sample 87	Homo sapiens	breast	adult	epithelial	Caucasian	69Y	female	breast carcinoma	2	MCF7	not available	run 451	AC=MS:1002038;NT=label free sample	not available	5	ftp://ftp.pride.ebi.ac.uk/pride/data/archive/2017/12/PXD008222/q03303.raw	NT=Q Exactive;AC=MS:1001911	NT=Lys-C;AC=MS:1001309	not available	0.01 Da	50 ppm	NT=Oxidation;MT=variable;TA=M;AC=UNIMOD:35	NT=Acetyl;AC=UNIMOD:1;PP=Protein N-term;MT=variable	NT=Carbamidomethyl;TA=C;MT=fixed;AC=UNIMOD:4	q03303.raw	cell	MCF7	ad517b4e245de0ee4da569105ba2e815c3597f4b5f4b3b0ef822afcb7e7d1c2a	SAMEA7713469
PXD008222-Sample 88	Homo sapiens	breast	adult	epithelial	Caucasian	69Y	female	breast carcinoma	2	MCF7	not available	run 452	AC=MS:1002038;NT=label free sample	not available	1	ftp://ftp.pride.ebi.ac.uk/pride/data/archive/2017/12/PXD008222/q03305.raw	NT=Q Exactive;AC=MS:1001911	NT=Trypsin;AC=MS:1001251	not available	0.01 Da	50 ppm	NT=Oxidation;MT=variable;TA=M;AC=UNIMOD:35	NT=Acetyl;AC=UNIMOD:1;PP=Protein N-term;MT=variable	NT=Carbamidomethyl;TA=C;MT=fixed;AC=UNIMOD:4	q03305.raw	cell	MCF7	b148e0a67f146d949fbc00be48765a6a67a1551f0352ed5ab2324437c0d57d15	SAMEA7713470
PXD008222-Sample 88	Homo sapiens	breast	adult	epithelial	Caucasian	69Y	female	breast carcinoma	2	MCF7	not available	run 453	AC=MS:1002038;NT=label free sample	not available	2	ftp://ftp.pride.ebi.ac.uk/pride/data/archive/2017/12/PXD008222/q03306.raw	NT=Q Exactive;AC=MS:1001911	NT=Trypsin;AC=MS:1001251	not available	0.01 Da	50 ppm	NT=Oxidation;MT=variable;TA=M;AC=UNIMOD:35	NT=Acetyl;AC=UNIMOD:1;PP=Protein N-term;MT=variable	NT=Carbamidomethyl;TA=C;MT=fixed;AC=UNIMOD:4	q03306.raw	cell	MCF7	b148e0a67f146d949fbc00be48765a6a67a1551f0352ed5ab2324437c0d57d15	SAMEA7713470
PXD008222-Sample 88	Homo sapiens	breast	adult	epithelial	Caucasian	69Y	female	breast carcinoma	2	MCF7	not available	run 454	AC=MS:1002038;NT=label free sample	not available	3	ftp://ftp.pride.ebi.ac.uk/pride/data/archive/2017/12/PXD008222/q03307.raw	NT=Q Exactive;AC=MS:1001911	NT=Trypsin;AC=MS:1001251	not available	0.01 Da	50 ppm	NT=Oxidation;MT=variable;TA=M;AC=UNIMOD:35	NT=Acetyl;AC=UNIMOD:1;PP=Protein N-term;MT=variable	NT=Carbamidomethyl;TA=C;MT=fixed;AC=UNIMOD:4	q03307.raw	cell	MCF7	b148e0a67f146d949fbc00be48765a6a67a1551f0352ed5ab2324437c0d57d15	SAMEA7713470
PXD008222-Sample 88	Homo sapiens	breast	adult	epithelial	Caucasian	69Y	female	breast carcinoma	2	MCF7	not available	run 455	AC=MS:1002038;NT=label free sample	not available	4	ftp://ftp.pride.ebi.ac.uk/pride/data/archive/2017/12/PXD008222/q03308.raw	NT=Q Exactive;AC=MS:1001911	NT=Trypsin;AC=MS:1001251	not available	0.01 Da	50 ppm	NT=Oxidation;MT=variable;TA=M;AC=UNIMOD:35	NT=Acetyl;AC=UNIMOD:1;PP=Protein N-term;MT=variable	NT=Carbamidomethyl;TA=C;MT=fixed;AC=UNIMOD:4	q03308.raw	cell	MCF7	b148e0a67f146d949fbc00be48765a6a67a1551f0352ed5ab2324437c0d57d15	SAMEA7713470
PXD008222-Sample 88	Homo sapiens	breast	adult	epithelial	Caucasian	69Y	female	breast carcinoma	2	MCF7	not available	run 456	AC=MS:1002038;NT=label free sample	not available	5	ftp://ftp.pride.ebi.ac.uk/pride/data/archive/2017/12/PXD008222/q03309.raw	NT=Q Exactive;AC=MS:1001911	NT=Trypsin;AC=MS:1001251	not available	0.01 Da	50 ppm	NT=Oxidation;MT=variable;TA=M;AC=UNIMOD:35	NT=Acetyl;AC=UNIMOD:1;PP=Protein N-term;MT=variable	NT=Carbamidomethyl;TA=C;MT=fixed;AC=UNIMOD:4	q03309.raw	cell	MCF7	b148e0a67f146d949fbc00be48765a6a67a1551f0352ed5ab2324437c0d57d15	SAMEA7713470
