label,category,annotator_a,annotator_b,pair_category,n_shared_docs,kappa
AcquisitionMethod,technical,SingleHuman,HarmonizedHuman,HarmonizedHuman vs. any human annotator,27,0.847457627118644
Age,biological,SingleHuman,HarmonizedHuman,HarmonizedHuman vs. any human annotator,27,0.6301369863013699
AlkylationReagent,technical,SingleHuman,HarmonizedHuman,HarmonizedHuman vs. any human annotator,27,0.6538461538461539
CellLine,biological,SingleHuman,HarmonizedHuman,HarmonizedHuman vs. any human annotator,27,0.8235294117647058
CellType,biological,SingleHuman,HarmonizedHuman,HarmonizedHuman vs. any human annotator,27,0.5621621621621622
Chromatography,technical,SingleHuman,HarmonizedHuman,HarmonizedHuman vs. any human annotator,27,0.05152224824355962
CleavageAgent,technical,SingleHuman,HarmonizedHuman,HarmonizedHuman vs. any human annotator,27,0.6493506493506489
CollisionEnergy,technical,SingleHuman,HarmonizedHuman,HarmonizedHuman vs. any human annotator,27,0.8421052631578947
Compound,biological,SingleHuman,HarmonizedHuman,HarmonizedHuman vs. any human annotator,27,0.7272727272727271
Disease,biological,SingleHuman,HarmonizedHuman,HarmonizedHuman vs. any human annotator,27,0.8524590163934427
EnrichmentMethod,technical,SingleHuman,HarmonizedHuman,HarmonizedHuman vs. any human annotator,27,0.689655172413793
FactorValue,experimental_design,SingleHuman,HarmonizedHuman,HarmonizedHuman vs. any human annotator,27,0.3571428571428572
FractionIdentifier,experimental_design,SingleHuman,HarmonizedHuman,HarmonizedHuman vs. any human annotator,27,0.43749999999999983
FractionationFraction,experimental_design,SingleHuman,HarmonizedHuman,HarmonizedHuman vs. any human annotator,27,0.45783132530120485
FractionationMethod,technical,SingleHuman,HarmonizedHuman,HarmonizedHuman vs. any human annotator,27,0.43750000000000006
FragmentMassTolerance,technical,SingleHuman,HarmonizedHuman,HarmonizedHuman vs. any human annotator,27,0.5759162303664922
FragmentationMethod,technical,SingleHuman,HarmonizedHuman,HarmonizedHuman vs. any human annotator,27,0.8085106382978723
GradientTime,technical,SingleHuman,HarmonizedHuman,HarmonizedHuman vs. any human annotator,27,0.689655172413793
Instrument,technical,SingleHuman,HarmonizedHuman,HarmonizedHuman vs. any human annotator,27,0.0
IonizationType,technical,SingleHuman,HarmonizedHuman,HarmonizedHuman vs. any human annotator,27,0.9256198347107437
Label,technical,SingleHuman,HarmonizedHuman,HarmonizedHuman vs. any human annotator,27,0.9260273972602738
MS2MassAnalyzer,technical,SingleHuman,HarmonizedHuman,HarmonizedHuman vs. any human annotator,27,0.9221902017291065
Modification,technical,SingleHuman,HarmonizedHuman,HarmonizedHuman vs. any human annotator,27,0.7272727272727272
NumberOfBiologicalReplicates,experimental_design,SingleHuman,HarmonizedHuman,HarmonizedHuman vs. any human annotator,27,0.5846153846153848
NumberOfFractions,experimental_design,SingleHuman,HarmonizedHuman,HarmonizedHuman vs. any human annotator,27,0.7792915531335148
NumberOfMissedCleavages,technical,SingleHuman,HarmonizedHuman,HarmonizedHuman vs. any human annotator,27,0.7096774193548387
NumberOfSamples,experimental_design,SingleHuman,HarmonizedHuman,HarmonizedHuman vs. any human annotator,27,0.5714285714285714
NumberOfTechnicalReplicates,experimental_design,SingleHuman,HarmonizedHuman,HarmonizedHuman vs. any human annotator,27,0.625
Organism,biological,SingleHuman,HarmonizedHuman,HarmonizedHuman vs. any human annotator,27,0.3720930232558141
OrganismPart,biological,SingleHuman,HarmonizedHuman,HarmonizedHuman vs. any human annotator,27,0.34782608695652173
PooledSample,biological,SingleHuman,HarmonizedHuman,HarmonizedHuman vs. any human annotator,27,0.9078498293515357
PrecursorMassTolerance,technical,SingleHuman,HarmonizedHuman,HarmonizedHuman vs. any human annotator,27,0.7272727272727272
ReductionReagent,technical,SingleHuman,HarmonizedHuman,HarmonizedHuman vs. any human annotator,27,0.5871559633027522
SampleTreatment,experimental_design,SingleHuman,HarmonizedHuman,HarmonizedHuman vs. any human annotator,27,0.2894736842105259
SamplingTime,experimental_design,SingleHuman,HarmonizedHuman,HarmonizedHuman vs. any human annotator,27,0.5263157894736844
Separation,technical,SingleHuman,HarmonizedHuman,HarmonizedHuman vs. any human annotator,27,0.4705882352941182
Sex,biological,SingleHuman,HarmonizedHuman,HarmonizedHuman vs. any human annotator,27,0.6639004149377592
Staining,biological,SingleHuman,HarmonizedHuman,HarmonizedHuman vs. any human annotator,27,1.0
Strain,biological,SingleHuman,HarmonizedHuman,HarmonizedHuman vs. any human annotator,27,0.8235294117647058
SupplementaryFile,technical,SingleHuman,HarmonizedHuman,HarmonizedHuman vs. any human annotator,27,0.31549295774647873
Time,experimental_design,SingleHuman,HarmonizedHuman,HarmonizedHuman vs. any human annotator,27,1.0
Treatment,biological,SingleHuman,HarmonizedHuman,HarmonizedHuman vs. any human annotator,27,0.19801980198019783
AcquisitionMethod,technical,SingleHuman,Annotator1,SingleHuman vs. MultiHuman annotator,9,1.0
Age,biological,SingleHuman,Annotator1,SingleHuman vs. MultiHuman annotator,9,1.0
AlkylationReagent,technical,SingleHuman,Annotator1,SingleHuman vs. MultiHuman annotator,9,0.7692307692307692
CellLine,biological,SingleHuman,Annotator1,SingleHuman vs. MultiHuman annotator,9,0.7272727272727271
CellType,biological,SingleHuman,Annotator1,SingleHuman vs. MultiHuman annotator,9,-3.3306690738754706e-16
Chromatography,technical,SingleHuman,Annotator1,SingleHuman vs. MultiHuman annotator,9,-0.24137931034482754
CleavageAgent,technical,SingleHuman,Annotator1,SingleHuman vs. MultiHuman annotator,9,0.608695652173913
CollisionEnergy,technical,SingleHuman,Annotator1,SingleHuman vs. MultiHuman annotator,9,0.0
Compound,biological,SingleHuman,Annotator1,SingleHuman vs. MultiHuman annotator,9,-3.3306690738754706e-16
Disease,biological,SingleHuman,Annotator1,SingleHuman vs. MultiHuman annotator,9,0.7272727272727271
EnrichmentMethod,technical,SingleHuman,Annotator1,SingleHuman vs. MultiHuman annotator,9,0.7272727272727271
FactorValue,experimental_design,SingleHuman,Annotator1,SingleHuman vs. MultiHuman annotator,9,-0.2857142857142858
FractionIdentifier,experimental_design,SingleHuman,Annotator1,SingleHuman vs. MultiHuman annotator,9,0.0
FractionationFraction,experimental_design,SingleHuman,Annotator1,SingleHuman vs. MultiHuman annotator,9,-0.125
FractionationMethod,technical,SingleHuman,Annotator1,SingleHuman vs. MultiHuman annotator,9,0.769230769230769
FragmentMassTolerance,technical,SingleHuman,Annotator1,SingleHuman vs. MultiHuman annotator,9,1.0
FragmentationMethod,technical,SingleHuman,Annotator1,SingleHuman vs. MultiHuman annotator,9,0.7272727272727272
GradientTime,technical,SingleHuman,Annotator1,SingleHuman vs. MultiHuman annotator,9,0.0
Instrument,technical,SingleHuman,Annotator1,SingleHuman vs. MultiHuman annotator,9,
IonizationType,technical,SingleHuman,Annotator1,SingleHuman vs. MultiHuman annotator,9,0.769230769230769
Label,technical,SingleHuman,Annotator1,SingleHuman vs. MultiHuman annotator,9,1.0
MS2MassAnalyzer,technical,SingleHuman,Annotator1,SingleHuman vs. MultiHuman annotator,9,0.27027027027027023
Modification,technical,SingleHuman,Annotator1,SingleHuman vs. MultiHuman annotator,9,0.7692307692307692
NumberOfBiologicalReplicates,experimental_design,SingleHuman,Annotator1,SingleHuman vs. MultiHuman annotator,9,
NumberOfFractions,experimental_design,SingleHuman,Annotator1,SingleHuman vs. MultiHuman annotator,9,0.27027027027027023
NumberOfMissedCleavages,technical,SingleHuman,Annotator1,SingleHuman vs. MultiHuman annotator,9,0.769230769230769
NumberOfSamples,experimental_design,SingleHuman,Annotator1,SingleHuman vs. MultiHuman annotator,9,0.3720930232558139
NumberOfTechnicalReplicates,experimental_design,SingleHuman,Annotator1,SingleHuman vs. MultiHuman annotator,9,-0.125
Organism,biological,SingleHuman,Annotator1,SingleHuman vs. MultiHuman annotator,9,-0.2162162162162162
OrganismPart,biological,SingleHuman,Annotator1,SingleHuman vs. MultiHuman annotator,9,0.05263157894736842
PooledSample,biological,SingleHuman,Annotator1,SingleHuman vs. MultiHuman annotator,9,
PrecursorMassTolerance,technical,SingleHuman,Annotator1,SingleHuman vs. MultiHuman annotator,9,1.0
ReductionReagent,technical,SingleHuman,Annotator1,SingleHuman vs. MultiHuman annotator,9,0.7804878048780487
SampleTreatment,experimental_design,SingleHuman,Annotator1,SingleHuman vs. MultiHuman annotator,9,-0.17391304347826084
SamplingTime,experimental_design,SingleHuman,Annotator1,SingleHuman vs. MultiHuman annotator,9,
Separation,technical,SingleHuman,Annotator1,SingleHuman vs. MultiHuman annotator,9,-0.22727272727272738
Sex,biological,SingleHuman,Annotator1,SingleHuman vs. MultiHuman annotator,9,0.608695652173913
Staining,biological,SingleHuman,Annotator1,SingleHuman vs. MultiHuman annotator,9,0.27027027027027023
Strain,biological,SingleHuman,Annotator1,SingleHuman vs. MultiHuman annotator,9,0.0
SupplementaryFile,technical,SingleHuman,Annotator1,SingleHuman vs. MultiHuman annotator,9,0.18181818181818157
Time,experimental_design,SingleHuman,Annotator1,SingleHuman vs. MultiHuman annotator,9,0.0
Treatment,biological,SingleHuman,Annotator1,SingleHuman vs. MultiHuman annotator,9,-0.20000000000000037
AcquisitionMethod,technical,SingleHuman,Annotator2,SingleHuman vs. MultiHuman annotator,11,0.7924528301886792
Age,biological,SingleHuman,Annotator2,SingleHuman vs. MultiHuman annotator,11,
AlkylationReagent,technical,SingleHuman,Annotator2,SingleHuman vs. MultiHuman annotator,11,0.4210526315789474
CellLine,biological,SingleHuman,Annotator2,SingleHuman vs. MultiHuman annotator,11,0.23255813953488386
CellType,biological,SingleHuman,Annotator2,SingleHuman vs. MultiHuman annotator,11,0.5416666666666669
Chromatography,technical,SingleHuman,Annotator2,SingleHuman vs. MultiHuman annotator,11,
CleavageAgent,technical,SingleHuman,Annotator2,SingleHuman vs. MultiHuman annotator,11,
CollisionEnergy,technical,SingleHuman,Annotator2,SingleHuman vs. MultiHuman annotator,11,0.7441860465116279
Compound,biological,SingleHuman,Annotator2,SingleHuman vs. MultiHuman annotator,11,0.0
Disease,biological,SingleHuman,Annotator2,SingleHuman vs. MultiHuman annotator,11,1.0
EnrichmentMethod,technical,SingleHuman,Annotator2,SingleHuman vs. MultiHuman annotator,11,0.6451612903225807
FactorValue,experimental_design,SingleHuman,Annotator2,SingleHuman vs. MultiHuman annotator,11,0.56
FractionIdentifier,experimental_design,SingleHuman,Annotator2,SingleHuman vs. MultiHuman annotator,11,0.0
FractionationFraction,experimental_design,SingleHuman,Annotator2,SingleHuman vs. MultiHuman annotator,11,-0.09999999999999892
FractionationMethod,technical,SingleHuman,Annotator2,SingleHuman vs. MultiHuman annotator,11,0.6206896551724139
FragmentMassTolerance,technical,SingleHuman,Annotator2,SingleHuman vs. MultiHuman annotator,11,0.12698412698412698
FragmentationMethod,technical,SingleHuman,Annotator2,SingleHuman vs. MultiHuman annotator,11,0.6206896551724135
GradientTime,technical,SingleHuman,Annotator2,SingleHuman vs. MultiHuman annotator,11,0.29032258064516137
Instrument,technical,SingleHuman,Annotator2,SingleHuman vs. MultiHuman annotator,11,
IonizationType,technical,SingleHuman,Annotator2,SingleHuman vs. MultiHuman annotator,11,1.0
Label,technical,SingleHuman,Annotator2,SingleHuman vs. MultiHuman annotator,11,0.8196721311475409
MS2MassAnalyzer,technical,SingleHuman,Annotator2,SingleHuman vs. MultiHuman annotator,11,0.49230769230769234
Modification,technical,SingleHuman,Annotator2,SingleHuman vs. MultiHuman annotator,11,0.7441860465116279
NumberOfBiologicalReplicates,experimental_design,SingleHuman,Annotator2,SingleHuman vs. MultiHuman annotator,11,0.23255813953488386
NumberOfFractions,experimental_design,SingleHuman,Annotator2,SingleHuman vs. MultiHuman annotator,11,1.0
NumberOfMissedCleavages,technical,SingleHuman,Annotator2,SingleHuman vs. MultiHuman annotator,11,0.6206896551724139
NumberOfSamples,experimental_design,SingleHuman,Annotator2,SingleHuman vs. MultiHuman annotator,11,0.26666666666666683
NumberOfTechnicalReplicates,experimental_design,SingleHuman,Annotator2,SingleHuman vs. MultiHuman annotator,11,0.37735849056603776
Organism,biological,SingleHuman,Annotator2,SingleHuman vs. MultiHuman annotator,11,0.0
OrganismPart,biological,SingleHuman,Annotator2,SingleHuman vs. MultiHuman annotator,11,0.2903225806451612
PooledSample,biological,SingleHuman,Annotator2,SingleHuman vs. MultiHuman annotator,11,6.106226635438359e-16
PrecursorMassTolerance,technical,SingleHuman,Annotator2,SingleHuman vs. MultiHuman annotator,11,0.6206896551724135
ReductionReagent,technical,SingleHuman,Annotator2,SingleHuman vs. MultiHuman annotator,11,0.6333333333333334
SampleTreatment,experimental_design,SingleHuman,Annotator2,SingleHuman vs. MultiHuman annotator,11,
SamplingTime,experimental_design,SingleHuman,Annotator2,SingleHuman vs. MultiHuman annotator,11,0.0
Separation,technical,SingleHuman,Annotator2,SingleHuman vs. MultiHuman annotator,11,0.0
Sex,biological,SingleHuman,Annotator2,SingleHuman vs. MultiHuman annotator,11,-0.09999999999999892
Staining,biological,SingleHuman,Annotator2,SingleHuman vs. MultiHuman annotator,11,6.106226635438359e-16
Strain,biological,SingleHuman,Annotator2,SingleHuman vs. MultiHuman annotator,11,0.7441860465116279
SupplementaryFile,technical,SingleHuman,Annotator2,SingleHuman vs. MultiHuman annotator,11,0.7441860465116279
Time,experimental_design,SingleHuman,Annotator2,SingleHuman vs. MultiHuman annotator,11,0.0
Treatment,biological,SingleHuman,Annotator2,SingleHuman vs. MultiHuman annotator,11,
AcquisitionMethod,technical,SingleHuman,Annotator3,SingleHuman vs. MultiHuman annotator,10,0.1666666666666666
Age,biological,SingleHuman,Annotator3,SingleHuman vs. MultiHuman annotator,10,1.0
AlkylationReagent,technical,SingleHuman,Annotator3,SingleHuman vs. MultiHuman annotator,10,0.3478260869565216
CellLine,biological,SingleHuman,Annotator3,SingleHuman vs. MultiHuman annotator,10,0.0
CellType,biological,SingleHuman,Annotator3,SingleHuman vs. MultiHuman annotator,10,0.09090909090909075
Chromatography,technical,SingleHuman,Annotator3,SingleHuman vs. MultiHuman annotator,10,
CleavageAgent,technical,SingleHuman,Annotator3,SingleHuman vs. MultiHuman annotator,10,0.41176470588235303
CollisionEnergy,technical,SingleHuman,Annotator3,SingleHuman vs. MultiHuman annotator,10,0.3478260869565216
Compound,biological,SingleHuman,Annotator3,SingleHuman vs. MultiHuman annotator,10,0.0
Disease,biological,SingleHuman,Annotator3,SingleHuman vs. MultiHuman annotator,10,0.2857142857142856
EnrichmentMethod,technical,SingleHuman,Annotator3,SingleHuman vs. MultiHuman annotator,10,0.7368421052631581
FactorValue,experimental_design,SingleHuman,Annotator3,SingleHuman vs. MultiHuman annotator,10,0.0
FractionIdentifier,experimental_design,SingleHuman,Annotator3,SingleHuman vs. MultiHuman annotator,10,1.0
FractionationFraction,experimental_design,SingleHuman,Annotator3,SingleHuman vs. MultiHuman annotator,10,-0.11111111111111124
FractionationMethod,technical,SingleHuman,Annotator3,SingleHuman vs. MultiHuman annotator,10,0.1935483870967742
FragmentMassTolerance,technical,SingleHuman,Annotator3,SingleHuman vs. MultiHuman annotator,10,0.3999999999999999
FragmentationMethod,technical,SingleHuman,Annotator3,SingleHuman vs. MultiHuman annotator,10,0.19999999999999996
GradientTime,technical,SingleHuman,Annotator3,SingleHuman vs. MultiHuman annotator,10,-0.08695652173913052
Instrument,technical,SingleHuman,Annotator3,SingleHuman vs. MultiHuman annotator,10,0.0
IonizationType,technical,SingleHuman,Annotator3,SingleHuman vs. MultiHuman annotator,10,0.5833333333333334
Label,technical,SingleHuman,Annotator3,SingleHuman vs. MultiHuman annotator,10,1.0
MS2MassAnalyzer,technical,SingleHuman,Annotator3,SingleHuman vs. MultiHuman annotator,10,0.13793103448275856
Modification,technical,SingleHuman,Annotator3,SingleHuman vs. MultiHuman annotator,10,0.5454545454545456
NumberOfBiologicalReplicates,experimental_design,SingleHuman,Annotator3,SingleHuman vs. MultiHuman annotator,10,-0.11111111111111124
NumberOfFractions,experimental_design,SingleHuman,Annotator3,SingleHuman vs. MultiHuman annotator,10,0.3478260869565216
NumberOfMissedCleavages,technical,SingleHuman,Annotator3,SingleHuman vs. MultiHuman annotator,10,0.523809523809524
NumberOfSamples,experimental_design,SingleHuman,Annotator3,SingleHuman vs. MultiHuman annotator,10,0.1666666666666666
NumberOfTechnicalReplicates,experimental_design,SingleHuman,Annotator3,SingleHuman vs. MultiHuman annotator,10,0.0
Organism,biological,SingleHuman,Annotator3,SingleHuman vs. MultiHuman annotator,10,0.782608695652174
OrganismPart,biological,SingleHuman,Annotator3,SingleHuman vs. MultiHuman annotator,10,0.5833333333333334
PooledSample,biological,SingleHuman,Annotator3,SingleHuman vs. MultiHuman annotator,10,0.0
PrecursorMassTolerance,technical,SingleHuman,Annotator3,SingleHuman vs. MultiHuman annotator,10,0.523809523809524
ReductionReagent,technical,SingleHuman,Annotator3,SingleHuman vs. MultiHuman annotator,10,0.782608695652174
SampleTreatment,experimental_design,SingleHuman,Annotator3,SingleHuman vs. MultiHuman annotator,10,0.0
SamplingTime,experimental_design,SingleHuman,Annotator3,SingleHuman vs. MultiHuman annotator,10,0.6153846153846153
Separation,technical,SingleHuman,Annotator3,SingleHuman vs. MultiHuman annotator,10,0.0
Sex,biological,SingleHuman,Annotator3,SingleHuman vs. MultiHuman annotator,10,0.2105263157894738
Staining,biological,SingleHuman,Annotator3,SingleHuman vs. MultiHuman annotator,10,0.0
Strain,biological,SingleHuman,Annotator3,SingleHuman vs. MultiHuman annotator,10,0.6153846153846153
SupplementaryFile,technical,SingleHuman,Annotator3,SingleHuman vs. MultiHuman annotator,10,0.0
Time,experimental_design,SingleHuman,Annotator3,SingleHuman vs. MultiHuman annotator,10,3.0839528461809905e-17
Treatment,biological,SingleHuman,Annotator3,SingleHuman vs. MultiHuman annotator,10,0.0
AcquisitionMethod,technical,SingleHuman,Annotator4,SingleHuman vs. MultiHuman annotator,3,0.39999999999999986
Age,biological,SingleHuman,Annotator4,SingleHuman vs. MultiHuman annotator,3,
AlkylationReagent,technical,SingleHuman,Annotator4,SingleHuman vs. MultiHuman annotator,3,0.0
CellLine,biological,SingleHuman,Annotator4,SingleHuman vs. MultiHuman annotator,3,1.0
CellType,biological,SingleHuman,Annotator4,SingleHuman vs. MultiHuman annotator,3,-3.3306690738754706e-16
Chromatography,technical,SingleHuman,Annotator4,SingleHuman vs. MultiHuman annotator,3,
CleavageAgent,technical,SingleHuman,Annotator4,SingleHuman vs. MultiHuman annotator,3,
CollisionEnergy,technical,SingleHuman,Annotator4,SingleHuman vs. MultiHuman annotator,3,-0.5000000000000001
Compound,biological,SingleHuman,Annotator4,SingleHuman vs. MultiHuman annotator,3,
Disease,biological,SingleHuman,Annotator4,SingleHuman vs. MultiHuman annotator,3,1.0
EnrichmentMethod,technical,SingleHuman,Annotator4,SingleHuman vs. MultiHuman annotator,3,-8.326672684688674e-17
FactorValue,experimental_design,SingleHuman,Annotator4,SingleHuman vs. MultiHuman annotator,3,-3.3306690738754706e-16
FractionIdentifier,experimental_design,SingleHuman,Annotator4,SingleHuman vs. MultiHuman annotator,3,-3.3306690738754706e-16
FractionationFraction,experimental_design,SingleHuman,Annotator4,SingleHuman vs. MultiHuman annotator,3,0.39999999999999986
FractionationMethod,technical,SingleHuman,Annotator4,SingleHuman vs. MultiHuman annotator,3,-3.3306690738754706e-16
FragmentMassTolerance,technical,SingleHuman,Annotator4,SingleHuman vs. MultiHuman annotator,3,-0.5000000000000001
FragmentationMethod,technical,SingleHuman,Annotator4,SingleHuman vs. MultiHuman annotator,3,0.0
GradientTime,technical,SingleHuman,Annotator4,SingleHuman vs. MultiHuman annotator,3,0.0
Instrument,technical,SingleHuman,Annotator4,SingleHuman vs. MultiHuman annotator,3,0.0
IonizationType,technical,SingleHuman,Annotator4,SingleHuman vs. MultiHuman annotator,3,0.39999999999999986
Label,technical,SingleHuman,Annotator4,SingleHuman vs. MultiHuman annotator,3,1.0
MS2MassAnalyzer,technical,SingleHuman,Annotator4,SingleHuman vs. MultiHuman annotator,3,0.0
Modification,technical,SingleHuman,Annotator4,SingleHuman vs. MultiHuman annotator,3,-0.5000000000000001
NumberOfBiologicalReplicates,experimental_design,SingleHuman,Annotator4,SingleHuman vs. MultiHuman annotator,3,
NumberOfFractions,experimental_design,SingleHuman,Annotator4,SingleHuman vs. MultiHuman annotator,3,0.0
NumberOfMissedCleavages,technical,SingleHuman,Annotator4,SingleHuman vs. MultiHuman annotator,3,1.0
NumberOfSamples,experimental_design,SingleHuman,Annotator4,SingleHuman vs. MultiHuman annotator,3,
NumberOfTechnicalReplicates,experimental_design,SingleHuman,Annotator4,SingleHuman vs. MultiHuman annotator,3,
Organism,biological,SingleHuman,Annotator4,SingleHuman vs. MultiHuman annotator,3,
OrganismPart,biological,SingleHuman,Annotator4,SingleHuman vs. MultiHuman annotator,3,0.0
PooledSample,biological,SingleHuman,Annotator4,SingleHuman vs. MultiHuman annotator,3,-8.326672684688674e-17
PrecursorMassTolerance,technical,SingleHuman,Annotator4,SingleHuman vs. MultiHuman annotator,3,-0.5000000000000001
ReductionReagent,technical,SingleHuman,Annotator4,SingleHuman vs. MultiHuman annotator,3,0.0
SampleTreatment,experimental_design,SingleHuman,Annotator4,SingleHuman vs. MultiHuman annotator,3,
SamplingTime,experimental_design,SingleHuman,Annotator4,SingleHuman vs. MultiHuman annotator,3,-3.3306690738754706e-16
Separation,technical,SingleHuman,Annotator4,SingleHuman vs. MultiHuman annotator,3,0.0
Sex,biological,SingleHuman,Annotator4,SingleHuman vs. MultiHuman annotator,3,
Staining,biological,SingleHuman,Annotator4,SingleHuman vs. MultiHuman annotator,3,-3.3306690738754706e-16
Strain,biological,SingleHuman,Annotator4,SingleHuman vs. MultiHuman annotator,3,-3.3306690738754706e-16
SupplementaryFile,technical,SingleHuman,Annotator4,SingleHuman vs. MultiHuman annotator,3,
Time,experimental_design,SingleHuman,Annotator4,SingleHuman vs. MultiHuman annotator,3,0.0
Treatment,biological,SingleHuman,Annotator4,SingleHuman vs. MultiHuman annotator,3,
AcquisitionMethod,technical,SingleHuman,Annotator5,SingleHuman vs. MultiHuman annotator,9,0.7272727272727271
Age,biological,SingleHuman,Annotator5,SingleHuman vs. MultiHuman annotator,9,0.608695652173913
AlkylationReagent,technical,SingleHuman,Annotator5,SingleHuman vs. MultiHuman annotator,9,0.7272727272727272
CellLine,biological,SingleHuman,Annotator5,SingleHuman vs. MultiHuman annotator,9,
CellType,biological,SingleHuman,Annotator5,SingleHuman vs. MultiHuman annotator,9,-3.3306690738754706e-16
Chromatography,technical,SingleHuman,Annotator5,SingleHuman vs. MultiHuman annotator,9,0.0
CleavageAgent,technical,SingleHuman,Annotator5,SingleHuman vs. MultiHuman annotator,9,0.608695652173913
CollisionEnergy,technical,SingleHuman,Annotator5,SingleHuman vs. MultiHuman annotator,9,0.0
Compound,biological,SingleHuman,Annotator5,SingleHuman vs. MultiHuman annotator,9,0.18181818181818157
Disease,biological,SingleHuman,Annotator5,SingleHuman vs. MultiHuman annotator,9,0.7692307692307692
EnrichmentMethod,technical,SingleHuman,Annotator5,SingleHuman vs. MultiHuman annotator,9,-3.3306690738754706e-16
FactorValue,experimental_design,SingleHuman,Annotator5,SingleHuman vs. MultiHuman annotator,9,-0.15384615384615383
FractionIdentifier,experimental_design,SingleHuman,Annotator5,SingleHuman vs. MultiHuman annotator,9,0.0
FractionationFraction,experimental_design,SingleHuman,Annotator5,SingleHuman vs. MultiHuman annotator,9,0.0
FractionationMethod,technical,SingleHuman,Annotator5,SingleHuman vs. MultiHuman annotator,9,0.18181818181818157
FragmentMassTolerance,technical,SingleHuman,Annotator5,SingleHuman vs. MultiHuman annotator,9,0.0
FragmentationMethod,technical,SingleHuman,Annotator5,SingleHuman vs. MultiHuman annotator,9,-8.326672684688674e-17
GradientTime,technical,SingleHuman,Annotator5,SingleHuman vs. MultiHuman annotator,9,0.3414634146341463
Instrument,technical,SingleHuman,Annotator5,SingleHuman vs. MultiHuman annotator,9,0.0
IonizationType,technical,SingleHuman,Annotator5,SingleHuman vs. MultiHuman annotator,9,0.18181818181818157
Label,technical,SingleHuman,Annotator5,SingleHuman vs. MultiHuman annotator,9,0.7804878048780487
MS2MassAnalyzer,technical,SingleHuman,Annotator5,SingleHuman vs. MultiHuman annotator,9,0.0
Modification,technical,SingleHuman,Annotator5,SingleHuman vs. MultiHuman annotator,9,1.0
NumberOfBiologicalReplicates,experimental_design,SingleHuman,Annotator5,SingleHuman vs. MultiHuman annotator,9,0.3999999999999998
NumberOfFractions,experimental_design,SingleHuman,Annotator5,SingleHuman vs. MultiHuman annotator,9,0.5263157894736842
NumberOfMissedCleavages,technical,SingleHuman,Annotator5,SingleHuman vs. MultiHuman annotator,9,0.0
NumberOfSamples,experimental_design,SingleHuman,Annotator5,SingleHuman vs. MultiHuman annotator,9,0.5263157894736842
NumberOfTechnicalReplicates,experimental_design,SingleHuman,Annotator5,SingleHuman vs. MultiHuman annotator,9,
Organism,biological,SingleHuman,Annotator5,SingleHuman vs. MultiHuman annotator,9,0.7272727272727272
OrganismPart,biological,SingleHuman,Annotator5,SingleHuman vs. MultiHuman annotator,9,0.3076923076923075
PooledSample,biological,SingleHuman,Annotator5,SingleHuman vs. MultiHuman annotator,9,0.3999999999999998
PrecursorMassTolerance,technical,SingleHuman,Annotator5,SingleHuman vs. MultiHuman annotator,9,0.0
ReductionReagent,technical,SingleHuman,Annotator5,SingleHuman vs. MultiHuman annotator,9,0.5
SampleTreatment,experimental_design,SingleHuman,Annotator5,SingleHuman vs. MultiHuman annotator,9,
SamplingTime,experimental_design,SingleHuman,Annotator5,SingleHuman vs. MultiHuman annotator,9,0.0
Separation,technical,SingleHuman,Annotator5,SingleHuman vs. MultiHuman annotator,9,0.0
Sex,biological,SingleHuman,Annotator5,SingleHuman vs. MultiHuman annotator,9,0.608695652173913
Staining,biological,SingleHuman,Annotator5,SingleHuman vs. MultiHuman annotator,9,0.769230769230769
Strain,biological,SingleHuman,Annotator5,SingleHuman vs. MultiHuman annotator,9,0.35714285714285715
SupplementaryFile,technical,SingleHuman,Annotator5,SingleHuman vs. MultiHuman annotator,9,
Time,experimental_design,SingleHuman,Annotator5,SingleHuman vs. MultiHuman annotator,9,-6.245004513516506e-17
Treatment,biological,SingleHuman,Annotator5,SingleHuman vs. MultiHuman annotator,9,-0.125
AcquisitionMethod,technical,SingleHuman,Annotator6,SingleHuman vs. MultiHuman annotator,10,1.0
Age,biological,SingleHuman,Annotator6,SingleHuman vs. MultiHuman annotator,10,
AlkylationReagent,technical,SingleHuman,Annotator6,SingleHuman vs. MultiHuman annotator,10,0.3478260869565216
CellLine,biological,SingleHuman,Annotator6,SingleHuman vs. MultiHuman annotator,10,0.8
CellType,biological,SingleHuman,Annotator6,SingleHuman vs. MultiHuman annotator,10,-0.2500000000000007
Chromatography,technical,SingleHuman,Annotator6,SingleHuman vs. MultiHuman annotator,10,-7.930164461608261e-17
CleavageAgent,technical,SingleHuman,Annotator6,SingleHuman vs. MultiHuman annotator,10,1.0
CollisionEnergy,technical,SingleHuman,Annotator6,SingleHuman vs. MultiHuman annotator,10,0.13793103448275856
Compound,biological,SingleHuman,Annotator6,SingleHuman vs. MultiHuman annotator,10,0.0
Disease,biological,SingleHuman,Annotator6,SingleHuman vs. MultiHuman annotator,10,0.782608695652174
EnrichmentMethod,technical,SingleHuman,Annotator6,SingleHuman vs. MultiHuman annotator,10,0.2857142857142855
FactorValue,experimental_design,SingleHuman,Annotator6,SingleHuman vs. MultiHuman annotator,10,0.2105263157894738
FractionIdentifier,experimental_design,SingleHuman,Annotator6,SingleHuman vs. MultiHuman annotator,10,0.0
FractionationFraction,experimental_design,SingleHuman,Annotator6,SingleHuman vs. MultiHuman annotator,10,-0.15384615384615447
FractionationMethod,technical,SingleHuman,Annotator6,SingleHuman vs. MultiHuman annotator,10,0.2857142857142855
FragmentMassTolerance,technical,SingleHuman,Annotator6,SingleHuman vs. MultiHuman annotator,10,-0.1904761904761907
FragmentationMethod,technical,SingleHuman,Annotator6,SingleHuman vs. MultiHuman annotator,10,0.2857142857142856
GradientTime,technical,SingleHuman,Annotator6,SingleHuman vs. MultiHuman annotator,10,0.6000000000000001
Instrument,technical,SingleHuman,Annotator6,SingleHuman vs. MultiHuman annotator,10,
IonizationType,technical,SingleHuman,Annotator6,SingleHuman vs. MultiHuman annotator,10,0.41176470588235303
Label,technical,SingleHuman,Annotator6,SingleHuman vs. MultiHuman annotator,10,0.6153846153846155
MS2MassAnalyzer,technical,SingleHuman,Annotator6,SingleHuman vs. MultiHuman annotator,10,0.6000000000000001
Modification,technical,SingleHuman,Annotator6,SingleHuman vs. MultiHuman annotator,10,0.6153846153846153
NumberOfBiologicalReplicates,experimental_design,SingleHuman,Annotator6,SingleHuman vs. MultiHuman annotator,10,0.0
NumberOfFractions,experimental_design,SingleHuman,Annotator6,SingleHuman vs. MultiHuman annotator,10,0.0
NumberOfMissedCleavages,technical,SingleHuman,Annotator6,SingleHuman vs. MultiHuman annotator,10,0.0
NumberOfSamples,experimental_design,SingleHuman,Annotator6,SingleHuman vs. MultiHuman annotator,10,-0.19999999999999996
NumberOfTechnicalReplicates,experimental_design,SingleHuman,Annotator6,SingleHuman vs. MultiHuman annotator,10,0.0
Organism,biological,SingleHuman,Annotator6,SingleHuman vs. MultiHuman annotator,10,0.0
OrganismPart,biological,SingleHuman,Annotator6,SingleHuman vs. MultiHuman annotator,10,0.5454545454545455
PooledSample,biological,SingleHuman,Annotator6,SingleHuman vs. MultiHuman annotator,10,0.0
PrecursorMassTolerance,technical,SingleHuman,Annotator6,SingleHuman vs. MultiHuman annotator,10,1.0
ReductionReagent,technical,SingleHuman,Annotator6,SingleHuman vs. MultiHuman annotator,10,0.5454545454545456
SampleTreatment,experimental_design,SingleHuman,Annotator6,SingleHuman vs. MultiHuman annotator,10,0.0
SamplingTime,experimental_design,SingleHuman,Annotator6,SingleHuman vs. MultiHuman annotator,10,0.0
Separation,technical,SingleHuman,Annotator6,SingleHuman vs. MultiHuman annotator,10,6.938893903907228e-17
Sex,biological,SingleHuman,Annotator6,SingleHuman vs. MultiHuman annotator,10,-0.11111111111111124
Staining,biological,SingleHuman,Annotator6,SingleHuman vs. MultiHuman annotator,10,0.0
Strain,biological,SingleHuman,Annotator6,SingleHuman vs. MultiHuman annotator,10,-0.11111111111111124
SupplementaryFile,technical,SingleHuman,Annotator6,SingleHuman vs. MultiHuman annotator,10,0.13793103448275856
Time,experimental_design,SingleHuman,Annotator6,SingleHuman vs. MultiHuman annotator,10,0.024390243902439043
Treatment,biological,SingleHuman,Annotator6,SingleHuman vs. MultiHuman annotator,10,0.0
AcquisitionMethod,technical,SingleHuman,Annotator7,SingleHuman vs. MultiHuman annotator,9,0.769230769230769
Age,biological,SingleHuman,Annotator7,SingleHuman vs. MultiHuman annotator,9,1.0
AlkylationReagent,technical,SingleHuman,Annotator7,SingleHuman vs. MultiHuman annotator,9,0.3414634146341463
CellLine,biological,SingleHuman,Annotator7,SingleHuman vs. MultiHuman annotator,9,0.608695652173913
CellType,biological,SingleHuman,Annotator7,SingleHuman vs. MultiHuman annotator,9,0.0
Chromatography,technical,SingleHuman,Annotator7,SingleHuman vs. MultiHuman annotator,9,-0.125
CleavageAgent,technical,SingleHuman,Annotator7,SingleHuman vs. MultiHuman annotator,9,0.0
CollisionEnergy,technical,SingleHuman,Annotator7,SingleHuman vs. MultiHuman annotator,9,0.0
Compound,biological,SingleHuman,Annotator7,SingleHuman vs. MultiHuman annotator,9,0.0
Disease,biological,SingleHuman,Annotator7,SingleHuman vs. MultiHuman annotator,9,1.0
EnrichmentMethod,technical,SingleHuman,Annotator7,SingleHuman vs. MultiHuman annotator,9,0.3999999999999998
FactorValue,experimental_design,SingleHuman,Annotator7,SingleHuman vs. MultiHuman annotator,9,0.0
FractionIdentifier,experimental_design,SingleHuman,Annotator7,SingleHuman vs. MultiHuman annotator,9,-0.125
FractionationFraction,experimental_design,SingleHuman,Annotator7,SingleHuman vs. MultiHuman annotator,9,-3.3306690738754706e-16
FractionationMethod,technical,SingleHuman,Annotator7,SingleHuman vs. MultiHuman annotator,9,0.3414634146341463
FragmentMassTolerance,technical,SingleHuman,Annotator7,SingleHuman vs. MultiHuman annotator,9,-3.3306690738754706e-16
FragmentationMethod,technical,SingleHuman,Annotator7,SingleHuman vs. MultiHuman annotator,9,0.25
GradientTime,technical,SingleHuman,Annotator7,SingleHuman vs. MultiHuman annotator,9,0.0
Instrument,technical,SingleHuman,Annotator7,SingleHuman vs. MultiHuman annotator,9,0.0
IonizationType,technical,SingleHuman,Annotator7,SingleHuman vs. MultiHuman annotator,9,0.5714285714285714
Label,technical,SingleHuman,Annotator7,SingleHuman vs. MultiHuman annotator,9,0.3999999999999998
MS2MassAnalyzer,technical,SingleHuman,Annotator7,SingleHuman vs. MultiHuman annotator,9,0.0
Modification,technical,SingleHuman,Annotator7,SingleHuman vs. MultiHuman annotator,9,-8.326672684688674e-17
NumberOfBiologicalReplicates,experimental_design,SingleHuman,Annotator7,SingleHuman vs. MultiHuman annotator,9,
NumberOfFractions,experimental_design,SingleHuman,Annotator7,SingleHuman vs. MultiHuman annotator,9,0.5714285714285714
NumberOfMissedCleavages,technical,SingleHuman,Annotator7,SingleHuman vs. MultiHuman annotator,9,0.0
NumberOfSamples,experimental_design,SingleHuman,Annotator7,SingleHuman vs. MultiHuman annotator,9,1.0
NumberOfTechnicalReplicates,experimental_design,SingleHuman,Annotator7,SingleHuman vs. MultiHuman annotator,9,0.0
Organism,biological,SingleHuman,Annotator7,SingleHuman vs. MultiHuman annotator,9,0.25
OrganismPart,biological,SingleHuman,Annotator7,SingleHuman vs. MultiHuman annotator,9,0.5714285714285714
PooledSample,biological,SingleHuman,Annotator7,SingleHuman vs. MultiHuman annotator,9,0.0
PrecursorMassTolerance,technical,SingleHuman,Annotator7,SingleHuman vs. MultiHuman annotator,9,-8.326672684688674e-17
ReductionReagent,technical,SingleHuman,Annotator7,SingleHuman vs. MultiHuman annotator,9,0.5714285714285714
SampleTreatment,experimental_design,SingleHuman,Annotator7,SingleHuman vs. MultiHuman annotator,9,
SamplingTime,experimental_design,SingleHuman,Annotator7,SingleHuman vs. MultiHuman annotator,9,0.0
Separation,technical,SingleHuman,Annotator7,SingleHuman vs. MultiHuman annotator,9,0.0
Sex,biological,SingleHuman,Annotator7,SingleHuman vs. MultiHuman annotator,9,1.0
Staining,biological,SingleHuman,Annotator7,SingleHuman vs. MultiHuman annotator,9,0.0
Strain,biological,SingleHuman,Annotator7,SingleHuman vs. MultiHuman annotator,9,0.0
SupplementaryFile,technical,SingleHuman,Annotator7,SingleHuman vs. MultiHuman annotator,9,0.3999999999999998
Time,experimental_design,SingleHuman,Annotator7,SingleHuman vs. MultiHuman annotator,9,-8.326672684688674e-17
Treatment,biological,SingleHuman,Annotator7,SingleHuman vs. MultiHuman annotator,9,
AcquisitionMethod,technical,SingleHuman,Annotator8,SingleHuman vs. MultiHuman annotator,11,0.8135593220338982
Age,biological,SingleHuman,Annotator8,SingleHuman vs. MultiHuman annotator,11,0.0
AlkylationReagent,technical,SingleHuman,Annotator8,SingleHuman vs. MultiHuman annotator,11,0.7441860465116279
CellLine,biological,SingleHuman,Annotator8,SingleHuman vs. MultiHuman annotator,11,0.7924528301886792
CellType,biological,SingleHuman,Annotator8,SingleHuman vs. MultiHuman annotator,11,-0.4528301886792453
Chromatography,technical,SingleHuman,Annotator8,SingleHuman vs. MultiHuman annotator,11,
CleavageAgent,technical,SingleHuman,Annotator8,SingleHuman vs. MultiHuman annotator,11,0.0
CollisionEnergy,technical,SingleHuman,Annotator8,SingleHuman vs. MultiHuman annotator,11,0.4761904761904763
Compound,biological,SingleHuman,Annotator8,SingleHuman vs. MultiHuman annotator,11,-0.15789473684210548
Disease,biological,SingleHuman,Annotator8,SingleHuman vs. MultiHuman annotator,11,0.8196721311475409
EnrichmentMethod,technical,SingleHuman,Annotator8,SingleHuman vs. MultiHuman annotator,11,0.6206896551724139
FactorValue,experimental_design,SingleHuman,Annotator8,SingleHuman vs. MultiHuman annotator,11,0.06779661016949153
FractionIdentifier,experimental_design,SingleHuman,Annotator8,SingleHuman vs. MultiHuman annotator,11,0.6206896551724138
FractionationFraction,experimental_design,SingleHuman,Annotator8,SingleHuman vs. MultiHuman annotator,11,-0.09999999999999892
FractionationMethod,technical,SingleHuman,Annotator8,SingleHuman vs. MultiHuman annotator,11,-0.13793103448275812
FragmentMassTolerance,technical,SingleHuman,Annotator8,SingleHuman vs. MultiHuman annotator,11,-0.09999999999999976
FragmentationMethod,technical,SingleHuman,Annotator8,SingleHuman vs. MultiHuman annotator,11,0.6206896551724135
GradientTime,technical,SingleHuman,Annotator8,SingleHuman vs. MultiHuman annotator,11,-1.0177044392397269e-16
Instrument,technical,SingleHuman,Annotator8,SingleHuman vs. MultiHuman annotator,11,
IonizationType,technical,SingleHuman,Annotator8,SingleHuman vs. MultiHuman annotator,11,0.5416666666666669
Label,technical,SingleHuman,Annotator8,SingleHuman vs. MultiHuman annotator,11,0.8135593220338982
MS2MassAnalyzer,technical,SingleHuman,Annotator8,SingleHuman vs. MultiHuman annotator,11,0.440677966101695
Modification,technical,SingleHuman,Annotator8,SingleHuman vs. MultiHuman annotator,11,0.440677966101695
NumberOfBiologicalReplicates,experimental_design,SingleHuman,Annotator8,SingleHuman vs. MultiHuman annotator,11,1.0
NumberOfFractions,experimental_design,SingleHuman,Annotator8,SingleHuman vs. MultiHuman annotator,11,0.6333333333333334
NumberOfMissedCleavages,technical,SingleHuman,Annotator8,SingleHuman vs. MultiHuman annotator,11,0.7924528301886792
NumberOfSamples,experimental_design,SingleHuman,Annotator8,SingleHuman vs. MultiHuman annotator,11,0.26666666666666666
NumberOfTechnicalReplicates,experimental_design,SingleHuman,Annotator8,SingleHuman vs. MultiHuman annotator,11,0.7924528301886792
Organism,biological,SingleHuman,Annotator8,SingleHuman vs. MultiHuman annotator,11,0.37735849056603776
OrganismPart,biological,SingleHuman,Annotator8,SingleHuman vs. MultiHuman annotator,11,0.47619047619047616
PooledSample,biological,SingleHuman,Annotator8,SingleHuman vs. MultiHuman annotator,11,0.23255813953488386
PrecursorMassTolerance,technical,SingleHuman,Annotator8,SingleHuman vs. MultiHuman annotator,11,0.21428571428571427
ReductionReagent,technical,SingleHuman,Annotator8,SingleHuman vs. MultiHuman annotator,11,0.37735849056603776
SampleTreatment,experimental_design,SingleHuman,Annotator8,SingleHuman vs. MultiHuman annotator,11,6.106226635438359e-16
SamplingTime,experimental_design,SingleHuman,Annotator8,SingleHuman vs. MultiHuman annotator,11,6.106226635438359e-16
Separation,technical,SingleHuman,Annotator8,SingleHuman vs. MultiHuman annotator,11,0.0
Sex,biological,SingleHuman,Annotator8,SingleHuman vs. MultiHuman annotator,11,-0.09999999999999892
Staining,biological,SingleHuman,Annotator8,SingleHuman vs. MultiHuman annotator,11,0.0
Strain,biological,SingleHuman,Annotator8,SingleHuman vs. MultiHuman annotator,11,0.7924528301886792
SupplementaryFile,technical,SingleHuman,Annotator8,SingleHuman vs. MultiHuman annotator,11,0.12000000000000012
Time,experimental_design,SingleHuman,Annotator8,SingleHuman vs. MultiHuman annotator,11,0.01980198019801977
Treatment,biological,SingleHuman,Annotator8,SingleHuman vs. MultiHuman annotator,11,6.106226635438359e-16
AcquisitionMethod,technical,SingleHuman,Qwen,model vs. any human annotator,27,0.7
Age,biological,SingleHuman,Qwen,model vs. any human annotator,27,0.3720930232558141
AlkylationReagent,technical,SingleHuman,Qwen,model vs. any human annotator,27,0.5235294117647059
CellLine,biological,SingleHuman,Qwen,model vs. any human annotator,27,0.45217391304347815
CellType,biological,SingleHuman,Qwen,model vs. any human annotator,27,0.0
Chromatography,technical,SingleHuman,Qwen,model vs. any human annotator,27,-2.9976021664879274e-15
CleavageAgent,technical,SingleHuman,Qwen,model vs. any human annotator,27,0.6493506493506489
CollisionEnergy,technical,SingleHuman,Qwen,model vs. any human annotator,27,0.7665706051873198
Compound,biological,SingleHuman,Qwen,model vs. any human annotator,27,0.012195121951219455
Disease,biological,SingleHuman,Qwen,model vs. any human annotator,27,0.847457627118644
EnrichmentMethod,technical,SingleHuman,Qwen,model vs. any human annotator,27,0.5344827586206896
FactorValue,experimental_design,SingleHuman,Qwen,model vs. any human annotator,27,0.0
FractionIdentifier,experimental_design,SingleHuman,Qwen,model vs. any human annotator,27,0.0
FractionationFraction,experimental_design,SingleHuman,Qwen,model vs. any human annotator,27,-0.05882352941176443
FractionationMethod,technical,SingleHuman,Qwen,model vs. any human annotator,27,0.14960629921259821
FragmentMassTolerance,technical,SingleHuman,Qwen,model vs. any human annotator,27,0.4986737400530503
FragmentationMethod,technical,SingleHuman,Qwen,model vs. any human annotator,27,0.9078498293515357
GradientTime,technical,SingleHuman,Qwen,model vs. any human annotator,27,0.38983050847457634
Instrument,technical,SingleHuman,Qwen,model vs. any human annotator,27,0.0
IonizationType,technical,SingleHuman,Qwen,model vs. any human annotator,27,0.21052631578947367
Label,technical,SingleHuman,Qwen,model vs. any human annotator,27,0.3932584269662921
MS2MassAnalyzer,technical,SingleHuman,Qwen,model vs. any human annotator,27,0.2135922330097087
Modification,technical,SingleHuman,Qwen,model vs. any human annotator,27,0.7272727272727272
NumberOfBiologicalReplicates,experimental_design,SingleHuman,Qwen,model vs. any human annotator,27,0.3769230769230771
NumberOfFractions,experimental_design,SingleHuman,Qwen,model vs. any human annotator,27,0.6280991735537189
NumberOfMissedCleavages,technical,SingleHuman,Qwen,model vs. any human annotator,27,0.6321525885558582
NumberOfSamples,experimental_design,SingleHuman,Qwen,model vs. any human annotator,27,0.12389380530973443
NumberOfTechnicalReplicates,experimental_design,SingleHuman,Qwen,model vs. any human annotator,27,0.30258302583025826
Organism,biological,SingleHuman,Qwen,model vs. any human annotator,27,0.12093023255813981
OrganismPart,biological,SingleHuman,Qwen,model vs. any human annotator,27,0.21739130434782608
PooledSample,biological,SingleHuman,Qwen,model vs. any human annotator,27,0.43983402489626544
PrecursorMassTolerance,technical,SingleHuman,Qwen,model vs. any human annotator,27,0.5714285714285714
ReductionReagent,technical,SingleHuman,Qwen,model vs. any human annotator,27,0.43916913946587527
SampleTreatment,experimental_design,SingleHuman,Qwen,model vs. any human annotator,27,-0.06299212598425255
SamplingTime,experimental_design,SingleHuman,Qwen,model vs. any human annotator,27,-0.125
Separation,technical,SingleHuman,Qwen,model vs. any human annotator,27,0.20800000000000002
Sex,biological,SingleHuman,Qwen,model vs. any human annotator,27,0.27027027027027045
Staining,biological,SingleHuman,Qwen,model vs. any human annotator,27,0.13913043478260856
Strain,biological,SingleHuman,Qwen,model vs. any human annotator,27,0.3966480446927374
SupplementaryFile,technical,SingleHuman,Qwen,model vs. any human annotator,27,0.06896551724137875
Time,experimental_design,SingleHuman,Qwen,model vs. any human annotator,27,0.08695652173913042
Treatment,biological,SingleHuman,Qwen,model vs. any human annotator,27,-0.06299212598425255
AcquisitionMethod,technical,SingleHuman,Gemma,model vs. any human annotator,27,0.41935483870967744
Age,biological,SingleHuman,Gemma,model vs. any human annotator,27,0.3720930232558141
AlkylationReagent,technical,SingleHuman,Gemma,model vs. any human annotator,27,0.5768025078369905
CellLine,biological,SingleHuman,Gemma,model vs. any human annotator,27,0.547486033519553
CellType,biological,SingleHuman,Gemma,model vs. any human annotator,27,0.6687116564417178
Chromatography,technical,SingleHuman,Gemma,model vs. any human annotator,27,-2.9976021664879274e-15
CleavageAgent,technical,SingleHuman,Gemma,model vs. any human annotator,27,0.6493506493506489
CollisionEnergy,technical,SingleHuman,Gemma,model vs. any human annotator,27,0.8421052631578947
Compound,biological,SingleHuman,Gemma,model vs. any human annotator,27,-0.05586592178770946
Disease,biological,SingleHuman,Gemma,model vs. any human annotator,27,0.6949152542372882
EnrichmentMethod,technical,SingleHuman,Gemma,model vs. any human annotator,27,0.31122448979591844
FactorValue,experimental_design,SingleHuman,Gemma,model vs. any human annotator,27,0.0
FractionIdentifier,experimental_design,SingleHuman,Gemma,model vs. any human annotator,27,-0.08000000000000078
FractionationFraction,experimental_design,SingleHuman,Gemma,model vs. any human annotator,27,-0.09756097560975559
FractionationMethod,technical,SingleHuman,Gemma,model vs. any human annotator,27,0.35494880546075075
FragmentMassTolerance,technical,SingleHuman,Gemma,model vs. any human annotator,27,0.4986737400530503
FragmentationMethod,technical,SingleHuman,Gemma,model vs. any human annotator,27,0.9078498293515357
GradientTime,technical,SingleHuman,Gemma,model vs. any human annotator,27,0.14285714285714285
Instrument,technical,SingleHuman,Gemma,model vs. any human annotator,27,0.0
IonizationType,technical,SingleHuman,Gemma,model vs. any human annotator,27,0.2956521739130433
Label,technical,SingleHuman,Gemma,model vs. any human annotator,27,0.47353760445682447
MS2MassAnalyzer,technical,SingleHuman,Gemma,model vs. any human annotator,27,0.38790931989924426
Modification,technical,SingleHuman,Gemma,model vs. any human annotator,27,0.8235294117647058
NumberOfBiologicalReplicates,experimental_design,SingleHuman,Gemma,model vs. any human annotator,27,0.12903225806451585
NumberOfFractions,experimental_design,SingleHuman,Gemma,model vs. any human annotator,27,0.7016574585635359
NumberOfMissedCleavages,technical,SingleHuman,Gemma,model vs. any human annotator,27,0.7096774193548387
NumberOfSamples,experimental_design,SingleHuman,Gemma,model vs. any human annotator,27,0.19642857142857148
NumberOfTechnicalReplicates,experimental_design,SingleHuman,Gemma,model vs. any human annotator,27,0.20253164556961978
Organism,biological,SingleHuman,Gemma,model vs. any human annotator,27,0.19801980198019817
OrganismPart,biological,SingleHuman,Gemma,model vs. any human annotator,27,0.26302729528535973
PooledSample,biological,SingleHuman,Gemma,model vs. any human annotator,27,0.3720930232558141
PrecursorMassTolerance,technical,SingleHuman,Gemma,model vs. any human annotator,27,0.7428571428571428
ReductionReagent,technical,SingleHuman,Gemma,model vs. any human annotator,27,0.4553314121037463
SampleTreatment,experimental_design,SingleHuman,Gemma,model vs. any human annotator,27,-2.9976021664879274e-15
SamplingTime,experimental_design,SingleHuman,Gemma,model vs. any human annotator,27,0.0
Separation,technical,SingleHuman,Gemma,model vs. any human annotator,27,0.4193548387096776
Sex,biological,SingleHuman,Gemma,model vs. any human annotator,27,0.5135135135135136
Staining,biological,SingleHuman,Gemma,model vs. any human annotator,27,0.34501347708894875
Strain,biological,SingleHuman,Gemma,model vs. any human annotator,27,0.547486033519553
SupplementaryFile,technical,SingleHuman,Gemma,model vs. any human annotator,27,0.0
Time,experimental_design,SingleHuman,Gemma,model vs. any human annotator,27,0.27027027027027045
Treatment,biological,SingleHuman,Gemma,model vs. any human annotator,27,-0.06779661016949168
AcquisitionMethod,technical,SingleHuman,GLM,model vs. any human annotator,27,0.5645161290322581
Age,biological,SingleHuman,GLM,model vs. any human annotator,27,0.3720930232558141
AlkylationReagent,technical,SingleHuman,GLM,model vs. any human annotator,27,0.4807692307692307
CellLine,biological,SingleHuman,GLM,model vs. any human annotator,27,0.2968750000000001
CellType,biological,SingleHuman,GLM,model vs. any human annotator,27,0.24096385542168688
Chromatography,technical,SingleHuman,GLM,model vs. any human annotator,27,-2.9976021664879274e-15
CleavageAgent,technical,SingleHuman,GLM,model vs. any human annotator,27,0.45999999999999963
CollisionEnergy,technical,SingleHuman,GLM,model vs. any human annotator,27,0.6842105263157895
Compound,biological,SingleHuman,GLM,model vs. any human annotator,27,-0.04651162790697674
Disease,biological,SingleHuman,GLM,model vs. any human annotator,27,0.5263157894736842
EnrichmentMethod,technical,SingleHuman,GLM,model vs. any human annotator,27,0.5994065281899108
FactorValue,experimental_design,SingleHuman,GLM,model vs. any human annotator,27,0.0
FractionIdentifier,experimental_design,SingleHuman,GLM,model vs. any human annotator,27,0.34146341463414653
FractionationFraction,experimental_design,SingleHuman,GLM,model vs. any human annotator,27,-0.05882352941176443
FractionationMethod,technical,SingleHuman,GLM,model vs. any human annotator,27,0.22857142857142881
FragmentMassTolerance,technical,SingleHuman,GLM,model vs. any human annotator,27,0.4986737400530503
FragmentationMethod,technical,SingleHuman,GLM,model vs. any human annotator,27,0.6170212765957446
GradientTime,technical,SingleHuman,GLM,model vs. any human annotator,27,0.15384615384615383
Instrument,technical,SingleHuman,GLM,model vs. any human annotator,27,0.0
IonizationType,technical,SingleHuman,GLM,model vs. any human annotator,27,0.37931034482758613
Label,technical,SingleHuman,GLM,model vs. any human annotator,27,0.5524861878453039
MS2MassAnalyzer,technical,SingleHuman,GLM,model vs. any human annotator,27,-0.020151133501259525
Modification,technical,SingleHuman,GLM,model vs. any human annotator,27,0.7272727272727272
NumberOfBiologicalReplicates,experimental_design,SingleHuman,GLM,model vs. any human annotator,27,0.21576763485477168
NumberOfFractions,experimental_design,SingleHuman,GLM,model vs. any human annotator,27,0.40331491712707185
NumberOfMissedCleavages,technical,SingleHuman,GLM,model vs. any human annotator,27,0.6419098143236074
NumberOfSamples,experimental_design,SingleHuman,GLM,model vs. any human annotator,27,0.2241379310344827
NumberOfTechnicalReplicates,experimental_design,SingleHuman,GLM,model vs. any human annotator,27,0.5018450184501845
Organism,biological,SingleHuman,GLM,model vs. any human annotator,27,0.22857142857142881
OrganismPart,biological,SingleHuman,GLM,model vs. any human annotator,27,0.4255319148936169
PooledSample,biological,SingleHuman,GLM,model vs. any human annotator,27,0.12093023255813981
PrecursorMassTolerance,technical,SingleHuman,GLM,model vs. any human annotator,27,0.5714285714285714
ReductionReagent,technical,SingleHuman,GLM,model vs. any human annotator,27,0.3493975903614459
SampleTreatment,experimental_design,SingleHuman,GLM,model vs. any human annotator,27,-2.9976021664879274e-15
SamplingTime,experimental_design,SingleHuman,GLM,model vs. any human annotator,27,-0.05882352941176443
Separation,technical,SingleHuman,GLM,model vs. any human annotator,27,0.8363636363636361
Sex,biological,SingleHuman,GLM,model vs. any human annotator,27,0.3349753694581276
Staining,biological,SingleHuman,GLM,model vs. any human annotator,27,-0.017391304347826243
Strain,biological,SingleHuman,GLM,model vs. any human annotator,27,0.547486033519553
SupplementaryFile,technical,SingleHuman,GLM,model vs. any human annotator,27,-0.23236514522821583
Time,experimental_design,SingleHuman,GLM,model vs. any human annotator,27,0.16806722689075623
Treatment,biological,SingleHuman,GLM,model vs. any human annotator,27,-2.9976021664879274e-15
AcquisitionMethod,technical,HarmonizedHuman,Annotator1,HarmonizedHuman vs. any human annotator,9,1.0
Age,biological,HarmonizedHuman,Annotator1,HarmonizedHuman vs. any human annotator,9,0.608695652173913
AlkylationReagent,technical,HarmonizedHuman,Annotator1,HarmonizedHuman vs. any human annotator,9,1.0
CellLine,biological,HarmonizedHuman,Annotator1,HarmonizedHuman vs. any human annotator,9,0.769230769230769
CellType,biological,HarmonizedHuman,Annotator1,HarmonizedHuman vs. any human annotator,9,0.0
Chromatography,technical,HarmonizedHuman,Annotator1,HarmonizedHuman vs. any human annotator,9,0.608695652173913
CleavageAgent,technical,HarmonizedHuman,Annotator1,HarmonizedHuman vs. any human annotator,9,1.0
CollisionEnergy,technical,HarmonizedHuman,Annotator1,HarmonizedHuman vs. any human annotator,9,0.0
Compound,biological,HarmonizedHuman,Annotator1,HarmonizedHuman vs. any human annotator,9,-3.3306690738754706e-16
Disease,biological,HarmonizedHuman,Annotator1,HarmonizedHuman vs. any human annotator,9,0.5263157894736842
EnrichmentMethod,technical,HarmonizedHuman,Annotator1,HarmonizedHuman vs. any human annotator,9,0.769230769230769
FactorValue,experimental_design,HarmonizedHuman,Annotator1,HarmonizedHuman vs. any human annotator,9,0.11764705882352934
FractionIdentifier,experimental_design,HarmonizedHuman,Annotator1,HarmonizedHuman vs. any human annotator,9,1.0
FractionationFraction,experimental_design,HarmonizedHuman,Annotator1,HarmonizedHuman vs. any human annotator,9,0.608695652173913
FractionationMethod,technical,HarmonizedHuman,Annotator1,HarmonizedHuman vs. any human annotator,9,1.0
FragmentMassTolerance,technical,HarmonizedHuman,Annotator1,HarmonizedHuman vs. any human annotator,9,1.0
FragmentationMethod,technical,HarmonizedHuman,Annotator1,HarmonizedHuman vs. any human annotator,9,1.0
GradientTime,technical,HarmonizedHuman,Annotator1,HarmonizedHuman vs. any human annotator,9,-3.3306690738754706e-16
Instrument,technical,HarmonizedHuman,Annotator1,HarmonizedHuman vs. any human annotator,9,
IonizationType,technical,HarmonizedHuman,Annotator1,HarmonizedHuman vs. any human annotator,9,1.0
Label,technical,HarmonizedHuman,Annotator1,HarmonizedHuman vs. any human annotator,9,1.0
MS2MassAnalyzer,technical,HarmonizedHuman,Annotator1,HarmonizedHuman vs. any human annotator,9,0.18181818181818193
Modification,technical,HarmonizedHuman,Annotator1,HarmonizedHuman vs. any human annotator,9,1.0
NumberOfBiologicalReplicates,experimental_design,HarmonizedHuman,Annotator1,HarmonizedHuman vs. any human annotator,9,
NumberOfFractions,experimental_design,HarmonizedHuman,Annotator1,HarmonizedHuman vs. any human annotator,9,0.27027027027027023
NumberOfMissedCleavages,technical,HarmonizedHuman,Annotator1,HarmonizedHuman vs. any human annotator,9,0.7804878048780487
NumberOfSamples,experimental_design,HarmonizedHuman,Annotator1,HarmonizedHuman vs. any human annotator,9,0.3720930232558139
NumberOfTechnicalReplicates,experimental_design,HarmonizedHuman,Annotator1,HarmonizedHuman vs. any human annotator,9,0.608695652173913
Organism,biological,HarmonizedHuman,Annotator1,HarmonizedHuman vs. any human annotator,9,0.0
OrganismPart,biological,HarmonizedHuman,Annotator1,HarmonizedHuman vs. any human annotator,9,0.18181818181818182
PooledSample,biological,HarmonizedHuman,Annotator1,HarmonizedHuman vs. any human annotator,9,
PrecursorMassTolerance,technical,HarmonizedHuman,Annotator1,HarmonizedHuman vs. any human annotator,9,1.0
ReductionReagent,technical,HarmonizedHuman,Annotator1,HarmonizedHuman vs. any human annotator,9,0.7692307692307692
SampleTreatment,experimental_design,HarmonizedHuman,Annotator1,HarmonizedHuman vs. any human annotator,9,0.7272727272727271
SamplingTime,experimental_design,HarmonizedHuman,Annotator1,HarmonizedHuman vs. any human annotator,9,0.0
Separation,technical,HarmonizedHuman,Annotator1,HarmonizedHuman vs. any human annotator,9,0.0
Sex,biological,HarmonizedHuman,Annotator1,HarmonizedHuman vs. any human annotator,9,0.7272727272727271
Staining,biological,HarmonizedHuman,Annotator1,HarmonizedHuman vs. any human annotator,9,0.27027027027027023
Strain,biological,HarmonizedHuman,Annotator1,HarmonizedHuman vs. any human annotator,9,0.0
SupplementaryFile,technical,HarmonizedHuman,Annotator1,HarmonizedHuman vs. any human annotator,9,0.3720930232558139
Time,experimental_design,HarmonizedHuman,Annotator1,HarmonizedHuman vs. any human annotator,9,0.0
Treatment,biological,HarmonizedHuman,Annotator1,HarmonizedHuman vs. any human annotator,9,0.769230769230769
AcquisitionMethod,technical,HarmonizedHuman,Annotator2,HarmonizedHuman vs. any human annotator,11,0.7924528301886792
Age,biological,HarmonizedHuman,Annotator2,HarmonizedHuman vs. any human annotator,11,0.0
AlkylationReagent,technical,HarmonizedHuman,Annotator2,HarmonizedHuman vs. any human annotator,11,1.0
CellLine,biological,HarmonizedHuman,Annotator2,HarmonizedHuman vs. any human annotator,11,0.5600000000000002
CellType,biological,HarmonizedHuman,Annotator2,HarmonizedHuman vs. any human annotator,11,0.6206896551724139
Chromatography,technical,HarmonizedHuman,Annotator2,HarmonizedHuman vs. any human annotator,11,0.0
CleavageAgent,technical,HarmonizedHuman,Annotator2,HarmonizedHuman vs. any human annotator,11,
CollisionEnergy,technical,HarmonizedHuman,Annotator2,HarmonizedHuman vs. any human annotator,11,1.0
Compound,biological,HarmonizedHuman,Annotator2,HarmonizedHuman vs. any human annotator,11,0.0
Disease,biological,HarmonizedHuman,Annotator2,HarmonizedHuman vs. any human annotator,11,1.0
EnrichmentMethod,technical,HarmonizedHuman,Annotator2,HarmonizedHuman vs. any human annotator,11,1.0
FactorValue,experimental_design,HarmonizedHuman,Annotator2,HarmonizedHuman vs. any human annotator,11,0.6206896551724135
FractionIdentifier,experimental_design,HarmonizedHuman,Annotator2,HarmonizedHuman vs. any human annotator,11,6.106226635438359e-16
FractionationFraction,experimental_design,HarmonizedHuman,Annotator2,HarmonizedHuman vs. any human annotator,11,0.297872340425532
FractionationMethod,technical,HarmonizedHuman,Annotator2,HarmonizedHuman vs. any human annotator,11,1.0
FragmentMassTolerance,technical,HarmonizedHuman,Annotator2,HarmonizedHuman vs. any human annotator,11,0.7441860465116279
FragmentationMethod,technical,HarmonizedHuman,Annotator2,HarmonizedHuman vs. any human annotator,11,1.0
GradientTime,technical,HarmonizedHuman,Annotator2,HarmonizedHuman vs. any human annotator,11,0.3125
Instrument,technical,HarmonizedHuman,Annotator2,HarmonizedHuman vs. any human annotator,11,
IonizationType,technical,HarmonizedHuman,Annotator2,HarmonizedHuman vs. any human annotator,11,1.0
Label,technical,HarmonizedHuman,Annotator2,HarmonizedHuman vs. any human annotator,11,1.0
MS2MassAnalyzer,technical,HarmonizedHuman,Annotator2,HarmonizedHuman vs. any human annotator,11,0.35294117647058826
Modification,technical,HarmonizedHuman,Annotator2,HarmonizedHuman vs. any human annotator,11,1.0
NumberOfBiologicalReplicates,experimental_design,HarmonizedHuman,Annotator2,HarmonizedHuman vs. any human annotator,11,0.7924528301886792
NumberOfFractions,experimental_design,HarmonizedHuman,Annotator2,HarmonizedHuman vs. any human annotator,11,0.8196721311475409
NumberOfMissedCleavages,technical,HarmonizedHuman,Annotator2,HarmonizedHuman vs. any human annotator,11,1.0
NumberOfSamples,experimental_design,HarmonizedHuman,Annotator2,HarmonizedHuman vs. any human annotator,11,0.4761904761904763
NumberOfTechnicalReplicates,experimental_design,HarmonizedHuman,Annotator2,HarmonizedHuman vs. any human annotator,11,0.8135593220338982
Organism,biological,HarmonizedHuman,Annotator2,HarmonizedHuman vs. any human annotator,11,
OrganismPart,biological,HarmonizedHuman,Annotator2,HarmonizedHuman vs. any human annotator,11,0.6206896551724139
PooledSample,biological,HarmonizedHuman,Annotator2,HarmonizedHuman vs. any human annotator,11,6.106226635438359e-16
PrecursorMassTolerance,technical,HarmonizedHuman,Annotator2,HarmonizedHuman vs. any human annotator,11,1.0
ReductionReagent,technical,HarmonizedHuman,Annotator2,HarmonizedHuman vs. any human annotator,11,0.6206896551724139
SampleTreatment,experimental_design,HarmonizedHuman,Annotator2,HarmonizedHuman vs. any human annotator,11,6.106226635438359e-16
SamplingTime,experimental_design,HarmonizedHuman,Annotator2,HarmonizedHuman vs. any human annotator,11,6.106226635438359e-16
Separation,technical,HarmonizedHuman,Annotator2,HarmonizedHuman vs. any human annotator,11,
Sex,biological,HarmonizedHuman,Annotator2,HarmonizedHuman vs. any human annotator,11,0.6206896551724138
Staining,biological,HarmonizedHuman,Annotator2,HarmonizedHuman vs. any human annotator,11,6.106226635438359e-16
Strain,biological,HarmonizedHuman,Annotator2,HarmonizedHuman vs. any human annotator,11,0.7441860465116279
SupplementaryFile,technical,HarmonizedHuman,Annotator2,HarmonizedHuman vs. any human annotator,11,0.35294117647058826
Time,experimental_design,HarmonizedHuman,Annotator2,HarmonizedHuman vs. any human annotator,11,0.0
Treatment,biological,HarmonizedHuman,Annotator2,HarmonizedHuman vs. any human annotator,11,0.0
AcquisitionMethod,technical,HarmonizedHuman,Annotator3,HarmonizedHuman vs. any human annotator,10,0.5454545454545456
Age,biological,HarmonizedHuman,Annotator3,HarmonizedHuman vs. any human annotator,10,0.6153846153846153
AlkylationReagent,technical,HarmonizedHuman,Annotator3,HarmonizedHuman vs. any human annotator,10,0.0
CellLine,biological,HarmonizedHuman,Annotator3,HarmonizedHuman vs. any human annotator,10,0.0
CellType,biological,HarmonizedHuman,Annotator3,HarmonizedHuman vs. any human annotator,10,0.1935483870967742
Chromatography,technical,HarmonizedHuman,Annotator3,HarmonizedHuman vs. any human annotator,10,-7.930164461608261e-17
CleavageAgent,technical,HarmonizedHuman,Annotator3,HarmonizedHuman vs. any human annotator,10,0.0
CollisionEnergy,technical,HarmonizedHuman,Annotator3,HarmonizedHuman vs. any human annotator,10,0.5454545454545456
Compound,biological,HarmonizedHuman,Annotator3,HarmonizedHuman vs. any human annotator,10,0.0
Disease,biological,HarmonizedHuman,Annotator3,HarmonizedHuman vs. any human annotator,10,0.13793103448275856
EnrichmentMethod,technical,HarmonizedHuman,Annotator3,HarmonizedHuman vs. any human annotator,10,0.3999999999999999
FactorValue,experimental_design,HarmonizedHuman,Annotator3,HarmonizedHuman vs. any human annotator,10,0.05405405405405403
FractionIdentifier,experimental_design,HarmonizedHuman,Annotator3,HarmonizedHuman vs. any human annotator,10,0.6153846153846153
FractionationFraction,experimental_design,HarmonizedHuman,Annotator3,HarmonizedHuman vs. any human annotator,10,0.6153846153846153
FractionationMethod,technical,HarmonizedHuman,Annotator3,HarmonizedHuman vs. any human annotator,10,1.0
FragmentMassTolerance,technical,HarmonizedHuman,Annotator3,HarmonizedHuman vs. any human annotator,10,0.782608695652174
FragmentationMethod,technical,HarmonizedHuman,Annotator3,HarmonizedHuman vs. any human annotator,10,0.3999999999999999
GradientTime,technical,HarmonizedHuman,Annotator3,HarmonizedHuman vs. any human annotator,10,0.41176470588235303
Instrument,technical,HarmonizedHuman,Annotator3,HarmonizedHuman vs. any human annotator,10,
IonizationType,technical,HarmonizedHuman,Annotator3,HarmonizedHuman vs. any human annotator,10,0.8
Label,technical,HarmonizedHuman,Annotator3,HarmonizedHuman vs. any human annotator,10,1.0
MS2MassAnalyzer,technical,HarmonizedHuman,Annotator3,HarmonizedHuman vs. any human annotator,10,0.13793103448275856
Modification,technical,HarmonizedHuman,Annotator3,HarmonizedHuman vs. any human annotator,10,0.5454545454545456
NumberOfBiologicalReplicates,experimental_design,HarmonizedHuman,Annotator3,HarmonizedHuman vs. any human annotator,10,0.19999999999999996
NumberOfFractions,experimental_design,HarmonizedHuman,Annotator3,HarmonizedHuman vs. any human annotator,10,0.7368421052631581
NumberOfMissedCleavages,technical,HarmonizedHuman,Annotator3,HarmonizedHuman vs. any human annotator,10,0.782608695652174
NumberOfSamples,experimental_design,HarmonizedHuman,Annotator3,HarmonizedHuman vs. any human annotator,10,0.2857142857142855
NumberOfTechnicalReplicates,experimental_design,HarmonizedHuman,Annotator3,HarmonizedHuman vs. any human annotator,10,0.0
Organism,biological,HarmonizedHuman,Annotator3,HarmonizedHuman vs. any human annotator,10,0.5454545454545456
OrganismPart,biological,HarmonizedHuman,Annotator3,HarmonizedHuman vs. any human annotator,10,0.6153846153846155
PooledSample,biological,HarmonizedHuman,Annotator3,HarmonizedHuman vs. any human annotator,10,0.0
PrecursorMassTolerance,technical,HarmonizedHuman,Annotator3,HarmonizedHuman vs. any human annotator,10,0.7368421052631581
ReductionReagent,technical,HarmonizedHuman,Annotator3,HarmonizedHuman vs. any human annotator,10,0.0
SampleTreatment,experimental_design,HarmonizedHuman,Annotator3,HarmonizedHuman vs. any human annotator,10,0.6153846153846153
SamplingTime,experimental_design,HarmonizedHuman,Annotator3,HarmonizedHuman vs. any human annotator,10,0.5454545454545455
Separation,technical,HarmonizedHuman,Annotator3,HarmonizedHuman vs. any human annotator,10,0.0
Sex,biological,HarmonizedHuman,Annotator3,HarmonizedHuman vs. any human annotator,10,0.782608695652174
Staining,biological,HarmonizedHuman,Annotator3,HarmonizedHuman vs. any human annotator,10,0.0
Strain,biological,HarmonizedHuman,Annotator3,HarmonizedHuman vs. any human annotator,10,0.41176470588235303
SupplementaryFile,technical,HarmonizedHuman,Annotator3,HarmonizedHuman vs. any human annotator,10,0.0
Time,experimental_design,HarmonizedHuman,Annotator3,HarmonizedHuman vs. any human annotator,10,3.0839528461809905e-17
Treatment,biological,HarmonizedHuman,Annotator3,HarmonizedHuman vs. any human annotator,10,0.41176470588235303
AcquisitionMethod,technical,HarmonizedHuman,Annotator4,HarmonizedHuman vs. any human annotator,3,1.0
Age,biological,HarmonizedHuman,Annotator4,HarmonizedHuman vs. any human annotator,3,
AlkylationReagent,technical,HarmonizedHuman,Annotator4,HarmonizedHuman vs. any human annotator,3,0.0
CellLine,biological,HarmonizedHuman,Annotator4,HarmonizedHuman vs. any human annotator,3,1.0
CellType,biological,HarmonizedHuman,Annotator4,HarmonizedHuman vs. any human annotator,3,-3.3306690738754706e-16
Chromatography,technical,HarmonizedHuman,Annotator4,HarmonizedHuman vs. any human annotator,3,-8.326672684688674e-17
CleavageAgent,technical,HarmonizedHuman,Annotator4,HarmonizedHuman vs. any human annotator,3,
CollisionEnergy,technical,HarmonizedHuman,Annotator4,HarmonizedHuman vs. any human annotator,3,0.0
Compound,biological,HarmonizedHuman,Annotator4,HarmonizedHuman vs. any human annotator,3,-3.3306690738754706e-16
Disease,biological,HarmonizedHuman,Annotator4,HarmonizedHuman vs. any human annotator,3,1.0
EnrichmentMethod,technical,HarmonizedHuman,Annotator4,HarmonizedHuman vs. any human annotator,3,-8.326672684688674e-17
FactorValue,experimental_design,HarmonizedHuman,Annotator4,HarmonizedHuman vs. any human annotator,3,0.0
FractionIdentifier,experimental_design,HarmonizedHuman,Annotator4,HarmonizedHuman vs. any human annotator,3,-8.326672684688674e-17
FractionationFraction,experimental_design,HarmonizedHuman,Annotator4,HarmonizedHuman vs. any human annotator,3,0.39999999999999986
FractionationMethod,technical,HarmonizedHuman,Annotator4,HarmonizedHuman vs. any human annotator,3,0.0
FragmentMassTolerance,technical,HarmonizedHuman,Annotator4,HarmonizedHuman vs. any human annotator,3,0.0
FragmentationMethod,technical,HarmonizedHuman,Annotator4,HarmonizedHuman vs. any human annotator,3,0.0
GradientTime,technical,HarmonizedHuman,Annotator4,HarmonizedHuman vs. any human annotator,3,0.0
Instrument,technical,HarmonizedHuman,Annotator4,HarmonizedHuman vs. any human annotator,3,0.0
IonizationType,technical,HarmonizedHuman,Annotator4,HarmonizedHuman vs. any human annotator,3,0.39999999999999986
Label,technical,HarmonizedHuman,Annotator4,HarmonizedHuman vs. any human annotator,3,1.0
MS2MassAnalyzer,technical,HarmonizedHuman,Annotator4,HarmonizedHuman vs. any human annotator,3,0.0
Modification,technical,HarmonizedHuman,Annotator4,HarmonizedHuman vs. any human annotator,3,0.0
NumberOfBiologicalReplicates,experimental_design,HarmonizedHuman,Annotator4,HarmonizedHuman vs. any human annotator,3,
NumberOfFractions,experimental_design,HarmonizedHuman,Annotator4,HarmonizedHuman vs. any human annotator,3,0.0
NumberOfMissedCleavages,technical,HarmonizedHuman,Annotator4,HarmonizedHuman vs. any human annotator,3,1.0
NumberOfSamples,experimental_design,HarmonizedHuman,Annotator4,HarmonizedHuman vs. any human annotator,3,-8.326672684688674e-17
NumberOfTechnicalReplicates,experimental_design,HarmonizedHuman,Annotator4,HarmonizedHuman vs. any human annotator,3,-3.3306690738754706e-16
Organism,biological,HarmonizedHuman,Annotator4,HarmonizedHuman vs. any human annotator,3,
OrganismPart,biological,HarmonizedHuman,Annotator4,HarmonizedHuman vs. any human annotator,3,
PooledSample,biological,HarmonizedHuman,Annotator4,HarmonizedHuman vs. any human annotator,3,-8.326672684688674e-17
PrecursorMassTolerance,technical,HarmonizedHuman,Annotator4,HarmonizedHuman vs. any human annotator,3,0.0
ReductionReagent,technical,HarmonizedHuman,Annotator4,HarmonizedHuman vs. any human annotator,3,0.0
SampleTreatment,experimental_design,HarmonizedHuman,Annotator4,HarmonizedHuman vs. any human annotator,3,
SamplingTime,experimental_design,HarmonizedHuman,Annotator4,HarmonizedHuman vs. any human annotator,3,-3.3306690738754706e-16
Separation,technical,HarmonizedHuman,Annotator4,HarmonizedHuman vs. any human annotator,3,0.0
Sex,biological,HarmonizedHuman,Annotator4,HarmonizedHuman vs. any human annotator,3,
Staining,biological,HarmonizedHuman,Annotator4,HarmonizedHuman vs. any human annotator,3,-3.3306690738754706e-16
Strain,biological,HarmonizedHuman,Annotator4,HarmonizedHuman vs. any human annotator,3,0.39999999999999986
SupplementaryFile,technical,HarmonizedHuman,Annotator4,HarmonizedHuman vs. any human annotator,3,
Time,experimental_design,HarmonizedHuman,Annotator4,HarmonizedHuman vs. any human annotator,3,0.0
Treatment,biological,HarmonizedHuman,Annotator4,HarmonizedHuman vs. any human annotator,3,
AcquisitionMethod,technical,HarmonizedHuman,Annotator5,HarmonizedHuman vs. any human annotator,9,0.3720930232558139
Age,biological,HarmonizedHuman,Annotator5,HarmonizedHuman vs. any human annotator,9,1.0
AlkylationReagent,technical,HarmonizedHuman,Annotator5,HarmonizedHuman vs. any human annotator,9,1.0
CellLine,biological,HarmonizedHuman,Annotator5,HarmonizedHuman vs. any human annotator,9,0.0
CellType,biological,HarmonizedHuman,Annotator5,HarmonizedHuman vs. any human annotator,9,0.0
Chromatography,technical,HarmonizedHuman,Annotator5,HarmonizedHuman vs. any human annotator,9,0.7692307692307692
CleavageAgent,technical,HarmonizedHuman,Annotator5,HarmonizedHuman vs. any human annotator,9,1.0
CollisionEnergy,technical,HarmonizedHuman,Annotator5,HarmonizedHuman vs. any human annotator,9,0.0
Compound,biological,HarmonizedHuman,Annotator5,HarmonizedHuman vs. any human annotator,9,0.769230769230769
Disease,biological,HarmonizedHuman,Annotator5,HarmonizedHuman vs. any human annotator,9,1.0
EnrichmentMethod,technical,HarmonizedHuman,Annotator5,HarmonizedHuman vs. any human annotator,9,0.0
FactorValue,experimental_design,HarmonizedHuman,Annotator5,HarmonizedHuman vs. any human annotator,9,0.0
FractionIdentifier,experimental_design,HarmonizedHuman,Annotator5,HarmonizedHuman vs. any human annotator,9,0.0
FractionationFraction,experimental_design,HarmonizedHuman,Annotator5,HarmonizedHuman vs. any human annotator,9,0.0
FractionationMethod,technical,HarmonizedHuman,Annotator5,HarmonizedHuman vs. any human annotator,9,0.5714285714285714
FragmentMassTolerance,technical,HarmonizedHuman,Annotator5,HarmonizedHuman vs. any human annotator,9,0.0
FragmentationMethod,technical,HarmonizedHuman,Annotator5,HarmonizedHuman vs. any human annotator,9,-8.326672684688674e-17
GradientTime,technical,HarmonizedHuman,Annotator5,HarmonizedHuman vs. any human annotator,9,0.5714285714285714
Instrument,technical,HarmonizedHuman,Annotator5,HarmonizedHuman vs. any human annotator,9,
IonizationType,technical,HarmonizedHuman,Annotator5,HarmonizedHuman vs. any human annotator,9,0.5263157894736842
Label,technical,HarmonizedHuman,Annotator5,HarmonizedHuman vs. any human annotator,9,0.7804878048780487
MS2MassAnalyzer,technical,HarmonizedHuman,Annotator5,HarmonizedHuman vs. any human annotator,9,-8.326672684688674e-17
Modification,technical,HarmonizedHuman,Annotator5,HarmonizedHuman vs. any human annotator,9,1.0
NumberOfBiologicalReplicates,experimental_design,HarmonizedHuman,Annotator5,HarmonizedHuman vs. any human annotator,9,1.0
NumberOfFractions,experimental_design,HarmonizedHuman,Annotator5,HarmonizedHuman vs. any human annotator,9,0.25
NumberOfMissedCleavages,technical,HarmonizedHuman,Annotator5,HarmonizedHuman vs. any human annotator,9,0.0
NumberOfSamples,experimental_design,HarmonizedHuman,Annotator5,HarmonizedHuman vs. any human annotator,9,0.7804878048780487
NumberOfTechnicalReplicates,experimental_design,HarmonizedHuman,Annotator5,HarmonizedHuman vs. any human annotator,9,0.0
Organism,biological,HarmonizedHuman,Annotator5,HarmonizedHuman vs. any human annotator,9,0.4
OrganismPart,biological,HarmonizedHuman,Annotator5,HarmonizedHuman vs. any human annotator,9,0.18181818181818182
PooledSample,biological,HarmonizedHuman,Annotator5,HarmonizedHuman vs. any human annotator,9,0.3999999999999998
PrecursorMassTolerance,technical,HarmonizedHuman,Annotator5,HarmonizedHuman vs. any human annotator,9,0.0
ReductionReagent,technical,HarmonizedHuman,Annotator5,HarmonizedHuman vs. any human annotator,9,0.4
SampleTreatment,experimental_design,HarmonizedHuman,Annotator5,HarmonizedHuman vs. any human annotator,9,0.0
SamplingTime,experimental_design,HarmonizedHuman,Annotator5,HarmonizedHuman vs. any human annotator,9,1.0
Separation,technical,HarmonizedHuman,Annotator5,HarmonizedHuman vs. any human annotator,9,-6.245004513516506e-17
Sex,biological,HarmonizedHuman,Annotator5,HarmonizedHuman vs. any human annotator,9,1.0
Staining,biological,HarmonizedHuman,Annotator5,HarmonizedHuman vs. any human annotator,9,0.769230769230769
Strain,biological,HarmonizedHuman,Annotator5,HarmonizedHuman vs. any human annotator,9,0.7272727272727271
SupplementaryFile,technical,HarmonizedHuman,Annotator5,HarmonizedHuman vs. any human annotator,9,0.0
Time,experimental_design,HarmonizedHuman,Annotator5,HarmonizedHuman vs. any human annotator,9,-6.245004513516506e-17
Treatment,biological,HarmonizedHuman,Annotator5,HarmonizedHuman vs. any human annotator,9,0.3999999999999998
AcquisitionMethod,technical,HarmonizedHuman,Annotator6,HarmonizedHuman vs. any human annotator,10,0.7368421052631581
Age,biological,HarmonizedHuman,Annotator6,HarmonizedHuman vs. any human annotator,10,
AlkylationReagent,technical,HarmonizedHuman,Annotator6,HarmonizedHuman vs. any human annotator,10,0.2857142857142855
CellLine,biological,HarmonizedHuman,Annotator6,HarmonizedHuman vs. any human annotator,10,1.0
CellType,biological,HarmonizedHuman,Annotator6,HarmonizedHuman vs. any human annotator,10,0.3999999999999999
Chromatography,technical,HarmonizedHuman,Annotator6,HarmonizedHuman vs. any human annotator,10,0.7368421052631581
CleavageAgent,technical,HarmonizedHuman,Annotator6,HarmonizedHuman vs. any human annotator,10,1.0
CollisionEnergy,technical,HarmonizedHuman,Annotator6,HarmonizedHuman vs. any human annotator,10,0.05405405405405403
Compound,biological,HarmonizedHuman,Annotator6,HarmonizedHuman vs. any human annotator,10,0.0
Disease,biological,HarmonizedHuman,Annotator6,HarmonizedHuman vs. any human annotator,10,1.0
EnrichmentMethod,technical,HarmonizedHuman,Annotator6,HarmonizedHuman vs. any human annotator,10,0.2857142857142855
FactorValue,experimental_design,HarmonizedHuman,Annotator6,HarmonizedHuman vs. any human annotator,10,0.6153846153846153
FractionIdentifier,experimental_design,HarmonizedHuman,Annotator6,HarmonizedHuman vs. any human annotator,10,0.0
FractionationFraction,experimental_design,HarmonizedHuman,Annotator6,HarmonizedHuman vs. any human annotator,10,0.7368421052631581
FractionationMethod,technical,HarmonizedHuman,Annotator6,HarmonizedHuman vs. any human annotator,10,0.09090909090909083
FragmentMassTolerance,technical,HarmonizedHuman,Annotator6,HarmonizedHuman vs. any human annotator,10,0.09090909090909083
FragmentationMethod,technical,HarmonizedHuman,Annotator6,HarmonizedHuman vs. any human annotator,10,0.1935483870967742
GradientTime,technical,HarmonizedHuman,Annotator6,HarmonizedHuman vs. any human annotator,10,0.8
Instrument,technical,HarmonizedHuman,Annotator6,HarmonizedHuman vs. any human annotator,10,
IonizationType,technical,HarmonizedHuman,Annotator6,HarmonizedHuman vs. any human annotator,10,0.41176470588235303
Label,technical,HarmonizedHuman,Annotator6,HarmonizedHuman vs. any human annotator,10,0.4444444444444444
MS2MassAnalyzer,technical,HarmonizedHuman,Annotator6,HarmonizedHuman vs. any human annotator,10,0.6000000000000001
Modification,technical,HarmonizedHuman,Annotator6,HarmonizedHuman vs. any human annotator,10,0.6153846153846153
NumberOfBiologicalReplicates,experimental_design,HarmonizedHuman,Annotator6,HarmonizedHuman vs. any human annotator,10,0.0
NumberOfFractions,experimental_design,HarmonizedHuman,Annotator6,HarmonizedHuman vs. any human annotator,10,0.0
NumberOfMissedCleavages,technical,HarmonizedHuman,Annotator6,HarmonizedHuman vs. any human annotator,10,-7.930164461608261e-17
NumberOfSamples,experimental_design,HarmonizedHuman,Annotator6,HarmonizedHuman vs. any human annotator,10,0.05405405405405403
NumberOfTechnicalReplicates,experimental_design,HarmonizedHuman,Annotator6,HarmonizedHuman vs. any human annotator,10,0.0
Organism,biological,HarmonizedHuman,Annotator6,HarmonizedHuman vs. any human annotator,10,
OrganismPart,biological,HarmonizedHuman,Annotator6,HarmonizedHuman vs. any human annotator,10,0.6153846153846155
PooledSample,biological,HarmonizedHuman,Annotator6,HarmonizedHuman vs. any human annotator,10,0.0
PrecursorMassTolerance,technical,HarmonizedHuman,Annotator6,HarmonizedHuman vs. any human annotator,10,0.6153846153846153
ReductionReagent,technical,HarmonizedHuman,Annotator6,HarmonizedHuman vs. any human annotator,10,0.6153846153846153
SampleTreatment,experimental_design,HarmonizedHuman,Annotator6,HarmonizedHuman vs. any human annotator,10,0.0
SamplingTime,experimental_design,HarmonizedHuman,Annotator6,HarmonizedHuman vs. any human annotator,10,0.0
Separation,technical,HarmonizedHuman,Annotator6,HarmonizedHuman vs. any human annotator,10,0.0
Sex,biological,HarmonizedHuman,Annotator6,HarmonizedHuman vs. any human annotator,10,0.6153846153846153
Staining,biological,HarmonizedHuman,Annotator6,HarmonizedHuman vs. any human annotator,10,0.0
Strain,biological,HarmonizedHuman,Annotator6,HarmonizedHuman vs. any human annotator,10,0.6153846153846153
SupplementaryFile,technical,HarmonizedHuman,Annotator6,HarmonizedHuman vs. any human annotator,10,0.782608695652174
Time,experimental_design,HarmonizedHuman,Annotator6,HarmonizedHuman vs. any human annotator,10,0.024390243902439043
Treatment,biological,HarmonizedHuman,Annotator6,HarmonizedHuman vs. any human annotator,10,0.0
AcquisitionMethod,technical,HarmonizedHuman,Annotator7,HarmonizedHuman vs. any human annotator,9,0.769230769230769
Age,biological,HarmonizedHuman,Annotator7,HarmonizedHuman vs. any human annotator,9,1.0
AlkylationReagent,technical,HarmonizedHuman,Annotator7,HarmonizedHuman vs. any human annotator,9,0.5714285714285714
CellLine,biological,HarmonizedHuman,Annotator7,HarmonizedHuman vs. any human annotator,9,0.3999999999999998
CellType,biological,HarmonizedHuman,Annotator7,HarmonizedHuman vs. any human annotator,9,0.0
Chromatography,technical,HarmonizedHuman,Annotator7,HarmonizedHuman vs. any human annotator,9,0.11764705882352934
CleavageAgent,technical,HarmonizedHuman,Annotator7,HarmonizedHuman vs. any human annotator,9,0.0
CollisionEnergy,technical,HarmonizedHuman,Annotator7,HarmonizedHuman vs. any human annotator,9,0.0
Compound,biological,HarmonizedHuman,Annotator7,HarmonizedHuman vs. any human annotator,9,0.0
Disease,biological,HarmonizedHuman,Annotator7,HarmonizedHuman vs. any human annotator,9,0.7804878048780487
EnrichmentMethod,technical,HarmonizedHuman,Annotator7,HarmonizedHuman vs. any human annotator,9,0.18181818181818193
FactorValue,experimental_design,HarmonizedHuman,Annotator7,HarmonizedHuman vs. any human annotator,9,0.0
FractionIdentifier,experimental_design,HarmonizedHuman,Annotator7,HarmonizedHuman vs. any human annotator,9,0.3999999999999998
FractionationFraction,experimental_design,HarmonizedHuman,Annotator7,HarmonizedHuman vs. any human annotator,9,0.0
FractionationMethod,technical,HarmonizedHuman,Annotator7,HarmonizedHuman vs. any human annotator,9,0.7692307692307692
FragmentMassTolerance,technical,HarmonizedHuman,Annotator7,HarmonizedHuman vs. any human annotator,9,0.0
FragmentationMethod,technical,HarmonizedHuman,Annotator7,HarmonizedHuman vs. any human annotator,9,0.11764705882352934
GradientTime,technical,HarmonizedHuman,Annotator7,HarmonizedHuman vs. any human annotator,9,-8.326672684688674e-17
Instrument,technical,HarmonizedHuman,Annotator7,HarmonizedHuman vs. any human annotator,9,0.0
IonizationType,technical,HarmonizedHuman,Annotator7,HarmonizedHuman vs. any human annotator,9,0.5714285714285714
Label,technical,HarmonizedHuman,Annotator7,HarmonizedHuman vs. any human annotator,9,0.3999999999999998
MS2MassAnalyzer,technical,HarmonizedHuman,Annotator7,HarmonizedHuman vs. any human annotator,9,0.0
Modification,technical,HarmonizedHuman,Annotator7,HarmonizedHuman vs. any human annotator,9,-6.245004513516506e-17
NumberOfBiologicalReplicates,experimental_design,HarmonizedHuman,Annotator7,HarmonizedHuman vs. any human annotator,9,0.0
NumberOfFractions,experimental_design,HarmonizedHuman,Annotator7,HarmonizedHuman vs. any human annotator,9,0.5714285714285714
NumberOfMissedCleavages,technical,HarmonizedHuman,Annotator7,HarmonizedHuman vs. any human annotator,9,0.0
NumberOfSamples,experimental_design,HarmonizedHuman,Annotator7,HarmonizedHuman vs. any human annotator,9,0.7804878048780487
NumberOfTechnicalReplicates,experimental_design,HarmonizedHuman,Annotator7,HarmonizedHuman vs. any human annotator,9,0.0
Organism,biological,HarmonizedHuman,Annotator7,HarmonizedHuman vs. any human annotator,9,0.0
OrganismPart,biological,HarmonizedHuman,Annotator7,HarmonizedHuman vs. any human annotator,9,0.11764705882352934
PooledSample,biological,HarmonizedHuman,Annotator7,HarmonizedHuman vs. any human annotator,9,0.0
PrecursorMassTolerance,technical,HarmonizedHuman,Annotator7,HarmonizedHuman vs. any human annotator,9,0.0
ReductionReagent,technical,HarmonizedHuman,Annotator7,HarmonizedHuman vs. any human annotator,9,0.39999999999999986
SampleTreatment,experimental_design,HarmonizedHuman,Annotator7,HarmonizedHuman vs. any human annotator,9,0.0
SamplingTime,experimental_design,HarmonizedHuman,Annotator7,HarmonizedHuman vs. any human annotator,9,0.0
Separation,technical,HarmonizedHuman,Annotator7,HarmonizedHuman vs. any human annotator,9,0.0
Sex,biological,HarmonizedHuman,Annotator7,HarmonizedHuman vs. any human annotator,9,0.7272727272727271
Staining,biological,HarmonizedHuman,Annotator7,HarmonizedHuman vs. any human annotator,9,0.0
Strain,biological,HarmonizedHuman,Annotator7,HarmonizedHuman vs. any human annotator,9,-3.3306690738754706e-16
SupplementaryFile,technical,HarmonizedHuman,Annotator7,HarmonizedHuman vs. any human annotator,9,0.27027027027027023
Time,experimental_design,HarmonizedHuman,Annotator7,HarmonizedHuman vs. any human annotator,9,-8.326672684688674e-17
Treatment,biological,HarmonizedHuman,Annotator7,HarmonizedHuman vs. any human annotator,9,0.0
AcquisitionMethod,technical,HarmonizedHuman,Annotator8,HarmonizedHuman vs. any human annotator,11,0.8135593220338982
Age,biological,HarmonizedHuman,Annotator8,HarmonizedHuman vs. any human annotator,11,0.6206896551724138
AlkylationReagent,technical,HarmonizedHuman,Annotator8,HarmonizedHuman vs. any human annotator,11,0.6206896551724135
CellLine,biological,HarmonizedHuman,Annotator8,HarmonizedHuman vs. any human annotator,11,0.7924528301886792
CellType,biological,HarmonizedHuman,Annotator8,HarmonizedHuman vs. any human annotator,11,0.24657534246575344
Chromatography,technical,HarmonizedHuman,Annotator8,HarmonizedHuman vs. any human annotator,11,0.0
CleavageAgent,technical,HarmonizedHuman,Annotator8,HarmonizedHuman vs. any human annotator,11,
CollisionEnergy,technical,HarmonizedHuman,Annotator8,HarmonizedHuman vs. any human annotator,11,0.4761904761904763
Compound,biological,HarmonizedHuman,Annotator8,HarmonizedHuman vs. any human annotator,11,0.297872340425532
Disease,biological,HarmonizedHuman,Annotator8,HarmonizedHuman vs. any human annotator,11,0.6451612903225807
EnrichmentMethod,technical,HarmonizedHuman,Annotator8,HarmonizedHuman vs. any human annotator,11,0.8196721311475409
FactorValue,experimental_design,HarmonizedHuman,Annotator8,HarmonizedHuman vs. any human annotator,11,0.297872340425532
FractionIdentifier,experimental_design,HarmonizedHuman,Annotator8,HarmonizedHuman vs. any human annotator,11,0.7441860465116279
FractionationFraction,experimental_design,HarmonizedHuman,Annotator8,HarmonizedHuman vs. any human annotator,11,0.297872340425532
FractionationMethod,technical,HarmonizedHuman,Annotator8,HarmonizedHuman vs. any human annotator,11,0.4210526315789474
FragmentMassTolerance,technical,HarmonizedHuman,Annotator8,HarmonizedHuman vs. any human annotator,11,0.3125
FragmentationMethod,technical,HarmonizedHuman,Annotator8,HarmonizedHuman vs. any human annotator,11,0.6206896551724135
GradientTime,technical,HarmonizedHuman,Annotator8,HarmonizedHuman vs. any human annotator,11,-3.053113317719181e-17
Instrument,technical,HarmonizedHuman,Annotator8,HarmonizedHuman vs. any human annotator,11,
IonizationType,technical,HarmonizedHuman,Annotator8,HarmonizedHuman vs. any human annotator,11,0.7441860465116279
Label,technical,HarmonizedHuman,Annotator8,HarmonizedHuman vs. any human annotator,11,0.8135593220338982
MS2MassAnalyzer,technical,HarmonizedHuman,Annotator8,HarmonizedHuman vs. any human annotator,11,0.6206896551724139
Modification,technical,HarmonizedHuman,Annotator8,HarmonizedHuman vs. any human annotator,11,0.4210526315789474
NumberOfBiologicalReplicates,experimental_design,HarmonizedHuman,Annotator8,HarmonizedHuman vs. any human annotator,11,0.6206896551724138
NumberOfFractions,experimental_design,HarmonizedHuman,Annotator8,HarmonizedHuman vs. any human annotator,11,0.8135593220338982
NumberOfMissedCleavages,technical,HarmonizedHuman,Annotator8,HarmonizedHuman vs. any human annotator,11,0.6206896551724139
NumberOfSamples,experimental_design,HarmonizedHuman,Annotator8,HarmonizedHuman vs. any human annotator,11,0.6206896551724139
NumberOfTechnicalReplicates,experimental_design,HarmonizedHuman,Annotator8,HarmonizedHuman vs. any human annotator,11,0.8135593220338982
Organism,biological,HarmonizedHuman,Annotator8,HarmonizedHuman vs. any human annotator,11,0.297872340425532
OrganismPart,biological,HarmonizedHuman,Annotator8,HarmonizedHuman vs. any human annotator,11,0.8135593220338982
PooledSample,biological,HarmonizedHuman,Annotator8,HarmonizedHuman vs. any human annotator,11,0.5600000000000002
PrecursorMassTolerance,technical,HarmonizedHuman,Annotator8,HarmonizedHuman vs. any human annotator,11,0.297872340425532
ReductionReagent,technical,HarmonizedHuman,Annotator8,HarmonizedHuman vs. any human annotator,11,0.56
SampleTreatment,experimental_design,HarmonizedHuman,Annotator8,HarmonizedHuman vs. any human annotator,11,0.7441860465116279
SamplingTime,experimental_design,HarmonizedHuman,Annotator8,HarmonizedHuman vs. any human annotator,11,0.0
Separation,technical,HarmonizedHuman,Annotator8,HarmonizedHuman vs. any human annotator,11,0.0
Sex,biological,HarmonizedHuman,Annotator8,HarmonizedHuman vs. any human annotator,11,0.42105263157894746
Staining,biological,HarmonizedHuman,Annotator8,HarmonizedHuman vs. any human annotator,11,0.0
Strain,biological,HarmonizedHuman,Annotator8,HarmonizedHuman vs. any human annotator,11,1.0
SupplementaryFile,technical,HarmonizedHuman,Annotator8,HarmonizedHuman vs. any human annotator,11,0.6451612903225807
Time,experimental_design,HarmonizedHuman,Annotator8,HarmonizedHuman vs. any human annotator,11,0.01980198019801977
Treatment,biological,HarmonizedHuman,Annotator8,HarmonizedHuman vs. any human annotator,11,0.7441860465116279
AcquisitionMethod,technical,HarmonizedHuman,Qwen,model vs. any human annotator,27,0.5423728813559322
Age,biological,HarmonizedHuman,Qwen,model vs. any human annotator,27,0.6639004149377592
AlkylationReagent,technical,HarmonizedHuman,Qwen,model vs. any human annotator,27,0.6538461538461539
CellLine,biological,HarmonizedHuman,Qwen,model vs. any human annotator,27,0.46153846153846134
CellType,biological,HarmonizedHuman,Qwen,model vs. any human annotator,27,-1.0705722023171153e-16
Chromatography,technical,HarmonizedHuman,Qwen,model vs. any human annotator,27,-9.367506770274758e-17
CleavageAgent,technical,HarmonizedHuman,Qwen,model vs. any human annotator,27,1.0
CollisionEnergy,technical,HarmonizedHuman,Qwen,model vs. any human annotator,27,0.9189189189189189
Compound,biological,HarmonizedHuman,Qwen,model vs. any human annotator,27,-0.04081632653061233
Disease,biological,HarmonizedHuman,Qwen,model vs. any human annotator,27,0.7065217391304348
EnrichmentMethod,technical,HarmonizedHuman,Qwen,model vs. any human annotator,27,0.7
FactorValue,experimental_design,HarmonizedHuman,Qwen,model vs. any human annotator,27,0.0
FractionIdentifier,experimental_design,HarmonizedHuman,Qwen,model vs. any human annotator,27,0.0
FractionationFraction,experimental_design,HarmonizedHuman,Qwen,model vs. any human annotator,27,0.16740088105726847
FractionationMethod,technical,HarmonizedHuman,Qwen,model vs. any human annotator,27,0.1692307692307693
FragmentMassTolerance,technical,HarmonizedHuman,Qwen,model vs. any human annotator,27,0.9221902017291065
FragmentationMethod,technical,HarmonizedHuman,Qwen,model vs. any human annotator,27,0.8988764044943819
GradientTime,technical,HarmonizedHuman,Qwen,model vs. any human annotator,27,0.5030674846625767
Instrument,technical,HarmonizedHuman,Qwen,model vs. any human annotator,27,
IonizationType,technical,HarmonizedHuman,Qwen,model vs. any human annotator,27,0.3193277310924369
Label,technical,HarmonizedHuman,Qwen,model vs. any human annotator,27,0.3485254691689007
MS2MassAnalyzer,technical,HarmonizedHuman,Qwen,model vs. any human annotator,27,0.185614849187935
Modification,technical,HarmonizedHuman,Qwen,model vs. any human annotator,27,0.7857142857142857
NumberOfBiologicalReplicates,experimental_design,HarmonizedHuman,Qwen,model vs. any human annotator,27,0.4671052631578947
NumberOfFractions,experimental_design,HarmonizedHuman,Qwen,model vs. any human annotator,27,0.5645161290322581
NumberOfMissedCleavages,technical,HarmonizedHuman,Qwen,model vs. any human annotator,27,0.7768595041322313
NumberOfSamples,experimental_design,HarmonizedHuman,Qwen,model vs. any human annotator,27,-0.04081632653061233
NumberOfTechnicalReplicates,experimental_design,HarmonizedHuman,Qwen,model vs. any human annotator,27,0.3999999999999998
Organism,biological,HarmonizedHuman,Qwen,model vs. any human annotator,27,0.45999999999999963
OrganismPart,biological,HarmonizedHuman,Qwen,model vs. any human annotator,27,0.3333333333333333
PooledSample,biological,HarmonizedHuman,Qwen,model vs. any human annotator,27,0.3769230769230771
PrecursorMassTolerance,technical,HarmonizedHuman,Qwen,model vs. any human annotator,27,0.8085106382978723
ReductionReagent,technical,HarmonizedHuman,Qwen,model vs. any human annotator,27,0.6170212765957446
SampleTreatment,experimental_design,HarmonizedHuman,Qwen,model vs. any human annotator,27,-0.1970443349753701
SamplingTime,experimental_design,HarmonizedHuman,Qwen,model vs. any human annotator,27,0.05263157894736887
Separation,technical,HarmonizedHuman,Qwen,model vs. any human annotator,27,0.06896551724137938
Sex,biological,HarmonizedHuman,Qwen,model vs. any human annotator,27,0.696629213483146
Staining,biological,HarmonizedHuman,Qwen,model vs. any human annotator,27,0.13913043478260856
Strain,biological,HarmonizedHuman,Qwen,model vs. any human annotator,27,0.55
SupplementaryFile,technical,HarmonizedHuman,Qwen,model vs. any human annotator,27,0.08988764044943812
Time,experimental_design,HarmonizedHuman,Qwen,model vs. any human annotator,27,0.08695652173913042
Treatment,biological,HarmonizedHuman,Qwen,model vs. any human annotator,27,0.21576763485477168
AcquisitionMethod,technical,HarmonizedHuman,Gemma,model vs. any human annotator,27,0.293193717277487
Age,biological,HarmonizedHuman,Gemma,model vs. any human annotator,27,0.6639004149377592
AlkylationReagent,technical,HarmonizedHuman,Gemma,model vs. any human annotator,27,0.8988764044943819
CellLine,biological,HarmonizedHuman,Gemma,model vs. any human annotator,27,0.7
CellType,biological,HarmonizedHuman,Gemma,model vs. any human annotator,27,0.5597826086956522
Chromatography,technical,HarmonizedHuman,Gemma,model vs. any human annotator,27,-9.367506770274758e-17
CleavageAgent,technical,HarmonizedHuman,Gemma,model vs. any human annotator,27,1.0
CollisionEnergy,technical,HarmonizedHuman,Gemma,model vs. any human annotator,27,1.0
Compound,biological,HarmonizedHuman,Gemma,model vs. any human annotator,27,-0.038461538461538464
Disease,biological,HarmonizedHuman,Gemma,model vs. any human annotator,27,0.7065217391304348
EnrichmentMethod,technical,HarmonizedHuman,Gemma,model vs. any human annotator,27,0.41935483870967744
FactorValue,experimental_design,HarmonizedHuman,Gemma,model vs. any human annotator,27,0.0
FractionIdentifier,experimental_design,HarmonizedHuman,Gemma,model vs. any human annotator,27,0.15624999999999975
FractionationFraction,experimental_design,HarmonizedHuman,Gemma,model vs. any human annotator,27,-0.13445378151260487
FractionationMethod,technical,HarmonizedHuman,Gemma,model vs. any human annotator,27,0.36220472440944884
FragmentMassTolerance,technical,HarmonizedHuman,Gemma,model vs. any human annotator,27,0.7665706051873198
FragmentationMethod,technical,HarmonizedHuman,Gemma,model vs. any human annotator,27,0.8988764044943819
GradientTime,technical,HarmonizedHuman,Gemma,model vs. any human annotator,27,0.34782608695652173
Instrument,technical,HarmonizedHuman,Gemma,model vs. any human annotator,27,
IonizationType,technical,HarmonizedHuman,Gemma,model vs. any human annotator,27,0.3966480446927374
Label,technical,HarmonizedHuman,Gemma,model vs. any human annotator,27,0.41621621621621624
MS2MassAnalyzer,technical,HarmonizedHuman,Gemma,model vs. any human annotator,27,0.3414634146341464
Modification,technical,HarmonizedHuman,Gemma,model vs. any human annotator,27,0.8988764044943819
NumberOfBiologicalReplicates,experimental_design,HarmonizedHuman,Gemma,model vs. any human annotator,27,0.05714285714285689
NumberOfFractions,experimental_design,HarmonizedHuman,Gemma,model vs. any human annotator,27,0.6419098143236074
NumberOfMissedCleavages,technical,HarmonizedHuman,Gemma,model vs. any human annotator,27,0.85
NumberOfSamples,experimental_design,HarmonizedHuman,Gemma,model vs. any human annotator,27,0.15999999999999992
NumberOfTechnicalReplicates,experimental_design,HarmonizedHuman,Gemma,model vs. any human annotator,27,0.3636363636363634
Organism,biological,HarmonizedHuman,Gemma,model vs. any human annotator,27,0.6493506493506489
OrganismPart,biological,HarmonizedHuman,Gemma,model vs. any human annotator,27,0.27027027027027023
PooledSample,biological,HarmonizedHuman,Gemma,model vs. any human annotator,27,0.31932773109243706
PrecursorMassTolerance,technical,HarmonizedHuman,Gemma,model vs. any human annotator,27,0.8085106382978723
ReductionReagent,technical,HarmonizedHuman,Gemma,model vs. any human annotator,27,0.4807692307692307
SampleTreatment,experimental_design,HarmonizedHuman,Gemma,model vs. any human annotator,27,-5.995204332975848e-16
SamplingTime,experimental_design,HarmonizedHuman,Gemma,model vs. any human annotator,27,0.0
Separation,technical,HarmonizedHuman,Gemma,model vs. any human annotator,27,-0.06578947368421002
Sex,biological,HarmonizedHuman,Gemma,model vs. any human annotator,27,0.696629213483146
Staining,biological,HarmonizedHuman,Gemma,model vs. any human annotator,27,0.34501347708894875
Strain,biological,HarmonizedHuman,Gemma,model vs. any human annotator,27,0.7
SupplementaryFile,technical,HarmonizedHuman,Gemma,model vs. any human annotator,27,-2.3058478203753253e-16
Time,experimental_design,HarmonizedHuman,Gemma,model vs. any human annotator,27,0.27027027027027045
Treatment,biological,HarmonizedHuman,Gemma,model vs. any human annotator,27,0.49438202247191015
AcquisitionMethod,technical,HarmonizedHuman,GLM,model vs. any human annotator,27,0.5759162303664922
Age,biological,HarmonizedHuman,GLM,model vs. any human annotator,27,0.6639004149377592
AlkylationReagent,technical,HarmonizedHuman,GLM,model vs. any human annotator,27,0.7857142857142857
CellLine,biological,HarmonizedHuman,GLM,model vs. any human annotator,27,0.42857142857142855
CellType,biological,HarmonizedHuman,GLM,model vs. any human annotator,27,0.06399999999999993
Chromatography,technical,HarmonizedHuman,GLM,model vs. any human annotator,27,-9.367506770274758e-17
CleavageAgent,technical,HarmonizedHuman,GLM,model vs. any human annotator,27,0.6493506493506489
CollisionEnergy,technical,HarmonizedHuman,GLM,model vs. any human annotator,27,0.8333333333333334
Compound,biological,HarmonizedHuman,GLM,model vs. any human annotator,27,-1.0705722023171153e-16
Disease,biological,HarmonizedHuman,GLM,model vs. any human annotator,27,0.41935483870967744
EnrichmentMethod,technical,HarmonizedHuman,GLM,model vs. any human annotator,27,0.7731092436974789
FactorValue,experimental_design,HarmonizedHuman,GLM,model vs. any human annotator,27,0.0
FractionIdentifier,experimental_design,HarmonizedHuman,GLM,model vs. any human annotator,27,0.3478260869565217
FractionationFraction,experimental_design,HarmonizedHuman,GLM,model vs. any human annotator,27,-0.07048458149779764
FractionationMethod,technical,HarmonizedHuman,GLM,model vs. any human annotator,27,0.2968750000000001
FragmentMassTolerance,technical,HarmonizedHuman,GLM,model vs. any human annotator,27,0.9221902017291065
FragmentationMethod,technical,HarmonizedHuman,GLM,model vs. any human annotator,27,0.5714285714285714
GradientTime,technical,HarmonizedHuman,GLM,model vs. any human annotator,27,0.22857142857142854
Instrument,technical,HarmonizedHuman,GLM,model vs. any human annotator,27,
IonizationType,technical,HarmonizedHuman,GLM,model vs. any human annotator,27,0.47353760445682447
Label,technical,HarmonizedHuman,GLM,model vs. any human annotator,27,0.4850136239782016
MS2MassAnalyzer,technical,HarmonizedHuman,GLM,model vs. any human annotator,27,0.07804878048780488
Modification,technical,HarmonizedHuman,GLM,model vs. any human annotator,27,0.7857142857142857
NumberOfBiologicalReplicates,experimental_design,HarmonizedHuman,GLM,model vs. any human annotator,27,0.35494880546075075
NumberOfFractions,experimental_design,HarmonizedHuman,GLM,model vs. any human annotator,27,0.3554376657824933
NumberOfMissedCleavages,technical,HarmonizedHuman,GLM,model vs. any human annotator,27,0.9243697478991596
NumberOfSamples,experimental_design,HarmonizedHuman,GLM,model vs. any human annotator,27,0.08695652173913034
NumberOfTechnicalReplicates,experimental_design,HarmonizedHuman,GLM,model vs. any human annotator,27,0.5714285714285713
Organism,biological,HarmonizedHuman,GLM,model vs. any human annotator,27,0.12093023255813981
OrganismPart,biological,HarmonizedHuman,GLM,model vs. any human annotator,27,0.25
PooledSample,biological,HarmonizedHuman,GLM,model vs. any human annotator,27,0.09243697478991611
PrecursorMassTolerance,technical,HarmonizedHuman,GLM,model vs. any human annotator,27,0.8085106382978723
ReductionReagent,technical,HarmonizedHuman,GLM,model vs. any human annotator,27,0.696629213483146
SampleTreatment,experimental_design,HarmonizedHuman,GLM,model vs. any human annotator,27,-5.995204332975848e-16
SamplingTime,experimental_design,HarmonizedHuman,GLM,model vs. any human annotator,27,-0.06930693069306955
Separation,technical,HarmonizedHuman,GLM,model vs. any human annotator,27,0.36220472440944834
Sex,biological,HarmonizedHuman,GLM,model vs. any human annotator,27,0.3622047244094487
Staining,biological,HarmonizedHuman,GLM,model vs. any human annotator,27,-0.017391304347826243
Strain,biological,HarmonizedHuman,GLM,model vs. any human annotator,27,0.7
SupplementaryFile,technical,HarmonizedHuman,GLM,model vs. any human annotator,27,-0.2067039106145253
Time,experimental_design,HarmonizedHuman,GLM,model vs. any human annotator,27,0.16806722689075623
Treatment,biological,HarmonizedHuman,GLM,model vs. any human annotator,27,0.0
AcquisitionMethod,technical,Annotator1,Annotator2,MultiHuman annotator vs. MultiHuman annotator,2,
Age,biological,Annotator1,Annotator2,MultiHuman annotator vs. MultiHuman annotator,2,
AlkylationReagent,technical,Annotator1,Annotator2,MultiHuman annotator vs. MultiHuman annotator,2,1.0
CellLine,biological,Annotator1,Annotator2,MultiHuman annotator vs. MultiHuman annotator,2,0.0
CellType,biological,Annotator1,Annotator2,MultiHuman annotator vs. MultiHuman annotator,2,
Chromatography,technical,Annotator1,Annotator2,MultiHuman annotator vs. MultiHuman annotator,2,0.0
CleavageAgent,technical,Annotator1,Annotator2,MultiHuman annotator vs. MultiHuman annotator,2,
CollisionEnergy,technical,Annotator1,Annotator2,MultiHuman annotator vs. MultiHuman annotator,2,0.0
Compound,biological,Annotator1,Annotator2,MultiHuman annotator vs. MultiHuman annotator,2,
Disease,biological,Annotator1,Annotator2,MultiHuman annotator vs. MultiHuman annotator,2,1.0
EnrichmentMethod,technical,Annotator1,Annotator2,MultiHuman annotator vs. MultiHuman annotator,2,1.0
FactorValue,experimental_design,Annotator1,Annotator2,MultiHuman annotator vs. MultiHuman annotator,2,0.0
FractionIdentifier,experimental_design,Annotator1,Annotator2,MultiHuman annotator vs. MultiHuman annotator,2,
FractionationFraction,experimental_design,Annotator1,Annotator2,MultiHuman annotator vs. MultiHuman annotator,2,
FractionationMethod,technical,Annotator1,Annotator2,MultiHuman annotator vs. MultiHuman annotator,2,
FragmentMassTolerance,technical,Annotator1,Annotator2,MultiHuman annotator vs. MultiHuman annotator,2,1.0
FragmentationMethod,technical,Annotator1,Annotator2,MultiHuman annotator vs. MultiHuman annotator,2,
GradientTime,technical,Annotator1,Annotator2,MultiHuman annotator vs. MultiHuman annotator,2,
Instrument,technical,Annotator1,Annotator2,MultiHuman annotator vs. MultiHuman annotator,2,
IonizationType,technical,Annotator1,Annotator2,MultiHuman annotator vs. MultiHuman annotator,2,
Label,technical,Annotator1,Annotator2,MultiHuman annotator vs. MultiHuman annotator,2,
MS2MassAnalyzer,technical,Annotator1,Annotator2,MultiHuman annotator vs. MultiHuman annotator,2,1.0
Modification,technical,Annotator1,Annotator2,MultiHuman annotator vs. MultiHuman annotator,2,1.0
NumberOfBiologicalReplicates,experimental_design,Annotator1,Annotator2,MultiHuman annotator vs. MultiHuman annotator,2,
NumberOfFractions,experimental_design,Annotator1,Annotator2,MultiHuman annotator vs. MultiHuman annotator,2,
NumberOfMissedCleavages,technical,Annotator1,Annotator2,MultiHuman annotator vs. MultiHuman annotator,2,1.0
NumberOfSamples,experimental_design,Annotator1,Annotator2,MultiHuman annotator vs. MultiHuman annotator,2,0.0
NumberOfTechnicalReplicates,experimental_design,Annotator1,Annotator2,MultiHuman annotator vs. MultiHuman annotator,2,
Organism,biological,Annotator1,Annotator2,MultiHuman annotator vs. MultiHuman annotator,2,
OrganismPart,biological,Annotator1,Annotator2,MultiHuman annotator vs. MultiHuman annotator,2,0.0
PooledSample,biological,Annotator1,Annotator2,MultiHuman annotator vs. MultiHuman annotator,2,
PrecursorMassTolerance,technical,Annotator1,Annotator2,MultiHuman annotator vs. MultiHuman annotator,2,1.0
ReductionReagent,technical,Annotator1,Annotator2,MultiHuman annotator vs. MultiHuman annotator,2,1.0
SampleTreatment,experimental_design,Annotator1,Annotator2,MultiHuman annotator vs. MultiHuman annotator,2,0.0
SamplingTime,experimental_design,Annotator1,Annotator2,MultiHuman annotator vs. MultiHuman annotator,2,
Separation,technical,Annotator1,Annotator2,MultiHuman annotator vs. MultiHuman annotator,2,
Sex,biological,Annotator1,Annotator2,MultiHuman annotator vs. MultiHuman annotator,2,
Staining,biological,Annotator1,Annotator2,MultiHuman annotator vs. MultiHuman annotator,2,
Strain,biological,Annotator1,Annotator2,MultiHuman annotator vs. MultiHuman annotator,2,
SupplementaryFile,technical,Annotator1,Annotator2,MultiHuman annotator vs. MultiHuman annotator,2,1.0
Time,experimental_design,Annotator1,Annotator2,MultiHuman annotator vs. MultiHuman annotator,2,
Treatment,biological,Annotator1,Annotator2,MultiHuman annotator vs. MultiHuman annotator,2,0.0
AcquisitionMethod,technical,Annotator1,Annotator3,MultiHuman annotator vs. MultiHuman annotator,2,
Age,biological,Annotator1,Annotator3,MultiHuman annotator vs. MultiHuman annotator,2,
AlkylationReagent,technical,Annotator1,Annotator3,MultiHuman annotator vs. MultiHuman annotator,2,0.0
CellLine,biological,Annotator1,Annotator3,MultiHuman annotator vs. MultiHuman annotator,2,
CellType,biological,Annotator1,Annotator3,MultiHuman annotator vs. MultiHuman annotator,2,0.0
Chromatography,technical,Annotator1,Annotator3,MultiHuman annotator vs. MultiHuman annotator,2,0.0
CleavageAgent,technical,Annotator1,Annotator3,MultiHuman annotator vs. MultiHuman annotator,2,0.0
CollisionEnergy,technical,Annotator1,Annotator3,MultiHuman annotator vs. MultiHuman annotator,2,0.0
Compound,biological,Annotator1,Annotator3,MultiHuman annotator vs. MultiHuman annotator,2,
Disease,biological,Annotator1,Annotator3,MultiHuman annotator vs. MultiHuman annotator,2,1.0
EnrichmentMethod,technical,Annotator1,Annotator3,MultiHuman annotator vs. MultiHuman annotator,2,
FactorValue,experimental_design,Annotator1,Annotator3,MultiHuman annotator vs. MultiHuman annotator,2,0.0
FractionIdentifier,experimental_design,Annotator1,Annotator3,MultiHuman annotator vs. MultiHuman annotator,2,0.0
FractionationFraction,experimental_design,Annotator1,Annotator3,MultiHuman annotator vs. MultiHuman annotator,2,
FractionationMethod,technical,Annotator1,Annotator3,MultiHuman annotator vs. MultiHuman annotator,2,1.0
FragmentMassTolerance,technical,Annotator1,Annotator3,MultiHuman annotator vs. MultiHuman annotator,2,
FragmentationMethod,technical,Annotator1,Annotator3,MultiHuman annotator vs. MultiHuman annotator,2,0.0
GradientTime,technical,Annotator1,Annotator3,MultiHuman annotator vs. MultiHuman annotator,2,0.0
Instrument,technical,Annotator1,Annotator3,MultiHuman annotator vs. MultiHuman annotator,2,
IonizationType,technical,Annotator1,Annotator3,MultiHuman annotator vs. MultiHuman annotator,2,1.0
Label,technical,Annotator1,Annotator3,MultiHuman annotator vs. MultiHuman annotator,2,1.0
MS2MassAnalyzer,technical,Annotator1,Annotator3,MultiHuman annotator vs. MultiHuman annotator,2,
Modification,technical,Annotator1,Annotator3,MultiHuman annotator vs. MultiHuman annotator,2,1.0
NumberOfBiologicalReplicates,experimental_design,Annotator1,Annotator3,MultiHuman annotator vs. MultiHuman annotator,2,
NumberOfFractions,experimental_design,Annotator1,Annotator3,MultiHuman annotator vs. MultiHuman annotator,2,0.0
NumberOfMissedCleavages,technical,Annotator1,Annotator3,MultiHuman annotator vs. MultiHuman annotator,2,0.0
NumberOfSamples,experimental_design,Annotator1,Annotator3,MultiHuman annotator vs. MultiHuman annotator,2,1.0
NumberOfTechnicalReplicates,experimental_design,Annotator1,Annotator3,MultiHuman annotator vs. MultiHuman annotator,2,
Organism,biological,Annotator1,Annotator3,MultiHuman annotator vs. MultiHuman annotator,2,0.0
OrganismPart,biological,Annotator1,Annotator3,MultiHuman annotator vs. MultiHuman annotator,2,0.0
PooledSample,biological,Annotator1,Annotator3,MultiHuman annotator vs. MultiHuman annotator,2,
PrecursorMassTolerance,technical,Annotator1,Annotator3,MultiHuman annotator vs. MultiHuman annotator,2,1.0
ReductionReagent,technical,Annotator1,Annotator3,MultiHuman annotator vs. MultiHuman annotator,2,0.0
SampleTreatment,experimental_design,Annotator1,Annotator3,MultiHuman annotator vs. MultiHuman annotator,2,
SamplingTime,experimental_design,Annotator1,Annotator3,MultiHuman annotator vs. MultiHuman annotator,2,
Separation,technical,Annotator1,Annotator3,MultiHuman annotator vs. MultiHuman annotator,2,0.0
Sex,biological,Annotator1,Annotator3,MultiHuman annotator vs. MultiHuman annotator,2,0.0
Staining,biological,Annotator1,Annotator3,MultiHuman annotator vs. MultiHuman annotator,2,
Strain,biological,Annotator1,Annotator3,MultiHuman annotator vs. MultiHuman annotator,2,
SupplementaryFile,technical,Annotator1,Annotator3,MultiHuman annotator vs. MultiHuman annotator,2,
Time,experimental_design,Annotator1,Annotator3,MultiHuman annotator vs. MultiHuman annotator,2,
Treatment,biological,Annotator1,Annotator3,MultiHuman annotator vs. MultiHuman annotator,2,
AcquisitionMethod,technical,Annotator1,Annotator4,MultiHuman annotator vs. MultiHuman annotator,0,
Age,biological,Annotator1,Annotator4,MultiHuman annotator vs. MultiHuman annotator,0,
AlkylationReagent,technical,Annotator1,Annotator4,MultiHuman annotator vs. MultiHuman annotator,0,
CellLine,biological,Annotator1,Annotator4,MultiHuman annotator vs. MultiHuman annotator,0,
CellType,biological,Annotator1,Annotator4,MultiHuman annotator vs. MultiHuman annotator,0,
Chromatography,technical,Annotator1,Annotator4,MultiHuman annotator vs. MultiHuman annotator,0,
CleavageAgent,technical,Annotator1,Annotator4,MultiHuman annotator vs. MultiHuman annotator,0,
CollisionEnergy,technical,Annotator1,Annotator4,MultiHuman annotator vs. MultiHuman annotator,0,
Compound,biological,Annotator1,Annotator4,MultiHuman annotator vs. MultiHuman annotator,0,
Disease,biological,Annotator1,Annotator4,MultiHuman annotator vs. MultiHuman annotator,0,
EnrichmentMethod,technical,Annotator1,Annotator4,MultiHuman annotator vs. MultiHuman annotator,0,
FactorValue,experimental_design,Annotator1,Annotator4,MultiHuman annotator vs. MultiHuman annotator,0,
FractionIdentifier,experimental_design,Annotator1,Annotator4,MultiHuman annotator vs. MultiHuman annotator,0,
FractionationFraction,experimental_design,Annotator1,Annotator4,MultiHuman annotator vs. MultiHuman annotator,0,
FractionationMethod,technical,Annotator1,Annotator4,MultiHuman annotator vs. MultiHuman annotator,0,
FragmentMassTolerance,technical,Annotator1,Annotator4,MultiHuman annotator vs. MultiHuman annotator,0,
FragmentationMethod,technical,Annotator1,Annotator4,MultiHuman annotator vs. MultiHuman annotator,0,
GradientTime,technical,Annotator1,Annotator4,MultiHuman annotator vs. MultiHuman annotator,0,
Instrument,technical,Annotator1,Annotator4,MultiHuman annotator vs. MultiHuman annotator,0,
IonizationType,technical,Annotator1,Annotator4,MultiHuman annotator vs. MultiHuman annotator,0,
Label,technical,Annotator1,Annotator4,MultiHuman annotator vs. MultiHuman annotator,0,
MS2MassAnalyzer,technical,Annotator1,Annotator4,MultiHuman annotator vs. MultiHuman annotator,0,
Modification,technical,Annotator1,Annotator4,MultiHuman annotator vs. MultiHuman annotator,0,
NumberOfBiologicalReplicates,experimental_design,Annotator1,Annotator4,MultiHuman annotator vs. MultiHuman annotator,0,
NumberOfFractions,experimental_design,Annotator1,Annotator4,MultiHuman annotator vs. MultiHuman annotator,0,
NumberOfMissedCleavages,technical,Annotator1,Annotator4,MultiHuman annotator vs. MultiHuman annotator,0,
NumberOfSamples,experimental_design,Annotator1,Annotator4,MultiHuman annotator vs. MultiHuman annotator,0,
NumberOfTechnicalReplicates,experimental_design,Annotator1,Annotator4,MultiHuman annotator vs. MultiHuman annotator,0,
Organism,biological,Annotator1,Annotator4,MultiHuman annotator vs. MultiHuman annotator,0,
OrganismPart,biological,Annotator1,Annotator4,MultiHuman annotator vs. MultiHuman annotator,0,
PooledSample,biological,Annotator1,Annotator4,MultiHuman annotator vs. MultiHuman annotator,0,
PrecursorMassTolerance,technical,Annotator1,Annotator4,MultiHuman annotator vs. MultiHuman annotator,0,
ReductionReagent,technical,Annotator1,Annotator4,MultiHuman annotator vs. MultiHuman annotator,0,
SampleTreatment,experimental_design,Annotator1,Annotator4,MultiHuman annotator vs. MultiHuman annotator,0,
SamplingTime,experimental_design,Annotator1,Annotator4,MultiHuman annotator vs. MultiHuman annotator,0,
Separation,technical,Annotator1,Annotator4,MultiHuman annotator vs. MultiHuman annotator,0,
Sex,biological,Annotator1,Annotator4,MultiHuman annotator vs. MultiHuman annotator,0,
Staining,biological,Annotator1,Annotator4,MultiHuman annotator vs. MultiHuman annotator,0,
Strain,biological,Annotator1,Annotator4,MultiHuman annotator vs. MultiHuman annotator,0,
SupplementaryFile,technical,Annotator1,Annotator4,MultiHuman annotator vs. MultiHuman annotator,0,
Time,experimental_design,Annotator1,Annotator4,MultiHuman annotator vs. MultiHuman annotator,0,
Treatment,biological,Annotator1,Annotator4,MultiHuman annotator vs. MultiHuman annotator,0,
AcquisitionMethod,technical,Annotator1,Annotator5,MultiHuman annotator vs. MultiHuman annotator,4,1.0
Age,biological,Annotator1,Annotator5,MultiHuman annotator vs. MultiHuman annotator,4,0.0
AlkylationReagent,technical,Annotator1,Annotator5,MultiHuman annotator vs. MultiHuman annotator,4,1.0
CellLine,biological,Annotator1,Annotator5,MultiHuman annotator vs. MultiHuman annotator,4,0.0
CellType,biological,Annotator1,Annotator5,MultiHuman annotator vs. MultiHuman annotator,4,
Chromatography,technical,Annotator1,Annotator5,MultiHuman annotator vs. MultiHuman annotator,4,1.0
CleavageAgent,technical,Annotator1,Annotator5,MultiHuman annotator vs. MultiHuman annotator,4,1.0
CollisionEnergy,technical,Annotator1,Annotator5,MultiHuman annotator vs. MultiHuman annotator,4,
Compound,biological,Annotator1,Annotator5,MultiHuman annotator vs. MultiHuman annotator,4,0.0
Disease,biological,Annotator1,Annotator5,MultiHuman annotator vs. MultiHuman annotator,4,0.2
EnrichmentMethod,technical,Annotator1,Annotator5,MultiHuman annotator vs. MultiHuman annotator,4,0.0
FactorValue,experimental_design,Annotator1,Annotator5,MultiHuman annotator vs. MultiHuman annotator,4,1.0
FractionIdentifier,experimental_design,Annotator1,Annotator5,MultiHuman annotator vs. MultiHuman annotator,4,
FractionationFraction,experimental_design,Annotator1,Annotator5,MultiHuman annotator vs. MultiHuman annotator,4,
FractionationMethod,technical,Annotator1,Annotator5,MultiHuman annotator vs. MultiHuman annotator,4,
FragmentMassTolerance,technical,Annotator1,Annotator5,MultiHuman annotator vs. MultiHuman annotator,4,0.0
FragmentationMethod,technical,Annotator1,Annotator5,MultiHuman annotator vs. MultiHuman annotator,4,0.0
GradientTime,technical,Annotator1,Annotator5,MultiHuman annotator vs. MultiHuman annotator,4,0.0
Instrument,technical,Annotator1,Annotator5,MultiHuman annotator vs. MultiHuman annotator,4,
IonizationType,technical,Annotator1,Annotator5,MultiHuman annotator vs. MultiHuman annotator,4,0.5
Label,technical,Annotator1,Annotator5,MultiHuman annotator vs. MultiHuman annotator,4,0.0
MS2MassAnalyzer,technical,Annotator1,Annotator5,MultiHuman annotator vs. MultiHuman annotator,4,
Modification,technical,Annotator1,Annotator5,MultiHuman annotator vs. MultiHuman annotator,4,1.0
NumberOfBiologicalReplicates,experimental_design,Annotator1,Annotator5,MultiHuman annotator vs. MultiHuman annotator,4,
NumberOfFractions,experimental_design,Annotator1,Annotator5,MultiHuman annotator vs. MultiHuman annotator,4,
NumberOfMissedCleavages,technical,Annotator1,Annotator5,MultiHuman annotator vs. MultiHuman annotator,4,0.0
NumberOfSamples,experimental_design,Annotator1,Annotator5,MultiHuman annotator vs. MultiHuman annotator,4,0.0
NumberOfTechnicalReplicates,experimental_design,Annotator1,Annotator5,MultiHuman annotator vs. MultiHuman annotator,4,
Organism,biological,Annotator1,Annotator5,MultiHuman annotator vs. MultiHuman annotator,4,-0.5
OrganismPart,biological,Annotator1,Annotator5,MultiHuman annotator vs. MultiHuman annotator,4,0.0
PooledSample,biological,Annotator1,Annotator5,MultiHuman annotator vs. MultiHuman annotator,4,
PrecursorMassTolerance,technical,Annotator1,Annotator5,MultiHuman annotator vs. MultiHuman annotator,4,0.0
ReductionReagent,technical,Annotator1,Annotator5,MultiHuman annotator vs. MultiHuman annotator,4,1.0
SampleTreatment,experimental_design,Annotator1,Annotator5,MultiHuman annotator vs. MultiHuman annotator,4,0.0
SamplingTime,experimental_design,Annotator1,Annotator5,MultiHuman annotator vs. MultiHuman annotator,4,0.0
Separation,technical,Annotator1,Annotator5,MultiHuman annotator vs. MultiHuman annotator,4,0.0
Sex,biological,Annotator1,Annotator5,MultiHuman annotator vs. MultiHuman annotator,4,0.0
Staining,biological,Annotator1,Annotator5,MultiHuman annotator vs. MultiHuman annotator,4,0.0
Strain,biological,Annotator1,Annotator5,MultiHuman annotator vs. MultiHuman annotator,4,
SupplementaryFile,technical,Annotator1,Annotator5,MultiHuman annotator vs. MultiHuman annotator,4,
Time,experimental_design,Annotator1,Annotator5,MultiHuman annotator vs. MultiHuman annotator,4,
Treatment,biological,Annotator1,Annotator5,MultiHuman annotator vs. MultiHuman annotator,4,0.0
AcquisitionMethod,technical,Annotator1,Annotator6,MultiHuman annotator vs. MultiHuman annotator,4,1.0
Age,biological,Annotator1,Annotator6,MultiHuman annotator vs. MultiHuman annotator,4,
AlkylationReagent,technical,Annotator1,Annotator6,MultiHuman annotator vs. MultiHuman annotator,4,0.5
CellLine,biological,Annotator1,Annotator6,MultiHuman annotator vs. MultiHuman annotator,4,1.0
CellType,biological,Annotator1,Annotator6,MultiHuman annotator vs. MultiHuman annotator,4,0.0
Chromatography,technical,Annotator1,Annotator6,MultiHuman annotator vs. MultiHuman annotator,4,0.5
CleavageAgent,technical,Annotator1,Annotator6,MultiHuman annotator vs. MultiHuman annotator,4,1.0
CollisionEnergy,technical,Annotator1,Annotator6,MultiHuman annotator vs. MultiHuman annotator,4,0.0
Compound,biological,Annotator1,Annotator6,MultiHuman annotator vs. MultiHuman annotator,4,
Disease,biological,Annotator1,Annotator6,MultiHuman annotator vs. MultiHuman annotator,4,1.0
EnrichmentMethod,technical,Annotator1,Annotator6,MultiHuman annotator vs. MultiHuman annotator,4,0.0
FactorValue,experimental_design,Annotator1,Annotator6,MultiHuman annotator vs. MultiHuman annotator,4,0.2
FractionIdentifier,experimental_design,Annotator1,Annotator6,MultiHuman annotator vs. MultiHuman annotator,4,0.0
FractionationFraction,experimental_design,Annotator1,Annotator6,MultiHuman annotator vs. MultiHuman annotator,4,
FractionationMethod,technical,Annotator1,Annotator6,MultiHuman annotator vs. MultiHuman annotator,4,0.0
FragmentMassTolerance,technical,Annotator1,Annotator6,MultiHuman annotator vs. MultiHuman annotator,4,0.0
FragmentationMethod,technical,Annotator1,Annotator6,MultiHuman annotator vs. MultiHuman annotator,4,0.0
GradientTime,technical,Annotator1,Annotator6,MultiHuman annotator vs. MultiHuman annotator,4,0.0
Instrument,technical,Annotator1,Annotator6,MultiHuman annotator vs. MultiHuman annotator,4,
IonizationType,technical,Annotator1,Annotator6,MultiHuman annotator vs. MultiHuman annotator,4,1.0
Label,technical,Annotator1,Annotator6,MultiHuman annotator vs. MultiHuman annotator,4,0.0
MS2MassAnalyzer,technical,Annotator1,Annotator6,MultiHuman annotator vs. MultiHuman annotator,4,
Modification,technical,Annotator1,Annotator6,MultiHuman annotator vs. MultiHuman annotator,4,0.5
NumberOfBiologicalReplicates,experimental_design,Annotator1,Annotator6,MultiHuman annotator vs. MultiHuman annotator,4,
NumberOfFractions,experimental_design,Annotator1,Annotator6,MultiHuman annotator vs. MultiHuman annotator,4,0.0
NumberOfMissedCleavages,technical,Annotator1,Annotator6,MultiHuman annotator vs. MultiHuman annotator,4,0.0
NumberOfSamples,experimental_design,Annotator1,Annotator6,MultiHuman annotator vs. MultiHuman annotator,4,0.0
NumberOfTechnicalReplicates,experimental_design,Annotator1,Annotator6,MultiHuman annotator vs. MultiHuman annotator,4,0.0
Organism,biological,Annotator1,Annotator6,MultiHuman annotator vs. MultiHuman annotator,4,
OrganismPart,biological,Annotator1,Annotator6,MultiHuman annotator vs. MultiHuman annotator,4,1.0
PooledSample,biological,Annotator1,Annotator6,MultiHuman annotator vs. MultiHuman annotator,4,
PrecursorMassTolerance,technical,Annotator1,Annotator6,MultiHuman annotator vs. MultiHuman annotator,4,1.0
ReductionReagent,technical,Annotator1,Annotator6,MultiHuman annotator vs. MultiHuman annotator,4,0.5
SampleTreatment,experimental_design,Annotator1,Annotator6,MultiHuman annotator vs. MultiHuman annotator,4,
SamplingTime,experimental_design,Annotator1,Annotator6,MultiHuman annotator vs. MultiHuman annotator,4,
Separation,technical,Annotator1,Annotator6,MultiHuman annotator vs. MultiHuman annotator,4,0.0
Sex,biological,Annotator1,Annotator6,MultiHuman annotator vs. MultiHuman annotator,4,1.0
Staining,biological,Annotator1,Annotator6,MultiHuman annotator vs. MultiHuman annotator,4,0.0
Strain,biological,Annotator1,Annotator6,MultiHuman annotator vs. MultiHuman annotator,4,
SupplementaryFile,technical,Annotator1,Annotator6,MultiHuman annotator vs. MultiHuman annotator,4,-0.5
Time,experimental_design,Annotator1,Annotator6,MultiHuman annotator vs. MultiHuman annotator,4,
Treatment,biological,Annotator1,Annotator6,MultiHuman annotator vs. MultiHuman annotator,4,0.0
AcquisitionMethod,technical,Annotator1,Annotator7,MultiHuman annotator vs. MultiHuman annotator,4,1.0
Age,biological,Annotator1,Annotator7,MultiHuman annotator vs. MultiHuman annotator,4,1.0
AlkylationReagent,technical,Annotator1,Annotator7,MultiHuman annotator vs. MultiHuman annotator,4,0.0
CellLine,biological,Annotator1,Annotator7,MultiHuman annotator vs. MultiHuman annotator,4,
CellType,biological,Annotator1,Annotator7,MultiHuman annotator vs. MultiHuman annotator,4,
Chromatography,technical,Annotator1,Annotator7,MultiHuman annotator vs. MultiHuman annotator,4,0.0
CleavageAgent,technical,Annotator1,Annotator7,MultiHuman annotator vs. MultiHuman annotator,4,0.0
CollisionEnergy,technical,Annotator1,Annotator7,MultiHuman annotator vs. MultiHuman annotator,4,
Compound,biological,Annotator1,Annotator7,MultiHuman annotator vs. MultiHuman annotator,4,
Disease,biological,Annotator1,Annotator7,MultiHuman annotator vs. MultiHuman annotator,4,1.0
EnrichmentMethod,technical,Annotator1,Annotator7,MultiHuman annotator vs. MultiHuman annotator,4,0.0
FactorValue,experimental_design,Annotator1,Annotator7,MultiHuman annotator vs. MultiHuman annotator,4,0.0
FractionIdentifier,experimental_design,Annotator1,Annotator7,MultiHuman annotator vs. MultiHuman annotator,4,0.0
FractionationFraction,experimental_design,Annotator1,Annotator7,MultiHuman annotator vs. MultiHuman annotator,4,0.0
FractionationMethod,technical,Annotator1,Annotator7,MultiHuman annotator vs. MultiHuman annotator,4,0.5
FragmentMassTolerance,technical,Annotator1,Annotator7,MultiHuman annotator vs. MultiHuman annotator,4,0.0
FragmentationMethod,technical,Annotator1,Annotator7,MultiHuman annotator vs. MultiHuman annotator,4,0.0
GradientTime,technical,Annotator1,Annotator7,MultiHuman annotator vs. MultiHuman annotator,4,
Instrument,technical,Annotator1,Annotator7,MultiHuman annotator vs. MultiHuman annotator,4,0.0
IonizationType,technical,Annotator1,Annotator7,MultiHuman annotator vs. MultiHuman annotator,4,0.0
Label,technical,Annotator1,Annotator7,MultiHuman annotator vs. MultiHuman annotator,4,0.0
MS2MassAnalyzer,technical,Annotator1,Annotator7,MultiHuman annotator vs. MultiHuman annotator,4,0.0
Modification,technical,Annotator1,Annotator7,MultiHuman annotator vs. MultiHuman annotator,4,0.0
NumberOfBiologicalReplicates,experimental_design,Annotator1,Annotator7,MultiHuman annotator vs. MultiHuman annotator,4,
NumberOfFractions,experimental_design,Annotator1,Annotator7,MultiHuman annotator vs. MultiHuman annotator,4,0.0
NumberOfMissedCleavages,technical,Annotator1,Annotator7,MultiHuman annotator vs. MultiHuman annotator,4,0.0
NumberOfSamples,experimental_design,Annotator1,Annotator7,MultiHuman annotator vs. MultiHuman annotator,4,0.5
NumberOfTechnicalReplicates,experimental_design,Annotator1,Annotator7,MultiHuman annotator vs. MultiHuman annotator,4,
Organism,biological,Annotator1,Annotator7,MultiHuman annotator vs. MultiHuman annotator,4,0.2
OrganismPart,biological,Annotator1,Annotator7,MultiHuman annotator vs. MultiHuman annotator,4,0.2
PooledSample,biological,Annotator1,Annotator7,MultiHuman annotator vs. MultiHuman annotator,4,
PrecursorMassTolerance,technical,Annotator1,Annotator7,MultiHuman annotator vs. MultiHuman annotator,4,0.0
ReductionReagent,technical,Annotator1,Annotator7,MultiHuman annotator vs. MultiHuman annotator,4,0.0
SampleTreatment,experimental_design,Annotator1,Annotator7,MultiHuman annotator vs. MultiHuman annotator,4,0.0
SamplingTime,experimental_design,Annotator1,Annotator7,MultiHuman annotator vs. MultiHuman annotator,4,
Separation,technical,Annotator1,Annotator7,MultiHuman annotator vs. MultiHuman annotator,4,-0.3333333333333333
Sex,biological,Annotator1,Annotator7,MultiHuman annotator vs. MultiHuman annotator,4,0.5
Staining,biological,Annotator1,Annotator7,MultiHuman annotator vs. MultiHuman annotator,4,
Strain,biological,Annotator1,Annotator7,MultiHuman annotator vs. MultiHuman annotator,4,
SupplementaryFile,technical,Annotator1,Annotator7,MultiHuman annotator vs. MultiHuman annotator,4,-0.3333333333333333
Time,experimental_design,Annotator1,Annotator7,MultiHuman annotator vs. MultiHuman annotator,4,
Treatment,biological,Annotator1,Annotator7,MultiHuman annotator vs. MultiHuman annotator,4,0.0
AcquisitionMethod,technical,Annotator1,Annotator8,MultiHuman annotator vs. MultiHuman annotator,3,1.0
Age,biological,Annotator1,Annotator8,MultiHuman annotator vs. MultiHuman annotator,3,
AlkylationReagent,technical,Annotator1,Annotator8,MultiHuman annotator vs. MultiHuman annotator,3,0.0
CellLine,biological,Annotator1,Annotator8,MultiHuman annotator vs. MultiHuman annotator,3,1.0
CellType,biological,Annotator1,Annotator8,MultiHuman annotator vs. MultiHuman annotator,3,
Chromatography,technical,Annotator1,Annotator8,MultiHuman annotator vs. MultiHuman annotator,3,0.0
CleavageAgent,technical,Annotator1,Annotator8,MultiHuman annotator vs. MultiHuman annotator,3,
CollisionEnergy,technical,Annotator1,Annotator8,MultiHuman annotator vs. MultiHuman annotator,3,-8.326672684688674e-17
Compound,biological,Annotator1,Annotator8,MultiHuman annotator vs. MultiHuman annotator,3,
Disease,biological,Annotator1,Annotator8,MultiHuman annotator vs. MultiHuman annotator,3,0.39999999999999986
EnrichmentMethod,technical,Annotator1,Annotator8,MultiHuman annotator vs. MultiHuman annotator,3,-3.3306690738754706e-16
FactorValue,experimental_design,Annotator1,Annotator8,MultiHuman annotator vs. MultiHuman annotator,3,1.0
FractionIdentifier,experimental_design,Annotator1,Annotator8,MultiHuman annotator vs. MultiHuman annotator,3,
FractionationFraction,experimental_design,Annotator1,Annotator8,MultiHuman annotator vs. MultiHuman annotator,3,
FractionationMethod,technical,Annotator1,Annotator8,MultiHuman annotator vs. MultiHuman annotator,3,-3.3306690738754706e-16
FragmentMassTolerance,technical,Annotator1,Annotator8,MultiHuman annotator vs. MultiHuman annotator,3,1.0
FragmentationMethod,technical,Annotator1,Annotator8,MultiHuman annotator vs. MultiHuman annotator,3,
GradientTime,technical,Annotator1,Annotator8,MultiHuman annotator vs. MultiHuman annotator,3,
Instrument,technical,Annotator1,Annotator8,MultiHuman annotator vs. MultiHuman annotator,3,
IonizationType,technical,Annotator1,Annotator8,MultiHuman annotator vs. MultiHuman annotator,3,0.0
Label,technical,Annotator1,Annotator8,MultiHuman annotator vs. MultiHuman annotator,3,
MS2MassAnalyzer,technical,Annotator1,Annotator8,MultiHuman annotator vs. MultiHuman annotator,3,-3.3306690738754706e-16
Modification,technical,Annotator1,Annotator8,MultiHuman annotator vs. MultiHuman annotator,3,1.0
NumberOfBiologicalReplicates,experimental_design,Annotator1,Annotator8,MultiHuman annotator vs. MultiHuman annotator,3,
NumberOfFractions,experimental_design,Annotator1,Annotator8,MultiHuman annotator vs. MultiHuman annotator,3,
NumberOfMissedCleavages,technical,Annotator1,Annotator8,MultiHuman annotator vs. MultiHuman annotator,3,1.0
NumberOfSamples,experimental_design,Annotator1,Annotator8,MultiHuman annotator vs. MultiHuman annotator,3,-0.5000000000000001
NumberOfTechnicalReplicates,experimental_design,Annotator1,Annotator8,MultiHuman annotator vs. MultiHuman annotator,3,-3.3306690738754706e-16
Organism,biological,Annotator1,Annotator8,MultiHuman annotator vs. MultiHuman annotator,3,0.0
OrganismPart,biological,Annotator1,Annotator8,MultiHuman annotator vs. MultiHuman annotator,3,-8.326672684688674e-17
PooledSample,biological,Annotator1,Annotator8,MultiHuman annotator vs. MultiHuman annotator,3,
PrecursorMassTolerance,technical,Annotator1,Annotator8,MultiHuman annotator vs. MultiHuman annotator,3,1.0
ReductionReagent,technical,Annotator1,Annotator8,MultiHuman annotator vs. MultiHuman annotator,3,0.0
SampleTreatment,experimental_design,Annotator1,Annotator8,MultiHuman annotator vs. MultiHuman annotator,3,1.0
SamplingTime,experimental_design,Annotator1,Annotator8,MultiHuman annotator vs. MultiHuman annotator,3,
Separation,technical,Annotator1,Annotator8,MultiHuman annotator vs. MultiHuman annotator,3,0.39999999999999986
Sex,biological,Annotator1,Annotator8,MultiHuman annotator vs. MultiHuman annotator,3,
Staining,biological,Annotator1,Annotator8,MultiHuman annotator vs. MultiHuman annotator,3,
Strain,biological,Annotator1,Annotator8,MultiHuman annotator vs. MultiHuman annotator,3,
SupplementaryFile,technical,Annotator1,Annotator8,MultiHuman annotator vs. MultiHuman annotator,3,-3.3306690738754706e-16
Time,experimental_design,Annotator1,Annotator8,MultiHuman annotator vs. MultiHuman annotator,3,
Treatment,biological,Annotator1,Annotator8,MultiHuman annotator vs. MultiHuman annotator,3,1.0
AcquisitionMethod,technical,Annotator1,Qwen,model vs. any human annotator,9,0.769230769230769
Age,biological,Annotator1,Qwen,model vs. any human annotator,9,0.608695652173913
AlkylationReagent,technical,Annotator1,Qwen,model vs. any human annotator,9,0.7692307692307692
CellLine,biological,Annotator1,Qwen,model vs. any human annotator,9,0.5714285714285714
CellType,biological,Annotator1,Qwen,model vs. any human annotator,9,
Chromatography,technical,Annotator1,Qwen,model vs. any human annotator,9,0.0
CleavageAgent,technical,Annotator1,Qwen,model vs. any human annotator,9,1.0
CollisionEnergy,technical,Annotator1,Qwen,model vs. any human annotator,9,0.0
Compound,biological,Annotator1,Qwen,model vs. any human annotator,9,0.0
Disease,biological,Annotator1,Qwen,model vs. any human annotator,9,0.7272727272727271
EnrichmentMethod,technical,Annotator1,Qwen,model vs. any human annotator,9,0.3076923076923075
FactorValue,experimental_design,Annotator1,Qwen,model vs. any human annotator,9,-3.3306690738754706e-16
FractionIdentifier,experimental_design,Annotator1,Qwen,model vs. any human annotator,9,0.0
FractionationFraction,experimental_design,Annotator1,Qwen,model vs. any human annotator,9,0.0
FractionationMethod,technical,Annotator1,Qwen,model vs. any human annotator,9,0.0
FragmentMassTolerance,technical,Annotator1,Qwen,model vs. any human annotator,9,1.0
FragmentationMethod,technical,Annotator1,Qwen,model vs. any human annotator,9,0.7272727272727272
GradientTime,technical,Annotator1,Qwen,model vs. any human annotator,9,0.0
Instrument,technical,Annotator1,Qwen,model vs. any human annotator,9,
IonizationType,technical,Annotator1,Qwen,model vs. any human annotator,9,0.5263157894736842
Label,technical,Annotator1,Qwen,model vs. any human annotator,9,0.0
MS2MassAnalyzer,technical,Annotator1,Qwen,model vs. any human annotator,9,0.0
Modification,technical,Annotator1,Qwen,model vs. any human annotator,9,0.5
NumberOfBiologicalReplicates,experimental_design,Annotator1,Qwen,model vs. any human annotator,9,0.0
NumberOfFractions,experimental_design,Annotator1,Qwen,model vs. any human annotator,9,0.608695652173913
NumberOfMissedCleavages,technical,Annotator1,Qwen,model vs. any human annotator,9,1.0
NumberOfSamples,experimental_design,Annotator1,Qwen,model vs. any human annotator,9,0.35714285714285715
NumberOfTechnicalReplicates,experimental_design,Annotator1,Qwen,model vs. any human annotator,9,0.18181818181818193
Organism,biological,Annotator1,Qwen,model vs. any human annotator,9,0.0
OrganismPart,biological,Annotator1,Qwen,model vs. any human annotator,9,0.14285714285714285
PooledSample,biological,Annotator1,Qwen,model vs. any human annotator,9,
PrecursorMassTolerance,technical,Annotator1,Qwen,model vs. any human annotator,9,1.0
ReductionReagent,technical,Annotator1,Qwen,model vs. any human annotator,9,0.55
SampleTreatment,experimental_design,Annotator1,Qwen,model vs. any human annotator,9,-0.2857142857142857
SamplingTime,experimental_design,Annotator1,Qwen,model vs. any human annotator,9,
Separation,technical,Annotator1,Qwen,model vs. any human annotator,9,-0.3500000000000001
Sex,biological,Annotator1,Qwen,model vs. any human annotator,9,0.7272727272727271
Staining,biological,Annotator1,Qwen,model vs. any human annotator,9,-0.2162162162162162
Strain,biological,Annotator1,Qwen,model vs. any human annotator,9,0.0
SupplementaryFile,technical,Annotator1,Qwen,model vs. any human annotator,9,0.7272727272727271
Time,experimental_design,Annotator1,Qwen,model vs. any human annotator,9,-6.245004513516506e-17
Treatment,biological,Annotator1,Qwen,model vs. any human annotator,9,0.3999999999999998
AcquisitionMethod,technical,Annotator1,Gemma,model vs. any human annotator,9,0.7272727272727271
Age,biological,Annotator1,Gemma,model vs. any human annotator,9,0.608695652173913
AlkylationReagent,technical,Annotator1,Gemma,model vs. any human annotator,9,0.7692307692307692
CellLine,biological,Annotator1,Gemma,model vs. any human annotator,9,0.5714285714285714
CellType,biological,Annotator1,Gemma,model vs. any human annotator,9,-3.3306690738754706e-16
Chromatography,technical,Annotator1,Gemma,model vs. any human annotator,9,0.0
CleavageAgent,technical,Annotator1,Gemma,model vs. any human annotator,9,1.0
CollisionEnergy,technical,Annotator1,Gemma,model vs. any human annotator,9,0.0
Compound,biological,Annotator1,Gemma,model vs. any human annotator,9,0.0
Disease,biological,Annotator1,Gemma,model vs. any human annotator,9,0.7272727272727271
EnrichmentMethod,technical,Annotator1,Gemma,model vs. any human annotator,9,0.5714285714285714
FactorValue,experimental_design,Annotator1,Gemma,model vs. any human annotator,9,-3.3306690738754706e-16
FractionIdentifier,experimental_design,Annotator1,Gemma,model vs. any human annotator,9,0.0
FractionationFraction,experimental_design,Annotator1,Gemma,model vs. any human annotator,9,-0.125
FractionationMethod,technical,Annotator1,Gemma,model vs. any human annotator,9,0.3076923076923075
FragmentMassTolerance,technical,Annotator1,Gemma,model vs. any human annotator,9,0.769230769230769
FragmentationMethod,technical,Annotator1,Gemma,model vs. any human annotator,9,0.7272727272727272
GradientTime,technical,Annotator1,Gemma,model vs. any human annotator,9,0.0
Instrument,technical,Annotator1,Gemma,model vs. any human annotator,9,
IonizationType,technical,Annotator1,Gemma,model vs. any human annotator,9,0.769230769230769
Label,technical,Annotator1,Gemma,model vs. any human annotator,9,-0.17391304347826084
MS2MassAnalyzer,technical,Annotator1,Gemma,model vs. any human annotator,9,1.0
Modification,technical,Annotator1,Gemma,model vs. any human annotator,9,0.7692307692307692
NumberOfBiologicalReplicates,experimental_design,Annotator1,Gemma,model vs. any human annotator,9,-3.3306690738754706e-16
NumberOfFractions,experimental_design,Annotator1,Gemma,model vs. any human annotator,9,0.608695652173913
NumberOfMissedCleavages,technical,Annotator1,Gemma,model vs. any human annotator,9,1.0
NumberOfSamples,experimental_design,Annotator1,Gemma,model vs. any human annotator,9,0.608695652173913
NumberOfTechnicalReplicates,experimental_design,Annotator1,Gemma,model vs. any human annotator,9,-0.125
Organism,biological,Annotator1,Gemma,model vs. any human annotator,9,0.0
OrganismPart,biological,Annotator1,Gemma,model vs. any human annotator,9,0.14285714285714285
PooledSample,biological,Annotator1,Gemma,model vs. any human annotator,9,
PrecursorMassTolerance,technical,Annotator1,Gemma,model vs. any human annotator,9,1.0
ReductionReagent,technical,Annotator1,Gemma,model vs. any human annotator,9,0.55
SampleTreatment,experimental_design,Annotator1,Gemma,model vs. any human annotator,9,0.0
SamplingTime,experimental_design,Annotator1,Gemma,model vs. any human annotator,9,
Separation,technical,Annotator1,Gemma,model vs. any human annotator,9,0.14285714285714285
Sex,biological,Annotator1,Gemma,model vs. any human annotator,9,0.7272727272727271
Staining,biological,Annotator1,Gemma,model vs. any human annotator,9,0.0689655172413793
Strain,biological,Annotator1,Gemma,model vs. any human annotator,9,-3.3306690738754706e-16
SupplementaryFile,technical,Annotator1,Gemma,model vs. any human annotator,9,0.0
Time,experimental_design,Annotator1,Gemma,model vs. any human annotator,9,-6.245004513516506e-17
Treatment,biological,Annotator1,Gemma,model vs. any human annotator,9,0.7272727272727271
AcquisitionMethod,technical,Annotator1,GLM,model vs. any human annotator,9,1.0
Age,biological,Annotator1,GLM,model vs. any human annotator,9,0.608695652173913
AlkylationReagent,technical,Annotator1,GLM,model vs. any human annotator,9,1.0
CellLine,biological,Annotator1,GLM,model vs. any human annotator,9,0.39999999999999986
CellType,biological,Annotator1,GLM,model vs. any human annotator,9,0.0
Chromatography,technical,Annotator1,GLM,model vs. any human annotator,9,0.0
CleavageAgent,technical,Annotator1,GLM,model vs. any human annotator,9,1.0
CollisionEnergy,technical,Annotator1,GLM,model vs. any human annotator,9,0.0
Compound,biological,Annotator1,GLM,model vs. any human annotator,9,0.0
Disease,biological,Annotator1,GLM,model vs. any human annotator,9,0.608695652173913
EnrichmentMethod,technical,Annotator1,GLM,model vs. any human annotator,9,0.3076923076923075
FactorValue,experimental_design,Annotator1,GLM,model vs. any human annotator,9,-3.3306690738754706e-16
FractionIdentifier,experimental_design,Annotator1,GLM,model vs. any human annotator,9,0.0
FractionationFraction,experimental_design,Annotator1,GLM,model vs. any human annotator,9,0.0
FractionationMethod,technical,Annotator1,GLM,model vs. any human annotator,9,0.27027027027027023
FragmentMassTolerance,technical,Annotator1,GLM,model vs. any human annotator,9,1.0
FragmentationMethod,technical,Annotator1,GLM,model vs. any human annotator,9,0.7272727272727272
GradientTime,technical,Annotator1,GLM,model vs. any human annotator,9,0.0
Instrument,technical,Annotator1,GLM,model vs. any human annotator,9,
IonizationType,technical,Annotator1,GLM,model vs. any human annotator,9,1.0
Label,technical,Annotator1,GLM,model vs. any human annotator,9,-0.17391304347826084
MS2MassAnalyzer,technical,Annotator1,GLM,model vs. any human annotator,9,-0.17391304347826084
Modification,technical,Annotator1,GLM,model vs. any human annotator,9,0.5
NumberOfBiologicalReplicates,experimental_design,Annotator1,GLM,model vs. any human annotator,9,0.0
NumberOfFractions,experimental_design,Annotator1,GLM,model vs. any human annotator,9,-0.125
NumberOfMissedCleavages,technical,Annotator1,GLM,model vs. any human annotator,9,0.7804878048780487
NumberOfSamples,experimental_design,Annotator1,GLM,model vs. any human annotator,9,0.7272727272727271
NumberOfTechnicalReplicates,experimental_design,Annotator1,GLM,model vs. any human annotator,9,-0.17391304347826084
Organism,biological,Annotator1,GLM,model vs. any human annotator,9,0.4
OrganismPart,biological,Annotator1,GLM,model vs. any human annotator,9,0.5263157894736842
PooledSample,biological,Annotator1,GLM,model vs. any human annotator,9,
PrecursorMassTolerance,technical,Annotator1,GLM,model vs. any human annotator,9,0.7804878048780487
ReductionReagent,technical,Annotator1,GLM,model vs. any human annotator,9,0.7692307692307692
SampleTreatment,experimental_design,Annotator1,GLM,model vs. any human annotator,9,0.0
SamplingTime,experimental_design,Annotator1,GLM,model vs. any human annotator,9,0.0
Separation,technical,Annotator1,GLM,model vs. any human annotator,9,-0.22727272727272738
Sex,biological,Annotator1,GLM,model vs. any human annotator,9,1.0
Staining,biological,Annotator1,GLM,model vs. any human annotator,9,-0.22727272727272727
Strain,biological,Annotator1,GLM,model vs. any human annotator,9,-3.3306690738754706e-16
SupplementaryFile,technical,Annotator1,GLM,model vs. any human annotator,9,-0.17391304347826084
Time,experimental_design,Annotator1,GLM,model vs. any human annotator,9,-8.326672684688674e-17
Treatment,biological,Annotator1,GLM,model vs. any human annotator,9,-3.3306690738754706e-16
AcquisitionMethod,technical,Annotator2,Annotator3,MultiHuman annotator vs. MultiHuman annotator,2,0.0
Age,biological,Annotator2,Annotator3,MultiHuman annotator vs. MultiHuman annotator,2,
AlkylationReagent,technical,Annotator2,Annotator3,MultiHuman annotator vs. MultiHuman annotator,2,0.0
CellLine,biological,Annotator2,Annotator3,MultiHuman annotator vs. MultiHuman annotator,2,
CellType,biological,Annotator2,Annotator3,MultiHuman annotator vs. MultiHuman annotator,2,
Chromatography,technical,Annotator2,Annotator3,MultiHuman annotator vs. MultiHuman annotator,2,
CleavageAgent,technical,Annotator2,Annotator3,MultiHuman annotator vs. MultiHuman annotator,2,
CollisionEnergy,technical,Annotator2,Annotator3,MultiHuman annotator vs. MultiHuman annotator,2,1.0
Compound,biological,Annotator2,Annotator3,MultiHuman annotator vs. MultiHuman annotator,2,
Disease,biological,Annotator2,Annotator3,MultiHuman annotator vs. MultiHuman annotator,2,
EnrichmentMethod,technical,Annotator2,Annotator3,MultiHuman annotator vs. MultiHuman annotator,2,0.0
FactorValue,experimental_design,Annotator2,Annotator3,MultiHuman annotator vs. MultiHuman annotator,2,0.0
FractionIdentifier,experimental_design,Annotator2,Annotator3,MultiHuman annotator vs. MultiHuman annotator,2,
FractionationFraction,experimental_design,Annotator2,Annotator3,MultiHuman annotator vs. MultiHuman annotator,2,
FractionationMethod,technical,Annotator2,Annotator3,MultiHuman annotator vs. MultiHuman annotator,2,
FragmentMassTolerance,technical,Annotator2,Annotator3,MultiHuman annotator vs. MultiHuman annotator,2,
FragmentationMethod,technical,Annotator2,Annotator3,MultiHuman annotator vs. MultiHuman annotator,2,0.0
GradientTime,technical,Annotator2,Annotator3,MultiHuman annotator vs. MultiHuman annotator,2,0.0
Instrument,technical,Annotator2,Annotator3,MultiHuman annotator vs. MultiHuman annotator,2,
IonizationType,technical,Annotator2,Annotator3,MultiHuman annotator vs. MultiHuman annotator,2,1.0
Label,technical,Annotator2,Annotator3,MultiHuman annotator vs. MultiHuman annotator,2,
MS2MassAnalyzer,technical,Annotator2,Annotator3,MultiHuman annotator vs. MultiHuman annotator,2,
Modification,technical,Annotator2,Annotator3,MultiHuman annotator vs. MultiHuman annotator,2,0.0
NumberOfBiologicalReplicates,experimental_design,Annotator2,Annotator3,MultiHuman annotator vs. MultiHuman annotator,2,0.0
NumberOfFractions,experimental_design,Annotator2,Annotator3,MultiHuman annotator vs. MultiHuman annotator,2,
NumberOfMissedCleavages,technical,Annotator2,Annotator3,MultiHuman annotator vs. MultiHuman annotator,2,1.0
NumberOfSamples,experimental_design,Annotator2,Annotator3,MultiHuman annotator vs. MultiHuman annotator,2,1.0
NumberOfTechnicalReplicates,experimental_design,Annotator2,Annotator3,MultiHuman annotator vs. MultiHuman annotator,2,0.0
Organism,biological,Annotator2,Annotator3,MultiHuman annotator vs. MultiHuman annotator,2,0.0
OrganismPart,biological,Annotator2,Annotator3,MultiHuman annotator vs. MultiHuman annotator,2,0.0
PooledSample,biological,Annotator2,Annotator3,MultiHuman annotator vs. MultiHuman annotator,2,
PrecursorMassTolerance,technical,Annotator2,Annotator3,MultiHuman annotator vs. MultiHuman annotator,2,
ReductionReagent,technical,Annotator2,Annotator3,MultiHuman annotator vs. MultiHuman annotator,2,0.0
SampleTreatment,experimental_design,Annotator2,Annotator3,MultiHuman annotator vs. MultiHuman annotator,2,
SamplingTime,experimental_design,Annotator2,Annotator3,MultiHuman annotator vs. MultiHuman annotator,2,
Separation,technical,Annotator2,Annotator3,MultiHuman annotator vs. MultiHuman annotator,2,
Sex,biological,Annotator2,Annotator3,MultiHuman annotator vs. MultiHuman annotator,2,
Staining,biological,Annotator2,Annotator3,MultiHuman annotator vs. MultiHuman annotator,2,
Strain,biological,Annotator2,Annotator3,MultiHuman annotator vs. MultiHuman annotator,2,
SupplementaryFile,technical,Annotator2,Annotator3,MultiHuman annotator vs. MultiHuman annotator,2,0.0
Time,experimental_design,Annotator2,Annotator3,MultiHuman annotator vs. MultiHuman annotator,2,
Treatment,biological,Annotator2,Annotator3,MultiHuman annotator vs. MultiHuman annotator,2,
AcquisitionMethod,technical,Annotator2,Annotator4,MultiHuman annotator vs. MultiHuman annotator,1,
Age,biological,Annotator2,Annotator4,MultiHuman annotator vs. MultiHuman annotator,1,
AlkylationReagent,technical,Annotator2,Annotator4,MultiHuman annotator vs. MultiHuman annotator,1,0.0
CellLine,biological,Annotator2,Annotator4,MultiHuman annotator vs. MultiHuman annotator,1,
CellType,biological,Annotator2,Annotator4,MultiHuman annotator vs. MultiHuman annotator,1,0.0
Chromatography,technical,Annotator2,Annotator4,MultiHuman annotator vs. MultiHuman annotator,1,
CleavageAgent,technical,Annotator2,Annotator4,MultiHuman annotator vs. MultiHuman annotator,1,
CollisionEnergy,technical,Annotator2,Annotator4,MultiHuman annotator vs. MultiHuman annotator,1,
Compound,biological,Annotator2,Annotator4,MultiHuman annotator vs. MultiHuman annotator,1,
Disease,biological,Annotator2,Annotator4,MultiHuman annotator vs. MultiHuman annotator,1,
EnrichmentMethod,technical,Annotator2,Annotator4,MultiHuman annotator vs. MultiHuman annotator,1,0.0
FactorValue,experimental_design,Annotator2,Annotator4,MultiHuman annotator vs. MultiHuman annotator,1,0.0
FractionIdentifier,experimental_design,Annotator2,Annotator4,MultiHuman annotator vs. MultiHuman annotator,1,
FractionationFraction,experimental_design,Annotator2,Annotator4,MultiHuman annotator vs. MultiHuman annotator,1,
FractionationMethod,technical,Annotator2,Annotator4,MultiHuman annotator vs. MultiHuman annotator,1,0.0
FragmentMassTolerance,technical,Annotator2,Annotator4,MultiHuman annotator vs. MultiHuman annotator,1,0.0
FragmentationMethod,technical,Annotator2,Annotator4,MultiHuman annotator vs. MultiHuman annotator,1,0.0
GradientTime,technical,Annotator2,Annotator4,MultiHuman annotator vs. MultiHuman annotator,1,0.0
Instrument,technical,Annotator2,Annotator4,MultiHuman annotator vs. MultiHuman annotator,1,0.0
IonizationType,technical,Annotator2,Annotator4,MultiHuman annotator vs. MultiHuman annotator,1,
Label,technical,Annotator2,Annotator4,MultiHuman annotator vs. MultiHuman annotator,1,
MS2MassAnalyzer,technical,Annotator2,Annotator4,MultiHuman annotator vs. MultiHuman annotator,1,
Modification,technical,Annotator2,Annotator4,MultiHuman annotator vs. MultiHuman annotator,1,
NumberOfBiologicalReplicates,experimental_design,Annotator2,Annotator4,MultiHuman annotator vs. MultiHuman annotator,1,
NumberOfFractions,experimental_design,Annotator2,Annotator4,MultiHuman annotator vs. MultiHuman annotator,1,0.0
NumberOfMissedCleavages,technical,Annotator2,Annotator4,MultiHuman annotator vs. MultiHuman annotator,1,
NumberOfSamples,experimental_design,Annotator2,Annotator4,MultiHuman annotator vs. MultiHuman annotator,1,0.0
NumberOfTechnicalReplicates,experimental_design,Annotator2,Annotator4,MultiHuman annotator vs. MultiHuman annotator,1,0.0
Organism,biological,Annotator2,Annotator4,MultiHuman annotator vs. MultiHuman annotator,1,
OrganismPart,biological,Annotator2,Annotator4,MultiHuman annotator vs. MultiHuman annotator,1,0.0
PooledSample,biological,Annotator2,Annotator4,MultiHuman annotator vs. MultiHuman annotator,1,
PrecursorMassTolerance,technical,Annotator2,Annotator4,MultiHuman annotator vs. MultiHuman annotator,1,
ReductionReagent,technical,Annotator2,Annotator4,MultiHuman annotator vs. MultiHuman annotator,1,0.0
SampleTreatment,experimental_design,Annotator2,Annotator4,MultiHuman annotator vs. MultiHuman annotator,1,
SamplingTime,experimental_design,Annotator2,Annotator4,MultiHuman annotator vs. MultiHuman annotator,1,
Separation,technical,Annotator2,Annotator4,MultiHuman annotator vs. MultiHuman annotator,1,0.0
Sex,biological,Annotator2,Annotator4,MultiHuman annotator vs. MultiHuman annotator,1,
Staining,biological,Annotator2,Annotator4,MultiHuman annotator vs. MultiHuman annotator,1,
Strain,biological,Annotator2,Annotator4,MultiHuman annotator vs. MultiHuman annotator,1,
SupplementaryFile,technical,Annotator2,Annotator4,MultiHuman annotator vs. MultiHuman annotator,1,
Time,experimental_design,Annotator2,Annotator4,MultiHuman annotator vs. MultiHuman annotator,1,
Treatment,biological,Annotator2,Annotator4,MultiHuman annotator vs. MultiHuman annotator,1,
AcquisitionMethod,technical,Annotator2,Annotator5,MultiHuman annotator vs. MultiHuman annotator,2,0.0
Age,biological,Annotator2,Annotator5,MultiHuman annotator vs. MultiHuman annotator,2,
AlkylationReagent,technical,Annotator2,Annotator5,MultiHuman annotator vs. MultiHuman annotator,2,
CellLine,biological,Annotator2,Annotator5,MultiHuman annotator vs. MultiHuman annotator,2,
CellType,biological,Annotator2,Annotator5,MultiHuman annotator vs. MultiHuman annotator,2,0.0
Chromatography,technical,Annotator2,Annotator5,MultiHuman annotator vs. MultiHuman annotator,2,0.0
CleavageAgent,technical,Annotator2,Annotator5,MultiHuman annotator vs. MultiHuman annotator,2,
CollisionEnergy,technical,Annotator2,Annotator5,MultiHuman annotator vs. MultiHuman annotator,2,0.0
Compound,biological,Annotator2,Annotator5,MultiHuman annotator vs. MultiHuman annotator,2,0.0
Disease,biological,Annotator2,Annotator5,MultiHuman annotator vs. MultiHuman annotator,2,
EnrichmentMethod,technical,Annotator2,Annotator5,MultiHuman annotator vs. MultiHuman annotator,2,0.0
FactorValue,experimental_design,Annotator2,Annotator5,MultiHuman annotator vs. MultiHuman annotator,2,0.0
FractionIdentifier,experimental_design,Annotator2,Annotator5,MultiHuman annotator vs. MultiHuman annotator,2,
FractionationFraction,experimental_design,Annotator2,Annotator5,MultiHuman annotator vs. MultiHuman annotator,2,
FractionationMethod,technical,Annotator2,Annotator5,MultiHuman annotator vs. MultiHuman annotator,2,1.0
FragmentMassTolerance,technical,Annotator2,Annotator5,MultiHuman annotator vs. MultiHuman annotator,2,0.0
FragmentationMethod,technical,Annotator2,Annotator5,MultiHuman annotator vs. MultiHuman annotator,2,0.0
GradientTime,technical,Annotator2,Annotator5,MultiHuman annotator vs. MultiHuman annotator,2,0.0
Instrument,technical,Annotator2,Annotator5,MultiHuman annotator vs. MultiHuman annotator,2,
IonizationType,technical,Annotator2,Annotator5,MultiHuman annotator vs. MultiHuman annotator,2,0.0
Label,technical,Annotator2,Annotator5,MultiHuman annotator vs. MultiHuman annotator,2,1.0
MS2MassAnalyzer,technical,Annotator2,Annotator5,MultiHuman annotator vs. MultiHuman annotator,2,
Modification,technical,Annotator2,Annotator5,MultiHuman annotator vs. MultiHuman annotator,2,
NumberOfBiologicalReplicates,experimental_design,Annotator2,Annotator5,MultiHuman annotator vs. MultiHuman annotator,2,
NumberOfFractions,experimental_design,Annotator2,Annotator5,MultiHuman annotator vs. MultiHuman annotator,2,1.0
NumberOfMissedCleavages,technical,Annotator2,Annotator5,MultiHuman annotator vs. MultiHuman annotator,2,0.0
NumberOfSamples,experimental_design,Annotator2,Annotator5,MultiHuman annotator vs. MultiHuman annotator,2,
NumberOfTechnicalReplicates,experimental_design,Annotator2,Annotator5,MultiHuman annotator vs. MultiHuman annotator,2,0.0
Organism,biological,Annotator2,Annotator5,MultiHuman annotator vs. MultiHuman annotator,2,0.0
OrganismPart,biological,Annotator2,Annotator5,MultiHuman annotator vs. MultiHuman annotator,2,0.0
PooledSample,biological,Annotator2,Annotator5,MultiHuman annotator vs. MultiHuman annotator,2,
PrecursorMassTolerance,technical,Annotator2,Annotator5,MultiHuman annotator vs. MultiHuman annotator,2,0.0
ReductionReagent,technical,Annotator2,Annotator5,MultiHuman annotator vs. MultiHuman annotator,2,
SampleTreatment,experimental_design,Annotator2,Annotator5,MultiHuman annotator vs. MultiHuman annotator,2,
SamplingTime,experimental_design,Annotator2,Annotator5,MultiHuman annotator vs. MultiHuman annotator,2,0.0
Separation,technical,Annotator2,Annotator5,MultiHuman annotator vs. MultiHuman annotator,2,0.0
Sex,biological,Annotator2,Annotator5,MultiHuman annotator vs. MultiHuman annotator,2,
Staining,biological,Annotator2,Annotator5,MultiHuman annotator vs. MultiHuman annotator,2,0.0
Strain,biological,Annotator2,Annotator5,MultiHuman annotator vs. MultiHuman annotator,2,
SupplementaryFile,technical,Annotator2,Annotator5,MultiHuman annotator vs. MultiHuman annotator,2,
Time,experimental_design,Annotator2,Annotator5,MultiHuman annotator vs. MultiHuman annotator,2,
Treatment,biological,Annotator2,Annotator5,MultiHuman annotator vs. MultiHuman annotator,2,
AcquisitionMethod,technical,Annotator2,Annotator6,MultiHuman annotator vs. MultiHuman annotator,4,0.0
Age,biological,Annotator2,Annotator6,MultiHuman annotator vs. MultiHuman annotator,4,
AlkylationReagent,technical,Annotator2,Annotator6,MultiHuman annotator vs. MultiHuman annotator,4,0.0
CellLine,biological,Annotator2,Annotator6,MultiHuman annotator vs. MultiHuman annotator,4,0.5
CellType,biological,Annotator2,Annotator6,MultiHuman annotator vs. MultiHuman annotator,4,0.0
Chromatography,technical,Annotator2,Annotator6,MultiHuman annotator vs. MultiHuman annotator,4,0.0
CleavageAgent,technical,Annotator2,Annotator6,MultiHuman annotator vs. MultiHuman annotator,4,
CollisionEnergy,technical,Annotator2,Annotator6,MultiHuman annotator vs. MultiHuman annotator,4,0.0
Compound,biological,Annotator2,Annotator6,MultiHuman annotator vs. MultiHuman annotator,4,
Disease,biological,Annotator2,Annotator6,MultiHuman annotator vs. MultiHuman annotator,4,1.0
EnrichmentMethod,technical,Annotator2,Annotator6,MultiHuman annotator vs. MultiHuman annotator,4,0.0
FactorValue,experimental_design,Annotator2,Annotator6,MultiHuman annotator vs. MultiHuman annotator,4,1.0
FractionIdentifier,experimental_design,Annotator2,Annotator6,MultiHuman annotator vs. MultiHuman annotator,4,
FractionationFraction,experimental_design,Annotator2,Annotator6,MultiHuman annotator vs. MultiHuman annotator,4,0.0
FractionationMethod,technical,Annotator2,Annotator6,MultiHuman annotator vs. MultiHuman annotator,4,0.5
FragmentMassTolerance,technical,Annotator2,Annotator6,MultiHuman annotator vs. MultiHuman annotator,4,0.0
FragmentationMethod,technical,Annotator2,Annotator6,MultiHuman annotator vs. MultiHuman annotator,4,0.5
GradientTime,technical,Annotator2,Annotator6,MultiHuman annotator vs. MultiHuman annotator,4,1.0
Instrument,technical,Annotator2,Annotator6,MultiHuman annotator vs. MultiHuman annotator,4,
IonizationType,technical,Annotator2,Annotator6,MultiHuman annotator vs. MultiHuman annotator,4,0.0
Label,technical,Annotator2,Annotator6,MultiHuman annotator vs. MultiHuman annotator,4,0.5
MS2MassAnalyzer,technical,Annotator2,Annotator6,MultiHuman annotator vs. MultiHuman annotator,4,0.0
Modification,technical,Annotator2,Annotator6,MultiHuman annotator vs. MultiHuman annotator,4,
NumberOfBiologicalReplicates,experimental_design,Annotator2,Annotator6,MultiHuman annotator vs. MultiHuman annotator,4,0.0
NumberOfFractions,experimental_design,Annotator2,Annotator6,MultiHuman annotator vs. MultiHuman annotator,4,0.0
NumberOfMissedCleavages,technical,Annotator2,Annotator6,MultiHuman annotator vs. MultiHuman annotator,4,0.0
NumberOfSamples,experimental_design,Annotator2,Annotator6,MultiHuman annotator vs. MultiHuman annotator,4,-0.3333333333333333
NumberOfTechnicalReplicates,experimental_design,Annotator2,Annotator6,MultiHuman annotator vs. MultiHuman annotator,4,0.0
Organism,biological,Annotator2,Annotator6,MultiHuman annotator vs. MultiHuman annotator,4,
OrganismPart,biological,Annotator2,Annotator6,MultiHuman annotator vs. MultiHuman annotator,4,1.0
PooledSample,biological,Annotator2,Annotator6,MultiHuman annotator vs. MultiHuman annotator,4,
PrecursorMassTolerance,technical,Annotator2,Annotator6,MultiHuman annotator vs. MultiHuman annotator,4,
ReductionReagent,technical,Annotator2,Annotator6,MultiHuman annotator vs. MultiHuman annotator,4,0.0
SampleTreatment,experimental_design,Annotator2,Annotator6,MultiHuman annotator vs. MultiHuman annotator,4,
SamplingTime,experimental_design,Annotator2,Annotator6,MultiHuman annotator vs. MultiHuman annotator,4,
Separation,technical,Annotator2,Annotator6,MultiHuman annotator vs. MultiHuman annotator,4,0.0
Sex,biological,Annotator2,Annotator6,MultiHuman annotator vs. MultiHuman annotator,4,
Staining,biological,Annotator2,Annotator6,MultiHuman annotator vs. MultiHuman annotator,4,
Strain,biological,Annotator2,Annotator6,MultiHuman annotator vs. MultiHuman annotator,4,
SupplementaryFile,technical,Annotator2,Annotator6,MultiHuman annotator vs. MultiHuman annotator,4,0.0
Time,experimental_design,Annotator2,Annotator6,MultiHuman annotator vs. MultiHuman annotator,4,0.0
Treatment,biological,Annotator2,Annotator6,MultiHuman annotator vs. MultiHuman annotator,4,
AcquisitionMethod,technical,Annotator2,Annotator7,MultiHuman annotator vs. MultiHuman annotator,4,1.0
Age,biological,Annotator2,Annotator7,MultiHuman annotator vs. MultiHuman annotator,4,
AlkylationReagent,technical,Annotator2,Annotator7,MultiHuman annotator vs. MultiHuman annotator,4,1.0
CellLine,biological,Annotator2,Annotator7,MultiHuman annotator vs. MultiHuman annotator,4,0.0
CellType,biological,Annotator2,Annotator7,MultiHuman annotator vs. MultiHuman annotator,4,0.0
Chromatography,technical,Annotator2,Annotator7,MultiHuman annotator vs. MultiHuman annotator,4,
CleavageAgent,technical,Annotator2,Annotator7,MultiHuman annotator vs. MultiHuman annotator,4,0.0
CollisionEnergy,technical,Annotator2,Annotator7,MultiHuman annotator vs. MultiHuman annotator,4,0.0
Compound,biological,Annotator2,Annotator7,MultiHuman annotator vs. MultiHuman annotator,4,
Disease,biological,Annotator2,Annotator7,MultiHuman annotator vs. MultiHuman annotator,4,1.0
EnrichmentMethod,technical,Annotator2,Annotator7,MultiHuman annotator vs. MultiHuman annotator,4,0.0
FactorValue,experimental_design,Annotator2,Annotator7,MultiHuman annotator vs. MultiHuman annotator,4,0.0
FractionIdentifier,experimental_design,Annotator2,Annotator7,MultiHuman annotator vs. MultiHuman annotator,4,
FractionationFraction,experimental_design,Annotator2,Annotator7,MultiHuman annotator vs. MultiHuman annotator,4,
FractionationMethod,technical,Annotator2,Annotator7,MultiHuman annotator vs. MultiHuman annotator,4,1.0
FragmentMassTolerance,technical,Annotator2,Annotator7,MultiHuman annotator vs. MultiHuman annotator,4,0.0
FragmentationMethod,technical,Annotator2,Annotator7,MultiHuman annotator vs. MultiHuman annotator,4,0.5
GradientTime,technical,Annotator2,Annotator7,MultiHuman annotator vs. MultiHuman annotator,4,0.0
Instrument,technical,Annotator2,Annotator7,MultiHuman annotator vs. MultiHuman annotator,4,0.0
IonizationType,technical,Annotator2,Annotator7,MultiHuman annotator vs. MultiHuman annotator,4,0.0
Label,technical,Annotator2,Annotator7,MultiHuman annotator vs. MultiHuman annotator,4,0.5
MS2MassAnalyzer,technical,Annotator2,Annotator7,MultiHuman annotator vs. MultiHuman annotator,4,0.0
Modification,technical,Annotator2,Annotator7,MultiHuman annotator vs. MultiHuman annotator,4,0.0
NumberOfBiologicalReplicates,experimental_design,Annotator2,Annotator7,MultiHuman annotator vs. MultiHuman annotator,4,0.0
NumberOfFractions,experimental_design,Annotator2,Annotator7,MultiHuman annotator vs. MultiHuman annotator,4,1.0
NumberOfMissedCleavages,technical,Annotator2,Annotator7,MultiHuman annotator vs. MultiHuman annotator,4,0.0
NumberOfSamples,experimental_design,Annotator2,Annotator7,MultiHuman annotator vs. MultiHuman annotator,4,0.5
NumberOfTechnicalReplicates,experimental_design,Annotator2,Annotator7,MultiHuman annotator vs. MultiHuman annotator,4,0.0
Organism,biological,Annotator2,Annotator7,MultiHuman annotator vs. MultiHuman annotator,4,0.0
OrganismPart,biological,Annotator2,Annotator7,MultiHuman annotator vs. MultiHuman annotator,4,0.2
PooledSample,biological,Annotator2,Annotator7,MultiHuman annotator vs. MultiHuman annotator,4,
PrecursorMassTolerance,technical,Annotator2,Annotator7,MultiHuman annotator vs. MultiHuman annotator,4,0.0
ReductionReagent,technical,Annotator2,Annotator7,MultiHuman annotator vs. MultiHuman annotator,4,1.0
SampleTreatment,experimental_design,Annotator2,Annotator7,MultiHuman annotator vs. MultiHuman annotator,4,
SamplingTime,experimental_design,Annotator2,Annotator7,MultiHuman annotator vs. MultiHuman annotator,4,
Separation,technical,Annotator2,Annotator7,MultiHuman annotator vs. MultiHuman annotator,4,0.0
Sex,biological,Annotator2,Annotator7,MultiHuman annotator vs. MultiHuman annotator,4,0.0
Staining,biological,Annotator2,Annotator7,MultiHuman annotator vs. MultiHuman annotator,4,
Strain,biological,Annotator2,Annotator7,MultiHuman annotator vs. MultiHuman annotator,4,
SupplementaryFile,technical,Annotator2,Annotator7,MultiHuman annotator vs. MultiHuman annotator,4,0.0
Time,experimental_design,Annotator2,Annotator7,MultiHuman annotator vs. MultiHuman annotator,4,
Treatment,biological,Annotator2,Annotator7,MultiHuman annotator vs. MultiHuman annotator,4,
AcquisitionMethod,technical,Annotator2,Annotator8,MultiHuman annotator vs. MultiHuman annotator,5,0.6153846153846155
Age,biological,Annotator2,Annotator8,MultiHuman annotator vs. MultiHuman annotator,5,0.0
AlkylationReagent,technical,Annotator2,Annotator8,MultiHuman annotator vs. MultiHuman annotator,5,1.0
CellLine,biological,Annotator2,Annotator8,MultiHuman annotator vs. MultiHuman annotator,5,0.0
CellType,biological,Annotator2,Annotator8,MultiHuman annotator vs. MultiHuman annotator,5,0.5454545454545455
Chromatography,technical,Annotator2,Annotator8,MultiHuman annotator vs. MultiHuman annotator,5,
CleavageAgent,technical,Annotator2,Annotator8,MultiHuman annotator vs. MultiHuman annotator,5,
CollisionEnergy,technical,Annotator2,Annotator8,MultiHuman annotator vs. MultiHuman annotator,5,0.6153846153846155
Compound,biological,Annotator2,Annotator8,MultiHuman annotator vs. MultiHuman annotator,5,
Disease,biological,Annotator2,Annotator8,MultiHuman annotator vs. MultiHuman annotator,5,1.0
EnrichmentMethod,technical,Annotator2,Annotator8,MultiHuman annotator vs. MultiHuman annotator,5,0.6153846153846155
FactorValue,experimental_design,Annotator2,Annotator8,MultiHuman annotator vs. MultiHuman annotator,5,-0.3636363636363634
FractionIdentifier,experimental_design,Annotator2,Annotator8,MultiHuman annotator vs. MultiHuman annotator,5,0.0
FractionationFraction,experimental_design,Annotator2,Annotator8,MultiHuman annotator vs. MultiHuman annotator,5,-0.2500000000000007
FractionationMethod,technical,Annotator2,Annotator8,MultiHuman annotator vs. MultiHuman annotator,5,0.5454545454545455
FragmentMassTolerance,technical,Annotator2,Annotator8,MultiHuman annotator vs. MultiHuman annotator,5,0.2857142857142856
FragmentationMethod,technical,Annotator2,Annotator8,MultiHuman annotator vs. MultiHuman annotator,5,0.0
GradientTime,technical,Annotator2,Annotator8,MultiHuman annotator vs. MultiHuman annotator,5,0.0
Instrument,technical,Annotator2,Annotator8,MultiHuman annotator vs. MultiHuman annotator,5,
IonizationType,technical,Annotator2,Annotator8,MultiHuman annotator vs. MultiHuman annotator,5,0.5454545454545456
Label,technical,Annotator2,Annotator8,MultiHuman annotator vs. MultiHuman annotator,5,0.5454545454545455
MS2MassAnalyzer,technical,Annotator2,Annotator8,MultiHuman annotator vs. MultiHuman annotator,5,0.5454545454545456
Modification,technical,Annotator2,Annotator8,MultiHuman annotator vs. MultiHuman annotator,5,0.2857142857142856
NumberOfBiologicalReplicates,experimental_design,Annotator2,Annotator8,MultiHuman annotator vs. MultiHuman annotator,5,0.0
NumberOfFractions,experimental_design,Annotator2,Annotator8,MultiHuman annotator vs. MultiHuman annotator,5,0.6153846153846155
NumberOfMissedCleavages,technical,Annotator2,Annotator8,MultiHuman annotator vs. MultiHuman annotator,5,0.2857142857142856
NumberOfSamples,experimental_design,Annotator2,Annotator8,MultiHuman annotator vs. MultiHuman annotator,5,1.0
NumberOfTechnicalReplicates,experimental_design,Annotator2,Annotator8,MultiHuman annotator vs. MultiHuman annotator,5,0.5454545454545455
Organism,biological,Annotator2,Annotator8,MultiHuman annotator vs. MultiHuman annotator,5,0.0
OrganismPart,biological,Annotator2,Annotator8,MultiHuman annotator vs. MultiHuman annotator,5,0.1666666666666666
PooledSample,biological,Annotator2,Annotator8,MultiHuman annotator vs. MultiHuman annotator,5,
PrecursorMassTolerance,technical,Annotator2,Annotator8,MultiHuman annotator vs. MultiHuman annotator,5,0.0
ReductionReagent,technical,Annotator2,Annotator8,MultiHuman annotator vs. MultiHuman annotator,5,1.0
SampleTreatment,experimental_design,Annotator2,Annotator8,MultiHuman annotator vs. MultiHuman annotator,5,0.0
SamplingTime,experimental_design,Annotator2,Annotator8,MultiHuman annotator vs. MultiHuman annotator,5,
Separation,technical,Annotator2,Annotator8,MultiHuman annotator vs. MultiHuman annotator,5,0.0
Sex,biological,Annotator2,Annotator8,MultiHuman annotator vs. MultiHuman annotator,5,1.0
Staining,biological,Annotator2,Annotator8,MultiHuman annotator vs. MultiHuman annotator,5,
Strain,biological,Annotator2,Annotator8,MultiHuman annotator vs. MultiHuman annotator,5,1.0
SupplementaryFile,technical,Annotator2,Annotator8,MultiHuman annotator vs. MultiHuman annotator,5,0.1666666666666666
Time,experimental_design,Annotator2,Annotator8,MultiHuman annotator vs. MultiHuman annotator,5,
Treatment,biological,Annotator2,Annotator8,MultiHuman annotator vs. MultiHuman annotator,5,0.0
AcquisitionMethod,technical,Annotator2,Qwen,model vs. any human annotator,11,0.440677966101695
Age,biological,Annotator2,Qwen,model vs. any human annotator,11,0.0
AlkylationReagent,technical,Annotator2,Qwen,model vs. any human annotator,11,0.56
CellLine,biological,Annotator2,Qwen,model vs. any human annotator,11,0.0350877192982455
CellType,biological,Annotator2,Qwen,model vs. any human annotator,11,0.0
Chromatography,technical,Annotator2,Qwen,model vs. any human annotator,11,
CleavageAgent,technical,Annotator2,Qwen,model vs. any human annotator,11,
CollisionEnergy,technical,Annotator2,Qwen,model vs. any human annotator,11,1.0
Compound,biological,Annotator2,Qwen,model vs. any human annotator,11,-3.053113317719181e-17
Disease,biological,Annotator2,Qwen,model vs. any human annotator,11,0.8196721311475409
EnrichmentMethod,technical,Annotator2,Qwen,model vs. any human annotator,11,0.6333333333333334
FactorValue,experimental_design,Annotator2,Qwen,model vs. any human annotator,11,6.784696261598178e-17
FractionIdentifier,experimental_design,Annotator2,Qwen,model vs. any human annotator,11,
FractionationFraction,experimental_design,Annotator2,Qwen,model vs. any human annotator,11,1.0
FractionationMethod,technical,Annotator2,Qwen,model vs. any human annotator,11,0.6206896551724139
FragmentMassTolerance,technical,Annotator2,Qwen,model vs. any human annotator,11,0.5416666666666669
FragmentationMethod,technical,Annotator2,Qwen,model vs. any human annotator,11,1.0
GradientTime,technical,Annotator2,Qwen,model vs. any human annotator,11,0.29032258064516137
Instrument,technical,Annotator2,Qwen,model vs. any human annotator,11,
IonizationType,technical,Annotator2,Qwen,model vs. any human annotator,11,0.35294117647058826
Label,technical,Annotator2,Qwen,model vs. any human annotator,11,0.3125
MS2MassAnalyzer,technical,Annotator2,Qwen,model vs. any human annotator,11,0.5600000000000002
Modification,technical,Annotator2,Qwen,model vs. any human annotator,11,1.0
NumberOfBiologicalReplicates,experimental_design,Annotator2,Qwen,model vs. any human annotator,11,0.08333333333333333
NumberOfFractions,experimental_design,Annotator2,Qwen,model vs. any human annotator,11,0.8196721311475409
NumberOfMissedCleavages,technical,Annotator2,Qwen,model vs. any human annotator,11,0.7924528301886792
NumberOfSamples,experimental_design,Annotator2,Qwen,model vs. any human annotator,11,0.0
NumberOfTechnicalReplicates,experimental_design,Annotator2,Qwen,model vs. any human annotator,11,0.21428571428571427
Organism,biological,Annotator2,Qwen,model vs. any human annotator,11,0.0
OrganismPart,biological,Annotator2,Qwen,model vs. any human annotator,11,0.26666666666666666
PooledSample,biological,Annotator2,Qwen,model vs. any human annotator,11,0.0
PrecursorMassTolerance,technical,Annotator2,Qwen,model vs. any human annotator,11,0.6206896551724135
ReductionReagent,technical,Annotator2,Qwen,model vs. any human annotator,11,0.6206896551724139
SampleTreatment,experimental_design,Annotator2,Qwen,model vs. any human annotator,11,0.0
SamplingTime,experimental_design,Annotator2,Qwen,model vs. any human annotator,11,0.0
Separation,technical,Annotator2,Qwen,model vs. any human annotator,11,0.0
Sex,biological,Annotator2,Qwen,model vs. any human annotator,11,1.0
Staining,biological,Annotator2,Qwen,model vs. any human annotator,11,0.0
Strain,biological,Annotator2,Qwen,model vs. any human annotator,11,0.23255813953488386
SupplementaryFile,technical,Annotator2,Qwen,model vs. any human annotator,11,0.23255813953488386
Time,experimental_design,Annotator2,Qwen,model vs. any human annotator,11,-3.053113317719181e-17
Treatment,biological,Annotator2,Qwen,model vs. any human annotator,11,0.0
AcquisitionMethod,technical,Annotator2,Gemma,model vs. any human annotator,11,0.15384615384615374
Age,biological,Annotator2,Gemma,model vs. any human annotator,11,6.106226635438359e-16
AlkylationReagent,technical,Annotator2,Gemma,model vs. any human annotator,11,1.0
CellLine,biological,Annotator2,Gemma,model vs. any human annotator,11,0.3125
CellType,biological,Annotator2,Gemma,model vs. any human annotator,11,0.37735849056603776
Chromatography,technical,Annotator2,Gemma,model vs. any human annotator,11,
CleavageAgent,technical,Annotator2,Gemma,model vs. any human annotator,11,
CollisionEnergy,technical,Annotator2,Gemma,model vs. any human annotator,11,1.0
Compound,biological,Annotator2,Gemma,model vs. any human annotator,11,0.0
Disease,biological,Annotator2,Gemma,model vs. any human annotator,11,0.8196721311475409
EnrichmentMethod,technical,Annotator2,Gemma,model vs. any human annotator,11,0.06779661016949153
FactorValue,experimental_design,Annotator2,Gemma,model vs. any human annotator,11,6.784696261598178e-17
FractionIdentifier,experimental_design,Annotator2,Gemma,model vs. any human annotator,11,6.106226635438359e-16
FractionationFraction,experimental_design,Annotator2,Gemma,model vs. any human annotator,11,-0.13793103448275812
FractionationMethod,technical,Annotator2,Gemma,model vs. any human annotator,11,0.6206896551724139
FragmentMassTolerance,technical,Annotator2,Gemma,model vs. any human annotator,11,1.0
FragmentationMethod,technical,Annotator2,Gemma,model vs. any human annotator,11,1.0
GradientTime,technical,Annotator2,Gemma,model vs. any human annotator,11,0.8196721311475409
Instrument,technical,Annotator2,Gemma,model vs. any human annotator,11,
IonizationType,technical,Annotator2,Gemma,model vs. any human annotator,11,0.49230769230769234
Label,technical,Annotator2,Gemma,model vs. any human annotator,11,0.47619047619047616
MS2MassAnalyzer,technical,Annotator2,Gemma,model vs. any human annotator,11,1.0
Modification,technical,Annotator2,Gemma,model vs. any human annotator,11,1.0
NumberOfBiologicalReplicates,experimental_design,Annotator2,Gemma,model vs. any human annotator,11,0.08333333333333333
NumberOfFractions,experimental_design,Annotator2,Gemma,model vs. any human annotator,11,0.8135593220338982
NumberOfMissedCleavages,technical,Annotator2,Gemma,model vs. any human annotator,11,1.0
NumberOfSamples,experimental_design,Annotator2,Gemma,model vs. any human annotator,11,0.0
NumberOfTechnicalReplicates,experimental_design,Annotator2,Gemma,model vs. any human annotator,11,0.6071428571428573
Organism,biological,Annotator2,Gemma,model vs. any human annotator,11,
OrganismPart,biological,Annotator2,Gemma,model vs. any human annotator,11,0.26666666666666666
PooledSample,biological,Annotator2,Gemma,model vs. any human annotator,11,0.0
PrecursorMassTolerance,technical,Annotator2,Gemma,model vs. any human annotator,11,1.0
ReductionReagent,technical,Annotator2,Gemma,model vs. any human annotator,11,0.6333333333333334
SampleTreatment,experimental_design,Annotator2,Gemma,model vs. any human annotator,11,
SamplingTime,experimental_design,Annotator2,Gemma,model vs. any human annotator,11,
Separation,technical,Annotator2,Gemma,model vs. any human annotator,11,0.0
Sex,biological,Annotator2,Gemma,model vs. any human annotator,11,-0.13793103448275812
Staining,biological,Annotator2,Gemma,model vs. any human annotator,11,-1.0177044392397269e-16
Strain,biological,Annotator2,Gemma,model vs. any human annotator,11,0.5600000000000002
SupplementaryFile,technical,Annotator2,Gemma,model vs. any human annotator,11,0.0
Time,experimental_design,Annotator2,Gemma,model vs. any human annotator,11,6.784696261598178e-17
Treatment,biological,Annotator2,Gemma,model vs. any human annotator,11,0.0
AcquisitionMethod,technical,Annotator2,GLM,model vs. any human annotator,11,0.29032258064516137
Age,biological,Annotator2,GLM,model vs. any human annotator,11,6.106226635438359e-16
AlkylationReagent,technical,Annotator2,GLM,model vs. any human annotator,11,1.0
CellLine,biological,Annotator2,GLM,model vs. any human annotator,11,0.22535211267605623
CellType,biological,Annotator2,GLM,model vs. any human annotator,11,0.0
Chromatography,technical,Annotator2,GLM,model vs. any human annotator,11,
CleavageAgent,technical,Annotator2,GLM,model vs. any human annotator,11,
CollisionEnergy,technical,Annotator2,GLM,model vs. any human annotator,11,0.6206896551724135
Compound,biological,Annotator2,GLM,model vs. any human annotator,11,0.0
Disease,biological,Annotator2,GLM,model vs. any human annotator,11,0.47619047619047616
EnrichmentMethod,technical,Annotator2,GLM,model vs. any human annotator,11,0.8196721311475409
FactorValue,experimental_design,Annotator2,GLM,model vs. any human annotator,11,6.784696261598178e-17
FractionIdentifier,experimental_design,Annotator2,GLM,model vs. any human annotator,11,6.106226635438359e-16
FractionationFraction,experimental_design,Annotator2,GLM,model vs. any human annotator,11,0.0
FractionationMethod,technical,Annotator2,GLM,model vs. any human annotator,11,0.6206896551724139
FragmentMassTolerance,technical,Annotator2,GLM,model vs. any human annotator,11,1.0
FragmentationMethod,technical,Annotator2,GLM,model vs. any human annotator,11,0.0
GradientTime,technical,Annotator2,GLM,model vs. any human annotator,11,0.15384615384615385
Instrument,technical,Annotator2,GLM,model vs. any human annotator,11,
IonizationType,technical,Annotator2,GLM,model vs. any human annotator,11,0.6451612903225807
Label,technical,Annotator2,GLM,model vs. any human annotator,11,0.47619047619047616
MS2MassAnalyzer,technical,Annotator2,GLM,model vs. any human annotator,11,-0.17857142857142858
Modification,technical,Annotator2,GLM,model vs. any human annotator,11,1.0
NumberOfBiologicalReplicates,experimental_design,Annotator2,GLM,model vs. any human annotator,11,0.37735849056603776
NumberOfFractions,experimental_design,Annotator2,GLM,model vs. any human annotator,11,0.45901639344262296
NumberOfMissedCleavages,technical,Annotator2,GLM,model vs. any human annotator,11,1.0
NumberOfSamples,experimental_design,Annotator2,GLM,model vs. any human annotator,11,-0.3508771929824562
NumberOfTechnicalReplicates,experimental_design,Annotator2,GLM,model vs. any human annotator,11,0.6451612903225807
Organism,biological,Annotator2,GLM,model vs. any human annotator,11,0.0
OrganismPart,biological,Annotator2,GLM,model vs. any human annotator,11,0.15384615384615374
PooledSample,biological,Annotator2,GLM,model vs. any human annotator,11,0.0
PrecursorMassTolerance,technical,Annotator2,GLM,model vs. any human annotator,11,1.0
ReductionReagent,technical,Annotator2,GLM,model vs. any human annotator,11,0.6206896551724139
SampleTreatment,experimental_design,Annotator2,GLM,model vs. any human annotator,11,
SamplingTime,experimental_design,Annotator2,GLM,model vs. any human annotator,11,
Separation,technical,Annotator2,GLM,model vs. any human annotator,11,0.0
Sex,biological,Annotator2,GLM,model vs. any human annotator,11,-0.09999999999999892
Staining,biological,Annotator2,GLM,model vs. any human annotator,11,0.0
Strain,biological,Annotator2,GLM,model vs. any human annotator,11,0.5600000000000002
SupplementaryFile,technical,Annotator2,GLM,model vs. any human annotator,11,-0.375
Time,experimental_design,Annotator2,GLM,model vs. any human annotator,11,0.0
Treatment,biological,Annotator2,GLM,model vs. any human annotator,11,
AcquisitionMethod,technical,Annotator3,Annotator4,MultiHuman annotator vs. MultiHuman annotator,1,
Age,biological,Annotator3,Annotator4,MultiHuman annotator vs. MultiHuman annotator,1,
AlkylationReagent,technical,Annotator3,Annotator4,MultiHuman annotator vs. MultiHuman annotator,1,0.0
CellLine,biological,Annotator3,Annotator4,MultiHuman annotator vs. MultiHuman annotator,1,
CellType,biological,Annotator3,Annotator4,MultiHuman annotator vs. MultiHuman annotator,1,
Chromatography,technical,Annotator3,Annotator4,MultiHuman annotator vs. MultiHuman annotator,1,
CleavageAgent,technical,Annotator3,Annotator4,MultiHuman annotator vs. MultiHuman annotator,1,
CollisionEnergy,technical,Annotator3,Annotator4,MultiHuman annotator vs. MultiHuman annotator,1,
Compound,biological,Annotator3,Annotator4,MultiHuman annotator vs. MultiHuman annotator,1,
Disease,biological,Annotator3,Annotator4,MultiHuman annotator vs. MultiHuman annotator,1,
EnrichmentMethod,technical,Annotator3,Annotator4,MultiHuman annotator vs. MultiHuman annotator,1,
FactorValue,experimental_design,Annotator3,Annotator4,MultiHuman annotator vs. MultiHuman annotator,1,
FractionIdentifier,experimental_design,Annotator3,Annotator4,MultiHuman annotator vs. MultiHuman annotator,1,
FractionationFraction,experimental_design,Annotator3,Annotator4,MultiHuman annotator vs. MultiHuman annotator,1,
FractionationMethod,technical,Annotator3,Annotator4,MultiHuman annotator vs. MultiHuman annotator,1,0.0
FragmentMassTolerance,technical,Annotator3,Annotator4,MultiHuman annotator vs. MultiHuman annotator,1,0.0
FragmentationMethod,technical,Annotator3,Annotator4,MultiHuman annotator vs. MultiHuman annotator,1,0.0
GradientTime,technical,Annotator3,Annotator4,MultiHuman annotator vs. MultiHuman annotator,1,
Instrument,technical,Annotator3,Annotator4,MultiHuman annotator vs. MultiHuman annotator,1,0.0
IonizationType,technical,Annotator3,Annotator4,MultiHuman annotator vs. MultiHuman annotator,1,
Label,technical,Annotator3,Annotator4,MultiHuman annotator vs. MultiHuman annotator,1,
MS2MassAnalyzer,technical,Annotator3,Annotator4,MultiHuman annotator vs. MultiHuman annotator,1,0.0
Modification,technical,Annotator3,Annotator4,MultiHuman annotator vs. MultiHuman annotator,1,0.0
NumberOfBiologicalReplicates,experimental_design,Annotator3,Annotator4,MultiHuman annotator vs. MultiHuman annotator,1,
NumberOfFractions,experimental_design,Annotator3,Annotator4,MultiHuman annotator vs. MultiHuman annotator,1,
NumberOfMissedCleavages,technical,Annotator3,Annotator4,MultiHuman annotator vs. MultiHuman annotator,1,
NumberOfSamples,experimental_design,Annotator3,Annotator4,MultiHuman annotator vs. MultiHuman annotator,1,0.0
NumberOfTechnicalReplicates,experimental_design,Annotator3,Annotator4,MultiHuman annotator vs. MultiHuman annotator,1,
Organism,biological,Annotator3,Annotator4,MultiHuman annotator vs. MultiHuman annotator,1,
OrganismPart,biological,Annotator3,Annotator4,MultiHuman annotator vs. MultiHuman annotator,1,0.0
PooledSample,biological,Annotator3,Annotator4,MultiHuman annotator vs. MultiHuman annotator,1,
PrecursorMassTolerance,technical,Annotator3,Annotator4,MultiHuman annotator vs. MultiHuman annotator,1,0.0
ReductionReagent,technical,Annotator3,Annotator4,MultiHuman annotator vs. MultiHuman annotator,1,0.0
SampleTreatment,experimental_design,Annotator3,Annotator4,MultiHuman annotator vs. MultiHuman annotator,1,
SamplingTime,experimental_design,Annotator3,Annotator4,MultiHuman annotator vs. MultiHuman annotator,1,
Separation,technical,Annotator3,Annotator4,MultiHuman annotator vs. MultiHuman annotator,1,
Sex,biological,Annotator3,Annotator4,MultiHuman annotator vs. MultiHuman annotator,1,
Staining,biological,Annotator3,Annotator4,MultiHuman annotator vs. MultiHuman annotator,1,
Strain,biological,Annotator3,Annotator4,MultiHuman annotator vs. MultiHuman annotator,1,0.0
SupplementaryFile,technical,Annotator3,Annotator4,MultiHuman annotator vs. MultiHuman annotator,1,
Time,experimental_design,Annotator3,Annotator4,MultiHuman annotator vs. MultiHuman annotator,1,
Treatment,biological,Annotator3,Annotator4,MultiHuman annotator vs. MultiHuman annotator,1,
AcquisitionMethod,technical,Annotator3,Annotator5,MultiHuman annotator vs. MultiHuman annotator,4,0.0
Age,biological,Annotator3,Annotator5,MultiHuman annotator vs. MultiHuman annotator,4,0.5
AlkylationReagent,technical,Annotator3,Annotator5,MultiHuman annotator vs. MultiHuman annotator,4,0.0
CellLine,biological,Annotator3,Annotator5,MultiHuman annotator vs. MultiHuman annotator,4,
CellType,biological,Annotator3,Annotator5,MultiHuman annotator vs. MultiHuman annotator,4,0.0
Chromatography,technical,Annotator3,Annotator5,MultiHuman annotator vs. MultiHuman annotator,4,0.0
CleavageAgent,technical,Annotator3,Annotator5,MultiHuman annotator vs. MultiHuman annotator,4,0.0
CollisionEnergy,technical,Annotator3,Annotator5,MultiHuman annotator vs. MultiHuman annotator,4,0.0
Compound,biological,Annotator3,Annotator5,MultiHuman annotator vs. MultiHuman annotator,4,0.0
Disease,biological,Annotator3,Annotator5,MultiHuman annotator vs. MultiHuman annotator,4,0.2
EnrichmentMethod,technical,Annotator3,Annotator5,MultiHuman annotator vs. MultiHuman annotator,4,
FactorValue,experimental_design,Annotator3,Annotator5,MultiHuman annotator vs. MultiHuman annotator,4,-0.6
FractionIdentifier,experimental_design,Annotator3,Annotator5,MultiHuman annotator vs. MultiHuman annotator,4,
FractionationFraction,experimental_design,Annotator3,Annotator5,MultiHuman annotator vs. MultiHuman annotator,4,
FractionationMethod,technical,Annotator3,Annotator5,MultiHuman annotator vs. MultiHuman annotator,4,0.5
FragmentMassTolerance,technical,Annotator3,Annotator5,MultiHuman annotator vs. MultiHuman annotator,4,0.0
FragmentationMethod,technical,Annotator3,Annotator5,MultiHuman annotator vs. MultiHuman annotator,4,0.0
GradientTime,technical,Annotator3,Annotator5,MultiHuman annotator vs. MultiHuman annotator,4,0.5
Instrument,technical,Annotator3,Annotator5,MultiHuman annotator vs. MultiHuman annotator,4,
IonizationType,technical,Annotator3,Annotator5,MultiHuman annotator vs. MultiHuman annotator,4,1.0
Label,technical,Annotator3,Annotator5,MultiHuman annotator vs. MultiHuman annotator,4,1.0
MS2MassAnalyzer,technical,Annotator3,Annotator5,MultiHuman annotator vs. MultiHuman annotator,4,0.0
Modification,technical,Annotator3,Annotator5,MultiHuman annotator vs. MultiHuman annotator,4,1.0
NumberOfBiologicalReplicates,experimental_design,Annotator3,Annotator5,MultiHuman annotator vs. MultiHuman annotator,4,0.5
NumberOfFractions,experimental_design,Annotator3,Annotator5,MultiHuman annotator vs. MultiHuman annotator,4,0.2
NumberOfMissedCleavages,technical,Annotator3,Annotator5,MultiHuman annotator vs. MultiHuman annotator,4,0.0
NumberOfSamples,experimental_design,Annotator3,Annotator5,MultiHuman annotator vs. MultiHuman annotator,4,0.5
NumberOfTechnicalReplicates,experimental_design,Annotator3,Annotator5,MultiHuman annotator vs. MultiHuman annotator,4,
Organism,biological,Annotator3,Annotator5,MultiHuman annotator vs. MultiHuman annotator,4,1.0
OrganismPart,biological,Annotator3,Annotator5,MultiHuman annotator vs. MultiHuman annotator,4,1.0
PooledSample,biological,Annotator3,Annotator5,MultiHuman annotator vs. MultiHuman annotator,4,0.0
PrecursorMassTolerance,technical,Annotator3,Annotator5,MultiHuman annotator vs. MultiHuman annotator,4,0.0
ReductionReagent,technical,Annotator3,Annotator5,MultiHuman annotator vs. MultiHuman annotator,4,0.5
SampleTreatment,experimental_design,Annotator3,Annotator5,MultiHuman annotator vs. MultiHuman annotator,4,
SamplingTime,experimental_design,Annotator3,Annotator5,MultiHuman annotator vs. MultiHuman annotator,4,0.2
Separation,technical,Annotator3,Annotator5,MultiHuman annotator vs. MultiHuman annotator,4,0.0
Sex,biological,Annotator3,Annotator5,MultiHuman annotator vs. MultiHuman annotator,4,1.0
Staining,biological,Annotator3,Annotator5,MultiHuman annotator vs. MultiHuman annotator,4,0.0
Strain,biological,Annotator3,Annotator5,MultiHuman annotator vs. MultiHuman annotator,4,0.5
SupplementaryFile,technical,Annotator3,Annotator5,MultiHuman annotator vs. MultiHuman annotator,4,
Time,experimental_design,Annotator3,Annotator5,MultiHuman annotator vs. MultiHuman annotator,4,
Treatment,biological,Annotator3,Annotator5,MultiHuman annotator vs. MultiHuman annotator,4,0.0
AcquisitionMethod,technical,Annotator3,Annotator6,MultiHuman annotator vs. MultiHuman annotator,4,-0.5
Age,biological,Annotator3,Annotator6,MultiHuman annotator vs. MultiHuman annotator,4,
AlkylationReagent,technical,Annotator3,Annotator6,MultiHuman annotator vs. MultiHuman annotator,4,1.0
CellLine,biological,Annotator3,Annotator6,MultiHuman annotator vs. MultiHuman annotator,4,
CellType,biological,Annotator3,Annotator6,MultiHuman annotator vs. MultiHuman annotator,4,
Chromatography,technical,Annotator3,Annotator6,MultiHuman annotator vs. MultiHuman annotator,4,0.0
CleavageAgent,technical,Annotator3,Annotator6,MultiHuman annotator vs. MultiHuman annotator,4,
CollisionEnergy,technical,Annotator3,Annotator6,MultiHuman annotator vs. MultiHuman annotator,4,0.0
Compound,biological,Annotator3,Annotator6,MultiHuman annotator vs. MultiHuman annotator,4,
Disease,biological,Annotator3,Annotator6,MultiHuman annotator vs. MultiHuman annotator,4,0.5
EnrichmentMethod,technical,Annotator3,Annotator6,MultiHuman annotator vs. MultiHuman annotator,4,-0.3333333333333333
FactorValue,experimental_design,Annotator3,Annotator6,MultiHuman annotator vs. MultiHuman annotator,4,0.0
FractionIdentifier,experimental_design,Annotator3,Annotator6,MultiHuman annotator vs. MultiHuman annotator,4,0.0
FractionationFraction,experimental_design,Annotator3,Annotator6,MultiHuman annotator vs. MultiHuman annotator,4,1.0
FractionationMethod,technical,Annotator3,Annotator6,MultiHuman annotator vs. MultiHuman annotator,4,0.0
FragmentMassTolerance,technical,Annotator3,Annotator6,MultiHuman annotator vs. MultiHuman annotator,4,0.0
FragmentationMethod,technical,Annotator3,Annotator6,MultiHuman annotator vs. MultiHuman annotator,4,0.0
GradientTime,technical,Annotator3,Annotator6,MultiHuman annotator vs. MultiHuman annotator,4,1.0
Instrument,technical,Annotator3,Annotator6,MultiHuman annotator vs. MultiHuman annotator,4,
IonizationType,technical,Annotator3,Annotator6,MultiHuman annotator vs. MultiHuman annotator,4,0.0
Label,technical,Annotator3,Annotator6,MultiHuman annotator vs. MultiHuman annotator,4,0.0
MS2MassAnalyzer,technical,Annotator3,Annotator6,MultiHuman annotator vs. MultiHuman annotator,4,0.5
Modification,technical,Annotator3,Annotator6,MultiHuman annotator vs. MultiHuman annotator,4,
NumberOfBiologicalReplicates,experimental_design,Annotator3,Annotator6,MultiHuman annotator vs. MultiHuman annotator,4,
NumberOfFractions,experimental_design,Annotator3,Annotator6,MultiHuman annotator vs. MultiHuman annotator,4,0.0
NumberOfMissedCleavages,technical,Annotator3,Annotator6,MultiHuman annotator vs. MultiHuman annotator,4,0.0
NumberOfSamples,experimental_design,Annotator3,Annotator6,MultiHuman annotator vs. MultiHuman annotator,4,0.0
NumberOfTechnicalReplicates,experimental_design,Annotator3,Annotator6,MultiHuman annotator vs. MultiHuman annotator,4,
Organism,biological,Annotator3,Annotator6,MultiHuman annotator vs. MultiHuman annotator,4,0.0
OrganismPart,biological,Annotator3,Annotator6,MultiHuman annotator vs. MultiHuman annotator,4,1.0
PooledSample,biological,Annotator3,Annotator6,MultiHuman annotator vs. MultiHuman annotator,4,
PrecursorMassTolerance,technical,Annotator3,Annotator6,MultiHuman annotator vs. MultiHuman annotator,4,0.0
ReductionReagent,technical,Annotator3,Annotator6,MultiHuman annotator vs. MultiHuman annotator,4,1.0
SampleTreatment,experimental_design,Annotator3,Annotator6,MultiHuman annotator vs. MultiHuman annotator,4,0.0
SamplingTime,experimental_design,Annotator3,Annotator6,MultiHuman annotator vs. MultiHuman annotator,4,0.0
Separation,technical,Annotator3,Annotator6,MultiHuman annotator vs. MultiHuman annotator,4,0.0
Sex,biological,Annotator3,Annotator6,MultiHuman annotator vs. MultiHuman annotator,4,1.0
Staining,biological,Annotator3,Annotator6,MultiHuman annotator vs. MultiHuman annotator,4,
Strain,biological,Annotator3,Annotator6,MultiHuman annotator vs. MultiHuman annotator,4,0.0
SupplementaryFile,technical,Annotator3,Annotator6,MultiHuman annotator vs. MultiHuman annotator,4,0.0
Time,experimental_design,Annotator3,Annotator6,MultiHuman annotator vs. MultiHuman annotator,4,
Treatment,biological,Annotator3,Annotator6,MultiHuman annotator vs. MultiHuman annotator,4,
AcquisitionMethod,technical,Annotator3,Annotator7,MultiHuman annotator vs. MultiHuman annotator,2,1.0
Age,biological,Annotator3,Annotator7,MultiHuman annotator vs. MultiHuman annotator,2,
AlkylationReagent,technical,Annotator3,Annotator7,MultiHuman annotator vs. MultiHuman annotator,2,1.0
CellLine,biological,Annotator3,Annotator7,MultiHuman annotator vs. MultiHuman annotator,2,
CellType,biological,Annotator3,Annotator7,MultiHuman annotator vs. MultiHuman annotator,2,
Chromatography,technical,Annotator3,Annotator7,MultiHuman annotator vs. MultiHuman annotator,2,
CleavageAgent,technical,Annotator3,Annotator7,MultiHuman annotator vs. MultiHuman annotator,2,0.0
CollisionEnergy,technical,Annotator3,Annotator7,MultiHuman annotator vs. MultiHuman annotator,2,0.0
Compound,biological,Annotator3,Annotator7,MultiHuman annotator vs. MultiHuman annotator,2,
Disease,biological,Annotator3,Annotator7,MultiHuman annotator vs. MultiHuman annotator,2,
EnrichmentMethod,technical,Annotator3,Annotator7,MultiHuman annotator vs. MultiHuman annotator,2,
FactorValue,experimental_design,Annotator3,Annotator7,MultiHuman annotator vs. MultiHuman annotator,2,0.0
FractionIdentifier,experimental_design,Annotator3,Annotator7,MultiHuman annotator vs. MultiHuman annotator,2,
FractionationFraction,experimental_design,Annotator3,Annotator7,MultiHuman annotator vs. MultiHuman annotator,2,
FractionationMethod,technical,Annotator3,Annotator7,MultiHuman annotator vs. MultiHuman annotator,2,0.0
FragmentMassTolerance,technical,Annotator3,Annotator7,MultiHuman annotator vs. MultiHuman annotator,2,0.0
FragmentationMethod,technical,Annotator3,Annotator7,MultiHuman annotator vs. MultiHuman annotator,2,-1.0
GradientTime,technical,Annotator3,Annotator7,MultiHuman annotator vs. MultiHuman annotator,2,0.0
Instrument,technical,Annotator3,Annotator7,MultiHuman annotator vs. MultiHuman annotator,2,0.0
IonizationType,technical,Annotator3,Annotator7,MultiHuman annotator vs. MultiHuman annotator,2,1.0
Label,technical,Annotator3,Annotator7,MultiHuman annotator vs. MultiHuman annotator,2,0.0
MS2MassAnalyzer,technical,Annotator3,Annotator7,MultiHuman annotator vs. MultiHuman annotator,2,
Modification,technical,Annotator3,Annotator7,MultiHuman annotator vs. MultiHuman annotator,2,0.0
NumberOfBiologicalReplicates,experimental_design,Annotator3,Annotator7,MultiHuman annotator vs. MultiHuman annotator,2,
NumberOfFractions,experimental_design,Annotator3,Annotator7,MultiHuman annotator vs. MultiHuman annotator,2,1.0
NumberOfMissedCleavages,technical,Annotator3,Annotator7,MultiHuman annotator vs. MultiHuman annotator,2,0.0
NumberOfSamples,experimental_design,Annotator3,Annotator7,MultiHuman annotator vs. MultiHuman annotator,2,
NumberOfTechnicalReplicates,experimental_design,Annotator3,Annotator7,MultiHuman annotator vs. MultiHuman annotator,2,
Organism,biological,Annotator3,Annotator7,MultiHuman annotator vs. MultiHuman annotator,2,
OrganismPart,biological,Annotator3,Annotator7,MultiHuman annotator vs. MultiHuman annotator,2,-1.0
PooledSample,biological,Annotator3,Annotator7,MultiHuman annotator vs. MultiHuman annotator,2,
PrecursorMassTolerance,technical,Annotator3,Annotator7,MultiHuman annotator vs. MultiHuman annotator,2,0.0
ReductionReagent,technical,Annotator3,Annotator7,MultiHuman annotator vs. MultiHuman annotator,2,0.0
SampleTreatment,experimental_design,Annotator3,Annotator7,MultiHuman annotator vs. MultiHuman annotator,2,
SamplingTime,experimental_design,Annotator3,Annotator7,MultiHuman annotator vs. MultiHuman annotator,2,
Separation,technical,Annotator3,Annotator7,MultiHuman annotator vs. MultiHuman annotator,2,0.0
Sex,biological,Annotator3,Annotator7,MultiHuman annotator vs. MultiHuman annotator,2,0.0
Staining,biological,Annotator3,Annotator7,MultiHuman annotator vs. MultiHuman annotator,2,
Strain,biological,Annotator3,Annotator7,MultiHuman annotator vs. MultiHuman annotator,2,
SupplementaryFile,technical,Annotator3,Annotator7,MultiHuman annotator vs. MultiHuman annotator,2,
Time,experimental_design,Annotator3,Annotator7,MultiHuman annotator vs. MultiHuman annotator,2,
Treatment,biological,Annotator3,Annotator7,MultiHuman annotator vs. MultiHuman annotator,2,
AcquisitionMethod,technical,Annotator3,Annotator8,MultiHuman annotator vs. MultiHuman annotator,5,0.6153846153846155
Age,biological,Annotator3,Annotator8,MultiHuman annotator vs. MultiHuman annotator,5,
AlkylationReagent,technical,Annotator3,Annotator8,MultiHuman annotator vs. MultiHuman annotator,5,1.0
CellLine,biological,Annotator3,Annotator8,MultiHuman annotator vs. MultiHuman annotator,5,0.0
CellType,biological,Annotator3,Annotator8,MultiHuman annotator vs. MultiHuman annotator,5,-0.36363636363636376
Chromatography,technical,Annotator3,Annotator8,MultiHuman annotator vs. MultiHuman annotator,5,
CleavageAgent,technical,Annotator3,Annotator8,MultiHuman annotator vs. MultiHuman annotator,5,0.0
CollisionEnergy,technical,Annotator3,Annotator8,MultiHuman annotator vs. MultiHuman annotator,5,-0.2500000000000007
Compound,biological,Annotator3,Annotator8,MultiHuman annotator vs. MultiHuman annotator,5,0.0
Disease,biological,Annotator3,Annotator8,MultiHuman annotator vs. MultiHuman annotator,5,0.2857142857142856
EnrichmentMethod,technical,Annotator3,Annotator8,MultiHuman annotator vs. MultiHuman annotator,5,0.6153846153846155
FactorValue,experimental_design,Annotator3,Annotator8,MultiHuman annotator vs. MultiHuman annotator,5,0.11764705882352945
FractionIdentifier,experimental_design,Annotator3,Annotator8,MultiHuman annotator vs. MultiHuman annotator,5,1.0
FractionationFraction,experimental_design,Annotator3,Annotator8,MultiHuman annotator vs. MultiHuman annotator,5,0.0
FractionationMethod,technical,Annotator3,Annotator8,MultiHuman annotator vs. MultiHuman annotator,5,1.0
FragmentMassTolerance,technical,Annotator3,Annotator8,MultiHuman annotator vs. MultiHuman annotator,5,0.6153846153846155
FragmentationMethod,technical,Annotator3,Annotator8,MultiHuman annotator vs. MultiHuman annotator,5,0.2857142857142856
GradientTime,technical,Annotator3,Annotator8,MultiHuman annotator vs. MultiHuman annotator,5,6.938893903907228e-17
Instrument,technical,Annotator3,Annotator8,MultiHuman annotator vs. MultiHuman annotator,5,
IonizationType,technical,Annotator3,Annotator8,MultiHuman annotator vs. MultiHuman annotator,5,1.0
Label,technical,Annotator3,Annotator8,MultiHuman annotator vs. MultiHuman annotator,5,1.0
MS2MassAnalyzer,technical,Annotator3,Annotator8,MultiHuman annotator vs. MultiHuman annotator,5,0.0
Modification,technical,Annotator3,Annotator8,MultiHuman annotator vs. MultiHuman annotator,5,0.6153846153846155
NumberOfBiologicalReplicates,experimental_design,Annotator3,Annotator8,MultiHuman annotator vs. MultiHuman annotator,5,0.0
NumberOfFractions,experimental_design,Annotator3,Annotator8,MultiHuman annotator vs. MultiHuman annotator,5,1.0
NumberOfMissedCleavages,technical,Annotator3,Annotator8,MultiHuman annotator vs. MultiHuman annotator,5,0.0
NumberOfSamples,experimental_design,Annotator3,Annotator8,MultiHuman annotator vs. MultiHuman annotator,5,0.2857142857142856
NumberOfTechnicalReplicates,experimental_design,Annotator3,Annotator8,MultiHuman annotator vs. MultiHuman annotator,5,0.0
Organism,biological,Annotator3,Annotator8,MultiHuman annotator vs. MultiHuman annotator,5,1.0
OrganismPart,biological,Annotator3,Annotator8,MultiHuman annotator vs. MultiHuman annotator,5,0.5454545454545455
PooledSample,biological,Annotator3,Annotator8,MultiHuman annotator vs. MultiHuman annotator,5,0.0
PrecursorMassTolerance,technical,Annotator3,Annotator8,MultiHuman annotator vs. MultiHuman annotator,5,1.0
ReductionReagent,technical,Annotator3,Annotator8,MultiHuman annotator vs. MultiHuman annotator,5,-0.3636363636363634
SampleTreatment,experimental_design,Annotator3,Annotator8,MultiHuman annotator vs. MultiHuman annotator,5,-0.2500000000000007
SamplingTime,experimental_design,Annotator3,Annotator8,MultiHuman annotator vs. MultiHuman annotator,5,0.0
Separation,technical,Annotator3,Annotator8,MultiHuman annotator vs. MultiHuman annotator,5,0.0
Sex,biological,Annotator3,Annotator8,MultiHuman annotator vs. MultiHuman annotator,5,0.0
Staining,biological,Annotator3,Annotator8,MultiHuman annotator vs. MultiHuman annotator,5,
Strain,biological,Annotator3,Annotator8,MultiHuman annotator vs. MultiHuman annotator,5,0.0
SupplementaryFile,technical,Annotator3,Annotator8,MultiHuman annotator vs. MultiHuman annotator,5,0.0
Time,experimental_design,Annotator3,Annotator8,MultiHuman annotator vs. MultiHuman annotator,5,0.0
Treatment,biological,Annotator3,Annotator8,MultiHuman annotator vs. MultiHuman annotator,5,-0.2500000000000007
AcquisitionMethod,technical,Annotator3,Qwen,model vs. any human annotator,10,-0.08695652173913052
Age,biological,Annotator3,Qwen,model vs. any human annotator,10,0.2857142857142855
AlkylationReagent,technical,Annotator3,Qwen,model vs. any human annotator,10,0.3478260869565216
CellLine,biological,Annotator3,Qwen,model vs. any human annotator,10,0.0
CellType,biological,Annotator3,Qwen,model vs. any human annotator,10,0.0
Chromatography,technical,Annotator3,Qwen,model vs. any human annotator,10,
CleavageAgent,technical,Annotator3,Qwen,model vs. any human annotator,10,0.0
CollisionEnergy,technical,Annotator3,Qwen,model vs. any human annotator,10,0.782608695652174
Compound,biological,Annotator3,Qwen,model vs. any human annotator,10,6.938893903907228e-17
Disease,biological,Annotator3,Qwen,model vs. any human annotator,10,0.4444444444444444
EnrichmentMethod,technical,Annotator3,Qwen,model vs. any human annotator,10,0.3999999999999999
FactorValue,experimental_design,Annotator3,Qwen,model vs. any human annotator,10,0.0
FractionIdentifier,experimental_design,Annotator3,Qwen,model vs. any human annotator,10,0.0
FractionationFraction,experimental_design,Annotator3,Qwen,model vs. any human annotator,10,0.0
FractionationMethod,technical,Annotator3,Qwen,model vs. any human annotator,10,0.07407407407407414
FragmentMassTolerance,technical,Annotator3,Qwen,model vs. any human annotator,10,0.5833333333333334
FragmentationMethod,technical,Annotator3,Qwen,model vs. any human annotator,10,0.3999999999999999
GradientTime,technical,Annotator3,Qwen,model vs. any human annotator,10,0.04761904761904766
Instrument,technical,Annotator3,Qwen,model vs. any human annotator,10,
IonizationType,technical,Annotator3,Qwen,model vs. any human annotator,10,0.2857142857142855
Label,technical,Annotator3,Qwen,model vs. any human annotator,10,0.2857142857142856
MS2MassAnalyzer,technical,Annotator3,Qwen,model vs. any human annotator,10,0.6153846153846153
Modification,technical,Annotator3,Qwen,model vs. any human annotator,10,0.2857142857142855
NumberOfBiologicalReplicates,experimental_design,Annotator3,Qwen,model vs. any human annotator,10,0.41176470588235303
NumberOfFractions,experimental_design,Annotator3,Qwen,model vs. any human annotator,10,0.3478260869565216
NumberOfMissedCleavages,technical,Annotator3,Qwen,model vs. any human annotator,10,0.2105263157894738
NumberOfSamples,experimental_design,Annotator3,Qwen,model vs. any human annotator,10,-0.15384615384615377
NumberOfTechnicalReplicates,experimental_design,Annotator3,Qwen,model vs. any human annotator,10,0.0
Organism,biological,Annotator3,Qwen,model vs. any human annotator,10,0.5454545454545456
OrganismPart,biological,Annotator3,Qwen,model vs. any human annotator,10,0.2857142857142856
PooledSample,biological,Annotator3,Qwen,model vs. any human annotator,10,0.0
PrecursorMassTolerance,technical,Annotator3,Qwen,model vs. any human annotator,10,0.3478260869565216
ReductionReagent,technical,Annotator3,Qwen,model vs. any human annotator,10,0.2105263157894738
SampleTreatment,experimental_design,Annotator3,Qwen,model vs. any human annotator,10,-0.15384615384615447
SamplingTime,experimental_design,Annotator3,Qwen,model vs. any human annotator,10,0.37499999999999983
Separation,technical,Annotator3,Qwen,model vs. any human annotator,10,-0.1904761904761907
Sex,biological,Annotator3,Qwen,model vs. any human annotator,10,0.782608695652174
Staining,biological,Annotator3,Qwen,model vs. any human annotator,10,-7.930164461608261e-17
Strain,biological,Annotator3,Qwen,model vs. any human annotator,10,0.19999999999999996
SupplementaryFile,technical,Annotator3,Qwen,model vs. any human annotator,10,
Time,experimental_design,Annotator3,Qwen,model vs. any human annotator,10,6.938893903907228e-17
Treatment,biological,Annotator3,Qwen,model vs. any human annotator,10,-0.11111111111111124
AcquisitionMethod,technical,Annotator3,Gemma,model vs. any human annotator,10,0.3999999999999999
Age,biological,Annotator3,Gemma,model vs. any human annotator,10,0.2857142857142855
AlkylationReagent,technical,Annotator3,Gemma,model vs. any human annotator,10,0.2857142857142855
CellLine,biological,Annotator3,Gemma,model vs. any human annotator,10,0.0
CellType,biological,Annotator3,Gemma,model vs. any human annotator,10,0.3999999999999999
Chromatography,technical,Annotator3,Gemma,model vs. any human annotator,10,
CleavageAgent,technical,Annotator3,Gemma,model vs. any human annotator,10,0.0
CollisionEnergy,technical,Annotator3,Gemma,model vs. any human annotator,10,0.5454545454545456
Compound,biological,Annotator3,Gemma,model vs. any human annotator,10,0.0
Disease,biological,Annotator3,Gemma,model vs. any human annotator,10,0.6153846153846155
EnrichmentMethod,technical,Annotator3,Gemma,model vs. any human annotator,10,0.1935483870967742
FactorValue,experimental_design,Annotator3,Gemma,model vs. any human annotator,10,0.0
FractionIdentifier,experimental_design,Annotator3,Gemma,model vs. any human annotator,10,0.0
FractionationFraction,experimental_design,Annotator3,Gemma,model vs. any human annotator,10,-0.11111111111111124
FractionationMethod,technical,Annotator3,Gemma,model vs. any human annotator,10,0.3478260869565216
FragmentMassTolerance,technical,Annotator3,Gemma,model vs. any human annotator,10,0.5833333333333334
FragmentationMethod,technical,Annotator3,Gemma,model vs. any human annotator,10,0.3999999999999999
GradientTime,technical,Annotator3,Gemma,model vs. any human annotator,10,0.3103448275862068
Instrument,technical,Annotator3,Gemma,model vs. any human annotator,10,
IonizationType,technical,Annotator3,Gemma,model vs. any human annotator,10,0.5454545454545455
Label,technical,Annotator3,Gemma,model vs. any human annotator,10,0.2105263157894738
MS2MassAnalyzer,technical,Annotator3,Gemma,model vs. any human annotator,10,0.41176470588235303
Modification,technical,Annotator3,Gemma,model vs. any human annotator,10,0.5454545454545456
NumberOfBiologicalReplicates,experimental_design,Annotator3,Gemma,model vs. any human annotator,10,0.6153846153846153
NumberOfFractions,experimental_design,Annotator3,Gemma,model vs. any human annotator,10,0.3478260869565216
NumberOfMissedCleavages,technical,Annotator3,Gemma,model vs. any human annotator,10,0.523809523809524
NumberOfSamples,experimental_design,Annotator3,Gemma,model vs. any human annotator,10,0.6153846153846155
NumberOfTechnicalReplicates,experimental_design,Annotator3,Gemma,model vs. any human annotator,10,0.0
Organism,biological,Annotator3,Gemma,model vs. any human annotator,10,0.2857142857142855
OrganismPart,biological,Annotator3,Gemma,model vs. any human annotator,10,0.4444444444444444
PooledSample,biological,Annotator3,Gemma,model vs. any human annotator,10,0.0
PrecursorMassTolerance,technical,Annotator3,Gemma,model vs. any human annotator,10,0.3478260869565216
ReductionReagent,technical,Annotator3,Gemma,model vs. any human annotator,10,0.04761904761904766
SampleTreatment,experimental_design,Annotator3,Gemma,model vs. any human annotator,10,0.0
SamplingTime,experimental_design,Annotator3,Gemma,model vs. any human annotator,10,0.0
Separation,technical,Annotator3,Gemma,model vs. any human annotator,10,-0.11111111111111124
Sex,biological,Annotator3,Gemma,model vs. any human annotator,10,0.782608695652174
Staining,biological,Annotator3,Gemma,model vs. any human annotator,10,0.0
Strain,biological,Annotator3,Gemma,model vs. any human annotator,10,0.19999999999999996
SupplementaryFile,technical,Annotator3,Gemma,model vs. any human annotator,10,
Time,experimental_design,Annotator3,Gemma,model vs. any human annotator,10,0.0
Treatment,biological,Annotator3,Gemma,model vs. any human annotator,10,-0.15384615384615447
AcquisitionMethod,technical,Annotator3,GLM,model vs. any human annotator,10,0.6153846153846155
Age,biological,Annotator3,GLM,model vs. any human annotator,10,0.19999999999999996
AlkylationReagent,technical,Annotator3,GLM,model vs. any human annotator,10,-0.1904761904761907
CellLine,biological,Annotator3,GLM,model vs. any human annotator,10,0.0
CellType,biological,Annotator3,GLM,model vs. any human annotator,10,0.37499999999999983
Chromatography,technical,Annotator3,GLM,model vs. any human annotator,10,
CleavageAgent,technical,Annotator3,GLM,model vs. any human annotator,10,0.0
CollisionEnergy,technical,Annotator3,GLM,model vs. any human annotator,10,0.09090909090909098
Compound,biological,Annotator3,GLM,model vs. any human annotator,10,0.0
Disease,biological,Annotator3,GLM,model vs. any human annotator,10,0.5833333333333334
EnrichmentMethod,technical,Annotator3,GLM,model vs. any human annotator,10,0.3999999999999999
FactorValue,experimental_design,Annotator3,GLM,model vs. any human annotator,10,0.0
FractionIdentifier,experimental_design,Annotator3,GLM,model vs. any human annotator,10,1.0
FractionationFraction,experimental_design,Annotator3,GLM,model vs. any human annotator,10,-0.11111111111111124
FractionationMethod,technical,Annotator3,GLM,model vs. any human annotator,10,0.19999999999999996
FragmentMassTolerance,technical,Annotator3,GLM,model vs. any human annotator,10,0.782608695652174
FragmentationMethod,technical,Annotator3,GLM,model vs. any human annotator,10,0.3999999999999999
GradientTime,technical,Annotator3,GLM,model vs. any human annotator,10,-0.5217391304347827
Instrument,technical,Annotator3,GLM,model vs. any human annotator,10,
IonizationType,technical,Annotator3,GLM,model vs. any human annotator,10,0.5454545454545455
Label,technical,Annotator3,GLM,model vs. any human annotator,10,-0.15384615384615447
MS2MassAnalyzer,technical,Annotator3,GLM,model vs. any human annotator,10,0.41176470588235303
Modification,technical,Annotator3,GLM,model vs. any human annotator,10,0.2857142857142855
NumberOfBiologicalReplicates,experimental_design,Annotator3,GLM,model vs. any human annotator,10,0.6153846153846153
NumberOfFractions,experimental_design,Annotator3,GLM,model vs. any human annotator,10,0.782608695652174
NumberOfMissedCleavages,technical,Annotator3,GLM,model vs. any human annotator,10,0.782608695652174
NumberOfSamples,experimental_design,Annotator3,GLM,model vs. any human annotator,10,0.3999999999999999
NumberOfTechnicalReplicates,experimental_design,Annotator3,GLM,model vs. any human annotator,10,0.0
Organism,biological,Annotator3,GLM,model vs. any human annotator,10,0.5833333333333334
OrganismPart,biological,Annotator3,GLM,model vs. any human annotator,10,0.782608695652174
PooledSample,biological,Annotator3,GLM,model vs. any human annotator,10,0.0
PrecursorMassTolerance,technical,Annotator3,GLM,model vs. any human annotator,10,1.0
ReductionReagent,technical,Annotator3,GLM,model vs. any human annotator,10,-0.1764705882352943
SampleTreatment,experimental_design,Annotator3,GLM,model vs. any human annotator,10,0.0
SamplingTime,experimental_design,Annotator3,GLM,model vs. any human annotator,10,-0.15384615384615447
Separation,technical,Annotator3,GLM,model vs. any human annotator,10,-0.11111111111111124
Sex,biological,Annotator3,GLM,model vs. any human annotator,10,0.3478260869565216
Staining,biological,Annotator3,GLM,model vs. any human annotator,10,-7.930164461608261e-17
Strain,biological,Annotator3,GLM,model vs. any human annotator,10,0.19999999999999996
SupplementaryFile,technical,Annotator3,GLM,model vs. any human annotator,10,0.0
Time,experimental_design,Annotator3,GLM,model vs. any human annotator,10,0.0
Treatment,biological,Annotator3,GLM,model vs. any human annotator,10,0.0
AcquisitionMethod,technical,Annotator4,Annotator5,MultiHuman annotator vs. MultiHuman annotator,2,0.0
Age,biological,Annotator4,Annotator5,MultiHuman annotator vs. MultiHuman annotator,2,
AlkylationReagent,technical,Annotator4,Annotator5,MultiHuman annotator vs. MultiHuman annotator,2,0.0
CellLine,biological,Annotator4,Annotator5,MultiHuman annotator vs. MultiHuman annotator,2,
CellType,biological,Annotator4,Annotator5,MultiHuman annotator vs. MultiHuman annotator,2,
Chromatography,technical,Annotator4,Annotator5,MultiHuman annotator vs. MultiHuman annotator,2,
CleavageAgent,technical,Annotator4,Annotator5,MultiHuman annotator vs. MultiHuman annotator,2,
CollisionEnergy,technical,Annotator4,Annotator5,MultiHuman annotator vs. MultiHuman annotator,2,0.0
Compound,biological,Annotator4,Annotator5,MultiHuman annotator vs. MultiHuman annotator,2,0.0
Disease,biological,Annotator4,Annotator5,MultiHuman annotator vs. MultiHuman annotator,2,1.0
EnrichmentMethod,technical,Annotator4,Annotator5,MultiHuman annotator vs. MultiHuman annotator,2,
FactorValue,experimental_design,Annotator4,Annotator5,MultiHuman annotator vs. MultiHuman annotator,2,0.0
FractionIdentifier,experimental_design,Annotator4,Annotator5,MultiHuman annotator vs. MultiHuman annotator,2,
FractionationFraction,experimental_design,Annotator4,Annotator5,MultiHuman annotator vs. MultiHuman annotator,2,
FractionationMethod,technical,Annotator4,Annotator5,MultiHuman annotator vs. MultiHuman annotator,2,0.0
FragmentMassTolerance,technical,Annotator4,Annotator5,MultiHuman annotator vs. MultiHuman annotator,2,0.0
FragmentationMethod,technical,Annotator4,Annotator5,MultiHuman annotator vs. MultiHuman annotator,2,
GradientTime,technical,Annotator4,Annotator5,MultiHuman annotator vs. MultiHuman annotator,2,0.0
Instrument,technical,Annotator4,Annotator5,MultiHuman annotator vs. MultiHuman annotator,2,0.0
IonizationType,technical,Annotator4,Annotator5,MultiHuman annotator vs. MultiHuman annotator,2,1.0
Label,technical,Annotator4,Annotator5,MultiHuman annotator vs. MultiHuman annotator,2,
MS2MassAnalyzer,technical,Annotator4,Annotator5,MultiHuman annotator vs. MultiHuman annotator,2,
Modification,technical,Annotator4,Annotator5,MultiHuman annotator vs. MultiHuman annotator,2,0.0
NumberOfBiologicalReplicates,experimental_design,Annotator4,Annotator5,MultiHuman annotator vs. MultiHuman annotator,2,
NumberOfFractions,experimental_design,Annotator4,Annotator5,MultiHuman annotator vs. MultiHuman annotator,2,0.0
NumberOfMissedCleavages,technical,Annotator4,Annotator5,MultiHuman annotator vs. MultiHuman annotator,2,0.0
NumberOfSamples,experimental_design,Annotator4,Annotator5,MultiHuman annotator vs. MultiHuman annotator,2,0.0
NumberOfTechnicalReplicates,experimental_design,Annotator4,Annotator5,MultiHuman annotator vs. MultiHuman annotator,2,
Organism,biological,Annotator4,Annotator5,MultiHuman annotator vs. MultiHuman annotator,2,
OrganismPart,biological,Annotator4,Annotator5,MultiHuman annotator vs. MultiHuman annotator,2,0.0
PooledSample,biological,Annotator4,Annotator5,MultiHuman annotator vs. MultiHuman annotator,2,
PrecursorMassTolerance,technical,Annotator4,Annotator5,MultiHuman annotator vs. MultiHuman annotator,2,0.0
ReductionReagent,technical,Annotator4,Annotator5,MultiHuman annotator vs. MultiHuman annotator,2,0.0
SampleTreatment,experimental_design,Annotator4,Annotator5,MultiHuman annotator vs. MultiHuman annotator,2,
SamplingTime,experimental_design,Annotator4,Annotator5,MultiHuman annotator vs. MultiHuman annotator,2,
Separation,technical,Annotator4,Annotator5,MultiHuman annotator vs. MultiHuman annotator,2,
Sex,biological,Annotator4,Annotator5,MultiHuman annotator vs. MultiHuman annotator,2,
Staining,biological,Annotator4,Annotator5,MultiHuman annotator vs. MultiHuman annotator,2,
Strain,biological,Annotator4,Annotator5,MultiHuman annotator vs. MultiHuman annotator,2,1.0
SupplementaryFile,technical,Annotator4,Annotator5,MultiHuman annotator vs. MultiHuman annotator,2,
Time,experimental_design,Annotator4,Annotator5,MultiHuman annotator vs. MultiHuman annotator,2,
Treatment,biological,Annotator4,Annotator5,MultiHuman annotator vs. MultiHuman annotator,2,
AcquisitionMethod,technical,Annotator4,Annotator6,MultiHuman annotator vs. MultiHuman annotator,1,0.0
Age,biological,Annotator4,Annotator6,MultiHuman annotator vs. MultiHuman annotator,1,
AlkylationReagent,technical,Annotator4,Annotator6,MultiHuman annotator vs. MultiHuman annotator,1,0.0
CellLine,biological,Annotator4,Annotator6,MultiHuman annotator vs. MultiHuman annotator,1,
CellType,biological,Annotator4,Annotator6,MultiHuman annotator vs. MultiHuman annotator,1,
Chromatography,technical,Annotator4,Annotator6,MultiHuman annotator vs. MultiHuman annotator,1,0.0
CleavageAgent,technical,Annotator4,Annotator6,MultiHuman annotator vs. MultiHuman annotator,1,
CollisionEnergy,technical,Annotator4,Annotator6,MultiHuman annotator vs. MultiHuman annotator,1,0.0
Compound,biological,Annotator4,Annotator6,MultiHuman annotator vs. MultiHuman annotator,1,
Disease,biological,Annotator4,Annotator6,MultiHuman annotator vs. MultiHuman annotator,1,
EnrichmentMethod,technical,Annotator4,Annotator6,MultiHuman annotator vs. MultiHuman annotator,1,0.0
FactorValue,experimental_design,Annotator4,Annotator6,MultiHuman annotator vs. MultiHuman annotator,1,0.0
FractionIdentifier,experimental_design,Annotator4,Annotator6,MultiHuman annotator vs. MultiHuman annotator,1,
FractionationFraction,experimental_design,Annotator4,Annotator6,MultiHuman annotator vs. MultiHuman annotator,1,
FractionationMethod,technical,Annotator4,Annotator6,MultiHuman annotator vs. MultiHuman annotator,1,
FragmentMassTolerance,technical,Annotator4,Annotator6,MultiHuman annotator vs. MultiHuman annotator,1,
FragmentationMethod,technical,Annotator4,Annotator6,MultiHuman annotator vs. MultiHuman annotator,1,
GradientTime,technical,Annotator4,Annotator6,MultiHuman annotator vs. MultiHuman annotator,1,
Instrument,technical,Annotator4,Annotator6,MultiHuman annotator vs. MultiHuman annotator,1,0.0
IonizationType,technical,Annotator4,Annotator6,MultiHuman annotator vs. MultiHuman annotator,1,
Label,technical,Annotator4,Annotator6,MultiHuman annotator vs. MultiHuman annotator,1,
MS2MassAnalyzer,technical,Annotator4,Annotator6,MultiHuman annotator vs. MultiHuman annotator,1,0.0
Modification,technical,Annotator4,Annotator6,MultiHuman annotator vs. MultiHuman annotator,1,0.0
NumberOfBiologicalReplicates,experimental_design,Annotator4,Annotator6,MultiHuman annotator vs. MultiHuman annotator,1,
NumberOfFractions,experimental_design,Annotator4,Annotator6,MultiHuman annotator vs. MultiHuman annotator,1,0.0
NumberOfMissedCleavages,technical,Annotator4,Annotator6,MultiHuman annotator vs. MultiHuman annotator,1,
NumberOfSamples,experimental_design,Annotator4,Annotator6,MultiHuman annotator vs. MultiHuman annotator,1,
NumberOfTechnicalReplicates,experimental_design,Annotator4,Annotator6,MultiHuman annotator vs. MultiHuman annotator,1,
Organism,biological,Annotator4,Annotator6,MultiHuman annotator vs. MultiHuman annotator,1,
OrganismPart,biological,Annotator4,Annotator6,MultiHuman annotator vs. MultiHuman annotator,1,0.0
PooledSample,biological,Annotator4,Annotator6,MultiHuman annotator vs. MultiHuman annotator,1,
PrecursorMassTolerance,technical,Annotator4,Annotator6,MultiHuman annotator vs. MultiHuman annotator,1,0.0
ReductionReagent,technical,Annotator4,Annotator6,MultiHuman annotator vs. MultiHuman annotator,1,0.0
SampleTreatment,experimental_design,Annotator4,Annotator6,MultiHuman annotator vs. MultiHuman annotator,1,
SamplingTime,experimental_design,Annotator4,Annotator6,MultiHuman annotator vs. MultiHuman annotator,1,
Separation,technical,Annotator4,Annotator6,MultiHuman annotator vs. MultiHuman annotator,1,
Sex,biological,Annotator4,Annotator6,MultiHuman annotator vs. MultiHuman annotator,1,
Staining,biological,Annotator4,Annotator6,MultiHuman annotator vs. MultiHuman annotator,1,
Strain,biological,Annotator4,Annotator6,MultiHuman annotator vs. MultiHuman annotator,1,
SupplementaryFile,technical,Annotator4,Annotator6,MultiHuman annotator vs. MultiHuman annotator,1,
Time,experimental_design,Annotator4,Annotator6,MultiHuman annotator vs. MultiHuman annotator,1,
Treatment,biological,Annotator4,Annotator6,MultiHuman annotator vs. MultiHuman annotator,1,
AcquisitionMethod,technical,Annotator4,Annotator7,MultiHuman annotator vs. MultiHuman annotator,2,1.0
Age,biological,Annotator4,Annotator7,MultiHuman annotator vs. MultiHuman annotator,2,
AlkylationReagent,technical,Annotator4,Annotator7,MultiHuman annotator vs. MultiHuman annotator,2,0.0
CellLine,biological,Annotator4,Annotator7,MultiHuman annotator vs. MultiHuman annotator,2,1.0
CellType,biological,Annotator4,Annotator7,MultiHuman annotator vs. MultiHuman annotator,2,
Chromatography,technical,Annotator4,Annotator7,MultiHuman annotator vs. MultiHuman annotator,2,0.0
CleavageAgent,technical,Annotator4,Annotator7,MultiHuman annotator vs. MultiHuman annotator,2,
CollisionEnergy,technical,Annotator4,Annotator7,MultiHuman annotator vs. MultiHuman annotator,2,0.0
Compound,biological,Annotator4,Annotator7,MultiHuman annotator vs. MultiHuman annotator,2,
Disease,biological,Annotator4,Annotator7,MultiHuman annotator vs. MultiHuman annotator,2,1.0
EnrichmentMethod,technical,Annotator4,Annotator7,MultiHuman annotator vs. MultiHuman annotator,2,0.0
FactorValue,experimental_design,Annotator4,Annotator7,MultiHuman annotator vs. MultiHuman annotator,2,
FractionIdentifier,experimental_design,Annotator4,Annotator7,MultiHuman annotator vs. MultiHuman annotator,2,0.0
FractionationFraction,experimental_design,Annotator4,Annotator7,MultiHuman annotator vs. MultiHuman annotator,2,0.0
FractionationMethod,technical,Annotator4,Annotator7,MultiHuman annotator vs. MultiHuman annotator,2,0.0
FragmentMassTolerance,technical,Annotator4,Annotator7,MultiHuman annotator vs. MultiHuman annotator,2,0.0
FragmentationMethod,technical,Annotator4,Annotator7,MultiHuman annotator vs. MultiHuman annotator,2,0.0
GradientTime,technical,Annotator4,Annotator7,MultiHuman annotator vs. MultiHuman annotator,2,0.0
Instrument,technical,Annotator4,Annotator7,MultiHuman annotator vs. MultiHuman annotator,2,0.0
IonizationType,technical,Annotator4,Annotator7,MultiHuman annotator vs. MultiHuman annotator,2,1.0
Label,technical,Annotator4,Annotator7,MultiHuman annotator vs. MultiHuman annotator,2,1.0
MS2MassAnalyzer,technical,Annotator4,Annotator7,MultiHuman annotator vs. MultiHuman annotator,2,0.0
Modification,technical,Annotator4,Annotator7,MultiHuman annotator vs. MultiHuman annotator,2,0.0
NumberOfBiologicalReplicates,experimental_design,Annotator4,Annotator7,MultiHuman annotator vs. MultiHuman annotator,2,
NumberOfFractions,experimental_design,Annotator4,Annotator7,MultiHuman annotator vs. MultiHuman annotator,2,0.0
NumberOfMissedCleavages,technical,Annotator4,Annotator7,MultiHuman annotator vs. MultiHuman annotator,2,0.0
NumberOfSamples,experimental_design,Annotator4,Annotator7,MultiHuman annotator vs. MultiHuman annotator,2,
NumberOfTechnicalReplicates,experimental_design,Annotator4,Annotator7,MultiHuman annotator vs. MultiHuman annotator,2,
Organism,biological,Annotator4,Annotator7,MultiHuman annotator vs. MultiHuman annotator,2,
OrganismPart,biological,Annotator4,Annotator7,MultiHuman annotator vs. MultiHuman annotator,2,0.0
PooledSample,biological,Annotator4,Annotator7,MultiHuman annotator vs. MultiHuman annotator,2,
PrecursorMassTolerance,technical,Annotator4,Annotator7,MultiHuman annotator vs. MultiHuman annotator,2,0.0
ReductionReagent,technical,Annotator4,Annotator7,MultiHuman annotator vs. MultiHuman annotator,2,0.0
SampleTreatment,experimental_design,Annotator4,Annotator7,MultiHuman annotator vs. MultiHuman annotator,2,
SamplingTime,experimental_design,Annotator4,Annotator7,MultiHuman annotator vs. MultiHuman annotator,2,
Separation,technical,Annotator4,Annotator7,MultiHuman annotator vs. MultiHuman annotator,2,0.0
Sex,biological,Annotator4,Annotator7,MultiHuman annotator vs. MultiHuman annotator,2,
Staining,biological,Annotator4,Annotator7,MultiHuman annotator vs. MultiHuman annotator,2,
Strain,biological,Annotator4,Annotator7,MultiHuman annotator vs. MultiHuman annotator,2,
SupplementaryFile,technical,Annotator4,Annotator7,MultiHuman annotator vs. MultiHuman annotator,2,
Time,experimental_design,Annotator4,Annotator7,MultiHuman annotator vs. MultiHuman annotator,2,
Treatment,biological,Annotator4,Annotator7,MultiHuman annotator vs. MultiHuman annotator,2,
AcquisitionMethod,technical,Annotator4,Annotator8,MultiHuman annotator vs. MultiHuman annotator,1,
Age,biological,Annotator4,Annotator8,MultiHuman annotator vs. MultiHuman annotator,1,
AlkylationReagent,technical,Annotator4,Annotator8,MultiHuman annotator vs. MultiHuman annotator,1,0.0
CellLine,biological,Annotator4,Annotator8,MultiHuman annotator vs. MultiHuman annotator,1,
CellType,biological,Annotator4,Annotator8,MultiHuman annotator vs. MultiHuman annotator,1,
Chromatography,technical,Annotator4,Annotator8,MultiHuman annotator vs. MultiHuman annotator,1,
CleavageAgent,technical,Annotator4,Annotator8,MultiHuman annotator vs. MultiHuman annotator,1,
CollisionEnergy,technical,Annotator4,Annotator8,MultiHuman annotator vs. MultiHuman annotator,1,0.0
Compound,biological,Annotator4,Annotator8,MultiHuman annotator vs. MultiHuman annotator,1,
Disease,biological,Annotator4,Annotator8,MultiHuman annotator vs. MultiHuman annotator,1,
EnrichmentMethod,technical,Annotator4,Annotator8,MultiHuman annotator vs. MultiHuman annotator,1,
FactorValue,experimental_design,Annotator4,Annotator8,MultiHuman annotator vs. MultiHuman annotator,1,0.0
FractionIdentifier,experimental_design,Annotator4,Annotator8,MultiHuman annotator vs. MultiHuman annotator,1,
FractionationFraction,experimental_design,Annotator4,Annotator8,MultiHuman annotator vs. MultiHuman annotator,1,0.0
FractionationMethod,technical,Annotator4,Annotator8,MultiHuman annotator vs. MultiHuman annotator,1,
FragmentMassTolerance,technical,Annotator4,Annotator8,MultiHuman annotator vs. MultiHuman annotator,1,
FragmentationMethod,technical,Annotator4,Annotator8,MultiHuman annotator vs. MultiHuman annotator,1,0.0
GradientTime,technical,Annotator4,Annotator8,MultiHuman annotator vs. MultiHuman annotator,1,0.0
Instrument,technical,Annotator4,Annotator8,MultiHuman annotator vs. MultiHuman annotator,1,0.0
IonizationType,technical,Annotator4,Annotator8,MultiHuman annotator vs. MultiHuman annotator,1,0.0
Label,technical,Annotator4,Annotator8,MultiHuman annotator vs. MultiHuman annotator,1,
MS2MassAnalyzer,technical,Annotator4,Annotator8,MultiHuman annotator vs. MultiHuman annotator,1,
Modification,technical,Annotator4,Annotator8,MultiHuman annotator vs. MultiHuman annotator,1,
NumberOfBiologicalReplicates,experimental_design,Annotator4,Annotator8,MultiHuman annotator vs. MultiHuman annotator,1,
NumberOfFractions,experimental_design,Annotator4,Annotator8,MultiHuman annotator vs. MultiHuman annotator,1,0.0
NumberOfMissedCleavages,technical,Annotator4,Annotator8,MultiHuman annotator vs. MultiHuman annotator,1,
NumberOfSamples,experimental_design,Annotator4,Annotator8,MultiHuman annotator vs. MultiHuman annotator,1,
NumberOfTechnicalReplicates,experimental_design,Annotator4,Annotator8,MultiHuman annotator vs. MultiHuman annotator,1,
Organism,biological,Annotator4,Annotator8,MultiHuman annotator vs. MultiHuman annotator,1,
OrganismPart,biological,Annotator4,Annotator8,MultiHuman annotator vs. MultiHuman annotator,1,
PooledSample,biological,Annotator4,Annotator8,MultiHuman annotator vs. MultiHuman annotator,1,
PrecursorMassTolerance,technical,Annotator4,Annotator8,MultiHuman annotator vs. MultiHuman annotator,1,
ReductionReagent,technical,Annotator4,Annotator8,MultiHuman annotator vs. MultiHuman annotator,1,0.0
SampleTreatment,experimental_design,Annotator4,Annotator8,MultiHuman annotator vs. MultiHuman annotator,1,
SamplingTime,experimental_design,Annotator4,Annotator8,MultiHuman annotator vs. MultiHuman annotator,1,
Separation,technical,Annotator4,Annotator8,MultiHuman annotator vs. MultiHuman annotator,1,
Sex,biological,Annotator4,Annotator8,MultiHuman annotator vs. MultiHuman annotator,1,
Staining,biological,Annotator4,Annotator8,MultiHuman annotator vs. MultiHuman annotator,1,
Strain,biological,Annotator4,Annotator8,MultiHuman annotator vs. MultiHuman annotator,1,0.0
SupplementaryFile,technical,Annotator4,Annotator8,MultiHuman annotator vs. MultiHuman annotator,1,
Time,experimental_design,Annotator4,Annotator8,MultiHuman annotator vs. MultiHuman annotator,1,
Treatment,biological,Annotator4,Annotator8,MultiHuman annotator vs. MultiHuman annotator,1,
AcquisitionMethod,technical,Annotator4,Qwen,model vs. any human annotator,3,-8.326672684688674e-17
Age,biological,Annotator4,Qwen,model vs. any human annotator,3,
AlkylationReagent,technical,Annotator4,Qwen,model vs. any human annotator,3,0.0
CellLine,biological,Annotator4,Qwen,model vs. any human annotator,3,0.39999999999999986
CellType,biological,Annotator4,Qwen,model vs. any human annotator,3,
Chromatography,technical,Annotator4,Qwen,model vs. any human annotator,3,
CleavageAgent,technical,Annotator4,Qwen,model vs. any human annotator,3,
CollisionEnergy,technical,Annotator4,Qwen,model vs. any human annotator,3,0.0
Compound,biological,Annotator4,Qwen,model vs. any human annotator,3,-3.3306690738754706e-16
Disease,biological,Annotator4,Qwen,model vs. any human annotator,3,-3.3306690738754706e-16
EnrichmentMethod,technical,Annotator4,Qwen,model vs. any human annotator,3,-8.326672684688674e-17
FactorValue,experimental_design,Annotator4,Qwen,model vs. any human annotator,3,
FractionIdentifier,experimental_design,Annotator4,Qwen,model vs. any human annotator,3,
FractionationFraction,experimental_design,Annotator4,Qwen,model vs. any human annotator,3,-3.3306690738754706e-16
FractionationMethod,technical,Annotator4,Qwen,model vs. any human annotator,3,-3.3306690738754706e-16
FragmentMassTolerance,technical,Annotator4,Qwen,model vs. any human annotator,3,0.0
FragmentationMethod,technical,Annotator4,Qwen,model vs. any human annotator,3,0.0
GradientTime,technical,Annotator4,Qwen,model vs. any human annotator,3,0.0
Instrument,technical,Annotator4,Qwen,model vs. any human annotator,3,0.0
IonizationType,technical,Annotator4,Qwen,model vs. any human annotator,3,-3.3306690738754706e-16
Label,technical,Annotator4,Qwen,model vs. any human annotator,3,0.39999999999999986
MS2MassAnalyzer,technical,Annotator4,Qwen,model vs. any human annotator,3,-0.5000000000000001
Modification,technical,Annotator4,Qwen,model vs. any human annotator,3,0.0
NumberOfBiologicalReplicates,experimental_design,Annotator4,Qwen,model vs. any human annotator,3,-3.3306690738754706e-16
NumberOfFractions,experimental_design,Annotator4,Qwen,model vs. any human annotator,3,0.0
NumberOfMissedCleavages,technical,Annotator4,Qwen,model vs. any human annotator,3,0.39999999999999986
NumberOfSamples,experimental_design,Annotator4,Qwen,model vs. any human annotator,3,-3.3306690738754706e-16
NumberOfTechnicalReplicates,experimental_design,Annotator4,Qwen,model vs. any human annotator,3,-3.3306690738754706e-16
Organism,biological,Annotator4,Qwen,model vs. any human annotator,3,
OrganismPart,biological,Annotator4,Qwen,model vs. any human annotator,3,0.0
PooledSample,biological,Annotator4,Qwen,model vs. any human annotator,3,
PrecursorMassTolerance,technical,Annotator4,Qwen,model vs. any human annotator,3,1.0
ReductionReagent,technical,Annotator4,Qwen,model vs. any human annotator,3,0.0
SampleTreatment,experimental_design,Annotator4,Qwen,model vs. any human annotator,3,-3.3306690738754706e-16
SamplingTime,experimental_design,Annotator4,Qwen,model vs. any human annotator,3,-3.3306690738754706e-16
Separation,technical,Annotator4,Qwen,model vs. any human annotator,3,-3.3306690738754706e-16
Sex,biological,Annotator4,Qwen,model vs. any human annotator,3,
Staining,biological,Annotator4,Qwen,model vs. any human annotator,3,-3.3306690738754706e-16
Strain,biological,Annotator4,Qwen,model vs. any human annotator,3,0.0
SupplementaryFile,technical,Annotator4,Qwen,model vs. any human annotator,3,
Time,experimental_design,Annotator4,Qwen,model vs. any human annotator,3,-8.326672684688674e-17
Treatment,biological,Annotator4,Qwen,model vs. any human annotator,3,-3.3306690738754706e-16
AcquisitionMethod,technical,Annotator4,Gemma,model vs. any human annotator,3,-0.5000000000000001
Age,biological,Annotator4,Gemma,model vs. any human annotator,3,
AlkylationReagent,technical,Annotator4,Gemma,model vs. any human annotator,3,0.0
CellLine,biological,Annotator4,Gemma,model vs. any human annotator,3,0.39999999999999986
CellType,biological,Annotator4,Gemma,model vs. any human annotator,3,-3.3306690738754706e-16
Chromatography,technical,Annotator4,Gemma,model vs. any human annotator,3,
CleavageAgent,technical,Annotator4,Gemma,model vs. any human annotator,3,
CollisionEnergy,technical,Annotator4,Gemma,model vs. any human annotator,3,0.0
Compound,biological,Annotator4,Gemma,model vs. any human annotator,3,0.0
Disease,biological,Annotator4,Gemma,model vs. any human annotator,3,-3.3306690738754706e-16
EnrichmentMethod,technical,Annotator4,Gemma,model vs. any human annotator,3,-8.326672684688674e-17
FactorValue,experimental_design,Annotator4,Gemma,model vs. any human annotator,3,
FractionIdentifier,experimental_design,Annotator4,Gemma,model vs. any human annotator,3,
FractionationFraction,experimental_design,Annotator4,Gemma,model vs. any human annotator,3,-3.3306690738754706e-16
FractionationMethod,technical,Annotator4,Gemma,model vs. any human annotator,3,-3.3306690738754706e-16
FragmentMassTolerance,technical,Annotator4,Gemma,model vs. any human annotator,3,-0.5000000000000001
FragmentationMethod,technical,Annotator4,Gemma,model vs. any human annotator,3,0.0
GradientTime,technical,Annotator4,Gemma,model vs. any human annotator,3,-0.8
Instrument,technical,Annotator4,Gemma,model vs. any human annotator,3,0.0
IonizationType,technical,Annotator4,Gemma,model vs. any human annotator,3,-3.3306690738754706e-16
Label,technical,Annotator4,Gemma,model vs. any human annotator,3,1.0
MS2MassAnalyzer,technical,Annotator4,Gemma,model vs. any human annotator,3,-0.5000000000000001
Modification,technical,Annotator4,Gemma,model vs. any human annotator,3,0.0
NumberOfBiologicalReplicates,experimental_design,Annotator4,Gemma,model vs. any human annotator,3,-3.3306690738754706e-16
NumberOfFractions,experimental_design,Annotator4,Gemma,model vs. any human annotator,3,0.0
NumberOfMissedCleavages,technical,Annotator4,Gemma,model vs. any human annotator,3,0.39999999999999986
NumberOfSamples,experimental_design,Annotator4,Gemma,model vs. any human annotator,3,
NumberOfTechnicalReplicates,experimental_design,Annotator4,Gemma,model vs. any human annotator,3,-3.3306690738754706e-16
Organism,biological,Annotator4,Gemma,model vs. any human annotator,3,
OrganismPart,biological,Annotator4,Gemma,model vs. any human annotator,3,0.0
PooledSample,biological,Annotator4,Gemma,model vs. any human annotator,3,
PrecursorMassTolerance,technical,Annotator4,Gemma,model vs. any human annotator,3,0.0
ReductionReagent,technical,Annotator4,Gemma,model vs. any human annotator,3,0.0
SampleTreatment,experimental_design,Annotator4,Gemma,model vs. any human annotator,3,
SamplingTime,experimental_design,Annotator4,Gemma,model vs. any human annotator,3,
Separation,technical,Annotator4,Gemma,model vs. any human annotator,3,0.0
Sex,biological,Annotator4,Gemma,model vs. any human annotator,3,
Staining,biological,Annotator4,Gemma,model vs. any human annotator,3,-3.3306690738754706e-16
Strain,biological,Annotator4,Gemma,model vs. any human annotator,3,0.0
SupplementaryFile,technical,Annotator4,Gemma,model vs. any human annotator,3,
Time,experimental_design,Annotator4,Gemma,model vs. any human annotator,3,0.0
Treatment,biological,Annotator4,Gemma,model vs. any human annotator,3,-3.3306690738754706e-16
AcquisitionMethod,technical,Annotator4,GLM,model vs. any human annotator,3,1.0
Age,biological,Annotator4,GLM,model vs. any human annotator,3,
AlkylationReagent,technical,Annotator4,GLM,model vs. any human annotator,3,0.0
CellLine,biological,Annotator4,GLM,model vs. any human annotator,3,0.39999999999999986
CellType,biological,Annotator4,GLM,model vs. any human annotator,3,
Chromatography,technical,Annotator4,GLM,model vs. any human annotator,3,
CleavageAgent,technical,Annotator4,GLM,model vs. any human annotator,3,
CollisionEnergy,technical,Annotator4,GLM,model vs. any human annotator,3,0.0
Compound,biological,Annotator4,GLM,model vs. any human annotator,3,-3.3306690738754706e-16
Disease,biological,Annotator4,GLM,model vs. any human annotator,3,-3.3306690738754706e-16
EnrichmentMethod,technical,Annotator4,GLM,model vs. any human annotator,3,-8.326672684688674e-17
FactorValue,experimental_design,Annotator4,GLM,model vs. any human annotator,3,
FractionIdentifier,experimental_design,Annotator4,GLM,model vs. any human annotator,3,
FractionationFraction,experimental_design,Annotator4,GLM,model vs. any human annotator,3,-3.3306690738754706e-16
FractionationMethod,technical,Annotator4,GLM,model vs. any human annotator,3,-8.326672684688674e-17
FragmentMassTolerance,technical,Annotator4,GLM,model vs. any human annotator,3,-0.5000000000000001
FragmentationMethod,technical,Annotator4,GLM,model vs. any human annotator,3,0.0
GradientTime,technical,Annotator4,GLM,model vs. any human annotator,3,0.0
Instrument,technical,Annotator4,GLM,model vs. any human annotator,3,0.0
IonizationType,technical,Annotator4,GLM,model vs. any human annotator,3,-3.3306690738754706e-16
Label,technical,Annotator4,GLM,model vs. any human annotator,3,1.0
MS2MassAnalyzer,technical,Annotator4,GLM,model vs. any human annotator,3,-0.8
Modification,technical,Annotator4,GLM,model vs. any human annotator,3,0.0
NumberOfBiologicalReplicates,experimental_design,Annotator4,GLM,model vs. any human annotator,3,-3.3306690738754706e-16
NumberOfFractions,experimental_design,Annotator4,GLM,model vs. any human annotator,3,0.39999999999999986
NumberOfMissedCleavages,technical,Annotator4,GLM,model vs. any human annotator,3,0.39999999999999986
NumberOfSamples,experimental_design,Annotator4,GLM,model vs. any human annotator,3,
NumberOfTechnicalReplicates,experimental_design,Annotator4,GLM,model vs. any human annotator,3,-3.3306690738754706e-16
Organism,biological,Annotator4,GLM,model vs. any human annotator,3,
OrganismPart,biological,Annotator4,GLM,model vs. any human annotator,3,0.0
PooledSample,biological,Annotator4,GLM,model vs. any human annotator,3,
PrecursorMassTolerance,technical,Annotator4,GLM,model vs. any human annotator,3,0.0
ReductionReagent,technical,Annotator4,GLM,model vs. any human annotator,3,0.0
SampleTreatment,experimental_design,Annotator4,GLM,model vs. any human annotator,3,
SamplingTime,experimental_design,Annotator4,GLM,model vs. any human annotator,3,
Separation,technical,Annotator4,GLM,model vs. any human annotator,3,0.0
Sex,biological,Annotator4,GLM,model vs. any human annotator,3,
Staining,biological,Annotator4,GLM,model vs. any human annotator,3,-3.3306690738754706e-16
Strain,biological,Annotator4,GLM,model vs. any human annotator,3,0.0
SupplementaryFile,technical,Annotator4,GLM,model vs. any human annotator,3,
Time,experimental_design,Annotator4,GLM,model vs. any human annotator,3,
Treatment,biological,Annotator4,GLM,model vs. any human annotator,3,
AcquisitionMethod,technical,Annotator5,Annotator6,MultiHuman annotator vs. MultiHuman annotator,2,
Age,biological,Annotator5,Annotator6,MultiHuman annotator vs. MultiHuman annotator,2,
AlkylationReagent,technical,Annotator5,Annotator6,MultiHuman annotator vs. MultiHuman annotator,2,1.0
CellLine,biological,Annotator5,Annotator6,MultiHuman annotator vs. MultiHuman annotator,2,0.0
CellType,biological,Annotator5,Annotator6,MultiHuman annotator vs. MultiHuman annotator,2,
Chromatography,technical,Annotator5,Annotator6,MultiHuman annotator vs. MultiHuman annotator,2,0.0
CleavageAgent,technical,Annotator5,Annotator6,MultiHuman annotator vs. MultiHuman annotator,2,1.0
CollisionEnergy,technical,Annotator5,Annotator6,MultiHuman annotator vs. MultiHuman annotator,2,
Compound,biological,Annotator5,Annotator6,MultiHuman annotator vs. MultiHuman annotator,2,0.0
Disease,biological,Annotator5,Annotator6,MultiHuman annotator vs. MultiHuman annotator,2,
EnrichmentMethod,technical,Annotator5,Annotator6,MultiHuman annotator vs. MultiHuman annotator,2,0.0
FactorValue,experimental_design,Annotator5,Annotator6,MultiHuman annotator vs. MultiHuman annotator,2,0.0
FractionIdentifier,experimental_design,Annotator5,Annotator6,MultiHuman annotator vs. MultiHuman annotator,2,
FractionationFraction,experimental_design,Annotator5,Annotator6,MultiHuman annotator vs. MultiHuman annotator,2,
FractionationMethod,technical,Annotator5,Annotator6,MultiHuman annotator vs. MultiHuman annotator,2,0.0
FragmentMassTolerance,technical,Annotator5,Annotator6,MultiHuman annotator vs. MultiHuman annotator,2,
FragmentationMethod,technical,Annotator5,Annotator6,MultiHuman annotator vs. MultiHuman annotator,2,
GradientTime,technical,Annotator5,Annotator6,MultiHuman annotator vs. MultiHuman annotator,2,1.0
Instrument,technical,Annotator5,Annotator6,MultiHuman annotator vs. MultiHuman annotator,2,
IonizationType,technical,Annotator5,Annotator6,MultiHuman annotator vs. MultiHuman annotator,2,
Label,technical,Annotator5,Annotator6,MultiHuman annotator vs. MultiHuman annotator,2,1.0
MS2MassAnalyzer,technical,Annotator5,Annotator6,MultiHuman annotator vs. MultiHuman annotator,2,0.0
Modification,technical,Annotator5,Annotator6,MultiHuman annotator vs. MultiHuman annotator,2,1.0
NumberOfBiologicalReplicates,experimental_design,Annotator5,Annotator6,MultiHuman annotator vs. MultiHuman annotator,2,
NumberOfFractions,experimental_design,Annotator5,Annotator6,MultiHuman annotator vs. MultiHuman annotator,2,0.0
NumberOfMissedCleavages,technical,Annotator5,Annotator6,MultiHuman annotator vs. MultiHuman annotator,2,
NumberOfSamples,experimental_design,Annotator5,Annotator6,MultiHuman annotator vs. MultiHuman annotator,2,
NumberOfTechnicalReplicates,experimental_design,Annotator5,Annotator6,MultiHuman annotator vs. MultiHuman annotator,2,
Organism,biological,Annotator5,Annotator6,MultiHuman annotator vs. MultiHuman annotator,2,0.0
OrganismPart,biological,Annotator5,Annotator6,MultiHuman annotator vs. MultiHuman annotator,2,0.0
PooledSample,biological,Annotator5,Annotator6,MultiHuman annotator vs. MultiHuman annotator,2,
PrecursorMassTolerance,technical,Annotator5,Annotator6,MultiHuman annotator vs. MultiHuman annotator,2,0.0
ReductionReagent,technical,Annotator5,Annotator6,MultiHuman annotator vs. MultiHuman annotator,2,1.0
SampleTreatment,experimental_design,Annotator5,Annotator6,MultiHuman annotator vs. MultiHuman annotator,2,
SamplingTime,experimental_design,Annotator5,Annotator6,MultiHuman annotator vs. MultiHuman annotator,2,
Separation,technical,Annotator5,Annotator6,MultiHuman annotator vs. MultiHuman annotator,2,
Sex,biological,Annotator5,Annotator6,MultiHuman annotator vs. MultiHuman annotator,2,
Staining,biological,Annotator5,Annotator6,MultiHuman annotator vs. MultiHuman annotator,2,0.0
Strain,biological,Annotator5,Annotator6,MultiHuman annotator vs. MultiHuman annotator,2,1.0
SupplementaryFile,technical,Annotator5,Annotator6,MultiHuman annotator vs. MultiHuman annotator,2,0.0
Time,experimental_design,Annotator5,Annotator6,MultiHuman annotator vs. MultiHuman annotator,2,
Treatment,biological,Annotator5,Annotator6,MultiHuman annotator vs. MultiHuman annotator,2,
AcquisitionMethod,technical,Annotator5,Annotator7,MultiHuman annotator vs. MultiHuman annotator,2,0.0
Age,biological,Annotator5,Annotator7,MultiHuman annotator vs. MultiHuman annotator,2,
AlkylationReagent,technical,Annotator5,Annotator7,MultiHuman annotator vs. MultiHuman annotator,2,0.0
CellLine,biological,Annotator5,Annotator7,MultiHuman annotator vs. MultiHuman annotator,2,
CellType,biological,Annotator5,Annotator7,MultiHuman annotator vs. MultiHuman annotator,2,
Chromatography,technical,Annotator5,Annotator7,MultiHuman annotator vs. MultiHuman annotator,2,0.0
CleavageAgent,technical,Annotator5,Annotator7,MultiHuman annotator vs. MultiHuman annotator,2,0.0
CollisionEnergy,technical,Annotator5,Annotator7,MultiHuman annotator vs. MultiHuman annotator,2,
Compound,biological,Annotator5,Annotator7,MultiHuman annotator vs. MultiHuman annotator,2,
Disease,biological,Annotator5,Annotator7,MultiHuman annotator vs. MultiHuman annotator,2,0.0
EnrichmentMethod,technical,Annotator5,Annotator7,MultiHuman annotator vs. MultiHuman annotator,2,0.0
FactorValue,experimental_design,Annotator5,Annotator7,MultiHuman annotator vs. MultiHuman annotator,2,
FractionIdentifier,experimental_design,Annotator5,Annotator7,MultiHuman annotator vs. MultiHuman annotator,2,
FractionationFraction,experimental_design,Annotator5,Annotator7,MultiHuman annotator vs. MultiHuman annotator,2,
FractionationMethod,technical,Annotator5,Annotator7,MultiHuman annotator vs. MultiHuman annotator,2,1.0
FragmentMassTolerance,technical,Annotator5,Annotator7,MultiHuman annotator vs. MultiHuman annotator,2,
FragmentationMethod,technical,Annotator5,Annotator7,MultiHuman annotator vs. MultiHuman annotator,2,0.0
GradientTime,technical,Annotator5,Annotator7,MultiHuman annotator vs. MultiHuman annotator,2,0.0
Instrument,technical,Annotator5,Annotator7,MultiHuman annotator vs. MultiHuman annotator,2,0.0
IonizationType,technical,Annotator5,Annotator7,MultiHuman annotator vs. MultiHuman annotator,2,1.0
Label,technical,Annotator5,Annotator7,MultiHuman annotator vs. MultiHuman annotator,2,1.0
MS2MassAnalyzer,technical,Annotator5,Annotator7,MultiHuman annotator vs. MultiHuman annotator,2,
Modification,technical,Annotator5,Annotator7,MultiHuman annotator vs. MultiHuman annotator,2,0.0
NumberOfBiologicalReplicates,experimental_design,Annotator5,Annotator7,MultiHuman annotator vs. MultiHuman annotator,2,
NumberOfFractions,experimental_design,Annotator5,Annotator7,MultiHuman annotator vs. MultiHuman annotator,2,1.0
NumberOfMissedCleavages,technical,Annotator5,Annotator7,MultiHuman annotator vs. MultiHuman annotator,2,
NumberOfSamples,experimental_design,Annotator5,Annotator7,MultiHuman annotator vs. MultiHuman annotator,2,0.0
NumberOfTechnicalReplicates,experimental_design,Annotator5,Annotator7,MultiHuman annotator vs. MultiHuman annotator,2,
Organism,biological,Annotator5,Annotator7,MultiHuman annotator vs. MultiHuman annotator,2,0.0
OrganismPart,biological,Annotator5,Annotator7,MultiHuman annotator vs. MultiHuman annotator,2,0.0
PooledSample,biological,Annotator5,Annotator7,MultiHuman annotator vs. MultiHuman annotator,2,
PrecursorMassTolerance,technical,Annotator5,Annotator7,MultiHuman annotator vs. MultiHuman annotator,2,
ReductionReagent,technical,Annotator5,Annotator7,MultiHuman annotator vs. MultiHuman annotator,2,0.0
SampleTreatment,experimental_design,Annotator5,Annotator7,MultiHuman annotator vs. MultiHuman annotator,2,
SamplingTime,experimental_design,Annotator5,Annotator7,MultiHuman annotator vs. MultiHuman annotator,2,
Separation,technical,Annotator5,Annotator7,MultiHuman annotator vs. MultiHuman annotator,2,0.0
Sex,biological,Annotator5,Annotator7,MultiHuman annotator vs. MultiHuman annotator,2,
Staining,biological,Annotator5,Annotator7,MultiHuman annotator vs. MultiHuman annotator,2,
Strain,biological,Annotator5,Annotator7,MultiHuman annotator vs. MultiHuman annotator,2,
SupplementaryFile,technical,Annotator5,Annotator7,MultiHuman annotator vs. MultiHuman annotator,2,
Time,experimental_design,Annotator5,Annotator7,MultiHuman annotator vs. MultiHuman annotator,2,
Treatment,biological,Annotator5,Annotator7,MultiHuman annotator vs. MultiHuman annotator,2,
AcquisitionMethod,technical,Annotator5,Annotator8,MultiHuman annotator vs. MultiHuman annotator,2,1.0
Age,biological,Annotator5,Annotator8,MultiHuman annotator vs. MultiHuman annotator,2,0.0
AlkylationReagent,technical,Annotator5,Annotator8,MultiHuman annotator vs. MultiHuman annotator,2,0.0
CellLine,biological,Annotator5,Annotator8,MultiHuman annotator vs. MultiHuman annotator,2,
CellType,biological,Annotator5,Annotator8,MultiHuman annotator vs. MultiHuman annotator,2,
Chromatography,technical,Annotator5,Annotator8,MultiHuman annotator vs. MultiHuman annotator,2,0.0
CleavageAgent,technical,Annotator5,Annotator8,MultiHuman annotator vs. MultiHuman annotator,2,
CollisionEnergy,technical,Annotator5,Annotator8,MultiHuman annotator vs. MultiHuman annotator,2,0.0
Compound,biological,Annotator5,Annotator8,MultiHuman annotator vs. MultiHuman annotator,2,0.0
Disease,biological,Annotator5,Annotator8,MultiHuman annotator vs. MultiHuman annotator,2,
EnrichmentMethod,technical,Annotator5,Annotator8,MultiHuman annotator vs. MultiHuman annotator,2,0.0
FactorValue,experimental_design,Annotator5,Annotator8,MultiHuman annotator vs. MultiHuman annotator,2,
FractionIdentifier,experimental_design,Annotator5,Annotator8,MultiHuman annotator vs. MultiHuman annotator,2,
FractionationFraction,experimental_design,Annotator5,Annotator8,MultiHuman annotator vs. MultiHuman annotator,2,
FractionationMethod,technical,Annotator5,Annotator8,MultiHuman annotator vs. MultiHuman annotator,2,
FragmentMassTolerance,technical,Annotator5,Annotator8,MultiHuman annotator vs. MultiHuman annotator,2,0.0
FragmentationMethod,technical,Annotator5,Annotator8,MultiHuman annotator vs. MultiHuman annotator,2,0.0
GradientTime,technical,Annotator5,Annotator8,MultiHuman annotator vs. MultiHuman annotator,2,0.0
Instrument,technical,Annotator5,Annotator8,MultiHuman annotator vs. MultiHuman annotator,2,
IonizationType,technical,Annotator5,Annotator8,MultiHuman annotator vs. MultiHuman annotator,2,1.0
Label,technical,Annotator5,Annotator8,MultiHuman annotator vs. MultiHuman annotator,2,
MS2MassAnalyzer,technical,Annotator5,Annotator8,MultiHuman annotator vs. MultiHuman annotator,2,0.0
Modification,technical,Annotator5,Annotator8,MultiHuman annotator vs. MultiHuman annotator,2,1.0
NumberOfBiologicalReplicates,experimental_design,Annotator5,Annotator8,MultiHuman annotator vs. MultiHuman annotator,2,
NumberOfFractions,experimental_design,Annotator5,Annotator8,MultiHuman annotator vs. MultiHuman annotator,2,
NumberOfMissedCleavages,technical,Annotator5,Annotator8,MultiHuman annotator vs. MultiHuman annotator,2,0.0
NumberOfSamples,experimental_design,Annotator5,Annotator8,MultiHuman annotator vs. MultiHuman annotator,2,1.0
NumberOfTechnicalReplicates,experimental_design,Annotator5,Annotator8,MultiHuman annotator vs. MultiHuman annotator,2,
Organism,biological,Annotator5,Annotator8,MultiHuman annotator vs. MultiHuman annotator,2,1.0
OrganismPart,biological,Annotator5,Annotator8,MultiHuman annotator vs. MultiHuman annotator,2,1.0
PooledSample,biological,Annotator5,Annotator8,MultiHuman annotator vs. MultiHuman annotator,2,
PrecursorMassTolerance,technical,Annotator5,Annotator8,MultiHuman annotator vs. MultiHuman annotator,2,0.0
ReductionReagent,technical,Annotator5,Annotator8,MultiHuman annotator vs. MultiHuman annotator,2,0.0
SampleTreatment,experimental_design,Annotator5,Annotator8,MultiHuman annotator vs. MultiHuman annotator,2,0.0
SamplingTime,experimental_design,Annotator5,Annotator8,MultiHuman annotator vs. MultiHuman annotator,2,0.0
Separation,technical,Annotator5,Annotator8,MultiHuman annotator vs. MultiHuman annotator,2,0.0
Sex,biological,Annotator5,Annotator8,MultiHuman annotator vs. MultiHuman annotator,2,0.0
Staining,biological,Annotator5,Annotator8,MultiHuman annotator vs. MultiHuman annotator,2,0.0
Strain,biological,Annotator5,Annotator8,MultiHuman annotator vs. MultiHuman annotator,2,
SupplementaryFile,technical,Annotator5,Annotator8,MultiHuman annotator vs. MultiHuman annotator,2,
Time,experimental_design,Annotator5,Annotator8,MultiHuman annotator vs. MultiHuman annotator,2,
Treatment,biological,Annotator5,Annotator8,MultiHuman annotator vs. MultiHuman annotator,2,0.0
AcquisitionMethod,technical,Annotator5,Qwen,model vs. any human annotator,9,1.0
Age,biological,Annotator5,Qwen,model vs. any human annotator,9,0.7272727272727271
AlkylationReagent,technical,Annotator5,Qwen,model vs. any human annotator,9,1.0
CellLine,biological,Annotator5,Qwen,model vs. any human annotator,9,0.0
CellType,biological,Annotator5,Qwen,model vs. any human annotator,9,
Chromatography,technical,Annotator5,Qwen,model vs. any human annotator,9,0.0
CleavageAgent,technical,Annotator5,Qwen,model vs. any human annotator,9,1.0
CollisionEnergy,technical,Annotator5,Qwen,model vs. any human annotator,9,0.0
Compound,biological,Annotator5,Qwen,model vs. any human annotator,9,-0.23529411764705893
Disease,biological,Annotator5,Qwen,model vs. any human annotator,9,0.5714285714285714
EnrichmentMethod,technical,Annotator5,Qwen,model vs. any human annotator,9,-3.3306690738754706e-16
FactorValue,experimental_design,Annotator5,Qwen,model vs. any human annotator,9,0.0
FractionIdentifier,experimental_design,Annotator5,Qwen,model vs. any human annotator,9,
FractionationFraction,experimental_design,Annotator5,Qwen,model vs. any human annotator,9,
FractionationMethod,technical,Annotator5,Qwen,model vs. any human annotator,9,0.7272727272727271
FragmentMassTolerance,technical,Annotator5,Qwen,model vs. any human annotator,9,0.0
FragmentationMethod,technical,Annotator5,Qwen,model vs. any human annotator,9,-8.326672684688674e-17
GradientTime,technical,Annotator5,Qwen,model vs. any human annotator,9,0.3720930232558139
Instrument,technical,Annotator5,Qwen,model vs. any human annotator,9,
IonizationType,technical,Annotator5,Qwen,model vs. any human annotator,9,0.608695652173913
Label,technical,Annotator5,Qwen,model vs. any human annotator,9,0.27027027027027023
MS2MassAnalyzer,technical,Annotator5,Qwen,model vs. any human annotator,9,0.0
Modification,technical,Annotator5,Qwen,model vs. any human annotator,9,0.7692307692307692
NumberOfBiologicalReplicates,experimental_design,Annotator5,Qwen,model vs. any human annotator,9,0.5714285714285714
NumberOfFractions,experimental_design,Annotator5,Qwen,model vs. any human annotator,9,0.7272727272727271
NumberOfMissedCleavages,technical,Annotator5,Qwen,model vs. any human annotator,9,0.0
NumberOfSamples,experimental_design,Annotator5,Qwen,model vs. any human annotator,9,-0.2162162162162162
NumberOfTechnicalReplicates,experimental_design,Annotator5,Qwen,model vs. any human annotator,9,-3.3306690738754706e-16
Organism,biological,Annotator5,Qwen,model vs. any human annotator,9,0.4
OrganismPart,biological,Annotator5,Qwen,model vs. any human annotator,9,0.14285714285714285
PooledSample,biological,Annotator5,Qwen,model vs. any human annotator,9,0.0
PrecursorMassTolerance,technical,Annotator5,Qwen,model vs. any human annotator,9,0.0
ReductionReagent,technical,Annotator5,Qwen,model vs. any human annotator,9,0.7272727272727272
SampleTreatment,experimental_design,Annotator5,Qwen,model vs. any human annotator,9,-3.3306690738754706e-16
SamplingTime,experimental_design,Annotator5,Qwen,model vs. any human annotator,9,0.05263157894736842
Separation,technical,Annotator5,Qwen,model vs. any human annotator,9,0.0
Sex,biological,Annotator5,Qwen,model vs. any human annotator,9,1.0
Staining,biological,Annotator5,Qwen,model vs. any human annotator,9,0.3076923076923075
Strain,biological,Annotator5,Qwen,model vs. any human annotator,9,0.25
SupplementaryFile,technical,Annotator5,Qwen,model vs. any human annotator,9,0.0
Time,experimental_design,Annotator5,Qwen,model vs. any human annotator,9,-6.245004513516506e-17
Treatment,biological,Annotator5,Qwen,model vs. any human annotator,9,0.3999999999999998
AcquisitionMethod,technical,Annotator5,Gemma,model vs. any human annotator,9,0.7272727272727271
Age,biological,Annotator5,Gemma,model vs. any human annotator,9,0.7272727272727271
AlkylationReagent,technical,Annotator5,Gemma,model vs. any human annotator,9,1.0
CellLine,biological,Annotator5,Gemma,model vs. any human annotator,9,0.0
CellType,biological,Annotator5,Gemma,model vs. any human annotator,9,0.0
Chromatography,technical,Annotator5,Gemma,model vs. any human annotator,9,0.0
CleavageAgent,technical,Annotator5,Gemma,model vs. any human annotator,9,1.0
CollisionEnergy,technical,Annotator5,Gemma,model vs. any human annotator,9,0.0
Compound,biological,Annotator5,Gemma,model vs. any human annotator,9,0.0
Disease,biological,Annotator5,Gemma,model vs. any human annotator,9,0.5714285714285714
EnrichmentMethod,technical,Annotator5,Gemma,model vs. any human annotator,9,0.0
FactorValue,experimental_design,Annotator5,Gemma,model vs. any human annotator,9,0.0
FractionIdentifier,experimental_design,Annotator5,Gemma,model vs. any human annotator,9,
FractionationFraction,experimental_design,Annotator5,Gemma,model vs. any human annotator,9,
FractionationMethod,technical,Annotator5,Gemma,model vs. any human annotator,9,0.5
FragmentMassTolerance,technical,Annotator5,Gemma,model vs. any human annotator,9,0.0
FragmentationMethod,technical,Annotator5,Gemma,model vs. any human annotator,9,-8.326672684688674e-17
GradientTime,technical,Annotator5,Gemma,model vs. any human annotator,9,0.5263157894736842
Instrument,technical,Annotator5,Gemma,model vs. any human annotator,9,
IonizationType,technical,Annotator5,Gemma,model vs. any human annotator,9,0.608695652173913
Label,technical,Annotator5,Gemma,model vs. any human annotator,9,0.3076923076923075
MS2MassAnalyzer,technical,Annotator5,Gemma,model vs. any human annotator,9,0.0
Modification,technical,Annotator5,Gemma,model vs. any human annotator,9,1.0
NumberOfBiologicalReplicates,experimental_design,Annotator5,Gemma,model vs. any human annotator,9,0.14285714285714285
NumberOfFractions,experimental_design,Annotator5,Gemma,model vs. any human annotator,9,0.7272727272727271
NumberOfMissedCleavages,technical,Annotator5,Gemma,model vs. any human annotator,9,0.0
NumberOfSamples,experimental_design,Annotator5,Gemma,model vs. any human annotator,9,0.5263157894736842
NumberOfTechnicalReplicates,experimental_design,Annotator5,Gemma,model vs. any human annotator,9,0.0
Organism,biological,Annotator5,Gemma,model vs. any human annotator,9,0.4
OrganismPart,biological,Annotator5,Gemma,model vs. any human annotator,9,0.3414634146341463
PooledSample,biological,Annotator5,Gemma,model vs. any human annotator,9,1.0
PrecursorMassTolerance,technical,Annotator5,Gemma,model vs. any human annotator,9,0.0
ReductionReagent,technical,Annotator5,Gemma,model vs. any human annotator,9,0.7272727272727272
SampleTreatment,experimental_design,Annotator5,Gemma,model vs. any human annotator,9,
SamplingTime,experimental_design,Annotator5,Gemma,model vs. any human annotator,9,0.0
Separation,technical,Annotator5,Gemma,model vs. any human annotator,9,-6.245004513516506e-17
Sex,biological,Annotator5,Gemma,model vs. any human annotator,9,1.0
Staining,biological,Annotator5,Gemma,model vs. any human annotator,9,0.39999999999999986
Strain,biological,Annotator5,Gemma,model vs. any human annotator,9,0.3720930232558139
SupplementaryFile,technical,Annotator5,Gemma,model vs. any human annotator,9,
Time,experimental_design,Annotator5,Gemma,model vs. any human annotator,9,0.0
Treatment,biological,Annotator5,Gemma,model vs. any human annotator,9,0.3999999999999998
AcquisitionMethod,technical,Annotator5,GLM,model vs. any human annotator,9,0.5263157894736842
Age,biological,Annotator5,GLM,model vs. any human annotator,9,1.0
AlkylationReagent,technical,Annotator5,GLM,model vs. any human annotator,9,1.0
CellLine,biological,Annotator5,GLM,model vs. any human annotator,9,0.0
CellType,biological,Annotator5,GLM,model vs. any human annotator,9,0.0
Chromatography,technical,Annotator5,GLM,model vs. any human annotator,9,0.0
CleavageAgent,technical,Annotator5,GLM,model vs. any human annotator,9,0.608695652173913
CollisionEnergy,technical,Annotator5,GLM,model vs. any human annotator,9,0.0
Compound,biological,Annotator5,GLM,model vs. any human annotator,9,-0.4000000000000001
Disease,biological,Annotator5,GLM,model vs. any human annotator,9,0.11764705882352934
EnrichmentMethod,technical,Annotator5,GLM,model vs. any human annotator,9,-3.3306690738754706e-16
FactorValue,experimental_design,Annotator5,GLM,model vs. any human annotator,9,0.0
FractionIdentifier,experimental_design,Annotator5,GLM,model vs. any human annotator,9,
FractionationFraction,experimental_design,Annotator5,GLM,model vs. any human annotator,9,
FractionationMethod,technical,Annotator5,GLM,model vs. any human annotator,9,0.7272727272727271
FragmentMassTolerance,technical,Annotator5,GLM,model vs. any human annotator,9,0.0
FragmentationMethod,technical,Annotator5,GLM,model vs. any human annotator,9,-8.326672684688674e-17
GradientTime,technical,Annotator5,GLM,model vs. any human annotator,9,0.3414634146341463
Instrument,technical,Annotator5,GLM,model vs. any human annotator,9,
IonizationType,technical,Annotator5,GLM,model vs. any human annotator,9,0.35714285714285715
Label,technical,Annotator5,GLM,model vs. any human annotator,9,0.5714285714285714
MS2MassAnalyzer,technical,Annotator5,GLM,model vs. any human annotator,9,-3.3306690738754706e-16
Modification,technical,Annotator5,GLM,model vs. any human annotator,9,0.7692307692307692
NumberOfBiologicalReplicates,experimental_design,Annotator5,GLM,model vs. any human annotator,9,0.3076923076923075
NumberOfFractions,experimental_design,Annotator5,GLM,model vs. any human annotator,9,0.18181818181818157
NumberOfMissedCleavages,technical,Annotator5,GLM,model vs. any human annotator,9,0.0
NumberOfSamples,experimental_design,Annotator5,GLM,model vs. any human annotator,9,0.3076923076923075
NumberOfTechnicalReplicates,experimental_design,Annotator5,GLM,model vs. any human annotator,9,0.0
Organism,biological,Annotator5,GLM,model vs. any human annotator,9,0.1818181818181818
OrganismPart,biological,Annotator5,GLM,model vs. any human annotator,9,0.5263157894736842
PooledSample,biological,Annotator5,GLM,model vs. any human annotator,9,0.0
PrecursorMassTolerance,technical,Annotator5,GLM,model vs. any human annotator,9,0.0
ReductionReagent,technical,Annotator5,GLM,model vs. any human annotator,9,0.7272727272727272
SampleTreatment,experimental_design,Annotator5,GLM,model vs. any human annotator,9,
SamplingTime,experimental_design,Annotator5,GLM,model vs. any human annotator,9,0.0
Separation,technical,Annotator5,GLM,model vs. any human annotator,9,0.0
Sex,biological,Annotator5,GLM,model vs. any human annotator,9,0.608695652173913
Staining,biological,Annotator5,GLM,model vs. any human annotator,9,0.14285714285714285
Strain,biological,Annotator5,GLM,model vs. any human annotator,9,0.3720930232558139
SupplementaryFile,technical,Annotator5,GLM,model vs. any human annotator,9,-3.3306690738754706e-16
Time,experimental_design,Annotator5,GLM,model vs. any human annotator,9,0.0
Treatment,biological,Annotator5,GLM,model vs. any human annotator,9,0.0
AcquisitionMethod,technical,Annotator6,Annotator7,MultiHuman annotator vs. MultiHuman annotator,2,
Age,biological,Annotator6,Annotator7,MultiHuman annotator vs. MultiHuman annotator,2,
AlkylationReagent,technical,Annotator6,Annotator7,MultiHuman annotator vs. MultiHuman annotator,2,1.0
CellLine,biological,Annotator6,Annotator7,MultiHuman annotator vs. MultiHuman annotator,2,
CellType,biological,Annotator6,Annotator7,MultiHuman annotator vs. MultiHuman annotator,2,
Chromatography,technical,Annotator6,Annotator7,MultiHuman annotator vs. MultiHuman annotator,2,0.0
CleavageAgent,technical,Annotator6,Annotator7,MultiHuman annotator vs. MultiHuman annotator,2,0.0
CollisionEnergy,technical,Annotator6,Annotator7,MultiHuman annotator vs. MultiHuman annotator,2,0.0
Compound,biological,Annotator6,Annotator7,MultiHuman annotator vs. MultiHuman annotator,2,
Disease,biological,Annotator6,Annotator7,MultiHuman annotator vs. MultiHuman annotator,2,
EnrichmentMethod,technical,Annotator6,Annotator7,MultiHuman annotator vs. MultiHuman annotator,2,
FactorValue,experimental_design,Annotator6,Annotator7,MultiHuman annotator vs. MultiHuman annotator,2,0.0
FractionIdentifier,experimental_design,Annotator6,Annotator7,MultiHuman annotator vs. MultiHuman annotator,2,
FractionationFraction,experimental_design,Annotator6,Annotator7,MultiHuman annotator vs. MultiHuman annotator,2,0.0
FractionationMethod,technical,Annotator6,Annotator7,MultiHuman annotator vs. MultiHuman annotator,2,1.0
FragmentMassTolerance,technical,Annotator6,Annotator7,MultiHuman annotator vs. MultiHuman annotator,2,
FragmentationMethod,technical,Annotator6,Annotator7,MultiHuman annotator vs. MultiHuman annotator,2,
GradientTime,technical,Annotator6,Annotator7,MultiHuman annotator vs. MultiHuman annotator,2,0.0
Instrument,technical,Annotator6,Annotator7,MultiHuman annotator vs. MultiHuman annotator,2,0.0
IonizationType,technical,Annotator6,Annotator7,MultiHuman annotator vs. MultiHuman annotator,2,0.0
Label,technical,Annotator6,Annotator7,MultiHuman annotator vs. MultiHuman annotator,2,
MS2MassAnalyzer,technical,Annotator6,Annotator7,MultiHuman annotator vs. MultiHuman annotator,2,
Modification,technical,Annotator6,Annotator7,MultiHuman annotator vs. MultiHuman annotator,2,0.0
NumberOfBiologicalReplicates,experimental_design,Annotator6,Annotator7,MultiHuman annotator vs. MultiHuman annotator,2,
NumberOfFractions,experimental_design,Annotator6,Annotator7,MultiHuman annotator vs. MultiHuman annotator,2,0.0
NumberOfMissedCleavages,technical,Annotator6,Annotator7,MultiHuman annotator vs. MultiHuman annotator,2,
NumberOfSamples,experimental_design,Annotator6,Annotator7,MultiHuman annotator vs. MultiHuman annotator,2,0.0
NumberOfTechnicalReplicates,experimental_design,Annotator6,Annotator7,MultiHuman annotator vs. MultiHuman annotator,2,
Organism,biological,Annotator6,Annotator7,MultiHuman annotator vs. MultiHuman annotator,2,0.0
OrganismPart,biological,Annotator6,Annotator7,MultiHuman annotator vs. MultiHuman annotator,2,0.0
PooledSample,biological,Annotator6,Annotator7,MultiHuman annotator vs. MultiHuman annotator,2,
PrecursorMassTolerance,technical,Annotator6,Annotator7,MultiHuman annotator vs. MultiHuman annotator,2,0.0
ReductionReagent,technical,Annotator6,Annotator7,MultiHuman annotator vs. MultiHuman annotator,2,1.0
SampleTreatment,experimental_design,Annotator6,Annotator7,MultiHuman annotator vs. MultiHuman annotator,2,
SamplingTime,experimental_design,Annotator6,Annotator7,MultiHuman annotator vs. MultiHuman annotator,2,
Separation,technical,Annotator6,Annotator7,MultiHuman annotator vs. MultiHuman annotator,2,0.0
Sex,biological,Annotator6,Annotator7,MultiHuman annotator vs. MultiHuman annotator,2,-1.0
Staining,biological,Annotator6,Annotator7,MultiHuman annotator vs. MultiHuman annotator,2,
Strain,biological,Annotator6,Annotator7,MultiHuman annotator vs. MultiHuman annotator,2,
SupplementaryFile,technical,Annotator6,Annotator7,MultiHuman annotator vs. MultiHuman annotator,2,0.0
Time,experimental_design,Annotator6,Annotator7,MultiHuman annotator vs. MultiHuman annotator,2,
Treatment,biological,Annotator6,Annotator7,MultiHuman annotator vs. MultiHuman annotator,2,
AcquisitionMethod,technical,Annotator6,Annotator8,MultiHuman annotator vs. MultiHuman annotator,2,
Age,biological,Annotator6,Annotator8,MultiHuman annotator vs. MultiHuman annotator,2,
AlkylationReagent,technical,Annotator6,Annotator8,MultiHuman annotator vs. MultiHuman annotator,2,
CellLine,biological,Annotator6,Annotator8,MultiHuman annotator vs. MultiHuman annotator,2,1.0
CellType,biological,Annotator6,Annotator8,MultiHuman annotator vs. MultiHuman annotator,2,-1.0
Chromatography,technical,Annotator6,Annotator8,MultiHuman annotator vs. MultiHuman annotator,2,0.0
CleavageAgent,technical,Annotator6,Annotator8,MultiHuman annotator vs. MultiHuman annotator,2,
CollisionEnergy,technical,Annotator6,Annotator8,MultiHuman annotator vs. MultiHuman annotator,2,0.0
Compound,biological,Annotator6,Annotator8,MultiHuman annotator vs. MultiHuman annotator,2,0.0
Disease,biological,Annotator6,Annotator8,MultiHuman annotator vs. MultiHuman annotator,2,0.0
EnrichmentMethod,technical,Annotator6,Annotator8,MultiHuman annotator vs. MultiHuman annotator,2,0.0
FactorValue,experimental_design,Annotator6,Annotator8,MultiHuman annotator vs. MultiHuman annotator,2,1.0
FractionIdentifier,experimental_design,Annotator6,Annotator8,MultiHuman annotator vs. MultiHuman annotator,2,0.0
FractionationFraction,experimental_design,Annotator6,Annotator8,MultiHuman annotator vs. MultiHuman annotator,2,0.0
FractionationMethod,technical,Annotator6,Annotator8,MultiHuman annotator vs. MultiHuman annotator,2,0.0
FragmentMassTolerance,technical,Annotator6,Annotator8,MultiHuman annotator vs. MultiHuman annotator,2,0.0
FragmentationMethod,technical,Annotator6,Annotator8,MultiHuman annotator vs. MultiHuman annotator,2,0.0
GradientTime,technical,Annotator6,Annotator8,MultiHuman annotator vs. MultiHuman annotator,2,0.0
Instrument,technical,Annotator6,Annotator8,MultiHuman annotator vs. MultiHuman annotator,2,
IonizationType,technical,Annotator6,Annotator8,MultiHuman annotator vs. MultiHuman annotator,2,0.0
Label,technical,Annotator6,Annotator8,MultiHuman annotator vs. MultiHuman annotator,2,1.0
MS2MassAnalyzer,technical,Annotator6,Annotator8,MultiHuman annotator vs. MultiHuman annotator,2,
Modification,technical,Annotator6,Annotator8,MultiHuman annotator vs. MultiHuman annotator,2,0.0
NumberOfBiologicalReplicates,experimental_design,Annotator6,Annotator8,MultiHuman annotator vs. MultiHuman annotator,2,
NumberOfFractions,experimental_design,Annotator6,Annotator8,MultiHuman annotator vs. MultiHuman annotator,2,
NumberOfMissedCleavages,technical,Annotator6,Annotator8,MultiHuman annotator vs. MultiHuman annotator,2,0.0
NumberOfSamples,experimental_design,Annotator6,Annotator8,MultiHuman annotator vs. MultiHuman annotator,2,0.0
NumberOfTechnicalReplicates,experimental_design,Annotator6,Annotator8,MultiHuman annotator vs. MultiHuman annotator,2,
Organism,biological,Annotator6,Annotator8,MultiHuman annotator vs. MultiHuman annotator,2,
OrganismPart,biological,Annotator6,Annotator8,MultiHuman annotator vs. MultiHuman annotator,2,0.0
PooledSample,biological,Annotator6,Annotator8,MultiHuman annotator vs. MultiHuman annotator,2,
PrecursorMassTolerance,technical,Annotator6,Annotator8,MultiHuman annotator vs. MultiHuman annotator,2,0.0
ReductionReagent,technical,Annotator6,Annotator8,MultiHuman annotator vs. MultiHuman annotator,2,0.0
SampleTreatment,experimental_design,Annotator6,Annotator8,MultiHuman annotator vs. MultiHuman annotator,2,
SamplingTime,experimental_design,Annotator6,Annotator8,MultiHuman annotator vs. MultiHuman annotator,2,
Separation,technical,Annotator6,Annotator8,MultiHuman annotator vs. MultiHuman annotator,2,
Sex,biological,Annotator6,Annotator8,MultiHuman annotator vs. MultiHuman annotator,2,
Staining,biological,Annotator6,Annotator8,MultiHuman annotator vs. MultiHuman annotator,2,
Strain,biological,Annotator6,Annotator8,MultiHuman annotator vs. MultiHuman annotator,2,0.0
SupplementaryFile,technical,Annotator6,Annotator8,MultiHuman annotator vs. MultiHuman annotator,2,0.0
Time,experimental_design,Annotator6,Annotator8,MultiHuman annotator vs. MultiHuman annotator,2,0.0
Treatment,biological,Annotator6,Annotator8,MultiHuman annotator vs. MultiHuman annotator,2,0.0
AcquisitionMethod,technical,Annotator6,Qwen,model vs. any human annotator,10,0.782608695652174
Age,biological,Annotator6,Qwen,model vs. any human annotator,10,
AlkylationReagent,technical,Annotator6,Qwen,model vs. any human annotator,10,0.5833333333333334
CellLine,biological,Annotator6,Qwen,model vs. any human annotator,10,1.0
CellType,biological,Annotator6,Qwen,model vs. any human annotator,10,0.0
Chromatography,technical,Annotator6,Qwen,model vs. any human annotator,10,-7.930164461608261e-17
CleavageAgent,technical,Annotator6,Qwen,model vs. any human annotator,10,1.0
CollisionEnergy,technical,Annotator6,Qwen,model vs. any human annotator,10,0.05405405405405403
Compound,biological,Annotator6,Qwen,model vs. any human annotator,10,6.938893903907228e-17
Disease,biological,Annotator6,Qwen,model vs. any human annotator,10,0.782608695652174
EnrichmentMethod,technical,Annotator6,Qwen,model vs. any human annotator,10,0.19999999999999996
FactorValue,experimental_design,Annotator6,Qwen,model vs. any human annotator,10,6.938893903907228e-17
FractionIdentifier,experimental_design,Annotator6,Qwen,model vs. any human annotator,10,
FractionationFraction,experimental_design,Annotator6,Qwen,model vs. any human annotator,10,0.0
FractionationMethod,technical,Annotator6,Qwen,model vs. any human annotator,10,-0.11111111111111124
FragmentMassTolerance,technical,Annotator6,Qwen,model vs. any human annotator,10,0.13793103448275856
FragmentationMethod,technical,Annotator6,Qwen,model vs. any human annotator,10,0.1935483870967742
GradientTime,technical,Annotator6,Qwen,model vs. any human annotator,10,0.8
Instrument,technical,Annotator6,Qwen,model vs. any human annotator,10,
IonizationType,technical,Annotator6,Qwen,model vs. any human annotator,10,0.6153846153846153
Label,technical,Annotator6,Qwen,model vs. any human annotator,10,0.2857142857142855
MS2MassAnalyzer,technical,Annotator6,Qwen,model vs. any human annotator,10,0.41176470588235303
Modification,technical,Annotator6,Qwen,model vs. any human annotator,10,0.6153846153846153
NumberOfBiologicalReplicates,experimental_design,Annotator6,Qwen,model vs. any human annotator,10,0.0
NumberOfFractions,experimental_design,Annotator6,Qwen,model vs. any human annotator,10,0.0
NumberOfMissedCleavages,technical,Annotator6,Qwen,model vs. any human annotator,10,0.0
NumberOfSamples,experimental_design,Annotator6,Qwen,model vs. any human annotator,10,-0.11111111111111124
NumberOfTechnicalReplicates,experimental_design,Annotator6,Qwen,model vs. any human annotator,10,0.0
Organism,biological,Annotator6,Qwen,model vs. any human annotator,10,
OrganismPart,biological,Annotator6,Qwen,model vs. any human annotator,10,0.6153846153846155
PooledSample,biological,Annotator6,Qwen,model vs. any human annotator,10,0.0
PrecursorMassTolerance,technical,Annotator6,Qwen,model vs. any human annotator,10,0.2105263157894738
ReductionReagent,technical,Annotator6,Qwen,model vs. any human annotator,10,1.0
SampleTreatment,experimental_design,Annotator6,Qwen,model vs. any human annotator,10,0.0
SamplingTime,experimental_design,Annotator6,Qwen,model vs. any human annotator,10,
Separation,technical,Annotator6,Qwen,model vs. any human annotator,10,0.0
Sex,biological,Annotator6,Qwen,model vs. any human annotator,10,1.0
Staining,biological,Annotator6,Qwen,model vs. any human annotator,10,0.0
Strain,biological,Annotator6,Qwen,model vs. any human annotator,10,0.6153846153846153
SupplementaryFile,technical,Annotator6,Qwen,model vs. any human annotator,10,-0.0714285714285715
Time,experimental_design,Annotator6,Qwen,model vs. any human annotator,10,0.024390243902439043
Treatment,biological,Annotator6,Qwen,model vs. any human annotator,10,0.0
AcquisitionMethod,technical,Annotator6,Gemma,model vs. any human annotator,10,0.1935483870967742
Age,biological,Annotator6,Gemma,model vs. any human annotator,10,0.0
AlkylationReagent,technical,Annotator6,Gemma,model vs. any human annotator,10,0.5454545454545456
CellLine,biological,Annotator6,Gemma,model vs. any human annotator,10,1.0
CellType,biological,Annotator6,Gemma,model vs. any human annotator,10,-0.2500000000000007
Chromatography,technical,Annotator6,Gemma,model vs. any human annotator,10,-7.930164461608261e-17
CleavageAgent,technical,Annotator6,Gemma,model vs. any human annotator,10,1.0
CollisionEnergy,technical,Annotator6,Gemma,model vs. any human annotator,10,0.05405405405405403
Compound,biological,Annotator6,Gemma,model vs. any human annotator,10,3.0839528461809905e-17
Disease,biological,Annotator6,Gemma,model vs. any human annotator,10,0.782608695652174
EnrichmentMethod,technical,Annotator6,Gemma,model vs. any human annotator,10,0.13793103448275856
FactorValue,experimental_design,Annotator6,Gemma,model vs. any human annotator,10,6.938893903907228e-17
FractionIdentifier,experimental_design,Annotator6,Gemma,model vs. any human annotator,10,
FractionationFraction,experimental_design,Annotator6,Gemma,model vs. any human annotator,10,-0.15384615384615447
FractionationMethod,technical,Annotator6,Gemma,model vs. any human annotator,10,-0.1764705882352943
FragmentMassTolerance,technical,Annotator6,Gemma,model vs. any human annotator,10,0.09090909090909083
FragmentationMethod,technical,Annotator6,Gemma,model vs. any human annotator,10,0.1935483870967742
GradientTime,technical,Annotator6,Gemma,model vs. any human annotator,10,0.6000000000000001
Instrument,technical,Annotator6,Gemma,model vs. any human annotator,10,
IonizationType,technical,Annotator6,Gemma,model vs. any human annotator,10,1.0
Label,technical,Annotator6,Gemma,model vs. any human annotator,10,0.782608695652174
MS2MassAnalyzer,technical,Annotator6,Gemma,model vs. any human annotator,10,0.41176470588235303
Modification,technical,Annotator6,Gemma,model vs. any human annotator,10,0.6153846153846153
NumberOfBiologicalReplicates,experimental_design,Annotator6,Gemma,model vs. any human annotator,10,0.0
NumberOfFractions,experimental_design,Annotator6,Gemma,model vs. any human annotator,10,0.0
NumberOfMissedCleavages,technical,Annotator6,Gemma,model vs. any human annotator,10,0.0
NumberOfSamples,experimental_design,Annotator6,Gemma,model vs. any human annotator,10,-0.11111111111111124
NumberOfTechnicalReplicates,experimental_design,Annotator6,Gemma,model vs. any human annotator,10,0.0
Organism,biological,Annotator6,Gemma,model vs. any human annotator,10,
OrganismPart,biological,Annotator6,Gemma,model vs. any human annotator,10,0.4444444444444444
PooledSample,biological,Annotator6,Gemma,model vs. any human annotator,10,0.0
PrecursorMassTolerance,technical,Annotator6,Gemma,model vs. any human annotator,10,1.0
ReductionReagent,technical,Annotator6,Gemma,model vs. any human annotator,10,0.5454545454545456
SampleTreatment,experimental_design,Annotator6,Gemma,model vs. any human annotator,10,
SamplingTime,experimental_design,Annotator6,Gemma,model vs. any human annotator,10,
Separation,technical,Annotator6,Gemma,model vs. any human annotator,10,0.0
Sex,biological,Annotator6,Gemma,model vs. any human annotator,10,0.41176470588235303
Staining,biological,Annotator6,Gemma,model vs. any human annotator,10,-7.930164461608261e-17
Strain,biological,Annotator6,Gemma,model vs. any human annotator,10,0.6153846153846153
SupplementaryFile,technical,Annotator6,Gemma,model vs. any human annotator,10,0.0
Time,experimental_design,Annotator6,Gemma,model vs. any human annotator,10,0.024390243902439043
Treatment,biological,Annotator6,Gemma,model vs. any human annotator,10,0.0
AcquisitionMethod,technical,Annotator6,GLM,model vs. any human annotator,10,0.19999999999999996
Age,biological,Annotator6,GLM,model vs. any human annotator,10,0.0
AlkylationReagent,technical,Annotator6,GLM,model vs. any human annotator,10,0.09090909090909098
CellLine,biological,Annotator6,GLM,model vs. any human annotator,10,0.8
CellType,biological,Annotator6,GLM,model vs. any human annotator,10,0.0
Chromatography,technical,Annotator6,GLM,model vs. any human annotator,10,-7.930164461608261e-17
CleavageAgent,technical,Annotator6,GLM,model vs. any human annotator,10,1.0
CollisionEnergy,technical,Annotator6,GLM,model vs. any human annotator,10,0.05405405405405403
Compound,biological,Annotator6,GLM,model vs. any human annotator,10,0.0
Disease,biological,Annotator6,GLM,model vs. any human annotator,10,0.782608695652174
EnrichmentMethod,technical,Annotator6,GLM,model vs. any human annotator,10,0.2857142857142855
FactorValue,experimental_design,Annotator6,GLM,model vs. any human annotator,10,6.938893903907228e-17
FractionIdentifier,experimental_design,Annotator6,GLM,model vs. any human annotator,10,0.0
FractionationFraction,experimental_design,Annotator6,GLM,model vs. any human annotator,10,0.0
FractionationMethod,technical,Annotator6,GLM,model vs. any human annotator,10,-0.15384615384615447
FragmentMassTolerance,technical,Annotator6,GLM,model vs. any human annotator,10,0.09090909090909083
FragmentationMethod,technical,Annotator6,GLM,model vs. any human annotator,10,0.11764705882352945
GradientTime,technical,Annotator6,GLM,model vs. any human annotator,10,0.3999999999999999
Instrument,technical,Annotator6,GLM,model vs. any human annotator,10,
IonizationType,technical,Annotator6,GLM,model vs. any human annotator,10,1.0
Label,technical,Annotator6,GLM,model vs. any human annotator,10,0.782608695652174
MS2MassAnalyzer,technical,Annotator6,GLM,model vs. any human annotator,10,0.2105263157894738
Modification,technical,Annotator6,GLM,model vs. any human annotator,10,0.6153846153846153
NumberOfBiologicalReplicates,experimental_design,Annotator6,GLM,model vs. any human annotator,10,0.0
NumberOfFractions,experimental_design,Annotator6,GLM,model vs. any human annotator,10,0.0
NumberOfMissedCleavages,technical,Annotator6,GLM,model vs. any human annotator,10,-7.930164461608261e-17
NumberOfSamples,experimental_design,Annotator6,GLM,model vs. any human annotator,10,-0.1904761904761907
NumberOfTechnicalReplicates,experimental_design,Annotator6,GLM,model vs. any human annotator,10,0.0
Organism,biological,Annotator6,GLM,model vs. any human annotator,10,0.0
OrganismPart,biological,Annotator6,GLM,model vs. any human annotator,10,0.5454545454545455
PooledSample,biological,Annotator6,GLM,model vs. any human annotator,10,0.0
PrecursorMassTolerance,technical,Annotator6,GLM,model vs. any human annotator,10,0.37499999999999983
ReductionReagent,technical,Annotator6,GLM,model vs. any human annotator,10,0.6153846153846153
SampleTreatment,experimental_design,Annotator6,GLM,model vs. any human annotator,10,
SamplingTime,experimental_design,Annotator6,GLM,model vs. any human annotator,10,0.0
Separation,technical,Annotator6,GLM,model vs. any human annotator,10,6.938893903907228e-17
Sex,biological,Annotator6,GLM,model vs. any human annotator,10,0.6153846153846153
Staining,biological,Annotator6,GLM,model vs. any human annotator,10,0.0
Strain,biological,Annotator6,GLM,model vs. any human annotator,10,0.6153846153846153
SupplementaryFile,technical,Annotator6,GLM,model vs. any human annotator,10,0.2857142857142856
Time,experimental_design,Annotator6,GLM,model vs. any human annotator,10,0.13793103448275856
Treatment,biological,Annotator6,GLM,model vs. any human annotator,10,
AcquisitionMethod,technical,Annotator7,Annotator8,MultiHuman annotator vs. MultiHuman annotator,2,
Age,biological,Annotator7,Annotator8,MultiHuman annotator vs. MultiHuman annotator,2,
AlkylationReagent,technical,Annotator7,Annotator8,MultiHuman annotator vs. MultiHuman annotator,2,
CellLine,biological,Annotator7,Annotator8,MultiHuman annotator vs. MultiHuman annotator,2,0.0
CellType,biological,Annotator7,Annotator8,MultiHuman annotator vs. MultiHuman annotator,2,
Chromatography,technical,Annotator7,Annotator8,MultiHuman annotator vs. MultiHuman annotator,2,0.0
CleavageAgent,technical,Annotator7,Annotator8,MultiHuman annotator vs. MultiHuman annotator,2,
CollisionEnergy,technical,Annotator7,Annotator8,MultiHuman annotator vs. MultiHuman annotator,2,0.0
Compound,biological,Annotator7,Annotator8,MultiHuman annotator vs. MultiHuman annotator,2,
Disease,biological,Annotator7,Annotator8,MultiHuman annotator vs. MultiHuman annotator,2,1.0
EnrichmentMethod,technical,Annotator7,Annotator8,MultiHuman annotator vs. MultiHuman annotator,2,
FactorValue,experimental_design,Annotator7,Annotator8,MultiHuman annotator vs. MultiHuman annotator,2,0.0
FractionIdentifier,experimental_design,Annotator7,Annotator8,MultiHuman annotator vs. MultiHuman annotator,2,0.0
FractionationFraction,experimental_design,Annotator7,Annotator8,MultiHuman annotator vs. MultiHuman annotator,2,
FractionationMethod,technical,Annotator7,Annotator8,MultiHuman annotator vs. MultiHuman annotator,2,0.0
FragmentMassTolerance,technical,Annotator7,Annotator8,MultiHuman annotator vs. MultiHuman annotator,2,0.0
FragmentationMethod,technical,Annotator7,Annotator8,MultiHuman annotator vs. MultiHuman annotator,2,
GradientTime,technical,Annotator7,Annotator8,MultiHuman annotator vs. MultiHuman annotator,2,
Instrument,technical,Annotator7,Annotator8,MultiHuman annotator vs. MultiHuman annotator,2,
IonizationType,technical,Annotator7,Annotator8,MultiHuman annotator vs. MultiHuman annotator,2,0.0
Label,technical,Annotator7,Annotator8,MultiHuman annotator vs. MultiHuman annotator,2,0.0
MS2MassAnalyzer,technical,Annotator7,Annotator8,MultiHuman annotator vs. MultiHuman annotator,2,0.0
Modification,technical,Annotator7,Annotator8,MultiHuman annotator vs. MultiHuman annotator,2,0.0
NumberOfBiologicalReplicates,experimental_design,Annotator7,Annotator8,MultiHuman annotator vs. MultiHuman annotator,2,
NumberOfFractions,experimental_design,Annotator7,Annotator8,MultiHuman annotator vs. MultiHuman annotator,2,
NumberOfMissedCleavages,technical,Annotator7,Annotator8,MultiHuman annotator vs. MultiHuman annotator,2,
NumberOfSamples,experimental_design,Annotator7,Annotator8,MultiHuman annotator vs. MultiHuman annotator,2,1.0
NumberOfTechnicalReplicates,experimental_design,Annotator7,Annotator8,MultiHuman annotator vs. MultiHuman annotator,2,
Organism,biological,Annotator7,Annotator8,MultiHuman annotator vs. MultiHuman annotator,2,1.0
OrganismPart,biological,Annotator7,Annotator8,MultiHuman annotator vs. MultiHuman annotator,2,
PooledSample,biological,Annotator7,Annotator8,MultiHuman annotator vs. MultiHuman annotator,2,
PrecursorMassTolerance,technical,Annotator7,Annotator8,MultiHuman annotator vs. MultiHuman annotator,2,0.0
ReductionReagent,technical,Annotator7,Annotator8,MultiHuman annotator vs. MultiHuman annotator,2,1.0
SampleTreatment,experimental_design,Annotator7,Annotator8,MultiHuman annotator vs. MultiHuman annotator,2,0.0
SamplingTime,experimental_design,Annotator7,Annotator8,MultiHuman annotator vs. MultiHuman annotator,2,
Separation,technical,Annotator7,Annotator8,MultiHuman annotator vs. MultiHuman annotator,2,0.0
Sex,biological,Annotator7,Annotator8,MultiHuman annotator vs. MultiHuman annotator,2,
Staining,biological,Annotator7,Annotator8,MultiHuman annotator vs. MultiHuman annotator,2,
Strain,biological,Annotator7,Annotator8,MultiHuman annotator vs. MultiHuman annotator,2,0.0
SupplementaryFile,technical,Annotator7,Annotator8,MultiHuman annotator vs. MultiHuman annotator,2,
Time,experimental_design,Annotator7,Annotator8,MultiHuman annotator vs. MultiHuman annotator,2,
Treatment,biological,Annotator7,Annotator8,MultiHuman annotator vs. MultiHuman annotator,2,
AcquisitionMethod,technical,Annotator7,Qwen,model vs. any human annotator,9,0.3076923076923075
Age,biological,Annotator7,Qwen,model vs. any human annotator,9,1.0
AlkylationReagent,technical,Annotator7,Qwen,model vs. any human annotator,9,0.7804878048780487
CellLine,biological,Annotator7,Qwen,model vs. any human annotator,9,0.27027027027027023
CellType,biological,Annotator7,Qwen,model vs. any human annotator,9,
Chromatography,technical,Annotator7,Qwen,model vs. any human annotator,9,0.0
CleavageAgent,technical,Annotator7,Qwen,model vs. any human annotator,9,0.0
CollisionEnergy,technical,Annotator7,Qwen,model vs. any human annotator,9,0.0
Compound,biological,Annotator7,Qwen,model vs. any human annotator,9,-8.326672684688674e-17
Disease,biological,Annotator7,Qwen,model vs. any human annotator,9,0.769230769230769
EnrichmentMethod,technical,Annotator7,Qwen,model vs. any human annotator,9,0.27027027027027023
FactorValue,experimental_design,Annotator7,Qwen,model vs. any human annotator,9,
FractionIdentifier,experimental_design,Annotator7,Qwen,model vs. any human annotator,9,0.0
FractionationFraction,experimental_design,Annotator7,Qwen,model vs. any human annotator,9,
FractionationMethod,technical,Annotator7,Qwen,model vs. any human annotator,9,0.3720930232558139
FragmentMassTolerance,technical,Annotator7,Qwen,model vs. any human annotator,9,0.0
FragmentationMethod,technical,Annotator7,Qwen,model vs. any human annotator,9,0.25
GradientTime,technical,Annotator7,Qwen,model vs. any human annotator,9,-8.326672684688674e-17
Instrument,technical,Annotator7,Qwen,model vs. any human annotator,9,0.0
IonizationType,technical,Annotator7,Qwen,model vs. any human annotator,9,0.18181818181818157
Label,technical,Annotator7,Qwen,model vs. any human annotator,9,0.608695652173913
MS2MassAnalyzer,technical,Annotator7,Qwen,model vs. any human annotator,9,
Modification,technical,Annotator7,Qwen,model vs. any human annotator,9,0.0
NumberOfBiologicalReplicates,experimental_design,Annotator7,Qwen,model vs. any human annotator,9,0.0
NumberOfFractions,experimental_design,Annotator7,Qwen,model vs. any human annotator,9,0.7804878048780487
NumberOfMissedCleavages,technical,Annotator7,Qwen,model vs. any human annotator,9,0.0
NumberOfSamples,experimental_design,Annotator7,Qwen,model vs. any human annotator,9,0.05263157894736842
NumberOfTechnicalReplicates,experimental_design,Annotator7,Qwen,model vs. any human annotator,9,-3.3306690738754706e-16
Organism,biological,Annotator7,Qwen,model vs. any human annotator,9,0.11764705882352934
OrganismPart,biological,Annotator7,Qwen,model vs. any human annotator,9,-9.992007221626408e-17
PooledSample,biological,Annotator7,Qwen,model vs. any human annotator,9,
PrecursorMassTolerance,technical,Annotator7,Qwen,model vs. any human annotator,9,0.0
ReductionReagent,technical,Annotator7,Qwen,model vs. any human annotator,9,0.769230769230769
SampleTreatment,experimental_design,Annotator7,Qwen,model vs. any human annotator,9,0.0
SamplingTime,experimental_design,Annotator7,Qwen,model vs. any human annotator,9,0.0
Separation,technical,Annotator7,Qwen,model vs. any human annotator,9,-0.09756097560975609
Sex,biological,Annotator7,Qwen,model vs. any human annotator,9,0.35714285714285715
Staining,biological,Annotator7,Qwen,model vs. any human annotator,9,0.0
Strain,biological,Annotator7,Qwen,model vs. any human annotator,9,-8.326672684688674e-17
SupplementaryFile,technical,Annotator7,Qwen,model vs. any human annotator,9,-0.2162162162162162
Time,experimental_design,Annotator7,Qwen,model vs. any human annotator,9,0.0
Treatment,biological,Annotator7,Qwen,model vs. any human annotator,9,0.0
AcquisitionMethod,technical,Annotator7,Gemma,model vs. any human annotator,9,0.3076923076923075
Age,biological,Annotator7,Gemma,model vs. any human annotator,9,1.0
AlkylationReagent,technical,Annotator7,Gemma,model vs. any human annotator,9,0.7804878048780487
CellLine,biological,Annotator7,Gemma,model vs. any human annotator,9,0.18181818181818193
CellType,biological,Annotator7,Gemma,model vs. any human annotator,9,0.0
Chromatography,technical,Annotator7,Gemma,model vs. any human annotator,9,0.0
CleavageAgent,technical,Annotator7,Gemma,model vs. any human annotator,9,0.0
CollisionEnergy,technical,Annotator7,Gemma,model vs. any human annotator,9,0.0
Compound,biological,Annotator7,Gemma,model vs. any human annotator,9,-6.245004513516506e-17
Disease,biological,Annotator7,Gemma,model vs. any human annotator,9,0.55
EnrichmentMethod,technical,Annotator7,Gemma,model vs. any human annotator,9,0.27027027027027023
FactorValue,experimental_design,Annotator7,Gemma,model vs. any human annotator,9,
FractionIdentifier,experimental_design,Annotator7,Gemma,model vs. any human annotator,9,0.0
FractionationFraction,experimental_design,Annotator7,Gemma,model vs. any human annotator,9,0.0
FractionationMethod,technical,Annotator7,Gemma,model vs. any human annotator,9,0.3414634146341463
FragmentMassTolerance,technical,Annotator7,Gemma,model vs. any human annotator,9,0.0
FragmentationMethod,technical,Annotator7,Gemma,model vs. any human annotator,9,0.25
GradientTime,technical,Annotator7,Gemma,model vs. any human annotator,9,0.0
Instrument,technical,Annotator7,Gemma,model vs. any human annotator,9,0.0
IonizationType,technical,Annotator7,Gemma,model vs. any human annotator,9,0.0
Label,technical,Annotator7,Gemma,model vs. any human annotator,9,0.608695652173913
MS2MassAnalyzer,technical,Annotator7,Gemma,model vs. any human annotator,9,0.0
Modification,technical,Annotator7,Gemma,model vs. any human annotator,9,0.0
NumberOfBiologicalReplicates,experimental_design,Annotator7,Gemma,model vs. any human annotator,9,0.0
NumberOfFractions,experimental_design,Annotator7,Gemma,model vs. any human annotator,9,0.55
NumberOfMissedCleavages,technical,Annotator7,Gemma,model vs. any human annotator,9,0.0
NumberOfSamples,experimental_design,Annotator7,Gemma,model vs. any human annotator,9,0.27027027027027023
NumberOfTechnicalReplicates,experimental_design,Annotator7,Gemma,model vs. any human annotator,9,0.0
Organism,biological,Annotator7,Gemma,model vs. any human annotator,9,0.0
OrganismPart,biological,Annotator7,Gemma,model vs. any human annotator,9,-9.992007221626408e-17
PooledSample,biological,Annotator7,Gemma,model vs. any human annotator,9,
PrecursorMassTolerance,technical,Annotator7,Gemma,model vs. any human annotator,9,0.0
ReductionReagent,technical,Annotator7,Gemma,model vs. any human annotator,9,0.769230769230769
SampleTreatment,experimental_design,Annotator7,Gemma,model vs. any human annotator,9,
SamplingTime,experimental_design,Annotator7,Gemma,model vs. any human annotator,9,
Separation,technical,Annotator7,Gemma,model vs. any human annotator,9,-0.2162162162162162
Sex,biological,Annotator7,Gemma,model vs. any human annotator,9,0.7272727272727271
Staining,biological,Annotator7,Gemma,model vs. any human annotator,9,0.0
Strain,biological,Annotator7,Gemma,model vs. any human annotator,9,0.0
SupplementaryFile,technical,Annotator7,Gemma,model vs. any human annotator,9,0.0
Time,experimental_design,Annotator7,Gemma,model vs. any human annotator,9,-8.326672684688674e-17
Treatment,biological,Annotator7,Gemma,model vs. any human annotator,9,0.0
AcquisitionMethod,technical,Annotator7,GLM,model vs. any human annotator,9,0.5
Age,biological,Annotator7,GLM,model vs. any human annotator,9,1.0
AlkylationReagent,technical,Annotator7,GLM,model vs. any human annotator,9,0.3720930232558139
CellLine,biological,Annotator7,GLM,model vs. any human annotator,9,0.18181818181818193
CellType,biological,Annotator7,GLM,model vs. any human annotator,9,0.0
Chromatography,technical,Annotator7,GLM,model vs. any human annotator,9,0.0
CleavageAgent,technical,Annotator7,GLM,model vs. any human annotator,9,0.0
CollisionEnergy,technical,Annotator7,GLM,model vs. any human annotator,9,-8.326672684688674e-17
Compound,biological,Annotator7,GLM,model vs. any human annotator,9,0.0
Disease,biological,Annotator7,GLM,model vs. any human annotator,9,0.5263157894736842
EnrichmentMethod,technical,Annotator7,GLM,model vs. any human annotator,9,0.18181818181818193
FactorValue,experimental_design,Annotator7,GLM,model vs. any human annotator,9,
FractionIdentifier,experimental_design,Annotator7,GLM,model vs. any human annotator,9,0.0
FractionationFraction,experimental_design,Annotator7,GLM,model vs. any human annotator,9,
FractionationMethod,technical,Annotator7,GLM,model vs. any human annotator,9,0.3414634146341463
FragmentMassTolerance,technical,Annotator7,GLM,model vs. any human annotator,9,0.0
FragmentationMethod,technical,Annotator7,GLM,model vs. any human annotator,9,0.11764705882352934
GradientTime,technical,Annotator7,GLM,model vs. any human annotator,9,0.0
Instrument,technical,Annotator7,GLM,model vs. any human annotator,9,0.0
IonizationType,technical,Annotator7,GLM,model vs. any human annotator,9,0.0
Label,technical,Annotator7,GLM,model vs. any human annotator,9,0.608695652173913
MS2MassAnalyzer,technical,Annotator7,GLM,model vs. any human annotator,9,0.0
Modification,technical,Annotator7,GLM,model vs. any human annotator,9,0.0
NumberOfBiologicalReplicates,experimental_design,Annotator7,GLM,model vs. any human annotator,9,0.0
NumberOfFractions,experimental_design,Annotator7,GLM,model vs. any human annotator,9,0.769230769230769
NumberOfMissedCleavages,technical,Annotator7,GLM,model vs. any human annotator,9,-8.326672684688674e-17
NumberOfSamples,experimental_design,Annotator7,GLM,model vs. any human annotator,9,0.05263157894736842
NumberOfTechnicalReplicates,experimental_design,Annotator7,GLM,model vs. any human annotator,9,-3.3306690738754706e-16
Organism,biological,Annotator7,GLM,model vs. any human annotator,9,0.39999999999999986
OrganismPart,biological,Annotator7,GLM,model vs. any human annotator,9,0.5
PooledSample,biological,Annotator7,GLM,model vs. any human annotator,9,
PrecursorMassTolerance,technical,Annotator7,GLM,model vs. any human annotator,9,0.0
ReductionReagent,technical,Annotator7,GLM,model vs. any human annotator,9,0.5714285714285714
SampleTreatment,experimental_design,Annotator7,GLM,model vs. any human annotator,9,
SamplingTime,experimental_design,Annotator7,GLM,model vs. any human annotator,9,0.0
Separation,technical,Annotator7,GLM,model vs. any human annotator,9,0.0
Sex,biological,Annotator7,GLM,model vs. any human annotator,9,0.35714285714285715
Staining,biological,Annotator7,GLM,model vs. any human annotator,9,-8.326672684688674e-17
Strain,biological,Annotator7,GLM,model vs. any human annotator,9,0.0
SupplementaryFile,technical,Annotator7,GLM,model vs. any human annotator,9,-0.20000000000000037
Time,experimental_design,Annotator7,GLM,model vs. any human annotator,9,0.0
Treatment,biological,Annotator7,GLM,model vs. any human annotator,9,
AcquisitionMethod,technical,Annotator8,Qwen,model vs. any human annotator,11,0.6206896551724139
Age,biological,Annotator8,Qwen,model vs. any human annotator,11,0.297872340425532
AlkylationReagent,technical,Annotator8,Qwen,model vs. any human annotator,11,0.23255813953488386
CellLine,biological,Annotator8,Qwen,model vs. any human annotator,11,0.6206896551724139
CellType,biological,Annotator8,Qwen,model vs. any human annotator,11,0.0
Chromatography,technical,Annotator8,Qwen,model vs. any human annotator,11,
CleavageAgent,technical,Annotator8,Qwen,model vs. any human annotator,11,
CollisionEnergy,technical,Annotator8,Qwen,model vs. any human annotator,11,0.29032258064516137
Compound,biological,Annotator8,Qwen,model vs. any human annotator,11,0.04347826086956525
Disease,biological,Annotator8,Qwen,model vs. any human annotator,11,1.0
EnrichmentMethod,technical,Annotator8,Qwen,model vs. any human annotator,11,0.8196721311475409
FactorValue,experimental_design,Annotator8,Qwen,model vs. any human annotator,11,0.0
FractionIdentifier,experimental_design,Annotator8,Qwen,model vs. any human annotator,11,6.106226635438359e-16
FractionationFraction,experimental_design,Annotator8,Qwen,model vs. any human annotator,11,-0.09999999999999892
FractionationMethod,technical,Annotator8,Qwen,model vs. any human annotator,11,0.3888888888888893
FragmentMassTolerance,technical,Annotator8,Qwen,model vs. any human annotator,11,0.3125
FragmentationMethod,technical,Annotator8,Qwen,model vs. any human annotator,11,0.6206896551724135
GradientTime,technical,Annotator8,Qwen,model vs. any human annotator,11,0.0
Instrument,technical,Annotator8,Qwen,model vs. any human annotator,11,
IonizationType,technical,Annotator8,Qwen,model vs. any human annotator,11,0.35294117647058826
Label,technical,Annotator8,Qwen,model vs. any human annotator,11,1.0
MS2MassAnalyzer,technical,Annotator8,Qwen,model vs. any human annotator,11,0.47619047619047616
Modification,technical,Annotator8,Qwen,model vs. any human annotator,11,0.21428571428571427
NumberOfBiologicalReplicates,experimental_design,Annotator8,Qwen,model vs. any human annotator,11,0.6206896551724138
NumberOfFractions,experimental_design,Annotator8,Qwen,model vs. any human annotator,11,0.26666666666666666
NumberOfMissedCleavages,technical,Annotator8,Qwen,model vs. any human annotator,11,0.47619047619047616
NumberOfSamples,experimental_design,Annotator8,Qwen,model vs. any human annotator,11,-0.06451612903225817
NumberOfTechnicalReplicates,experimental_design,Annotator8,Qwen,model vs. any human annotator,11,-0.037735849056603904
Organism,biological,Annotator8,Qwen,model vs. any human annotator,11,0.297872340425532
OrganismPart,biological,Annotator8,Qwen,model vs. any human annotator,11,0.24137931034482768
PooledSample,biological,Annotator8,Qwen,model vs. any human annotator,11,0.23255813953488386
PrecursorMassTolerance,technical,Annotator8,Qwen,model vs. any human annotator,11,0.297872340425532
ReductionReagent,technical,Annotator8,Qwen,model vs. any human annotator,11,0.56
SampleTreatment,experimental_design,Annotator8,Qwen,model vs. any human annotator,11,-0.13793103448275812
SamplingTime,experimental_design,Annotator8,Qwen,model vs. any human annotator,11,0.0
Separation,technical,Annotator8,Qwen,model vs. any human annotator,11,0.21428571428571427
Sex,biological,Annotator8,Qwen,model vs. any human annotator,11,0.42105263157894746
Staining,biological,Annotator8,Qwen,model vs. any human annotator,11,0.0
Strain,biological,Annotator8,Qwen,model vs. any human annotator,11,0.440677966101695
SupplementaryFile,technical,Annotator8,Qwen,model vs. any human annotator,11,0.0
Time,experimental_design,Annotator8,Qwen,model vs. any human annotator,11,0.01980198019801977
Treatment,biological,Annotator8,Qwen,model vs. any human annotator,11,0.6206896551724138
AcquisitionMethod,technical,Annotator8,Gemma,model vs. any human annotator,11,0.26666666666666666
Age,biological,Annotator8,Gemma,model vs. any human annotator,11,0.42105263157894746
AlkylationReagent,technical,Annotator8,Gemma,model vs. any human annotator,11,0.6206896551724135
CellLine,biological,Annotator8,Gemma,model vs. any human annotator,11,0.6206896551724139
CellType,biological,Annotator8,Gemma,model vs. any human annotator,11,-0.13793103448275848
Chromatography,technical,Annotator8,Gemma,model vs. any human annotator,11,
CleavageAgent,technical,Annotator8,Gemma,model vs. any human annotator,11,
CollisionEnergy,technical,Annotator8,Gemma,model vs. any human annotator,11,0.4761904761904763
Compound,biological,Annotator8,Gemma,model vs. any human annotator,11,0.0
Disease,biological,Annotator8,Gemma,model vs. any human annotator,11,0.8135593220338982
EnrichmentMethod,technical,Annotator8,Gemma,model vs. any human annotator,11,0.6451612903225807
FactorValue,experimental_design,Annotator8,Gemma,model vs. any human annotator,11,0.0
FractionIdentifier,experimental_design,Annotator8,Gemma,model vs. any human annotator,11,0.3888888888888893
FractionationFraction,experimental_design,Annotator8,Gemma,model vs. any human annotator,11,0.0
FractionationMethod,technical,Annotator8,Gemma,model vs. any human annotator,11,0.7441860465116279
FragmentMassTolerance,technical,Annotator8,Gemma,model vs. any human annotator,11,0.12698412698412698
FragmentationMethod,technical,Annotator8,Gemma,model vs. any human annotator,11,0.6206896551724135
GradientTime,technical,Annotator8,Gemma,model vs. any human annotator,11,0.0
Instrument,technical,Annotator8,Gemma,model vs. any human annotator,11,
IonizationType,technical,Annotator8,Gemma,model vs. any human annotator,11,0.4761904761904763
Label,technical,Annotator8,Gemma,model vs. any human annotator,11,0.8135593220338982
MS2MassAnalyzer,technical,Annotator8,Gemma,model vs. any human annotator,11,0.6451612903225807
Modification,technical,Annotator8,Gemma,model vs. any human annotator,11,0.4210526315789474
NumberOfBiologicalReplicates,experimental_design,Annotator8,Gemma,model vs. any human annotator,11,-0.15789473684210548
NumberOfFractions,experimental_design,Annotator8,Gemma,model vs. any human annotator,11,0.45901639344262296
NumberOfMissedCleavages,technical,Annotator8,Gemma,model vs. any human annotator,11,0.47619047619047616
NumberOfSamples,experimental_design,Annotator8,Gemma,model vs. any human annotator,11,0.15384615384615374
NumberOfTechnicalReplicates,experimental_design,Annotator8,Gemma,model vs. any human annotator,11,0.37735849056603776
Organism,biological,Annotator8,Gemma,model vs. any human annotator,11,0.0
OrganismPart,biological,Annotator8,Gemma,model vs. any human annotator,11,0.06779661016949153
PooledSample,biological,Annotator8,Gemma,model vs. any human annotator,11,6.106226635438359e-16
PrecursorMassTolerance,technical,Annotator8,Gemma,model vs. any human annotator,11,-0.037735849056603904
ReductionReagent,technical,Annotator8,Gemma,model vs. any human annotator,11,0.56
SampleTreatment,experimental_design,Annotator8,Gemma,model vs. any human annotator,11,6.106226635438359e-16
SamplingTime,experimental_design,Annotator8,Gemma,model vs. any human annotator,11,
Separation,technical,Annotator8,Gemma,model vs. any human annotator,11,0.0
Sex,biological,Annotator8,Gemma,model vs. any human annotator,11,-0.09999999999999892
Staining,biological,Annotator8,Gemma,model vs. any human annotator,11,0.0
Strain,biological,Annotator8,Gemma,model vs. any human annotator,11,0.6451612903225807
SupplementaryFile,technical,Annotator8,Gemma,model vs. any human annotator,11,0.0
Time,experimental_design,Annotator8,Gemma,model vs. any human annotator,11,0.01980198019801977
Treatment,biological,Annotator8,Gemma,model vs. any human annotator,11,1.0
AcquisitionMethod,technical,Annotator8,GLM,model vs. any human annotator,11,0.6451612903225807
Age,biological,Annotator8,GLM,model vs. any human annotator,11,0.297872340425532
AlkylationReagent,technical,Annotator8,GLM,model vs. any human annotator,11,0.38888888888888884
CellLine,biological,Annotator8,GLM,model vs. any human annotator,11,0.35294117647058826
CellType,biological,Annotator8,GLM,model vs. any human annotator,11,-0.15789473684210548
Chromatography,technical,Annotator8,GLM,model vs. any human annotator,11,
CleavageAgent,technical,Annotator8,GLM,model vs. any human annotator,11,
CollisionEnergy,technical,Annotator8,GLM,model vs. any human annotator,11,0.3125
Compound,biological,Annotator8,GLM,model vs. any human annotator,11,0.21428571428571427
Disease,biological,Annotator8,GLM,model vs. any human annotator,11,0.4210526315789474
EnrichmentMethod,technical,Annotator8,GLM,model vs. any human annotator,11,1.0
FactorValue,experimental_design,Annotator8,GLM,model vs. any human annotator,11,0.0
FractionIdentifier,experimental_design,Annotator8,GLM,model vs. any human annotator,11,0.7441860465116279
FractionationFraction,experimental_design,Annotator8,GLM,model vs. any human annotator,11,-0.09999999999999892
FractionationMethod,technical,Annotator8,GLM,model vs. any human annotator,11,0.23255813953488386
FragmentMassTolerance,technical,Annotator8,GLM,model vs. any human annotator,11,0.3125
FragmentationMethod,technical,Annotator8,GLM,model vs. any human annotator,11,0.6206896551724135
GradientTime,technical,Annotator8,GLM,model vs. any human annotator,11,6.784696261598178e-17
Instrument,technical,Annotator8,GLM,model vs. any human annotator,11,
IonizationType,technical,Annotator8,GLM,model vs. any human annotator,11,0.24137931034482768
Label,technical,Annotator8,GLM,model vs. any human annotator,11,0.8135593220338982
MS2MassAnalyzer,technical,Annotator8,GLM,model vs. any human annotator,11,0.09836065573770482
Modification,technical,Annotator8,GLM,model vs. any human annotator,11,0.21428571428571427
NumberOfBiologicalReplicates,experimental_design,Annotator8,GLM,model vs. any human annotator,11,-0.09999999999999892
NumberOfFractions,experimental_design,Annotator8,GLM,model vs. any human annotator,11,0.440677966101695
NumberOfMissedCleavages,technical,Annotator8,GLM,model vs. any human annotator,11,0.47619047619047616
NumberOfSamples,experimental_design,Annotator8,GLM,model vs. any human annotator,11,-0.03125
NumberOfTechnicalReplicates,experimental_design,Annotator8,GLM,model vs. any human annotator,11,0.37735849056603776
Organism,biological,Annotator8,GLM,model vs. any human annotator,11,0.297872340425532
OrganismPart,biological,Annotator8,GLM,model vs. any human annotator,11,0.15384615384615374
PooledSample,biological,Annotator8,GLM,model vs. any human annotator,11,-0.13793103448275812
PrecursorMassTolerance,technical,Annotator8,GLM,model vs. any human annotator,11,0.56
ReductionReagent,technical,Annotator8,GLM,model vs. any human annotator,11,0.56
SampleTreatment,experimental_design,Annotator8,GLM,model vs. any human annotator,11,6.106226635438359e-16
SamplingTime,experimental_design,Annotator8,GLM,model vs. any human annotator,11,
Separation,technical,Annotator8,GLM,model vs. any human annotator,11,0.01980198019801977
Sex,biological,Annotator8,GLM,model vs. any human annotator,11,-0.09999999999999892
Staining,biological,Annotator8,GLM,model vs. any human annotator,11,0.0
Strain,biological,Annotator8,GLM,model vs. any human annotator,11,0.6451612903225807
SupplementaryFile,technical,Annotator8,GLM,model vs. any human annotator,11,-0.1702127659574468
Time,experimental_design,Annotator8,GLM,model vs. any human annotator,11,0.15384615384615374
Treatment,biological,Annotator8,GLM,model vs. any human annotator,11,6.106226635438359e-16
AcquisitionMethod,technical,Qwen,Gemma,model vs. model,27,0.41935483870967744
Age,biological,Qwen,Gemma,model vs. model,27,0.8071428571428572
AlkylationReagent,technical,Qwen,Gemma,model vs. model,27,0.7460815047021943
CellLine,biological,Qwen,Gemma,model vs. model,27,0.7768595041322313
CellType,biological,Qwen,Gemma,model vs. model,27,0.0
Chromatography,technical,Qwen,Gemma,model vs. model,27,
CleavageAgent,technical,Qwen,Gemma,model vs. model,27,1.0
CollisionEnergy,technical,Qwen,Gemma,model vs. model,27,0.9189189189189189
Compound,biological,Qwen,Gemma,model vs. model,27,0.5207100591715974
Disease,biological,Qwen,Gemma,model vs. model,27,0.8411764705882353
EnrichmentMethod,technical,Qwen,Gemma,model vs. model,27,0.41935483870967744
FactorValue,experimental_design,Qwen,Gemma,model vs. model,27,
FractionIdentifier,experimental_design,Qwen,Gemma,model vs. model,27,0.0
FractionationFraction,experimental_design,Qwen,Gemma,model vs. model,27,-0.05194805194805352
FractionationMethod,technical,Qwen,Gemma,model vs. model,27,0.5018450184501845
FragmentMassTolerance,technical,Qwen,Gemma,model vs. model,27,0.6931818181818182
FragmentationMethod,technical,Qwen,Gemma,model vs. model,27,1.0
GradientTime,technical,Qwen,Gemma,model vs. model,27,0.18181818181818182
Instrument,technical,Qwen,Gemma,model vs. model,27,
IonizationType,technical,Qwen,Gemma,model vs. model,27,0.696629213483146
Label,technical,Qwen,Gemma,model vs. model,27,0.7011070110701106
MS2MassAnalyzer,technical,Qwen,Gemma,model vs. model,27,0.6639004149377592
Modification,technical,Qwen,Gemma,model vs. model,27,0.8988764044943819
NumberOfBiologicalReplicates,experimental_design,Qwen,Gemma,model vs. model,27,0.5714285714285713
NumberOfFractions,experimental_design,Qwen,Gemma,model vs. model,27,0.7731092436974789
NumberOfMissedCleavages,technical,Qwen,Gemma,model vs. model,27,0.9256198347107437
NumberOfSamples,experimental_design,Qwen,Gemma,model vs. model,27,0.3349753694581276
NumberOfTechnicalReplicates,experimental_design,Qwen,Gemma,model vs. model,27,0.23404255319148923
Organism,biological,Qwen,Gemma,model vs. model,27,0.6493506493506489
OrganismPart,biological,Qwen,Gemma,model vs. model,27,0.7567567567567567
PooledSample,biological,Qwen,Gemma,model vs. model,27,0.2602739726027398
PrecursorMassTolerance,technical,Qwen,Gemma,model vs. model,27,0.6447368421052632
ReductionReagent,technical,Qwen,Gemma,model vs. model,27,0.6687116564417178
SampleTreatment,experimental_design,Qwen,Gemma,model vs. model,27,0.0
SamplingTime,experimental_design,Qwen,Gemma,model vs. model,27,0.0
Separation,technical,Qwen,Gemma,model vs. model,27,0.058981233243967805
Sex,biological,Qwen,Gemma,model vs. model,27,0.5714285714285714
Staining,biological,Qwen,Gemma,model vs. model,27,0.5573770491803279
Strain,biological,Qwen,Gemma,model vs. model,27,0.8516483516483516
SupplementaryFile,technical,Qwen,Gemma,model vs. model,27,-5.995204332975848e-16
Time,experimental_design,Qwen,Gemma,model vs. model,27,0.18181818181818152
Treatment,biological,Qwen,Gemma,model vs. model,27,0.7567567567567568
AcquisitionMethod,technical,Qwen,GLM,model vs. model,27,0.2741935483870968
Age,biological,Qwen,GLM,model vs. model,27,0.8071428571428572
AlkylationReagent,technical,Qwen,GLM,model vs. model,27,0.6538461538461539
CellLine,biological,Qwen,GLM,model vs. model,27,0.7804878048780487
CellType,biological,Qwen,GLM,model vs. model,27,0.0
Chromatography,technical,Qwen,GLM,model vs. model,27,
CleavageAgent,technical,Qwen,GLM,model vs. model,27,0.6493506493506489
CollisionEnergy,technical,Qwen,GLM,model vs. model,27,0.7567567567567567
Compound,biological,Qwen,GLM,model vs. model,27,0.4424778761061946
Disease,biological,Qwen,GLM,model vs. model,27,0.6538461538461539
EnrichmentMethod,technical,Qwen,GLM,model vs. model,27,0.7731092436974789
FactorValue,experimental_design,Qwen,GLM,model vs. model,27,
FractionIdentifier,experimental_design,Qwen,GLM,model vs. model,27,0.0
FractionationFraction,experimental_design,Qwen,GLM,model vs. model,27,-0.03846153846153882
FractionationMethod,technical,Qwen,GLM,model vs. model,27,0.7874015748031495
FragmentMassTolerance,technical,Qwen,GLM,model vs. model,27,0.8465909090909091
FragmentationMethod,technical,Qwen,GLM,model vs. model,27,0.696629213483146
GradientTime,technical,Qwen,GLM,model vs. model,27,0.4324324324324324
Instrument,technical,Qwen,GLM,model vs. model,27,
IonizationType,technical,Qwen,GLM,model vs. model,27,0.6170212765957446
Label,technical,Qwen,GLM,model vs. model,27,0.4968944099378883
MS2MassAnalyzer,technical,Qwen,GLM,model vs. model,27,0.43983402489626544
Modification,technical,Qwen,GLM,model vs. model,27,1.0
NumberOfBiologicalReplicates,experimental_design,Qwen,GLM,model vs. model,27,0.7235494880546074
NumberOfFractions,experimental_design,Qwen,GLM,model vs. model,27,0.6218487394957982
NumberOfMissedCleavages,technical,Qwen,GLM,model vs. model,27,0.850828729281768
NumberOfSamples,experimental_design,Qwen,GLM,model vs. model,27,0.10332103321033212
NumberOfTechnicalReplicates,experimental_design,Qwen,GLM,model vs. model,27,0.4671052631578947
Organism,biological,Qwen,GLM,model vs. model,27,0.3720930232558141
OrganismPart,biological,Qwen,GLM,model vs. model,27,0.25
PooledSample,biological,Qwen,GLM,model vs. model,27,0.2602739726027398
PrecursorMassTolerance,technical,Qwen,GLM,model vs. model,27,0.6447368421052632
ReductionReagent,technical,Qwen,GLM,model vs. model,27,0.7235494880546074
SampleTreatment,experimental_design,Qwen,GLM,model vs. model,27,0.0
SamplingTime,experimental_design,Qwen,GLM,model vs. model,27,-0.05882352941176443
Separation,technical,Qwen,GLM,model vs. model,27,0.27807486631016043
Sex,biological,Qwen,GLM,model vs. model,27,0.6582278481012656
Staining,biological,Qwen,GLM,model vs. model,27,0.4
Strain,biological,Qwen,GLM,model vs. model,27,0.8516483516483516
SupplementaryFile,technical,Qwen,GLM,model vs. model,27,0.3622047244094487
Time,experimental_design,Qwen,GLM,model vs. model,27,0.2372881355932204
Treatment,biological,Qwen,GLM,model vs. model,27,0.0
AcquisitionMethod,technical,Gemma,GLM,model vs. model,27,0.5397727272727274
Age,biological,Gemma,GLM,model vs. model,27,0.8071428571428572
AlkylationReagent,technical,Gemma,GLM,model vs. model,27,0.696629213483146
CellLine,biological,Gemma,GLM,model vs. model,27,0.7049180327868853
CellType,biological,Gemma,GLM,model vs. model,27,0.16494845360824725
Chromatography,technical,Gemma,GLM,model vs. model,27,
CleavageAgent,technical,Gemma,GLM,model vs. model,27,0.6493506493506489
CollisionEnergy,technical,Gemma,GLM,model vs. model,27,0.8333333333333334
Compound,biological,Gemma,GLM,model vs. model,27,0.18181818181818196
Disease,biological,Gemma,GLM,model vs. model,27,0.6538461538461539
EnrichmentMethod,technical,Gemma,GLM,model vs. model,27,0.4986737400530503
FactorValue,experimental_design,Gemma,GLM,model vs. model,27,
FractionIdentifier,experimental_design,Gemma,GLM,model vs. model,27,0.7804878048780486
FractionationFraction,experimental_design,Gemma,GLM,model vs. model,27,-0.05194805194805352
FractionationMethod,technical,Gemma,GLM,model vs. model,27,0.5392491467576791
FragmentMassTolerance,technical,Gemma,GLM,model vs. model,27,0.8465909090909091
FragmentationMethod,technical,Gemma,GLM,model vs. model,27,0.696629213483146
GradientTime,technical,Gemma,GLM,model vs. model,27,0.13333333333333322
Instrument,technical,Gemma,GLM,model vs. model,27,
IonizationType,technical,Gemma,GLM,model vs. model,27,0.9078498293515357
Label,technical,Gemma,GLM,model vs. model,27,0.7596439169139465
MS2MassAnalyzer,technical,Gemma,GLM,model vs. model,27,0.22857142857142881
Modification,technical,Gemma,GLM,model vs. model,27,0.8988764044943819
NumberOfBiologicalReplicates,experimental_design,Gemma,GLM,model vs. model,27,0.6470588235294118
NumberOfFractions,experimental_design,Gemma,GLM,model vs. model,27,0.5397727272727274
NumberOfMissedCleavages,technical,Gemma,GLM,model vs. model,27,0.9243697478991596
NumberOfSamples,experimental_design,Gemma,GLM,model vs. model,27,0.5846153846153848
NumberOfTechnicalReplicates,experimental_design,Gemma,GLM,model vs. model,27,0.6170212765957446
Organism,biological,Gemma,GLM,model vs. model,27,0.19801980198019817
OrganismPart,biological,Gemma,GLM,model vs. model,27,0.2877697841726619
PooledSample,biological,Gemma,GLM,model vs. model,27,0.45999999999999963
PrecursorMassTolerance,technical,Gemma,GLM,model vs. model,27,0.6447368421052632
ReductionReagent,technical,Gemma,GLM,model vs. model,27,0.7460815047021943
SampleTreatment,experimental_design,Gemma,GLM,model vs. model,27,
SamplingTime,experimental_design,Gemma,GLM,model vs. model,27,-2.9976021664879274e-15
Separation,technical,Gemma,GLM,model vs. model,27,0.3349753694581279
Sex,biological,Gemma,GLM,model vs. model,27,0.6582278481012656
Staining,biological,Gemma,GLM,model vs. model,27,0.26229508196721324
Strain,biological,Gemma,GLM,model vs. model,27,1.0
SupplementaryFile,technical,Gemma,GLM,model vs. model,27,0.0
Time,experimental_design,Gemma,GLM,model vs. model,27,0.011267605633802691
Treatment,biological,Gemma,GLM,model vs. model,27,0.0
