pxd	run	tissue	confidence
PXD000004	HSA	Brain	0.7028
PXD000004	HSA2	Brain	0.7097
PXD000004	HSA3	Brain	0.7074
PXD000004	HSB	Brain	0.6235
PXD000004	HSB3	Brain	0.8708
PXD000004	HSC	Brain	0.8296
PXD000004	HSC2	Brain	0.8306
PXD000004	HSC3	Brain	0.7727
PXD000004	HSD	Brain	0.7209
PXD000004	HSD3	Brain	0.8009
PXD000004	HSE	Brain	0.7416
PXD000004	HSE2	Brain	0.7372
PXD000004	HSE3	Brain	0.6734
PXD000412	R20120217_10_Z5_MAIR_calc	Salivary gland	0.3051
PXD000412	R20120217_11_Z6_MAIR_calc	Salivary gland	0.3086
PXD000412	R20120628_03_Z46_B61_repeat	Salivary gland	0.3118
PXD000426	V14710_PolyASN_test_361_Jurkat__31-05-2013_LMA0_fr6	Testis	0.3062
PXD000561	PXD000561-Sample 10	Liver	0.8416
PXD000561	PXD000561-Sample 11	Liver	0.7774
PXD000561	PXD000561-Sample 12	Lung	0.3852
PXD000561	PXD000561-Sample 13	Lung	0.3434
PXD000561	PXD000561-Sample 14	Placenta	0.5323
PXD000561	PXD000561-Sample 15	Brain	0.3387
PXD000561	PXD000561-Sample 19	Heart	0.4635
PXD000561	PXD000561-Sample 20	Heart	0.4555
PXD000561	PXD000561-Sample 21	Heart	0.4571
PXD000561	PXD000561-Sample 23	Liver	0.3448
PXD000561	PXD000561-Sample 24	Liver	0.3819
PXD000561	PXD000561-Sample 3	Esophagus	0.589
PXD000561	PXD000561-Sample 31	Monocytes	0.3383
PXD000561	PXD000561-Sample 32	Monocytes	0.3059
PXD000561	PXD000561-Sample 37	Esophagus	0.5441
PXD000561	PXD000561-Sample 38	Brain	0.7969
PXD000561	PXD000561-Sample 39	Heart	0.8516
PXD000561	PXD000561-Sample 4	Esophagus	0.4921
PXD000561	PXD000561-Sample 42	Monocytes	0.4004
PXD000561	PXD000561-Sample 49	Adrenal gland	0.5794
PXD000561	PXD000561-Sample 50	Colon	0.3877
PXD000561	PXD000561-Sample 51	Colon	0.3919
PXD000561	PXD000561-Sample 54	Heart	0.7023
PXD000561	PXD000561-Sample 55	Kidney	0.4816
PXD000561	PXD000561-Sample 58	Testis	0.8109
PXD000561	PXD000561-Sample 6	Heart	0.852
PXD000561	PXD000561-Sample 62	Prostate	0.4159
PXD000561	PXD000561-Sample 63	Colon	0.4433
PXD000561	PXD000561-Sample 66	Brain	0.5946
PXD000561	PXD000561-Sample 67	Brain	0.4413
PXD000561	PXD000561-Sample 68	Testis	0.8398
PXD000561	PXD000561-Sample 7	Heart	0.5768
PXD000561	PXD000561-Sample 73	Heart	0.5288
PXD000561	PXD000561-Sample 79	Placenta	0.6376
PXD000561	PXD000561-Sample 8	Kidney	0.8029
PXD000561	PXD000561-Sample 80	Brain	0.8987
PXD000561	PXD000561-Sample 81	Heart	0.7311
PXD000561	PXD000561-Sample 82	Liver	0.9157
PXD000561	PXD000561-Sample 83	Liver	0.8818
PXD000561	PXD000561-Sample 84	Colon	0.4039
PXD000561	PXD000561-Sample 85	Brain	0.843
PXD000561	PXD000561-Sample 9	Kidney	0.7077
PXD001249	20130404_QEx3_RSLC-4_Kreidl_Peters_IMP_insol_neg_contr_30per	Ovary	0.3179
PXD001415	PBMC_1_con_ne1b	B-cells	0.3147
PXD001417	PBMC_3_con_sn1a	Monocytes	0.302
PXD001417	PBMC_3_con_sn1b	Monocytes	0.3379
PXD001418	PBMC_1_stim_ne1a	B-cells	0.3837
PXD001418	PBMC_1_stim_ne1b	B-cells	0.3564
PXD001418	PBMC_2_stim_ne1a	B-cells	0.3417
PXD001418	PBMC_2_stim_ne1b	B-cells	0.3161
PXD001418	PBMC_3_stim_ne1a	B-cells	0.339
PXD001418	PBMC_3_stim_ne1b	B-cells	0.3415
PXD001420	PBMC_3_stim_sn1b	Monocytes	0.3827
PXD001421	PBMC_1_stim_dex_ne1b	B-cells	0.3986
PXD001421	PBMC_3_stim_dex_ne1a	B-cells	0.3271
PXD001421	PBMC_3_stim_dex_ne1b	B-cells	0.3274
PXD001423	PBMC_3_stim_dex_sn1a	Monocytes	0.3304
PXD001423	PBMC_3_stim_dex_sn1b	Monocytes	0.4115
PXD001674	OR6_20140218_PW_Neutrophil_subpop_rep1_fr13-15	Bone marrow	0.3213
PXD001674	OR6_20140218_PW_Neutrophil_subpop_rep2_fr7	Monocytes	0.3658
PXD001674	OR6_20140220_PW_Neutrophil_subpop_rep3_fr13-15	Bone marrow	0.3059
PXD001674	OR6_20140220_PW_Neutrophil_subpop_rep3_fr16-18	Bone marrow	0.3268
PXD001674	OR6_20140220_PW_Neutrophil_subpop_rep3_fr7	Monocytes	0.3625
PXD001674	OR6_20140220_PW_Neutrophil_subpop_rep3_fr9	Bone marrow	0.4017
PXD002145	00799_A04_P006409_S00_N25_R1	Prostate	0.3682
PXD002145	00799_D05_P006409_S00_N36_R1	Prostate	0.375
PXD002145	00799_G05_P006409_S00_N39_R1	Prostate	0.319
PXD002145	00799_H05_P006409_S00_N40_R1	Prostate	0.3887
PXD002145	00799_H06_P006409_S00_N48_R1	Prostate	0.3018
PXD002145	00800_B05_P006439_S00_N34_R1	Prostate	0.3227
PXD002145	00800_B06_P006439_S00_N42_R1	Prostate	0.3629
PXD002145	00800_C06_P006439_S00_N43_R1	Prostate	0.3622
PXD002145	00800_F05_P006439_S00_N38_R1	Prostate	0.327
PXD002145	00800_F06_P006439_S00_N46_R1	Prostate	0.3716
PXD002145	00800_G05_P006439_S00_N39_R1	Prostate	0.405
PXD002145	00800_G06_P006439_S00_N47_R1	Prostate	0.3403
PXD002145	00800_H05_P006439_S00_N40_R1	Prostate	0.386
PXD002145	00800_H06_P006439_S00_N48_R1	Prostate	0.3282
PXD002145	00801_A06_P006440_S00_N41_R1	Prostate	0.354
PXD002145	00801_C05_P006440_S00_N35_R1	Prostate	0.3214
PXD002145	00801_C06_P006440_S00_N43_R1	Salivary gland	0.3148
PXD002145	00801_E05_P006440_S00_N37_R1	Prostate	0.3568
PXD002145	00801_E06_P006440_S00_N45_R1	Prostate	0.3607
PXD002145	00801_G05_P006440_S00_N39_R1	Prostate	0.3583
PXD002145	00801_G06_P006440_S00_N47_R1	Prostate	0.3456
PXD002145	00801_H05_P006440_S00_N40_R1	Prostate	0.3899
PXD002145	00801_H06_P006440_S00_N48_R2	Prostate	0.3893
PXD002145	00809_B05_P006448_B00_N02_R1	Prostate	0.4192
PXD002145	00809_B09_P006449_B00_N02_R1	Prostate	0.3577
PXD002145	00809_C09_P006449_B00_N03_R1	Prostate	0.3445
PXD002145	00809_G02_P006447_B00_N15_R1	Prostate	0.4086
PXD002145	00881_E03_P006451_B00_N21_R1	Prostate	0.3646
PXD002145	00917_C04_P008028_B00_N27_R1	Prostate	0.3622
PXD003028	20150414_QEp1_LC7_NiGr_SA_Saliva_2m	Salivary gland	0.3037
PXD003028	20150414_QEp1_LC7_NiGr_SA_Saliva_5_fractionated2	Esophagus	0.3113
PXD003028	20150414_QEp1_LC7_NiGr_SA_Saliva_6_fractionated5	Esophagus	0.3091
PXD003534	DYO-HS_EXP9_A1	Monocytes	0.6803
PXD003534	DYO-HS_EXP9_A2	Monocytes	0.4953
PXD003534	DYO-HS_EXP9_A3	Monocytes	0.4352
PXD003534	DYO-HS_EXP9_A4	Monocytes	0.5745
PXD003534	DYO-HS_EXP9_A5	Monocytes	0.5323
PXD003534	DYO-HS_EXP9_A6	Monocytes	0.7094
PXD003534	DYO-HS_EXP9_A7	Monocytes	0.718
PXD003534	DYO-HS_EXP9_N1	Monocytes	0.579
PXD003534	DYO-HS_EXP9_N2	Monocytes	0.5276
PXD003534	DYO-HS_EXP9_N3	Monocytes	0.512
PXD003534	DY_HS_AD1	Monocytes	0.6364
PXD003534	DY_HS_AD2	Monocytes	0.5657
PXD003534	DY_HS_AD3	Monocytes	0.5138
PXD003534	DY_HS_AD4	Monocytes	0.5303
PXD003534	DY_HS_AD5	Monocytes	0.5352
PXD003534	DY_HS_AD6	Monocytes	0.545
PXD003534	DY_HS_AD7	Monocytes	0.5276
PXD003534	DY_HS_EXP15_A1	Monocytes	0.6081
PXD003534	DY_HS_EXP15_A2	Monocytes	0.3829
PXD003534	DY_HS_EXP15_A3	Monocytes	0.4544
PXD003534	DY_HS_EXP15_A4	Monocytes	0.5464
PXD003534	DY_HS_EXP15_N1	Monocytes	0.6029
PXD003534	DY_HS_EXP15_N5	Monocytes	0.4606
PXD003534	DY_HS_EXP15_N6	Monocytes	0.6012
PXD003534	DY_HS_EXP15_N7	Monocytes	0.3077
PXD003534	DY_HS_EXP6_A1	Monocytes	0.5232
PXD003534	DY_HS_EXP6_A2	Monocytes	0.5704
PXD003534	DY_HS_EXP6_N5	Monocytes	0.4459
PXD003534	DY_HS_EXP6_N6	Monocytes	0.6034
PXD003534	DY_HS_EXP6_N7	Monocytes	0.5628
PXD003534	DY_HS_Exp16-2_A1	Monocytes	0.5867
PXD003534	DY_HS_Exp16-2_A2	Monocytes	0.5536
PXD003534	DY_HS_Exp16-2_A3	Monocytes	0.5162
PXD003534	DY_HS_Exp16-2_A4	Monocytes	0.5282
PXD003534	DY_HS_Exp16-2_A5	Monocytes	0.5656
PXD003534	DY_HS_Exp16-2_A6	Monocytes	0.6955
PXD003534	DY_HS_Exp16-2_A7	Monocytes	0.6137
PXD003534	DY_HS_Exp16-2_A8	Monocytes	0.6412
PXD003534	DY_HS_Exp16-2_N1	Monocytes	0.5622
PXD003534	DY_HS_Exp16-2_N4	Monocytes	0.5207
PXD003534	DY_HS_Exp16-2_N5	Monocytes	0.6078
PXD003534	DY_HS_Exp16-2_N6	Monocytes	0.3844
PXD003534	DY_HS_Exp7-Ad1	Monocytes	0.5961
PXD003534	DY_HS_Exp7-Ad2	Monocytes	0.5268
PXD003534	DY_HS_Exp7-Ad3	Monocytes	0.4606
PXD003534	DY_HS_Exp7-Ad4	Monocytes	0.5132
PXD003534	DY_HS_Exp7-Ad5	Monocytes	0.556
PXD003534	DY_HS_Exp7-N1	Monocytes	0.5171
PXD003534	DY_HS_Exp7-N2	Monocytes	0.4639
PXD003534	DY_HS_Exp7-N3	Monocytes	0.4732
PXD003534	DY_HS_Exp7-N4	Monocytes	0.4106
PXD003534	DY_HS_Exp7-N5-1	Monocytes	0.4747
PXD003534	DY_HS_Exp7-N6	Monocytes	0.5576
PXD003534	DY_HS_Exp7-N7	Monocytes	0.5662
PXD003534	DY_HS_Exp8_N1_1	Monocytes	0.7015
PXD003534	DY_HS_Exp8_N1_2	Monocytes	0.6466
PXD003534	DY_HS_Exp8_N1_3	Monocytes	0.5461
PXD003534	DY_HS_Exp8_N1_4	Monocytes	0.6022
PXD003534	DY_HS_Exp8_N1_5	Monocytes	0.6542
PXD003534	DY_HS_Exp8_N1_6	Monocytes	0.6853
PXD003534	DY_HS_Exp8_N1_7	Monocytes	0.5135
PXD003534	DY_HS_Exp8_N2D_1	Monocytes	0.5706
PXD003534	DY_HS_Exp8_N2D_2	Monocytes	0.6394
PXD003534	DY_HS_Exp8_N2D_3	Monocytes	0.5299
PXD003534	DY_HS_Exp8_N2D_4	Monocytes	0.5899
PXD003534	DY_HS_Exp8_N2D_5	Monocytes	0.5779
PXD003534	DY_HS_Exp8_N2D_6	Monocytes	0.6486
PXD003534	DY_HS_Exp8_N2D_7	Monocytes	0.5967
PXD003534	DY_HS_IN1	Monocytes	0.5468
PXD003534	DY_HS_IN2_121102163803	Monocytes	0.5278
PXD003534	DY_HS_IN3_121102210504	Monocytes	0.4504
PXD003534	DY_HS_IN4_121103013202	Monocytes	0.4325
PXD003534	DY_HS_IN5_121103055900	Monocytes	0.4536
PXD003534	DY_HS_IN6	Monocytes	0.6095
PXD003534	DY_HS_IN7	Monocytes	0.4555
PXD003534	DY_HS_IN8	Monocytes	0.4928
PXD004355	150729_Long_polyWAX_BrainSol_sol_1uL_0_4ulmin_1200min	Brain	0.7751
PXD004355	150729_Long_polyWAX_BrainSol_sol_1uL_0_4ulmin_600min	Brain	0.9665
PXD004355	150729_Long_polyWAX_Brain_sol_1uL_0_4ulmin_280min	Brain	0.678
PXD004540	20150309_TMT_SPEG_50cm_90min	Brain	0.3242
PXD004540	20150311_CSF_TMT_SPEG_MM_10	Brain	0.3551
PXD004540	20150311_CSF_TMT_SPEG_MM_11	Brain	0.3135
PXD004540	20150311_CSF_TMT_SPEG_MM_11_Rerun	Brain	0.4059
PXD004540	20150311_CSF_TMT_SPEG_MM_12	Brain	0.3619
PXD004540	20150311_CSF_TMT_SPEG_MM_12_Rerun	Brain	0.3568
PXD004540	20150311_CSF_TMT_SPEG_MM_8	Brain	0.3708
PXD004540	20150311_CSF_TMT_SPEG_MM_9	Brain	0.3612
PXD004540	20150311_CSF_TMT_SPEG_MM_9_Rerun	Brain	0.3491
PXD004682	20150912_Haura-Pilot_N0296_bRPLC01-1	Lung	0.3153
PXD004682	20150912_Haura-Pilot_N0296_bRPLC07-1	Lung	0.3095
PXD004682	20150912_Haura-Pilot_N0296_bRPLC08-1	Lung	0.328
PXD004682	20150912_Haura-Pilot_N0296_bRPLC09-1	Lung	0.3478
PXD004682	20150912_Haura-Pilot_N0296_bRPLC09-2	Lung	0.3019
PXD004713	1DLC052815QE_RRAG_025B_rep1	Prostate	0.3017
PXD004713	1DLC121914QE_RRAG_025_rep1	Prostate	0.4281
PXD004713	1DLC121914QE_RRAG_025_rep2	Prostate	0.4176
PXD005693	151112-MClass-15-3409-01-AKZ	Colon	0.3298
PXD005693	151112-MClass-15-3411-01-AKZ	Colon	0.4637
PXD005693	151112-MClass-15-3415-01-AKZ	Colon	0.3841
PXD005709	150130-15_0321-01-AKZ-F01	Liver	0.3928
PXD005709	150130-15_0321-01-AKZ-F02	Liver	0.6978
PXD005709	150130-15_0321-01-AKZ-F03	Liver	0.643
PXD005709	150130-15_0325-01-AKZ-F01_150203130716	Liver	0.3622
PXD005709	150130-15_0325-01-AKZ-F02	Liver	0.6073
PXD005709	150130-15_0325-01-AKZ-F03	Liver	0.7252
PXD005709	150130-15_0329-01-AKZ-F01	Liver	0.3728
PXD005709	150130-15_0329-01-AKZ-F02	Liver	0.5918
PXD005709	150130-15_0329-01-AKZ-F03	Liver	0.7075
PXD005709	150130-15_0330-01-AKZ-F02	Liver	0.4318
PXD005709	150130-15_0330-01-AKZ-F03	Liver	0.4342
PXD005709	150220-15_0327-01-AKZ-F01	Liver	0.4164
PXD005709	150220-15_0327-01-AKZ-F02	Liver	0.5587
PXD005709	150220-15_0327-01-AKZ-F03	Liver	0.7078
PXD005709	150220-15_0331-01-AKZ-F01	Liver	0.4839
PXD005709	150220-15_0331-01-AKZ-F03	Liver	0.8089
PXD005753	120816_RossC_TR_C535A	Brain	0.3263
PXD005753	120816_RossC_TR_C535C	Brain	0.4121
PXD005753	120816_RossC_TR_C535D	Brain	0.4043
PXD005753	120816_RossC_TR_C535E	Brain	0.3193
PXD005753	120816_RossC_TR_HD95B	Brain	0.3132
PXD005753	121017_RossC_RT_C994	Brain	0.3188
PXD005753	121017_RossC_RT_HD61	Brain	0.3984
PXD005753	121017_RossC_RT_HD98	Brain	0.3463
PXD005753	121127_RossC_RT_C702-A-try	Brain	0.3193
PXD005753	121127_RossC_RT_C994-A-try	Brain	0.3723
PXD005753	121127_RossC_RT_HD-125A-try	Brain	0.3193
PXD005753	121127_RossC_RT_HD-61A-try	Brain	0.4288
PXD005753	121127_RossC_RT_HD-61A-try-TiO2	Brain	0.4038
PXD006268	JB_150224_Qexactive_A01	Ovary	0.453
PXD006268	JB_150224_Qexactive_A02	Ovary	0.4282
PXD006268	JB_150224_Qexactive_C01	Ovary	0.3654
PXD006268	JB_150224_Qexactive_C02	Ovary	0.3228
PXD006371	Lanlach2	Ovary	0.3097
PXD006465	170325_HF02_XuPing_CNHPP_A_LysC_1_F1_R2	Testis	0.7063
PXD006465	170325_HF02_XuPing_CNHPP_A_LysC_2_F1_R1	Testis	0.5709
PXD006465	170325_HF02_XuPing_CNHPP_A_LysC_3_F1_R1	Testis	0.8037
PXD006465	170325_HF02_XuPing_CNHPP_A_LysC_4_F1_R1	Testis	0.7801
PXD006465	170325_HF02_XuPing_CNHPP_A_LysC_5_F1_R1	Testis	0.8198
PXD006465	170325_HF02_XuPing_CNHPP_A_LysC_6_F1_R1	Testis	0.7887
PXD006465	170325_HF02_XuPing_CNHPP_A_LysC_7_F1_R1	Testis	0.7204
PXD006465	170325_HF02_XuPing_CNHPP_A_R29_1_F1_R1	Testis	0.3681
PXD006465	170325_HF02_XuPing_CNHPP_A_R29_2_F1_R2	Testis	0.3854
PXD006465	170325_HF02_XuPing_CNHPP_B_LysC_1_F1_R1	Testis	0.67
PXD006465	170325_HF02_XuPing_CNHPP_B_LysC_2_F1_R1	Testis	0.5828
PXD006465	170325_HF02_XuPing_CNHPP_B_LysC_3_F1_R1	Testis	0.8238
PXD006465	170325_HF02_XuPing_CNHPP_B_LysC_5_F1_R1	Testis	0.5916
PXD006465	170325_HF02_XuPing_CNHPP_B_LysC_6_F1_R1	Testis	0.608
PXD006465	170325_HF02_XuPing_CNHPP_B_LysC_7_F1_R1	Testis	0.4014
PXD006465	170325_HF02_XuPing_CNHPP_B_R29_2_F1_R1	Testis	0.3534
PXD006465	170325_HF02_XuPing_CNHPP_B_R29_3_F1_R1	Testis	0.5023
PXD006465	170325_HF02_XuPing_CNHPP_B_R29_6_F1_R1	Testis	0.3113
PXD006465	170325_HF02_XuPing_CNHPP_C_LysC_1_F1_R1	Testis	0.5834
PXD006465	170325_HF02_XuPing_CNHPP_C_LysC_2_F1_R1	Testis	0.6156
PXD006465	170325_HF02_XuPing_CNHPP_C_LysC_3_F1_R1	Testis	0.6746
PXD006465	170325_HF02_XuPing_CNHPP_C_LysC_4_F1_R1	Testis	0.7884
PXD006465	170325_HF02_XuPing_CNHPP_C_LysC_5_F1_R1	Testis	0.64
PXD006465	170325_HF02_XuPing_CNHPP_C_LysC_6_F1_R1	Testis	0.6163
PXD006465	170325_HF02_XuPing_CNHPP_C_LysC_7_F1_R1	Testis	0.4735
PXD006465	170325_HF02_XuPing_CNHPP_C_R29_3_F1_R1	Testis	0.3222
PXD006465	170325_HF02_XuPing_CNHPP_C_R29_5_F1_R1	Testis	0.3518
PXD006476	T9B_30min_Top10_n1000_QE_110615	Ovary	0.3604
PXD006517	20170331_Q2_UC_ColID_334_ProjID_485_Benzing_Sample1	Kidney	0.5823
PXD006517	20170331_Q2_UC_ColID_334_ProjID_485_Benzing_Sample10	Kidney	0.465
PXD006517	20170331_Q2_UC_ColID_334_ProjID_485_Benzing_Sample11	Kidney	0.4925
PXD006517	20170331_Q2_UC_ColID_334_ProjID_485_Benzing_Sample12	Kidney	0.4581
PXD006517	20170331_Q2_UC_ColID_334_ProjID_485_Benzing_Sample13	Kidney	0.4816
PXD006517	20170331_Q2_UC_ColID_334_ProjID_485_Benzing_Sample14	Kidney	0.3973
PXD006517	20170331_Q2_UC_ColID_334_ProjID_485_Benzing_Sample15	Kidney	0.5814
PXD006517	20170331_Q2_UC_ColID_334_ProjID_485_Benzing_Sample16	Kidney	0.4655
PXD006517	20170331_Q2_UC_ColID_334_ProjID_485_Benzing_Sample19	Kidney	0.4242
PXD006517	20170331_Q2_UC_ColID_334_ProjID_485_Benzing_Sample2	Kidney	0.4043
PXD006517	20170331_Q2_UC_ColID_334_ProjID_485_Benzing_Sample20	Kidney	0.4148
PXD006517	20170331_Q2_UC_ColID_334_ProjID_485_Benzing_Sample3	Kidney	0.6806
PXD006517	20170331_Q2_UC_ColID_334_ProjID_485_Benzing_Sample4	Kidney	0.3941
PXD006517	20170331_Q2_UC_ColID_334_ProjID_485_Benzing_Sample5	Kidney	0.391
PXD006517	20170331_Q2_UC_ColID_334_ProjID_485_Benzing_Sample6	Kidney	0.4906
PXD006517	20170331_Q2_UC_ColID_334_ProjID_485_Benzing_Sample7	Kidney	0.565
PXD006517	20170331_Q2_UC_ColID_334_ProjID_485_Benzing_Sample8	Kidney	0.5566
PXD006517	20170331_Q2_UC_ColID_334_ProjID_485_Benzing_Sample9	Kidney	0.4259
PXD006522	20170421_Q1_AWH_ColID_336_ProjID_540_Benzing_sample09	Kidney	0.4873
PXD006522	20170421_Q1_AWH_ColID_336_ProjID_540_Benzing_sample11	Kidney	0.4475
PXD006522	20170421_Q1_AWH_ColID_336_ProjID_540_Benzing_sample12	Kidney	0.3222
PXD006522	20170421_Q1_AWH_ColID_336_ProjID_540_Benzing_sample13	Kidney	0.4197
PXD006522	20170421_Q1_AWH_ColID_336_ProjID_540_Benzing_sample14	Kidney	0.4242
PXD006522	20170421_Q1_AWH_ColID_336_ProjID_540_Benzing_sample15	Kidney	0.4072
PXD006522	20170421_Q1_AWH_ColID_336_ProjID_540_Benzing_sample16	Kidney	0.5387
PXD006571	B_cells_elderly_ne_2b	B-cells	0.3082
PXD006571	B_cells_elderly_ne_3b	B-cells	0.3091
PXD006572	B_cells_young_cyt_3a	B-cells	0.3331
PXD006576	B_cells_young_ne_1a	B-cells	0.4657
PXD006576	B_cells_young_ne_3a	B-cells	0.3263
PXD006770	170215_QEx_LA_MS585_19	Salivary gland	0.3468
PXD006776	control_tissue_1_1	Colon	0.5046
PXD006776	control_tissue_1_2	Colon	0.4745
PXD006776	control_tissue_2_1	Colon	0.5638
PXD006776	control_tissue_2_2	Colon	0.5414
PXD006776	control_tissue_3_1	Colon	0.5343
PXD006776	control_tissue_3_2	Colon	0.5787
PXD006776	control_tissue_5_1	Colon	0.3675
PXD006776	control_tissue_6_1	Colon	0.4839
PXD006776	control_tissue_6_2	Colon	0.4477
PXD006776	tumor_tissue_high_stage_1_1	Colon	0.3116
PXD006776	tumor_tissue_high_stage_1_2	Colon	0.315
PXD006776	tumor_tissue_high_stage_4_1	Colon	0.3128
PXD006776	tumor_tissue_high_stage_5_1	Colon	0.4232
PXD006776	tumor_tissue_high_stage_5_2	Colon	0.449
PXD006776	tumor_tissue_low_stage_3_1	Colon	0.4501
PXD006776	tumor_tissue_low_stage_3_2	Colon	0.4155
PXD006805	20161111_cytology_22595_1	Esophagus	0.3107
PXD006805	20161111_cytology_22601_1	Esophagus	0.3194
PXD006833	kidney_T_1_1	Kidney	0.3557
PXD006833	kidney_T_1_10	Kidney	0.4744
PXD006833	kidney_T_1_11	Kidney	0.316
PXD006833	kidney_T_1_13	Kidney	0.3449
PXD006833	kidney_T_1_15	Kidney	0.3248
PXD006833	kidney_T_1_16	Kidney	0.3334
PXD006833	kidney_T_1_17	Kidney	0.3684
PXD006833	kidney_T_1_18	Kidney	0.4608
PXD006833	kidney_T_1_19	Kidney	0.439
PXD006833	kidney_T_1_20	Kidney	0.3212
PXD006833	kidney_T_1_6	Kidney	0.3335
PXD006833	kidney_T_1_7	Kidney	0.3355
PXD006833	kidney_T_1_8	Kidney	0.372
PXD006833	kidney_T_1_9	Kidney	0.4329
PXD006833	kidney_T_2_10	Kidney	0.3837
PXD006833	kidney_T_2_11	Kidney	0.388
PXD006833	kidney_T_2_12	Kidney	0.3242
PXD006833	kidney_T_2_13	Kidney	0.3196
PXD006833	kidney_T_2_14	Kidney	0.3268
PXD006833	kidney_T_2_15	Kidney	0.352
PXD006833	kidney_T_2_16	Kidney	0.3207
PXD006833	kidney_T_2_17	Kidney	0.3175
PXD006833	kidney_T_2_18	Kidney	0.3385
PXD006833	kidney_T_2_19	Kidney	0.4763
PXD006833	kidney_T_2_20	Kidney	0.3702
PXD006833	kidney_T_2_6	Kidney	0.3383
PXD006833	kidney_T_2_8	Kidney	0.3347
PXD006833	kidney_T_2_9	Kidney	0.301
PXD006833	liver_1_1	Liver	0.6536
PXD006833	liver_1_10	Liver	0.7304
PXD006833	liver_1_11	Liver	0.8184
PXD006833	liver_1_12	Liver	0.8571
PXD006833	liver_1_13	Liver	0.8302
PXD006833	liver_1_14	Liver	0.737
PXD006833	liver_1_15	Liver	0.723
PXD006833	liver_1_16	Liver	0.8468
PXD006833	liver_1_17	Liver	0.778
PXD006833	liver_1_18	Liver	0.8754
PXD006833	liver_1_19	Liver	0.7144
PXD006833	liver_1_2	Liver	0.6785
PXD006833	liver_1_20	Liver	0.773
PXD006833	liver_1_3	Liver	0.7575
PXD006833	liver_1_4	Liver	0.7675
PXD006833	liver_1_5	Liver	0.8034
PXD006833	liver_1_6	Liver	0.8323
PXD006833	liver_1_7	Liver	0.6975
PXD006833	liver_1_8	Liver	0.76
PXD006833	liver_1_9	Liver	0.71
PXD006833	liver_2_1	Liver	0.633
PXD006833	liver_2_10	Liver	0.5657
PXD006833	liver_2_11	Liver	0.8352
PXD006833	liver_2_12	Liver	0.7875
PXD006833	liver_2_13	Liver	0.7561
PXD006833	liver_2_14	Liver	0.6938
PXD006833	liver_2_15	Liver	0.7671
PXD006833	liver_2_16	Liver	0.8658
PXD006833	liver_2_17	Liver	0.7001
PXD006833	liver_2_18	Liver	0.8879
PXD006833	liver_2_19	Liver	0.757
PXD006833	liver_2_2	Liver	0.7633
PXD006833	liver_2_20	Liver	0.7596
PXD006833	liver_2_3	Liver	0.7533
PXD006833	liver_2_4	Liver	0.7825
PXD006833	liver_2_5	Liver	0.8108
PXD006833	liver_2_6	Liver	0.8539
PXD006833	liver_2_7	Liver	0.7256
PXD006833	liver_2_8	Liver	0.729
PXD006833	liver_2_9	Liver	0.7171
PXD006833	liver_3_1	Liver	0.643
PXD006833	liver_3_10	Liver	0.793
PXD006833	liver_3_11	Liver	0.7792
PXD006833	liver_3_12	Liver	0.779
PXD006833	liver_3_13	Liver	0.7501
PXD006833	liver_3_14	Liver	0.7698
PXD006833	liver_3_15	Liver	0.781
PXD006833	liver_3_16	Liver	0.7703
PXD006833	liver_3_17	Liver	0.7623
PXD006833	liver_3_18	Liver	0.8002
PXD006833	liver_3_19	Liver	0.7812
PXD006833	liver_3_2	Liver	0.8556
PXD006833	liver_3_20	Liver	0.7497
PXD006833	liver_3_3	Liver	0.7334
PXD006833	liver_3_4	Liver	0.7377
PXD006833	liver_3_5	Liver	0.6775
PXD006833	liver_3_6	Liver	0.7523
PXD006833	liver_3_7	Liver	0.7153
PXD006833	liver_3_8	Liver	0.7562
PXD006833	liver_3_9	Liver	0.7769
PXD006833	liver_4_1	Liver	0.7099
PXD006833	liver_4_10	Liver	0.6862
PXD006833	liver_4_11	Liver	0.7869
PXD006833	liver_4_12	Liver	0.7469
PXD006833	liver_4_13	Liver	0.7945
PXD006833	liver_4_14	Liver	0.8098
PXD006833	liver_4_15	Liver	0.8154
PXD006833	liver_4_16	Liver	0.7889
PXD006833	liver_4_17	Liver	0.7456
PXD006833	liver_4_18	Liver	0.748
PXD006833	liver_4_19	Liver	0.6663
PXD006833	liver_4_2	Liver	0.7693
PXD006833	liver_4_20	Liver	0.7297
PXD006833	liver_4_3	Liver	0.8381
PXD006833	liver_4_4	Liver	0.7393
PXD006833	liver_4_5	Liver	0.7625
PXD006833	liver_4_6	Liver	0.6433
PXD006833	liver_4_7	Liver	0.7158
PXD006833	liver_4_8	Liver	0.7143
PXD006833	liver_4_9	Liver	0.6888
PXD006863	M529-A04-O290-T113-P7115-1	Prostate	0.3546
PXD006897	20170426_Q2_JK_ColID_340_ProjID_541_Benzing_1	Kidney	0.7324
PXD006897	20170426_Q2_JK_ColID_340_ProjID_541_Benzing_10	Kidney	0.4597
PXD006897	20170426_Q2_JK_ColID_340_ProjID_541_Benzing_16	Kidney	0.5433
PXD006897	20170426_Q2_JK_ColID_340_ProjID_541_Benzing_17	Kidney	0.774
PXD006897	20170426_Q2_JK_ColID_340_ProjID_541_Benzing_18	Kidney	0.7348
PXD006897	20170426_Q2_JK_ColID_340_ProjID_541_Benzing_19	Kidney	0.7524
PXD006897	20170426_Q2_JK_ColID_340_ProjID_541_Benzing_2	Kidney	0.7373
PXD006897	20170426_Q2_JK_ColID_340_ProjID_541_Benzing_20	Kidney	0.7687
PXD006897	20170426_Q2_JK_ColID_340_ProjID_541_Benzing_21	Kidney	0.7772
PXD006897	20170426_Q2_JK_ColID_340_ProjID_541_Benzing_22	Kidney	0.7067
PXD006897	20170426_Q2_JK_ColID_340_ProjID_541_Benzing_23	Kidney	0.7488
PXD006897	20170426_Q2_JK_ColID_340_ProjID_541_Benzing_24	Kidney	0.7374
PXD006897	20170426_Q2_JK_ColID_340_ProjID_541_Benzing_7	Kidney	0.6308
PXD006897	20170426_Q2_JK_ColID_340_ProjID_541_Benzing_8	Kidney	0.7716
PXD006897	20170426_Q2_JK_ColID_340_ProjID_541_Benzing_9	Kidney	0.4738
PXD006911	P150126_10	Heart	0.4331
PXD006911	P150126_12	Heart	0.4655
PXD006911	P150126_19	Heart	0.324
PXD006911	P150126_2	Heart	0.4936
PXD006911	P150126_7	Heart	0.3956
PXD006911	P150126_8	Heart	0.3489
PXD006911	P150126_9	Heart	0.4212
PXD007515	556_SP_01-rerun	Prostate	0.3872
PXD007515	556_SP_02-rerun	Prostate	0.3929
PXD007515	556_cells_01-rerun	Prostate	0.3748
PXD007515	556_cells_02-rerun	Prostate	0.3729
PXD007515	Cells_556_02	Prostate	0.3363
PXD007515	Cells_556_03	Prostate	0.3752
PXD007515	Cells_IgG_01	Prostate	0.349
PXD007515	Cells_IgG_02	Prostate	0.3606
PXD007515	Cells_IgG_03	Prostate	0.3503
PXD007515	IgG_SP_01_new-rerun	Prostate	0.3514
PXD007515	IgG_SP_02_new-rerun	Prostate	0.4294
PXD007515	IgG_cells_01_new-rerun	Prostate	0.3211
PXD007515	IgG_cells_02_new-rerun	Prostate	0.3228
PXD007515	IgG_tissue_01	Testis	0.3161
PXD007515	SP_556_03	Prostate	0.3222
PXD007515	SP_IgG_01	Prostate	0.3543
PXD007515	SP_IgG_02	Prostate	0.3508
PXD007515	SP_IgG_03	Prostate	0.3955
PXD007515	Sulfo_SP_01	Prostate	0.4232
PXD007515	Sulfo_SP_02	Prostate	0.4228
PXD007515	Sulfo_cells_01	Prostate	0.3771
PXD007515	Sulfo_cells_02	Prostate	0.3828
PXD007515	Sulfo_tissue_01	Testis	0.311
PXD007515	Tissue_229_01	Testis	0.3412
PXD007515	Tissue_229_02	Testis	0.3176
PXD007515	Tissue_229_03	Testis	0.3232
PXD007515	Tissue_556_01	Testis	0.4634
PXD007515	Tissue_556_02	Testis	0.3154
PXD007515	Tissue_556_03	Testis	0.433
PXD007515	Tissue_IgG_01	Testis	0.3962
PXD007515	Tissue_IgG_03	Testis	0.3304
PXD007592	good_responder_3_1	Brain	0.8086
PXD007592	good_responder_3_2	Brain	0.821
PXD007592	good_responder_5_1	Brain	0.484
PXD007592	good_responder_5_2	Brain	0.442
PXD007592	poor_responder_10_1	Brain	0.5127
PXD007592	poor_responder_10_2	Brain	0.4445
PXD007592	poor_responder_11_1	Brain	0.7902
PXD007592	poor_responder_11_2	Brain	0.7896
PXD007592	poor_responder_12_1	Brain	0.6239
PXD007592	poor_responder_12_2	Brain	0.639
PXD007592	poor_responder_13_1	Brain	0.6991
PXD007592	poor_responder_13_2	Brain	0.6431
PXD007592	poor_responder_1_1	Brain	0.7749
PXD007592	poor_responder_1_2	Brain	0.8197
PXD007592	poor_responder_2_1	Brain	0.6708
PXD007592	poor_responder_2_2	Brain	0.7646
PXD007592	poor_responder_3_1	Brain	0.8104
PXD007592	poor_responder_3_2	Brain	0.8
PXD007592	poor_responder_7_1	Brain	0.4816
PXD007592	poor_responder_7_2	Brain	0.585
PXD007592	poor_responder_8_1	Brain	0.8925
PXD007592	poor_responder_8_2	Brain	0.8779
PXD007592	poor_responder_9_1	Brain	0.8477
PXD007592	poor_responder_9_2	Brain	0.8888
PXD007842	1703001-Q1-Saliva-control	Salivary gland	0.3998
PXD007842	1703001-Q2-Saliva-stade1	Salivary gland	0.5
PXD007842	1703001-Q3-Saliva-stade2	Salivary gland	0.3926
PXD007842	1703001-Q5-Saliva-stade1	Salivary gland	0.3746
PXD007842	1703001-Q6-Saliva-stade2	Salivary gland	0.3189
PXD007842	1703001-Q7-Saliva-control	Salivary gland	0.3296
PXD007842	1703001-Q8-Saliva-stade1	Salivary gland	0.5423
PXD007842	1703001-Q9-Saliva-stade2	Salivary gland	0.321
PXD007873	16	Brain	0.664
PXD007873	17	Brain	0.8013
PXD007873	18	Brain	0.8225
PXD007873	19	Brain	0.8041
PXD007873	20	Brain	0.7079
PXD007873	21	Brain	0.8006
PXD007873	22	Brain	0.8078
PXD007873	23	Brain	0.6986
PXD007873	28	Brain	0.6605
PXD007873	33	Brain	0.6871
PXD007873	35	Brain	0.7602
PXD007873	36	Brain	0.6911
PXD007873	44	Brain	0.6678
PXD007873	48	Brain	0.7075
PXD007873	60	Brain	0.7858
PXD007873	63	Brain	0.8129
PXD007873	64	Brain	0.7641
PXD007873	65	Brain	0.736
PXD007873	70	Brain	0.8077
PXD007873	72	Brain	0.805
PXD007873	76	Brain	0.7058
PXD007873	77	Brain	0.5941
PXD007921	Experiment1_TMT_10plex_BRP_IMAC_F06	Bone marrow	0.3434
PXD007921	Experiment1_TMT_10plex_BRP_IMAC_F11	Bone marrow	0.3292
PXD007959	Shelley_20160815_QE_EVesicles_590_dCN_Control	Small intestine	0.3068
PXD008003	QE4_LC12_IAH_SUMO_M1_brain_F6_R1	Brain	0.3756
PXD008003	QE4_LC12_IAH_SUMO_M2_brain_F2	Brain	0.31
PXD008003	QE4_LC12_IAH_SUMO_M2_brain_F5	Brain	0.38
PXD008003	QE4_LC12_IAH_SUMO_M4_brain_F6	Brain	0.3764
PXD008003	QE4_LC12_IAH_SUMO_M5_brain_F5	Brain	0.4195
PXD008076	Control_18	Brain	0.3859
PXD008076	Control_22	Brain	0.3068
PXD008076	Fibromyalgia_32	Brain	0.3006
PXD008076	Fibromyalgia_37	Brain	0.3948
PXD008076	Fibromyalgia_39	Brain	0.3967
PXD008079	QEF3_00767_LR	Placenta	0.5728
PXD008079	QEF3_00768_LR	Placenta	0.5783
PXD008079	QEF3_00769_LR	Placenta	0.5821
PXD008079	QEF3_00770_LR	Placenta	0.4902
PXD008079	QEF3_00771_LR	Placenta	0.53
PXD008079	QEF3_00772_LR	Placenta	0.4912
PXD008079	QEHF3_00529_LR	Placenta	0.4003
PXD008079	QEHF3_362_LR	Placenta	0.3758
PXD008127	Seq43478_QE2	Brain	0.4813
PXD008127	Seq43738_QE3	Brain	0.5592
PXD008127	Seq43739_QE3	Brain	0.536
PXD008127	Seq43741_QE3	Brain	0.3281
PXD008127	Seq43744_QE3	Brain	0.3295
PXD008127	Seq43750_QE3	Brain	0.5236
PXD008127	Seq43751_QE3	Brain	0.4724
PXD008127	Seq43752_QE3	Brain	0.3213
PXD008127	Seq43762_QE3	Brain	0.4102
PXD008127	Seq43763_QE3	Brain	0.4334
PXD008127	Seq43774_QE3	Brain	0.6459
PXD008127	Seq43775_QE3	Brain	0.5887
PXD008127	Seq43776_QE3	Brain	0.4148
PXD008127	Seq43777_QE3	Brain	0.385
PXD008127	Seq43778_QE3	Brain	0.3009
PXD008127	Seq43780_QE3	Brain	0.3928
PXD008127	Seq43781_QE3	Brain	0.3641
PXD008127	Seq49189_QE3	Brain	0.438
PXD008127	Seq49190_QE3	Brain	0.4322
PXD008127	Seq49195_QE3	Brain	0.5148
PXD008127	Seq49196_QE3	Brain	0.5502
PXD008205	EHT3D_1	Heart	0.3419
PXD008333	PI-401_Fr10-11_R1	Testis	0.3065
PXD008333	PI-401_Fr10-11_R2	Testis	0.3356
PXD008333	PI-401_Fr12-13_R2	Testis	0.3432
PXD008333	PI-401_Fr14-15_R1	Testis	0.4113
PXD008333	PI-401_Fr16-17-18_R2	Testis	0.3027
PXD008333	PI-401_Fr19-20-21_R1	Testis	0.3562
PXD008333	PI-401_Fr19-20-21_R2	Testis	0.3392
PXD008333	PI-401_Fr1_R1	Testis	0.4009
PXD008333	PI-401_Fr1_R2	Testis	0.3544
PXD008333	PI-401_Fr2-3_R1	Testis	0.4166
PXD008333	PI-401_Fr2-3_R2	Testis	0.4059
PXD008333	PI-401_Fr4-5_R1	Testis	0.4096
PXD008333	PI-401_Fr4-5_R2	Testis	0.3758
PXD008333	PI-401_Fr6-7_R2	Testis	0.3597
PXD008333	PI-401_Fr8-9_R1	Testis	0.3582
PXD008333	PI-401_Fr8-9_R2	Testis	0.3164
PXD008333	PI-401_FrD_R1	Testis	0.3686
PXD008333	PI-401_FrD_R2	Testis	0.3361
PXD008333	PI-656_Fr19-20-21_R1	Testis	0.3279
PXD008333	PI-656_Fr19-20-21_R2	Testis	0.3913
PXD008333	PI-656_Fr22-23-24_R2	Prostate	0.3123
PXD008333	PI-656_FrD_R2	Testis	0.3397
PXD008333	PI-656_FrE-F_R1	Prostate	0.3729
PXD008333	PI-656_FrE-F_R2	Prostate	0.3827
PXD008333	PI-702_Fr10-11_R2	Prostate	0.3283
PXD008333	PI-702_Fr22-23-24_R2	Prostate	0.3005
PXD008333	PI-702_FrE-F_R1	Prostate	0.3549
PXD008333	PI-702_FrE-F_R2	Prostate	0.3979
PXD008333	PI-714_Fr12-13_R2	Prostate	0.3019
PXD008333	PI-714_Fr1_R1	Testis	0.3026
PXD008333	PI-714_FrD_R2	Testis	0.3262
PXD008333	PI-714_FrE-F_R1	Prostate	0.3973
PXD008333	PI-714_FrE-F_R2	Prostate	0.3984
PXD008333	PreV-012_Fr1_R1	Testis	0.3074
PXD008333	PreV-012_Fr2-3_R1	Testis	0.3125
PXD008333	PreV-012_Fr6-7_R2	Testis	0.313
PXD008333	PreV-012_FrD_R1_161130113312	Testis	0.319
PXD008333	PreV-013_Fr19-20-21_R1	Prostate	0.3109
PXD008333	PreV-013_Fr19-20-21_R2	Testis	0.302
PXD008333	PreV-013_Fr1_R1	Testis	0.3139
PXD008333	PreV-013_Fr1_R2	Testis	0.3111
PXD008333	PreV-013_Fr22-23-24_R2	Prostate	0.3044
PXD008333	PreV-013_Fr4-5_R1	Testis	0.3173
PXD008333	PreV-013_FrE-F_R1	Prostate	0.3487
PXD008333	PreV-013_FrE-F_R2	Prostate	0.324
PXD008333	PreV-064_Fr19-20-21_R1	Prostate	0.3184
PXD008440	VL_BX_22bis_1	Colon	0.3208
PXD008440	VL_BX_22bis_2	Colon	0.3487
PXD008440	VL_BX_22ter_2	Colon	0.3081
PXD008440	VL_BX_22ter_3	Colon	0.34
PXD008440	VL_BX_29_2	Colon	0.3632
PXD008440	VL_BX_30_2	Colon	0.3056
PXD008440	VL_BX_30_3	Colon	0.3401
PXD008440	VL_BX_30ter_1	Colon	0.321
PXD008440	VL_BX_30ter_2	Colon	0.383
PXD008440	VL_BX_30ter_3	Colon	0.4061
PXD008440	VL_BX_31_2	Colon	0.4026
PXD008440	VL_BX_31ter_2	Colon	0.3305
PXD008440	VL_BX_31ter_3	Colon	0.3837
PXD008440	VL_BX_7qua_1	Colon	0.3034
PXD008463	160116_K052_OffLRP_RP_f03	Bone marrow	0.3671
PXD008463	20160205_PGM_K052_SCX_RP_16	Bone marrow	0.3061
PXD008493	151029_IGD_T_1	Tonsil	0.3879
PXD008493	151029_IGD_T_2	Tonsil	0.3912
PXD008493	151029_IGD_T_3	Tonsil	0.4117
PXD008493	151029_IGD_T_4	Tonsil	0.4078
PXD008493	151029_IGD_T_5	Tonsil	0.3914
PXD008493	151029_ISD_T_5	Tonsil	0.3192
PXD008493	151029_OFD_T_1	Tonsil	0.3193
PXD008493	151029_OFD_T_2	Tonsil	0.3246
PXD008493	151029_OFD_T_3	Tonsil	0.327
PXD008493	151029_OFD_T_4	Tonsil	0.3494
PXD008493	151029_OFD_T_5	Tonsil	0.31
PXD008493	151029_OPD_P_2	Salivary gland	0.3158
PXD008493	151029_OPD_T_1	Tonsil	0.3419
PXD008493	151029_OPD_T_2	Tonsil	0.3342
PXD008493	151029_OPD_T_3	Tonsil	0.365
PXD008493	151029_OPD_T_4	Tonsil	0.3174
PXD008493	151029_OPD_T_5	Tonsil	0.3027
PXD008536	FKL2209-S12-B-61_s030_1_L	Salivary gland	0.3522
PXD008536	FKL2209-S26-B-62_s030_1_R	Salivary gland	0.4338
PXD008601	20160531_QE5_nLC14_RJC_COLLAB_GeoG_992_01	Salivary gland	0.3036
PXD008918	20150313_QEp1_LC7_GaPi_SA_Metaheps_d1_con_TM092_2	Monocytes	0.3146
PXD008925	03192014_62_IF_BS-SG13_Rep3_Fr7	Bone marrow	0.3056
PXD008933	LQ_HF_20170224_6_3ul_60min_39	Ovary	0.3366
PXD008934	Prosser_1004	Heart	0.5829
PXD008934	Prosser_1085	Heart	0.5881
PXD008934	Prosser_1086	Heart	0.648
PXD008934	Prosser_1119	Heart	0.6841
PXD008934	Prosser_1136	Heart	0.6634
PXD008934	Prosser_1146	Heart	0.5753
PXD008934	Prosser_1195	Heart	0.601
PXD008934	Prosser_1198	Heart	0.6392
PXD008934	Prosser_1200	Heart	0.5742
PXD008934	Prosser_1205	Heart	0.6779
PXD008934	Prosser_1209	Heart	0.6777
PXD008934	Prosser_1228	Heart	0.6123
PXD008934	Prosser_1273	Heart	0.6751
PXD008934	Prosser_1288	Heart	0.7209
PXD008934	Prosser_1290	Heart	0.5675
PXD008934	Prosser_1304	Heart	0.6618
PXD008934	Prosser_1311	Heart	0.6094
PXD008934	Prosser_1320	Heart	0.544
PXD008934	Prosser_1325	Heart	0.6404
PXD008934	Prosser_1339	Heart	0.583
PXD008934	Prosser_1356	Heart	0.5842
PXD008934	Prosser_1366	Heart	0.5761
PXD008934	Prosser_1375	Heart	0.6469
PXD008934	Prosser_1379	Heart	0.5348
PXD008934	Prosser_1383	Heart	0.5171
PXD008934	Prosser_1425	Heart	0.6118
PXD008934	Prosser_1427	Heart	0.6438
PXD008934	Prosser_1462	Heart	0.495
PXD008934	Prosser_1467	Heart	0.673
PXD008934	Prosser_1472	Heart	0.5401
PXD008934	Prosser_1510	Heart	0.6092
PXD008934	Prosser_1535	Heart	0.6132
PXD008934	Prosser_1602	Heart	0.5947
PXD008934	Prosser_1605	Heart	0.6164
PXD008992	5943	Small intestine	0.3775
PXD008992	5949	Small intestine	0.388
PXD008992	5950	Small intestine	0.3406
PXD008992	5951	Small intestine	0.3828
PXD008992	5960	Small intestine	0.4737
PXD008992	5961	Small intestine	0.4995
PXD008992	5962	Small intestine	0.4706
PXD008992	5969	Small intestine	0.408
PXD008992	5970	Small intestine	0.4548
PXD008992	5973	Small intestine	0.4439
PXD008992	5974	Small intestine	0.395
PXD008992	P100	Small intestine	0.4032
PXD008992	P101	Small intestine	0.4443
PXD008992	P103	Small intestine	0.5178
PXD008992	P104	Small intestine	0.5424
PXD008992	P105	Small intestine	0.5498
PXD008992	P114	Small intestine	0.4056
PXD008992	P115	Small intestine	0.4139
PXD008992	P116	Small intestine	0.3866
PXD008992	P124	Small intestine	0.3933
PXD008992	P125	Small intestine	0.3395
PXD008992	P126	Small intestine	0.3674
PXD008992	P22	Small intestine	0.3474
PXD008992	P23	Small intestine	0.3849
PXD008992	P24	Small intestine	0.3787
PXD008992	P26	Small intestine	0.4137
PXD008992	P27	Small intestine	0.4642
PXD008992	P28	Small intestine	0.4168
PXD008992	P35	Small intestine	0.4677
PXD008992	P36	Small intestine	0.505
PXD008992	P42	Small intestine	0.4194
PXD008992	P43	Small intestine	0.4128
PXD008992	P44	Small intestine	0.421
PXD008992	P46	Small intestine	0.3488
PXD008992	P50	Small intestine	0.4553
PXD008992	P51	Small intestine	0.4465
PXD008992	P52	Small intestine	0.4371
PXD008992	P54	Small intestine	0.3092
PXD008992	P58	Small intestine	0.4196
PXD008992	P59	Small intestine	0.433
PXD008992	P60	Small intestine	0.4216
PXD008992	P78	Small intestine	0.3804
PXD008992	P79	Small intestine	0.3704
PXD008992	P80	Small intestine	0.3125
PXD008992	P82	Small intestine	0.4837
PXD008992	P83	Small intestine	0.4701
PXD008992	P84	Small intestine	0.5013
PXD008992	P91	Small intestine	0.4201
PXD008992	P92	Small intestine	0.4574
PXD008992	P93	Small intestine	0.4237
PXD008992	P95	Small intestine	0.4099
PXD008992	P96	Small intestine	0.4371
PXD008992	P97	Small intestine	0.4443
PXD009021	Liver_07	Liver	0.3802
PXD009021	Liver_08	Liver	0.462
PXD009021	Liver_09	Liver	0.4966
PXD009021	Liver_10	Liver	0.3667
PXD009021	Liver_11	Liver	0.6711
PXD009021	Liver_12	Liver	0.5519
PXD009021	Liver_13	Liver	0.6448
PXD009021	Liver_14	Liver	0.5565
PXD009021	Liver_15	Liver	0.7026
PXD009021	Liver_16	Liver	0.833
PXD009021	Liver_17	Liver	0.8622
PXD009021	Liver_18	Liver	0.9215
PXD009021	Liver_19	Liver	0.8362
PXD009021	Liver_20	Liver	0.8264
PXD009021	Liver_21	Liver	0.8648
PXD009021	Liver_22	Liver	0.9353
PXD009021	Liver_23	Liver	0.7188
PXD009021	Liver_24	Liver	0.834
PXD009021	Liver_25	Liver	0.7297
PXD009021	Liver_26	Liver	0.7919
PXD009021	Liver_27	Liver	0.7988
PXD009021	Liver_28	Liver	0.7109
PXD009021	Liver_29	Liver	0.7222
PXD009021	Liver_30	Liver	0.8671
PXD009021	Liver_31	Liver	0.912
PXD009021	Liver_32	Liver	0.7469
PXD009021	Liver_33	Liver	0.8508
PXD009021	Liver_34	Liver	0.737
PXD009021	Liver_35	Liver	0.8271
PXD009021	Liver_36	Liver	0.8437
PXD009021	Liver_37	Liver	0.7599
PXD009021	Liver_38	Liver	0.8857
PXD009021	Liver_39	Liver	0.8496
PXD009021	Liver_40	Liver	0.8623
PXD009021	Liver_41	Liver	0.765
PXD009021	Liver_42	Liver	0.5706
PXD009021	Liver_SRM_1D	Liver	0.9501
PXD009149	HL60_24hr_225uM_Zinc_2	Bone marrow	0.3521
PXD009149	HL60_24hr_ctrl_2	Bone marrow	0.3248
PXD009149	HL60_24hr_ctrl_4	Bone marrow	0.3027
PXD009196	20170922_QEHFX1_BP_hMuscle_DIA_13	Heart	0.3174
PXD009196	20170922_QEHFX1_BP_hMuscle_DIA_14	Skeletal muscle	0.3281
PXD009196	20170922_QEHFX1_BP_hMuscle_DIA_18	Skeletal muscle	0.331
PXD009196	20170922_QEHFX1_BP_hMuscle_DIA_21	Skeletal muscle	0.3465
PXD009196	20170922_QEHFX1_BP_hMuscle_DIA_22	Skeletal muscle	0.3581
PXD009196	20170927_QEHFX1_BP_hMuscle_DIA_37	Skeletal muscle	0.3782
PXD009196	20170927_QEHFX1_BP_hMuscle_DIA_38	Skeletal muscle	0.394
PXD009196	20170927_QEHFX1_BP_hMuscle_DIA_41	Skeletal muscle	0.3735
PXD009196	20170927_QEHFX1_BP_hMuscle_DIA_42	Skeletal muscle	0.3798
PXD009196	20170927_QEHFX1_BP_hMuscle_DIA_50	Skeletal muscle	0.3482
PXD009196	20170927_QEHFX1_BP_hMuscle_DIA_53	Heart	0.3336
PXD009196	20170927_QEHFX1_BP_hMuscle_DIA_54	Skeletal muscle	0.3579
PXD009196	20170927_QEHFX1_BP_hMuscle_DIA_58	Skeletal muscle	0.3266
PXD009196	20170927_QEHFX1_BP_hMuscle_DIA_61	Skeletal muscle	0.338
PXD009196	20170927_QEHFX1_BP_hMuscle_DIA_62	Skeletal muscle	0.3961
PXD009196	20170927_QEHFX1_BP_hMuscle_DIA_65	Skeletal muscle	0.3643
PXD009196	20170927_QEHFX1_BP_hMuscle_DIA_69	Skeletal muscle	0.3688
PXD009196	20170927_QEHFX1_BP_hMuscle_DIA_86	Heart	0.3429
PXD009196	20170927_QEHFX1_BP_hMuscle_DIA_90	Heart	0.3853
PXD009196	20170927_QEHFX1_BP_hMuscle_DIA_93	Skeletal muscle	0.3556
PXD009196	20170927_QEHFX1_BP_hMuscle_DIA_94	Skeletal muscle	0.3648
PXD009196	20170927_QEHFX1_BP_hMusle_sensitiveDDA_1	Skeletal muscle	0.4438
PXD009196	20170927_QEHFX1_BP_hMusle_sensitiveDDA_10	Skeletal muscle	0.3467
PXD009196	20170927_QEHFX1_BP_hMusle_sensitiveDDA_11	Skeletal muscle	0.3379
PXD009196	20170927_QEHFX1_BP_hMusle_sensitiveDDA_12	Heart	0.4216
PXD009196	20170927_QEHFX1_BP_hMusle_sensitiveDDA_2	Skeletal muscle	0.5084
PXD009196	20170927_QEHFX1_BP_hMusle_sensitiveDDA_3	Skeletal muscle	0.4741
PXD009196	20170927_QEHFX1_BP_hMusle_sensitiveDDA_4	Skeletal muscle	0.3711
PXD009196	20170927_QEHFX1_BP_hMusle_sensitiveDDA_5	Skeletal muscle	0.3719
PXD009196	20170927_QEHFX1_BP_hMusle_sensitiveDDA_6	Skeletal muscle	0.4224
PXD009196	20170927_QEHFX1_BP_hMusle_sensitiveDDA_7	Skeletal muscle	0.4057
PXD009196	20170927_QEHFX1_BP_hMusle_sensitiveDDA_8	Heart	0.3653
PXD009196	20170927_QEHFX1_BP_hMusle_sensitiveDDA_9	Skeletal muscle	0.4452
PXD009393	Human_CAD_1	Brain	0.7701
PXD009393	Human_CAD_3	Brain	0.5836
PXD009393	Human_CAD_4	Brain	0.3072
PXD009393	Human_CAD_5	Brain	0.7618
PXD009393	Human_CAD_6	Brain	0.8487
PXD009393	Human_CON_1	Brain	0.7793
PXD009393	Human_CON_2	Brain	0.7477
PXD009393	Human_CON_3	Brain	0.8088
PXD009393	Human_CON_4	Brain	0.8206
PXD009393	Human_CON_5	Brain	0.7521
PXD009393	Human_CON_6	Brain	0.8345
PXD009495	S0620_AM_Ecoli_TPP_CCR_aztreonam_tolC_52C_n1_R1_F2	Salivary gland	0.4205
PXD009495	S0669_AM_2DTPP_Ecoli_Ciprofloxacin_lysate_T3T4_n1_R1_F5_171116002106	Ovary	0.3258
PXD009578	QE638_MSQ_GBerridge20160620_1_No-Ab-cblm_1	Brain	0.4254
PXD009578	QE638_MSQ_GBerridge20160620_1_No-Ab-cblm_2	Brain	0.4315
PXD009578	QE638_MSQ_GBerridge20160620_1_No-Ab-cblm_6	Brain	0.3437
PXD009603	20160321_04_Z85	Salivary gland	0.3002
PXD009624	QExHF03261	Brain	0.711
PXD009624	QExHF03263	Brain	0.5991
PXD009624	QExHF03265	Brain	0.763
PXD009624	QExHF03267	Brain	0.7863
PXD009624	QExHF03269	Brain	0.7094
PXD009624	QExHF03271	Brain	0.599
PXD009624	QExHF03283	Brain	0.5348
PXD009624	QExHF03285	Brain	0.5107
PXD009624	QExHF03287	Brain	0.6545
PXD009624	QExHF03289	Brain	0.387
PXD009624	QExHF03293	Brain	0.3987
PXD009624	QExHF03297	Brain	0.4082
PXD009624	QExHF03299	Brain	0.6296
PXD009624	QExHF03301	Brain	0.6929
PXD009624	QExHF03303	Brain	0.6538
PXD009624	QExHF03305	Brain	0.693
PXD009624	QExHF03307	Brain	0.7548
PXD009624	QExHF03657	Brain	0.6447
PXD009624	QExHF03659	Brain	0.6619
PXD009624	QExHF03661	Brain	0.8069
PXD009624	QExHF03663	Brain	0.8481
PXD009624	QExHF03665	Brain	0.7337
PXD009624	QExHF03667	Brain	0.5785
PXD009624	QExHF03671	Brain	0.6415
PXD009624	QExHF03673	Brain	0.5142
PXD009624	QExHF03675	Brain	0.5544
PXD009624	QExHF03677	Brain	0.3183
PXD009624	QExHF03679	Brain	0.3456
PXD009624	QExHF03681	Brain	0.3738
PXD009624	QExHF03687	Brain	0.4675
PXD009624	QExHF03689	Brain	0.5985
PXD009624	QExHF03691	Brain	0.6039
PXD009624	QExHF03693	Brain	0.6924
PXD009624	QExHF03695	Brain	0.777
PXD009624	QExHF03699	Brain	0.5356
PXD009624	QExHF03701	Brain	0.671
PXD009624	QExHF03703	Brain	0.8452
PXD009624	QExHF03705	Brain	0.834
PXD009624	QExHF03707	Brain	0.7145
PXD009624	QExHF03709	Brain	0.616
PXD009624	QExHF03713	Brain	0.4847
PXD009624	QExHF03715	Brain	0.5083
PXD009624	QExHF03717	Brain	0.5142
PXD009624	QExHF03721	Brain	0.3597
PXD009624	QExHF03723	Brain	0.4083
PXD009624	QExHF03729	Brain	0.675
PXD009624	QExHF03731	Brain	0.5329
PXD009624	QExHF03733	Brain	0.6649
PXD009624	QExHF03735	Brain	0.7863
PXD009624	QExHF03737	Brain	0.8504
PXD009646	Offgel_CSF_180min_Lumos_Frac05	Brain	0.3123
PXD009646	Offgel_CSF_180min_Lumos_Frac10	Brain	0.3082
PXD009646	Offgel_CSF_180min_Lumos_Frac11	Brain	0.3173
PXD009646	Offgel_CSF_180min_Lumos_Frac15	Brain	0.3997
PXD009737	LysC1	Testis	0.8551
PXD009737	LysC10	Testis	0.7733
PXD009737	LysC11	Testis	0.7696
PXD009737	LysC12	Testis	0.7634
PXD009737	LysC13	Testis	0.7417
PXD009737	LysC14	Testis	0.7199
PXD009737	LysC15	Testis	0.6031
PXD009737	LysC16	Testis	0.7364
PXD009737	LysC17	Testis	0.7603
PXD009737	LysC18	Testis	0.809
PXD009737	LysC19	Testis	0.7456
PXD009737	LysC2	Testis	0.7804
PXD009737	LysC20	Testis	0.7752
PXD009737	LysC21	Testis	0.7469
PXD009737	LysC22	Testis	0.8009
PXD009737	LysC23	Testis	0.6985
PXD009737	LysC24	Testis	0.7415
PXD009737	LysC25	Testis	0.7712
PXD009737	LysC26	Testis	0.7777
PXD009737	LysC27	Testis	0.7189
PXD009737	LysC28	Testis	0.7176
PXD009737	LysC29	Testis	0.7566
PXD009737	LysC3	Testis	0.7197
PXD009737	LysC30	Testis	0.7869
PXD009737	LysC31	Testis	0.7507
PXD009737	LysC32	Testis	0.7617
PXD009737	LysC33	Testis	0.6207
PXD009737	LysC34	Testis	0.7481
PXD009737	LysC35	Testis	0.8104
PXD009737	LysC36	Testis	0.7836
PXD009737	LysC4	Testis	0.6612
PXD009737	LysC5	Testis	0.6481
PXD009737	LysC6	Testis	0.6318
PXD009737	LysC7	Testis	0.5032
PXD009737	LysC8	Testis	0.6325
PXD009737	LysC9	Testis	0.8227
PXD009737	Trypsin1	Testis	0.556
PXD009737	Trypsin11	Testis	0.6207
PXD009737	Trypsin12	Testis	0.7937
PXD009737	Trypsin13	Testis	0.7624
PXD009737	Trypsin14	Testis	0.7312
PXD009737	Trypsin15	Testis	0.5356
PXD009737	Trypsin16	Testis	0.7877
PXD009737	Trypsin17	Testis	0.7587
PXD009737	Trypsin18	Testis	0.7292
PXD009737	Trypsin19	Testis	0.7607
PXD009737	Trypsin2	Testis	0.6439
PXD009737	Trypsin20	Testis	0.8149
PXD009737	Trypsin21	Testis	0.7378
PXD009737	Trypsin22	Testis	0.6829
PXD009737	Trypsin23	Testis	0.7868
PXD009737	Trypsin24	Testis	0.6394
PXD009737	Trypsin25	Testis	0.6147
PXD009737	Trypsin26	Testis	0.6
PXD009737	Trypsin27	Testis	0.7198
PXD009737	Trypsin28	Testis	0.7539
PXD009737	Trypsin29	Testis	0.7673
PXD009737	Trypsin3	Testis	0.6623
PXD009737	Trypsin30	Testis	0.7767
PXD009737	Trypsin31	Testis	0.7509
PXD009737	Trypsin32	Testis	0.7899
PXD009737	Trypsin33	Testis	0.8082
PXD009737	Trypsin34	Testis	0.7996
PXD009737	Trypsin35	Testis	0.8612
PXD009737	Trypsin36	Testis	0.8316
PXD009737	Trypsin4	Testis	0.5058
PXD009737	Trypsin5	Testis	0.6544
PXD009737	Trypsin6	Testis	0.5593
PXD009737	Trypsin7	Testis	0.7492
PXD009737	Trypsin8	Testis	0.8135
PXD009737	Trypsin9	Testis	0.7161
PXD009784	QE2_160920_OPL4024_MFS_nephro_urine_exo_C2	Prostate	0.3453
PXD009784	QE2_160920_OPL4024_MFS_nephro_urine_exo_D2	Kidney	0.3564
PXD009784	QE2_160920_OPL4024_MFS_nephro_urine_exo_D3_161012165301	Prostate	0.3675
PXD009784	QE2_160920_OPL4024_MFS_nephro_urine_exo_D4	Prostate	0.3409
PXD009784	QE2_160920_OPL4024_MFS_nephro_urine_exo_F1	Kidney	0.313
PXD009784	QE2_160920_OPL4024_MFS_nephro_urine_exo_F2	Kidney	0.3225
PXD009784	QE2_160920_OPL4024_MFS_nephro_urine_exo_I3_161013030651	Prostate	0.4013
PXD009784	QE2_160920_OPL4024_MFS_nephro_urine_exo_I4	Prostate	0.3674
PXD009784	QE2_160920_OPL4024_MFS_nephro_urine_exo_I5	Prostate	0.3506
PXD009784	QE2_160920_OPL4024_MFS_nephro_urine_exo_K2	Kidney	0.3542
PXD009784	QE2_160920_OPL4024_MFS_nephro_urine_exo_S3	Kidney	0.3268
PXD009784	QE2_160920_OPL4024_MFS_nephro_urine_exo_T2	Prostate	0.3187
PXD009801	Seq34592_E1O1	Monocytes	0.3002
PXD009801	Seq34597_E1O1	Monocytes	0.3356
PXD010093	0000_XuPing_C1_0_10_20180425_33per_F1_R1	Testis	0.5329
PXD010093	0000_XuPing_C1_10_15_20180425_33per_F1_R1	Testis	0.3687
PXD010093	HF02_180507_XP_HCT_Trpsin_20-25_3ul_F1_R1	Testis	0.3336
PXD010093	HF02_180507_XP_HCT_Trpsin_25-30_3ul_F1_R1	Testis	0.4691
PXD010154	PXD010154-V102	Brain	0.7001
PXD010154	PXD010154-V122	Adrenal gland	0.5541
PXD010154	PXD010154-V128	Prostate	0.6268
PXD010154	PXD010154-V134	Testis	0.85
PXD010154	PXD010154-V145	Small intestine	0.4169
PXD010154	PXD010154-V151	Small intestine	0.576
PXD010154	PXD010154-V176	Urinary bladder	0.3327
PXD010154	PXD010154-V184	Esophagus	0.5241
PXD010154	PXD010154-V191	Heart	0.8954
PXD010154	PXD010154-V196	Thyroid	0.6992
PXD010154	PXD010154-V200	Endometrium	0.3753
PXD010154	PXD010154-V223	Placenta	0.887
PXD010154	PXD010154-V233	Ovary	0.4548
PXD010154	PXD010154-V240	Salivary gland	0.6079
PXD010154	PXD010154-V262	Placenta	0.7197
PXD010154	PXD010154-V269	Colon	0.4724
PXD010154	PXD010154-V277	Oviduct	0.5494
PXD010154	PXD010154-V289	Liver	0.9245
PXD010154	PXD010154-V290	Liver	0.9442
PXD010154	PXD010154-V291	Colon	0.4522
PXD010154	PXD010154-V293	Tonsil	0.317
PXD010154	PXD010154-V296	Stomach	0.5948
PXD010154	PXD010154-V299	Lung	0.396
PXD010154	PXD010154-V315	Adipose tissue	0.3965
PXD010154	PXD010154-V321	Colon	0.4122
PXD010154	PXD010154-V358	Liver	0.9353
PXD010154	PXD010154-V359	Kidney	0.856
PXD010154	PXD010154-V362	Liver	0.9604
PXD010154	PXD010154-V364	Bone marrow	0.346
PXD010154	PXD010154-V500	Pituitary gland	0.729
PXD010154	PXD010154-V501	Pituitary gland	0.7316
PXD010154	PXD010154-V90	Stomach	0.5115
PXD010271	AH_LT_HH_1014_11Sept16_Frodo_16-05-17	Liver	0.9273
PXD010271	AH_LT_HH_1029_11Sept16_Frodo_16-05-17	Liver	0.9102
PXD010271	AH_LT_HH_1033_11Sept16_Frodo_16-05-17	Liver	0.9493
PXD010271	AH_LT_HH_1044_11Sept16_Frodo_16-05-17	Liver	0.9186
PXD010271	AH_LT_HH_1050_11Sept16_Frodo_16-05-17	Liver	0.7932
PXD010271	AH_LT_HH_1062_11Sept16_Frodo_16-05-17-rerun	Liver	0.8794
PXD010271	AH_LT_HH_1073_11Sept16_Frodo_16-05-17	Liver	0.929
PXD010271	AH_LT_HH_1087_11Sept16_Frodo_16-05-17	Liver	0.8984
PXD010271	AH_LT_HH_987_11Sept16_Frodo_16-05-17	Liver	0.8973
PXD010271	AH_LT_HH_991_11Sept16_Frodo_16-05-17	Liver	0.8963
PXD010271	AH_LT_UMN_1144_11Sept16_Frodo_16-05-17	Liver	0.8555
PXD010271	AH_LT_UMN_1188_11Sept16_Frodo_16-05-17	Liver	0.8614
PXD010271	AH_LT_UMN_1228_11Sept16_Frodo_16-05-17	Liver	0.7837
PXD010271	AH_LT_UMN_1259_11Sept16_Frodo_16-05-17	Liver	0.8103
PXD010271	AH_LT_UMN_1311_11Sept16_Frodo_16-05-17	Liver	0.6685
PXD010271	AH_LT_UMN_1319_11Sept16_Frodo_16-05-17	Liver	0.6917
PXD010271	AH_LT_UMN_1338_11Sept16_Frodo_16-05-17	Liver	0.8208
PXD010271	AH_LT_UMN_1348_11Sept16_Frodo_16-05-17	Liver	0.7503
PXD010271	AH_LT_UMN_1350_11Sept16_Frodo_16-05-17	Liver	0.6106
PXD010271	AH_LT_UMN_1370_11Sept16_Frodo_16-05-17	Liver	0.8431
PXD010271	AH_LT_UMN_1371_11Sept16_Frodo_16-05-17	Liver	0.6956
PXD010271	AH_LT_UMN_1401_11Sept16_Frodo_16-05-17	Liver	0.6275
PXD010271	AH_LT_UMN_1427_11Sept16_Frodo_16-05-17	Liver	0.9015
PXD010271	AH_LT_UMN_1443_11Sept16_Frodo_16-05-17	Liver	0.8661
PXD010271	AH_LT_UMN_1444_11Sept16_Frodo_16-05-17	Liver	0.7503
PXD010271	AH_LT_UMN_1468_11Sept16_Frodo_16-05-17	Liver	0.8787
PXD010271	AH_LT_UMN_1509_11Sept16_Frodo_16-05-17	Liver	0.7313
PXD010271	AH_LT_UMN_1519_11Sept16_Frodo_16-05-17	Liver	0.5751
PXD010271	AH_LT_UMN_1521_11Sept16_Frodo_16-05-17	Liver	0.894
PXD010271	AH_LT_UMN_1522_11Sept16_Frodo_16-05-17	Liver	0.547
PXD010271	Alz_FX1P159_Guan_1_26Jul10_Andromeda_10-06-28	Brain	0.8519
PXD010271	Alz_FX1P159_Guan_3_26Jul10_Andromeda_10-06-28	Brain	0.8692
PXD010271	Alz_FX1P159_Guan_Typx2_1_26Jul10_Andromeda_10-06-29	Brain	0.7631
PXD010271	Alz_FX1P159_Guan_Typx2_2_26Jul10_Andromeda_10-06-28	Brain	0.8013
PXD010271	Alz_FX1P159_Guan_Typx2_3_26Jul10_Andromeda_10-06-29	Brain	0.7623
PXD010271	Alz_FX2P57_IMAC_142_23May11_Hawk_11-04-02p	Brain	0.849
PXD010271	Alz_FX2P57_IMAC_147_20Apr11_Hawk_10-12-03p	Brain	0.779
PXD010271	Alz_FX2P57_IMAC_148_23May11_Hawk_11-04-02p	Brain	0.6777
PXD010271	Alz_FX2P57_IMAC_150_23May11_Hawk_11-04-02p	Brain	0.5311
PXD010271	Alz_FX2P57_IMAC_151_7May11_Hawk_11-04-02p	Brain	0.5423
PXD010271	Alz_FX2P57_IMAC_153_11May11_Hawk_11-04-02p	Brain	0.4974
PXD010271	Alz_FX2P57_IMAC_153_9May11_Hawk_11-04-02p	Brain	0.5497
PXD010271	Alz_FX2P57_IMAC_154_23May11_Hawk_11-04-02p	Brain	0.4719
PXD010271	Alz_FX2P57_IMAC_160_20Apr11_Hawk_10-12-03p	Brain	0.4723
PXD010271	Alz_FX2P57_IMAC_161_20Apr11_Hawk_10-12-03p	Brain	0.5888
PXD010271	Alz_FX2P57_IMAC_161_9May11_Hawk_11-04-02p	Brain	0.5852
PXD010271	Alz_FX2P57_IMAC_163_26Apr11_Hawk_10-12-03p	Brain	0.4959
PXD010271	Alz_FX2P57_IMAC_171_11May11_Hawk_11-04-02p	Brain	0.4191
PXD010271	Alz_FX2P57_IMAC_175_20Apr11_Hawk_10-12-03p	Brain	0.7663
PXD010271	Alz_FX2P57_IMAC_179_23May11_Hawk_11-04-02p	Brain	0.5883
PXD010271	Alz_FX2P57_IMAC_184_20Apr11_Hawk_10-12-03p	Brain	0.7383
PXD010271	Alz_FX2P57_IMAC_187_26Apr11_Hawk_10-12-03p	Brain	0.5038
PXD010271	Alz_FX2P57_IMAC_187_7May11_Hawk_11-04-02p	Brain	0.4986
PXD010271	Alz_FX2P57_IMAC_189_11May11_Hawk_11-04-02p	Brain	0.8222
PXD010271	Alz_FX2P57_IMAC_190_11May11_Hawk_11-04-02p	Brain	0.4763
PXD010271	Alz_FX2P57_IMAC_195_20Apr11_Hawk_10-12-03p	Brain	0.5939
PXD010271	Alz_FX2P57_IMAC_200_22Apr11_Hawk_10-12-03p	Brain	0.4843
PXD010271	Alz_FX2P57_IMAC_212_11May11_Hawk_11-04-02p	Brain	0.4303
PXD010271	CPTAC_OvC_01OV010_NM_19Nov15_Arwen_15-07-13	Heart	0.3287
PXD010271	CPTAC_OvC_01OV017_NM_19Nov15_Arwen_15-07-13	Ovary	0.311
PXD010271	CPTAC_OvC_01OV039_NM_19Nov15_Arwen_15-07-13	Esophagus	0.3695
PXD010271	CPTAC_OvC_17OV004_NM_19Nov15_Arwen_15-07-13	Ovary	0.3316
PXD010271	DARPA_Mono_SP164116_555_13Nov17_Oak_Jup-17-11-01	Monocytes	0.3849
PXD010271	DARPA_Mono_SP288C9A_137_17Nov17_Oak_Jup-17-11-01	Monocytes	0.3994
PXD010271	DARPA_Mono_SP2C1D8E_471_20Nov17_Oak_Jup-17-11-01	Monocytes	0.3952
PXD010271	DARPA_Mono_SP550403_465_10Nov17_Oak_Jup-17-11-01	Monocytes	0.3727
PXD010271	DARPA_Mono_SP5C5CCC_143_13Nov17_Oak_Jup-17-11-01	Monocytes	0.3962
PXD010271	DARPA_Mono_SP6134DC_537_13Nov17_Oak_Jup-17-11-01	Monocytes	0.3738
PXD010271	DARPA_Mono_SP80746A_543_13Nov17_Oak_Jup-17-11-01	Monocytes	0.3857
PXD010271	DARPA_Mono_SP8636B5_695_13Nov17_Oak_Jup-17-11-01	Monocytes	0.3556
PXD010271	DARPA_Mono_SPB7ACE2_495_8Nov17_Oak_Jup-17-11-01	Monocytes	0.3446
PXD010271	DARPA_Mono_SPC17184_489_10Nov17_Oak_Jup-17-11-01	Monocytes	0.4143
PXD010271	DARPA_Mono_SPDE5F4C_671_17Nov17_Oak_Jup-17-11-01	Monocytes	0.3536
PXD010271	DARPA_Mono_SPEE2FD2_549_13Nov17_Oak_Jup-17-11-01	Monocytes	0.3754
PXD010271	DARPA_Mono_SPF3201B_689_20Nov17_Oak_Jup-17-11-01	Monocytes	0.3461
PXD010271	HURN_C_02_run1_13May13_Leopard_13-05-02	Prostate	0.373
PXD010271	Lewy2_1Cs_2Nov13_Samwise_13-07-28	Brain	0.8142
PXD010271	Lewy2_1Ct1_2Nov13_Samwise_13-07-28	Brain	0.7828
PXD010271	Lewy2_1Ct2_2Nov13_Samwise_13-07-28	Brain	0.8399
PXD010271	Lewy2_2Cs_2Nov13_Samwise_13-07-28	Brain	0.8402
PXD010271	Lewy2_2Ct1_2Nov13_Samwise_13-07-28	Brain	0.8167
PXD010271	Lewy2_2Ct2_2Nov13_Samwise_13-07-28	Brain	0.8134
PXD010271	Lewy2_4Cs_2Nov13_Samwise_13-07-28	Brain	0.8395
PXD010271	Lewy2_4Ct1_2Nov13_Samwise_13-07-28	Brain	0.7816
PXD010271	Lewy2_4Ct2_2Nov13_Samwise_13-07-28	Brain	0.8187
PXD010271	Lewy2_5Cs_2Nov13_Samwise_13-07-28	Brain	0.8184
PXD010271	Lewy2_5Ct1_2Nov13_Samwise_13-07-28	Brain	0.8681
PXD010271	Lewy2_5Ct2_2Nov13_Samwise_13-07-28	Brain	0.8412
PXD010271	Lewy3_17Cs_17Sep14_Frodo_14-04-13	Brain	0.7732
PXD010271	Lewy3_17Ct1_17Sep14_Frodo_14-04-13	Brain	0.8484
PXD010271	Lewy3_17Ct2_17Sep14_Frodo_14-04-13	Brain	0.8598
PXD010271	Lewy3_18Cs_17Sep14_Frodo_14-04-13	Brain	0.8348
PXD010271	Lewy3_18Ct1_17Sep14_Frodo_14-04-13	Brain	0.7644
PXD010271	Lewy3_18Ct2_17Sep14_Frodo_14-04-13	Brain	0.8507
PXD010271	Lewy3_19Cs_17Sep14_Frodo_14-04-13	Brain	0.824
PXD010271	Lewy3_19Ct1_17Sep14_Frodo_14-04-13	Brain	0.7551
PXD010271	Lewy3_19Ct2_17Sep14_Frodo_14-04-13	Brain	0.8504
PXD010271	Lewy_1Cs_3Sep13_Pippin_13-06-18	Brain	0.795
PXD010271	Lewy_1Ct1_3Sep13_Pippin_13-06-18	Brain	0.8837
PXD010271	Lewy_1Ct2_3Sep13_Pippin_13-06-18	Brain	0.7832
PXD010271	Lewy_2Cs_3Sep13_Pippin_13-06-18	Brain	0.815
PXD010271	Lewy_2Ct1_3Sep13_Pippin_13-06-18	Brain	0.8315
PXD010271	Lewy_2Ct2_3Sep13_Pippin_13-06-18	Brain	0.8289
PXD010271	Lewy_4Cs_3Sep13_Pippin_13-06-18	Brain	0.9064
PXD010271	Lewy_4Ct1_3Sep13_Pippin_13-06-18	Brain	0.7888
PXD010271	Lewy_4Ct2_3Sep13_Pippin_13-06-18	Brain	0.8559
PXD010579	2016-028_RUNA5H5ug-100042_10-03_MJF	Prostate	0.4051
PXD010579	2016-028_RUNB5H5ug-100042_10-03_MJF	Prostate	0.4
PXD010630	20180408_Placenta_40frac_up_10	Placenta	0.3235
PXD010630	20180408_Placenta_40frac_up_14	Placenta	0.321
PXD010630	20180408_Placenta_40frac_up_15	Placenta	0.3781
PXD010630	20180408_Placenta_40frac_up_16	Placenta	0.3839
PXD010630	20180408_Placenta_40frac_up_18	Placenta	0.4002
PXD010630	20180408_Placenta_40frac_up_19	Placenta	0.4363
PXD010630	20180408_Placenta_40frac_up_4	Placenta	0.4215
PXD010630	20180408_Placenta_40frac_up_5	Placenta	0.3977
PXD010630	20180408_Placenta_40frac_up_8	Placenta	0.3155
PXD010630	20180408_Placenta_40frac_up_9	Placenta	0.3897
PXD010630	20180410_Placenta_40frac_sub_11	Placenta	0.3869
PXD010630	20180410_Placenta_40frac_sub_12	Placenta	0.3221
PXD010630	20180410_Placenta_40frac_sub_13	Placenta	0.3082
PXD010630	20180410_Placenta_40frac_sub_14	Placenta	0.3956
PXD010630	20180410_Placenta_40frac_sub_15	Placenta	0.3145
PXD010630	20180410_Placenta_40frac_sub_16	Placenta	0.3695
PXD010630	20180410_Placenta_40frac_sub_17	Placenta	0.4011
PXD010630	20180410_Placenta_40frac_sub_18	Placenta	0.3921
PXD010630	20180410_Placenta_40frac_sub_19	Placenta	0.3928
PXD010630	20180410_Placenta_40frac_sub_20	Placenta	0.3851
PXD010630	20180410_Placenta_40frac_sub_4	Placenta	0.3266
PXD010630	20180410_Placenta_40frac_sub_5	Placenta	0.3068
PXD010630	20180410_Placenta_40frac_sub_7	Placenta	0.3957
PXD010630	20180410_Placenta_40frac_sub_8	Placenta	0.3168
PXD010630	20180410_Placenta_40frac_sub_9	Placenta	0.3717
PXD010630	20180412_Placenta_40frac_sub_10	Placenta	0.3789
PXD010630	20180412_Placenta_40frac_sub_11	Placenta	0.327
PXD010630	20180412_Placenta_40frac_sub_12	Placenta	0.3268
PXD010630	20180412_Placenta_40frac_sub_13	Placenta	0.3819
PXD010630	20180412_Placenta_40frac_sub_15	Placenta	0.3244
PXD010630	20180412_Placenta_40frac_sub_16	Placenta	0.3044
PXD010630	20180412_Placenta_40frac_sub_17	Placenta	0.3504
PXD010630	20180412_Placenta_40frac_sub_18	Placenta	0.3409
PXD010630	20180412_Placenta_40frac_sub_19	Placenta	0.3778
PXD010630	20180412_Placenta_40frac_sub_2	Placenta	0.3088
PXD010630	20180412_Placenta_40frac_sub_20	Placenta	0.4044
PXD010630	20180412_Placenta_40frac_sub_4	Placenta	0.3501
PXD010630	20180412_Placenta_40frac_sub_5	Placenta	0.354
PXD010630	20180412_Placenta_40frac_sub_6	Placenta	0.3148
PXD010630	20180412_Placenta_40frac_sub_7	Placenta	0.3498
PXD010630	20180412_Placenta_40frac_sub_8	Placenta	0.3682
PXD010630	20180412_Placenta_40frac_sub_9	Placenta	0.3758
PXD010630	20180412_Placenta_40frac_up_14	Placenta	0.3084
PXD010630	20180412_Placenta_40frac_up_15	Placenta	0.4035
PXD010630	20180412_Placenta_40frac_up_16	Placenta	0.3151
PXD010630	20180412_Placenta_40frac_up_18	Placenta	0.3926
PXD010630	20180412_Placenta_40frac_up_19	Placenta	0.3669
PXD010630	20180412_Placenta_40frac_up_20	Placenta	0.3423
PXD010630	20180412_Placenta_40frac_up_4	Placenta	0.3017
PXD010630	20180412_Placenta_40frac_up_5	Placenta	0.3973
PXD010630	20180412_Placenta_40frac_up_7	Placenta	0.3503
PXD010630	20180412_Placenta_40frac_up_9	Placenta	0.3512
PXD010690	QExHF03261	Brain	0.69
PXD010690	QExHF03263	Brain	0.5991
PXD010690	QExHF03265	Brain	0.763
PXD010690	QExHF03267	Brain	0.7863
PXD010690	QExHF03269	Brain	0.7041
PXD010690	QExHF03271	Brain	0.599
PXD010690	QExHF03283	Brain	0.5348
PXD010690	QExHF03285	Brain	0.5107
PXD010690	QExHF03287	Brain	0.6545
PXD010690	QExHF03289	Brain	0.387
PXD010690	QExHF03293	Brain	0.3987
PXD010690	QExHF03297	Brain	0.4029
PXD010690	QExHF03299	Brain	0.6296
PXD010690	QExHF03301	Brain	0.6929
PXD010690	QExHF03303	Brain	0.6538
PXD010690	QExHF03305	Brain	0.693
PXD010690	QExHF03307	Brain	0.7548
PXD010690	QExHF03657	Brain	0.6445
PXD010690	QExHF03659	Brain	0.6619
PXD010690	QExHF03661	Brain	0.8069
PXD010690	QExHF03663	Brain	0.8481
PXD010690	QExHF03665	Brain	0.7337
PXD010690	QExHF03667	Brain	0.5785
PXD010690	QExHF03671	Brain	0.651
PXD010690	QExHF03673	Brain	0.5142
PXD010690	QExHF03675	Brain	0.5544
PXD010690	QExHF03677	Brain	0.3183
PXD010690	QExHF03679	Brain	0.3456
PXD010690	QExHF03681	Brain	0.379
PXD010690	QExHF03687	Brain	0.4675
PXD010690	QExHF03689	Brain	0.6038
PXD010690	QExHF03691	Brain	0.6082
PXD010690	QExHF03693	Brain	0.6926
PXD010690	QExHF03695	Brain	0.7724
PXD010690	QExHF03699	Brain	0.5356
PXD010690	QExHF03701	Brain	0.671
PXD010690	QExHF03703	Brain	0.8452
PXD010690	QExHF03707	Brain	0.7145
PXD010690	QExHF03709	Brain	0.616
PXD010690	QExHF03713	Brain	0.4847
PXD010690	QExHF03715	Brain	0.5083
PXD010690	QExHF03717	Brain	0.5092
PXD010690	QExHF03721	Brain	0.3597
PXD010690	QExHF03723	Brain	0.4083
PXD010690	QExHF03729	Brain	0.675
PXD010690	QExHF03731	Brain	0.5329
PXD010690	QExHF03733	Brain	0.6649
PXD010690	QExHF03735	Brain	0.7863
PXD010690	QExHF03737	Brain	0.8557
PXD010708	QEXI21286_F1	Brain	0.6106
PXD010708	QEXI21288_F2	Brain	0.4121
PXD010708	QEXI21292_F4	Brain	0.5555
PXD010708	QEXI21294_F5	Brain	0.3071
PXD010708	QEXI21296_F6	Brain	0.674
PXD010708	QEXI21298_F7	Brain	0.5014
PXD010708	QEXI21300_F8	Brain	0.625
PXD010708	QEXI21302_F9	Brain	0.4184
PXD010708	QEXI21304_F10	Brain	0.5985
PXD011042	MSB32049Band_03	Salivary gland	0.3813
PXD011075	QExHF05967	Salivary gland	0.4818
PXD011075	QExHF05997	Salivary gland	0.5192
PXD011075	QExHF06027	Salivary gland	0.4838
PXD011075	QExHF06057	Salivary gland	0.5054
PXD011492	Ali_P10N_120G_1in10_4ul_1ug_Rep_1	Ovary	0.3474
PXD011492	Ali_P10N_120G_1in10_4ul_1ug_Rep_2	Ovary	0.3641
PXD011492	Ali_P10N_120G_1in10_4ul_1ug_Rep_3	Ovary	0.3476
PXD011492	Ali_P1C_120G_1in10_4ul_1ug_Rep_2	Ovary	0.3355
PXD011492	Ali_P1N_120G_1in10_4ul_1ug_Rep_2	Ovary	0.3006
PXD011492	Ali_P1N_120G_1in10_4ul_1ug_Rep_3	Ovary	0.3162
PXD011492	Ali_P3N_120G_1in10_4ul_1ug_Rep_1	Ovary	0.313
PXD011492	Ali_P3N_120G_1in10_4ul_1ug_Rep_2	Ovary	0.3124
PXD011492	Ali_P3N_120G_1in10_4ul_1ug_Rep_3	Ovary	0.3182
PXD011492	Ali_P9N_120G_1in10_4ul_1ug_Rep_1	Ovary	0.3908
PXD011492	Ali_P9N_120G_1in10_4ul_1ug_Rep_2	Ovary	0.3274
PXD011492	Ali_P9N_120G_1in10_4ul_1ug_Rep_3	Ovary	0.3266
PXD011609	20160628_QEplus_AA_AK1	Ovary	0.3519
PXD011609	20160628_QEplus_AA_AK11	Ovary	0.3408
PXD011609	20160628_QEplus_AA_AK12	Ovary	0.3252
PXD011609	20160628_QEplus_AA_AK13	Ovary	0.3218
PXD011609	20160628_QEplus_AA_AK15	Ovary	0.3427
PXD011609	20160628_QEplus_AA_AK16	Ovary	0.3379
PXD011609	20160628_QEplus_AA_AK17	Ovary	0.3081
PXD011609	20160628_QEplus_AA_AK18	Ovary	0.3353
PXD011609	20160628_QEplus_AA_AK2	Ovary	0.3471
PXD011609	20160628_QEplus_AA_AK3	Ovary	0.3303
PXD011609	20160628_QEplus_AA_BD13	Ovary	0.3321
PXD011609	20160628_QEplus_AA_BD15	Ovary	0.3678
PXD011609	20160628_QEplus_AA_BD16	Ovary	0.3701
PXD011609	20160628_QEplus_AA_BD18	Ovary	0.3247
PXD011609	20160628_QEplus_AA_BD3	Ovary	0.3507
PXD011609	20160628_QEplus_AA_SCC13	Ovary	0.326
PXD011609	20160628_QEplus_AA_SCC3	Ovary	0.3052
PXD011609	20160628_QEplus_AA_SCC4	Ovary	0.3496
PXD011609	20160628_QEplus_AA_SCC7	Ovary	0.3857
PXD012792	20171120_PGL2	Salivary gland	0.3445
PXD012792	20171120_PGR3	Salivary gland	0.4176
PXD012792	20171120_SGL1	Salivary gland	0.3393
PXD012792	20171120_SGL2	Salivary gland	0.3912
PXD012792	20171120_SGL3	Salivary gland	0.4026
PXD012792	20171120_SGR1	Salivary gland	0.5301
PXD012792	20171120_SGR2	Salivary gland	0.4708
PXD012792	20171120_SGR3	Salivary gland	0.5032
PXD012792	20180110_PGL1	Salivary gland	0.3822
PXD012792	20180110_PGL2	Salivary gland	0.3922
PXD012792	20180110_PGL3	Salivary gland	0.3505
PXD012792	20180110_SGL1	Salivary gland	0.4913
PXD012792	20180110_SGL2	Salivary gland	0.444
PXD012792	20180110_SGL3	Salivary gland	0.3596
PXD012792	20180110_SGR1	Salivary gland	0.4771
PXD012792	20180110_SGR2	Salivary gland	0.4019
PXD012792	20180110_SGR3	Salivary gland	0.5187
PXD012792	20180202_SGL1	Salivary gland	0.3714
PXD012792	20180202_SGL2	Salivary gland	0.4385
PXD012792	20180202_SGL3	Salivary gland	0.4239
PXD012792	20180202_SGR1	Salivary gland	0.4863
PXD012792	20180202_SGR2	Salivary gland	0.4873
PXD012792	20180202_SGR3	Salivary gland	0.5079
PXD020192	PXD020192-Sample 1	Brain	0.9111
PXD020192	PXD020192-Sample 10	Brain	0.7929
PXD020192	PXD020192-Sample 11	Brain	0.7652
PXD020192	PXD020192-Sample 12	Brain	0.7621
PXD020192	PXD020192-Sample 13	Brain	0.8978
PXD020192	PXD020192-Sample 14	Brain	0.879
PXD020192	PXD020192-Sample 15	Brain	0.8069
PXD020192	PXD020192-Sample 16	Brain	0.7597
PXD020192	PXD020192-Sample 17	Placenta	0.6523
PXD020192	PXD020192-Sample 18	Placenta	0.7054
PXD020192	PXD020192-Sample 2	Brain	0.8513
PXD020192	PXD020192-Sample 22	Adrenal gland	0.3488
PXD020192	PXD020192-Sample 27	Liver	0.9694
PXD020192	PXD020192-Sample 28	Liver	0.9449
PXD020192	PXD020192-Sample 29	Heart	0.6608
PXD020192	PXD020192-Sample 3	Brain	0.8782
PXD020192	PXD020192-Sample 30	Heart	0.7762
PXD020192	PXD020192-Sample 31	Colon	0.3691
PXD020192	PXD020192-Sample 32	Colon	0.3186
PXD020192	PXD020192-Sample 33	Esophagus	0.3641
PXD020192	PXD020192-Sample 34	Esophagus	0.3244
PXD020192	PXD020192-Sample 35	Stomach	0.4984
PXD020192	PXD020192-Sample 36	Stomach	0.5144
PXD020192	PXD020192-Sample 4	Brain	0.8755
PXD020192	PXD020192-Sample 41	Kidney	0.7253
PXD020192	PXD020192-Sample 42	Kidney	0.755
PXD020192	PXD020192-Sample 5	Brain	0.871
PXD020192	PXD020192-Sample 6	Brain	0.8137
PXD020192	PXD020192-Sample 67	Salivary gland	0.4868
PXD020192	PXD020192-Sample 68	Salivary gland	0.5102
PXD020192	PXD020192-Sample 69	Skeletal muscle	0.4162
PXD020192	PXD020192-Sample 7	Brain	0.8776
PXD020192	PXD020192-Sample 70	Skeletal muscle	0.3566
PXD020192	PXD020192-Sample 71	Prostate	0.499
PXD020192	PXD020192-Sample 72	Prostate	0.5634
PXD020192	PXD020192-Sample 75	Testis	0.6715
PXD020192	PXD020192-Sample 76	Testis	0.7542
PXD020192	PXD020192-Sample 77	Testis	0.8549
PXD020192	PXD020192-Sample 78	Testis	0.8187
PXD020192	PXD020192-Sample 8	Brain	0.9279
PXD020192	PXD020192-Sample 81	Heart	0.3369
PXD020192	PXD020192-Sample 85	Thyroid	0.3367
PXD020192	PXD020192-Sample 86	Thyroid	0.3713
PXD020192	PXD020192-Sample 87	Tonsil	0.3087
PXD020192	PXD020192-Sample 9	Brain	0.7518
PXD020192	PXD020192-Sample 91	Ovary	0.3074
PXD021106	LW_A_1	Salivary gland	0.4373
PXD021106	LW_A_2	Salivary gland	0.4077
PXD021106	LW_A_3	Salivary gland	0.3739
PXD021106	LW_B_1	Salivary gland	0.3643
PXD021106	LW_B_2	Salivary gland	0.369
PXD021106	LW_B_3	Salivary gland	0.33
PXD022843	TMT_HS_sEV_G1_95min_frac1_20200111	Prostate	0.4008
PXD022843	TMT_HS_sEV_G1_95min_frac2_20200111	Prostate	0.3503
PXD022843	TMT_HS_sEV_G1_95min_frac3_20200111	Prostate	0.3176
PXD022843	TMT_HS_sEV_G1_95min_frac4_20200111	Prostate	0.3718
PXD022843	TMT_HS_sEV_G1_95min_frac5_20200111	Prostate	0.3155
PXD022843	TMT_HS_sEV_G1_95min_frac6_20200111	Prostate	0.3342
PXD022843	TMT_HS_sEV_G1_95min_frac8_20200111	Prostate	0.3132
PXD022843	TMT_HS_sEV_G2_95min_frac10_20200114	Prostate	0.3666
PXD022843	TMT_HS_sEV_G2_95min_frac1_20200113	Prostate	0.3997
PXD022843	TMT_HS_sEV_G2_95min_frac2_20200113	Prostate	0.3285
PXD022843	TMT_HS_sEV_G2_95min_frac5_20200113	Prostate	0.3318
PXD022843	TMT_HS_sEV_G2_95min_frac6_20200113	Prostate	0.3799
PXD022843	TMT_HS_sEV_G2_95min_frac7_20200114	Prostate	0.348
PXD022843	TMT_HS_sEV_G3_95min_frac1_20200114	Prostate	0.3748
PXD022843	TMT_HS_sEV_G3_95min_frac2_20200118	Prostate	0.3618
PXD022843	TMT_HS_sEV_G3_95min_frac3_20200118	Prostate	0.355
PXD022843	TMT_HS_sEV_G3_95min_frac4_20200118	Prostate	0.3333
PXD022843	TMT_HS_sEV_G3_95min_frac5_20200118	Prostate	0.3361
PXD022843	TMT_HS_sEV_G3_95min_frac6_20200118	Prostate	0.4116
PXD022843	TMT_HS_sEV_G3_95min_frac7_20200119	Prostate	0.3788
PXD022843	TMT_HS_sEV_G3_95min_frac8_20200119	Prostate	0.301
PXD022843	TMT_HS_sEV_G3_95min_frac9_20200119	Prostate	0.3368
PXD022983	QE1_181214_OPL0000_AE_lognitudibal_urine_lib_A3	Kidney	0.3049
PXD022983	QE1_181214_OPL0000_AE_lognitudibal_urine_lib_B10	Prostate	0.3547
PXD022983	QE1_181214_OPL0000_AE_lognitudibal_urine_lib_B3	Prostate	0.3073
PXD022983	QE1_181214_OPL0000_AE_lognitudibal_urine_lib_B4	Kidney	0.3158
PXD022983	QE1_181214_OPL0000_AE_lognitudibal_urine_lib_B5	Prostate	0.3167
PXD022983	QE1_181214_OPL0000_AE_lognitudibal_urine_lib_B6	Kidney	0.3145
PXD022983	QE1_181214_OPL0000_AE_lognitudibal_urine_lib_B7	Prostate	0.3039
PXD022983	QE3_190207_OPL2033_AE_urine_longitudinal_DIA2_AR	Prostate	0.3684
PXD022983	QE3_190207_OPL2033_AE_urine_longitudinal_DIA2_AZ	Kidney	0.3605
PXD022983	QE3_190207_OPL2033_AE_urine_longitudinal_DIA_AL_190214224432	Prostate	0.3461
PXD022983	QE3_190207_OPL2033_AE_urine_longitudinal_DIA_AM_190215010619	Kidney	0.308
PXD022983	QE3_190207_OPL2033_AE_urine_longitudinal_DIA_AN_190215032805	Prostate	0.3112
PXD022983	QE3_190207_OPL2033_AE_urine_longitudinal_DIA_AU_190215200034	Prostate	0.3212
PXD022983	QE3_190207_OPL2033_AE_urine_longitudinal_DIA_AV_190215222220	Prostate	0.3892
PXD022983	QE3_190207_OPL2033_AE_urine_longitudinal_DIA_AW_190216004407	Prostate	0.4039
PXD022983	QE3_190207_OPL2033_AE_urine_longitudinal_DIA_AX_190216030553	Prostate	0.3234
PXD022983	QE3_190207_OPL2033_AE_urine_longitudinal_DIA_AY_190216052740	Kidney	0.3008
PXD022983	QE3_190207_OPL2033_AE_urine_longitudinal_DIA_B	Kidney	0.3553
PXD022983	QE3_190207_OPL2033_AE_urine_longitudinal_DIA_BO	Kidney	0.3357
PXD022983	QE3_190207_OPL2033_AE_urine_longitudinal_DIA_BQ	Kidney	0.3128
PXD022983	QE3_190207_OPL2033_AE_urine_longitudinal_DIA_J	Kidney	0.3083
PXD022983	QE3_190207_OPL2033_AE_urine_longitudinal_DIA_K	Kidney	0.3104
PXD022983	QE3_190207_OPL2033_AE_urine_longitudinal_DIA_T	Prostate	0.3371
PXD022983	QE3_190207_OPL2033_AE_urine_longitudinal_DIA_V	Prostate	0.3485
PXD022983	QE3_190207_OPL2033_AE_urine_longitudinal_DIA_W	Prostate	0.3216
PXD022983	QE3_190207_OPL2033_AE_urine_longitudinal_DIA_Z_190213182314	Prostate	0.3442
PXD030804	sp_cotton_fraction9_IGP2_xin_20210101	Salivary gland	0.3032
PXD030804	sp_cotton_fraction9_IGP3_xin_20210101	Salivary gland	0.3025
PXD030990	T017_Post-extraction_digestion_CID	Salivary gland	0.3196
PXD030990	T023_Post-extraction_digestion_HCD	Salivary gland	0.365
PXD030990	T023_in-strip_digestion_CID	Salivary gland	0.4545
PXD030990	T024_Post-extraction_digestion_CID	Salivary gland	0.5094
PXD030990	T024_Post-extraction_digestion_HCD	Salivary gland	0.5098
PXD030990	T024_in-strip_digestion_CID	Salivary gland	0.4119
PXD030990	T024_in-strip_digestion_HCD	Salivary gland	0.3798
PXD030990	T025_in-strip_digestion_CID	Salivary gland	0.3404
PXD030990	T025_in-strip_digestion_HCD	Salivary gland	0.3301
PXD030990	T026_Post-extraction_digestion_CID	Salivary gland	0.323
PXD030990	T026_in-strip_digestion_CID	Salivary gland	0.3405
PXD030990	T027_Post-extraction_digestion_CID	Salivary gland	0.4619
PXD030990	T027_in-strip_digestion_CID	Salivary gland	0.384
PXD030990	T027_in-strip_digestion_HCD	Salivary gland	0.362
PXD036633	ESC-QE-Sample-2_PRT-60min-220920-Vinod	Salivary gland	0.3557
PXD036633	ESC-QE-Sample-3_EPR-60min-220920-Vinod	Salivary gland	0.3186
PXD036633	ESC-QE-Sample-6_EPUR-60min-220920-Vinod	Salivary gland	0.3555
PXD036633	ESC-QE-Sample-7_NPRT_-60min-220920-Vinod	Salivary gland	0.3831
PXD046417	20230803_AST1_Neo1_UHG_7min_DIA_RR_1_4th_009	Skeletal muscle	0.3
PXD046417	20230803_AST1_Neo1_UHG_7min_DIA_RR_4th_055	Skeletal muscle	0.3053
PXD046417	20230803_AST1_Neo1_UHG_7min_DIA_RR_4th_060	Skeletal muscle	0.3
PXD046637	WA269TQB3_03_Fr6	Lung	0.3609
PXD046637	WA269TQB3_14_Fr3	Lung	0.3051
PXD046711	Seq66957_HFX_b	Ovary	0.3495
PXD046711	Seq66958_HFX_b	Ovary	0.3197
PXD046711	Seq66959_HFX	Ovary	0.4104
PXD046711	Seq66961_HFX	Ovary	0.4814
PXD046711	Seq66962_HFX	Ovary	0.4967
PXD046711	Seq66963_HFX	Ovary	0.4841
PXD046711	Seq66964_HFX	Ovary	0.4464
PXD046711	Seq66965_HFX	Ovary	0.5188
PXD046711	Seq66968_HFX	Ovary	0.5067
PXD046711	Seq66969_HFX	Ovary	0.303
PXD046711	Seq66972_HFX	Ovary	0.3422
PXD046711	Seq66973_HFX	Ovary	0.3085
PXD046711	Seq66974_HFX	Ovary	0.3508
PXD046711	Seq66975_HFX	Ovary	0.31
PXD046711	Seq66976_HFX	Ovary	0.3239
PXD046711	Seq66977_HFX	Ovary	0.3909
PXD046711	Seq66978_HFX	Esophagus	0.3486
PXD046711	Seq66980_HFX	Ovary	0.3819
PXD046711	Seq68923_HFX	Ovary	0.3296
PXD046711	Seq68926_HFX	Ovary	0.3864
PXD046711	Seq68928_HFX	Ovary	0.3985
PXD046711	Seq68932_HFX	Ovary	0.3564
PXD046711	Seq68934_HFX	Ovary	0.3405
PXD046711	Seq68937_HFX	Ovary	0.3231
PXD046711	Seq68942_HFX	Ovary	0.3313
PXD046711	Seq68944_HFX	Ovary	0.3067
PXD046711	Seq68945_HFX	Ovary	0.3339
PXD046711	Seq68946_HFX	Ovary	0.4358
PXD046711	Seq68949_HFX	Ovary	0.3461
PXD046711	Seq68951_HFX	Ovary	0.3096
PXD046711	Seq68953_HFX	Ovary	0.3603
PXD046711	Seq68954_HFX	Ovary	0.4236
PXD046711	Seq68958_HFX	Ovary	0.4109
PXD046711	Seq68965_HFX	Ovary	0.3482
PXD046711	Seq68968_HFX	Ovary	0.4282
PXD046711	Seq68970_HFX	Ovary	0.322
PXD046711	Seq68983_HFX	Ovary	0.354
PXD046711	Seq68985_HFX	Ovary	0.3186
PXD046711	Seq68986_HFX	Ovary	0.3189
PXD046711	Seq68994_HFX	Ovary	0.335
PXD046711	Seq68995_HFX	Ovary	0.3184
PXD046711	Seq68996_HFX	Ovary	0.3699
PXD046711	Seq69620_HFX	Ovary	0.3064
PXD046711	Seq69624_HFX	Ovary	0.3255
PXD046711	Seq69628_HFX	Ovary	0.3887
PXD046711	Seq69631_HFX	Ovary	0.3234
PXD046711	Seq69632_HFX	Ovary	0.3252
PXD046711	Seq69633_HFX	Ovary	0.358
PXD046711	Seq69634_HFX	Ovary	0.3824
PXD046711	Seq69635_HFX	Ovary	0.3981
PXD046711	Seq69636_HFX	Ovary	0.4058
PXD046711	Seq69637_HFX	Ovary	0.3278
PXD046711	Seq69639_HFX	Ovary	0.3305
PXD046711	Seq69640_HFX	Ovary	0.3834
PXD046711	Seq69642_HFX	Ovary	0.3404
PXD046711	Seq71709_HFX	Ovary	0.403
PXD046711	Seq71711_HFX	Ovary	0.3243
PXD046711	Seq71712_HFX	Ovary	0.3143
PXD046711	Seq71715_HFX	Ovary	0.3281
PXD046711	Seq71717_HFX	Ovary	0.3509
PXD046711	Seq71724_HFX	Ovary	0.3178
PXD046711	Seq71727_HFX	Ovary	0.3392
PXD046711	Seq71734_HFX	Ovary	0.3239
PXD046711	Seq71735_HFX	Ovary	0.3071
PXD046711	Seq71737_HFX	Ovary	0.343
PXD046711	Seq71738_HFX	Ovary	0.3234
PXD046711	Seq71739_HFX	Ovary	0.3305
PXD046711	Seq71740_HFX	Ovary	0.4164
PXD046711	Seq71742_HFX	Ovary	0.3351
PXD046711	Seq71743_HFX	Ovary	0.3166
PXD046711	Seq71745_HFX	Ovary	0.3102
PXD046711	Seq71746_HFX	Ovary	0.3633
PXD046711	Seq71747_HFX	Ovary	0.315
PXD046711	Seq71748_HFX	Ovary	0.3843
PXD046711	Seq71749_HFX	Ovary	0.306
PXD046711	Seq71750_HFX	Ovary	0.3959
PXD046711	Seq71751_HFX	Ovary	0.3512
PXD046711	Seq71752_HFX	Ovary	0.3367
PXD046711	Seq71753_HFX	Ovary	0.3276
PXD046711	Seq71755_HFX	Ovary	0.3138
PXD046711	Seq71756_HFX	Ovary	0.4082
PXD046711	Seq71759_HFX	Ovary	0.3836
PXD046711	Seq71760_HFX	Ovary	0.4132
PXD046711	Seq71764_HFX	Ovary	0.3253
PXD047134	HF2_13838_TFU_10_Control-P48_15_1_100521	Brain	0.6836
PXD047134	HF2_13838_TFU_11_Control-P5_13_1_050521	Brain	0.5831
PXD047134	HF2_13838_TFU_12_Control-P58_10_1_060521	Brain	0.6911
PXD047134	HF2_13838_TFU_13_Control-P64_11_1_100521	Brain	0.6859
PXD047134	HF2_13838_TFU_14_Control-P66_10_1_050521	Brain	0.492
PXD047134	HF2_13838_TFU_15_Control-P67_10_1_050521	Brain	0.6652
PXD047134	HF2_13838_TFU_16_Control-P72_07_1_060521	Brain	0.5857
PXD047134	HF2_13838_TFU_17_Control-P75_08_1_050521	Brain	0.4855
PXD047134	HF2_13838_TFU_18_Control-P78_06_1_060521	Brain	0.6943
PXD047134	HF2_13838_TFU_19_Control-P94_05_1_060521	Brain	0.5191
PXD047134	HF2_13838_TFU_1_Control-C01_99_1_050521	Brain	0.4511
PXD047134	HF2_13838_TFU_20_PD-GBA-59_94_2_100521	Brain	0.48
PXD047134	HF2_13838_TFU_21_PD-GBA-P13_97_2_050521	Brain	0.7
PXD047134	HF2_13838_TFU_22_PD-GBA-P23_98_2_060521	Brain	0.6941
PXD047134	HF2_13838_TFU_23_PD-GBA-P25_01_2_060521	Brain	0.769
PXD047134	HF2_13838_TFU_24_PD-GBA-P25_13_2_050521	Brain	0.6563
PXD047134	HF2_13838_TFU_25_PD-GBA-P25_98_2_060521	Brain	0.7498
PXD047134	HF2_13838_TFU_26_PD-GBA-P29_92_2_100521	Brain	0.7072
PXD047134	HF2_13838_TFU_27_PD-GBA-P31_03_2_050521	Brain	0.6397
PXD047134	HF2_13838_TFU_28_PD-GBA-P34_06_2_060521	Brain	0.5893
PXD047134	HF2_13838_TFU_29_PD-GBA-P36_01_2_060521	Brain	0.6077
PXD047134	HF2_13838_TFU_2_Control-C04_97_1_060521	Brain	0.7307
PXD047134	HF2_13838_TFU_30_PD-GBA-P36_09_2_050521	Brain	0.5997
PXD047134	HF2_13838_TFU_31_PD-GBA-P40_00_2_060521	Brain	0.7188
PXD047134	HF2_13838_TFU_32_PD-GBA-P41_97_2_100521	Brain	0.5226
PXD047134	HF2_13838_TFU_33_PD-GBA-P44_01_2_100521	Brain	0.5408
PXD047134	HF2_13838_TFU_34_PD-GBA-P54_13_2_050521	Brain	0.6874
PXD047134	HF2_13838_TFU_35_PD-GBA-P54_99_2_060521	Brain	0.4551
PXD047134	HF2_13838_TFU_36_PD-GBA-P67_12_2_060521	Brain	0.6543
PXD047134	HF2_13838_TFU_37_PD-GBA-P68_06_2_050521	Brain	0.715
PXD047134	HF2_13838_TFU_38_PD-GBA-P71_04_2_060521	Brain	0.6328
PXD047134	HF2_13838_TFU_39_PD-GBA-P73_04_2_050521	Brain	0.533
PXD047134	HF2_13838_TFU_3_Control-C09_94_1_060521	Brain	0.6966
PXD047134	HF2_13838_TFU_40_PD-GBA-P78_11_2_100521	Brain	0.535
PXD047134	HF2_13838_TFU_42_PD-P14_05_2_050521	Brain	0.5349
PXD047134	HF2_13838_TFU_43_PD-P16_06_2_100521	Brain	0.5777
PXD047134	HF2_13838_TFU_44_PD-P21_13_2_100521_210512215908	Brain	0.5103
PXD047134	HF2_13838_TFU_45_PD-P23_10_2_050521	Brain	0.5721
PXD047134	HF2_13838_TFU_46_PD-P32_00_2_060521	Brain	0.5857
PXD047134	HF2_13838_TFU_47_PD-P32_10_2_060521	Brain	0.6321
PXD047134	HF2_13838_TFU_48_PD-P47_09_2_050521	Brain	0.3977
PXD047134	HF2_13838_TFU_49_PD-P48_09_2_050521	Brain	0.6322
PXD047134	HF2_13838_TFU_4_Control-C11_97_1_050521	Brain	0.6698
PXD047134	HF2_13838_TFU_50_PD-P50_03_2_060521	Brain	0.6191
PXD047134	HF2_13838_TFU_51_PD-P54_11_2_100521	Brain	0.4928
PXD047134	HF2_13838_TFU_52_PD-P55_07_2_060521	Brain	0.5413
PXD047134	HF2_13838_TFU_53_PD-P57_08_2_050521	Brain	0.6765
PXD047134	HF2_13838_TFU_54_PD-P59_07_2_060521	Brain	0.4683
PXD047134	HF2_13838_TFU_55_PD-P6_08_2_060521	Brain	0.4212
PXD047134	HF2_13838_TFU_56_PD-P61_15_2_050521	Brain	0.566
PXD047134	HF2_13838_TFU_57_PD-P74_04_2_100521	Brain	0.6332
PXD047134	HF2_13838_TFU_58_PD-P76_10_2_060521	Brain	0.5949
PXD047134	HF2_13838_TFU_59_PD-P79_10_2_060521	Brain	0.4494
PXD047134	HF2_13838_TFU_5_Control-C4_00_1_060521	Brain	0.6589
PXD047134	HF2_13838_TFU_60_PD-P80_07_2_050521	Brain	0.5968
PXD047134	HF2_13838_TFU_61_PD-P82_05_2_100521	Brain	0.6001
PXD047134	HF2_13838_TFU_6_Control-P18_03_1_060521	Brain	0.8005
PXD047134	HF2_13838_TFU_7_Control-P29_12_1_050521	Brain	0.5116
PXD047134	HF2_13838_TFU_8_Control-P43_13_1_060521	Brain	0.7102
PXD047134	HF2_13838_TFU_9_Control-P45_04_1_100521	Brain	0.6109
PXD047134	HFX_10017_TFU_Control-C01-99_200819	Brain	0.9431
PXD047134	HFX_10017_TFU_Control-C09-94_200819	Brain	0.6159
PXD047134	HFX_10017_TFU_Control-C11-97_200819	Brain	0.8035
PXD047134	HFX_10017_TFU_Control-P18-03_200819	Brain	0.7854
PXD047134	HFX_10017_TFU_Control-P29-12_220819	Brain	0.8592
PXD047134	HFX_10017_TFU_Control-P32-09_200819	Brain	0.8246
PXD047134	HFX_10017_TFU_Control-P41-09_200819	Brain	0.8897
PXD047134	HFX_10017_TFU_Control-P43-13_270819	Brain	0.7976
PXD047134	HFX_10017_TFU_Control-P45-04_270819	Brain	0.5464
PXD047134	HFX_10017_TFU_Control-P48-15_270819	Brain	0.8508
PXD047134	HFX_10017_TFU_Control-P5-13_220819	Brain	0.6743
PXD047134	HFX_10017_TFU_Control-P66-10_220819	Brain	0.7825
PXD047134	HFX_10017_TFU_Control-P67-10_220819	Brain	0.8928
PXD047134	HFX_10017_TFU_Control-P72-07_200819	Brain	0.6601
PXD047134	HFX_10017_TFU_PD-GBA-P13-97_200819	Brain	0.5787
PXD047134	HFX_10017_TFU_PD-GBA-P23-98_270819	Brain	0.8244
PXD047134	HFX_10017_TFU_PD-GBA-P25-01_200819	Brain	0.6792
PXD047134	HFX_10017_TFU_PD-GBA-P25-13_270819	Brain	0.8167
PXD047134	HFX_10017_TFU_PD-GBA-P25-98_200819	Brain	0.7835
PXD047134	HFX_10017_TFU_PD-GBA-P29-92_200819	Brain	0.5607
PXD047134	HFX_10017_TFU_PD-GBA-P31-03_220819	Brain	0.6281
PXD047134	HFX_10017_TFU_PD-GBA-P34-06_220819	Brain	0.6686
PXD047134	HFX_10017_TFU_PD-GBA-P36-01_270819	Brain	0.5748
PXD047134	HFX_10017_TFU_PD-GBA-P36-09_270819	Brain	0.8635
PXD047134	HFX_10017_TFU_PD-GBA-P40-00_270819	Brain	0.8435
PXD047134	HFX_10017_TFU_PD-GBA-P41-97_200819	Brain	0.7872
PXD047134	HFX_10017_TFU_PD-GBA-P44-01_200819	Brain	0.8464
PXD047134	HFX_10017_TFU_PD-GBA-P54-13_270819	Brain	0.8735
PXD047134	HFX_10017_TFU_PD-GBA-P54-99_200819	Brain	0.8018
PXD047134	HFX_10017_TFU_PD-GBA-P67-12_220819	Brain	0.8235
PXD047134	HFX_10017_TFU_PD-GBA-P68-06_220819	Brain	0.8587
PXD047134	HFX_10017_TFU_PD-GBA-P71-04_220819	Brain	0.8531
PXD047134	HFX_10017_TFU_PD-GBA-P73-04_270819	Brain	0.6826
PXD047134	HFX_10017_TFU_PD-GBA-P78-11_220819	Brain	0.7896
PXD047134	HFX_10017_TFU_PD-P14-05_200819	Brain	0.8112
PXD047134	HFX_10017_TFU_PD-P16-06_200819	Brain	0.5777
PXD047134	HFX_10017_TFU_PD-P21-13_220819	Brain	0.7346
PXD047134	HFX_10017_TFU_PD-P23-10_270819	Brain	0.785
PXD047134	HFX_10017_TFU_PD-P32-00_200819	Brain	0.8014
PXD047134	HFX_10017_TFU_PD-P32-10_270819	Brain	0.6787
PXD047134	HFX_10017_TFU_PD-P47-09_270819	Brain	0.6253
PXD047134	HFX_10017_TFU_PD-P48-09_200819	Brain	0.6768
PXD047134	HFX_10017_TFU_PD-P50-03_200819	Brain	0.7673
PXD047134	HFX_10017_TFU_PD-P54-11_270819	Brain	0.73
PXD047134	HFX_10017_TFU_PD-P57-08_200819	Brain	0.6792
PXD047134	HFX_10017_TFU_PD-P59-07_220819	Brain	0.599
PXD047134	HFX_10017_TFU_PD-P6-08_220819	Brain	0.8717
PXD047134	HFX_10017_TFU_PD-P61-15_220819	Brain	0.7908
PXD047134	HFX_10017_TFU_PD-P76-10_270819	Brain	0.9175
PXD047134	HFX_10017_TFU_PD-P79-10_220819	Brain	0.854
PXD047134	HFX_10017_TFU_PD-P80-07_200819	Brain	0.7907
PXD047134	HFX_10017_TFU_PD-P82-05_220819	Brain	0.6076
PXD047134	HFX_10401_TFU_Control-C01-99_031219	Brain	0.8063
PXD047134	HFX_10401_TFU_Control-C04-97_031219	Brain	0.8713
PXD047134	HFX_10401_TFU_Control-C09-94_051219	Brain	0.842
PXD047134	HFX_10401_TFU_Control-C4-00_021219	Brain	0.8289
PXD047134	HFX_10401_TFU_Control-P18-03_051219	Brain	0.826
PXD047134	HFX_10401_TFU_Control-P29-12_081219	Brain	0.836
PXD047134	HFX_10401_TFU_Control-P32-09_051219	Brain	0.8193
PXD047134	HFX_10401_TFU_Control-P41-09_021219	Brain	0.846
PXD047134	HFX_10401_TFU_Control-P43-13_111219	Brain	0.8232
PXD047134	HFX_10401_TFU_Control-P45-04_111219	Brain	0.8731
PXD047134	HFX_10401_TFU_Control-P48-15_111219	Brain	0.8404
PXD047134	HFX_10401_TFU_Control-P5-13_081219	Brain	0.8221
PXD047134	HFX_10401_TFU_Control-P58-10_081219	Brain	0.828
PXD047134	HFX_10401_TFU_Control-P64-11_081219	Brain	0.7995
PXD047134	HFX_10401_TFU_Control-P66-10_111219	Brain	0.823
PXD047134	HFX_10401_TFU_Control-P67-10_111219	Brain	0.8459
PXD047134	HFX_10401_TFU_Control-P72-07_051219	Brain	0.8802
PXD047134	HFX_10401_TFU_Control-P75-08_031219	Brain	0.8545
PXD047134	HFX_10401_TFU_Control-P78-06_051219	Brain	0.9012
PXD047134	HFX_10401_TFU_Control-P94-05_051219	Brain	0.8483
PXD047134	HFX_10401_TFU_PD-GBA-59-94_051219	Brain	0.8398
PXD047134	HFX_10401_TFU_PD-GBA-P23-98_111219	Brain	0.8548
PXD047134	HFX_10401_TFU_PD-GBA-P25-01_031219	Brain	0.8643
PXD047134	HFX_10401_TFU_PD-GBA-P25-13_081219	Brain	0.8135
PXD047134	HFX_10401_TFU_PD-GBA-P25-98_051219	Brain	0.8201
PXD047134	HFX_10401_TFU_PD-GBA-P29-92_021219	Brain	0.8375
PXD047134	HFX_10401_TFU_PD-GBA-P31-03_051219	Brain	0.8214
PXD047134	HFX_10401_TFU_PD-GBA-P34-06_051219	Brain	0.8866
PXD047134	HFX_10401_TFU_PD-GBA-P36-01_111219	Brain	0.8226
PXD047134	HFX_10401_TFU_PD-GBA-P36-09_081219	Brain	0.8405
PXD047134	HFX_10401_TFU_PD-GBA-P40-00_081219	Brain	0.8385
PXD047134	HFX_10401_TFU_PD-GBA-P41-97_031219	Brain	0.8326
PXD047134	HFX_10401_TFU_PD-GBA-P44-01_021219	Brain	0.8324
PXD047134	HFX_10401_TFU_PD-GBA-P54-13_111219	Brain	0.8091
PXD047134	HFX_10401_TFU_PD-GBA-P54-99_031219	Brain	0.8694
PXD047134	HFX_10401_TFU_PD-GBA-P67-12_051219	Brain	0.8383
PXD047134	HFX_10401_TFU_PD-GBA-P68-06_051219	Brain	0.8102
PXD047134	HFX_10401_TFU_PD-GBA-P71-04_051219	Brain	0.8368
PXD047134	HFX_10401_TFU_PD-GBA-P73-04_111219	Brain	0.7669
PXD047134	HFX_10401_TFU_PD-GBA-P78-11_081219	Brain	0.8655
PXD047134	HFX_10401_TFU_PD-P10-08_051219	Brain	0.8646
PXD047134	HFX_10401_TFU_PD-P14-05_031219	Brain	0.851
PXD047134	HFX_10401_TFU_PD-P16-06_021219	Brain	0.8287
PXD047134	HFX_10401_TFU_PD-P21-13_081219	Brain	0.848
PXD047134	HFX_10401_TFU_PD-P32-00_051219	Brain	0.8254
PXD047134	HFX_10401_TFU_PD-P32-10_111219	Brain	0.8131
PXD047134	HFX_10401_TFU_PD-P47-09_081219	Brain	0.8051
PXD047134	HFX_10401_TFU_PD-P48-09_031219	Brain	0.8317
PXD047134	HFX_10401_TFU_PD-P50-03_051219	Brain	0.8068
PXD047134	HFX_10401_TFU_PD-P54-11_111219	Brain	0.8182
PXD047134	HFX_10401_TFU_PD-P55-07_051219	Brain	0.8135
PXD047134	HFX_10401_TFU_PD-P57-08_051219	Brain	0.8354
PXD047134	HFX_10401_TFU_PD-P59-07_051219	Brain	0.822
PXD047134	HFX_10401_TFU_PD-P6-08_051219	Brain	0.8365
PXD047134	HFX_10401_TFU_PD-P61-15_081219	Brain	0.8298
PXD047134	HFX_10401_TFU_PD-P74-04_021219	Brain	0.8114
PXD047134	HFX_10401_TFU_PD-P76-10_111219	Brain	0.8694
PXD047134	HFX_10401_TFU_PD-P79-10_081219	Brain	0.8539
PXD047134	HFX_10401_TFU_PD-P80-07_031219	Brain	0.811
PXD047134	HFX_10401_TFU_PD-P82-05_051219	Brain	0.8244
PXD047134	HFX_11364_TFU_Control-C01-99_1_261120	Brain	0.6253
PXD047134	HFX_11364_TFU_Control-C09-94_1_261120	Brain	0.4097
PXD047134	HFX_11364_TFU_Control-C11-97_1_261120	Brain	0.6499
PXD047134	HFX_11364_TFU_Control-P18-03_1_261120	Brain	0.6004
PXD047134	HFX_11364_TFU_Control-P29-12_1_261120	Brain	0.5673
PXD047134	HFX_11364_TFU_Control-P32-09_1_011220	Brain	0.4986
PXD047134	HFX_11364_TFU_Control-P41-09_1_011220	Brain	0.5567
PXD047134	HFX_11364_TFU_Control-P43-13_1_011220	Brain	0.5736
PXD047134	HFX_11364_TFU_Control-P45-04_1_011220	Brain	0.3226
PXD047134	HFX_11364_TFU_Control-P48-15_1_011220	Brain	0.6467
PXD047134	HFX_11364_TFU_Control-P5-13_1_011220	Brain	0.4185
PXD047134	HFX_11364_TFU_Control-P66-10_1_261120	Brain	0.5295
PXD047134	HFX_11364_TFU_Control-P67-10_1_261120	Brain	0.6261
PXD047134	HFX_11364_TFU_Control-P72-07_1_031220	Brain	0.4666
PXD047134	HFX_11364_TFU_PD-GBA-P13-97_1_031220	Brain	0.4003
PXD047134	HFX_11364_TFU_PD-GBA-P23-98_2_031220	Brain	0.5525
PXD047134	HFX_11364_TFU_PD-GBA-P25-01_2_031220	Brain	0.5546
PXD047134	HFX_11364_TFU_PD-GBA-P25-13_2_011220	Brain	0.5379
PXD047134	HFX_11364_TFU_PD-GBA-P25-98_2_011220	Brain	0.6145
PXD047134	HFX_11364_TFU_PD-GBA-P29-92_2_011220	Brain	0.4405
PXD047134	HFX_11364_TFU_PD-GBA-P31-03_2_011220	Brain	0.3638
PXD047134	HFX_11364_TFU_PD-GBA-P34-06_2_261120	Brain	0.44
PXD047134	HFX_11364_TFU_PD-GBA-P36-01_2_261120	Brain	0.45
PXD047134	HFX_11364_TFU_PD-GBA-P36-09_2_261120	Brain	0.636
PXD047134	HFX_11364_TFU_PD-GBA-P40-00_2_261120	Brain	0.5739
PXD047134	HFX_11364_TFU_PD-GBA-P41-97_2_261120	Brain	0.5696
PXD047134	HFX_11364_TFU_PD-GBA-P44-01_2_031220	Brain	0.6824
PXD047134	HFX_11364_TFU_PD-GBA-P54-13_2_031220	Brain	0.5753
PXD047134	HFX_11364_TFU_PD-GBA-P54-99_2_031220	Brain	0.5243
PXD047134	HFX_11364_TFU_PD-GBA-P67-12_2_031220	Brain	0.5585
PXD047134	HFX_11364_TFU_PD-GBA-P68-06_2_031220	Brain	0.6657
PXD047134	HFX_11364_TFU_PD-GBA-P71-04_2_031220	Brain	0.6742
PXD047134	HFX_11364_TFU_PD-GBA-P73-04_2_261120	Brain	0.4281
PXD047134	HFX_11364_TFU_PD-GBA-P78-11_2_261120	Brain	0.5942
PXD047134	HFX_11364_TFU_PD-P14-05_2_011220	Brain	0.5591
PXD047134	HFX_11364_TFU_PD-P16-06_2_011220	Brain	0.4847
PXD047134	HFX_11364_TFU_PD-P21-13_2_011220	Brain	0.4014
PXD047134	HFX_11364_TFU_PD-P23-10_1_031220	Brain	0.4074
PXD047134	HFX_11364_TFU_PD-P32-00_2_031220	Brain	0.5993
PXD047134	HFX_11364_TFU_PD-P32-10_2_031220	Brain	0.4307
PXD047134	HFX_11364_TFU_PD-P47-09_2_031220	Brain	0.3609
PXD047134	HFX_11364_TFU_PD-P48-09_2_031220	Brain	0.428
PXD047134	HFX_11364_TFU_PD-P50-03_2_031220	Brain	0.4779
PXD047134	HFX_11364_TFU_PD-P54-11_2_261120	Brain	0.4345
PXD047134	HFX_11364_TFU_PD-P57-08_2_261120	Brain	0.4474
PXD047134	HFX_11364_TFU_PD-P59-07_2_261120	Brain	0.4287
PXD047134	HFX_11364_TFU_PD-P6-08_2_261120	Brain	0.5268
PXD047134	HFX_11364_TFU_PD-P61-15_2_011220	Brain	0.6363
PXD047134	HFX_11364_TFU_PD-P76-10_2_011220	Brain	0.5712
PXD047134	HFX_11364_TFU_PD-P79-10_2_011220	Brain	0.5805
PXD047134	HFX_11364_TFU_PD-P80-07_2_261120	Brain	0.6717
PXD047134	HFX_11364_TFU_PD-P82-05_2_261120	Brain	0.4402
PXD047134	HFX_11366_TFU_Control-C01-99_1_160820	Brain	0.5209
PXD047134	HFX_11366_TFU_Control-C04-97_1_160820	Brain	0.5675
PXD047134	HFX_11366_TFU_Control-C09-94_1_180820	Brain	0.4595
PXD047134	HFX_11366_TFU_Control-C4-00_1_180820	Brain	0.442
PXD047134	HFX_11366_TFU_Control-P18-03_1_180820	Brain	0.5856
PXD047134	HFX_11366_TFU_Control-P29-12_1_180820	Brain	0.602
PXD047134	HFX_11366_TFU_Control-P32-09_1_160820	Brain	0.5961
PXD047134	HFX_11366_TFU_Control-P41-09_1_160820	Brain	0.6038
PXD047134	HFX_11366_TFU_Control-P43-13_1_200820	Brain	0.5239
PXD047134	HFX_11366_TFU_Control-P45-04_1_200820	Brain	0.5439
PXD047134	HFX_11366_TFU_Control-P48-15_1_200820	Brain	0.5091
PXD047134	HFX_11366_TFU_Control-P48-15_1_200820_20200823065308	Brain	0.4912
PXD047134	HFX_11366_TFU_Control-P5-13_1_200820	Brain	0.5118
PXD047134	HFX_11366_TFU_Control-P58-10_1_200820	Brain	0.4311
PXD047134	HFX_11366_TFU_Control-P64-11_1_200820	Brain	0.5565
PXD047134	HFX_11366_TFU_Control-P66-10_1_180820	Brain	0.5897
PXD047134	HFX_11366_TFU_Control-P67-10_1_180820	Brain	0.5297
PXD047134	HFX_11366_TFU_Control-P72-07_1_160820	Brain	0.5886
PXD047134	HFX_11366_TFU_Control-P75-08_1_160820	Brain	0.5136
PXD047134	HFX_11366_TFU_Control-P78-06_1_160820	Brain	0.5979
PXD047134	HFX_11366_TFU_Control-P94-05_1_180820	Brain	0.5532
PXD047134	HFX_11366_TFU_PD-GBA-59-94_1_180820	Brain	0.4234
PXD047134	HFX_11366_TFU_PD-GBA-P23-98_1_160820	Brain	0.5643
PXD047134	HFX_11366_TFU_PD-GBA-P25-01_1_160820	Brain	0.4932
PXD047134	HFX_11366_TFU_PD-GBA-P25-13_1_180820	Brain	0.4367
PXD047134	HFX_11366_TFU_PD-GBA-P25-98_1_180820	Brain	0.5435
PXD047134	HFX_11366_TFU_PD-GBA-P29-92_1_160820	Brain	0.5773
PXD047134	HFX_11366_TFU_PD-GBA-P31-03_1_160820	Brain	0.55
PXD047134	HFX_11366_TFU_PD-GBA-P34-06_1_180820	Brain	0.4528
PXD047134	HFX_11366_TFU_PD-GBA-P36-01_1_180820	Brain	0.5399
PXD047134	HFX_11366_TFU_PD-GBA-P36-09_1_160820	Brain	0.5763
PXD047134	HFX_11366_TFU_PD-GBA-P40-00_1_160820	Brain	0.5545
PXD047134	HFX_11366_TFU_PD-GBA-P41-97_1_160820	Brain	0.5248
PXD047134	HFX_11366_TFU_PD-GBA-P44-01_1_200820	Brain	0.5628
PXD047134	HFX_11366_TFU_PD-GBA-P54-13_1_200820	Brain	0.5266
PXD047134	HFX_11366_TFU_PD-GBA-P54-99_1_200820	Brain	0.4427
PXD047134	HFX_11366_TFU_PD-GBA-P67-12_1_200820	Brain	0.5207
PXD047134	HFX_11366_TFU_PD-GBA-P68-06_1_200820	Brain	0.5722
PXD047134	HFX_11366_TFU_PD-GBA-P71-04_1_200820	Brain	0.5326
PXD047134	HFX_11366_TFU_PD-GBA-P73-04_1_180820	Brain	0.4982
PXD047134	HFX_11366_TFU_PD-GBA-P78-11_1_180820	Brain	0.45
PXD047134	HFX_11366_TFU_PD-P10-08_1_180820	Brain	0.5256
PXD047134	HFX_11366_TFU_PD-P14-05_1_160820	Brain	0.6439
PXD047134	HFX_11366_TFU_PD-P16-06_1_160820	Brain	0.5487
PXD047134	HFX_11366_TFU_PD-P21-13_1_180820	Brain	0.5267
PXD047134	HFX_11366_TFU_PD-P32-00_1_180820	Brain	0.4055
PXD047134	HFX_11366_TFU_PD-P32-10_1_180820	Brain	0.5453
PXD047134	HFX_11366_TFU_PD-P47-09_1_200820	Brain	0.4369
PXD047134	HFX_11366_TFU_PD-P48-09_1_200820	Brain	0.6142
PXD047134	HFX_11366_TFU_PD-P50-03_1_160820	Brain	0.5402
PXD047134	HFX_11366_TFU_PD-P54-11_1_160820	Brain	0.4401
PXD047134	HFX_11366_TFU_PD-P55-07_1_200820	Brain	0.5286
PXD047134	HFX_11366_TFU_PD-P57-08_1_200820	Brain	0.4525
PXD047134	HFX_11366_TFU_PD-P59-07_1_200820	Brain	0.5637
PXD047134	HFX_11366_TFU_PD-P6-08_1_200820	Brain	0.4367
PXD047134	HFX_11366_TFU_PD-P61-15_1_180820	Brain	0.5573
PXD047134	HFX_11366_TFU_PD-P74-04_1_180820	Brain	0.4891
PXD047134	HFX_11366_TFU_PD-P76-10_1_180820	Brain	0.6183
PXD047134	HFX_11366_TFU_PD-P79-10_1_160820	Brain	0.4858
PXD047134	HFX_11366_TFU_PD-P80-07_1_160820	Brain	0.5605
PXD047134	HFX_11366_TFU_PD-P82-05_1_160820	Brain	0.5296
PXD047134	HFX_8018_TFU_Control-C01_99_071118_20181123093609	Brain	0.8732
PXD047134	HFX_8018_TFU_Control-C09_94_111118_20181126223341	Brain	0.7155
PXD047134	HFX_8018_TFU_Control-C11_97_071118_20181125070656	Brain	0.8222
PXD047134	HFX_8018_TFU_Control-P18_03_111118_20181126072324	Brain	0.9094
PXD047134	HFX_8018_TFU_Control-P32_09_111118_20181127225006	Brain	0.9479
PXD047134	HFX_8018_TFU_Control-P41_09_071118_20181123184216	Brain	0.8728
PXD047134	HFX_8018_TFU_Control-P75_08_071118_20181124185841	Brain	0.8752
PXD047134	HFX_8018_TFU_Control-P78_06_111118_20181127194805	Brain	0.939
PXD047134	HFX_8018_TFU_Control-P94_05_111118_20181126193138	Brain	0.8307
PXD047134	HFX_8018_TFU_PD-GBA-P25_01_071118_20181125131106	Brain	0.808
PXD047134	HFX_8018_TFU_PD-GBA-P29_92_071118_20181124155640	Brain	0.936
PXD047134	HFX_8018_TFU_PD-GBA-P31_03_111118_20181129020844	Brain	0.9228
PXD047134	HFX_8018_TFU_PD-GBA-P34_06_111118_20181128075615	Brain	0.8858
PXD047134	HFX_8018_TFU_PD-GBA-P41_97_071118_20181124034830	Brain	0.9031
PXD047134	HFX_8018_TFU_PD-GBA-P44_01_071118_20181125040452	Brain	0.8184
PXD047134	HFX_8018_TFU_PD-GBA-P54_99_071118_20181124220043	Brain	0.8796
PXD047134	HFX_8018_TFU_PD-GBA-P71_04_111118_20181126102528	Brain	0.7582
PXD047134	HFX_8018_TFU_PD-P10_08_071118_20181125100901	Brain	0.7278
PXD047134	HFX_8018_TFU_PD-P14_05_071118_20181123123812	Brain	0.868
PXD047134	HFX_8018_TFU_PD-P55_07_071118_20181125191515	Brain	0.8545
PXD047134	HFX_8018_TFU_PD-P57_08_111118_20181129051046	Brain	0.898
PXD047134	HFX_8018_TFU_PD-P74_04_071118_20181123033200	Brain	0.899
PXD047134	HFX_8018_TFU_PD-P80_07_071118_20181123214420	Brain	0.7275
PXD047134	HFX_9105_TFU_Control-C01_99_140319	Brain	0.8414
PXD047134	HFX_9105_TFU_Control-C04_97_260319	Brain	0.7402
PXD047134	HFX_9105_TFU_Control-C09_94_260319	Brain	0.6135
PXD047134	HFX_9105_TFU_Control-C11_97_260319	Brain	0.7455
PXD047134	HFX_9105_TFU_Control-C4_00_140319	Brain	0.734
PXD047134	HFX_9105_TFU_Control-P18_03_200319	Brain	0.7436
PXD047134	HFX_9105_TFU_Control-P29_12_260319	Brain	0.9257
PXD047134	HFX_9105_TFU_Control-P32_09_260319	Brain	0.8777
PXD047134	HFX_9105_TFU_Control-P41_09_140319	Brain	0.7211
PXD047134	HFX_9105_TFU_Control-P43_13_260319	Brain	0.8325
PXD047134	HFX_9105_TFU_Control-P45_04_200319	Brain	0.8783
PXD047134	HFX_9105_TFU_Control-P48_15_200319	Brain	0.809
PXD047134	HFX_9105_TFU_Control-P58_10_260319	Brain	0.7845
PXD047134	HFX_9105_TFU_Control-P5_13_200319	Brain	0.7653
PXD047134	HFX_9105_TFU_Control-P64_11_200319	Brain	0.7477
PXD047134	HFX_9105_TFU_Control-P66_10_200319	Brain	0.7951
PXD047134	HFX_9105_TFU_Control-P67_10_200319	Brain	0.836
PXD047134	HFX_9105_TFU_Control-P72_07_140319	Brain	0.7167
PXD047134	HFX_9105_TFU_Control-P75_08_140319	Brain	0.7147
PXD047134	HFX_9105_TFU_Control-P78_06_140319	Brain	0.7387
PXD047134	HFX_9105_TFU_Control-P94_05_140319	Brain	0.7191
PXD047134	HFX_9105_TFU_PD-GBA-59_94_260319	Brain	0.8454
PXD047134	HFX_9105_TFU_PD-GBA-P13_97_140319	Brain	0.8105
PXD047134	HFX_9105_TFU_PD-GBA-P23_98_140319	Brain	0.7038
PXD047134	HFX_9105_TFU_PD-GBA-P25_01_260319	Brain	0.5871
PXD047134	HFX_9105_TFU_PD-GBA-P25_13_260319	Brain	0.8067
PXD047134	HFX_9105_TFU_PD-GBA-P25_98_140319	Brain	0.7962
PXD047134	HFX_9105_TFU_PD-GBA-P29_92_260319	Brain	0.7222
PXD047134	HFX_9105_TFU_PD-GBA-P31_03_140319	Brain	0.7239
PXD047134	HFX_9105_TFU_PD-GBA-P34_06_200319	Brain	0.5663
PXD047134	HFX_9105_TFU_PD-GBA-P36_01_200319	Brain	0.7577
PXD047134	HFX_9105_TFU_PD-GBA-P36_09_200319	Brain	0.9007
PXD047134	HFX_9105_TFU_PD-GBA-P40_00_200319	Brain	0.7332
PXD047134	HFX_9105_TFU_PD-GBA-P41_97_140319	Brain	0.7101
PXD047134	HFX_9105_TFU_PD-GBA-P44_01_260319	Brain	0.587
PXD047134	HFX_9105_TFU_PD-GBA-P54_13_200319	Brain	0.7299
PXD047134	HFX_9105_TFU_PD-GBA-P54_99_140319	Brain	0.7677
PXD047134	HFX_9105_TFU_PD-GBA-P67_12_260319	Brain	0.6362
PXD047134	HFX_9105_TFU_PD-GBA-P68_06_200319	Brain	0.7209
PXD047134	HFX_9105_TFU_PD-GBA-P71_04_200319	Brain	0.7966
PXD047134	HFX_9105_TFU_PD-GBA-P73_04_140319_20190320065931	Brain	0.7447
PXD047134	HFX_9105_TFU_PD-GBA-P78_11_260319	Brain	0.8189
PXD047134	HFX_9105_TFU_PD-P10_08_140319	Brain	0.828
PXD047134	HFX_9105_TFU_PD-P14_05_140319	Brain	0.7247
PXD047134	HFX_9105_TFU_PD-P16_06_260319	Brain	0.6938
PXD047134	HFX_9105_TFU_PD-P21_13_200319	Brain	0.7833
PXD047134	HFX_9105_TFU_PD-P23_10_200319	Brain	0.7291
PXD047134	HFX_9105_TFU_PD-P32_00_140319	Brain	0.6798
PXD047134	HFX_9105_TFU_PD-P32_10_200319	Brain	0.8478
PXD047134	HFX_9105_TFU_PD-P47_09_200319	Brain	0.7539
PXD047134	HFX_9105_TFU_PD-P48_09_140319	Brain	0.8571
PXD047134	HFX_9105_TFU_PD-P50_03_260319	Brain	0.7938
PXD047134	HFX_9105_TFU_PD-P54_11_260319	Brain	0.7329
PXD047134	HFX_9105_TFU_PD-P55_07_200319	Brain	0.8194
PXD047134	HFX_9105_TFU_PD-P57_08_200319	Brain	0.8744
PXD047134	HFX_9105_TFU_PD-P59_07_200319	Brain	0.6167
PXD047134	HFX_9105_TFU_PD-P61_15_260319	Brain	0.6088
PXD047134	HFX_9105_TFU_PD-P6_08_260319	Brain	0.7525
PXD047134	HFX_9105_TFU_PD-P74_04_140319	Brain	0.8524
PXD047134	HFX_9105_TFU_PD-P76_10_140319	Brain	0.7478
PXD047134	HFX_9105_TFU_PD-P79_10_260319	Brain	0.7904
PXD047134	HFX_9105_TFU_PD-P80_07_140319_20190320035727	Brain	0.62
PXD047134	HFX_9105_TFU_PD-P80_07_140319_20190323075547	Brain	0.6442
PXD047134	HFX_9105_TFU_PD-P82_05_260319	Brain	0.7841
PXD047134	HFX_9619_TFU_Control-C01_99_060619_20190620055840	Brain	0.5916
PXD047134	HFX_9619_TFU_Control-C04_97_060619_20190621011451	Brain	0.8128
PXD047134	HFX_9619_TFU_Control-C09_94_110619_20190622133921	Brain	0.8121
PXD047134	HFX_9619_TFU_Control-C11_97_060619_20190620221250	Brain	0.7912
PXD047134	HFX_9619_TFU_Control-C4_00_060619_20190619054203	Brain	0.7681
PXD047134	HFX_9619_TFU_Control-P18_03_060619_20190622043313	Brain	0.8616
PXD047134	HFX_9619_TFU_Control-P29_12_110619	Brain	0.6804
PXD047134	HFX_9619_TFU_Control-P43_13_260619	Brain	0.7413
PXD047134	HFX_9619_TFU_Control-P45_04_260619	Brain	0.6982
PXD047134	HFX_9619_TFU_Control-P48_15_260619	Brain	0.6904
PXD047134	HFX_9619_TFU_Control-P58_10_110619	Brain	0.7079
PXD047134	HFX_9619_TFU_Control-P5_13_110619_20190622103717	Brain	0.7548
PXD047134	HFX_9619_TFU_Control-P64_11_110619_20190623044931	Brain	0.8465
PXD047134	HFX_9619_TFU_Control-P66_10_260619	Brain	0.7276
PXD047134	HFX_9619_TFU_Control-P67_10_260619	Brain	0.8618
PXD047134	HFX_9619_TFU_Control-P72_07_060619_20190619114608	Brain	0.5537
PXD047134	HFX_9619_TFU_Control-P75_08_060619_20190622013113	Brain	0.6692
PXD047134	HFX_9619_TFU_Control-P78_06_110619	Brain	0.8579
PXD047134	HFX_9619_TFU_Control-P94_05_110619	Brain	0.5802
PXD047134	HFX_9619_TFU_Control-P94_05_110619_20190624235501	Brain	0.7045
PXD047134	HFX_9619_TFU_PD-GBA-59_94_110619_20190625025707	Brain	0.8212
PXD047134	HFX_9619_TFU_PD-GBA-P13_97_060619_20190619144812	Brain	0.8768
PXD047134	HFX_9619_TFU_PD-GBA-P23_98_260619	Brain	0.7658
PXD047134	HFX_9619_TFU_PD-GBA-P25_01_060619_20190619084404	Brain	0.8672
PXD047134	HFX_9619_TFU_PD-GBA-P25_13_260619	Brain	0.6766
PXD047134	HFX_9619_TFU_PD-GBA-P25_98_060619_20190620160839	Brain	0.8429
PXD047134	HFX_9619_TFU_PD-GBA-P29_92_060619_20190621192709	Brain	0.8652
PXD047134	HFX_9619_TFU_PD-GBA-P31_03_110619	Brain	0.7538
PXD047134	HFX_9619_TFU_PD-GBA-P34_06_110619_20190622164122	Brain	0.8045
PXD047134	HFX_9619_TFU_PD-GBA-P36_01_260619	Brain	0.7869
PXD047134	HFX_9619_TFU_PD-GBA-P36_09_260619	Brain	0.5778
PXD047134	HFX_9619_TFU_PD-GBA-P40_00_260619	Brain	0.7956
PXD047134	HFX_9619_TFU_PD-GBA-P41_97_060619_20190621102056	Brain	0.789
PXD047134	HFX_9619_TFU_PD-GBA-P44_01_060619_20190619024002	Brain	0.8085
PXD047134	HFX_9619_TFU_PD-GBA-P54_13_260619	Brain	0.7292
PXD047134	HFX_9619_TFU_PD-GBA-P54_99_060619_20190621132300	Brain	0.7148
PXD047134	HFX_9619_TFU_PD-GBA-P67_12_110619_20190623014726	Brain	0.6234
PXD047134	HFX_9619_TFU_PD-GBA-P68_06_110619	Brain	0.7823
PXD047134	HFX_9619_TFU_PD-GBA-P71_04_110619_20190622194323	Brain	0.779
PXD047134	HFX_9619_TFU_PD-GBA-P73_04_260619	Brain	0.7419
PXD047134	HFX_9619_TFU_PD-GBA-P78_11_110619_20190624205256	Brain	0.7481
PXD047134	HFX_9619_TFU_PD-P10_08_060619_20190619205218	Brain	0.7887
PXD047134	HFX_9619_TFU_PD-P14_05_060619_20190620025639	Brain	0.7894
PXD047134	HFX_9619_TFU_PD-P16_06_060619_20190621222913	Brain	0.8368
PXD047134	HFX_9619_TFU_PD-P21_13_110619	Brain	0.7344
PXD047134	HFX_9619_TFU_PD-P21_13_110619_20190623105334	Brain	0.6202
PXD047134	HFX_9619_TFU_PD-P23_10_260619	Brain	0.7819
PXD047134	HFX_9619_TFU_PD-P32_00_110619	Brain	0.7961
PXD047134	HFX_9619_TFU_PD-P32_10_260619	Brain	0.7502
PXD047134	HFX_9619_TFU_PD-P47_09_260619	Brain	0.701
PXD047134	HFX_9619_TFU_PD-P48_09_060619_20190621162506	Brain	0.8016
PXD047134	HFX_9619_TFU_PD-P50_03_110619	Brain	0.5907
PXD047134	HFX_9619_TFU_PD-P54_11_260619	Brain	0.7155
PXD047134	HFX_9619_TFU_PD-P55_07_060619_20190619175015	Brain	0.7374
PXD047134	HFX_9619_TFU_PD-P57_08_110619_20190622224525	Brain	0.7921
PXD047134	HFX_9619_TFU_PD-P59_07_110619	Brain	0.6514
PXD047134	HFX_9619_TFU_PD-P61_15_260619	Brain	0.7141
PXD047134	HFX_9619_TFU_PD-P6_08_110619	Brain	0.605
PXD047134	HFX_9619_TFU_PD-P6_08_110619_20190624175052	Brain	0.6959
PXD047134	HFX_9619_TFU_PD-P74_04_060619_20190620191044	Brain	0.6292
PXD047134	HFX_9619_TFU_PD-P76_10_260619	Brain	0.7892
PXD047134	HFX_9619_TFU_PD-P79_10_260619	Brain	0.6992
PXD047134	HFX_9619_TFU_PD-P80_07_060619_20190621041654	Brain	0.8416
PXD047134	HFX_9619_TFU_PD-P82_05_110619	Brain	0.8875
PXD047134	HFX_New-pool_10401_TFU_03_051219	Brain	0.9155
PXD047324	Erika_Synaptic_Proteomics_BA40_TMTset1_500ugIPG3-10_fr01	Brain	0.568
PXD047324	Erika_Synaptic_Proteomics_BA40_TMTset1_500ugIPG3-10_fr02	Brain	0.5892
PXD047324	Erika_Synaptic_Proteomics_BA40_TMTset1_500ugIPG3-10_fr03	Brain	0.6193
PXD047324	Erika_Synaptic_Proteomics_BA40_TMTset1_500ugIPG3-10_fr04	Brain	0.6073
PXD047324	Erika_Synaptic_Proteomics_BA40_TMTset1_500ugIPG3-10_fr05	Brain	0.5235
PXD047324	Erika_Synaptic_Proteomics_BA40_TMTset1_500ugIPG3-10_fr06	Brain	0.5548
PXD047324	Erika_Synaptic_Proteomics_BA40_TMTset1_500ugIPG3-10_fr07	Brain	0.5525
PXD047324	Erika_Synaptic_Proteomics_BA40_TMTset1_500ugIPG3-10_fr08	Brain	0.3378
PXD047324	Erika_Synaptic_Proteomics_BA40_TMTset1_500ugIPG3-10_fr09	Brain	0.6428
PXD047324	Erika_Synaptic_Proteomics_BA40_TMTset1_500ugIPG3-10_fr10	Brain	0.5279
PXD047324	Erika_Synaptic_Proteomics_BA40_TMTset1_500ugIPG3-10_fr11	Brain	0.5325
PXD047324	Erika_Synaptic_Proteomics_BA40_TMTset1_500ugIPG3-10_fr12	Brain	0.4793
PXD047324	Erika_Synaptic_Proteomics_BA40_TMTset1_500ugIPG3-10_fr13	Brain	0.3886
PXD047324	Erika_Synaptic_Proteomics_BA40_TMTset1_500ugIPG3-10_fr14	Brain	0.4201
PXD047324	Erika_Synaptic_Proteomics_BA40_TMTset1_500ugIPG3-10_fr15	Brain	0.5637
PXD047324	Erika_Synaptic_Proteomics_BA40_TMTset1_500ugIPG3-10_fr16	Brain	0.541
PXD047324	Erika_Synaptic_Proteomics_BA40_TMTset1_500ugIPG3-10_fr17	Brain	0.3836
PXD047324	Erika_Synaptic_Proteomics_BA40_TMTset1_500ugIPG3-10_fr18	Brain	0.4853
PXD047324	Erika_Synaptic_Proteomics_BA40_TMTset1_500ugIPG3-10_fr19	Brain	0.3439
PXD047324	Erika_Synaptic_Proteomics_BA40_TMTset1_500ugIPG3-10_fr20	Brain	0.3051
PXD047324	Erika_Synaptic_Proteomics_BA40_TMTset1_500ugIPG3-10_fr23	Brain	0.3145
PXD047324	Erika_Synaptic_Proteomics_BA40_TMTset1_500ugIPG3-10_fr26	Brain	0.3872
PXD047324	Erika_Synaptic_Proteomics_BA40_TMTset1_500ugIPG3-10_fr27	Brain	0.3916
PXD047324	Erika_Synaptic_Proteomics_BA40_TMTset1_500ugIPG3-10_fr28	Brain	0.4209
PXD047324	Erika_Synaptic_Proteomics_BA40_TMTset1_500ugIPG3-10_fr29	Brain	0.6263
PXD047324	Erika_Synaptic_Proteomics_BA40_TMTset1_500ugIPG3-10_fr30	Brain	0.5055
PXD047324	Erika_Synaptic_Proteomics_BA40_TMTset1_500ugIPG3-10_fr32	Brain	0.4856
PXD047324	Erika_Synaptic_Proteomics_BA40_TMTset1_500ugIPG3-10_fr34	Brain	0.5042
PXD047324	Erika_Synaptic_Proteomics_BA40_TMTset1_500ugIPG3-10_fr37	Brain	0.4129
PXD047324	Erika_Synaptic_Proteomics_BA40_TMTset1_500ugIPG3-10_fr38	Brain	0.4109
PXD047324	Erika_Synaptic_Proteomics_BA40_TMTset1_500ugIPG3-10_fr39	Brain	0.5764
PXD047324	Erika_Synaptic_Proteomics_BA40_TMTset1_500ugIPG3-10_fr40	Brain	0.5886
PXD047324	Erika_Synaptic_Proteomics_BA40_TMTset1_500ugIPG3-10_fr41	Brain	0.5459
PXD047324	Erika_Synaptic_Proteomics_BA40_TMTset1_500ugIPG3-10_fr43	Brain	0.4883
PXD047324	Erika_Synaptic_Proteomics_BA40_TMTset1_500ugIPG3-10_fr44	Brain	0.3871
PXD047324	Erika_Synaptic_Proteomics_BA40_TMTset1_500ugIPG3-10_fr45	Brain	0.4996
PXD047324	Erika_Synaptic_Proteomics_BA40_TMTset1_500ugIPG3-10_fr46	Brain	0.6095
PXD047324	Erika_Synaptic_Proteomics_BA40_TMTset1_500ugIPG3-10_fr51	Brain	0.5568
PXD047324	Erika_Synaptic_Proteomics_BA40_TMTset1_500ugIPG3-10_fr52	Brain	0.5725
PXD047324	Erika_Synaptic_Proteomics_BA40_TMTset1_500ugIPG3-10_fr53	Brain	0.5654
PXD047324	Erika_Synaptic_Proteomics_BA40_TMTset1_500ugIPG3-10_fr54	Brain	0.5533
PXD047324	Erika_Synaptic_Proteomics_BA40_TMTset1_500ugIPG3-10_fr55	Brain	0.3425
PXD047324	Erika_Synaptic_Proteomics_BA40_TMTset1_500ugIPG3-10_fr56	Brain	0.4671
PXD047324	Erika_Synaptic_Proteomics_BA40_TMTset1_500ugIPG3-10_fr57	Brain	0.577
PXD047324	Erika_Synaptic_Proteomics_BA40_TMTset1_500ugIPG3-10_fr60	Brain	0.3347
PXD047324	Erika_Synaptic_Proteomics_BA40_TMTset1_500ugIPG3-10_fr63	Brain	0.4011
PXD047324	Erika_Synaptic_Proteomics_BA40_TMTset1_500ugIPG3-10_fr66	Brain	0.3903
PXD047324	Erika_Synaptic_Proteomics_BA40_TMTset1_500ugIPG3-10_fr67	Brain	0.5737
PXD047324	Erika_Synaptic_Proteomics_BA40_TMTset1_500ugIPG3-10_fr69	Brain	0.5674
PXD047324	Erika_Synaptic_Proteomics_BA40_TMTset1_500ugIPG3-10_fr70	Brain	0.4503
PXD047324	Erika_Synaptic_Proteomics_BA40_TMTset1_500ugIPG3-10_fr71	Brain	0.486
PXD047324	Erika_Synaptic_Proteomics_BA40_TMTset1_500ugIPG3-10_fr72	Brain	0.5426
PXD047324	Erika_Synaptic_Proteomics_BA40_TMTset2_500ugIPG3-10_fr01	Brain	0.5964
PXD047324	Erika_Synaptic_Proteomics_BA40_TMTset2_500ugIPG3-10_fr02	Brain	0.5953
PXD047324	Erika_Synaptic_Proteomics_BA40_TMTset2_500ugIPG3-10_fr03	Brain	0.7037
PXD047324	Erika_Synaptic_Proteomics_BA40_TMTset2_500ugIPG3-10_fr04	Brain	0.5301
PXD047324	Erika_Synaptic_Proteomics_BA40_TMTset2_500ugIPG3-10_fr05	Brain	0.5251
PXD047324	Erika_Synaptic_Proteomics_BA40_TMTset2_500ugIPG3-10_fr06	Brain	0.597
PXD047324	Erika_Synaptic_Proteomics_BA40_TMTset2_500ugIPG3-10_fr07	Brain	0.3587
PXD047324	Erika_Synaptic_Proteomics_BA40_TMTset2_500ugIPG3-10_fr09	Brain	0.4267
PXD047324	Erika_Synaptic_Proteomics_BA40_TMTset2_500ugIPG3-10_fr10	Brain	0.4876
PXD047324	Erika_Synaptic_Proteomics_BA40_TMTset2_500ugIPG3-10_fr11	Brain	0.4136
PXD047324	Erika_Synaptic_Proteomics_BA40_TMTset2_500ugIPG3-10_fr12	Brain	0.461
PXD047324	Erika_Synaptic_Proteomics_BA40_TMTset2_500ugIPG3-10_fr13	Brain	0.5233
PXD047324	Erika_Synaptic_Proteomics_BA40_TMTset2_500ugIPG3-10_fr14	Brain	0.4334
PXD047324	Erika_Synaptic_Proteomics_BA40_TMTset2_500ugIPG3-10_fr15	Brain	0.4449
PXD047324	Erika_Synaptic_Proteomics_BA40_TMTset2_500ugIPG3-10_fr16	Brain	0.4058
PXD047324	Erika_Synaptic_Proteomics_BA40_TMTset2_500ugIPG3-10_fr17	Brain	0.4671
PXD047324	Erika_Synaptic_Proteomics_BA40_TMTset2_500ugIPG3-10_fr18	Brain	0.5254
PXD047324	Erika_Synaptic_Proteomics_BA40_TMTset2_500ugIPG3-10_fr19	Brain	0.3482
PXD047324	Erika_Synaptic_Proteomics_BA40_TMTset2_500ugIPG3-10_fr20	Brain	0.4774
PXD047324	Erika_Synaptic_Proteomics_BA40_TMTset2_500ugIPG3-10_fr25	Brain	0.4047
PXD047324	Erika_Synaptic_Proteomics_BA40_TMTset2_500ugIPG3-10_fr26	Brain	0.3793
PXD047324	Erika_Synaptic_Proteomics_BA40_TMTset2_500ugIPG3-10_fr27	Brain	0.3584
PXD047324	Erika_Synaptic_Proteomics_BA40_TMTset2_500ugIPG3-10_fr28	Brain	0.5994
PXD047324	Erika_Synaptic_Proteomics_BA40_TMTset2_500ugIPG3-10_fr29	Brain	0.6488
PXD047324	Erika_Synaptic_Proteomics_BA40_TMTset2_500ugIPG3-10_fr30	Brain	0.5052
PXD047324	Erika_Synaptic_Proteomics_BA40_TMTset2_500ugIPG3-10_fr31	Brain	0.5722
PXD047324	Erika_Synaptic_Proteomics_BA40_TMTset2_500ugIPG3-10_fr32	Brain	0.4118
PXD047324	Erika_Synaptic_Proteomics_BA40_TMTset2_500ugIPG3-10_fr37	Brain	0.3979
PXD047324	Erika_Synaptic_Proteomics_BA40_TMTset2_500ugIPG3-10_fr38	Brain	0.4893
PXD047324	Erika_Synaptic_Proteomics_BA40_TMTset2_500ugIPG3-10_fr39	Brain	0.4664
PXD047324	Erika_Synaptic_Proteomics_BA40_TMTset2_500ugIPG3-10_fr40	Brain	0.3604
PXD047324	Erika_Synaptic_Proteomics_BA40_TMTset2_500ugIPG3-10_fr41	Brain	0.5579
PXD047324	Erika_Synaptic_Proteomics_BA40_TMTset2_500ugIPG3-10_fr42	Brain	0.6123
PXD047324	Erika_Synaptic_Proteomics_BA40_TMTset2_500ugIPG3-10_fr43	Brain	0.4901
PXD047324	Erika_Synaptic_Proteomics_BA40_TMTset2_500ugIPG3-10_fr44	Brain	0.351
PXD047324	Erika_Synaptic_Proteomics_BA40_TMTset2_500ugIPG3-10_fr45	Brain	0.6804
PXD047324	Erika_Synaptic_Proteomics_BA40_TMTset2_500ugIPG3-10_fr46	Brain	0.4871
PXD047324	Erika_Synaptic_Proteomics_BA40_TMTset2_500ugIPG3-10_fr47	Brain	0.5434
PXD047324	Erika_Synaptic_Proteomics_BA40_TMTset2_500ugIPG3-10_fr48	Brain	0.4342
PXD047324	Erika_Synaptic_Proteomics_BA40_TMTset2_500ugIPG3-10_fr51	Brain	0.4098
PXD047324	Erika_Synaptic_Proteomics_BA40_TMTset2_500ugIPG3-10_fr52	Brain	0.5078
PXD047324	Erika_Synaptic_Proteomics_BA40_TMTset2_500ugIPG3-10_fr53	Brain	0.5468
PXD047324	Erika_Synaptic_Proteomics_BA40_TMTset2_500ugIPG3-10_fr54	Brain	0.6386
PXD047324	Erika_Synaptic_Proteomics_BA40_TMTset2_500ugIPG3-10_fr55	Brain	0.478
PXD047324	Erika_Synaptic_Proteomics_BA40_TMTset2_500ugIPG3-10_fr56	Brain	0.42
PXD047324	Erika_Synaptic_Proteomics_BA40_TMTset2_500ugIPG3-10_fr58	Brain	0.4491
PXD047324	Erika_Synaptic_Proteomics_BA40_TMTset2_500ugIPG3-10_fr63	Brain	0.3416
PXD047324	Erika_Synaptic_Proteomics_BA40_TMTset2_500ugIPG3-10_fr67	Brain	0.3896
PXD047324	Erika_Synaptic_Proteomics_BA40_TMTset2_500ugIPG3-10_fr70	Brain	0.4652
PXD047324	Erika_Synaptic_Proteomics_BA40_TMTset2_500ugIPG3-10_fr71	Brain	0.3403
PXD047324	Erika_Synaptic_Proteomics_BA40_TMTset2_500ugIPG3-10_fr72	Brain	0.3607
PXD047324	Erika_Synaptic_Proteomics_BA40_TMTset3_500ugIPG3-10_fr01	Brain	0.5318
PXD047324	Erika_Synaptic_Proteomics_BA40_TMTset3_500ugIPG3-10_fr01b	Brain	0.5542
PXD047324	Erika_Synaptic_Proteomics_BA40_TMTset3_500ugIPG3-10_fr02	Brain	0.6266
PXD047324	Erika_Synaptic_Proteomics_BA40_TMTset3_500ugIPG3-10_fr02b	Brain	0.5252
PXD047324	Erika_Synaptic_Proteomics_BA40_TMTset3_500ugIPG3-10_fr03	Brain	0.7112
PXD047324	Erika_Synaptic_Proteomics_BA40_TMTset3_500ugIPG3-10_fr03b	Brain	0.6845
PXD047324	Erika_Synaptic_Proteomics_BA40_TMTset3_500ugIPG3-10_fr04	Brain	0.5878
PXD047324	Erika_Synaptic_Proteomics_BA40_TMTset3_500ugIPG3-10_fr04b	Brain	0.6326
PXD047324	Erika_Synaptic_Proteomics_BA40_TMTset3_500ugIPG3-10_fr05	Brain	0.5576
PXD047324	Erika_Synaptic_Proteomics_BA40_TMTset3_500ugIPG3-10_fr05b	Brain	0.3309
PXD047324	Erika_Synaptic_Proteomics_BA40_TMTset3_500ugIPG3-10_fr06	Brain	0.5238
PXD047324	Erika_Synaptic_Proteomics_BA40_TMTset3_500ugIPG3-10_fr06b	Brain	0.4907
PXD047324	Erika_Synaptic_Proteomics_BA40_TMTset3_500ugIPG3-10_fr07	Brain	0.539
PXD047324	Erika_Synaptic_Proteomics_BA40_TMTset3_500ugIPG3-10_fr07b	Brain	0.4226
PXD047324	Erika_Synaptic_Proteomics_BA40_TMTset3_500ugIPG3-10_fr08	Brain	0.3195
PXD047324	Erika_Synaptic_Proteomics_BA40_TMTset3_500ugIPG3-10_fr08b	Brain	0.3717
PXD047324	Erika_Synaptic_Proteomics_BA40_TMTset3_500ugIPG3-10_fr09	Brain	0.4396
PXD047324	Erika_Synaptic_Proteomics_BA40_TMTset3_500ugIPG3-10_fr09b	Brain	0.4466
PXD047324	Erika_Synaptic_Proteomics_BA40_TMTset3_500ugIPG3-10_fr10	Brain	0.5219
PXD047324	Erika_Synaptic_Proteomics_BA40_TMTset3_500ugIPG3-10_fr10b	Brain	0.4283
PXD047324	Erika_Synaptic_Proteomics_BA40_TMTset3_500ugIPG3-10_fr11	Brain	0.5567
PXD047324	Erika_Synaptic_Proteomics_BA40_TMTset3_500ugIPG3-10_fr11b	Brain	0.5659
PXD047324	Erika_Synaptic_Proteomics_BA40_TMTset3_500ugIPG3-10_fr12	Brain	0.531
PXD047324	Erika_Synaptic_Proteomics_BA40_TMTset3_500ugIPG3-10_fr12b	Brain	0.5921
PXD047324	Erika_Synaptic_Proteomics_BA40_TMTset3_500ugIPG3-10_fr13	Brain	0.6012
PXD047324	Erika_Synaptic_Proteomics_BA40_TMTset3_500ugIPG3-10_fr13b	Brain	0.4893
PXD047324	Erika_Synaptic_Proteomics_BA40_TMTset3_500ugIPG3-10_fr14	Brain	0.4209
PXD047324	Erika_Synaptic_Proteomics_BA40_TMTset3_500ugIPG3-10_fr14b	Brain	0.5031
PXD047324	Erika_Synaptic_Proteomics_BA40_TMTset3_500ugIPG3-10_fr15b	Brain	0.3522
PXD047324	Erika_Synaptic_Proteomics_BA40_TMTset3_500ugIPG3-10_fr16	Brain	0.5559
PXD047324	Erika_Synaptic_Proteomics_BA40_TMTset3_500ugIPG3-10_fr17	Brain	0.38
PXD047324	Erika_Synaptic_Proteomics_BA40_TMTset3_500ugIPG3-10_fr18	Brain	0.5795
PXD047324	Erika_Synaptic_Proteomics_BA40_TMTset3_500ugIPG3-10_fr21	Brain	0.414
PXD047324	Erika_Synaptic_Proteomics_BA40_TMTset3_500ugIPG3-10_fr23	Brain	0.3385
PXD047324	Erika_Synaptic_Proteomics_BA40_TMTset3_500ugIPG3-10_fr25	Brain	0.3295
PXD047324	Erika_Synaptic_Proteomics_BA40_TMTset3_500ugIPG3-10_fr26	Brain	0.3543
PXD047324	Erika_Synaptic_Proteomics_BA40_TMTset3_500ugIPG3-10_fr27	Brain	0.3688
PXD047324	Erika_Synaptic_Proteomics_BA40_TMTset3_500ugIPG3-10_fr28	Brain	0.4302
PXD047324	Erika_Synaptic_Proteomics_BA40_TMTset3_500ugIPG3-10_fr29	Brain	0.5486
PXD047324	Erika_Synaptic_Proteomics_BA40_TMTset3_500ugIPG3-10_fr30	Brain	0.3919
PXD047324	Erika_Synaptic_Proteomics_BA40_TMTset3_500ugIPG3-10_fr37	Brain	0.5702
PXD047324	Erika_Synaptic_Proteomics_BA40_TMTset3_500ugIPG3-10_fr38	Brain	0.5441
PXD047324	Erika_Synaptic_Proteomics_BA40_TMTset3_500ugIPG3-10_fr39	Brain	0.6062
PXD047324	Erika_Synaptic_Proteomics_BA40_TMTset3_500ugIPG3-10_fr40	Brain	0.4281
PXD047324	Erika_Synaptic_Proteomics_BA40_TMTset3_500ugIPG3-10_fr41	Brain	0.6592
PXD047324	Erika_Synaptic_Proteomics_BA40_TMTset3_500ugIPG3-10_fr42	Brain	0.3411
PXD047324	Erika_Synaptic_Proteomics_BA40_TMTset3_500ugIPG3-10_fr47	Brain	0.3425
PXD047324	Erika_Synaptic_Proteomics_BA40_TMTset3_500ugIPG3-10_fr51	Brain	0.4752
PXD047324	Erika_Synaptic_Proteomics_BA40_TMTset3_500ugIPG3-10_fr63	Brain	0.3453
PXD047324	Erika_Synaptic_Proteomics_BA40_TMTset3_500ugIPG3-10_fr67	Brain	0.3195
PXD047324	Erika_Synaptic_Proteomics_BA40_TMTset3_500ugIPG3-10_fr68	Brain	0.3138
PXD047324	Erika_Synaptic_Proteomics_BA40_TMTset3_500ugIPG3-10_fr70	Brain	0.3063
PXD047324	Erika_Synaptic_Proteomics_BA40_TMTset3_500ugIPG3-10_fr71	Brain	0.4195
PXD047324	Erika_Synaptic_Proteomics_BA40_TMTset3_500ugIPG3-10_fr72	Brain	0.434
PXD047324	Erika_Synaptic_Proteomics_BA40_TMTset4_500ugIPG3-10_fr01	Brain	0.4538
PXD047324	Erika_Synaptic_Proteomics_BA40_TMTset4_500ugIPG3-10_fr01b	Brain	0.6513
PXD047324	Erika_Synaptic_Proteomics_BA40_TMTset4_500ugIPG3-10_fr02	Brain	0.5807
PXD047324	Erika_Synaptic_Proteomics_BA40_TMTset4_500ugIPG3-10_fr02b	Brain	0.7231
PXD047324	Erika_Synaptic_Proteomics_BA40_TMTset4_500ugIPG3-10_fr03	Brain	0.6912
PXD047324	Erika_Synaptic_Proteomics_BA40_TMTset4_500ugIPG3-10_fr03b	Brain	0.6564
PXD047324	Erika_Synaptic_Proteomics_BA40_TMTset4_500ugIPG3-10_fr04	Brain	0.6115
PXD047324	Erika_Synaptic_Proteomics_BA40_TMTset4_500ugIPG3-10_fr04b	Brain	0.7017
PXD047324	Erika_Synaptic_Proteomics_BA40_TMTset4_500ugIPG3-10_fr05	Brain	0.4191
PXD047324	Erika_Synaptic_Proteomics_BA40_TMTset4_500ugIPG3-10_fr05b	Brain	0.4721
PXD047324	Erika_Synaptic_Proteomics_BA40_TMTset4_500ugIPG3-10_fr06	Brain	0.4293
PXD047324	Erika_Synaptic_Proteomics_BA40_TMTset4_500ugIPG3-10_fr06b	Brain	0.522
PXD047324	Erika_Synaptic_Proteomics_BA40_TMTset4_500ugIPG3-10_fr07	Brain	0.478
PXD047324	Erika_Synaptic_Proteomics_BA40_TMTset4_500ugIPG3-10_fr07b	Brain	0.5728
PXD047324	Erika_Synaptic_Proteomics_BA40_TMTset4_500ugIPG3-10_fr08	Brain	0.3164
PXD047324	Erika_Synaptic_Proteomics_BA40_TMTset4_500ugIPG3-10_fr08b	Brain	0.3268
PXD047324	Erika_Synaptic_Proteomics_BA40_TMTset4_500ugIPG3-10_fr09	Brain	0.4028
PXD047324	Erika_Synaptic_Proteomics_BA40_TMTset4_500ugIPG3-10_fr09b	Brain	0.4045
PXD047324	Erika_Synaptic_Proteomics_BA40_TMTset4_500ugIPG3-10_fr10	Brain	0.4002
PXD047324	Erika_Synaptic_Proteomics_BA40_TMTset4_500ugIPG3-10_fr10b	Brain	0.5228
PXD047324	Erika_Synaptic_Proteomics_BA40_TMTset4_500ugIPG3-10_fr11	Brain	0.4819
PXD047324	Erika_Synaptic_Proteomics_BA40_TMTset4_500ugIPG3-10_fr11b	Brain	0.5389
PXD047324	Erika_Synaptic_Proteomics_BA40_TMTset4_500ugIPG3-10_fr12	Brain	0.5061
PXD047324	Erika_Synaptic_Proteomics_BA40_TMTset4_500ugIPG3-10_fr12b	Brain	0.5
PXD047324	Erika_Synaptic_Proteomics_BA40_TMTset4_500ugIPG3-10_fr13	Brain	0.3684
PXD047324	Erika_Synaptic_Proteomics_BA40_TMTset4_500ugIPG3-10_fr13b	Brain	0.4598
PXD047324	Erika_Synaptic_Proteomics_BA40_TMTset4_500ugIPG3-10_fr14	Brain	0.5194
PXD047324	Erika_Synaptic_Proteomics_BA40_TMTset4_500ugIPG3-10_fr14b	Brain	0.3999
PXD047324	Erika_Synaptic_Proteomics_BA40_TMTset4_500ugIPG3-10_fr15	Brain	0.3268
PXD047324	Erika_Synaptic_Proteomics_BA40_TMTset4_500ugIPG3-10_fr15b	Brain	0.61
PXD047324	Erika_Synaptic_Proteomics_BA40_TMTset4_500ugIPG3-10_fr16	Brain	0.6227
PXD047324	Erika_Synaptic_Proteomics_BA40_TMTset4_500ugIPG3-10_fr16b	Brain	0.5134
PXD047324	Erika_Synaptic_Proteomics_BA40_TMTset4_500ugIPG3-10_fr17	Brain	0.4402
PXD047324	Erika_Synaptic_Proteomics_BA40_TMTset4_500ugIPG3-10_fr18	Brain	0.5636
PXD047324	Erika_Synaptic_Proteomics_BA40_TMTset4_500ugIPG3-10_fr19	Brain	0.5226
PXD047324	Erika_Synaptic_Proteomics_BA40_TMTset4_500ugIPG3-10_fr20	Brain	0.5957
PXD047324	Erika_Synaptic_Proteomics_BA40_TMTset4_500ugIPG3-10_fr21	Brain	0.4408
PXD047324	Erika_Synaptic_Proteomics_BA40_TMTset4_500ugIPG3-10_fr23	Brain	0.3082
PXD047324	Erika_Synaptic_Proteomics_BA40_TMTset4_500ugIPG3-10_fr24	Brain	0.3124
PXD047324	Erika_Synaptic_Proteomics_BA40_TMTset4_500ugIPG3-10_fr28	Brain	0.404
PXD047324	Erika_Synaptic_Proteomics_BA40_TMTset4_500ugIPG3-10_fr29	Brain	0.6186
PXD047324	Erika_Synaptic_Proteomics_BA40_TMTset4_500ugIPG3-10_fr30	Brain	0.5894
PXD047324	Erika_Synaptic_Proteomics_BA40_TMTset4_500ugIPG3-10_fr31	Brain	0.5495
PXD047324	Erika_Synaptic_Proteomics_BA40_TMTset4_500ugIPG3-10_fr32	Brain	0.6715
PXD047324	Erika_Synaptic_Proteomics_BA40_TMTset4_500ugIPG3-10_fr33	Brain	0.4324
PXD047324	Erika_Synaptic_Proteomics_BA40_TMTset4_500ugIPG3-10_fr36	Brain	0.5605
PXD047324	Erika_Synaptic_Proteomics_BA40_TMTset4_500ugIPG3-10_fr37	Brain	0.585
PXD047324	Erika_Synaptic_Proteomics_BA40_TMTset4_500ugIPG3-10_fr38	Brain	0.3629
PXD047324	Erika_Synaptic_Proteomics_BA40_TMTset4_500ugIPG3-10_fr39	Brain	0.4816
PXD047324	Erika_Synaptic_Proteomics_BA40_TMTset4_500ugIPG3-10_fr40	Brain	0.4455
PXD047324	Erika_Synaptic_Proteomics_BA40_TMTset4_500ugIPG3-10_fr41	Brain	0.4605
PXD047324	Erika_Synaptic_Proteomics_BA40_TMTset4_500ugIPG3-10_fr42	Brain	0.4783
PXD047324	Erika_Synaptic_Proteomics_BA40_TMTset4_500ugIPG3-10_fr43	Brain	0.3415
PXD047324	Erika_Synaptic_Proteomics_BA40_TMTset4_500ugIPG3-10_fr44	Brain	0.3441
PXD047324	Erika_Synaptic_Proteomics_BA40_TMTset4_500ugIPG3-10_fr45	Brain	0.3766
PXD047324	Erika_Synaptic_Proteomics_BA40_TMTset4_500ugIPG3-10_fr46	Brain	0.5097
PXD047324	Erika_Synaptic_Proteomics_BA40_TMTset4_500ugIPG3-10_fr47	Brain	0.317
PXD047324	Erika_Synaptic_Proteomics_BA40_TMTset4_500ugIPG3-10_fr51	Brain	0.6132
PXD047324	Erika_Synaptic_Proteomics_BA40_TMTset4_500ugIPG3-10_fr52	Brain	0.3462
PXD047324	Erika_Synaptic_Proteomics_BA40_TMTset4_500ugIPG3-10_fr53	Brain	0.3952
PXD047324	Erika_Synaptic_Proteomics_BA40_TMTset4_500ugIPG3-10_fr54	Brain	0.4208
PXD047324	Erika_Synaptic_Proteomics_BA40_TMTset4_500ugIPG3-10_fr55	Brain	0.4587
PXD047324	Erika_Synaptic_Proteomics_BA40_TMTset4_500ugIPG3-10_fr57	Brain	0.5512
PXD047324	Erika_Synaptic_Proteomics_BA40_TMTset4_500ugIPG3-10_fr63	Brain	0.324
PXD047324	Erika_Synaptic_Proteomics_BA40_TMTset4_500ugIPG3-10_fr64	Brain	0.3485
PXD047324	Erika_Synaptic_Proteomics_BA40_TMTset4_500ugIPG3-10_fr66	Brain	0.3564
PXD047324	Erika_Synaptic_Proteomics_BA40_TMTset4_500ugIPG3-10_fr67	Brain	0.4287
PXD047324	Erika_Synaptic_Proteomics_BA40_TMTset4_500ugIPG3-10_fr68	Brain	0.6205
PXD047324	Erika_Synaptic_Proteomics_BA40_TMTset4_500ugIPG3-10_fr69	Brain	0.5833
PXD047324	Erika_Synaptic_Proteomics_BA40_TMTset4_500ugIPG3-10_fr70	Brain	0.6003
PXD047324	Erika_Synaptic_Proteomics_BA40_TMTset4_500ugIPG3-10_fr71	Brain	0.6107
PXD047324	Erika_Synaptic_Proteomics_BA40_TMTset4_500ugIPG3-10_fr72	Brain	0.5628
PXD047324	Erika_synaptic-proteomics_BA24_TMT_set1_500ugIPG3-10_fr01	Brain	0.5343
PXD047324	Erika_synaptic-proteomics_BA24_TMT_set1_500ugIPG3-10_fr02	Brain	0.5955
PXD047324	Erika_synaptic-proteomics_BA24_TMT_set1_500ugIPG3-10_fr03	Brain	0.518
PXD047324	Erika_synaptic-proteomics_BA24_TMT_set1_500ugIPG3-10_fr04	Brain	0.4016
PXD047324	Erika_synaptic-proteomics_BA24_TMT_set1_500ugIPG3-10_fr05	Brain	0.502
PXD047324	Erika_synaptic-proteomics_BA24_TMT_set1_500ugIPG3-10_fr06	Brain	0.4394
PXD047324	Erika_synaptic-proteomics_BA24_TMT_set1_500ugIPG3-10_fr07	Brain	0.3451
PXD047324	Erika_synaptic-proteomics_BA24_TMT_set1_500ugIPG3-10_fr08	Brain	0.5007
PXD047324	Erika_synaptic-proteomics_BA24_TMT_set1_500ugIPG3-10_fr09	Brain	0.5281
PXD047324	Erika_synaptic-proteomics_BA24_TMT_set1_500ugIPG3-10_fr10	Brain	0.4493
PXD047324	Erika_synaptic-proteomics_BA24_TMT_set1_500ugIPG3-10_fr11	Brain	0.4417
PXD047324	Erika_synaptic-proteomics_BA24_TMT_set1_500ugIPG3-10_fr12	Brain	0.4103
PXD047324	Erika_synaptic-proteomics_BA24_TMT_set1_500ugIPG3-10_fr13	Brain	0.5353
PXD047324	Erika_synaptic-proteomics_BA24_TMT_set1_500ugIPG3-10_fr14	Brain	0.4547
PXD047324	Erika_synaptic-proteomics_BA24_TMT_set1_500ugIPG3-10_fr15	Brain	0.5377
PXD047324	Erika_synaptic-proteomics_BA24_TMT_set1_500ugIPG3-10_fr16	Brain	0.3676
PXD047324	Erika_synaptic-proteomics_BA24_TMT_set1_500ugIPG3-10_fr17	Brain	0.3632
PXD047324	Erika_synaptic-proteomics_BA24_TMT_set1_500ugIPG3-10_fr18	Brain	0.5612
PXD047324	Erika_synaptic-proteomics_BA24_TMT_set1_500ugIPG3-10_fr19	Brain	0.3164
PXD047324	Erika_synaptic-proteomics_BA24_TMT_set1_500ugIPG3-10_fr20	Brain	0.3482
PXD047324	Erika_synaptic-proteomics_BA24_TMT_set1_500ugIPG3-10_fr26	Brain	0.3797
PXD047324	Erika_synaptic-proteomics_BA24_TMT_set1_500ugIPG3-10_fr27	Brain	0.3044
PXD047324	Erika_synaptic-proteomics_BA24_TMT_set1_500ugIPG3-10_fr28	Brain	0.3984
PXD047324	Erika_synaptic-proteomics_BA24_TMT_set1_500ugIPG3-10_fr31	Brain	0.3357
PXD047324	Erika_synaptic-proteomics_BA24_TMT_set1_500ugIPG3-10_fr37	Brain	0.4698
PXD047324	Erika_synaptic-proteomics_BA24_TMT_set1_500ugIPG3-10_fr38	Brain	0.3514
PXD047324	Erika_synaptic-proteomics_BA24_TMT_set1_500ugIPG3-10_fr39	Brain	0.4374
PXD047324	Erika_synaptic-proteomics_BA24_TMT_set1_500ugIPG3-10_fr40	Brain	0.5036
PXD047324	Erika_synaptic-proteomics_BA24_TMT_set1_500ugIPG3-10_fr41	Brain	0.5012
PXD047324	Erika_synaptic-proteomics_BA24_TMT_set1_500ugIPG3-10_fr42	Brain	0.4292
PXD047324	Erika_synaptic-proteomics_BA24_TMT_set1_500ugIPG3-10_fr48	Brain	0.5027
PXD047324	Erika_synaptic-proteomics_BA24_TMT_set1_500ugIPG3-10_fr53	Brain	0.5828
PXD047324	Erika_synaptic-proteomics_BA24_TMT_set1_500ugIPG3-10_fr54	Brain	0.3106
PXD047324	Erika_synaptic-proteomics_BA24_TMT_set1_500ugIPG3-10_fr55	Brain	0.3101
PXD047324	Erika_synaptic-proteomics_BA24_TMT_set1_500ugIPG3-10_fr71	Brain	0.3005
PXD047324	Erika_synaptic-proteomics_BA24_TMT_set2_500ugIPG3-10_fr01	Brain	0.4942
PXD047324	Erika_synaptic-proteomics_BA24_TMT_set2_500ugIPG3-10_fr02	Brain	0.5956
PXD047324	Erika_synaptic-proteomics_BA24_TMT_set2_500ugIPG3-10_fr03	Brain	0.4376
PXD047324	Erika_synaptic-proteomics_BA24_TMT_set2_500ugIPG3-10_fr04	Brain	0.4174
PXD047324	Erika_synaptic-proteomics_BA24_TMT_set2_500ugIPG3-10_fr05	Brain	0.4624
PXD047324	Erika_synaptic-proteomics_BA24_TMT_set2_500ugIPG3-10_fr06	Brain	0.4293
PXD047324	Erika_synaptic-proteomics_BA24_TMT_set2_500ugIPG3-10_fr07	Brain	0.3231
PXD047324	Erika_synaptic-proteomics_BA24_TMT_set2_500ugIPG3-10_fr08	Brain	0.4848
PXD047324	Erika_synaptic-proteomics_BA24_TMT_set2_500ugIPG3-10_fr09	Brain	0.479
PXD047324	Erika_synaptic-proteomics_BA24_TMT_set2_500ugIPG3-10_fr10	Brain	0.4006
PXD047324	Erika_synaptic-proteomics_BA24_TMT_set2_500ugIPG3-10_fr11	Brain	0.5862
PXD047324	Erika_synaptic-proteomics_BA24_TMT_set2_500ugIPG3-10_fr12	Brain	0.5667
PXD047324	Erika_synaptic-proteomics_BA24_TMT_set2_500ugIPG3-10_fr13	Brain	0.6382
PXD047324	Erika_synaptic-proteomics_BA24_TMT_set2_500ugIPG3-10_fr14	Brain	0.5786
PXD047324	Erika_synaptic-proteomics_BA24_TMT_set2_500ugIPG3-10_fr15	Brain	0.582
PXD047324	Erika_synaptic-proteomics_BA24_TMT_set2_500ugIPG3-10_fr16	Brain	0.3317
PXD047324	Erika_synaptic-proteomics_BA24_TMT_set2_500ugIPG3-10_fr17	Brain	0.4518
PXD047324	Erika_synaptic-proteomics_BA24_TMT_set2_500ugIPG3-10_fr18	Brain	0.5591
PXD047324	Erika_synaptic-proteomics_BA24_TMT_set2_500ugIPG3-10_fr20	Brain	0.3571
PXD047324	Erika_synaptic-proteomics_BA24_TMT_set2_500ugIPG3-10_fr26	Brain	0.3393
PXD047324	Erika_synaptic-proteomics_BA24_TMT_set2_500ugIPG3-10_fr27	Brain	0.3509
PXD047324	Erika_synaptic-proteomics_BA24_TMT_set2_500ugIPG3-10_fr28	Brain	0.3496
PXD047324	Erika_synaptic-proteomics_BA24_TMT_set2_500ugIPG3-10_fr29	Brain	0.5178
PXD047324	Erika_synaptic-proteomics_BA24_TMT_set2_500ugIPG3-10_fr30	Brain	0.5555
PXD047324	Erika_synaptic-proteomics_BA24_TMT_set2_500ugIPG3-10_fr31	Brain	0.5316
PXD047324	Erika_synaptic-proteomics_BA24_TMT_set2_500ugIPG3-10_fr32	Brain	0.481
PXD047324	Erika_synaptic-proteomics_BA24_TMT_set2_500ugIPG3-10_fr33	Brain	0.4072
PXD047324	Erika_synaptic-proteomics_BA24_TMT_set2_500ugIPG3-10_fr37	Brain	0.5606
PXD047324	Erika_synaptic-proteomics_BA24_TMT_set2_500ugIPG3-10_fr38	Brain	0.4051
PXD047324	Erika_synaptic-proteomics_BA24_TMT_set2_500ugIPG3-10_fr39	Brain	0.4876
PXD047324	Erika_synaptic-proteomics_BA24_TMT_set2_500ugIPG3-10_fr40	Brain	0.5177
PXD047324	Erika_synaptic-proteomics_BA24_TMT_set2_500ugIPG3-10_fr41	Brain	0.4642
PXD047324	Erika_synaptic-proteomics_BA24_TMT_set2_500ugIPG3-10_fr42	Brain	0.6478
PXD047324	Erika_synaptic-proteomics_BA24_TMT_set2_500ugIPG3-10_fr43	Brain	0.6297
PXD047324	Erika_synaptic-proteomics_BA24_TMT_set2_500ugIPG3-10_fr44	Brain	0.5331
PXD047324	Erika_synaptic-proteomics_BA24_TMT_set2_500ugIPG3-10_fr45	Brain	0.5734
PXD047324	Erika_synaptic-proteomics_BA24_TMT_set2_500ugIPG3-10_fr46	Brain	0.4513
PXD047324	Erika_synaptic-proteomics_BA24_TMT_set2_500ugIPG3-10_fr47	Brain	0.609
PXD047324	Erika_synaptic-proteomics_BA24_TMT_set2_500ugIPG3-10_fr48	Brain	0.5029
PXD047324	Erika_synaptic-proteomics_BA24_TMT_set2_500ugIPG3-10_fr49	Brain	0.53
PXD047324	Erika_synaptic-proteomics_BA24_TMT_set2_500ugIPG3-10_fr52	Brain	0.4625
PXD047324	Erika_synaptic-proteomics_BA24_TMT_set2_500ugIPG3-10_fr53	Brain	0.4489
PXD047324	Erika_synaptic-proteomics_BA24_TMT_set2_500ugIPG3-10_fr54	Brain	0.5919
PXD047324	Erika_synaptic-proteomics_BA24_TMT_set2_500ugIPG3-10_fr55	Brain	0.4399
PXD047324	Erika_synaptic-proteomics_BA24_TMT_set2_500ugIPG3-10_fr58	Brain	0.6212
PXD047324	Erika_synaptic-proteomics_BA24_TMT_set2_500ugIPG3-10_fr59	Brain	0.4658
PXD047324	Erika_synaptic-proteomics_BA24_TMT_set2_500ugIPG3-10_fr60	Brain	0.5375
PXD047324	Erika_synaptic-proteomics_BA24_TMT_set2_500ugIPG3-10_fr61	Brain	0.3469
PXD047324	Erika_synaptic-proteomics_BA24_TMT_set2_500ugIPG3-10_fr62	Brain	0.4298
PXD047324	Erika_synaptic-proteomics_BA24_TMT_set2_500ugIPG3-10_fr71	Brain	0.3608
PXD047324	Erika_synaptic-proteomics_BA24_TMT_set2_500ugIPG3-10_fr72	Brain	0.4518
PXD047324	Erika_synaptic-proteomics_BA24_TMT_set3_500ugIPG3-10_fr01	Brain	0.4664
PXD047324	Erika_synaptic-proteomics_BA24_TMT_set3_500ugIPG3-10_fr02	Brain	0.4967
PXD047324	Erika_synaptic-proteomics_BA24_TMT_set3_500ugIPG3-10_fr03	Brain	0.4094
PXD047324	Erika_synaptic-proteomics_BA24_TMT_set3_500ugIPG3-10_fr04	Brain	0.4379
PXD047324	Erika_synaptic-proteomics_BA24_TMT_set3_500ugIPG3-10_fr05	Brain	0.5322
PXD047324	Erika_synaptic-proteomics_BA24_TMT_set3_500ugIPG3-10_fr06	Brain	0.5807
PXD047324	Erika_synaptic-proteomics_BA24_TMT_set3_500ugIPG3-10_fr07	Brain	0.4294
PXD047324	Erika_synaptic-proteomics_BA24_TMT_set3_500ugIPG3-10_fr08	Brain	0.5348
PXD047324	Erika_synaptic-proteomics_BA24_TMT_set3_500ugIPG3-10_fr09	Brain	0.466
PXD047324	Erika_synaptic-proteomics_BA24_TMT_set3_500ugIPG3-10_fr10	Brain	0.4482
PXD047324	Erika_synaptic-proteomics_BA24_TMT_set3_500ugIPG3-10_fr11	Brain	0.4033
PXD047324	Erika_synaptic-proteomics_BA24_TMT_set3_500ugIPG3-10_fr12	Brain	0.4237
PXD047324	Erika_synaptic-proteomics_BA24_TMT_set3_500ugIPG3-10_fr13	Brain	0.3995
PXD047324	Erika_synaptic-proteomics_BA24_TMT_set3_500ugIPG3-10_fr14	Brain	0.4002
PXD047324	Erika_synaptic-proteomics_BA24_TMT_set3_500ugIPG3-10_fr15	Brain	0.4822
PXD047324	Erika_synaptic-proteomics_BA24_TMT_set3_500ugIPG3-10_fr16	Brain	0.3712
PXD047324	Erika_synaptic-proteomics_BA24_TMT_set3_500ugIPG3-10_fr18	Brain	0.4168
PXD047324	Erika_synaptic-proteomics_BA24_TMT_set3_500ugIPG3-10_fr22	Brain	0.3022
PXD047324	Erika_synaptic-proteomics_BA24_TMT_set3_500ugIPG3-10_fr25	Brain	0.4518
PXD047324	Erika_synaptic-proteomics_BA24_TMT_set3_500ugIPG3-10_fr26	Brain	0.3575
PXD047324	Erika_synaptic-proteomics_BA24_TMT_set3_500ugIPG3-10_fr27	Brain	0.3943
PXD047324	Erika_synaptic-proteomics_BA24_TMT_set3_500ugIPG3-10_fr28	Brain	0.3445
PXD047324	Erika_synaptic-proteomics_BA24_TMT_set3_500ugIPG3-10_fr30	Brain	0.4916
PXD047324	Erika_synaptic-proteomics_BA24_TMT_set3_500ugIPG3-10_fr31	Brain	0.3516
PXD047324	Erika_synaptic-proteomics_BA24_TMT_set3_500ugIPG3-10_fr37	Brain	0.5151
PXD047324	Erika_synaptic-proteomics_BA24_TMT_set3_500ugIPG3-10_fr39	Brain	0.3855
PXD047324	Erika_synaptic-proteomics_BA24_TMT_set3_500ugIPG3-10_fr40	Brain	0.5086
PXD047324	Erika_synaptic-proteomics_BA24_TMT_set3_500ugIPG3-10_fr41	Brain	0.5264
PXD047324	Erika_synaptic-proteomics_BA24_TMT_set3_500ugIPG3-10_fr42	Brain	0.5826
PXD047324	Erika_synaptic-proteomics_BA24_TMT_set3_500ugIPG3-10_fr47	Brain	0.6619
PXD047324	Erika_synaptic-proteomics_BA24_TMT_set3_500ugIPG3-10_fr48	Brain	0.5039
PXD047324	Erika_synaptic-proteomics_BA24_TMT_set3_500ugIPG3-10_fr51	Brain	0.4504
PXD047324	Erika_synaptic-proteomics_BA24_TMT_set3_500ugIPG3-10_fr54	Brain	0.4505
PXD047324	Erika_synaptic-proteomics_BA24_TMT_set3_500ugIPG3-10_fr72	Brain	0.3173
PXD047324	Erika_synaptic-proteomics_BA24_TMT_set4_500ugIPG3-10_fr01	Brain	0.5344
PXD047324	Erika_synaptic-proteomics_BA24_TMT_set4_500ugIPG3-10_fr02	Brain	0.5527
PXD047324	Erika_synaptic-proteomics_BA24_TMT_set4_500ugIPG3-10_fr03	Brain	0.5314
PXD047324	Erika_synaptic-proteomics_BA24_TMT_set4_500ugIPG3-10_fr04	Brain	0.4097
PXD047324	Erika_synaptic-proteomics_BA24_TMT_set4_500ugIPG3-10_fr05	Brain	0.5014
PXD047324	Erika_synaptic-proteomics_BA24_TMT_set4_500ugIPG3-10_fr06	Brain	0.3984
PXD047324	Erika_synaptic-proteomics_BA24_TMT_set4_500ugIPG3-10_fr08	Brain	0.4027
PXD047324	Erika_synaptic-proteomics_BA24_TMT_set4_500ugIPG3-10_fr09	Brain	0.4588
PXD047324	Erika_synaptic-proteomics_BA24_TMT_set4_500ugIPG3-10_fr10	Brain	0.472
PXD047324	Erika_synaptic-proteomics_BA24_TMT_set4_500ugIPG3-10_fr11	Brain	0.5286
PXD047324	Erika_synaptic-proteomics_BA24_TMT_set4_500ugIPG3-10_fr12	Brain	0.4838
PXD047324	Erika_synaptic-proteomics_BA24_TMT_set4_500ugIPG3-10_fr13	Brain	0.588
PXD047324	Erika_synaptic-proteomics_BA24_TMT_set4_500ugIPG3-10_fr14	Brain	0.5891
PXD047324	Erika_synaptic-proteomics_BA24_TMT_set4_500ugIPG3-10_fr15	Brain	0.5007
PXD047324	Erika_synaptic-proteomics_BA24_TMT_set4_500ugIPG3-10_fr17	Brain	0.4587
PXD047324	Erika_synaptic-proteomics_BA24_TMT_set4_500ugIPG3-10_fr18	Brain	0.5144
PXD047324	Erika_synaptic-proteomics_BA24_TMT_set4_500ugIPG3-10_fr26	Brain	0.3656
PXD047324	Erika_synaptic-proteomics_BA24_TMT_set4_500ugIPG3-10_fr28	Brain	0.4161
PXD047324	Erika_synaptic-proteomics_BA24_TMT_set4_500ugIPG3-10_fr29	Brain	0.4249
PXD047324	Erika_synaptic-proteomics_BA24_TMT_set4_500ugIPG3-10_fr30	Brain	0.4803
PXD047324	Erika_synaptic-proteomics_BA24_TMT_set4_500ugIPG3-10_fr31	Brain	0.5492
PXD047324	Erika_synaptic-proteomics_BA24_TMT_set4_500ugIPG3-10_fr32	Brain	0.5002
PXD047324	Erika_synaptic-proteomics_BA24_TMT_set4_500ugIPG3-10_fr37	Brain	0.5688
PXD047324	Erika_synaptic-proteomics_BA24_TMT_set4_500ugIPG3-10_fr38	Brain	0.4242
PXD047324	Erika_synaptic-proteomics_BA24_TMT_set4_500ugIPG3-10_fr39	Brain	0.5322
PXD047324	Erika_synaptic-proteomics_BA24_TMT_set4_500ugIPG3-10_fr40	Brain	0.5386
PXD047324	Erika_synaptic-proteomics_BA24_TMT_set4_500ugIPG3-10_fr41	Brain	0.5377
PXD047324	Erika_synaptic-proteomics_BA24_TMT_set4_500ugIPG3-10_fr42	Brain	0.3324
PXD047324	Erika_synaptic-proteomics_BA24_TMT_set4_500ugIPG3-10_fr47	Brain	0.5232
PXD047324	Erika_synaptic-proteomics_BA24_TMT_set4_500ugIPG3-10_fr52	Brain	0.5587
PXD047324	Erika_synaptic-proteomics_BA24_TMT_set4_500ugIPG3-10_fr53	Brain	0.5382
PXD047324	Erika_synaptic-proteomics_BA24_TMT_set4_500ugIPG3-10_fr55	Brain	0.3936
PXD047324	Erika_synaptic-proteomics_BA24_TMT_set4_500ugIPG3-10_fr70	Brain	0.359
PXD047324	Erika_synaptic-proteomics_BA24_TMT_set4_500ugIPG3-10_fr71	Brain	0.4019
PXD047339	20220907_ruxolitinib_shotgun_proteomics_liver_L19-L19-IL12-Ruxo_1	Liver	0.3985
PXD047339	20220907_ruxolitinib_shotgun_proteomics_liver_L19-L19-IL12-Ruxo_1B	Liver	0.3583
PXD047339	20220907_ruxolitinib_shotgun_proteomics_liver_L19-L19-IL12-Ruxo_2	Liver	0.3684
PXD047339	20220907_ruxolitinib_shotgun_proteomics_liver_L19-L19-IL12-Ruxo_2B	Liver	0.3735
PXD047339	20220907_ruxolitinib_shotgun_proteomics_liver_L19-L19-IL12-Ruxo_3	Liver	0.3604
PXD047339	20220907_ruxolitinib_shotgun_proteomics_liver_L19-L19-IL12-Ruxo_3B	Liver	0.3606
PXD047339	20220907_ruxolitinib_shotgun_proteomics_liver_L19-L19-IL12_1	Liver	0.3982
PXD047339	20220907_ruxolitinib_shotgun_proteomics_liver_L19-L19-IL12_1B	Liver	0.4072
PXD047339	20220907_ruxolitinib_shotgun_proteomics_liver_L19-L19-IL12_2	Liver	0.3481
PXD047339	20220907_ruxolitinib_shotgun_proteomics_liver_L19-L19-IL12_2B	Liver	0.3601
PXD047339	20220907_ruxolitinib_shotgun_proteomics_liver_L19-L19-IL12_3	Liver	0.4008
PXD047339	20220907_ruxolitinib_shotgun_proteomics_liver_L19-L19-IL12_3B	Liver	0.386
PXD047339	20220907_ruxolitinib_shotgun_proteomics_liver_PBS_1B	Liver	0.4283
PXD047339	20220907_ruxolitinib_shotgun_proteomics_liver_PBS_2	Liver	0.4015
PXD047339	20220907_ruxolitinib_shotgun_proteomics_liver_PBS_2B	Liver	0.4061
PXD047339	20220907_ruxolitinib_shotgun_proteomics_liver_PBS_3	Liver	0.4022
PXD047339	20220907_ruxolitinib_shotgun_proteomics_liver_PBS_3B	Liver	0.4272
PXD047339	20220907_ruxolitinib_shotgun_proteomics_liver_Ruxo_1	Liver	0.3707
PXD047339	20220907_ruxolitinib_shotgun_proteomics_liver_Ruxo_1B	Liver	0.3795
PXD047339	20220907_ruxolitinib_shotgun_proteomics_liver_Ruxo_2	Liver	0.4112
PXD047339	20220907_ruxolitinib_shotgun_proteomics_liver_Ruxo_2B	Liver	0.3881
PXD047339	20220907_ruxolitinib_shotgun_proteomics_liver_Ruxo_3	Liver	0.3953
PXD047339	20220907_ruxolitinib_shotgun_proteomics_liver_Ruxo_3B	Liver	0.3883
PXD047339	20220907_ruxolitinib_shotgun_proteomics_liver_mouse1p1_PBS_rep2_dil_1-3_to_150	Liver	0.3814
PXD047412	20221014_FK_Omar_testGrad2_03	Skeletal muscle	0.3
PXD047574	RBLOGC_20140722_TMT10_400ugIPG3-10_7of15ul_fr01	Liver	0.3234
PXD047574	RBLOGC_20140722_TMT10_400ugIPG3-10_7of15ul_fr08	Liver	0.3058
PXD047574	RBLOGC_20140722_TMT10_400ugIPG3-10_7of15ul_fr09	Liver	0.3309
PXD047574	RBLOGC_20140722_TMT10_400ugIPG3-10_7of15ul_fr39	Liver	0.3111
PXD047574	RBLOGC_20140722_TMT10_400ugIPG3-10_7of15ul_fr42	Liver	0.3031
PXD047574	RBLOGC_20140722_TMT10_400ugIPG3-10_7of15ul_fr45	Liver	0.3018
PXD047574	RBLOGC_20140722_TMT10_400ugIPG3-10_7of15ul_fr46	Liver	0.3148
PXD047574	RBLOGC_20140722_TMT10_400ugIPG3-10_7of15ul_fr47	Liver	0.347
PXD047574	RBLOGC_20140722_TMT10_400ugIPG3-10_7of15ul_fr55	Liver	0.3321
PXD047574	RBLOGC_20140722_TMT10_400ugIPG3-10_7of15ul_fr56	Liver	0.334
PXD047574	RBLOGC_20140722_TMT10_400ugIPG3-10_7of15ul_fr57	Liver	0.3563
PXD047574	RBLOGC_20140722_TMT10_400ugIPG3-10_7of15ul_fr58	Liver	0.3629
PXD047574	RBLOGC_20140722_TMT10_400ugIPG3-10_7of15ul_fr59	Liver	0.3103
PXD047574	RBLOGC_20140722_TMT10_400ugIPG3-10_7of15ul_fr60	Liver	0.3575
PXD047819	XA02770LQ_HFD_2	Liver	0.3873
PXD047819	XA02770LQ_HFD_3	Liver	0.4289
PXD047819	XA02770LQ_HFD_5	Liver	0.3931
PXD047819	XA02770LQ_HFD_6	Liver	0.4013
PXD047819	XA02770LQ_NC_2	Liver	0.4003
PXD047819	XA02770LQ_NC_3	Liver	0.4278
PXD047819	XA02770LQ_NC_5	Liver	0.4028
PXD047819	XA02770LQ_NC_6	Liver	0.4032
PXD047823	20210927_TMT1_Fr10_colestasis	Liver	0.7214
PXD047823	20210927_TMT1_Fr1_colestasis	Liver	0.8359
PXD047823	20210927_TMT1_Fr2_colestasis	Liver	0.8226
PXD047823	20210927_TMT1_Fr3_colestasis	Liver	0.872
PXD047823	20210927_TMT1_Fr4_colestasis	Liver	0.8602
PXD047823	20210927_TMT1_Fr5_colestasis	Liver	0.7902
PXD047823	20210927_TMT1_Fr6_colestasis	Liver	0.8135
PXD047823	20210927_TMT1_Fr7_colestasis	Liver	0.8018
PXD047823	20210927_TMT1_Fr8_colestasis	Liver	0.8064
PXD047823	20210927_TMT1_Fr9_colestasis	Liver	0.837
PXD048170	48885_1_00F_777_mouse_NT_preclear_band2_3_4	Brain	0.3756
PXD048170	48888_1_00F_777_mouse_NT_Etv5IP_band2_3_4	Brain	0.3297
PXD048186	20221224_HJN_human_plasma_liver_cancer_253	Ovary	0.3019
PXD048228	230613_OlsenDoD_18C_01	Brain	0.5933
PXD048228	230613_OlsenDoD_18C_02	Brain	0.6579
PXD048228	230613_OlsenDoD_18H_01	Brain	0.6638
PXD048228	230613_OlsenDoD_18H_02	Brain	0.6547
PXD048228	230613_OlsenDoD_19C_01	Brain	0.6126
PXD048228	230613_OlsenDoD_19C_02	Brain	0.608
PXD048228	230613_OlsenDoD_19H_01	Brain	0.6481
PXD048228	230613_OlsenDoD_19H_02	Brain	0.7157
PXD048228	230613_OlsenDoD_20C_01	Brain	0.6603
PXD048228	230613_OlsenDoD_20C_02	Brain	0.6801
PXD048228	230613_OlsenDoD_20H_01	Brain	0.6507
PXD048228	230613_OlsenDoD_20H_02	Brain	0.646
PXD048228	230613_OlsenDoD_21C_01	Brain	0.5735
PXD048228	230613_OlsenDoD_21C_02	Brain	0.5711
PXD048228	230613_OlsenDoD_21H_01	Brain	0.5463
PXD048228	230613_OlsenDoD_21H_02	Brain	0.5581
PXD048228	230613_OlsenDoD_22C_01	Brain	0.6253
PXD048228	230613_OlsenDoD_22C_02	Brain	0.6367
PXD048228	230613_OlsenDoD_22H_01	Brain	0.5433
PXD048228	230613_OlsenDoD_22H_02	Brain	0.7119
PXD048228	230613_OlsenDoD_23C_01	Brain	0.7052
PXD048228	230613_OlsenDoD_23C_02	Brain	0.7
PXD048228	230613_OlsenDoD_23H_01	Brain	0.6566
PXD048228	230613_OlsenDoD_23H_02	Brain	0.7158
PXD048228	230613_OlsenDoD_29C_01	Brain	0.6207
PXD048228	230613_OlsenDoD_29C_02	Brain	0.6365
PXD048228	230613_OlsenDoD_29H_01	Brain	0.5909
PXD048228	230613_OlsenDoD_29H_02	Brain	0.6013
PXD048228	230613_OlsenDoD_30C_01	Brain	0.6586
PXD048228	230613_OlsenDoD_30C_02	Brain	0.6504
PXD048228	230613_OlsenDoD_30H_01	Brain	0.6389
PXD048228	230613_OlsenDoD_30H_02	Brain	0.6829
PXD048228	230613_OlsenDoD_36C_01	Brain	0.6805
PXD048228	230613_OlsenDoD_36C_02	Brain	0.7299
PXD048228	230613_OlsenDoD_36H_01	Brain	0.6514
PXD048228	230613_OlsenDoD_36H_02	Brain	0.6615
PXD048228	230613_OlsenDoD_40C_01	Brain	0.654
PXD048228	230613_OlsenDoD_40C_02	Brain	0.7022
PXD048228	230613_OlsenDoD_40H_01	Brain	0.6403
PXD048228	230613_OlsenDoD_40H_02	Brain	0.6095
PXD048228	230613_OlsenDoD_48C_01	Brain	0.4865
PXD048228	230613_OlsenDoD_48C_02	Brain	0.5749
PXD048228	230613_OlsenDoD_48H_01	Brain	0.6097
PXD048228	230613_OlsenDoD_48H_02	Brain	0.6697
PXD048228	230613_OlsenDoD_53C_01	Brain	0.6112
PXD048228	230613_OlsenDoD_53C_02	Brain	0.6625
PXD048228	230613_OlsenDoD_53H_01	Brain	0.6071
PXD048228	230613_OlsenDoD_53H_02	Brain	0.6959
PXD048228	230613_OlsenDoD_57C_01	Brain	0.6735
PXD048228	230613_OlsenDoD_57C_02	Brain	0.674
PXD048228	230613_OlsenDoD_57H_01	Brain	0.6656
PXD048228	230613_OlsenDoD_57H_02	Brain	0.6538
PXD048228	230613_OlsenDoD_75C_01	Brain	0.6895
PXD048228	230613_OlsenDoD_75C_02	Brain	0.6636
PXD048228	230613_OlsenDoD_75H_01	Brain	0.6901
PXD048228	230613_OlsenDoD_75H_02	Brain	0.662
PXD048228	230613_OlsenDoD_91C_01	Brain	0.5694
PXD048228	230613_OlsenDoD_91C_02	Brain	0.6116
PXD048228	230613_OlsenDoD_91H_01	Brain	0.7086
PXD048228	230613_OlsenDoD_91H_02	Brain	0.6691
PXD048606	20230421_X1_CVG_0516_AxD_1_SAX_F1	Heart	0.3395
PXD048606	20230421_X1_CVG_0516_AxD_1_SAX_F4	Heart	0.3009
PXD048606	20230421_X1_CVG_0516_AxD_1_SAX_F5	Heart	0.317
PXD048606	20230421_X1_CVG_0516_AxD_2_SAX_F3	Heart	0.3551
PXD048606	20230421_X1_CVG_0516_AxD_2_SAX_F7	Heart	0.3193
PXD048606	20230421_X1_CVG_0516_AxD_3_SAX_F2	Heart	0.3095
PXD048606	20230421_X1_CVG_0516_AxD_4_SAX_F1	Heart	0.3061
PXD048606	20230421_X1_CVG_0516_AxD_4_SAX_F4	Heart	0.3051
PXD048647	GR_384	Colon	0.3305
PXD048647	GR_406	Colon	0.3483
PXD048647	PR_12	Colon	0.3753
PXD048647	PR_398	Colon	0.3256
PXD048734	30	Liver	0.6705
PXD048734	35	Liver	0.6314
PXD048734	36	Liver	0.634
PXD048734	37	Liver	0.3744
PXD048734	38	Liver	0.8686
PXD048734	39	Liver	0.5472
PXD048734	41	Colon	0.3238
PXD048734	47	Kidney	0.4541
PXD048734	50	Kidney	0.3335
PXD048734	58	Stomach	0.3134
PXD048767	220203_F23	Brain	0.3072
PXD048767	220203_F97	Brain	0.3072
PXD048767	230512_F56	Brain	0.3566
PXD048880	K_KGO_1_03	Brain	0.354
PXD048929	20190222_006_S192361_repeat_ZT6_2	Brain	0.303
PXD048929	20190222_011_S192367_repeat_ZT6_SD_4	Brain	0.3347
PXD048929	20190222_012_S192360_repeat_ZT6_1	Brain	0.3158
PXD048929	20190222_015_S192365_repeat_ZT6_SD_2	Brain	0.3993
PXD048929	20190222_019_S192364_repeat_ZT6_SD_1	Brain	0.3163
PXD048934	PMN_MDSC_total_TMT_5	Bone marrow	0.3052
PXD048968	220230517_HepaRG_OA_150ng_LMK_05_ExcL_1a	Liver	0.4033
PXD048968	220230517_HepaRG_OA_150ng_LMK_05_ExcL_1b	Liver	0.3064
PXD048968	220230517_HepaRG_OA_150ng_LMK_05_ExcL_2b	Liver	0.3808
PXD048968	220230517_HepaRG_OA_150ng_LMK_05_ExcL_2c	Liver	0.3092
PXD048968	220230517_HepaRG_OA_150ng_LMK_05_ExcL_3a	Liver	0.3704
PXD048968	220230517_HepaRG_OA_150ng_LMK_24_ExcL_1a	Liver	0.3016
PXD048968	220230517_HepaRG_OA_150ng_LMK_24_ExcL_1b	Liver	0.3402
PXD048968	220230517_HepaRG_OA_150ng_LMK_24_ExcL_2c	Liver	0.3078
PXD048968	220230517_HepaRG_OA_150ng_LMK_24_ExcL_3a	Liver	0.4332
PXD048968	220230517_HepaRG_OA_150ng_LMK_24_ExcL_3b	Liver	0.3585
PXD048968	220230517_HepaRG_OA_150ng_LMK_24_ExcL_3c	Liver	0.3767
PXD048968	220230517_HepaRG_OA_150ng_LMK_4_ExcL_1a	Liver	0.3112
PXD048968	220230517_HepaRG_OA_150ng_LMK_4_ExcL_1b	Liver	0.3435
PXD048968	220230517_HepaRG_OA_150ng_LMK_4_ExcL_2b	Liver	0.3086
PXD048968	220230517_HepaRG_OA_150ng_LMK_4_ExcL_2c	Liver	0.4524
PXD048968	220230517_HepaRG_OA_150ng_LMK_4_ExcL_3b	Liver	0.3276
PXD048968	220230517_HepaRG_OA_150ng_LMK_4_ExcL_3c	Liver	0.4263
PXD048968	220230517_HepaRG_OA_150ng_OA100_05_ExcL_1a	Liver	0.3851
PXD048968	220230517_HepaRG_OA_150ng_OA100_05_ExcL_1b	Liver	0.3877
PXD048968	220230517_HepaRG_OA_150ng_OA100_05_ExcL_1c	Liver	0.369
PXD048968	220230517_HepaRG_OA_150ng_OA100_05_ExcL_2a	Liver	0.358
PXD048968	220230517_HepaRG_OA_150ng_OA100_05_ExcL_2b	Liver	0.4217
PXD048968	220230517_HepaRG_OA_150ng_OA100_05_ExcL_2c	Liver	0.411
PXD048968	220230517_HepaRG_OA_150ng_OA100_05_ExcL_3c	Liver	0.3142
PXD048968	220230517_HepaRG_OA_150ng_OA100_24_ExcL_2c	Liver	0.3059
PXD048968	220230517_HepaRG_OA_150ng_OA100_24_ExcL_3b	Liver	0.3105
PXD048968	220230517_HepaRG_OA_150ng_OA100_4_ExcL_1a	Liver	0.3498
PXD048968	220230517_HepaRG_OA_150ng_OA100_4_ExcL_1c	Liver	0.3009
PXD048968	220230517_HepaRG_OA_150ng_OA100_4_ExcL_2a	Liver	0.3085
PXD048968	220230517_HepaRG_OA_150ng_OA100_4_ExcL_2b	Liver	0.3887
PXD048968	220230517_HepaRG_OA_150ng_OA100_4_ExcL_3a	Liver	0.381
PXD048968	220230517_HepaRG_OA_150ng_OA100_4_ExcL_3b	Liver	0.3195
PXD048968	220230517_HepaRG_OA_150ng_OA33_05_ExcL_1b	Liver	0.4662
PXD048968	220230517_HepaRG_OA_150ng_OA33_05_ExcL_2a	Liver	0.3485
PXD048968	220230517_HepaRG_OA_150ng_OA33_05_ExcL_2c	Liver	0.3385
PXD048968	220230517_HepaRG_OA_150ng_OA33_05_ExcL_3a	Liver	0.4089
PXD048968	220230517_HepaRG_OA_150ng_OA33_05_ExcL_3b	Liver	0.3942
PXD048968	220230517_HepaRG_OA_150ng_OA33_05_ExcL_3c	Liver	0.3307
PXD048968	220230517_HepaRG_OA_150ng_OA33_24_ExcL_3c	Liver	0.3529
PXD048968	220230517_HepaRG_OA_150ng_OA33_4_ExcL_1a	Liver	0.3372
PXD048968	220230517_HepaRG_OA_150ng_OA33_4_ExcL_1b	Liver	0.3293
PXD048968	220230517_HepaRG_OA_150ng_OA33_4_ExcL_1c	Liver	0.4173
PXD048968	220230517_HepaRG_OA_150ng_OA33_4_ExcL_2a	Liver	0.3198
PXD048968	220230517_HepaRG_OA_150ng_OA33_4_ExcL_2b	Liver	0.3384
PXD048968	220230517_HepaRG_OA_150ng_OA33_4_ExcL_2c	Liver	0.325
PXD048968	220230517_HepaRG_OA_150ng_OA33_4_ExcL_3a	Liver	0.378
PXD048968	220230517_HepaRG_OA_150ng_OA33_4_ExcL_3b	Liver	0.3044
PXD048968	220230517_HepaRG_OA_150ng_OA33_4_ExcL_3c	Liver	0.3852
PXD048968	220230614_HepaRG_OA_150ng_LMK_24_ExcL_1c	Liver	0.3759
PXD048968	220230614_HepaRG_OA_150ng_LMK_4_ExcL_1c	Liver	0.3666
PXD048968	220230614_HepaRG_OA_150ng_OA33_05_ExcL_1c	Liver	0.3388
PXD049034	Brain_CTRL	Brain	0.3012
PXD049034	Brain_S5tg_1	Brain	0.5615
PXD049034	Brain_S5tg_2	Brain	0.3676
PXD049034	Brain_S5tg_3	Brain	0.4417
PXD049957	20240125_SiHe_0267_sample_01_prim_Hepatocytes_unstimuliert_WP	Liver	0.3381
PXD049957	20240125_SiHe_0267_sample_02_prim_Hepatocytes_20_min_Ins_WP	Liver	0.4056
PXD049957	20240125_SiHe_0267_sample_09_prim_Hepatocytes_unstimuliert_WT	Liver	0.3041
PXD049957	20240125_SiHe_0267_sample_10_prim_Hepatocytes_20_min_Ins_WT	Liver	0.3482
PXD049957	20240125_SiHe_0267_sample_13_prim_Hepatocytes_unstimuliert_WT	Liver	0.3655
PXD049957	20240125_SiHe_0267_sample_14_prim_Hepatocytes_20_min_Ins_WT	Liver	0.3464
PXD049957	20240125_SiHe_0267_sample_18_prim_Hepatocytes_20_min_Ins_WT	Liver	0.3356
PXD049957	20240125_SiHe_0267_sample_21_prim_Hepatocytes_unstimuliert_WT	Liver	0.3823
PXD049998	210611_2021-25_S17	Nasal Polyps	0.3158
PXD049998	210611_2021-25_S4	Nasal Polyps	0.3236
PXD049998	210611_2021-28_S22	Nasal Polyps	0.3105
PXD049998	210611_2021-28_S30	Nasal Polyps	0.3684
PXD050090	20181219_Q2_AWH_ColID_718_ProjID_1542_Kononenko_sample_1	Brain	0.4052
PXD050391	MBPEP_LC_initial_1	Brain	0.3428
PXD050391	MBPEP_LC_initial_2	Brain	0.3137
PXD050391	MBPEP_LC_optimize_1	Brain	0.3334
PXD050391	MBPEP_LC_optimize_2	Brain	0.3432
PXD050391	MBPEP_N2_40min_2	Brain	0.319
PXD050391	MBPEP_wash150CV_2	Brain	0.3042
PXD050391	MBPEP_wash30CV_3	Brain	0.3168
PXD050391	MB_Auto_10ug_1	Brain	0.3478
PXD050391	MB_Auto_10ug_3	Brain	0.3117
PXD050391	MB_Auto_20ug_1	Brain	0.318
PXD050391	MB_Auto_20ug_3	Brain	0.4225
PXD050391	MB_Manual_10ug_2	Brain	0.5469
PXD050391	MB_Manual_1ug_2	Brain	0.3065
PXD050391	MB_Manual_1ug_3	Brain	0.3372
PXD050391	MB_Manual_20ug_1	Brain	0.4979
PXD050391	MB_Manual_20ug_2	Brain	0.6374
PXD050391	MB_Manual_20ug_3	Brain	0.4457
PXD050391	MB_Manual_3ug_2	Brain	0.3161
PXD050391	MB_Manual_5ug_1	Brain	0.3079
PXD050391	MB_Manual_5ug_2	Brain	0.458
PXD050402	a28952_20230115161242	Brain	0.3277
PXD050402	a28980	Heart	0.4227
PXD050402	a28981	Heart	0.4723
PXD050402	a28982	Heart	0.335
PXD050402	a28983	Heart	0.3248
PXD050402	a28984	Heart	0.3238
PXD050402	a28985	Heart	0.3219
PXD050402	a28986	Heart	0.5474
PXD050402	a28989	Heart	0.3158
PXD050402	a28990	Heart	0.3277
PXD050402	a28997	Heart	0.3731
PXD050402	a28998	Heart	0.391
PXD050402	a28999	Heart	0.4001
PXD050402	a29000	Heart	0.3235
PXD050402	a29002	Heart	0.3033
PXD050402	a29003	Heart	0.4367
PXD050402	a29007	Heart	0.3673
PXD050402	ea11919	Liver	0.3318
PXD050402	ea11920	Liver	0.3916
PXD050990	D14-C14	Skeletal muscle	0.3105
PXD050990	D14-C2	Skeletal muscle	0.3053
PXD050990	D14-C3	Skeletal muscle	0.3053
PXD050990	D14-C7	Skeletal muscle	0.3
PXD050990	D14-C8	Skeletal muscle	0.3158
PXD050990	D14-M15	Skeletal muscle	0.3105
PXD050990	D14-M18	Skeletal muscle	0.3
PXD050990	D14-M6	Skeletal muscle	0.3053
PXD050990	D3-M3	Skeletal muscle	0.3245
PXD050996	MP_4	Skeletal muscle	0.3053
PXD051062	FASP_crude_sample_9	Liver	0.319
PXD051062	SMART_precipitated_sample_12	Liver	0.3347
PXD051093	1DpTBI_Dentate_Gyrus_Bottom_Replicate1_DIA_Thermo_Scientific_Tribrid_Eclipse	Brain	0.4027
PXD051093	1DpTBI_Dentate_Gyrus_Bottom_Replicate3_DIA_Thermo_Scientific_Tribrid_Eclipse	Brain	0.517
PXD051093	1DpTBI_Dentate_Gyrus_Top_Replicate1_DIA_Thermo_Scientific_Tribrid_Eclipse	Brain	0.6053
PXD051093	1DpTBI_Dentate_Gyrus_Top_Replicate2_DIA_Thermo_Scientific_Tribrid_Eclipse	Brain	0.5929
PXD051093	1DpTBI_Dentate_Gyrus_Top_Replicate3_DIA_Thermo_Scientific_Tribrid_Eclipse	Brain	0.5474
PXD051093	1DpTBI_Pyramidal_Layer_Replicate2_DIA_Thermo_Scientific_Tribrid_Eclipse	Brain	0.5565
PXD051093	1DpTBI_Pyramidal_Layer_Replicate3_DIA_Thermo_Scientific_Tribrid_Eclipse	Brain	0.3223
PXD051093	1DpTBI_Stratum_Moleculare_Replicate1_DIA_Thermo_Scientific_Tribrid_Eclipse	Brain	0.4796
PXD051093	1DpTBI_Stratum_Moleculare_Replicate2_DIA_Thermo_Scientific_Tribrid_Eclipse	Brain	0.6067
PXD051093	1DpTBI_Stratum_Moleculare_Replicate3_DIA_Thermo_Scientific_Tribrid_Eclipse	Brain	0.6446
PXD051093	7DpTBI_Dentate_Gyrus_Bottom_Replicate1_DIA_Thermo_Scientific_Tribrid_Eclipse	Brain	0.3249
PXD051093	7DpTBI_Dentate_Gyrus_Bottom_Replicate2_DIA_Thermo_Scientific_Tribrid_Eclipse	Brain	0.3146
PXD051093	7DpTBI_Dentate_Gyrus_Bottom_Replicate3_DIA_Thermo_Scientific_Tribrid_Eclipse	Brain	0.3783
PXD051093	7DpTBI_Dentate_Gyrus_Top_Replicate1_DIA_Thermo_Scientific_Tribrid_Eclipse	Brain	0.4407
PXD051093	7DpTBI_Dentate_Gyrus_Top_Replicate2_DIA_Thermo_Scientific_Tribrid_Eclipse	Brain	0.3903
PXD051093	7DpTBI_Dentate_Gyrus_Top_Replicate3_DIA_Thermo_Scientific_Tribrid_Eclipse	Brain	0.3477
PXD051093	7DpTBI_Pyramidal_Layer_Replicate1_DIA_Thermo_Scientific_Tribrid_Eclipse	Brain	0.5007
PXD051093	7DpTBI_Stratum_Moleculare_Replicate1_DIA_Thermo_Scientific_Tribrid_Eclipse	Brain	0.6406
PXD051093	7DpTBI_Stratum_Moleculare_Replicate2_DIA_Thermo_Scientific_Tribrid_Eclipse	Brain	0.5089
PXD051093	7DpTBI_Stratum_Moleculare_Replicate3_DIA_Thermo_Scientific_Tribrid_Eclipse	Brain	0.5925
PXD051093	Control_Dentate_Gyrus_Bottom_Replicate1_DIA_Thermo_Scientific_Tribrid_Eclipse	Brain	0.3457
PXD051093	Control_Dentate_Gyrus_Bottom_Replicate2_DIA_Thermo_Scientific_Tribrid_Eclipse	Brain	0.3673
PXD051093	Control_Dentate_Gyrus_Bottom_Replicate3_DIA_Thermo_Scientific_Tribrid_Eclipse	Brain	0.3189
PXD051093	Control_Dentate_Gyrus_Top_Replicate1_DIA_Thermo_Scientific_Tribrid_Eclipse	Brain	0.4078
PXD051093	Control_Dentate_Gyrus_Top_Replicate2_DIA_Thermo_Scientific_Tribrid_Eclipse	Brain	0.4856
PXD051093	Control_Dentate_Gyrus_Top_Replicate3_DIA_Thermo_Scientific_Tribrid_Eclipse	Brain	0.5978
PXD051093	Control_Pyramidal_Layer_Replicate1_DIA_Thermo_Scientific_Tribrid_Eclipse	Brain	0.5226
PXD051093	Control_Pyramidal_Layer_Replicate2_DIA_Thermo_Scientific_Tribrid_Eclipse	Brain	0.3939
PXD051093	Control_Pyramidal_Layer_Replicate3_DIA_Thermo_Scientific_Tribrid_Eclipse	Brain	0.3688
PXD051093	Control_Stratum_Moleculare_Replicate1_DIA_Thermo_Scientific_Tribrid_Eclipse	Brain	0.4624
PXD051093	Control_Stratum_Moleculare_Replicate2_DIA_Thermo_Scientific_Tribrid_Eclipse	Brain	0.5946
PXD051093	Control_Stratum_Moleculare_Replicate3_DIA_Thermo_Scientific_Tribrid_Eclipse	Brain	0.617
PXD051174	NO2-E2-4	Placenta	0.3175
PXD051174	NO2-E3-4	Placenta	0.3143
PXD051400	072223_MBM_URB597_TMT_B1T1	Brain	0.3709
PXD051473	14413_1	Skeletal muscle	0.3053
PXD051473	14413_3	Skeletal muscle	0.3158
PXD051473	14414_1	Skeletal muscle	0.351
PXD051473	14414_2	Skeletal muscle	0.3579
PXD051473	14414_3	Skeletal muscle	0.3572
PXD051640	Cold-Liver_LDLRKO1-01	Liver	0.3772
PXD051640	Cold-Liver_LDLRKO1-02	Liver	0.336
PXD051640	Cold-Liver_LDLRKO2-01	Liver	0.4005
PXD051640	Cold-Liver_LDLRKO2-02	Liver	0.3548
PXD051640	Cold-Liver_LDLRKO3-01	Liver	0.3838
PXD051640	Cold-Liver_LDLRKO3-02	Liver	0.3819
PXD051640	RT-Liver_LDLRKO1-01	Liver	0.3747
PXD051640	RT-Liver_LDLRKO1-02	Liver	0.3938
PXD051640	RT-Liver_LDLRKO2-01	Liver	0.3875
PXD051640	RT-Liver_LDLRKO2-02	Liver	0.3873
PXD051640	RT-Liver_LDLRKO3-01	Liver	0.3817
PXD051640	RT-Liver_LDLRKO3-02	Liver	0.3597
PXD051677	103V2	Skeletal muscle	0.4579
PXD051677	103V5	Skeletal muscle	0.4053
PXD051677	106V2	Skeletal muscle	0.4105
PXD051677	106V5	Skeletal muscle	0.4316
PXD051677	120V2	Skeletal muscle	0.4053
PXD051677	120V5	Skeletal muscle	0.3895
PXD051677	125V2	Skeletal muscle	0.3947
PXD051677	125V5	Skeletal muscle	0.4421
PXD051677	135V2	Skeletal muscle	0.4368
PXD051677	135V5	Skeletal muscle	0.4316
PXD051677	151V2	Skeletal muscle	0.4263
PXD051677	151V5x	Skeletal muscle	0.4211
PXD051677	157V2	Skeletal muscle	0.4053
PXD051677	157V5	Skeletal muscle	0.4053
PXD051677	167V2	Skeletal muscle	0.4211
PXD051677	167V5	Skeletal muscle	0.3947
PXD051677	172V2	Skeletal muscle	0.3737
PXD051677	172V5	Skeletal muscle	0.4158
PXD051677	185V2	Skeletal muscle	0.3947
PXD051677	185V5	Skeletal muscle	0.4421
PXD051677	190V2	Skeletal muscle	0.3632
PXD051677	190V5	Skeletal muscle	0.4105
PXD051677	203V2	Skeletal muscle	0.3895
PXD051677	203V5	Skeletal muscle	0.4158
PXD051677	222V2	Skeletal muscle	0.3737
PXD051677	222V5	Skeletal muscle	0.4158
PXD051677	256V2	Skeletal muscle	0.3895
PXD051677	256V5	Skeletal muscle	0.4158
PXD051677	258V2	Skeletal muscle	0.3842
PXD051677	258V5x	Skeletal muscle	0.4053
PXD051677	262V2	Skeletal muscle	0.4158
PXD051677	262V5	Skeletal muscle	0.4158
PXD051677	265V2x	Skeletal muscle	0.3947
PXD051677	265V5	Skeletal muscle	0.4263
PXD051677	267V2	Skeletal muscle	0.4211
PXD051677	267V5	Skeletal muscle	0.4053
PXD051677	271V2	Skeletal muscle	0.4211
PXD051677	271V5	Skeletal muscle	0.4105
PXD051677	81V2x	Skeletal muscle	0.4053
PXD051677	81V5	Skeletal muscle	0.4211
PXD051677	91V2xx	Skeletal muscle	0.3737
PXD051677	91V5x	Skeletal muscle	0.4053
PXD051677	DDA_HM_1	Skeletal muscle	0.4579
PXD051677	DDA_HM_2	Skeletal muscle	0.4579
PXD051677	DDA_HM_3	Skeletal muscle	0.4421
PXD051677	GPF1_HM_1	Skeletal muscle	0.4579
PXD051677	GPF2_HM_2	Skeletal muscle	0.4474
PXD051677	GPF3_HM_3	Skeletal muscle	0.4474
PXD051677	GPF4_HM_4	Skeletal muscle	0.4684
PXD051677	GPF5_HM_5	Skeletal muscle	0.4895
PXD051677	GPF6_HM_6	Skeletal muscle	0.4684
PXD051706	Stained_Voxel_100um_1	Ovary	0.338
PXD051706	Stained_Voxel_200um_1	Ovary	0.3017
PXD051715	39860_e06597_A_5_4_proteome_2h_reinj	Heart	0.4576
PXD051715	39861_e06596_A_3_4_proteome_2h	Heart	0.4516
PXD051715	39862_e06595_A_3_3_proteome_2h	Heart	0.4854
PXD051715	39863_e06594_A_2_3_proteome_2h	Heart	0.4748
PXD051715	39864_e06593_A_2_2_proteome_2h	Heart	0.4832
PXD051715	39865_e06592_A_3_2_proteome_2h	Heart	0.4906
PXD051715	39866_e06591_A_3_1_proteome_2h	Heart	0.4693
PXD051715	39868_e06589_A_1_3_proteome_2h	Heart	0.4197
PXD051715	39869_e06588_A_1_1_proteome_2h	Heart	0.5205
PXD051715	39870_e06586_A_12_1_proteome_2h	Heart	0.4552
PXD051715	39871_e06585_A_11_2_proteome_2h	Heart	0.4544
PXD051715	39873_e06583_A_6_2_proteome_2h	Heart	0.4409
PXD051715	39874_e06582_A_6_1_proteome_2h	Heart	0.414
PXD051715	39875_e06581_A_5_4_proteome_2h	Heart	0.3939
PXD051715	39878_e06578_A_5_2_proteome_2h	Heart	0.4714
PXD051715	39879_e06577_A_5_1_proteome_2h	Heart	0.4341
PXD051715	39880_e06576_A_3_5_proteome_2h	Heart	0.4667
PXD051715	40204_e06590_A_2_1_proteome_2h	Heart	0.4396
PXD051715	40206_e06580_A_5_3_proteome_2h	Heart	0.4796
PXD051715	40210_e06579_A_6_4_proteome_2h	Heart	0.4687
PXD051715	40211_e06584_A_6_3_proteome_2h	Heart	0.458
PXD051859	OA0022_MSQ2606_EDellar_CSF_DIA_dil1-5_plate1_2C	Brain	0.3088
PXD051859	OA0022_MSQ2606_EDellar_CSF_DIA_dil1-5_plate1_3E	Brain	0.3046
PXD051859	OA0022_MSQ2606_EDellar_CSF_DIA_dil1-5_plate1_6E	Brain	0.3065
PXD051889	QX32029GM	Brain	0.3548
PXD051889	QX32032GM	Brain	0.395
PXD051889	QX32035GM	Brain	0.3363
PXD051889	QX32041GM	Brain	0.3528
PXD051889	QX32044GM	Brain	0.308
PXD051889	QX32047GM	Brain	0.3829
PXD051889	QX32053GM	Brain	0.3169
PXD051889	QX32056GM	Brain	0.3546
PXD051889	QX32059GM	Brain	0.4289
PXD051889	QX32062GM	Brain	0.3663
PXD051889	QX32065GM	Brain	0.3257
PXD051889	QX32068GM	Brain	0.3999
PXD051889	QX32071GM	Brain	0.401
PXD051889	QX32074GM	Brain	0.3384
PXD052011	MP_1	Brain	0.6659
PXD052011	MP_2	Brain	0.457
PXD052011	MP_3	Brain	0.6076
PXD052011	MP_4	Brain	0.5812
PXD052011	MP_5	Brain	0.5518
PXD052011	MP_6	Brain	0.4445
PXD052011	MP_7	Brain	0.4227
PXD052011	MP_8	Brain	0.3277
PXD052011	MP_Interface	Brain	0.5298
PXD052011	MSz_MIX12_fr4	Brain	0.3557
PXD052011	MSz_MIX12_fr7	Brain	0.3484
PXD052011	MSz_MIX12_fr8	Brain	0.433
PXD052011	MSz_XARNAX	Brain	0.3216
PXD052011	WWS_MIX6_powt	Brain	0.4761
PXD052011	WWS_fr1	Brain	0.433
PXD052011	WWS_fr2	Brain	0.5287
PXD052011	WWS_fr3	Brain	0.5295
PXD052011	WWS_fr4	Brain	0.5599
PXD052011	WWS_fr5	Brain	0.4432
PXD052011	WWS_fr6	Brain	0.4253
PXD052143	200706_Angus_muscle_Heart_SRF_103_R01	Heart	0.3531
PXD052143	200706_Angus_muscle_Heart_SRF_140_R01	Heart	0.431
PXD052143	200706_Angus_muscle_Heart_SRF_142_R01	Heart	0.3367
PXD052143	200706_Angus_muscle_Heart_SRF_149_R02	Heart	0.3632
PXD052143	200706_Angus_muscle_Heart_SRF_156_R01	Heart	0.3266
PXD052143	200706_Angus_muscle_Heart_SRF_172_R01	Heart	0.3777
PXD052143	200706_Angus_muscle_Heart_SRF_172_R02	Heart	0.3266
PXD052143	200706_Angus_muscle_Heart_SRF_181_R01	Heart	0.3028
PXD052143	200706_Angus_muscle_Heart_SRF_195_R01	Heart	0.3446
PXD052143	200706_Angus_muscle_Heart_SRM_10_R01	Heart	0.3403
PXD052143	200706_Angus_muscle_Heart_SRM_10_R02	Heart	0.307
PXD052143	200706_Angus_muscle_Heart_SRM_1_R01	Heart	0.3437
PXD052143	200706_Angus_muscle_Heart_SRM_23_R01	Heart	0.3611
PXD052143	200706_Angus_muscle_Heart_SRM_38_R01	Heart	0.3727
PXD052143	200706_Angus_muscle_Heart_SRM_3_R01	Heart	0.3636
PXD052143	200706_Angus_muscle_Heart_SRM_3_R03	Heart	0.3039
PXD052143	200706_Angus_muscle_Heart_SRM_48_R01	Heart	0.32
PXD052143	200706_Angus_muscle_Heart_SRM_48_R02	Heart	0.3513
PXD052143	200706_Angus_muscle_Heart_SRM_95_R01	Heart	0.3616
PXD052143	200706_Angus_muscle_Heart_SRM_97_R01	Heart	0.3221
PXD052143	200706_Angus_muscle_Heart_SRM_99_R01	Heart	0.3679
PXD052143	200706_Angus_muscle_Heart_SSF_112_R01	Heart	0.3315
PXD052143	200706_Angus_muscle_Heart_SSF_119_R01	Heart	0.3121
PXD052143	200706_Angus_muscle_Heart_SSF_120_R01	Heart	0.3184
PXD052143	200706_Angus_muscle_Heart_SSF_120_R02	Heart	0.3254
PXD052143	200706_Angus_muscle_Heart_SSF_128_R01	Heart	0.3194
PXD052143	200706_Angus_muscle_Heart_SSF_128_R03	Heart	0.3142
PXD052143	200706_Angus_muscle_Heart_SSF_130_R01	Heart	0.3833
PXD052143	200706_Angus_muscle_Heart_SSF_130_R02	Heart	0.311
PXD052143	200706_Angus_muscle_Heart_SSF_130_R03	Heart	0.3062
PXD052143	200706_Angus_muscle_Heart_SSF_137_R02	Heart	0.3521
PXD052143	200706_Angus_muscle_Heart_SSF_145_R01	Heart	0.313
PXD052143	200706_Angus_muscle_Heart_SSF_152_R02	Heart	0.3272
PXD052143	200706_Angus_muscle_Heart_SSF_200_R01	Heart	0.3906
PXD052143	200706_Angus_muscle_Heart_SSF_200_R02	Heart	0.3194
PXD052143	200706_Angus_muscle_Heart_SSM_22_R01	Heart	0.3223
PXD052143	200706_Angus_muscle_Heart_SSM_22_R02	Heart	0.3084
PXD052143	200706_Angus_muscle_Heart_SSM_24_R02	Heart	0.4281
PXD052143	200706_Angus_muscle_Heart_SSM_24_R03	Heart	0.3064
PXD052143	200706_Angus_muscle_Heart_SSM_31_R01	Heart	0.3069
PXD052143	200706_Angus_muscle_Heart_SSM_47_R02	Heart	0.4144
PXD052143	200706_Angus_muscle_Heart_SSM_47_R03	Heart	0.3011
PXD052143	200706_Angus_muscle_Heart_SSM_49_R03	Heart	0.3013
PXD052143	200706_Angus_muscle_Heart_SSM_66_R01	Heart	0.3573
PXD052143	200706_Angus_muscle_Heart_SSM_66_R02	Heart	0.3803
PXD052143	200706_Angus_muscle_Heart_SSM_66_R03	Heart	0.3233
PXD052143	200706_Angus_muscle_Heart_SSM_70_R01	Heart	0.3287
PXD052143	200706_Angus_muscle_Heart_SSM_70_R02	Heart	0.368
PXD052143	200706_Angus_muscle_Heart_SSM_70_R03	Heart	0.3043
PXD052143	200706_Angus_muscle_Heart_SSM_75_R01	Heart	0.3403
PXD052143	200706_Angus_muscle_Heart_SSM_94_R02	Heart	0.4216
PXD052254	B191218_05_Lumos_LS_CO_195_4AZ_wPG01_het_01_rep01	Heart	0.3755
PXD052254	B191218_12_Lumos_LS_CO_195_4AZ_wPG01_wt_03_rep01	Heart	0.494
PXD052254	B191218_13_Lumos_LS_CO_195_4AZ_wPG01_wt_04_rep01	Heart	0.3678
PXD052554	002_UCI_DDA_Rpe65 cohort_1_WT_M1	Brain	0.3244
PXD052554	002_UCI_DDA_Rpe65_cohort_1_WT_M1	Brain	0.3244
PXD052554	007_UCI_DDA_Rpe65 cohort_1_Rpe65_KO_M2	Brain	0.3006
PXD052554	007_UCI_DDA_Rpe65_cohort_1_Rpe65_KO_M2	Brain	0.3016
PXD052666	20231004_EXPL1_Evo9_CML_DIA_60ul_PAC_M-4_088	Pituitary gland	0.3
PXD052868	MS216921LUM_Michalina_Hatten_HpH_MS2_F01_20210317110407	Brain	0.5154
PXD052868	MS216921LUM_Michalina_Hatten_HpH_MS2_F02	Brain	0.3719
PXD052868	MS216921LUM_Michalina_Hatten_HpH_MS2_F03	Brain	0.3814
PXD052868	MS216921LUM_Michalina_Hatten_HpH_MS2_F04	Brain	0.3776
PXD052868	MS216921LUM_Michalina_Hatten_HpH_MS2_F06	Brain	0.3424
PXD052868	MS216921LUM_Michalina_Hatten_HpH_MS2_F07	Brain	0.4817
PXD052904	231208_IgG_1	Testis	0.6195
PXD052904	231208_IgG_2	Testis	0.4845
PXD052904	231208_NXT2_1	Testis	0.5692
PXD052904	231208_NXT2_2	Testis	0.5184
PXD052904	231208_NXT2_3	Testis	0.6274
PXD052904	231208_NXT2_4	Testis	0.5265
PXD053043	oecf5-BG0833-09	Brain	0.6453
PXD053043	oecf5-BG0833-11	Brain	0.5933
PXD053043	oecf5-BG0833-12	Brain	0.5131
PXD053043	oecf5-BG0833-13	Brain	0.5986
PXD053043	oecf5-BG0833-14	Brain	0.4383
PXD053043	oecf5-BG0833-15	Brain	0.4672
PXD053043	oecf5-BG0833-16	Brain	0.429
PXD053300	RefXXX_BRIC_LKO_557_C7_DMSO_MS2_181220	Brain	0.3592
PXD053362	20211027_LennonR_WilliamsE_10	Ovary	0.305
PXD053362	20211027_LennonR_WilliamsE_20_1	Ovary	0.3169
PXD053362	20211027_LennonR_WilliamsE_26	Ovary	0.3054
PXD053362	20211027_LennonR_WilliamsE_35	Ovary	0.3489
PXD053362	20211027_LennonR_WilliamsE_44	Ovary	0.3053
PXD053362	20211027_LennonR_WilliamsE_50	Ovary	0.3068
PXD053362	20211203_LennonR_WilliamsE_02	Kidney	0.3094
PXD053362	20211203_LennonR_WilliamsE_06	Kidney	0.4488
PXD053362	20211203_LennonR_WilliamsE_07	Kidney	0.4561
PXD053362	20211203_LennonR_WilliamsE_08	Kidney	0.363
PXD053362	20211203_LennonR_WilliamsE_09	Kidney	0.4143
PXD053362	20211203_LennonR_WilliamsE_10	Kidney	0.6581
PXD053362	20211203_LennonR_WilliamsE_10r	Kidney	0.677
PXD053362	20211203_LennonR_WilliamsE_11	Kidney	0.4851
PXD053362	20211203_LennonR_WilliamsE_12	Kidney	0.6172
PXD053362	20211203_LennonR_WilliamsE_16	Kidney	0.5978
PXD053362	20211203_LennonR_WilliamsE_17	Kidney	0.4083
PXD053362	20211203_LennonR_WilliamsE_18	Kidney	0.6301
PXD053362	20211203_LennonR_WilliamsE_19	Kidney	0.3318
PXD053362	20211203_LennonR_WilliamsE_21	Kidney	0.4565
PXD053362	20211203_LennonR_WilliamsE_22	Kidney	0.515
PXD053362	20211203_LennonR_WilliamsE_22r	Kidney	0.522
PXD053362	20211203_LennonR_WilliamsE_24	Kidney	0.5942
PXD053362	20211203_LennonR_WilliamsE_25	Kidney	0.5769
PXD053362	20211203_LennonR_WilliamsE_26	Kidney	0.5939
PXD053362	20211203_LennonR_WilliamsE_27	Kidney	0.5742
PXD053362	20211203_LennonR_WilliamsE_28	Kidney	0.5654
PXD053362	20211203_LennonR_WilliamsE_29	Kidney	0.5748
PXD053362	20211203_LennonR_WilliamsE_30	Kidney	0.5764
PXD053362	20211203_LennonR_WilliamsE_31	Kidney	0.3528
PXD053362	20211203_LennonR_WilliamsE_32	Kidney	0.4204
PXD053362	20211203_LennonR_WilliamsE_33	Kidney	0.6103
PXD053362	20211203_LennonR_WilliamsE_35	Kidney	0.5734
PXD053362	20211203_LennonR_WilliamsE_36	Kidney	0.5747
PXD053362	20211203_LennonR_WilliamsE_38	Kidney	0.5833
PXD053362	20211203_LennonR_WilliamsE_39	Kidney	0.7628
PXD053362	20211203_LennonR_WilliamsE_40	Kidney	0.5074
PXD053362	20211203_LennonR_WilliamsE_41	Kidney	0.5478
PXD053362	20211203_LennonR_WilliamsE_42	Kidney	0.4825
PXD053362	20211203_LennonR_WilliamsE_44	Kidney	0.6911
PXD053362	20211203_LennonR_WilliamsE_45	Kidney	0.4459
PXD053362	20211203_LennonR_WilliamsE_47	Kidney	0.4872
PXD053362	20211203_LennonR_WilliamsE_47r	Kidney	0.5981
PXD053362	20211203_LennonR_WilliamsE_48	Kidney	0.5606
PXD053362	20211203_LennonR_WilliamsE_49	Kidney	0.6139
PXD053362	20211203_LennonR_WilliamsE_50	Kidney	0.6846
PXD053362	20211203_LennonR_WilliamsE_50r	Kidney	0.6728
PXD053362	20211203_LennonR_WilliamsE_51	Kidney	0.3666
PXD053362	20211203_LennonR_WilliamsE_52	Kidney	0.4918
PXD053362	20211203_LennonR_WilliamsE_53	Kidney	0.4309
PXD053362	20211203_LennonR_WilliamsE_54	Kidney	0.5589
PXD053362	2021203_LennonR_WilliamsE_pool_01	Kidney	0.5584
PXD053450	Exp_Saet_1_WithCarrier_E4	Heart	0.404
PXD053450	Exp_Saet_1_WithCarrier_E5	Heart	0.3243
PXD053450	Exp_Saet_1_WithCarrier_E6	Heart	0.3542
PXD053450	Exp_Saet_1_WithCarrier_E7	Heart	0.3681
PXD053450	Exp_Saet_1_WithCarrier_E8	Heart	0.4362
PXD053450	Exp_Saet_2_WithCarrier_A10	Heart	0.3671
PXD053450	Exp_Saet_2_WithCarrier_A5	Heart	0.3742
PXD053450	Exp_Saet_2_WithCarrier_A6	Heart	0.3156
PXD053450	Exp_Saet_2_WithCarrier_A7	Heart	0.3937
PXD053450	Exp_Saet_2_WithCarrier_A8	Heart	0.5387
PXD053450	Exp_Saet_2_WithCarrier_A9	Heart	0.4089
PXD053450	Exp_Saet_3_WithCarrier_B5	Heart	0.414
PXD053450	Exp_Saet_3_WithCarrier_B6	Heart	0.4063
PXD053450	Exp_Saet_3_WithCarrier_B7	Heart	0.4175
PXD053450	Exp_Saet_3_WithCarrier_B8	Heart	0.5078
PXD053450	Exp_Saet_3_WithCarrier_B9	Heart	0.3179
PXD053450	Exp_Saet_4_WithCarrier_C5	Heart	0.3539
PXD053450	Exp_Saet_4_WithCarrier_C7	Heart	0.4652
PXD053450	Exp_Saet_4_WithCarrier_C8	Heart	0.5567
PXD053450	Exp_Saet_4_WithCarrier_C9	Heart	0.3626
PXD053450	Exp_Saet_5_WithCarrier_D10	Heart	0.3989
PXD053450	Exp_Saet_5_WithCarrier_D5	Heart	0.369
PXD053450	Exp_Saet_5_WithCarrier_D6	Heart	0.5096
PXD053450	Exp_Saet_5_WithCarrier_D7	Heart	0.3869
PXD053450	Exp_Saet_5_WithCarrier_D8	Heart	0.5543
PXD053450	Exp_Saet_5_WithCarrier_D9	Heart	0.4833
PXD053450	Exp_Saet_6_WithCarrier_E10	Heart	0.3887
PXD053450	Exp_Saet_6_WithCarrier_E5	Heart	0.3314
PXD053450	Exp_Saet_6_WithCarrier_E6	Heart	0.3832
PXD053450	Exp_Saet_6_WithCarrier_E7	Heart	0.3942
PXD053450	Exp_Saet_6_WithCarrier_E8	Heart	0.423
PXD053450	Exp_Saet_6_WithCarrier_E9	Heart	0.4561
PXD053450	Exp_Saet_7_WithCarrier_F10	Heart	0.3165
PXD053450	Exp_Saet_7_WithCarrier_F6	Heart	0.4739
PXD053450	Exp_Saet_7_WithCarrier_F7	Heart	0.4493
PXD053450	Exp_Saet_7_WithCarrier_F9	Heart	0.5854
PXD053450	Exp_Saet_8_WithCarrier_G10	Heart	0.3411
PXD053450	Exp_Saet_8_WithCarrier_G5	Heart	0.3617
PXD053450	Exp_Saet_8_WithCarrier_G8	Heart	0.4035
PXD053450	Exp_Saet_8_WithCarrier_G9	Heart	0.5054
PXD053450	Exp_Saet_9_WithCarrier_H10	Heart	0.366
PXD053450	Exp_Saet_9_WithCarrier_H6	Heart	0.4731
PXD053450	Exp_Saet_9_WithCarrier_H7	Heart	0.3695
PXD053450	Exp_Saet_9_WithCarrier_H8	Heart	0.4961
PXD053450	Exp_Saet_9_WithCarrier_H9	Heart	0.5788
PXD053450	Myocardial_tissue_A2	Heart	0.68
PXD053450	Myocardial_tissue_A3	Heart	0.7054
PXD053450	Myocardial_tissue_A4	Heart	0.6912
PXD053450	Myocardial_tissue_A5	Heart	0.6819
PXD053450	Myocardial_tissue_A6	Heart	0.6862
PXD053450	Myocardial_tissue_A7	Heart	0.6208
PXD053450	Myocardial_tissue_A8	Heart	0.6693
PXD053450	Myocardial_tissue_A9	Heart	0.6301
PXD053450	Per_Myo_05_35_1	Heart	0.5808
PXD053450	Per_Myo_05_35_2	Heart	0.5845
PXD053450	Per_Myo_05_35_3	Heart	0.6095
PXD053450	Per_Myo_0_4_1	Heart	0.6025
PXD053450	Per_Myo_0_4_2	Heart	0.5891
PXD053450	Per_Myo_0_4_3	Heart	0.6225
PXD053450	Per_Myo_1_3_1	Heart	0.6053
PXD053450	Per_Myo_1_3_2	Heart	0.5796
PXD053450	Per_Myo_1_3_3	Heart	0.5552
PXD053450	Per_Myo_2_2_1	Heart	0.4603
PXD053450	Per_Myo_2_2_2	Heart	0.3135
PXD053450	Per_Myo_2_2_3	Heart	0.4126
PXD053450	Per_Myo_3_1_1	Heart	0.301
PXD053450	Per_Myo_3_1_3	Heart	0.369
PXD053613	Wildtype_rep1	Testis	0.3238
PXD053613	Wildtype_rep2	Testis	0.3627
PXD053613	Wildtype_rep3	Testis	0.334
PXD053814	AD-B1-H2O18-F1	Brain	0.399
PXD053814	AD-B1-H2O18-F3	Brain	0.5962
PXD053814	AD-B1-H2O18-F4	Brain	0.5447
PXD053814	AD-B1-H2O18-F5	Brain	0.5591
PXD053814	AD-B1-H2O18-F6	Brain	0.5521
PXD053814	AD-B1-H2O18-F7	Brain	0.642
PXD053814	AD-B1-H2O18-F8	Brain	0.6378
PXD053814	AD-B1-Sark-Sol	Brain	0.8582
PXD053814	AD-B1-Std-F1	Brain	0.4973
PXD053814	AD-B1-Std-F2	Brain	0.436
PXD053814	AD-B1-Std-F3	Brain	0.5129
PXD053814	AD-B1-Std-F4	Brain	0.59
PXD053814	AD-B1-Std-F5	Brain	0.6958
PXD053814	AD-B1-Std-F6	Brain	0.7659
PXD053814	AD-B1-Std-F7	Brain	0.6307
PXD053814	AD-B1-Std-F8	Brain	0.764
PXD053814	AD-B10-H2O18-F1	Brain	0.6464
PXD053814	AD-B10-H2O18-F2	Brain	0.42
PXD053814	AD-B10-H2O18-F3	Brain	0.5468
PXD053814	AD-B10-H2O18-F4	Brain	0.5098
PXD053814	AD-B10-H2O18-F5	Brain	0.5588
PXD053814	AD-B10-H2O18-F6	Brain	0.4529
PXD053814	AD-B10-H2O18-F7	Brain	0.5348
PXD053814	AD-B10-H2O18-F8	Brain	0.4128
PXD053814	AD-B10-Soluble	Brain	0.8466
PXD053814	AD-B10-Std-F1	Brain	0.6926
PXD053814	AD-B10-Std-F2	Brain	0.7073
PXD053814	AD-B10-Std-F3	Brain	0.5433
PXD053814	AD-B10-Std-F4	Brain	0.6497
PXD053814	AD-B10-Std-F5	Brain	0.7342
PXD053814	AD-B10-Std-F6	Brain	0.6518
PXD053814	AD-B10-Std-F7	Brain	0.6967
PXD053814	AD-B10-Std-F8	Brain	0.6875
PXD053814	AD-B2-Soluble	Brain	0.8769
PXD053814	AD-B2-Std-F1	Brain	0.6509
PXD053814	AD-B2-Std-F2	Brain	0.6587
PXD053814	AD-B2-Std-F3	Brain	0.6053
PXD053814	AD-B2-Std-F4	Brain	0.6735
PXD053814	AD-B2-Std-F5	Brain	0.6418
PXD053814	AD-B2-Std-F6	Brain	0.547
PXD053814	AD-B2-Std-F7	Brain	0.7753
PXD053814	AD-B2-Std-F8	Brain	0.7138
PXD053814	AD-B3-H2O18-F1	Brain	0.3436
PXD053814	AD-B3-H2O18-F5	Brain	0.3759
PXD053814	AD-B3-H2O18-F6	Brain	0.3709
PXD053814	AD-B3-H2O18-F7	Brain	0.432
PXD053814	AD-B3-H2O18-F8	Brain	0.4566
PXD053814	AD-B3-Soluble	Brain	0.8674
PXD053814	AD-B3-Std-F1	Brain	0.5548
PXD053814	AD-B3-Std-F2	Brain	0.6561
PXD053814	AD-B3-Std-F3	Brain	0.7105
PXD053814	AD-B3-Std-F4	Brain	0.5449
PXD053814	AD-B3-Std-F5	Brain	0.6777
PXD053814	AD-B3-Std-F6	Brain	0.6652
PXD053814	AD-B3-Std-F7	Brain	0.7389
PXD053814	AD-B3-Std-F8	Brain	0.7428
PXD053814	AD-B4-H2O18-F1	Brain	0.6988
PXD053814	AD-B4-H2O18-F2	Brain	0.4195
PXD053814	AD-B4-H2O18-F3	Brain	0.6396
PXD053814	AD-B4-H2O18-F4	Brain	0.5253
PXD053814	AD-B4-H2O18-F5	Brain	0.4876
PXD053814	AD-B4-H2O18-F6	Brain	0.6645
PXD053814	AD-B4-H2O18-F7	Brain	0.6063
PXD053814	AD-B4-H2O18-F8	Brain	0.7264
PXD053814	AD-B4-Soluble	Brain	0.9037
PXD053814	AD-B4-Std-F1	Brain	0.6229
PXD053814	AD-B4-Std-F2	Brain	0.7372
PXD053814	AD-B4-Std-F3	Brain	0.7595
PXD053814	AD-B4-Std-F4	Brain	0.5431
PXD053814	AD-B4-Std-F5	Brain	0.684
PXD053814	AD-B4-Std-F6	Brain	0.5829
PXD053814	AD-B4-Std-F7	Brain	0.6698
PXD053814	AD-B4-Std-F8	Brain	0.6816
PXD053814	AD-B5-BA408B-H2O18-F3	Brain	0.7333
PXD053814	AD-B5-BA408B-H2O18-F4	Brain	0.5097
PXD053814	AD-B5-BA408B-H2O18-F5	Brain	0.562
PXD053814	AD-B5-BA408B-H2O18-F6	Brain	0.7322
PXD053814	AD-B5-H2O18-F1	Brain	0.4863
PXD053814	AD-B5-H2O18-F7	Brain	0.5718
PXD053814	AD-B5-H2O18-F8	Brain	0.7356
PXD053814	AD-B5-Soluble	Brain	0.7867
PXD053814	AD-B5-Std-F1	Brain	0.7471
PXD053814	AD-B5-Std-F2	Brain	0.6768
PXD053814	AD-B5-Std-F3	Brain	0.4626
PXD053814	AD-B5-Std-F4	Brain	0.4662
PXD053814	AD-B5-Std-F5	Brain	0.7257
PXD053814	AD-B5-Std-F6	Brain	0.7157
PXD053814	AD-B5-Std-F7	Brain	0.6967
PXD053814	AD-B5-Std-F8	Brain	0.7818
PXD053814	AD-B6-H2O18-F2	Brain	0.3663
PXD053814	AD-B6-H2O18-F3	Brain	0.3743
PXD053814	AD-B6-H2O18-F4	Brain	0.359
PXD053814	AD-B6-H2O18-F5	Brain	0.5211
PXD053814	AD-B6-H2O18-F6	Brain	0.3504
PXD053814	AD-B6-H2O18-F7	Brain	0.4021
PXD053814	AD-B6-H2O18-F8	Brain	0.4157
PXD053814	AD-B6-Soluble	Brain	0.8642
PXD053814	AD-B6-Std-F1	Brain	0.7395
PXD053814	AD-B6-Std-F2	Brain	0.6956
PXD053814	AD-B6-Std-F3	Brain	0.6176
PXD053814	AD-B6-Std-F4	Brain	0.5517
PXD053814	AD-B6-Std-F5	Brain	0.6344
PXD053814	AD-B6-Std-F6	Brain	0.6856
PXD053814	AD-B6-Std-F7	Brain	0.6898
PXD053814	AD-B6-Std-F8	Brain	0.7011
PXD053814	AD-B7-Std-F1	Brain	0.7129
PXD053814	AD-B7-Std-F2	Brain	0.7053
PXD053814	AD-B7-Std-F3	Brain	0.628
PXD053814	AD-B7-Std-F4	Brain	0.6006
PXD053814	AD-B7-Std-F5	Brain	0.6644
PXD053814	AD-B7-Std-F6	Brain	0.6401
PXD053814	AD-B7-Std-F7	Brain	0.7191
PXD053814	AD-B7-Std-F8	Brain	0.7888
PXD053814	AD-B8-H2O18-F1	Brain	0.526
PXD053814	AD-B8-H2O18-F2	Brain	0.3721
PXD053814	AD-B8-H2O18-F3	Brain	0.4127
PXD053814	AD-B8-H2O18-F4	Brain	0.3859
PXD053814	AD-B8-H2O18-F5	Brain	0.4994
PXD053814	AD-B8-H2O18-F6	Brain	0.5711
PXD053814	AD-B8-H2O18-F7	Brain	0.6107
PXD053814	AD-B8-H2O18-F8	Brain	0.5406
PXD053814	AD-B8-Soluble	Brain	0.8124
PXD053814	AD-B8-Std-F1	Brain	0.6797
PXD053814	AD-B8-Std-F2	Brain	0.5772
PXD053814	AD-B8-Std-F3	Brain	0.648
PXD053814	AD-B8-Std-F4	Brain	0.6283
PXD053814	AD-B8-Std-F5	Brain	0.7331
PXD053814	AD-B8-Std-F6	Brain	0.712
PXD053814	AD-B8-Std-F7	Brain	0.7088
PXD053814	AD-B8-Std-F8	Brain	0.7099
PXD053814	AD-B9-H2O18-F2	Brain	0.3759
PXD053814	AD-B9-H2O18-F3	Brain	0.4593
PXD053814	AD-B9-H2O18-F4	Brain	0.4198
PXD053814	AD-B9-H2O18-F5	Brain	0.4107
PXD053814	AD-B9-H2O18-F7	Brain	0.3186
PXD053814	AD-B9-Soluble	Brain	0.8685
PXD053814	AD-B9-Spike-in-F1	Brain	0.5616
PXD053814	AD-B9-Spike-in-F2	Brain	0.537
PXD053814	AD-B9-Spike-in-F3	Brain	0.6514
PXD053814	AD-B9-Spike-in-F3-Rerun-S262-S400-Spiked-in	Brain	0.7243
PXD053814	AD-B9-Spike-in-F4	Brain	0.7234
PXD053814	AD-B9-Spike-in-F5	Brain	0.6097
PXD053814	AD-B9-Spike-in-F6	Brain	0.7256
PXD053814	AD-B9-Spike-in-F7	Brain	0.6219
PXD053814	AD-B9-Spike-in-F8	Brain	0.6117
PXD053814	AD-B9-Std-F1	Brain	0.5093
PXD053814	AD-B9-Std-F2	Brain	0.4749
PXD053814	AD-B9-Std-F3	Brain	0.5387
PXD053814	AD-B9-Std-F4	Brain	0.5491
PXD053814	AD-B9-Std-F6	Brain	0.6276
PXD053814	AD-B9-Std-F7	Brain	0.6485
PXD053814	AD-B9-Std-F8	Brain	0.5828
PXD053814	ALS-B1-H2O18-F4	Brain	0.3347
PXD053814	ALS-B1-H2O18-F5	Brain	0.4456
PXD053814	ALS-B1-H2O18-F7	Brain	0.3284
PXD053814	ALS-B1-H2O18-F8	Brain	0.4467
PXD053814	ALS-B1-Soluble	Brain	0.8928
PXD053814	ALS-B1-Std-F1	Brain	0.6693
PXD053814	ALS-B1-Std-F2	Brain	0.6595
PXD053814	ALS-B1-Std-F3	Brain	0.6844
PXD053814	ALS-B1-Std-F4	Brain	0.6554
PXD053814	ALS-B1-Std-F5	Brain	0.597
PXD053814	ALS-B1-Std-F6	Brain	0.7009
PXD053814	ALS-B1-Std-F7	Brain	0.6818
PXD053814	ALS-B1-Std-F8	Brain	0.7668
PXD053814	CTR-B1-Soluble	Brain	0.8702
PXD053814	CTR-B1-Std-F1	Brain	0.6973
PXD053814	CTR-B1-Std-F2	Brain	0.6011
PXD053814	CTR-B1-Std-F3	Brain	0.6439
PXD053814	CTR-B1-Std-F4	Brain	0.7154
PXD053814	CTR-B1-Std-F5	Brain	0.7464
PXD053814	CTR-B1-Std-F6	Brain	0.6579
PXD053814	CTR-B1-Std-F7	Brain	0.6059
PXD053814	CTR-B1-Std-F8	Brain	0.8278
PXD053814	CTR-B2-Soluble	Brain	0.8665
PXD053814	CTR-B2-Std-F1	Brain	0.536
PXD053814	CTR-B2-Std-F2	Brain	0.5969
PXD053814	CTR-B2-Std-F3	Brain	0.4947
PXD053814	CTR-B2-Std-F4	Brain	0.6787
PXD053814	CTR-B2-Std-F5	Brain	0.7635
PXD053814	CTR-B2-Std-F6	Brain	0.7022
PXD053814	CTR-B2-Std-F7	Brain	0.7005
PXD053814	CTR-B2-Std-F8	Brain	0.8036
PXD053814	CTR-B3-Soluble	Brain	0.8525
PXD053814	CTR-B3-Std-F1	Brain	0.6633
PXD053814	CTR-B3-Std-F2	Brain	0.7413
PXD053814	CTR-B3-Std-F3	Brain	0.6669
PXD053814	CTR-B3-Std-F4	Brain	0.6689
PXD053814	CTR-B3-Std-F5	Brain	0.7471
PXD053814	CTR-B3-Std-F6	Brain	0.7252
PXD053814	CTR-B3-Std-F7	Brain	0.5736
PXD053814	CTR-B3-Std-F8	Brain	0.8014
PXD053814	LowAD-B1-Soluble	Brain	0.8522
PXD053814	LowAD-B1-Std-F1	Brain	0.6118
PXD053814	LowAD-B1-Std-F2	Brain	0.7085
PXD053814	LowAD-B1-Std-F3	Brain	0.6168
PXD053814	LowAD-B1-Std-F4	Brain	0.5063
PXD053814	LowAD-B1-Std-F5	Brain	0.5887
PXD053814	LowAD-B1-Std-F6	Brain	0.5562
PXD053814	LowAD-B1-Std-F7	Brain	0.6413
PXD053814	LowAD-B1-Std-F8	Brain	0.7104
PXD053814	LowAD-B2-Soluble	Brain	0.8866
PXD053814	LowAD-B2-Std-F1	Brain	0.6537
PXD053814	LowAD-B2-Std-F2	Brain	0.6687
PXD053814	LowAD-B2-Std-F3	Brain	0.4996
PXD053814	LowAD-B2-Std-F4	Brain	0.5182
PXD053814	LowAD-B2-Std-F5	Brain	0.5997
PXD053814	LowAD-B2-Std-F6	Brain	0.6972
PXD053814	LowAD-B2-Std-F7	Brain	0.6717
PXD053814	LowAD-B2-Std-F8	Brain	0.7112
PXD054069	Control3	Brain	0.3232
PXD054069	LA1	Brain	0.4221
PXD054069	LA2	Brain	0.32
PXD054069	LA3	Brain	0.3606
PXD054069	LPS_26_1	Brain	0.3595
PXD054069	LPS_26_3	Brain	0.4069
PXD054069	LPS_48_1	Brain	0.3746
PXD054323	20170623_QEPlus_ML_LH_EXP8_4WEEKS_20818	Liver	0.3417
PXD054323	20170623_QEPlus_ML_LH_EXP8_4WEEKS_20819	Liver	0.4057
PXD054323	20170623_QEPlus_ML_LH_EXP8_4WEEKS_20820	Liver	0.4075
PXD054323	20170623_QEPlus_ML_LH_EXP8_4WEEKS_20821	Liver	0.4531
PXD054323	20170623_QEPlus_ML_LH_EXP8_4WEEKS_20822	Liver	0.4081
PXD054323	20170623_QEPlus_ML_LH_EXP8_4WEEKS_20823	Liver	0.4018
PXD054323	20170623_QEPlus_ML_LH_EXP8_4WEEKS_20824	Liver	0.3292
PXD054323	20170623_QEPlus_ML_LH_EXP8_4WEEKS_20825	Liver	0.4101
PXD054323	20170623_QEPlus_ML_LH_EXP8_4WEEKS_20826	Liver	0.3997
PXD054323	20170623_QEPlus_ML_LH_EXP8_4WEEKS_20827	Liver	0.3845
PXD054323	20170623_QEPlus_ML_LH_EXP8_4WEEKS_20828	Liver	0.4246
PXD054323	20170623_QEPlus_ML_LH_EXP8_4WEEKS_20829	Liver	0.4249
PXD054323	20170623_QEPlus_ML_LH_EXP8_4WEEKS_20830	Liver	0.4092
PXD054323	20170623_QEPlus_ML_LH_EXP8_4WEEKS_20831	Liver	0.4326
PXD054323	20170623_QEPlus_ML_LH_EXP8_4WEEKS_20832	Liver	0.427
PXD054323	20170623_QEPlus_ML_LH_EXP8_4WEEKS_20833	Liver	0.434
PXD054323	20170623_QEPlus_ML_LH_EXP8_4WEEKS_20834	Liver	0.4268
PXD054323	20170623_QEPlus_ML_LH_EXP8_4WEEKS_20835	Liver	0.4185
PXD054323	20170623_QEPlus_ML_LH_EXP8_4WEEKS_20836	Liver	0.4407
PXD054323	20170623_QEPlus_ML_LH_EXP8_4WEEKS_20837	Liver	0.3758
PXD054323	20170623_QEPlus_ML_LH_EXP8_4WEEKS_20838	Liver	0.3931
PXD054323	20170623_QEPlus_ML_LH_EXP8_4WEEKS_20839	Liver	0.463
PXD054323	20170623_QEPlus_ML_LH_EXP8_4WEEKS_20840	Liver	0.4115
PXD054323	20170623_QEPlus_ML_LH_EXP8_4WEEKS_20841	Liver	0.3599
PXD054323	20170623_QEPlus_ML_LH_EXP8_4WEEKS_20842	Liver	0.3806
PXD054323	20170623_QEPlus_ML_LH_EXP8_4WEEKS_20843	Liver	0.3857
PXD054323	20170623_QEPlus_ML_LH_EXP8_4WEEKS_20844	Liver	0.4047
PXD054323	20170623_QEPlus_ML_LH_EXP8_4WEEKS_20845	Liver	0.396
PXD054323	20170623_QEPlus_ML_LH_EXP8_4WEEKS_20846	Liver	0.3395
PXD054323	20170623_QEPlus_ML_LH_EXP8_4WEEKS_20847	Liver	0.3669
PXD054323	20170623_QEPlus_ML_LH_EXP8_4WEEKS_21165	Liver	0.4175
PXD054323	20170623_QEPlus_ML_LH_EXP8_4WEEKS_21166	Liver	0.4172
PXD054323	20170623_QEPlus_ML_LH_EXP8_4WEEKS_21167	Liver	0.4165
PXD054323	20170623_QEPlus_ML_LH_EXP8_4WEEKS_21168	Liver	0.4017
PXD054323	20170623_QEPlus_ML_LH_EXP8_4WEEKS_21169	Liver	0.3879
PXD054323	20170623_QEPlus_ML_LH_EXP8_4WEEKS_21180	Liver	0.3869
PXD054323	20170623_QEPlus_ML_LH_EXP8_4WEEKS_21181	Liver	0.3102
PXD054323	20170623_QEPlus_ML_LH_EXP8_4WEEKS_21182	Liver	0.3973
PXD054323	20170623_QEPlus_ML_LH_EXP8_4WEEKS_21183	Liver	0.39
PXD054323	20170623_QEPlus_ML_LH_EXP8_4WEEKS_21184	Liver	0.3437
PXD054323	20170623_QEPlus_ML_LH_EXP8_4WEEKS_21195	Liver	0.4277
PXD054323	20170623_QEPlus_ML_LH_EXP8_4WEEKS_21196	Liver	0.3632
PXD054323	20170623_QEPlus_ML_LH_EXP8_4WEEKS_21197	Liver	0.428
PXD054323	20170623_QEPlus_ML_LH_EXP8_4WEEKS_21198	Liver	0.4072
PXD054323	20170623_QEPlus_ML_LH_EXP8_4WEEKS_21199	Liver	0.3864
PXD054323	20170721_QEPlus_ML_LH_EXP8_30WEEKS_16694	Liver	0.4237
PXD054323	20170721_QEPlus_ML_LH_EXP8_30WEEKS_16695	Liver	0.3868
PXD054323	20170721_QEPlus_ML_LH_EXP8_30WEEKS_16696	Liver	0.4111
PXD054323	20170721_QEPlus_ML_LH_EXP8_30WEEKS_16697	Liver	0.3317
PXD054323	20170721_QEPlus_ML_LH_EXP8_30WEEKS_16698	Liver	0.3765
PXD054323	20170721_QEPlus_ML_LH_EXP8_30WEEKS_16699	Liver	0.3842
PXD054323	20170721_QEPlus_ML_LH_EXP8_30WEEKS_16700	Liver	0.3917
PXD054323	20170721_QEPlus_ML_LH_EXP8_30WEEKS_16701	Liver	0.3274
PXD054323	20170721_QEPlus_ML_LH_EXP8_30WEEKS_16702	Liver	0.4327
PXD054323	20170721_QEPlus_ML_LH_EXP8_30WEEKS_16723	Liver	0.4214
PXD054323	20170721_QEPlus_ML_LH_EXP8_30WEEKS_16724	Liver	0.3467
PXD054323	20170721_QEPlus_ML_LH_EXP8_30WEEKS_16725	Liver	0.3395
PXD054323	20170721_QEPlus_ML_LH_EXP8_30WEEKS_16726	Liver	0.3916
PXD054323	20170721_QEPlus_ML_LH_EXP8_30WEEKS_16727	Liver	0.4102
PXD054323	20170721_QEPlus_ML_LH_EXP8_30WEEKS_16728	Liver	0.3813
PXD054323	20170721_QEPlus_ML_LH_EXP8_30WEEKS_16729	Liver	0.3651
PXD054323	20170721_QEPlus_ML_LH_EXP8_30WEEKS_16731	Liver	0.3894
PXD054323	20170721_QEPlus_ML_LH_EXP8_30WEEKS_16732	Liver	0.3644
PXD054323	20170721_QEPlus_ML_LH_EXP8_30WEEKS_16733	Liver	0.3956
PXD054323	20170721_QEPlus_ML_LH_EXP8_30WEEKS_16734	Liver	0.4467
PXD054323	20170721_QEPlus_ML_LH_EXP8_30WEEKS_16735	Liver	0.4388
PXD054323	20170721_QEPlus_ML_LH_EXP8_30WEEKS_16736	Liver	0.3638
PXD054323	20170721_QEPlus_ML_LH_EXP8_30WEEKS_16737	Liver	0.39
PXD054323	20170721_QEPlus_ML_LH_EXP8_30WEEKS_16738	Liver	0.4274
PXD054323	20170721_QEPlus_ML_LH_EXP8_30WEEKS_16739	Liver	0.3152
PXD054323	20170721_QEPlus_ML_LH_EXP8_30WEEKS_16740	Liver	0.3011
PXD054323	20170721_QEPlus_ML_LH_EXP8_30WEEKS_16741	Liver	0.4413
PXD054323	20170721_QEPlus_ML_LH_EXP8_30WEEKS_16742	Liver	0.4217
PXD054428	BLN_210519_UnderBglobal_797-18_N_001	Esophagus	0.391
PXD054428	BLN_UnderBglobal_711-16_N_001	Esophagus	0.3605
PXD054428	BLN_UnderBglobal_716-16_N_001	Esophagus	0.3495
PXD055348	20220615_C28605_013_S391764_B22_29730_Interstitial_Control	Kidney	0.6417
PXD055473	230605_LS-6465_01_Control	Skeletal muscle	0.4421
PXD055473	230605_LS-6465_02_Control	Skeletal muscle	0.4368
PXD055473	230605_LS-6465_03_Control	Skeletal muscle	0.4316
PXD055473	230605_LS-6465_04_0023_SC1_1_TMEM70	Skeletal muscle	0.3947
PXD055473	230605_LS-6465_05_0023_SC1_2_TMEM70	Skeletal muscle	0.3947
PXD055473	230605_LS-6465_06_0023_SC1_3_TMEM70	Skeletal muscle	0.4158
PXD055473	230605_LS-6465_07_0024_SC2_1_TMEM70	Skeletal muscle	0.4053
PXD055473	230605_LS-6465_08_0024_SC2_2_TMEM70	Skeletal muscle	0.4053
PXD055473	230605_LS-6465_09_0024_SC2_3_TMEM70	Skeletal muscle	0.4211
PXD055633	202400522_KK_NETs_9_Donor2_AC264613	Bone marrow	0.3107
PXD055984	20240430_JD_232	Brain	0.5572
PXD055984	20240430_JD_233	Brain	0.4906
PXD055984	20240430_JD_234	Brain	0.564
PXD055984	20240430_JD_235	Brain	0.5345
PXD055984	20240430_JD_236	Brain	0.5792
PXD055984	20240430_JD_237	Brain	0.4807
PXD055984	20240507_JD_238	Brain	0.6337
PXD055984	20240507_JD_239	Brain	0.5298
PXD056281	58_DT91_1	Kidney	0.5875
PXD056281	58_DT91_2	Kidney	0.5976
PXD056281	58_DT91_3	Kidney	0.569
PXD056281	59_DT92_1	Kidney	0.571
PXD056281	59_DT92_2	Kidney	0.605
PXD056281	59_DT92_3	Kidney	0.536
PXD056281	60_DT93_1	Kidney	0.7303
PXD056281	60_DT93_2	Kidney	0.6629
PXD056281	60_DT93_3	Kidney	0.6777
PXD056281	61_DT41_1	Kidney	0.3978
PXD056281	61_DT41_2	Kidney	0.4376
PXD056281	61_DT41_3	Kidney	0.3801
PXD056281	62_DT42_1	Kidney	0.3817
PXD056281	62_DT42_2	Kidney	0.3573
PXD056281	62_DT42_3	Kidney	0.3065
PXD056281	63_DT43_1	Kidney	0.4814
PXD056281	63_DT43_2	Kidney	0.4496
PXD056281	63_DT43_3	Kidney	0.3998
PXD056281	67_NT11_1	Kidney	0.3917
PXD056281	67_NT11_2	Kidney	0.4099
PXD056281	67_NT11_3	Kidney	0.4527
PXD056281	68_NT12_1	Kidney	0.5021
PXD056281	68_NT12_2	Kidney	0.495
PXD056281	68_NT12_3	Kidney	0.4849
PXD056281	69_NT13_1	Kidney	0.4981
PXD056281	69_NT13_2	Kidney	0.5443
PXD056281	69_NT13_3	Kidney	0.4952
PXD056281	70_NT21_1	Kidney	0.6109
PXD056281	70_NT21_2	Kidney	0.5576
PXD056281	70_NT21_3	Kidney	0.6275
PXD056281	71_NT22_1	Kidney	0.4909
PXD056281	71_NT22_2	Kidney	0.4309
PXD056281	71_NT22_3	Kidney	0.4677
PXD056281	72_NT23_1	Kidney	0.6031
PXD056281	72_NT23_2	Kidney	0.6022
PXD056281	72_NT23_3	Kidney	0.5959
PXD056514	b1370p10_S5_Fuji_IPA3_2h_2uM_2	Bone marrow	0.3168
PXD056514	b1370p29_S11_R2338_PF_0nM_R	Bone marrow	0.301
PXD056514	b1370p29_S12_R2338_PF_100nM	Bone marrow	0.3258
PXD056514	b1370p29_S12_R2338_PF_100nM_R	Bone marrow	0.353
PXD056514	b1370p29_S13_R2338_PF_1000nM	Bone marrow	0.3163
PXD056514	b1370p29_S18_T0741_PF_1000nM_R	Bone marrow	0.3219
PXD056514	b1370p29_S1_X1100_PF_0nM_R	Bone marrow	0.309
PXD056514	b1370p29_S25_R3762_PF_0nM	Bone marrow	0.3076
PXD056514	b1370p29_S26_R3762_PF_100nM	Bone marrow	0.3047
PXD056514	b1370p29_S27_R3762_PF_1000nM_R	Bone marrow	0.325
PXD056514	b1370p29_S2_X1100_PF_100nM_R	Bone marrow	0.3101
PXD056514	b1370p29_S32_T3676_PF_1000nM_R	Bone marrow	0.3025
PXD056514	b1370p29_S39_R9318_PF_100nM	Bone marrow	0.3331
PXD056701	TP_R4_A	Brain	0.3567
PXD056701	TP_R4_Y	Brain	0.3176
PXD056736	Whole_organ_perfusate_Sample_209	Liver	0.3037
PXD056736	Whole_organ_perfusate_Sample_210	Liver	0.3166
PXD056736	Whole_organ_perfusate_Sample_215	Liver	0.3254
PXD056781	150904-15_2515-02-AII-F03	Colon	0.312
PXD056781	150904-15_2516-02-AII-F02	Colon	0.4196
PXD056781	150904-15_2516-02-AII-F03	Colon	0.4004
PXD056781	150904-15_2520-02-AII-F02	Colon	0.3068
PXD056781	150904-15_2520-02-AII-F03	Colon	0.3166
PXD056781	150904-15_2521-02-AII-F03	Colon	0.3233
PXD056781	150904-15_2524-02-AII-F02	Colon	0.3268
PXD056781	150904-15_2524-02-AII-F03	Colon	0.4207
PXD056781	150904-15_2525-02-AII-F02	Colon	0.321
PXD056781	150904-15_2527-02-AII-F03	Colon	0.3915
PXD056781	150904-15_2601-02-AII-F02	Colon	0.3347
PXD056781	150904-15_2601-02-AII-F03	Colon	0.391
PXD057020	Met_MS2	Brain	0.4138
PXD057020	P1_MS2	Brain	0.3568
PXD057020	Tyr_MS2	Brain	0.3886
PXD057192	LysCsample11	Brain	0.4606
PXD057192	LysCsample14	Brain	0.3997
PXD057192	LysCsample28	Brain	0.4247
PXD057192	LysCsample3	Brain	0.3188
PXD057192	LysCsample30	Brain	0.3124
PXD057192	LysCsample32	Brain	0.4244
PXD057192	LysCsample33	Brain	0.3476
PXD057192	LysCsample34	Brain	0.6364
PXD057192	LysCsample35	Brain	0.3745
PXD057192	LysCsample36	Brain	0.6094
PXD057192	LysCsample38	Brain	0.4858
PXD057192	LysCsample40	Brain	0.3034
PXD057192	LysCsample44	Brain	0.4521
PXD057192	LysCsample45	Brain	0.4194
PXD057192	LysCsample46	Brain	0.5921
PXD057192	LysCsample48	Brain	0.4236
PXD057192	LysCsample6	Brain	0.3224
PXD057192	LysCsample7	Brain	0.3164
PXD057192	TrypSample1	Brain	0.6377
PXD057192	TrypSample10	Brain	0.3243
PXD057192	TrypSample11	Brain	0.678
PXD057192	TrypSample12	Brain	0.3869
PXD057192	TrypSample14	Brain	0.6648
PXD057192	TrypSample15	Brain	0.3022
PXD057192	TrypSample17	Brain	0.3209
PXD057192	TrypSample20	Brain	0.3406
PXD057192	TrypSample24	Brain	0.3479
PXD057192	TrypSample28	Brain	0.6937
PXD057192	TrypSample29	Brain	0.6242
PXD057192	TrypSample3	Brain	0.4145
PXD057192	TrypSample30	Brain	0.622
PXD057192	TrypSample31	Brain	0.5359
PXD057192	TrypSample32	Brain	0.6726
PXD057192	TrypSample33	Brain	0.5626
PXD057192	TrypSample34	Brain	0.6778
PXD057192	TrypSample35	Brain	0.603
PXD057192	TrypSample36	Brain	0.7056
PXD057192	TrypSample37	Brain	0.3649
PXD057192	TrypSample38	Brain	0.7003
PXD057192	TrypSample4	Brain	0.5091
PXD057192	TrypSample40	Brain	0.5551
PXD057192	TrypSample41	Brain	0.5984
PXD057192	TrypSample42	Brain	0.5934
PXD057192	TrypSample43	Brain	0.3773
PXD057192	TrypSample44	Brain	0.6057
PXD057192	TrypSample45	Brain	0.6569
PXD057192	TrypSample46	Brain	0.6986
PXD057192	TrypSample47	Brain	0.5613
PXD057192	TrypSample48	Brain	0.6291
PXD057192	TrypSample49	Brain	0.5151
PXD057192	TrypSample5	Brain	0.3931
PXD057192	TrypSample50	Brain	0.5134
PXD057192	TrypSample6	Brain	0.5272
PXD057192	TrypSample7	Brain	0.4338
PXD057192	TrypSample8	Brain	0.3974
PXD057192	TrypSample9	Brain	0.6241
PXD057196	HDL_21_04HR_R2	Salivary gland	0.4928
PXD057269	MIN0329_240422_PRM_GP_Tissue_aORF2p-IP_168N_Rep1	Liver	0.3864
PXD057269	MIN0330_240422_PRM_GP_Tissue_aORF2p-IP_168N_Rep2	Liver	0.408
PXD057269	MIN0331_240422_PRM_GP_Tissue_aORF2p-IP_168N_Rep3	Liver	0.3511
PXD057374	SMN_07	Prostate	0.423
PXD057456	TGvsAAV_MS2	Brain	0.3685
PXD057677	20240316_Lumos_OTIT_Zohaib_Santambrogio_Homogenate_CV10_S1_01	Brain	0.5445
PXD057677	20240316_Lumos_OTIT_Zohaib_Santambrogio_Homogenate_CV11_S9_09	Brain	0.358
PXD057677	20240316_Lumos_OTIT_Zohaib_Santambrogio_Homogenate_CV20_S4_04	Brain	0.3774
PXD057677	20240316_Lumos_OTIT_Zohaib_Santambrogio_Homogenate_CV21_S12_12	Brain	0.4878
PXD057677	20240316_Lumos_OTIT_Zohaib_Santambrogio_Homogenate_CV23_S15_15	Brain	0.6016
PXD057677	20240316_Lumos_OTIT_Zohaib_Santambrogio_Homogenate_CV29_S16_16	Brain	0.3214
PXD057677	20240316_Lumos_OTIT_Zohaib_Santambrogio_Homogenate_X3C12_S6_06	Brain	0.5591
PXD057677	20240316_Lumos_OTIT_Zohaib_Santambrogio_Homogenate_X3C13_S8_08	Brain	0.37
PXD057677	20240316_Lumos_OTIT_Zohaib_Santambrogio_Homogenate_X3C15_S11_11	Brain	0.3384
PXD057677	20240316_Lumos_OTIT_Zohaib_Santambrogio_Homogenate_X3C18_S14_14	Brain	0.3157
PXD057677	20240316_Lumos_OTIT_Zohaib_Santambrogio_Homogenate_X3C6_S3_03	Brain	0.4552
PXD057677	20240316_Lumos_OTIT_Zohaib_Santambrogio_Homogenate_X3V12_S5_05	Brain	0.6
PXD057677	20240316_Lumos_OTIT_Zohaib_Santambrogio_Homogenate_X3V13_S13_13	Brain	0.4821
PXD057677	20240316_Lumos_OTIT_Zohaib_Santambrogio_Homogenate_X3V15_S7_07	Brain	0.5335
PXD057677	20240316_Lumos_OTIT_Zohaib_Santambrogio_Homogenate_X3V6_S2_02	Brain	0.421
PXD057677	20240316_Lumos_OTIT_Zohaib_Santambrogio_Homogenate_X3V7_S10_10	Brain	0.4757
PXD057677	20240319_Lumos_OTIT_Zohaib_Santambrogio_Pellet_CV11_S9_25	Brain	0.5451
PXD057677	20240319_Lumos_OTIT_Zohaib_Santambrogio_Pellet_CV20_S4_20	Brain	0.5706
PXD057677	20240319_Lumos_OTIT_Zohaib_Santambrogio_Pellet_CV21_S12_28	Brain	0.3451
PXD057677	20240319_Lumos_OTIT_Zohaib_Santambrogio_Pellet_X3C12_S6_22	Brain	0.5579
PXD057677	20240319_Lumos_OTIT_Zohaib_Santambrogio_Pellet_X3C13_S8_24	Brain	0.5834
PXD057677	20240319_Lumos_OTIT_Zohaib_Santambrogio_Pellet_X3C6_S3_19	Brain	0.4814
PXD057677	20240319_Lumos_OTIT_Zohaib_Santambrogio_Pellet_X3V12_S5_21	Brain	0.4478
PXD057677	20240319_Lumos_OTIT_Zohaib_Santambrogio_Pellet_X3V15_S7_23	Brain	0.5767
PXD057677	20240319_Lumos_OTIT_Zohaib_Santambrogio_Pellet_X3V6_S2_18	Brain	0.3309
PXD057677	20240319_Lumos_OTIT_Zohaib_Santambrogio_Pellet_X3V7_S10_26	Brain	0.3787
PXD057759	20210217_71020_AlexandreUFPR_N981_1	Heart	0.3279
PXD057932	20210827_EX2_UM1_wu000024_SA_EXT00_PTP5_proteomeD1	Liver	0.3691
PXD057932	20210827_EX2_UM1_wu000024_SA_EXT00_PTP5_proteomeD10	Liver	0.3995
PXD057932	20210827_EX2_UM1_wu000024_SA_EXT00_PTP5_proteomeD11	Liver	0.3435
PXD057932	20210827_EX2_UM1_wu000024_SA_EXT00_PTP5_proteomeD12	Liver	0.3962
PXD057932	20210827_EX2_UM1_wu000024_SA_EXT00_PTP5_proteomeD13	Liver	0.3817
PXD057932	20210827_EX2_UM1_wu000024_SA_EXT00_PTP5_proteomeD14	Liver	0.4103
PXD057932	20210827_EX2_UM1_wu000024_SA_EXT00_PTP5_proteomeD15	Liver	0.3509
PXD057932	20210827_EX2_UM1_wu000024_SA_EXT00_PTP5_proteomeD16	Liver	0.3004
PXD057932	20210827_EX2_UM1_wu000024_SA_EXT00_PTP5_proteomeD17	Liver	0.3642
PXD057932	20210827_EX2_UM1_wu000024_SA_EXT00_PTP5_proteomeD18	Liver	0.3617
PXD057932	20210827_EX2_UM1_wu000024_SA_EXT00_PTP5_proteomeD2	Liver	0.3152
PXD057932	20210827_EX2_UM1_wu000024_SA_EXT00_PTP5_proteomeD3	Liver	0.4003
PXD057932	20210827_EX2_UM1_wu000024_SA_EXT00_PTP5_proteomeD4	Liver	0.3742
PXD057932	20210827_EX2_UM1_wu000024_SA_EXT00_PTP5_proteomeD5	Liver	0.3924
PXD057932	20210827_EX2_UM1_wu000024_SA_EXT00_PTP5_proteomeD6	Liver	0.3975
PXD057932	20210827_EX2_UM1_wu000024_SA_EXT00_PTP5_proteomeD7	Liver	0.4029
PXD057932	20210827_EX2_UM1_wu000024_SA_EXT00_PTP5_proteomeD8	Liver	0.3814
PXD057932	20210827_EX2_UM1_wu000024_SA_EXT00_PTP5_proteomeD9	Liver	0.3578
PXD057968	Ind1_220823_Lysate_Control_1_30min	Monocytes	0.3155
PXD057968	Ind1_220823_Lysate_Control_1_90min	Monocytes	0.3238
PXD057968	Ind1_220823_Lysate_Control_2_90min	Bone marrow	0.3325
PXD057968	Ind1_220823_Lysate_Control_3_30min	Monocytes	0.3712
PXD057968	Ind1_220823_Lysate_Control_3_90min	Monocytes	0.3269
PXD057968	Ind1_220823_Lysate_Control_4_30min	Monocytes	0.3365
PXD057968	Ind1_220823_Lysate_Control_4_90min	Bone marrow	0.3148
PXD057968	Ind1_220823_Lysate_Ionomycin_1_30min	Monocytes	0.3437
PXD057968	Ind1_220823_Lysate_Ionomycin_2_90min	Monocytes	0.3287
PXD057968	Ind1_220823_Lysate_Ionomycin_3_30min	Monocytes	0.3342
PXD057968	Ind1_220823_Lysate_Ionomycin_4_30min	Monocytes	0.3089
PXD057968	Ind1_220823_Lysate_Ionomycin_4_90min	Monocytes	0.3484
PXD057968	Ind1_220823_Lysate_PMA_1_30min	Monocytes	0.3409
PXD057968	Ind1_220823_Lysate_PMA_1_90min	Monocytes	0.3425
PXD057968	Ind1_220823_Lysate_PMA_2_30min	Monocytes	0.3451
PXD057968	Ind1_220823_Lysate_PMA_2_90min	Monocytes	0.3571
PXD057968	Ind1_220823_Lysate_PMA_3_30min	Monocytes	0.3309
PXD057968	Ind1_220823_Lysate_PMA_3_90min	Monocytes	0.312
PXD057968	Ind1_220823_Lysate_PMA_4_30min	Monocytes	0.3063
PXD057968	Ind1_220823_Lysate_PMA_4_90min	Monocytes	0.3517
PXD057968	Ind1_220823_Secretome_Control_1_90min	Monocytes	0.3259
PXD057968	Ind1_220823_Secretome_Control_3_30min	Monocytes	0.3208
PXD057968	Ind1_220823_Secretome_Control_4_30min	Monocytes	0.3002
PXD057968	Ind1_220823_Secretome_Control_4_90min	Monocytes	0.3016
PXD057968	Ind1_220823_Secretome_Ionomycin_1_30min	Monocytes	0.3409
PXD057968	Ind1_220823_Secretome_Ionomycin_1_90min	Monocytes	0.373
PXD057968	Ind1_220823_Secretome_Ionomycin_3_30min	Monocytes	0.3214
PXD057968	Ind1_220823_Secretome_Ionomycin_4_90min	Monocytes	0.3093
PXD057968	Ind2_220930_Lysate_Control_1_30min	Monocytes	0.3896
PXD057968	Ind2_220930_Lysate_Control_1_90min	Monocytes	0.3393
PXD057968	Ind2_220930_Lysate_Control_2_30min	Monocytes	0.3334
PXD057968	Ind2_220930_Lysate_Control_2_90min	Monocytes	0.3614
PXD057968	Ind2_220930_Lysate_Control_3_30min	Monocytes	0.3502
PXD057968	Ind2_220930_Lysate_Control_3_90min	Monocytes	0.3249
PXD057968	Ind2_220930_Lysate_Ionomycin_1_30min	Monocytes	0.3693
PXD057968	Ind2_220930_Lysate_Ionomycin_1_90min	Monocytes	0.3355
PXD057968	Ind2_220930_Lysate_Ionomycin_2_30min	Monocytes	0.3617
PXD057968	Ind2_220930_Lysate_Ionomycin_2_90min	Monocytes	0.3307
PXD057968	Ind2_220930_Lysate_Ionomycin_3_90min	Monocytes	0.3308
PXD057968	Ind2_220930_Lysate_PMA_1_30min	Monocytes	0.3835
PXD057968	Ind2_220930_Lysate_PMA_1_90min	Monocytes	0.375
PXD057968	Ind2_220930_Lysate_PMA_2_30min	Monocytes	0.3196
PXD057968	Ind2_220930_Lysate_PMA_2_90min	Monocytes	0.3216
PXD057968	Ind2_220930_Lysate_PMA_3_30min	Monocytes	0.3173
PXD057968	Ind2_220930_Lysate_PMA_3_90min	Monocytes	0.327
PXD057968	Ind2_220930_Secretome_Control_1_90min	Monocytes	0.3025
PXD057968	Ind2_220930_Secretome_Control_2_30min	Monocytes	0.3385
PXD057968	Ind2_220930_Secretome_Control_3_90min	Monocytes	0.3927
PXD057968	Ind2_220930_Secretome_Ionomycin_1_90min	Monocytes	0.3108
PXD057968	Ind3_221010_Lysate_Control_1_30min	Monocytes	0.3561
PXD057968	Ind3_221010_Lysate_Control_1_90min	Monocytes	0.3878
PXD057968	Ind3_221010_Lysate_Control_2_30min	Monocytes	0.348
PXD057968	Ind3_221010_Lysate_Control_3_90min	Monocytes	0.3625
PXD057968	Ind3_221010_Lysate_Ionomycin_1_90min	Monocytes	0.3717
PXD057968	Ind3_221010_Lysate_Ionomycin_2_30min	Monocytes	0.3926
PXD057968	Ind3_221010_Lysate_Ionomycin_2_90min	Monocytes	0.3368
PXD057968	Ind3_221010_Lysate_Ionomycin_3_30min	Monocytes	0.3323
PXD057968	Ind3_221010_Lysate_Ionomycin_3_90min	Monocytes	0.3616
PXD057968	Ind3_221010_Lysate_PMA_1_30min	Monocytes	0.4151
PXD057968	Ind3_221010_Lysate_PMA_1_90min	Monocytes	0.3764
PXD057968	Ind3_221010_Lysate_PMA_2_30min	Monocytes	0.3071
PXD057968	Ind3_221010_Lysate_PMA_2_90min	Monocytes	0.4007
PXD057968	Ind3_221010_Lysate_PMA_3_30min	Monocytes	0.4143
PXD057968	Ind3_221010_Secretome_Control_1_90min	Monocytes	0.3767
PXD057968	Ind3_221010_Secretome_Control_2_30min	Monocytes	0.3334
PXD057968	Ind3_221010_Secretome_Control_2_90min	Monocytes	0.3658
PXD057968	Ind3_221010_Secretome_Control_3_30min	Monocytes	0.3436
PXD057968	Ind3_221010_Secretome_Control_3_90min	Monocytes	0.3807
PXD057968	Ind3_221010_Secretome_Ionomycin_2_90min	Monocytes	0.3185
PXD057968	Ind3_221010_Secretome_Ionomycin_3_30min	Monocytes	0.3007
PXD057968	Ind3_221010_Secretome_Ionomycin_3_90min	Monocytes	0.3222
PXD058014	04978_P055094_15SPD_FMS-30-40-50-60-70_R1	Esophagus	0.3301
PXD058014	04978_P055099_15SPD_FMS-30-40-50-60-70_R1	Heart	0.324
PXD058014	04978_P055102_15SPD_FMS-30-40-50-60-70_R1	Esophagus	0.3095
PXD058014	04978_P055107_15SPD_FMS-30-40-50-60-70_R1	Esophagus	0.3046
PXD058014	04978_P055164_15SPD_FMS-35-45-55-65-75_R1	Esophagus	0.3011
PXD058014	04978_P055175_15SPD_FMS-35-45-55-65-75_R1	Esophagus	0.3046
PXD058014	04978_P055177_15SPD_FMS-30-40-50-60-70_R1	Esophagus	0.3422
PXD058014	04978_P055177_15SPD_FMS-35-45-55-65-75_R1	Tonsil	0.3188
PXD058014	04978_P055182_15SPD_FMS-30-40-50-60-70_R1	Esophagus	0.3442
PXD058014	04978_P055182_15SPD_FMS-35-45-55-65-75_R1	Esophagus	0.3123
PXD058014	04978_P055189_15SPD_FMS-35-45-55-65-75_R1	Heart	0.3003
PXD058014	04978_P055191_15SPD_FMS-30-40-50-60-70_R1	Esophagus	0.304
PXD058014	04978_P055194_15SPD_FMS-35-45-55-65-75_R1	Esophagus	0.3042
PXD058014	04978_P055202_15SPD_FMS-30-40-50-60-70_R1	Esophagus	0.3226
PXD058014	04978_P055202_15SPD_FMS-35-45-55-65-75_R1	Esophagus	0.3434
PXD058014	04978_P055210_15SPD_FMS-35-45-55-65-75_R1	Esophagus	0.331
PXD058014	04978_P055214_15SPD_FMS-35-45-55-65-75_R1	Esophagus	0.3202
PXD058014	04978_P055229_15SPD_FMS-30-40-50-60-70_R1	Ovary	0.3103
PXD058014	04978_P055230_15SPD_FMS-30-40-50-60-70_R1	Esophagus	0.3325
PXD058014	04978_P055230_15SPD_FMS-35-45-55-65-75_R1	Esophagus	0.3447
PXD058014	04978_P055237_15SPD_FMS-30-40-50-60-70_R1	Esophagus	0.3241
PXD058014	04978_P055237_15SPD_FMS-35-45-55-65-75_R1	Esophagus	0.3534
PXD058014	04978_P055256_15SPD_FMS-35-45-55-65-75_R1	Esophagus	0.3028
PXD058014	04978_P055259_15SPD_FMS-30-40-50-60-70_R1	Heart	0.3559
PXD058014	04978_P055259_15SPD_FMS-35-45-55-65-75_R1	Heart	0.3845
PXD058014	04978_P055265_15SPD_FMS-30-40-50-60-70_R1	Esophagus	0.3777
PXD058014	04978_P055265_15SPD_FMS-35-45-55-65-75_R1	Esophagus	0.347
PXD058014	04978_P055270_15SPD_FMS-30-40-50-60-70_R1	Esophagus	0.3056
PXD058014	04978_P055276_15SPD_FMS-35-45-55-65-75_R1	Esophagus	0.3063
PXD058014	04978_P055278_15SPD_FMS-30-40-50-60-70_R1	Esophagus	0.3601
PXD058014	04978_P055278_15SPD_FMS-35-45-55-65-75_R1	Esophagus	0.313
PXD058014	04978_P055281_15SPD_FMS-30-40-50-60-70_R1	Esophagus	0.3017
PXD058014	04978_P055281_15SPD_FMS-35-45-55-65-75_R1	Esophagus	0.3105
PXD058160	az01293_02162024	Brain	0.4974
PXD058160	az01294_02162024	Brain	0.4854
PXD058160	az01295_02162024	Brain	0.3855
PXD058160	az01296_02162024	Brain	0.5228
PXD058160	az01297_02182024	Brain	0.4153
PXD058160	az01298_02182024	Brain	0.5002
PXD058160	az01300_02182024	Brain	0.5296
PXD058160	az01301_02182024	Brain	0.4516
PXD058160	az01303_02182024	Brain	0.3581
PXD058160	az01304_02182024	Brain	0.5089
PXD058160	az01306_02182024	Brain	0.3804
PXD058160	az01307_02182024	Brain	0.4697
PXD058160	az01308_02182024	Brain	0.4236
PXD058160	az01309_02182024	Brain	0.5339
PXD058160	az01310_02182024	Brain	0.3925
PXD058160	az01311_02182024	Brain	0.3716
PXD058160	az01313_02182024	Brain	0.3463
PXD058160	az01315_02182024	Brain	0.419
PXD058160	az01316_02182024	Brain	0.4894
PXD058160	az01317_02182024	Brain	0.3163
PXD058160	az01326_02192024	Brain	0.4608
PXD058160	az01327_02192024	Brain	0.5482
PXD058160	az01328_02192024	Brain	0.4587
PXD058160	az01329_02192024	Brain	0.4211
PXD058160	az01330_02192024	Brain	0.4944
PXD058160	az01332_02192024	Brain	0.3063
PXD058160	az01333_02192024	Brain	0.3832
PXD058160	az01334_02192024	Brain	0.3696
PXD058160	az01335_02192024	Brain	0.3844
PXD058160	az01337_02192024	Brain	0.4897
PXD058348	P10A_HighpH_FT	Prostate	0.3002
PXD058348	P10A_HighpH_Fxn4	Prostate	0.4057
PXD058348	P10B_HighpH_Fxn4	Prostate	0.4274
PXD058348	P16A_HighpH_Fxn4	Prostate	0.489
PXD058348	P16A_HighpH_Fxn5	Prostate	0.4865
PXD058348	P16A_HighpH_Fxn6	Prostate	0.4772
PXD058348	P16A_HighpH_Fxn78	Prostate	0.4839
PXD058348	P16B_HighpH_Fxn4	Prostate	0.4792
PXD058348	P17A_HighpH_Fxn5_Repeat	Prostate	0.4583
PXD058348	P17A_HighpH_Fxn6	Prostate	0.4271
PXD058348	P17A_HighpH_Fxn6_Repeat	Prostate	0.4401
PXD058348	P17A_HighpH_Fxn8	Prostate	0.306
PXD058348	P18A_HighpH_Fxn19	Prostate	0.4584
PXD058348	P18A_HighpH_Fxn2	Prostate	0.4601
PXD058348	P18A_HighpH_Fxn3	Prostate	0.4168
PXD058348	P18B_HighpH_Fxn4	Prostate	0.4791
PXD058348	P18B_HighpH_Fxn5	Prostate	0.4752
PXD058348	P18B_HighpH_Fxn6	Prostate	0.4634
PXD058348	P18B_HighpH_Fxn78	Prostate	0.4402
PXD058348	P1A_HighpH_Fxn5	Prostate	0.3065
PXD058348	P20B_HighpH_Fxn5	Prostate	0.4703
PXD058348	P26A_HighpH_Fxn4	Prostate	0.3064
PXD058348	P28A_HighpH_Fxn2	Prostate	0.4634
PXD058348	P29A_HighpH_Fxn5	Prostate	0.4577
PXD058348	P29A_HighpH_Fxn78	Prostate	0.4605
PXD058348	P2A_HighpH_Fxn3	Prostate	0.3073
PXD058348	P30B_HighpH_Fxn78	Prostate	0.3929
PXD058348	P31B_HighpH_Fxn19	Prostate	0.4499
PXD058348	P31B_HighpH_Fxn2	Prostate	0.4687
PXD058348	P31B_HighpH_Fxn5	Prostate	0.4679
PXD058348	P31B_HighpH_Fxn6	Prostate	0.4856
PXD058348	P31B_HighpH_Fxn78	Prostate	0.4651
PXD058348	P32B_HighpH_Fxn78	Prostate	0.3066
PXD058348	P4A_HighpH_Fxn3	Prostate	0.3532
PXD058348	P5B_HighpH_Fxn5	Prostate	0.4531
PXD058348	P7A_HighpH_Fxn19	Prostate	0.3229
PXD058348	P7A_HighpH_Fxn3	Prostate	0.3029
PXD058348	P7A_HighpH_Fxn4	Prostate	0.3229
PXD058348	P7A_HighpH_Fxn5	Prostate	0.301
PXD058348	P7A_HighpH_Fxn6	Prostate	0.3003
PXD058348	P9A_HighpH_Fxn3	Prostate	0.306
PXD058348	P9A_HighpH_Fxn5	Prostate	0.303
PXD058418	240312_EX1_sloosl_N_probe_2	Skeletal muscle	0.3105
PXD058567	220311_C22_011_OE480_Thermo_Rev06_22_011_PAR_AR	Esophagus	0.3213
PXD058567	220311_C22_012_OE480_Thermo_Rev06_22_011_PAR_AR_2	Esophagus	0.3057
PXD058689	Gleason_Lumos1_2_04	Prostate	0.3048
PXD058689	Gleason_Lumos1_2_07	Prostate	0.467
PXD058689	Gleason_Lumos1_2_09	Prostate	0.3045
PXD058689	Gleason_Lumos1_2_16	Prostate	0.3381
PXD058689	Gleason_Lumos1_2_17	Prostate	0.354
PXD058689	Gleason_Lumos1_4_05	Prostate	0.3752
PXD058689	Gleason_Lumos1_4_07	Prostate	0.3491
PXD058689	Gleason_Lumos1_4_09	Prostate	0.4023
PXD058689	Gleason_Lumos1_4_10	Prostate	0.3323
PXD058689	Gleason_Lumos1_4_11	Prostate	0.3076
PXD058689	Gleason_Lumos1_4_18	Prostate	0.3079
PXD058689	Gleason_Lumos1_4_19	Prostate	0.4446
PXD058689	Gleason_Lumos1_4_21	Prostate	0.301
PXD058689	Gleason_Lumos1_6_01	Prostate	0.5103
PXD058689	Gleason_Lumos1_6_02	Prostate	0.4657
PXD058689	Gleason_Lumos1_6_03	Prostate	0.5181
PXD058689	Gleason_Lumos1_6_04	Prostate	0.5166
PXD058689	Gleason_Lumos1_6_05	Prostate	0.4709
PXD058689	Gleason_Lumos1_6_06	Prostate	0.5329
PXD058689	Gleason_Lumos1_6_07	Prostate	0.5074
PXD058689	Gleason_Lumos1_6_08	Prostate	0.446
PXD058689	Gleason_Lumos1_6_09	Prostate	0.4536
PXD058689	Gleason_Lumos1_6_10	Prostate	0.524
PXD058689	Gleason_Lumos1_6_11	Prostate	0.4105
PXD058689	Gleason_Lumos1_6_12	Prostate	0.4532
PXD058689	Gleason_Lumos1_6_13	Prostate	0.4527
PXD058689	Gleason_Lumos1_6_14	Prostate	0.4577
PXD058689	Gleason_Lumos1_6_15	Prostate	0.3964
PXD058689	Gleason_Lumos1_6_17	Prostate	0.4664
PXD058689	Gleason_Lumos1_6_18	Prostate	0.508
PXD058689	Gleason_Lumos1_6_19	Prostate	0.383
PXD058689	Gleason_Lumos1_6_20	Prostate	0.4406
PXD058689	Gleason_Lumos1_6_21	Prostate	0.4831
PXD058689	Gleason_Lumos1_6_22	Prostate	0.4704
PXD058689	Gleason_Lumos1_6_23	Prostate	0.4448
PXD058689	Gleason_Lumos1_6_24	Prostate	0.4367
PXD058689	Gleason_Lumos2_1_02	Prostate	0.3665
PXD058689	Gleason_Lumos2_1_03	Prostate	0.327
PXD058689	Gleason_Lumos2_1_04	Prostate	0.3165
PXD058689	Gleason_Lumos2_1_05	Prostate	0.3029
PXD058689	Gleason_Lumos2_1_06	Prostate	0.3113
PXD058689	Gleason_Lumos2_1_07	Prostate	0.4632
PXD058689	Gleason_Lumos2_1_08	Prostate	0.4729
PXD058689	Gleason_Lumos2_1_09	Prostate	0.4365
PXD058689	Gleason_Lumos2_1_12	Prostate	0.308
PXD058689	Gleason_Lumos2_1_13	Prostate	0.324
PXD058689	Gleason_Lumos2_1_17	Prostate	0.472
PXD058689	Gleason_Lumos2_1_18	Prostate	0.3578
PXD058689	Gleason_Lumos2_1_20	Prostate	0.3191
PXD058689	Gleason_Lumos2_1_21	Prostate	0.3016
PXD058689	Gleason_Lumos2_3_03	Prostate	0.4973
PXD058689	Gleason_Lumos2_3_04	Prostate	0.4371
PXD058689	Gleason_Lumos2_3_07	Prostate	0.486
PXD058689	Gleason_Lumos2_3_08	Prostate	0.431
PXD058689	Gleason_Lumos2_3_09	Prostate	0.4048
PXD058689	Gleason_Lumos2_3_10	Prostate	0.4316
PXD058689	Gleason_Lumos2_3_11	Prostate	0.5145
PXD058689	Gleason_Lumos2_3_12	Prostate	0.4695
PXD058689	Gleason_Lumos2_3_13	Prostate	0.4585
PXD058689	Gleason_Lumos2_3_16	Prostate	0.4314
PXD058689	Gleason_Lumos2_3_18	Prostate	0.4821
PXD058689	Gleason_Lumos2_3_19	Prostate	0.4714
PXD058689	Gleason_Lumos2_3_20	Prostate	0.3196
PXD058689	Gleason_Lumos2_3_22	Prostate	0.484
PXD058689	Gleason_Lumos2_5_02	Prostate	0.5353
PXD058689	Gleason_Lumos2_5_03	Prostate	0.4815
PXD058689	Gleason_Lumos2_5_07	Prostate	0.3845
PXD058689	Gleason_Lumos2_5_08	Prostate	0.4739
PXD058689	Gleason_Lumos2_5_09	Prostate	0.4341
PXD058689	Gleason_Lumos2_5_10	Prostate	0.4832
PXD058689	Gleason_Lumos2_5_11	Prostate	0.3466
PXD058689	Gleason_Lumos2_5_12	Prostate	0.4366
PXD058689	Gleason_Lumos2_5_13	Prostate	0.332
PXD058689	Gleason_Lumos2_5_16	Prostate	0.3166
PXD058689	Gleason_Lumos2_5_18	Prostate	0.5123
PXD058689	Gleason_Lumos2_5_19	Prostate	0.4261
PXD058689	Gleason_Lumos2_5_22	Prostate	0.3171
PXD058689	Gleason_TMT11_QEHFX1_102220_10_07	Prostate	0.3389
PXD058689	Gleason_TMT11_QEHFX4_102220_13_10	Prostate	0.4647
PXD058709	YLJI_180219_020419_mouseheart_1091_GPome_phos_R1_frac14	Heart	0.3294
PXD058709	YLJI_180219_020419_mouseheart_1091_GPome_phos_R1_frac15	Heart	0.3026
PXD058709	YLJI_180219_020419_mouseheart_1091_GPome_phos_R1_frac8	Heart	0.3626
PXD058709	YLJI_180219_020419_mouseheart_1091_GPome_phos_R2_frac8	Heart	0.3521
PXD058709	YLJI_180219_020519_mouseheart_1121_proteome_R1_frac10	Heart	0.3502
PXD058709	YLJI_180219_020519_mouseheart_1121_proteome_R1_frac12	Heart	0.3748
PXD058709	YLJI_180219_020519_mouseheart_1121_proteome_R1_frac13	Heart	0.3245
PXD058709	YLJI_180219_020519_mouseheart_1121_proteome_R1_frac14	Heart	0.3703
PXD058709	YLJI_180219_020519_mouseheart_1121_proteome_R1_frac16	Heart	0.3101
PXD058709	YLJI_180219_020519_mouseheart_1121_proteome_R1_frac18	Heart	0.3593
PXD058709	YLJI_180219_020519_mouseheart_1121_proteome_R1_frac19	Heart	0.3433
PXD058709	YLJI_180219_020519_mouseheart_1121_proteome_R1_frac20	Heart	0.321
PXD058709	YLJI_180219_020519_mouseheart_1121_proteome_R1_frac22	Heart	0.3719
PXD058709	YLJI_180219_020519_mouseheart_1121_proteome_R1_frac6	Heart	0.3661
PXD058709	YLJI_180219_020519_mouseheart_1121_proteome_R1_frac7	Heart	0.3427
PXD058709	YLJI_180219_020519_mouseheart_1121_proteome_R1_frac9	Heart	0.3327
PXD058709	YLJI_180219_020519_mouseheart_1121_proteome_R2_frac10	Heart	0.3443
PXD058709	YLJI_180219_020519_mouseheart_1121_proteome_R2_frac12	Heart	0.4307
PXD058709	YLJI_180219_020519_mouseheart_1121_proteome_R2_frac14	Heart	0.3666
PXD058709	YLJI_180219_020519_mouseheart_1121_proteome_R2_frac15	Heart	0.3166
PXD058709	YLJI_180219_020519_mouseheart_1121_proteome_R2_frac17	Heart	0.3829
PXD058709	YLJI_180219_020519_mouseheart_1121_proteome_R2_frac19	Heart	0.3144
PXD058709	YLJI_180219_020519_mouseheart_1121_proteome_R2_frac20	Heart	0.3148
PXD058709	YLJI_180219_020519_mouseheart_1121_proteome_R2_frac21	Heart	0.3521
PXD058709	YLJI_180219_020519_mouseheart_1121_proteome_R2_frac22	Heart	0.3482
PXD058709	YLJI_180219_020519_mouseheart_1121_proteome_R2_frac6	Heart	0.3346
PXD058709	YLJI_180219_020519_mouseheart_1121_proteome_R2_frac7	Heart	0.3673
PXD058709	YLJI_180219_020519_mouseheart_1121_proteome_R2_frac8	Heart	0.3055
PXD058709	YLJI_180219_020519_mouseheart_1121_proteome_R2_frac9	Heart	0.3636
PXD058709	YLJI_180219_040419_mouseheart_1129_GPome_phos_R1_frac10	Heart	0.3243
PXD058709	YLJI_180219_040419_mouseheart_1129_GPome_phos_R1_frac11	Heart	0.4087
PXD058709	YLJI_180219_040419_mouseheart_1129_GPome_phos_R1_frac14	Heart	0.349
PXD058709	YLJI_180219_040419_mouseheart_1129_GPome_phos_R1_frac15	Heart	0.3414
PXD058709	YLJI_180219_040419_mouseheart_1129_GPome_phos_R1_frac7	Heart	0.3547
PXD058709	YLJI_180219_040419_mouseheart_1129_GPome_phos_R1_frac8	Heart	0.3047
PXD058709	YLJI_180219_040419_mouseheart_1129_GPome_phos_R2_frac10	Heart	0.344
PXD058709	YLJI_180219_040419_mouseheart_1129_GPome_phos_R2_frac11	Heart	0.4021
PXD058709	YLJI_180219_040419_mouseheart_1129_GPome_phos_R2_frac14	Heart	0.3165
PXD058709	YLJI_180219_040419_mouseheart_1129_GPome_phos_R2_frac15	Heart	0.3227
PXD058709	YLJI_180219_040419_mouseheart_1129_GPome_phos_R2_frac17	Heart	0.3369
PXD058709	YLJI_180219_040419_mouseheart_1129_GPome_phos_R2_frac6	Heart	0.302
PXD058709	YLJI_180219_040419_mouseheart_1129_GPome_phos_R2_frac7	Heart	0.4001
PXD058709	YLJI_180219_040419_mouseheart_1129_GPome_phos_R2_frac8	Heart	0.3233
PXD058709	YLJI_180219_050519_mouseheart_1125_proteome_R1_frac10	Heart	0.3383
PXD058709	YLJI_180219_050519_mouseheart_1125_proteome_R1_frac13	Heart	0.3408
PXD058709	YLJI_180219_050519_mouseheart_1125_proteome_R1_frac14	Heart	0.3718
PXD058709	YLJI_180219_050519_mouseheart_1125_proteome_R1_frac15	Heart	0.4216
PXD058709	YLJI_180219_050519_mouseheart_1125_proteome_R1_frac16	Heart	0.4139
PXD058709	YLJI_180219_050519_mouseheart_1125_proteome_R1_frac20	Heart	0.3356
PXD058709	YLJI_180219_050519_mouseheart_1125_proteome_R1_frac21	Heart	0.3103
PXD058709	YLJI_180219_050519_mouseheart_1125_proteome_R1_frac22	Heart	0.3369
PXD058709	YLJI_180219_050519_mouseheart_1125_proteome_R1_frac23	Heart	0.3325
PXD058709	YLJI_180219_050519_mouseheart_1125_proteome_R1_frac6	Heart	0.3524
PXD058709	YLJI_180219_050519_mouseheart_1125_proteome_R1_frac7	Heart	0.3414
PXD058709	YLJI_180219_050519_mouseheart_1125_proteome_R1_frac9	Heart	0.3738
PXD058709	YLJI_180219_050519_mouseheart_1125_proteome_R2_frac11	Heart	0.3172
PXD058709	YLJI_180219_050519_mouseheart_1125_proteome_R2_frac13	Heart	0.3622
PXD058709	YLJI_180219_050519_mouseheart_1125_proteome_R2_frac14	Heart	0.3789
PXD058709	YLJI_180219_050519_mouseheart_1125_proteome_R2_frac15	Heart	0.3921
PXD058709	YLJI_180219_050519_mouseheart_1125_proteome_R2_frac16	Heart	0.4297
PXD058709	YLJI_180219_050519_mouseheart_1125_proteome_R2_frac18	Heart	0.3535
PXD058709	YLJI_180219_050519_mouseheart_1125_proteome_R2_frac19	Heart	0.3591
PXD058709	YLJI_180219_050519_mouseheart_1125_proteome_R2_frac20	Heart	0.3607
PXD058709	YLJI_180219_050519_mouseheart_1125_proteome_R2_frac21	Heart	0.419
PXD058709	YLJI_180219_050519_mouseheart_1125_proteome_R2_frac23	Heart	0.3009
PXD058709	YLJI_180219_050519_mouseheart_1125_proteome_R2_frac6	Heart	0.335
PXD058709	YLJI_180219_050519_mouseheart_1125_proteome_R2_frac7	Heart	0.3342
PXD058709	YLJI_180219_050519_mouseheart_1125_proteome_R2_frac9	Heart	0.4785
PXD058709	YLJI_180219_060419_mouseheart_1127_GPome_phos_R1_frac10	Heart	0.315
PXD058709	YLJI_180219_060419_mouseheart_1127_GPome_phos_R1_frac11	Heart	0.3527
PXD058709	YLJI_180219_060419_mouseheart_1127_GPome_phos_R1_frac13	Heart	0.3044
PXD058709	YLJI_180219_060419_mouseheart_1127_GPome_phos_R1_frac18	Heart	0.3405
PXD058709	YLJI_180219_060419_mouseheart_1127_GPome_phos_R1_frac6	Heart	0.3655
PXD058709	YLJI_180219_060419_mouseheart_1127_GPome_phos_R1_frac7	Heart	0.3641
PXD058709	YLJI_180219_060419_mouseheart_1127_GPome_phos_R1_frac8	Heart	0.4148
PXD058709	YLJI_180219_060419_mouseheart_1127_GPome_phos_R2_frac12	Heart	0.3347
PXD058709	YLJI_180219_060419_mouseheart_1127_GPome_phos_R2_frac13	Heart	0.3148
PXD058709	YLJI_180219_060419_mouseheart_1127_GPome_phos_R2_frac18	Heart	0.3623
PXD058709	YLJI_180219_060419_mouseheart_1127_GPome_phos_R2_frac6	Heart	0.3342
PXD058709	YLJI_180219_060419_mouseheart_1127_GPome_phos_R2_frac7	Heart	0.3849
PXD058709	YLJI_180219_060419_mouseheart_1127_GPome_phos_R2_frac8	Heart	0.4361
PXD058709	YLJI_180219_070319_mouseheart_1112_GPome_phos_R1_frac10	Heart	0.3407
PXD058709	YLJI_180219_070319_mouseheart_1112_GPome_phos_R1_frac11	Heart	0.3402
PXD058709	YLJI_180219_070319_mouseheart_1112_GPome_phos_R1_frac12	Heart	0.3056
PXD058709	YLJI_180219_070319_mouseheart_1112_GPome_phos_R1_frac13	Heart	0.3284
PXD058709	YLJI_180219_070319_mouseheart_1112_GPome_phos_R1_frac15	Heart	0.3171
PXD058709	YLJI_180219_070319_mouseheart_1112_GPome_phos_R1_frac18	Heart	0.3006
PXD058709	YLJI_180219_070319_mouseheart_1112_GPome_phos_R1_frac6	Heart	0.3099
PXD058709	YLJI_180219_070319_mouseheart_1112_GPome_phos_R1_frac8	Heart	0.301
PXD058709	YLJI_180219_070319_mouseheart_1112_GPome_phos_R2_frac11	Heart	0.3443
PXD058709	YLJI_180219_070319_mouseheart_1112_GPome_phos_R2_frac12	Heart	0.3777
PXD058709	YLJI_180219_070319_mouseheart_1112_GPome_phos_R2_frac13	Heart	0.3636
PXD058709	YLJI_180219_070319_mouseheart_1112_GPome_phos_R2_frac14	Heart	0.3042
PXD058709	YLJI_180219_070319_mouseheart_1112_GPome_phos_R2_frac6	Heart	0.3272
PXD058709	YLJI_180219_080319_mouseheart_1113_GPome_phos_R1_frac12	Heart	0.32
PXD058709	YLJI_180219_080319_mouseheart_1113_GPome_phos_R1_frac13	Heart	0.3418
PXD058709	YLJI_180219_080319_mouseheart_1113_GPome_phos_R1_frac9	Heart	0.3108
PXD058709	YLJI_180219_100519_mouseheart_1118_proteome_R1_frac14	Heart	0.331
PXD058709	YLJI_180219_100519_mouseheart_1118_proteome_R1_frac15	Heart	0.3527
PXD058709	YLJI_180219_100519_mouseheart_1118_proteome_R1_frac16	Heart	0.3216
PXD058709	YLJI_180219_110419_mouseheart_1089_proteome_R1_frac12	Heart	0.3833
PXD058709	YLJI_180219_110419_mouseheart_1089_proteome_R1_frac13	Heart	0.3542
PXD058709	YLJI_180219_110419_mouseheart_1089_proteome_R1_frac17	Heart	0.3821
PXD058709	YLJI_180219_110419_mouseheart_1089_proteome_R1_frac18	Heart	0.4041
PXD058709	YLJI_180219_110419_mouseheart_1089_proteome_R1_frac19	Heart	0.3361
PXD058709	YLJI_180219_110419_mouseheart_1089_proteome_R1_frac20	Heart	0.3697
PXD058709	YLJI_180219_110419_mouseheart_1089_proteome_R1_frac21	Heart	0.3915
PXD058709	YLJI_180219_110419_mouseheart_1089_proteome_R1_frac22	Heart	0.3896
PXD058709	YLJI_180219_110419_mouseheart_1089_proteome_R1_frac23	Heart	0.3883
PXD058709	YLJI_180219_110419_mouseheart_1089_proteome_R1_frac8	Heart	0.3071
PXD058709	YLJI_180219_110419_mouseheart_1089_proteome_R1_frac9	Heart	0.3002
PXD058709	YLJI_180219_110419_mouseheart_1089_proteome_R2_frac12	Heart	0.3656
PXD058709	YLJI_180219_110419_mouseheart_1089_proteome_R2_frac13	Heart	0.306
PXD058709	YLJI_180219_110419_mouseheart_1089_proteome_R2_frac16	Heart	0.3703
PXD058709	YLJI_180219_110419_mouseheart_1089_proteome_R2_frac18	Heart	0.3205
PXD058709	YLJI_180219_110419_mouseheart_1089_proteome_R2_frac19	Heart	0.3341
PXD058709	YLJI_180219_110419_mouseheart_1089_proteome_R2_frac21	Heart	0.3489
PXD058709	YLJI_180219_110419_mouseheart_1089_proteome_R2_frac22	Heart	0.3594
PXD058709	YLJI_180219_110419_mouseheart_1089_proteome_R2_frac23	Heart	0.3688
PXD058709	YLJI_180219_110419_mouseheart_1089_proteome_R2_frac6	Heart	0.3145
PXD058709	YLJI_180219_110419_mouseheart_1089_proteome_R2_frac8	Heart	0.3427
PXD058709	YLJI_180219_110419_mouseheart_1089_proteome_R2_frac9	Heart	0.312
PXD058709	YLJI_180219_120319_mouseheart_1089_GPome_phos_R1_frac11	Heart	0.3525
PXD058709	YLJI_180219_120319_mouseheart_1089_GPome_phos_R1_frac13	Heart	0.3611
PXD058709	YLJI_180219_120319_mouseheart_1089_GPome_phos_R1_frac15	Heart	0.3626
PXD058709	YLJI_180219_120319_mouseheart_1089_GPome_phos_R1_frac19	Heart	0.3292
PXD058709	YLJI_180219_120319_mouseheart_1089_GPome_phos_R1_frac7	Heart	0.3713
PXD058709	YLJI_180219_120319_mouseheart_1089_GPome_phos_R1_frac8	Heart	0.3136
PXD058709	YLJI_180219_120319_mouseheart_1089_GPome_phos_R2_frac11	Heart	0.3849
PXD058709	YLJI_180219_120319_mouseheart_1089_GPome_phos_R2_frac13	Heart	0.3719
PXD058709	YLJI_180219_120319_mouseheart_1089_GPome_phos_R2_frac19	Heart	0.3139
PXD058709	YLJI_180219_120319_mouseheart_1089_GPome_phos_R2_frac7	Heart	0.378
PXD058709	YLJI_180219_120319_mouseheart_1089_GPome_phos_R2_frac9	Heart	0.3331
PXD058709	YLJI_180219_140319_mouseheart_1090_GPome_phos_R1_frac13	Heart	0.3466
PXD058709	YLJI_180219_140319_mouseheart_1090_GPome_phos_R1_frac14	Heart	0.3277
PXD058709	YLJI_180219_140319_mouseheart_1090_GPome_phos_R1_frac18	Heart	0.3226
PXD058709	YLJI_180219_140319_mouseheart_1090_GPome_phos_R1_frac19	Heart	0.3068
PXD058709	YLJI_180219_140319_mouseheart_1090_GPome_phos_R1_frac6	Heart	0.3379
PXD058709	YLJI_180219_140319_mouseheart_1090_GPome_phos_R2_frac12	Heart	0.3178
PXD058709	YLJI_180219_140319_mouseheart_1090_GPome_phos_R2_frac14	Heart	0.3265
PXD058709	YLJI_180219_150319_mouseheart_1112_proteome_R1_frac10	Heart	0.4203
PXD058709	YLJI_180219_150319_mouseheart_1112_proteome_R1_frac13	Heart	0.3147
PXD058709	YLJI_180219_150319_mouseheart_1112_proteome_R1_frac14	Heart	0.3441
PXD058709	YLJI_180219_150319_mouseheart_1112_proteome_R1_frac15	Heart	0.3694
PXD058709	YLJI_180219_150319_mouseheart_1112_proteome_R1_frac16	Heart	0.409
PXD058709	YLJI_180219_150319_mouseheart_1112_proteome_R1_frac17	Heart	0.3403
PXD058709	YLJI_180219_150319_mouseheart_1112_proteome_R1_frac18	Heart	0.3342
PXD058709	YLJI_180219_150319_mouseheart_1112_proteome_R1_frac19	Heart	0.3132
PXD058709	YLJI_180219_150319_mouseheart_1112_proteome_R1_frac20	Heart	0.362
PXD058709	YLJI_180219_150319_mouseheart_1112_proteome_R1_frac21	Heart	0.319
PXD058709	YLJI_180219_150319_mouseheart_1112_proteome_R1_frac22	Heart	0.3511
PXD058709	YLJI_180219_150319_mouseheart_1112_proteome_R1_frac23	Heart	0.3522
PXD058709	YLJI_180219_150319_mouseheart_1112_proteome_R1_frac6	Heart	0.3501
PXD058709	YLJI_180219_150319_mouseheart_1112_proteome_R2_frac10	Heart	0.3249
PXD058709	YLJI_180219_150319_mouseheart_1112_proteome_R2_frac14	Heart	0.3536
PXD058709	YLJI_180219_150319_mouseheart_1112_proteome_R2_frac15	Heart	0.3423
PXD058709	YLJI_180219_150319_mouseheart_1112_proteome_R2_frac16	Heart	0.336
PXD058709	YLJI_180219_150319_mouseheart_1112_proteome_R2_frac17	Heart	0.3483
PXD058709	YLJI_180219_150319_mouseheart_1112_proteome_R2_frac20	Heart	0.3381
PXD058709	YLJI_180219_150319_mouseheart_1112_proteome_R2_frac22	Heart	0.4414
PXD058709	YLJI_180219_150319_mouseheart_1112_proteome_R2_frac6	Heart	0.3775
PXD058709	YLJI_180219_160519_mouseheart_1118_proteome_R2_frac10	Heart	0.3236
PXD058709	YLJI_180219_160519_mouseheart_1118_proteome_R2_frac12	Heart	0.3884
PXD058709	YLJI_180219_160519_mouseheart_1118_proteome_R2_frac13	Heart	0.3728
PXD058709	YLJI_180219_160519_mouseheart_1118_proteome_R2_frac14	Heart	0.3793
PXD058709	YLJI_180219_160519_mouseheart_1118_proteome_R2_frac15	Heart	0.3856
PXD058709	YLJI_180219_160519_mouseheart_1118_proteome_R2_frac16	Heart	0.367
PXD058709	YLJI_180219_160519_mouseheart_1118_proteome_R2_frac22	Heart	0.342
PXD058709	YLJI_180219_160519_mouseheart_1118_proteome_R2_frac8	Heart	0.3136
PXD058709	YLJI_180219_170419_mouseheart_1090_proteome_R1_frac15	Heart	0.4354
PXD058709	YLJI_180219_170419_mouseheart_1090_proteome_R1_frac16	Heart	0.3282
PXD058709	YLJI_180219_170419_mouseheart_1090_proteome_R1_frac17	Heart	0.353
PXD058709	YLJI_180219_170419_mouseheart_1090_proteome_R1_frac18	Heart	0.3077
PXD058709	YLJI_180219_170419_mouseheart_1090_proteome_R1_frac20	Heart	0.3676
PXD058709	YLJI_180219_170419_mouseheart_1090_proteome_R1_frac7	Heart	0.3026
PXD058709	YLJI_180219_170419_mouseheart_1090_proteome_R1_frac8	Heart	0.3539
PXD058709	YLJI_180219_170419_mouseheart_1090_proteome_R1_frac9	Heart	0.3402
PXD058709	YLJI_180219_170419_mouseheart_1090_proteome_R2_frac10	Heart	0.3288
PXD058709	YLJI_180219_170419_mouseheart_1090_proteome_R2_frac11	Heart	0.3007
PXD058709	YLJI_180219_170419_mouseheart_1090_proteome_R2_frac13	Heart	0.3197
PXD058709	YLJI_180219_170419_mouseheart_1090_proteome_R2_frac15	Heart	0.3452
PXD058709	YLJI_180219_170419_mouseheart_1090_proteome_R2_frac16	Heart	0.3271
PXD058709	YLJI_180219_170419_mouseheart_1090_proteome_R2_frac17	Heart	0.3628
PXD058709	YLJI_180219_170419_mouseheart_1090_proteome_R2_frac18	Heart	0.3245
PXD058709	YLJI_180219_170419_mouseheart_1090_proteome_R2_frac19	Heart	0.3476
PXD058709	YLJI_180219_170419_mouseheart_1090_proteome_R2_frac20	Heart	0.314
PXD058709	YLJI_180219_170419_mouseheart_1090_proteome_R2_frac21	Heart	0.3405
PXD058709	YLJI_180219_170419_mouseheart_1090_proteome_R2_frac22	Heart	0.3407
PXD058709	YLJI_180219_170419_mouseheart_1090_proteome_R2_frac23	Heart	0.3165
PXD058709	YLJI_180219_170419_mouseheart_1090_proteome_R2_frac6	Heart	0.3195
PXD058709	YLJI_180219_170419_mouseheart_1090_proteome_R2_frac7	Heart	0.3115
PXD058709	YLJI_180219_170419_mouseheart_1090_proteome_R2_frac8	Heart	0.3592
PXD058709	YLJI_180219_170419_mouseheart_1090_proteome_R2_frac9	Heart	0.3494
PXD058709	YLJI_180219_180519_mouseheart_1091_proteome_R1_frac11	Heart	0.3619
PXD058709	YLJI_180219_180519_mouseheart_1091_proteome_R1_frac12	Heart	0.3362
PXD058709	YLJI_180219_180519_mouseheart_1091_proteome_R1_frac13	Heart	0.3259
PXD058709	YLJI_180219_180519_mouseheart_1091_proteome_R1_frac14	Heart	0.3817
PXD058709	YLJI_180219_180519_mouseheart_1091_proteome_R1_frac15	Heart	0.3874
PXD058709	YLJI_180219_180519_mouseheart_1091_proteome_R1_frac16	Heart	0.4077
PXD058709	YLJI_180219_180519_mouseheart_1091_proteome_R1_frac17	Heart	0.3122
PXD058709	YLJI_180219_180519_mouseheart_1091_proteome_R1_frac6	Heart	0.3519
PXD058709	YLJI_180219_180519_mouseheart_1091_proteome_R1_frac8	Heart	0.3073
PXD058709	YLJI_180219_180519_mouseheart_1091_proteome_R1_frac9	Heart	0.3568
PXD058709	YLJI_180219_180519_mouseheart_1091_proteome_R2_frac10	Heart	0.3421
PXD058709	YLJI_180219_180519_mouseheart_1091_proteome_R2_frac11	Heart	0.3111
PXD058709	YLJI_180219_180519_mouseheart_1091_proteome_R2_frac12	Heart	0.3432
PXD058709	YLJI_180219_180519_mouseheart_1091_proteome_R2_frac13	Heart	0.3094
PXD058709	YLJI_180219_180519_mouseheart_1091_proteome_R2_frac14	Heart	0.4165
PXD058709	YLJI_180219_180519_mouseheart_1091_proteome_R2_frac15	Heart	0.3318
PXD058709	YLJI_180219_180519_mouseheart_1091_proteome_R2_frac16	Heart	0.3552
PXD058709	YLJI_180219_180519_mouseheart_1091_proteome_R2_frac17	Heart	0.3054
PXD058709	YLJI_180219_180519_mouseheart_1091_proteome_R2_frac18	Heart	0.3203
PXD058709	YLJI_180219_180519_mouseheart_1091_proteome_R2_frac23	Heart	0.3379
PXD058709	YLJI_180219_180519_mouseheart_1091_proteome_R2_frac6	Heart	0.4015
PXD058709	YLJI_180219_180519_mouseheart_1091_proteome_R2_frac7	Heart	0.3169
PXD058709	YLJI_180219_180519_mouseheart_1091_proteome_R2_frac9	Heart	0.3369
PXD058709	YLJI_180219_190319_mouseheart_1122_GPome_phos_R1_frac11	Heart	0.3408
PXD058709	YLJI_180219_190319_mouseheart_1122_GPome_phos_R1_frac13	Heart	0.3315
PXD058709	YLJI_180219_190319_mouseheart_1122_GPome_phos_R1_frac14	Heart	0.3596
PXD058709	YLJI_180219_190319_mouseheart_1122_GPome_phos_R1_frac15	Heart	0.316
PXD058709	YLJI_180219_190319_mouseheart_1122_GPome_phos_R1_frac16	Heart	0.3345
PXD058709	YLJI_180219_190319_mouseheart_1122_GPome_phos_R1_frac18	Heart	0.302
PXD058709	YLJI_180219_190319_mouseheart_1122_GPome_phos_R1_frac19	Heart	0.4209
PXD058709	YLJI_180219_190319_mouseheart_1122_GPome_phos_R1_frac7	Heart	0.3264
PXD058709	YLJI_180219_190319_mouseheart_1122_GPome_phos_R1_frac8	Heart	0.3057
PXD058709	YLJI_180219_190319_mouseheart_1122_GPome_phos_R1_frac9	Heart	0.3621
PXD058709	YLJI_180219_190319_mouseheart_1122_GPome_phos_R2_frac11	Heart	0.3546
PXD058709	YLJI_180219_190319_mouseheart_1122_GPome_phos_R2_frac12	Heart	0.3098
PXD058709	YLJI_180219_190319_mouseheart_1122_GPome_phos_R2_frac15	Heart	0.3746
PXD058709	YLJI_180219_190319_mouseheart_1122_GPome_phos_R2_frac16	Heart	0.4025
PXD058709	YLJI_180219_190319_mouseheart_1122_GPome_phos_R2_frac19	Heart	0.3748
PXD058709	YLJI_180219_190319_mouseheart_1122_GPome_phos_R2_frac7	Heart	0.3282
PXD058709	YLJI_180219_190319_mouseheart_1122_GPome_phos_R2_frac8	Heart	0.3493
PXD058709	YLJI_180219_190319_mouseheart_1122_GPome_phos_R2_frac9	Heart	0.3584
PXD058709	YLJI_180219_200419_mouseheart_1122_proteome_R1_frac10	Heart	0.3309
PXD058709	YLJI_180219_200419_mouseheart_1122_proteome_R1_frac13	Heart	0.3295
PXD058709	YLJI_180219_200419_mouseheart_1122_proteome_R1_frac14	Heart	0.3746
PXD058709	YLJI_180219_200419_mouseheart_1122_proteome_R1_frac15	Heart	0.3434
PXD058709	YLJI_180219_200419_mouseheart_1122_proteome_R1_frac16	Heart	0.3223
PXD058709	YLJI_180219_200419_mouseheart_1122_proteome_R1_frac17	Heart	0.4211
PXD058709	YLJI_180219_200419_mouseheart_1122_proteome_R1_frac22	Heart	0.4502
PXD058709	YLJI_180219_200419_mouseheart_1122_proteome_R1_frac23	Heart	0.3486
PXD058709	YLJI_180219_200419_mouseheart_1122_proteome_R1_frac7	Heart	0.3705
PXD058709	YLJI_180219_200419_mouseheart_1122_proteome_R1_frac9	Heart	0.341
PXD058709	YLJI_180219_200419_mouseheart_1122_proteome_R2_frac10	Heart	0.3217
PXD058709	YLJI_180219_200419_mouseheart_1122_proteome_R2_frac12	Heart	0.3461
PXD058709	YLJI_180219_200419_mouseheart_1122_proteome_R2_frac13	Heart	0.3095
PXD058709	YLJI_180219_200419_mouseheart_1122_proteome_R2_frac14	Heart	0.326
PXD058709	YLJI_180219_200419_mouseheart_1122_proteome_R2_frac15	Heart	0.371
PXD058709	YLJI_180219_200419_mouseheart_1122_proteome_R2_frac16	Heart	0.334
PXD058709	YLJI_180219_200419_mouseheart_1122_proteome_R2_frac17	Heart	0.3575
PXD058709	YLJI_180219_200419_mouseheart_1122_proteome_R2_frac22	Heart	0.4584
PXD058709	YLJI_180219_200419_mouseheart_1122_proteome_R2_frac23	Heart	0.3567
PXD058709	YLJI_180219_200419_mouseheart_1122_proteome_R2_frac7	Heart	0.4233
PXD058709	YLJI_180219_200419_mouseheart_1122_proteome_R2_frac8	Heart	0.3263
PXD058709	YLJI_180219_200419_mouseheart_1122_proteome_R2_frac9	Heart	0.3477
PXD058709	YLJI_180219_200519_mouseheart_1129_proteome_R1_frac10	Heart	0.3396
PXD058709	YLJI_180219_200519_mouseheart_1129_proteome_R1_frac11	Heart	0.3476
PXD058709	YLJI_180219_200519_mouseheart_1129_proteome_R1_frac13	Heart	0.305
PXD058709	YLJI_180219_200519_mouseheart_1129_proteome_R1_frac14	Heart	0.3253
PXD058709	YLJI_180219_200519_mouseheart_1129_proteome_R1_frac15	Heart	0.3197
PXD058709	YLJI_180219_200519_mouseheart_1129_proteome_R1_frac16	Heart	0.3607
PXD058709	YLJI_180219_200519_mouseheart_1129_proteome_R1_frac17	Heart	0.4224
PXD058709	YLJI_180219_200519_mouseheart_1129_proteome_R1_frac18	Heart	0.3597
PXD058709	YLJI_180219_200519_mouseheart_1129_proteome_R1_frac19	Heart	0.3297
PXD058709	YLJI_180219_200519_mouseheart_1129_proteome_R1_frac21	Heart	0.3655
PXD058709	YLJI_180219_200519_mouseheart_1129_proteome_R1_frac22	Heart	0.3192
PXD058709	YLJI_180219_200519_mouseheart_1129_proteome_R1_frac23	Heart	0.3253
PXD058709	YLJI_180219_200519_mouseheart_1129_proteome_R1_frac6	Heart	0.3222
PXD058709	YLJI_180219_200519_mouseheart_1129_proteome_R1_frac7	Heart	0.3616
PXD058709	YLJI_180219_200519_mouseheart_1129_proteome_R1_frac8	Heart	0.3429
PXD058709	YLJI_180219_200519_mouseheart_1129_proteome_R1_frac9	Heart	0.3546
PXD058709	YLJI_180219_200519_mouseheart_1129_proteome_R2_frac10	Heart	0.3756
PXD058709	YLJI_180219_200519_mouseheart_1129_proteome_R2_frac11	Heart	0.3365
PXD058709	YLJI_180219_200519_mouseheart_1129_proteome_R2_frac13	Heart	0.3181
PXD058709	YLJI_180219_200519_mouseheart_1129_proteome_R2_frac14	Heart	0.3114
PXD058709	YLJI_180219_200519_mouseheart_1129_proteome_R2_frac15	Heart	0.3511
PXD058709	YLJI_180219_200519_mouseheart_1129_proteome_R2_frac16	Heart	0.366
PXD058709	YLJI_180219_200519_mouseheart_1129_proteome_R2_frac17	Heart	0.4238
PXD058709	YLJI_180219_200519_mouseheart_1129_proteome_R2_frac18	Heart	0.3037
PXD058709	YLJI_180219_200519_mouseheart_1129_proteome_R2_frac20	Heart	0.3691
PXD058709	YLJI_180219_200519_mouseheart_1129_proteome_R2_frac21	Heart	0.3299
PXD058709	YLJI_180219_200519_mouseheart_1129_proteome_R2_frac22	Heart	0.3507
PXD058709	YLJI_180219_200519_mouseheart_1129_proteome_R2_frac23	Heart	0.338
PXD058709	YLJI_180219_200519_mouseheart_1129_proteome_R2_frac6	Heart	0.3529
PXD058709	YLJI_180219_200519_mouseheart_1129_proteome_R2_frac7	Heart	0.3424
PXD058709	YLJI_180219_200519_mouseheart_1129_proteome_R2_frac8	Heart	0.3744
PXD058709	YLJI_180219_200519_mouseheart_1129_proteome_R2_frac9	Heart	0.3475
PXD058709	YLJI_180219_210319_mouseheart_1124_GPome_phos_R1_frac13	Heart	0.3552
PXD058709	YLJI_180219_210319_mouseheart_1124_GPome_phos_R1_frac14	Heart	0.3535
PXD058709	YLJI_180219_210319_mouseheart_1124_GPome_phos_R1_frac16	Heart	0.316
PXD058709	YLJI_180219_210319_mouseheart_1124_GPome_phos_R1_frac19	Heart	0.3178
PXD058709	YLJI_180219_210319_mouseheart_1124_GPome_phos_R1_frac6	Heart	0.3558
PXD058709	YLJI_180219_210319_mouseheart_1124_GPome_phos_R1_frac7	Heart	0.3354
PXD058709	YLJI_180219_210319_mouseheart_1124_GPome_phos_R1_frac8	Heart	0.4058
PXD058709	YLJI_180219_210319_mouseheart_1124_GPome_phos_R2_frac11	Heart	0.3193
PXD058709	YLJI_180219_210319_mouseheart_1124_GPome_phos_R2_frac12	Heart	0.3468
PXD058709	YLJI_180219_210319_mouseheart_1124_GPome_phos_R2_frac13	Heart	0.3042
PXD058709	YLJI_180219_210319_mouseheart_1124_GPome_phos_R2_frac14	Heart	0.319
PXD058709	YLJI_180219_210319_mouseheart_1124_GPome_phos_R2_frac16	Heart	0.3201
PXD058709	YLJI_180219_210319_mouseheart_1124_GPome_phos_R2_frac17	Heart	0.3003
PXD058709	YLJI_180219_210319_mouseheart_1124_GPome_phos_R2_frac19	Heart	0.3682
PXD058709	YLJI_180219_210319_mouseheart_1124_GPome_phos_R2_frac6	Heart	0.3176
PXD058709	YLJI_180219_210319_mouseheart_1124_GPome_phos_R2_frac8	Heart	0.3338
PXD058709	YLJI_180219_210319_mouseheart_1124_GPome_phos_R2_frac9	Heart	0.4313
PXD058709	YLJI_180219_230319_mouseheart_1113_proteome_R1_frac10	Heart	0.388
PXD058709	YLJI_180219_230319_mouseheart_1113_proteome_R1_frac16	Heart	0.3587
PXD058709	YLJI_180219_230319_mouseheart_1113_proteome_R1_frac19	Heart	0.333
PXD058709	YLJI_180219_230319_mouseheart_1113_proteome_R1_frac6	Heart	0.3228
PXD058709	YLJI_180219_230319_mouseheart_1113_proteome_R1_frac7	Heart	0.3322
PXD058709	YLJI_180219_230319_mouseheart_1113_proteome_R2_frac10	Heart	0.3566
PXD058709	YLJI_180219_230319_mouseheart_1113_proteome_R2_frac16	Heart	0.3737
PXD058709	YLJI_180219_230319_mouseheart_1113_proteome_R2_frac19	Heart	0.3461
PXD058709	YLJI_180219_230319_mouseheart_1113_proteome_R2_frac7	Heart	0.3473
PXD058709	YLJI_180219_230419_mouseheart_1124_proteome_R1_frac10	Heart	0.3149
PXD058709	YLJI_180219_230419_mouseheart_1124_proteome_R1_frac11	Heart	0.3472
PXD058709	YLJI_180219_230419_mouseheart_1124_proteome_R1_frac12	Heart	0.3932
PXD058709	YLJI_180219_230419_mouseheart_1124_proteome_R1_frac14	Heart	0.3167
PXD058709	YLJI_180219_230419_mouseheart_1124_proteome_R1_frac15	Heart	0.421
PXD058709	YLJI_180219_230419_mouseheart_1124_proteome_R1_frac16	Heart	0.3616
PXD058709	YLJI_180219_230419_mouseheart_1124_proteome_R1_frac17	Heart	0.3709
PXD058709	YLJI_180219_230419_mouseheart_1124_proteome_R1_frac18	Heart	0.3963
PXD058709	YLJI_180219_230419_mouseheart_1124_proteome_R1_frac19	Heart	0.372
PXD058709	YLJI_180219_230419_mouseheart_1124_proteome_R1_frac21	Heart	0.3672
PXD058709	YLJI_180219_230419_mouseheart_1124_proteome_R1_frac22	Heart	0.3175
PXD058709	YLJI_180219_230419_mouseheart_1124_proteome_R1_frac23	Heart	0.4277
PXD058709	YLJI_180219_230419_mouseheart_1124_proteome_R1_frac7	Heart	0.3946
PXD058709	YLJI_180219_230419_mouseheart_1124_proteome_R1_frac8	Heart	0.3059
PXD058709	YLJI_180219_230419_mouseheart_1124_proteome_R1_frac9	Heart	0.3711
PXD058709	YLJI_180219_230419_mouseheart_1124_proteome_R2_frac10	Heart	0.3298
PXD058709	YLJI_180219_230419_mouseheart_1124_proteome_R2_frac11	Heart	0.3206
PXD058709	YLJI_180219_230419_mouseheart_1124_proteome_R2_frac12	Heart	0.4277
PXD058709	YLJI_180219_230419_mouseheart_1124_proteome_R2_frac14	Heart	0.3184
PXD058709	YLJI_180219_230419_mouseheart_1124_proteome_R2_frac16	Heart	0.3573
PXD058709	YLJI_180219_230419_mouseheart_1124_proteome_R2_frac17	Heart	0.3117
PXD058709	YLJI_180219_230419_mouseheart_1124_proteome_R2_frac19	Heart	0.376
PXD058709	YLJI_180219_230419_mouseheart_1124_proteome_R2_frac20	Heart	0.3042
PXD058709	YLJI_180219_230419_mouseheart_1124_proteome_R2_frac21	Heart	0.3867
PXD058709	YLJI_180219_230419_mouseheart_1124_proteome_R2_frac22	Heart	0.3787
PXD058709	YLJI_180219_230419_mouseheart_1124_proteome_R2_frac23	Heart	0.422
PXD058709	YLJI_180219_230419_mouseheart_1124_proteome_R2_frac7	Heart	0.4035
PXD058709	YLJI_180219_230419_mouseheart_1124_proteome_R2_frac9	Heart	0.3315
PXD058709	YLJI_180219_240519_mouseheart_1127_proteome_R1_frac10	Heart	0.3201
PXD058709	YLJI_180219_240519_mouseheart_1127_proteome_R1_frac11	Heart	0.3746
PXD058709	YLJI_180219_240519_mouseheart_1127_proteome_R1_frac13	Heart	0.3107
PXD058709	YLJI_180219_240519_mouseheart_1127_proteome_R1_frac14	Heart	0.3077
PXD058709	YLJI_180219_240519_mouseheart_1127_proteome_R1_frac16	Heart	0.3361
PXD058709	YLJI_180219_240519_mouseheart_1127_proteome_R1_frac18	Heart	0.3136
PXD058709	YLJI_180219_240519_mouseheart_1127_proteome_R1_frac19	Heart	0.5007
PXD058709	YLJI_180219_240519_mouseheart_1127_proteome_R1_frac20	Heart	0.3594
PXD058709	YLJI_180219_240519_mouseheart_1127_proteome_R1_frac23	Heart	0.3127
PXD058709	YLJI_180219_240519_mouseheart_1127_proteome_R1_frac6	Heart	0.3649
PXD058709	YLJI_180219_240519_mouseheart_1127_proteome_R1_frac7	Heart	0.3565
PXD058709	YLJI_180219_240519_mouseheart_1127_proteome_R1_frac8	Heart	0.3558
PXD058709	YLJI_180219_240519_mouseheart_1127_proteome_R1_frac9	Heart	0.4241
PXD058709	YLJI_180219_240519_mouseheart_1127_proteome_R2_frac10	Heart	0.3002
PXD058709	YLJI_180219_240519_mouseheart_1127_proteome_R2_frac11	Heart	0.3089
PXD058709	YLJI_180219_240519_mouseheart_1127_proteome_R2_frac13	Heart	0.3205
PXD058709	YLJI_180219_240519_mouseheart_1127_proteome_R2_frac15	Heart	0.3046
PXD058709	YLJI_180219_240519_mouseheart_1127_proteome_R2_frac16	Heart	0.3162
PXD058709	YLJI_180219_240519_mouseheart_1127_proteome_R2_frac18	Heart	0.3789
PXD058709	YLJI_180219_240519_mouseheart_1127_proteome_R2_frac19	Heart	0.3705
PXD058709	YLJI_180219_240519_mouseheart_1127_proteome_R2_frac20	Heart	0.3159
PXD058709	YLJI_180219_240519_mouseheart_1127_proteome_R2_frac23	Heart	0.3475
PXD058709	YLJI_180219_240519_mouseheart_1127_proteome_R2_frac6	Heart	0.3996
PXD058709	YLJI_180219_240519_mouseheart_1127_proteome_R2_frac7	Heart	0.3774
PXD058709	YLJI_180219_240519_mouseheart_1127_proteome_R2_frac8	Heart	0.3083
PXD058709	YLJI_180219_240519_mouseheart_1127_proteome_R2_frac9	Heart	0.3944
PXD058709	YLJI_180219_260319_mouseheart_1121_GPome_phos_R1_frac16	Heart	0.3454
PXD058709	YLJI_180219_260319_mouseheart_1121_GPome_phos_R1_frac18	Heart	0.3636
PXD058709	YLJI_180219_260319_mouseheart_1121_GPome_phos_R1_frac8	Heart	0.3743
PXD058709	YLJI_180219_260319_mouseheart_1121_GPome_phos_R1_frac9	Heart	0.3097
PXD058709	YLJI_180219_260319_mouseheart_1121_GPome_phos_R2_frac12	Heart	0.3444
PXD058709	YLJI_180219_260319_mouseheart_1121_GPome_phos_R2_frac14	Heart	0.403
PXD058709	YLJI_180219_260319_mouseheart_1121_GPome_phos_R2_frac16	Heart	0.3644
PXD058709	YLJI_180219_260319_mouseheart_1121_GPome_phos_R2_frac18	Heart	0.3474
PXD058709	YLJI_180219_260319_mouseheart_1121_GPome_phos_R2_frac19	Heart	0.3357
PXD058709	YLJI_180219_260319_mouseheart_1121_GPome_phos_R2_frac8	Heart	0.3802
PXD058709	YLJI_180219_260319_mouseheart_1121_GPome_phos_R2_frac9	Heart	0.3181
PXD058709	YLJI_180219_280319_mouseheart_1125_GPome_phos_R1_frac10	Heart	0.3818
PXD058709	YLJI_180219_280319_mouseheart_1125_GPome_phos_R1_frac11	Heart	0.3174
PXD058709	YLJI_180219_280319_mouseheart_1125_GPome_phos_R1_frac17	Heart	0.3141
PXD058709	YLJI_180219_280319_mouseheart_1125_GPome_phos_R1_frac6	Heart	0.3632
PXD058709	YLJI_180219_280319_mouseheart_1125_GPome_phos_R1_frac8	Heart	0.3644
PXD058709	YLJI_180219_280319_mouseheart_1125_GPome_phos_R1_frac9	Heart	0.3806
PXD058709	YLJI_180219_280319_mouseheart_1125_GPome_phos_R2_frac10	Heart	0.3216
PXD058709	YLJI_180219_280319_mouseheart_1125_GPome_phos_R2_frac12	Heart	0.3142
PXD058709	YLJI_180219_280319_mouseheart_1125_GPome_phos_R2_frac6	Heart	0.3602
PXD058709	YLJI_180219_280319_mouseheart_1125_GPome_phos_R2_frac8	Heart	0.3587
PXD058709	YLJI_180219_300319_mouseheart_1118_GPome_phos_R1_frac10	Heart	0.3033
PXD058709	YLJI_180219_300319_mouseheart_1118_GPome_phos_R1_frac16	Heart	0.3029
PXD058709	YLJI_180219_300319_mouseheart_1118_GPome_phos_R2_frac8	Heart	0.3082
PXD058777	CSFDigest02	Brain	0.3835
PXD058777	EVDigest02	Brain	0.3383
PXD058785	30082023_RZC_STP0071_Myofibre_condition50_02	Skeletal muscle	0.3053
PXD058785	30082023_RZC_STP0071_Myofibre_condition50_03	Skeletal muscle	0.3099
PXD058785	30082023_RZC_STP0071_Myofibre_condition90_03	Skeletal muscle	0.3204
PXD058785	30082023_RZC_STP0071_Myofibre_condition90_04	Skeletal muscle	0.3099
PXD058846	AML-OSvsNS_LF_P7	Monocytes	0.3145
PXD058847	E3_3648_02	Brain	0.4237
PXD058847	E3_3648_05	Brain	0.6337
PXD058847	E3_3648_07	Brain	0.499
PXD058847	E3_3648_10	Brain	0.4253
PXD058914	20220304_Exploris_Project_569_proteome_1408	Skeletal muscle	0.3053
PXD058971	KO_brain	Brain	0.4371
PXD058971	WT_brain	Brain	0.3619
PXD058971	XYJ_0612-HEART-WT	Heart	0.3862
PXD058971	XYJ_0612_17-LIVER-WT	Liver	0.3706
PXD058971	XYJ_0612_18-LIVER-KO	Liver	0.4021
PXD058971	XYJ_0612_4-HEART-KO	Heart	0.4195
PXD058971	XYJ_17-LIVER-WT	Liver	0.4727
PXD058971	XYJ_18-LIVER-KO	Liver	0.4593
PXD058971	YW_3-HEART-WT	Heart	0.4202
PXD058971	YW_4-HEART-KO	Heart	0.3893
PXD059661	240323_LINE1_KO_120min_Exploris_FAIMS_DDA_CV-45-60_F06_R1	Skeletal muscle	0.3046
PXD059932	04192022_Barbara_79	Kidney	0.3239
PXD059932	04192022_Barbara_84	Kidney	0.3626
PXD059940	20241206_DM_1	Skeletal muscle	0.3
PXD059940	20241206_DM_4	Skeletal muscle	0.3
PXD059976	POAG_9_DIA	Monocytes	0.3197
PXD060109	wt-mouse-cerebellum-membrane	Brain	0.5889
PXD060109	wt-mouse-forebrain-membrane	Brain	0.629
PXD060109	wt-mouse-liver-membrane	Liver	0.3674
PXD060109	wt-mouse-whole-brain-membrane-1_m	Brain	0.4283
PXD060109	wt-mouse-whole-brain-membrane-1_o	Brain	0.7006
PXD060109	wt-mouse-whole-brain-membrane-2_m	Brain	0.5091
PXD060109	wt-mouse-whole-brain-membrane-2_o	Brain	0.6412
PXD060153	352-07_proteoma_snce35	Small intestine	0.3514
PXD060153	686-06_proteoma_nc20	Stomach	0.3581
PXD060153	686-06_proteoma_snce35	Stomach	0.3283
PXD060305	e_06	Liver	0.379
PXD060305	e_13	Liver	0.3219
PXD060305	e_22	Liver	0.3047
PXD060305	e_23	Liver	0.3558
PXD060305	e_24	Liver	0.3068
PXD060305	e_28	Liver	0.3479
PXD060305	e_29	Liver	0.3959
PXD060305	e_30	Liver	0.3976
PXD060305	e_34	Liver	0.3074
PXD060305	e_35	Liver	0.3443
PXD060305	e_39	Liver	0.3315
PXD060305	e_44	Liver	0.3401
PXD060305	e_45	Liver	0.3246
PXD060305	e_48	Liver	0.3295
PXD060305	e_50	Liver	0.3357
PXD060305	e_51	Liver	0.3814
PXD060305	e_52	Liver	0.4532
PXD060305	e_53	Liver	0.326
PXD060305	s_08	Liver	0.3083
PXD060305	s_22	Liver	0.3935
PXD060305	s_23	Liver	0.3092
PXD060305	s_24	Liver	0.4101
PXD060305	s_26	Liver	0.3405
PXD060305	s_28	Liver	0.3409
PXD060305	s_29	Liver	0.3469
PXD060305	s_30	Liver	0.3782
PXD060305	s_38	Liver	0.327
PXD060305	s_39	Liver	0.3151
PXD060305	s_43	Liver	0.3428
PXD060305	s_44	Liver	0.3724
PXD060305	s_46	Liver	0.3546
PXD060305	s_47	Liver	0.302
PXD060305	s_49	Liver	0.3252
PXD060305	s_50	Liver	0.4092
PXD060305	s_53	Liver	0.3005
PXD060305	s_54	Liver	0.3335
PXD060305	t_22	Liver	0.3091
PXD060305	t_24	Liver	0.3019
PXD060305	t_28	Liver	0.4054
PXD060305	t_29	Liver	0.4062
PXD060305	t_30	Liver	0.3914
PXD060305	t_36	Liver	0.3423
PXD060305	t_39	Liver	0.3543
PXD060305	t_43	Liver	0.3536
PXD060305	t_44	Liver	0.3787
PXD060305	t_47	Liver	0.3763
PXD060305	t_48	Liver	0.3274
PXD060305	t_49	Liver	0.3722
PXD060305	t_50	Liver	0.307
PXD060305	t_53	Liver	0.4119
PXD060406	MR_LW_M_Gobran_070622_050722_Lumos_HeLa_TMT-2_Phospho_bRP_rep1_10	Brain	0.3036
PXD060406	MR_LW_M_Gobran_070622_050722_Lumos_HeLa_TMT-2_Phospho_bRP_rep1_11	Brain	0.375
PXD060406	MR_LW_M_Gobran_070622_050722_Lumos_HeLa_TMT-2_Phospho_bRP_rep1_3	Brain	0.3827
PXD060406	MR_LW_M_Gobran_070622_050722_Lumos_HeLa_TMT-2_Phospho_bRP_rep1_4	Brain	0.3208
PXD060406	MR_LW_M_Gobran_070622_050722_Lumos_HeLa_TMT-2_Phospho_bRP_rep1_5	Brain	0.3023
PXD060406	MR_LW_M_Gobran_070622_050722_Lumos_HeLa_TMT-2_Phospho_bRP_rep1_7	Brain	0.3344
PXD060406	MR_LW_M_Gobran_070622_050722_Lumos_HeLa_TMT-2_Phospho_bRP_rep2_1	Brain	0.3033
PXD060406	MR_LW_M_Gobran_070622_050722_Lumos_HeLa_TMT-2_Phospho_bRP_rep2_10	Brain	0.3003
PXD060406	MR_LW_M_Gobran_070622_050722_Lumos_HeLa_TMT-2_Phospho_bRP_rep2_11	Brain	0.3916
PXD060406	MR_LW_M_Gobran_070622_050722_Lumos_HeLa_TMT-2_Phospho_bRP_rep2_3	Brain	0.3895
PXD060406	MR_LW_M_Gobran_070622_050722_Lumos_HeLa_TMT-2_Phospho_bRP_rep2_5	Brain	0.3579
PXD060406	MR_LW_M_Gobran_070622_050722_Lumos_HeLa_TMT-2_Phospho_bRP_rep2_7	Brain	0.3548
PXD060406	MR_LW_M_Gobran_070622_050722_Lumos_HeLa_TMT-3_Phospho_bRP_rep1_6	Brain	0.3104
PXD060406	MR_LW_M_Gobran_070622_050722_Lumos_HeLa_TMT-3_Phospho_bRP_rep2_4	Brain	0.3846
PXD060406	MR_LW_M_Gobran_070622_050722_Lumos_HeLa_TMT-3_Phospho_bRP_rep2_5	Brain	0.3189
PXD060653	06022023_1049	Liver	0.5493
PXD060653	06022023_1049	Liver	0.5491
PXD060653	06022023_1134A	Liver	0.5631
PXD060653	06022023_1134A	Liver	0.5736
PXD060653	06022023_1176D	Liver	0.5537
PXD060653	06022023_1176D	Liver	0.5246
PXD060653	06022023_1183E	Liver	0.5546
PXD060653	06022023_1183E	Liver	0.5625
PXD060653	06022023_1270A	Liver	0.4313
PXD060653	06022023_1270A	Liver	0.4356
PXD060653	06022023_1312A	Liver	0.5667
PXD060653	06022023_1312A	Liver	0.567
PXD060653	06022023_1312A_1	Liver	0.5796
PXD060653	06022023_1312A_1	Liver	0.5846
PXD060653	06022023_1378D	Liver	0.737
PXD060653	06022023_1378D	Liver	0.7592
PXD060653	06022023_1392A	Liver	0.4137
PXD060653	06022023_1392A	Liver	0.42
PXD060653	06022023_1491C	Liver	0.5868
PXD060653	06022023_1491C	Liver	0.6134
PXD060653	06022023_1491C2	Liver	0.4593
PXD060653	06022023_1491C2	Liver	0.4589
PXD060653	06022023_1524C	Liver	0.5253
PXD060653	06022023_1524C	Liver	0.5231
PXD060653	06022023_1524C_1	Liver	0.534
PXD060653	06022023_1524C_1	Liver	0.5409
PXD060653	06022023_1603C	Liver	0.5568
PXD060653	06022023_1603C	Liver	0.5574
PXD060653	06022023_161A	Liver	0.5131
PXD060653	06022023_161A	Liver	0.5175
PXD060653	06022023_1647D	Liver	0.5988
PXD060653	06022023_1647D	Liver	0.565
PXD060653	06022023_1652D	Liver	0.4604
PXD060653	06022023_1652D	Liver	0.4604
PXD060653	06022023_1680C	Liver	0.4552
PXD060653	06022023_1680C	Liver	0.4547
PXD060653	06022023_1696B	Liver	0.4778
PXD060653	06022023_1696B	Liver	0.4618
PXD060653	06022023_1833C	Liver	0.4419
PXD060653	06022023_1833C	Liver	0.4488
PXD060653	06022023_1843F	Liver	0.6615
PXD060653	06022023_1843F	Liver	0.6912
PXD060653	06022023_1884C	Liver	0.5289
PXD060653	06022023_1884C	Liver	0.5443
PXD060653	06022023_2038C	Liver	0.4605
PXD060653	06022023_2038C	Liver	0.4595
PXD060653	06022023_2038C_1	Liver	0.455
PXD060653	06022023_2038C_1	Liver	0.4573
PXD060653	06022023_2050D	Liver	0.6057
PXD060653	06022023_2050D	Liver	0.6139
PXD060653	06022023_2167D	Liver	0.5736
PXD060653	06022023_2167D	Liver	0.5732
PXD060653	06022023_2174D	Liver	0.6809
PXD060653	06022023_2174D	Liver	0.6742
PXD060653	06022023_2175D	Liver	0.4485
PXD060653	06022023_2175D	Liver	0.4572
PXD060653	06022023_226A_1	Liver	0.5371
PXD060653	06022023_226A_1	Liver	0.4947
PXD060653	06022023_2312C	Liver	0.4695
PXD060653	06022023_2312C	Liver	0.4402
PXD060653	06022023_2397C	Liver	0.5793
PXD060653	06022023_2397C	Liver	0.5985
PXD060653	06022023_2412D	Liver	0.5591
PXD060653	06022023_2412D	Liver	0.5106
PXD060653	06022023_247C	Liver	0.488
PXD060653	06022023_247C	Liver	0.4961
PXD060653	06022023_2482D	Liver	0.5525
PXD060653	06022023_2482D	Liver	0.5522
PXD060653	06022023_2482D_1	Liver	0.5624
PXD060653	06022023_2482D_1	Liver	0.5624
PXD060653	06022023_253D	Liver	0.5563
PXD060653	06022023_253D	Liver	0.5404
PXD060653	06022023_256G	Liver	0.609
PXD060653	06022023_256G	Liver	0.6021
PXD060653	06022023_2609B	Liver	0.5193
PXD060653	06022023_2609B	Liver	0.535
PXD060653	06022023_2609B_1	Liver	0.4507
PXD060653	06022023_2609B_1	Liver	0.4249
PXD060653	06022023_2635E	Liver	0.4061
PXD060653	06022023_2635E	Liver	0.4061
PXD060653	06022023_274C	Liver	0.5238
PXD060653	06022023_274C	Liver	0.5319
PXD060653	06022023_2784D	Liver	0.7079
PXD060653	06022023_2784D	Liver	0.6409
PXD060653	06022023_2843C	Liver	0.5682
PXD060653	06022023_2843C	Liver	0.5681
PXD060653	06022023_2887B	Liver	0.5738
PXD060653	06022023_2887B	Liver	0.5839
PXD060653	06022023_2897G	Liver	0.4528
PXD060653	06022023_2897G	Liver	0.4522
PXD060653	06022023_289F	Liver	0.6017
PXD060653	06022023_289F	Liver	0.5737
PXD060653	06022023_2903D	Liver	0.6032
PXD060653	06022023_2903D	Liver	0.5522
PXD060653	06022023_3052D	Liver	0.6175
PXD060653	06022023_3052D	Liver	0.6157
PXD060653	06022023_3054D	Liver	0.4408
PXD060653	06022023_3054D	Liver	0.4699
PXD060653	06022023_3073C	Liver	0.5633
PXD060653	06022023_3073C	Liver	0.5469
PXD060653	06022023_3144B	Liver	0.4801
PXD060653	06022023_3144B	Liver	0.483
PXD060653	06022023_3303D	Liver	0.5557
PXD060653	06022023_3303D	Liver	0.6162
PXD060653	06022023_3376A	Liver	0.5464
PXD060653	06022023_3376A	Liver	0.5365
PXD060653	06022023_3443D	Liver	0.4361
PXD060653	06022023_3443D	Liver	0.425
PXD060653	06022023_348A	Liver	0.4624
PXD060653	06022023_348A	Liver	0.4276
PXD060653	06022023_3497C	Liver	0.4647
PXD060653	06022023_3497C	Liver	0.4631
PXD060653	06022023_365B	Liver	0.5652
PXD060653	06022023_365B	Liver	0.5762
PXD060653	06022023_3806C	Liver	0.606
PXD060653	06022023_3806C	Liver	0.611
PXD060653	06022023_3815A	Liver	0.5468
PXD060653	06022023_3815A	Liver	0.5363
PXD060653	06022023_3873B	Liver	0.612
PXD060653	06022023_3873B	Liver	0.6033
PXD060653	06022023_3889B	Liver	0.4855
PXD060653	06022023_3889B	Liver	0.4852
PXD060653	06022023_3924E	Liver	0.549
PXD060653	06022023_3924E	Liver	0.5382
PXD060653	06022023_3996C	Liver	0.5826
PXD060653	06022023_3996C	Liver	0.5438
PXD060653	06022023_4150C	Liver	0.6154
PXD060653	06022023_4150C	Liver	0.6155
PXD060653	06022023_415C	Liver	0.5531
PXD060653	06022023_415C	Liver	0.5615
PXD060653	06022023_4178B	Liver	0.4162
PXD060653	06022023_4178B	Liver	0.4218
PXD060653	06022023_4269C	Liver	0.573
PXD060653	06022023_4269C	Liver	0.567
PXD060653	06022023_4423C	Liver	0.5597
PXD060653	06022023_4423C	Liver	0.5637
PXD060653	06022023_488C	Liver	0.5596
PXD060653	06022023_488C	Liver	0.5376
PXD060653	06022023_505B	Liver	0.5072
PXD060653	06022023_505B	Liver	0.491
PXD060653	06022023_511D	Liver	0.5483
PXD060653	06022023_511D	Liver	0.5342
PXD060653	06022023_528B	Liver	0.5436
PXD060653	06022023_528B	Liver	0.5441
PXD060653	06022023_543D	Liver	0.5431
PXD060653	06022023_543D	Liver	0.5605
PXD060653	06022023_563B	Liver	0.5739
PXD060653	06022023_563B	Liver	0.5794
PXD060653	06022023_563B_1	Liver	0.4403
PXD060653	06022023_563B_1	Liver	0.4366
PXD060653	06022023_592D	Liver	0.5195
PXD060653	06022023_592D	Liver	0.5205
PXD060653	06022023_925D	Liver	0.5606
PXD060653	06022023_925D	Liver	0.5715
PXD060653	06022023_972E	Liver	0.4255
PXD060653	06022023_972E	Liver	0.4329
PXD060653	06022023_FHU_L_050211	Liver	0.7358
PXD060653	06022023_FHU_L_050211	Liver	0.7139
PXD060653	06022023_FHU_L_050211_20230614125947	Liver	0.6394
PXD060653	06022023_FHU_L_050211_20230614125947	Liver	0.6396
PXD060653	06022023_FHU_L_120607	Liver	0.6081
PXD060653	06022023_FHU_L_120607	Liver	0.5881
PXD060653	06022023_HFAA510	Liver	0.6193
PXD060653	06022023_HFAA510	Liver	0.6124
PXD060653	06022023_HFC640	Liver	0.6894
PXD060653	06022023_HFC640	Liver	0.6864
PXD060653	06022023_HFC820	Liver	0.6584
PXD060653	06022023_HFC820	Liver	0.6679
PXD060653	06022023_HMC591	Liver	0.5741
PXD060653	06022023_HMC591	Liver	0.5646
PXD060653	06022023_HMC682	Liver	0.4513
PXD060653	06022023_HMC682	Liver	0.462
PXD060653	06022023_HMC682_20230614115415	Liver	0.6738
PXD060653	06022023_HMC682_20230614115415	Liver	0.6739
PXD060653	06022023_MHU_L_011010	Liver	0.5509
PXD060653	06022023_MHU_L_011010	Liver	0.5566
PXD060653	06022023_MHU_L_031809	Liver	0.5657
PXD060653	06022023_MHU_L_031809	Liver	0.5552
PXD060653	06022023_MHU_L_031913A	Liver	0.6748
PXD060653	06022023_MHU_L_031913A	Liver	0.6888
PXD060653	06022023_MHU_L_050609	Liver	0.7366
PXD060653	06022023_MHU_L_050609	Liver	0.7484
PXD060811	iTRAQ_testes_test1_1	Testis	0.5196
PXD060811	iTRAQ_testes_test1_10	Testis	0.4792
PXD060811	iTRAQ_testes_test1_12	Testis	0.5095
PXD060811	iTRAQ_testes_test1_18	Testis	0.4915
PXD060811	iTRAQ_testes_test1_19	Testis	0.4195
PXD060811	iTRAQ_testes_test1_21	Testis	0.4058
PXD060811	iTRAQ_testes_test2_10	Testis	0.4322
PXD060811	iTRAQ_testes_test2_18	Testis	0.341
PXD060811	iTRAQ_testes_test2_20	Testis	0.4245
PXD060811	iTRAQ_testes_test2_21	Testis	0.4763
PXD060811	iTRAQ_testes_test2_22	Testis	0.4215
PXD060811	iTRAQ_testes_test2_3	Testis	0.4924
PXD060811	iTRAQ_testes_test2_4	Testis	0.3652
PXD060811	iTRAQ_testes_test2_6	Testis	0.5659
PXD060811	iTRAQ_testes_test2_7	Testis	0.4715
PXD060811	iTRAQ_testes_test3_15	Testis	0.3006
PXD060811	iTRAQ_testes_test3_18	Testis	0.3003
PXD060811	iTRAQ_testes_test3_19	Testis	0.4269
PXD060811	iTRAQ_testes_test3_20	Testis	0.4518
PXD060811	iTRAQ_testes_test3_21	Testis	0.3819
PXD060811	iTRAQ_testes_test3_22	Testis	0.3461
PXD060811	iTRAQ_testes_test3_3	Testis	0.3224
PXD060811	iTRAQ_testes_test3_4	Testis	0.3139
PXD060811	iTRAQ_testes_test3_5	Testis	0.3075
PXD060811	iTRAQ_testes_test3_6	Testis	0.3624
PXD060811	iTRAQ_testes_test3_7	Testis	0.3919
PXD061059	250206_NXF3_1	Testis	0.6544
PXD061059	250206_NXF3_1	Testis	0.6455
PXD061059	250206_NXF3_2	Testis	0.6869
PXD061059	250206_NXF3_2	Testis	0.6676
PXD061059	250206_NXF3_3	Testis	0.6092
PXD061059	250206_NXF3_3	Testis	0.6126
PXD061059	250206_NXT1_1	Testis	0.7254
PXD061059	250206_NXT1_1	Testis	0.7167
PXD061059	250206_NXT1_2	Testis	0.6777
PXD061059	250206_NXT1_2	Testis	0.6677
PXD061059	250206_NXT1_3	Testis	0.6907
PXD061059	250206_NXT1_3	Testis	0.7167
PXD061059	250206_NXT2_1	Testis	0.6027
PXD061059	250206_NXT2_1	Testis	0.5991
PXD061059	250206_NXT2_2	Testis	0.6424
PXD061059	250206_NXT2_2	Testis	0.6435
PXD061059	250206_NXT2_3	Testis	0.6969
PXD061059	250206_NXT2_3	Testis	0.6611
PXD061059	250206_Rb_IgG_1	Testis	0.5948
PXD061059	250206_Rb_IgG_1	Testis	0.5814
PXD061059	250206_Rb_IgG_2	Testis	0.6262
PXD061059	250206_Rb_IgG_2	Testis	0.6139
PXD061059	250206_Rb_IgG_3	Testis	0.6069
PXD061059	250206_Rb_IgG_3	Testis	0.6019
PXD061059	250206_mc_IgG_1	Testis	0.5861
PXD061059	250206_mc_IgG_1	Testis	0.5876
PXD061059	250206_mc_IgG_2	Testis	0.6338
PXD061059	250206_mc_IgG_2	Testis	0.642
PXD061059	250206_mc_IgG_3	Testis	0.6363
PXD061059	250206_mc_IgG_3	Testis	0.626
PXD061097	FLExDUX4_myofib_2	Heart	0.3013
PXD061097	FLExDUX4_myofib_25	Heart	0.3042
PXD061097	FLExDUX4_myofib_35	Heart	0.3468
PXD061097	FLExDUX4_myofib_53	Heart	0.3221
PXD061103	MDK_W1_F1	Brain	0.4581
PXD061103	MDK_W1_F10	Brain	0.3011
PXD061103	MDK_W1_F11	Brain	0.3362
PXD061103	MDK_W1_F12	Brain	0.3451
PXD061103	MDK_W1_F13	Brain	0.3207
PXD061103	MDK_W1_F15	Brain	0.4442
PXD061103	MDK_W1_F16	Brain	0.5274
PXD061103	MDK_W1_F17	Brain	0.4033
PXD061103	MDK_W1_F18	Brain	0.5341
PXD061103	MDK_W1_F19	Brain	0.4576
PXD061103	MDK_W1_F2	Brain	0.4294
PXD061103	MDK_W1_F20	Brain	0.4649
PXD061103	MDK_W1_F21	Brain	0.4583
PXD061103	MDK_W1_F22	Brain	0.4592
PXD061103	MDK_W1_F23	Brain	0.5155
PXD061103	MDK_W1_F26	Brain	0.4802
PXD061103	MDK_W1_F27	Brain	0.4163
PXD061103	MDK_W1_F28	Brain	0.6049
PXD061103	MDK_W1_F29	Brain	0.6031
PXD061103	MDK_W1_F3	Brain	0.4285
PXD061103	MDK_W1_F30	Brain	0.5201
PXD061103	MDK_W1_F31	Brain	0.4636
PXD061103	MDK_W1_F32	Brain	0.411
PXD061103	MDK_W1_F33	Brain	0.4161
PXD061103	MDK_W1_F34	Brain	0.3817
PXD061103	MDK_W1_F35	Brain	0.4098
PXD061103	MDK_W1_F36	Brain	0.5392
PXD061103	MDK_W1_F38	Brain	0.3043
PXD061103	MDK_W1_F39	Brain	0.397
PXD061103	MDK_W1_F4	Brain	0.422
PXD061103	MDK_W1_F40	Brain	0.3572
PXD061103	MDK_W1_F5	Brain	0.3889
PXD061103	MDK_W1_F6	Brain	0.3076
PXD061103	MDK_W1_F7	Brain	0.3946
PXD061103	MDK_W1_F8	Brain	0.412
PXD061103	MDK_W1_F9	Brain	0.3761
PXD061103	MDK_W2_F1	Brain	0.5384
PXD061103	MDK_W2_F10	Brain	0.4359
PXD061103	MDK_W2_F11	Brain	0.4227
PXD061103	MDK_W2_F12	Brain	0.3125
PXD061103	MDK_W2_F14	Brain	0.4733
PXD061103	MDK_W2_F15	Brain	0.4643
PXD061103	MDK_W2_F16	Brain	0.4409
PXD061103	MDK_W2_F17	Brain	0.4349
PXD061103	MDK_W2_F18	Brain	0.4786
PXD061103	MDK_W2_F19	Brain	0.4869
PXD061103	MDK_W2_F2	Brain	0.5336
PXD061103	MDK_W2_F20	Brain	0.3964
PXD061103	MDK_W2_F21	Brain	0.4057
PXD061103	MDK_W2_F22	Brain	0.3767
PXD061103	MDK_W2_F23	Brain	0.3945
PXD061103	MDK_W2_F24	Brain	0.3506
PXD061103	MDK_W2_F25	Brain	0.3978
PXD061103	MDK_W2_F26	Brain	0.5225
PXD061103	MDK_W2_F27	Brain	0.4011
PXD061103	MDK_W2_F28	Brain	0.454
PXD061103	MDK_W2_F29	Brain	0.4671
PXD061103	MDK_W2_F3	Brain	0.4429
PXD061103	MDK_W2_F30	Brain	0.4226
PXD061103	MDK_W2_F31	Brain	0.6354
PXD061103	MDK_W2_F32	Brain	0.4568
PXD061103	MDK_W2_F33	Brain	0.58
PXD061103	MDK_W2_F34	Brain	0.4233
PXD061103	MDK_W2_F35	Brain	0.4493
PXD061103	MDK_W2_F36	Brain	0.469
PXD061103	MDK_W2_F37	Brain	0.3454
PXD061103	MDK_W2_F38	Brain	0.4297
PXD061103	MDK_W2_F39	Brain	0.5
PXD061103	MDK_W2_F4	Brain	0.3118
PXD061103	MDK_W2_F40	Brain	0.5836
PXD061103	MDK_W2_F5	Brain	0.4208
PXD061103	MDK_W2_F6	Brain	0.4535
PXD061103	MDK_W2_F7	Brain	0.5099
PXD061103	MDK_W2_F8	Brain	0.4134
PXD061103	MDK_W2_F9	Brain	0.3682
PXD061104	MDK_Ins_F1	Brain	0.5018
PXD061104	MDK_Ins_F10	Brain	0.3795
PXD061104	MDK_Ins_F11	Brain	0.4244
PXD061104	MDK_Ins_F12	Brain	0.4234
PXD061104	MDK_Ins_F13	Brain	0.3685
PXD061104	MDK_Ins_F14	Brain	0.4059
PXD061104	MDK_Ins_F15	Brain	0.3902
PXD061104	MDK_Ins_F16	Brain	0.3856
PXD061104	MDK_Ins_F17	Brain	0.4651
PXD061104	MDK_Ins_F18	Brain	0.4509
PXD061104	MDK_Ins_F19	Brain	0.4441
PXD061104	MDK_Ins_F2	Brain	0.4515
PXD061104	MDK_Ins_F20	Brain	0.4108
PXD061104	MDK_Ins_F21	Brain	0.4308
PXD061104	MDK_Ins_F22	Brain	0.4542
PXD061104	MDK_Ins_F23	Brain	0.4438
PXD061104	MDK_Ins_F24	Brain	0.3662
PXD061104	MDK_Ins_F25	Brain	0.4076
PXD061104	MDK_Ins_F26	Brain	0.3878
PXD061104	MDK_Ins_F27	Brain	0.3855
PXD061104	MDK_Ins_F28	Brain	0.4025
PXD061104	MDK_Ins_F29	Brain	0.346
PXD061104	MDK_Ins_F3	Brain	0.4718
PXD061104	MDK_Ins_F30	Brain	0.4177
PXD061104	MDK_Ins_F31	Brain	0.3991
PXD061104	MDK_Ins_F32	Brain	0.3017
PXD061104	MDK_Ins_F33	Brain	0.427
PXD061104	MDK_Ins_F34	Brain	0.4062
PXD061104	MDK_Ins_F35	Brain	0.4513
PXD061104	MDK_Ins_F36	Brain	0.4239
PXD061104	MDK_Ins_F37	Brain	0.4312
PXD061104	MDK_Ins_F38	Brain	0.404
PXD061104	MDK_Ins_F39	Brain	0.3671
PXD061104	MDK_Ins_F4	Brain	0.4736
PXD061104	MDK_Ins_F40	Brain	0.4679
PXD061104	MDK_Ins_F5	Brain	0.4947
PXD061104	MDK_Ins_F6	Brain	0.3629
PXD061104	MDK_Ins_F8	Brain	0.402
PXD061104	MDK_Ins_F9	Brain	0.433
PXD061183	A20221103sunyt_TPD_mftZRY_45minDIA_b5_19	Skeletal muscle	0.4053
PXD061183	A20230208Hupp_TPD_wosp00127_45minDIA_Rep_b6_2	Skeletal muscle	0.3421
PXD061183	A20230410Hupp_TPM_Z_45minDIA_b15_8	Skeletal muscle	0.3105
PXD061183	A20230428Hupp_ZRYS_45minDIA_b1_9	Skeletal muscle	0.3316
PXD061183	A20230430Hupp_ZRYS_45minDIA_b3_7	Skeletal muscle	0.3263
PXD061183	A20230501Hupp_ZRYS_45minDIA_b4_8	Skeletal muscle	0.3211
PXD061183	A20230502Hupp_ZRYS_45minDIA_b5_4	Skeletal muscle	0.3263
PXD061183	A20230507Hupp_ZRYS_45minDIA_b8_1	Skeletal muscle	0.3316
PXD061183	A20230507Hupp_ZRYS_45minDIA_b8_5	Skeletal muscle	0.3368
PXD061183	A20230523Hupp_MTCFD_60min_DIA_MTCFD_7_7	Skeletal muscle	0.3579
PXD061183	A20230525Hupp_MTCFD_60min_DIA_MTCFD_9_5	Skeletal muscle	0.3421
PXD061183	A20230531Hupp_ZRYL_45minDIA_b1_6	Skeletal muscle	0.3211
PXD061183	A20230601Hupp_ZRYL_45minDIA_b2_2	Skeletal muscle	0.3316
PXD061183	A20230601Hupp_ZRYL_45minDIA_b2_7	Skeletal muscle	0.3105
PXD061183	A20230601Hupp_ZRYL_45minDIA_b2_8	Skeletal muscle	0.3263
PXD061183	A20230602Hupp_ZRYL_45minDIA_Rep_b3_3	Skeletal muscle	0.3158
PXD061183	A20230602Hupp_ZRYL_45minDIA_b3_3	Skeletal muscle	0.3053
PXD061183	A20230605Hupp_ZRYL_45minDIA_B7_11	Skeletal muscle	0.3105
PXD061183	A20230613Hupp_MTCFD_60min_DIA_MTCFD_16_6	Skeletal muscle	0.3474
PXD061183	A20230613Hupp_MTCFD_60min_DIA_MTCFD_16_7	Skeletal muscle	0.3105
PXD061183	B2020503Hupp_RAIT_45minDIA_b2_8	Skeletal muscle	0.3737
PXD061183	B2020505Hupp_RAIT_45minDIA_b3_1	Skeletal muscle	0.3579
PXD061183	B2020505Hupp_RAIT_45minDIA_b3_5	Skeletal muscle	0.3105
PXD061183	B2020506Hupp_RAIT_45minDIA_b4_11	Skeletal muscle	0.3053
PXD061183	B2020506Hupp_RAIT_45minDIA_b5_3	Skeletal muscle	0.3
PXD061183	B2020506Hupp_RAIT_45minDIA_b5_4	Skeletal muscle	0.3105
PXD061183	B2020506Hupp_RAIT_45minDIA_b5_5	Skeletal muscle	0.3211
PXD061183	B2020507Hupp_RAIT_45minDIA_b6_2	Skeletal muscle	0.3211
PXD061183	B2020507Hupp_RAIT_45minDIA_b6_7	Skeletal muscle	0.3421
PXD061183	B2020508Hupp_RAIT_45minDIA_Rep_b7_10	Skeletal muscle	0.3053
PXD061183	B2020509Hupp_RAIT_45minDIA_b8_13	Skeletal muscle	0.3789
PXD061183	B2020510Hupp_RAIT_45minDIA_Rep_b9_1	Skeletal muscle	0.3105
PXD061183	B2020510Hupp_RAIT_45minDIA_b9_1	Skeletal muscle	0.3211
PXD061183	B20230211Hupp_TPD_wosp00127_45minDIA_b9_11	Skeletal muscle	0.3
PXD061183	B20230211Hupp_TPD_wosp00127_45minDIA_b9_9	Skeletal muscle	0.3
PXD061183	B20230212Hupp_TPD_wosp00127_45minDIA_b10_14	Skeletal muscle	0.3579
PXD061183	B20230213Hupp_TPD_wosp00127_45minDIA_Rep_b15_3	Skeletal muscle	0.3158
PXD061183	B20230216Hupp_TPD_wosp00127_45minDIA_b15_3	Skeletal muscle	0.3
PXD061183	B20230220Hupp_TPD_wosp00127_45minDIA_b17_13	Skeletal muscle	0.3263
PXD061183	B20230225Hupp_TPD_wosp00127_45minDIA_b22_10	Skeletal muscle	0.3211
PXD061183	B20230226Hupp_TPD_wosp00127_45minDIA_b23_4	Skeletal muscle	0.3158
PXD061183	B20230227Hupp_TPD_wosp00127_45minDIA_b25_1	Skeletal muscle	0.3105
PXD061183	B20230302Hupp_TPD_wosp00127_45minDIA_b28_1	Skeletal muscle	0.3053
PXD061183	B20230308Hupp_TPD_wosp00127_45minDIA_b32_13	Skeletal muscle	0.3526
PXD061183	B20230310Hupp_TPD_wosp00127_45minDIA_b33_10	Skeletal muscle	0.3316
PXD061183	CAA20230301Hupp_TPM_ZY_DIA_60min_b19_1	Skeletal muscle	0.3632
PXD061183	CAA20230413Hupp_TPM_ZY_DIA_60min_b83_3	Skeletal muscle	0.3368
PXD061183	CAA20230421Hupp_TPM_ZY_DIA_60min_b90_4	Skeletal muscle	0.3158
PXD061183	CAA20230429Hupp_TPM_ZY_DIA_60min_b94_1	Skeletal muscle	0.3632
PXD061183	CAA20230503Hupp_TPM_wosp0034_DIA_60min_b2_11	Skeletal muscle	0.3211
PXD061183	CAA20230504Hupp_TPM_wosp0034_DIA_60min_b3_13	Skeletal muscle	0.3474
PXD061183	CAA20230504Hupp_TPM_wosp0034_DIA_60min_b3_14	Skeletal muscle	0.3053
PXD061183	CAA20230609Hupp_TPM_wosp0034_DIA_60min_b4_8	Skeletal muscle	0.3421
PXD061183	CAA20230610Hupp_TPM_wosp0034_DIA_60min_b5_15	Skeletal muscle	0.3158
PXD061183	CAA20230610Hupp_TPM_wosp0034_DIA_60min_b5_4	Skeletal muscle	0.3526
PXD061183	CAA20230610Hupp_TPM_wosp0034_DIA_60min_b5_6	Skeletal muscle	0.3105
PXD061183	CAA20230613Hupp_TPM_wosp0034_DIA_60min_b8_2	Skeletal muscle	0.3105
PXD061183	CAA20230613Hupp_TPM_wosp0034_DIA_60min_b8_4	Skeletal muscle	0.3211
PXD061183	CAA20230614Hupp_TPM_wosp0034_DIA_60min_b9_4	Skeletal muscle	0.3105
PXD061183	CAB20230425Hupp_RAIT_DIA_60min_b1_13	Skeletal muscle	0.3
PXD061183	CAB20230425Hupp_RAIT_DIA_60min_b1_5	Skeletal muscle	0.3053
PXD061183	CAB20230425Hupp_RAIT_DIA_60min_b1_6	Skeletal muscle	0.3474
PXD061183	CAB20230426Hupp_RAIT_DIA_60min_b2_8	Skeletal muscle	0.3368
PXD061183	CAB20230427Hupp_RAIT_DIA_60min_Rep_b3_14_20230430052922	Skeletal muscle	0.3053
PXD061183	CAB20230427Hupp_RAIT_DIA_60min_b3_1	Skeletal muscle	0.3842
PXD061183	CAB20230427Hupp_RAIT_DIA_60min_b3_14	Skeletal muscle	0.3158
PXD061183	CAB20230427Hupp_RAIT_DIA_60min_b3_5	Skeletal muscle	0.3368
PXD061183	CAB20230428Hupp_RAIT_DIA_60min_b4_11	Skeletal muscle	0.3211
PXD061183	CAB20230429Hupp_RAIT_DIA_60min_b5_3	Skeletal muscle	0.3526
PXD061183	CAB20230429Hupp_RAIT_DIA_60min_b5_4	Skeletal muscle	0.3263
PXD061183	CAB20230429Hupp_RAIT_DIA_60min_b5_5	Skeletal muscle	0.3474
PXD061183	CAB20230429Hupp_RAIT_DIA_60min_b5_6	Skeletal muscle	0.3158
PXD061183	CAB20230430Hupp_RAIT_DIA_60min_b6_15	Skeletal muscle	0.3158
PXD061183	CAB20230430Hupp_RAIT_DIA_60min_b6_2	Skeletal muscle	0.3053
PXD061183	CAB20230430Hupp_RAIT_DIA_60min_b6_7	Skeletal muscle	0.3579
PXD061183	CAB20230430Hupp_RAIT_DIA_60min_b6_9	Skeletal muscle	0.3368
PXD061183	CAB20230501Hupp_RAIT_DIA_60min_b7_10	Skeletal muscle	0.3368
PXD061183	CAB20230502Hupp_RAIT_DIA_60min_b8_13	Skeletal muscle	0.4053
PXD061183	CAB20230502Hupp_RAIT_DIA_60min_b8_14	Skeletal muscle	0.3211
PXD061183	CAB20230502Hupp_RAIT_DIA_60min_b8_15	Skeletal muscle	0.3158
PXD061183	CAB20230503Hupp_RAIT_DIA_60min_b9_1	Skeletal muscle	0.3368
PXD061183	CAB20230503Hupp_RAIT_DIA_60min_b9_3	Skeletal muscle	0.3368
PXD061183	CAB20230522Hupp_ZRYS_DIA_60min_b1_9	Skeletal muscle	0.3474
PXD061183	CAC20230302Hupp_TPD_ZY_DIA_60min_Rep_b17_11	Skeletal muscle	0.4105
PXD061183	CAC20230302Hupp_TPD_ZY_DIA_60min_b17_11	Skeletal muscle	0.4158
PXD061183	CAC20230318Hupp_TPD_ZY_DIA_60min_b62_9	Skeletal muscle	0.3789
PXD061183	CAC20230323Hupp_TPD_ZY_DIA_60min_b72_11	Skeletal muscle	0.3579
PXD061183	CAC20230323Hupp_TPD_ZY_DIA_60min_b72_6	Skeletal muscle	0.4412
PXD061183	CAC20230406zhouy_TPR_DIA_60min_b3_9	Skeletal muscle	0.3158
PXD061183	CAC20230410zhouy_TPR_DIA_60min_b6_3	Skeletal muscle	0.3053
PXD061183	CAC20230413zhouy_TPR_DIA_60min_b9_6	Skeletal muscle	0.3263
PXD061183	CAC20230605Hupp_MFT_DL_DIA_60min_b5_6_20230605232112	Skeletal muscle	0.3368
PXD061183	CAC20230606Hupp_MFT_SHLY_DIA_60min_b1_11	Skeletal muscle	0.3632
PXD061183	CAC20230610Hupp_MFT_SHLY_DIA_60min_b3_9	Skeletal muscle	0.3316
PXD061183	O20230228Hupp_TPM_ZY_DIA_60min_b10_7	Skeletal muscle	0.3421
PXD061183	O20230606Hupp_MTC_FD_60min_DIA_b7_7	Skeletal muscle	0.3368
PXD061267	Margulis_myofibrillar_1	Skeletal muscle	0.3138
PXD061267	Margulis_myofibrillar_10	Heart	0.3288
PXD061267	Margulis_myofibrillar_11	Heart	0.3864
PXD061267	Margulis_myofibrillar_13	Heart	0.3093
PXD061267	Margulis_myofibrillar_16	Heart	0.3262
PXD061267	Margulis_myofibrillar_18	Heart	0.3186
PXD061267	Margulis_myofibrillar_19	Heart	0.3031
PXD061267	Margulis_myofibrillar_2	Heart	0.3275
PXD061267	Margulis_myofibrillar_24	Heart	0.3144
PXD061267	Margulis_myofibrillar_25	Skeletal muscle	0.3311
PXD061267	Margulis_myofibrillar_26	Heart	0.3303
PXD061267	Margulis_myofibrillar_29	Heart	0.3012
PXD061267	Margulis_myofibrillar_3	Heart	0.3172
PXD061267	Margulis_myofibrillar_30	Heart	0.3152
PXD061267	Margulis_myofibrillar_32	Heart	0.334
PXD061267	Margulis_myofibrillar_34	Heart	0.338
PXD061267	Margulis_myofibrillar_35	Heart	0.3218
PXD061267	Margulis_myofibrillar_40	Skeletal muscle	0.3022
PXD061267	Margulis_myofibrillar_5	Heart	0.331
PXD061267	Margulis_myofibrillar_6	Heart	0.3368
PXD061267	Margulis_myofibrillar_7	Heart	0.3263
PXD061267	Margulis_myofibrillar_8	Heart	0.3291
PXD061267	Margulis_soluble_10	Skeletal muscle	0.3029
PXD061267	Margulis_soluble_11	Skeletal muscle	0.3092
PXD061267	Margulis_soluble_12	Heart	0.3067
PXD061267	Margulis_soluble_17	Skeletal muscle	0.327
PXD061267	Margulis_soluble_18	Skeletal muscle	0.319
PXD061267	Margulis_soluble_20	Skeletal muscle	0.3471
PXD061267	Margulis_soluble_25	Skeletal muscle	0.3342
PXD061267	Margulis_soluble_26	Skeletal muscle	0.3016
PXD061267	Margulis_soluble_29	Skeletal muscle	0.3321
PXD061267	Margulis_soluble_4	Skeletal muscle	0.3089
PXD061267	Margulis_soluble_6	Skeletal muscle	0.3394
PXD061285	mousebrain-KO-Tmem9-CL47-T9ACt-rb2_o	Brain	0.4149
PXD061285	mousebrain-KO-Tmem9b-CL47-T9B-Proteintech-24331-1_o	Brain	0.3402
PXD061285	mousebrain-KO-Tmem9b-CL47-T9BC1_o	Brain	0.3056
PXD061285	mousebrain-KO-Tmem9b-CL47-T9BC2_o	Brain	0.4426
PXD061285	mousebrain-WT-CL47-IgG-control-1_o	Brain	0.3083
PXD061285	mousebrain-WT-CL47-T9AC2-gp1_o	Brain	0.3151
PXD061285	mousebrain-WT-CL47-T9Act-rb2_o	Brain	0.4333
PXD061285	mousebrain-WT-CL47-T9B-Proteintech-24331-1_o	Brain	0.3522
PXD061285	mousebrain-WT-CL47-T9BC2_o	Brain	0.3209
PXD061285	mousebrain-WT-CL47-T9Bct-gp2_o	Brain	0.3148
PXD061285	mousebrain2-KO-Tmem9-CL47-T9BC2_u	Brain	0.3089
PXD061285	mousebrain2-KO-Tmem9-CL47-TMEM9B-Proteintech-24331-1_o	Brain	0.3478
PXD061285	mousebrain2-WT-CL47_TMEM9B-Proteintech-24331-1_o	Brain	0.3622
PXD061696	CRC_adjacent_noncancerous_N1	Colon	0.4162
PXD061696	CRC_adjacent_noncancerous_N4	Colon	0.4304
PXD061696	CRC_cancertissue_T4	Colon	0.3276
PXD061696	TissueExperiment_Fraction09	Colon	0.3082
PXD061696	TissueExperiment_Fraction17	Colon	0.3115
PXD061696	TissueExperiment_Fraction19	Colon	0.3354
PXD061756	FLI12093	Brain	0.8768
PXD061756	FLI12095	Brain	0.5645
PXD061756	FLI12097	Brain	0.8405
PXD061756	FLI12099	Brain	0.707
PXD061756	FLI12101	Brain	0.8927
PXD061756	FLI12103	Brain	0.6339
PXD061756	FLI12105	Brain	0.8982
PXD061756	FLI12109	Brain	0.8134
PXD061756	FLI12111	Brain	0.6919
PXD061756	FLI12113	Brain	0.8457
PXD061756	FLI12115	Ovary	0.3094
PXD061756	FLI12117	Brain	0.886
PXD061756	FLI12119	Brain	0.7661
PXD061756	FLI12121	Brain	0.7825
PXD061756	FLI12123	Brain	0.5766
PXD061756	FLI12125	Brain	0.6084
PXD061784	Ernie_210128_P1508_JS_MK_TMT6_Rep1_R1_FR2	Heart	0.3558
PXD061784	Ernie_210128_P1508_JS_MK_TMT6_Rep1_R1_FR6	Heart	0.3057
PXD061784	Lara_241031_P3464_JS_RW_FullP_TMT16_R1_FR01	Heart	0.448
PXD061784	Lara_241031_P3464_JS_RW_FullP_TMT16_R1_FR02	Heart	0.3629
PXD061784	Lara_241031_P3464_JS_RW_FullP_TMT16_R1_FR04	Heart	0.4806
PXD061784	Lara_241031_P3464_JS_RW_FullP_TMT16_R1_FR06	Heart	0.4409
PXD061784	Lara_241031_P3464_JS_RW_FullP_TMT16_R1_FR07	Heart	0.4079
PXD061784	Lara_241031_P3464_JS_RW_FullP_TMT16_R1_FR08	Heart	0.3498
PXD061784	Lara_241031_P3464_JS_RW_FullP_TMT16_R1_FR11	Heart	0.3806
PXD061784	Lara_241031_P3464_JS_RW_FullP_TMT16_R1_FR12	Heart	0.4882
PXD061848	2023107_Demo_Beatson_TMT_11SPD_F1	Liver	0.3457
PXD061848	2023107_Demo_Beatson_TMT_11SPD_F2	Liver	0.3955
PXD061848	2023107_Demo_Beatson_TMT_11SPD_F3	Liver	0.3176
PXD061848	2023107_Demo_Beatson_TMT_11SPD_F6	Liver	0.3043
PXD061848	2023107_Demo_Beatson_TMT_15SPD_F2	Liver	0.3824
PXD061848	2023107_Demo_Beatson_TMT_15SPD_F3	Liver	0.3516
PXD061848	2023107_Demo_Beatson_TMT_15SPD_F7	Liver	0.3043
PXD061865	20231222_SEL_LU_SA_SEL_Y70_241023_Astral-Demo-Liver_SICyLIA-TMT_f015	Liver	0.3523
PXD061865	20231222_SEL_LU_SA_SEL_Y70_241023_Astral-Demo-Liver_SICyLIA-TMT_f016	Liver	0.3415
PXD061865	20231222_SEL_LU_SA_SEL_Y70_241023_Astral-Demo-Liver_SICyLIA-TMT_f017	Liver	0.3752
PXD061865	20231222_SEL_LU_SA_SEL_Y70_241023_Astral-Demo-Liver_SICyLIA-TMT_f018	Liver	0.4033
PXD061865	20231222_SEL_LU_SA_SEL_Y70_241023_Astral-Demo-Liver_SICyLIA-TMT_f020	Liver	0.3173
PXD061865	20231222_SEL_LU_SA_SEL_Y70_241023_Astral-Demo-Liver_SICyLIA-TMT_f021	Liver	0.3598
PXD061879	20241029_DIA_Liver_01	Liver	0.3215
PXD061879	20241029_DIA_Liver_02	Liver	0.3113
PXD061879	20241029_DIA_Liver_03	Liver	0.3022
PXD061879	20241029_DIA_Liver_04	Liver	0.3227
PXD061879	20241029_DIA_Liver_05	Liver	0.3039
PXD061879	20241029_DIA_Liver_06	Liver	0.3119
PXD061879	20241029_DIA_Liver_07	Liver	0.347
PXD061879	20241029_DIA_Liver_10	Liver	0.3847
PXD061879	20241029_DIA_Liver_11	Liver	0.378
PXD061879	20241029_DIA_Liver_12	Liver	0.3608
PXD061879	20241029_DIA_Liver_13	Liver	0.3127
PXD061879	20241029_DIA_Liver_14	Liver	0.3264
PXD061879	20241029_DIA_Liver_15	Liver	0.4074
PXD061879	20241029_DIA_Liver_16	Liver	0.3166
PXD061879	20241029_DIA_Liver_17	Liver	0.3272
PXD061879	20241029_DIA_Liver_18	Liver	0.4168
PXD061879	20241029_DIA_Liver_22	Liver	0.3199
PXD061879	20241029_DIA_Liver_23	Liver	0.318
PXD061981	241205_01_DIA_liver_PER2SG_CT2_1	Liver	0.3874
PXD061981	241205_01_DIA_liver_WT_CT2_1	Liver	0.3684
PXD061981	241205_02_DIA_liver_PER2SG_CT2_2	Liver	0.4029
PXD061981	241205_02_DIA_liver_WT_CT2_2	Liver	0.356
PXD061981	241205_03_DIA_liver_PER2SG_CT6_1	Liver	0.3932
PXD061981	241205_03_DIA_liver_WT_CT6_1	Liver	0.3746
PXD061981	241205_04_DIA_liver_PER2SG_CT6_2	Liver	0.3931
PXD061981	241205_04_DIA_liver_WT_CT6_2	Liver	0.3936
PXD061981	241205_05_DIA_liver_PER2SG_CT10_1	Liver	0.4094
PXD061981	241205_05_DIA_liver_WT_CT10_1	Liver	0.3837
PXD061981	241205_06_DIA_liver_PER2SG_CT10_2	Liver	0.3985
PXD061981	241205_06_DIA_liver_WT_CT10_2	Liver	0.3881
PXD061981	241205_07_DIA_liver_PER2SG_CT14_1	Liver	0.3927
PXD061981	241205_07_DIA_liver_WT_CT14_1	Liver	0.3903
PXD061981	241205_08_DIA_liver_PER2SG_CT14_2	Liver	0.3849
PXD061981	241205_08_DIA_liver_WT_CT14_2	Liver	0.3881
PXD061981	241205_09_DIA_liver_PER2SG_CT18_1	Liver	0.3869
PXD061981	241205_09_DIA_liver_WT_CT18_1	Liver	0.3745
PXD061981	241205_10_DIA_liver_PER2SG_CT18_2	Liver	0.3992
PXD061981	241205_10_DIA_liver_WT_CT18_2	Liver	0.399
PXD061981	241205_11_DIA_liver_PER2SG_CT22_1	Liver	0.3826
PXD061981	241205_11_DIA_liver_WT_CT22_1	Liver	0.3832
PXD061981	241205_12_DIA_liver_PER2SG_CT22_2	Liver	0.3849
PXD061981	241205_12_DIA_liver_WT_CT22_2	Liver	0.3849
PXD061981	241206_01_DIA_livernuc_WT_CT2_1	Liver	0.3001
PXD061981	241206_02_DIA_livernuc_PER2SG_CT2_2	Liver	0.3022
PXD061981	241206_03_DIA_livernuc_PER2SG_CT6_1	Liver	0.3046
PXD061981	241206_05_DIA_livernuc_PER2SG_CT10_1	Liver	0.3095
PXD061981	241206_05_DIA_livernuc_WT_CT10_1	Liver	0.3024
PXD061981	241206_06_DIA_livernuc_PER2SG_CT10_2	Liver	0.3113
PXD061981	241206_06_DIA_livernuc_WT_CT10_2	Liver	0.3085
PXD061981	241206_07_DIA_livernuc_PER2SG_CT14_1	Liver	0.3284
PXD061981	241206_07_DIA_livernuc_WT_CT14_1	Liver	0.3142
PXD061981	241206_08_DIA_livernuc_PER2SG_CT14_2	Liver	0.3127
PXD061981	241206_08_DIA_livernuc_WT_CT14_2	Liver	0.3135
PXD061981	241206_10_DIA_livernuc_PER2SG_CT18_2	Liver	0.3136
PXD061981	241206_10_DIA_livernuc_WT_CT18_2	Liver	0.3132
PXD061981	241206_11_DIA_livernuc_PER2SG_CT22_1	Liver	0.3021
PXD061981	241206_11_DIA_livernuc_WT_CT22_1	Liver	0.3071
PXD061981	241206_12_DIA_livernuc_PER2SG_CT22_2	Liver	0.3007
PXD061981	241229_03_DDAphos_liver_WT_CT6_1	Liver	0.3364
PXD061981	241229_05_DDAphos_liver_PER2SG_CT10_1	Liver	0.3162
PXD061981	241229_07_DDAphos_liver_WT_CT14_1	Liver	0.3422
PXD061981	241229_10_DDAphos_liver_WT_CT18_2	Liver	0.3231
PXD061981	241229_11_DDAphos_liver_PER2SG_CT22_1	Liver	0.3277
PXD061981	241229_11_DDAphos_liver_WT_CT22_1	Liver	0.3676
PXD061981	241229_12_DDAphos_liver_PER2SG_CT22_2	Liver	0.3353
PXD062000	54819_1_EXP_1148_2_mm_TMT10_prof_250ng_F01	Brain	0.4683
PXD062000	54819_1_EXP_1148_2_mm_TMT10_prof_250ng_F03	Brain	0.3376
PXD062000	54819_1_EXP_1148_2_mm_TMT10_prof_250ng_F04	Brain	0.3932
PXD062000	54819_1_EXP_1148_2_mm_TMT10_prof_250ng_F05	Brain	0.4457
PXD062000	54819_1_EXP_1148_2_mm_TMT10_prof_250ng_F06	Brain	0.3176
PXD062000	54819_1_EXP_1148_2_mm_TMT10_prof_250ng_F08	Brain	0.345
PXD062000	54819_1_EXP_1148_2_mm_TMT10_prof_250ng_F09	Brain	0.3236
PXD062000	54819_1_EXP_1148_2_mm_TMT10_prof_250ng_F10	Brain	0.4194
PXD062000	54819_1_EXP_1148_2_mm_TMT10_prof_250ng_F11	Brain	0.33
PXD062000	54819_1_EXP_1148_2_mm_TMT10_prof_250ng_F12	Brain	0.5293
PXD062000	54819_1_EXP_1148_2_mm_TMT10_prof_250ng_F13	Brain	0.3611
PXD062000	54819_1_EXP_1148_2_mm_TMT10_prof_250ng_F15	Brain	0.3269
PXD062000	54819_1_EXP_1148_2_mm_TMT10_prof_250ng_F16	Brain	0.3292
PXD062000	54819_1_EXP_1148_2_mm_TMT10_prof_250ng_F17	Brain	0.3231
PXD062000	54819_1_EXP_1148_2_mm_TMT10_prof_250ng_F21	Brain	0.3045
PXD062000	54819_1_EXP_1148_2_mm_TMT10_prof_250ng_F22	Brain	0.3467
PXD062000	54819_1_EXP_1148_2_mm_TMT10_prof_250ng_F24	Brain	0.3741
PXD062000	54819_1_EXP_1148_2_mm_TMT10_prof_250ng_F25	Brain	0.4077
PXD062000	54820_1_EXP_1148_2_mm_TMT10_IMAC_one4th_F05	Brain	0.3203
PXD062000	54820_1_EXP_1148_2_mm_TMT10_IMAC_one4th_F07	Brain	0.3398
PXD062000	54820_1_EXP_1148_2_mm_TMT10_IMAC_one4th_F13	Brain	0.3144
PXD062254	DIA_FAIMS_CV-45_02_SL	Brain	0.4045
PXD062254	DIA_FAIMS_CV-45_02_SL	Brain	0.4168
PXD062254	DIA_FAIMS_CV-45_04_UREA_FASP	Brain	0.449
PXD062254	DIA_FAIMS_CV-45_04_UREA_FASP	Brain	0.3286
PXD062254	DIA_FAIMS_CV-45_06_INGEL	Brain	0.339
PXD062254	DIA_FAIMS_CV-45_07_UREA_SPE-iST	Brain	0.3232
PXD062254	DIA_FAIMS_CV-45_08_UREA_SPE	Brain	0.3526
PXD062254	DIA_FAIMS_CV-45_10_BB_iST	Brain	0.3992
PXD062254	DIA_FAIMS_CV-45_10_BB_iST	Brain	0.3579
PXD062419	DiscoveryCohort_QC1	Pituitary gland	0.3641
PXD062419	DiscoveryCohort_QC2	Pituitary gland	0.3379
PXD062419	DiscoveryCohort_QC3	Pituitary gland	0.3325
PXD062419	DiscoveryCohort_Sample1	Pituitary gland	0.3457
PXD062419	DiscoveryCohort_Sample10	Pituitary gland	0.3224
PXD062419	DiscoveryCohort_Sample11	Pituitary gland	0.3229
PXD062419	DiscoveryCohort_Sample12	Pituitary gland	0.3695
PXD062419	DiscoveryCohort_Sample14	Pituitary gland	0.3392
PXD062419	DiscoveryCohort_Sample16	Pituitary gland	0.3368
PXD062419	DiscoveryCohort_Sample17	Pituitary gland	0.3725
PXD062419	DiscoveryCohort_Sample18	Pituitary gland	0.3286
PXD062419	DiscoveryCohort_Sample19	Pituitary gland	0.3083
PXD062419	DiscoveryCohort_Sample2	Pituitary gland	0.3804
PXD062419	DiscoveryCohort_Sample21	Pituitary gland	0.3461
PXD062419	DiscoveryCohort_Sample24	Pituitary gland	0.3145
PXD062419	DiscoveryCohort_Sample25	Pituitary gland	0.3031
PXD062419	DiscoveryCohort_Sample27	Pituitary gland	0.3131
PXD062419	DiscoveryCohort_Sample28	Pituitary gland	0.3554
PXD062419	DiscoveryCohort_Sample32	Pituitary gland	0.3547
PXD062419	DiscoveryCohort_Sample34	Pituitary gland	0.3823
PXD062419	DiscoveryCohort_Sample36	Pituitary gland	0.3511
PXD062419	DiscoveryCohort_Sample38	Pituitary gland	0.349
PXD062419	DiscoveryCohort_Sample4	Pituitary gland	0.3522
PXD062419	DiscoveryCohort_Sample40	Pituitary gland	0.3085
PXD062419	DiscoveryCohort_Sample41	Pituitary gland	0.3135
PXD062419	DiscoveryCohort_Sample42	Pituitary gland	0.3712
PXD062419	DiscoveryCohort_Sample43	Pituitary gland	0.3104
PXD062419	DiscoveryCohort_Sample44	Pituitary gland	0.3611
PXD062419	DiscoveryCohort_Sample46	Pituitary gland	0.3734
PXD062419	DiscoveryCohort_Sample48	Pituitary gland	0.3737
PXD062419	DiscoveryCohort_Sample5	Pituitary gland	0.3637
PXD062419	DiscoveryCohort_Sample6	Pituitary gland	0.3533
PXD062419	DiscoveryCohort_Sample7	Pituitary gland	0.3391
PXD062419	DiscoveryCohort_Sample9	Pituitary gland	0.3318
PXD062419	FreezeThawCycles_0	Pituitary gland	0.3174
PXD062419	FreezeThawCycles_1	Pituitary gland	0.3047
PXD062419	FreezeThawCycles_2hRT	Pituitary gland	0.3328
PXD062419	FreezeThawCycles_3	Pituitary gland	0.3592
PXD062419	OvernightRT_OvernightRT	Pituitary gland	0.3636
PXD062419	OvernightRT_Reference	Pituitary gland	0.3346
PXD062419	PepID200uLCSF	Pituitary gland	0.4067
PXD062419	PepIDFrac200uLCSF_F1	Pituitary gland	0.3659
PXD062419	PepIDFrac600uLCSF_F2	Pituitary gland	0.3115
PXD062419	TechnicalReplicates_1	Pituitary gland	0.3199
PXD062419	TechnicalReplicates_2	Pituitary gland	0.3648
PXD062419	TechnicalReplicates_3	Pituitary gland	0.3555
PXD062419	TechnicalReplicates_4	Pituitary gland	0.3467
PXD062419	TechnicalReplicates_5	Pituitary gland	0.334
PXD062536	Day1_1_5_ul_robust_test_blank_between_CSF_Plasma	Brain	0.3008
PXD062536	Day2_1_5_ul_robust_test_CSF_400ng_R1	Brain	0.3009
PXD062536	Day2_1_5_ul_robust_test_CSF_400ng_R2	Brain	0.3326
PXD062536	Day2_1_5_ul_robust_test_CSF_400ng_R4	Brain	0.3693
PXD062536	Day3_1_5_ul_robust_test_CSF_400ng_R1	Brain	0.432
PXD062536	Day3_1_5_ul_robust_test_CSF_400ng_R2	Brain	0.3744
PXD062536	Day4_1_5_ul_robust_test_CSF_400ng_R1	Brain	0.3125
PXD062536	Day4_1_5_ul_robust_test_CSF_400ng_R3	Brain	0.306
PXD062536	Day4_1_5_ul_robust_test_CSF_400ng_R4	Brain	0.3207
PXD062962	20230510_C31609_002_S502315_ko-vehicle-552_HFD-ko-vehicle_proteome	Liver	0.3976
PXD062962	20230510_C31609_003_S502327_cd-86-4_CD-86_proteome	Liver	0.3947
PXD062962	20230510_C31609_004_S502304_wt-vehicle-579_HFD-wt-vehicle_proteome	Liver	0.3669
PXD062962	20230510_C31609_005_S502323_cd-vehicle-4_CD-vehicle_proteome	Liver	0.4056
PXD062962	20230510_C31609_006_S502312_ko-vehicle-553_HFD-ko-vehicle_proteome	Liver	0.4053
PXD062962	20230510_C31609_007_S502317_ko-86-544_HFD-ko-86_proteome	Liver	0.436
PXD062962	20230510_C31609_009_S502318_ko-86-546_HFD-ko-86_proteome	Liver	0.4295
PXD062962	20230510_C31609_010_S502320_cd-vehicle-1_CD-vehicle_proteome	Liver	0.4048
PXD062962	20230510_C31609_011_S502308_wt-86-580_HFD-wt-86_proteome	Liver	0.3533
PXD062962	20230510_C31609_012_S502305_wt-vehicle-563_HFD-wt-vehicle_proteome	Liver	0.4294
PXD062962	20230510_C31609_013_S502319_ko-86-556_HFD-ko-86_proteome	Liver	0.4367
PXD062962	20230510_C31609_014_S502313_ko-vehicle-554_HFD-ko-vehicle_proteome	Liver	0.4041
PXD062962	20230510_C31609_016_S502326_cd-86-3_CD-86_proteome	Liver	0.368
PXD062962	20230510_C31609_017_S502314_ko-vehicle-543_HFD-ko-vehicle_proteome	Liver	0.4156
PXD062962	20230510_C31609_018_S502306_wt-vehicle-571_HFD-wt-vehicle_proteome	Liver	0.4396
PXD062962	20230510_C31609_019_S502309_wt-86-581_HFD-wt-86_proteome	Liver	0.3479
PXD062962	20230510_C31609_020_S502310_wt-86-574_HFD-wt-86_proteome	Liver	0.3916
PXD062962	20230510_C31609_021_S502316_ko-86-557_HFD-ko-86_proteome	Liver	0.4126
PXD062962	20230510_C31609_023_S502324_cd-86-1_CD-86_proteome	Liver	0.4043
PXD062962	20230510_C31609_024_S502307_wt-vehicle-582_HFD-wt-vehicle_proteome	Liver	0.4232
PXD062962	20230510_C31609_025_S502322_cd-vehicle-3_CD-vehicle_proteome	Liver	0.4064
PXD062962	20230510_C31609_026_S502321_cd-vehicle-2_CD-vehicle_proteome	Liver	0.4277
PXD062962	20230510_C31609_027_S502311_wt-86-565_HFD-wt-86_proteome	Liver	0.3856
PXD062962	20230510_C31609_028_S502325_cd-86-2_CD-86_proteome	Liver	0.3797
PXD063058	24_AD24_R	Brain	0.3105
PXD063461	20210309_CVID_1170	Small intestine	0.3591
PXD063461	20210309_CVID_1180	Duodenum	0.3593
PXD063461	20210309_CVID_1180_Again	Small intestine	0.4016
PXD063461	20210309_CVID_1202	Duodenum	0.3829
PXD063461	20210309_CVID_1340	Small intestine	0.3659
PXD063461	20210309_CVID_1362	Small intestine	0.3685
PXD063461	20210309_CVID_1391	Small intestine	0.3521
PXD063461	20210309_CVID_1438	Duodenum	0.3737
PXD063461	20210309_CVID_1469	Duodenum	0.3899
PXD063461	20210309_CVID_1482	Small intestine	0.3957
PXD063461	20210309_CVID_1482_Again	Small intestine	0.3746
PXD063461	20210309_CVID_1486	Small intestine	0.4299
PXD063461	20210309_CVID_1498	Small intestine	0.4113
PXD063461	20210309_CVID_1503	Small intestine	0.4622
PXD063461	20210309_CVID_1504	Small intestine	0.3759
PXD063461	20210309_CVID_1509	Small intestine	0.4179
PXD063461	20210309_CVID_1519	Small intestine	0.3861
PXD063461	20210309_CVID_1526	Small intestine	0.3922
PXD063461	20210309_CVID_1528	Small intestine	0.3856
PXD063461	20210309_CVID_1532	Small intestine	0.4102
PXD063461	20210309_CVID_1534	Duodenum	0.3793
PXD063461	20210309_CVID_2084	Small intestine	0.3698
PXD063461	20210309_CVID_2090	Small intestine	0.4937
PXD063461	20210309_CVID_2093	Small intestine	0.4173
PXD063461	20210309_CVID_2099	Duodenum	0.3627
PXD063461	20210309_CVID_2100	Small intestine	0.4147
PXD063461	20210309_CVID_2102	Small intestine	0.401
PXD063461	20210309_CVID_2110	Small intestine	0.3734
PXD063461	20210309_CVID_2117	Small intestine	0.4717
PXD063461	20210309_CVID_2118	Small intestine	0.4307
PXD063461	20210309_CVID_2121	Small intestine	0.452
PXD063461	20210309_CVID_2132	Small intestine	0.3525
PXD063553	P1	Brain	0.5777
PXD063553	P10	Brain	0.5963
PXD063553	P11	Brain	0.5968
PXD063553	P12	Brain	0.5777
PXD063553	P13	Brain	0.5782
PXD063553	P14	Brain	0.5777
PXD063553	P15	Brain	0.5915
PXD063553	P16	Brain	0.5968
PXD063553	P2	Brain	0.5968
PXD063553	P3	Brain	0.5968
PXD063553	P4	Brain	0.5968
PXD063553	P5	Brain	0.5968
PXD063553	P6	Brain	0.5968
PXD063553	P7	Brain	0.5968
PXD063553	P8	Brain	0.6015
PXD063553	P9	Brain	0.5968
PXD063836	230927_Lumos_BP-7099_Ric_trypsin_1	Brain	0.345
PXD063836	230927_Lumos_BP-7099_Ric_trypsin_3	Brain	0.3506
PXD063836	230927_Lumos_BP-7099_Ric_trypsin_GPF1	Brain	0.4172
PXD063836	230927_Lumos_BP-7099_Ric_trypsin_GPF2	Brain	0.5539
PXD063836	230927_Lumos_BP-7099_Ric_trypsin_GPF3	Brain	0.3604
PXD063995	mouseBrain_DADPS_1_HCD_EThcD_click_6ul_300min_1	Brain	0.565
PXD063995	mouseBrain_DADPS_1_HCD_EThcD_click_6ul_300min_2	Brain	0.5316
PXD063995	mouseBrain_DADPS_2_HCD_EThcD_click_6ul_300min_3	Brain	0.5505
PXD063995	mouseBrain_DADPS_2_HCD_EThcD_click_6ul_300min_4	Brain	0.5104
PXD063995	mouseBrain_DADPS_3_HCD_EThcD_click_6ul_300min_5	Brain	0.5357
PXD063995	mouseBrain_DADPS_3_HCD_EThcD_click_6ul_300min_6	Brain	0.5912
PXD063995	mouseBrain_DADPS_4_HCD_EThcD_click_6ul_300min_7	Brain	0.5336
PXD063995	mouseBrain_DADPS_4_HCD_EThcD_click_6ul_300min_8	Brain	0.5325
PXD063995	mouseBrain_DDE_1_HCD_EThcD_click_6ul_300min_1	Brain	0.4624
PXD063995	mouseBrain_DDE_1_HCD_EThcD_click_6ul_300min_2	Brain	0.5456
PXD063995	mouseBrain_DDE_2_HCD_EThcD_click_6ul_300min_3	Brain	0.5191
PXD063995	mouseBrain_DDE_2_HCD_EThcD_click_6ul_300min_4	Brain	0.4912
PXD063995	mouseBrain_DDE_2_HCD_EThcD_click_6ul_300min_5	Brain	0.6369
PXD063995	mouseBrain_DDE_2_HCD_EThcD_click_6ul_300min_6	Brain	0.523
PXD063995	mouseBrain_DIAZO_2_HCD_EThcD_click_6ul_300min_1	Brain	0.4713
PXD063995	mouseBrain_DIAZO_2_HCD_EThcD_click_6ul_300min_2	Brain	0.5245
PXD063995	mouseBrain_DIAZO_3_HCD_EThcD_click_6ul_300min_3	Brain	0.4465
PXD063995	mouseBrain_DIAZO_3_HCD_EThcD_click_6ul_300min_4	Brain	0.3782
PXD063995	mouseBrain_DIAZO_4_HCD_EThcD_click_6ul_300min_5	Brain	0.5609
PXD063995	mouseBrain_DIAZO_4_HCD_EThcD_click_6ul_300min_6	Brain	0.5368
PXD063995	mouseBrain_DIAZO_5_HCD_EThcD_click_6ul_300min_7	Brain	0.454
PXD063995	mouseBrain_DIAZO_5_HCD_EThcD_click_6ul_300min_8	Brain	0.4342
PXD063995	mouseBrain_PC_1_HCD_EThcD_click_6ul_300min_1	Brain	0.4209
PXD063995	mouseBrain_PC_1_HCD_EThcD_click_6ul_300min_2	Brain	0.5074
PXD063995	mouseBrain_PC_2_HCD_EThcD_click_6ul_300min_3	Brain	0.4114
PXD063995	mouseBrain_PC_2_HCD_EThcD_click_6ul_300min_4	Brain	0.5251
PXD063995	mouseBrain_PC_3_HCD_EThcD_click_6ul_300min_5	Brain	0.4305
PXD063995	mouseBrain_PC_3_HCD_EThcD_click_6ul_300min_6	Brain	0.4804
PXD063995	mouseBrain_PC_4_HCD_EThcD_click_6ul_300min_7	Brain	0.6016
PXD063995	mouseBrain_PC_4_HCD_EThcD_click_6ul_300min_8	Brain	0.4092
PXD064066	20230731_2D_2_02	Esophagus	0.3044
PXD064125	EXI04554	Liver	0.3649
PXD064125	EXI04565	Liver	0.3119
PXD064125	EXI04643	Liver	0.3387
PXD064125	EXI05592	Liver	0.3304
PXD064125	EXI05713	Liver	0.3061
PXD064125	EXI05829	Liver	0.3076
PXD064125	EXI05913	Liver	0.3566
PXD064125	FLI05923	Liver	0.302
PXD064262	4931_EP_4_A010_Vehicle	Skeletal muscle	0.3579
PXD064262	4931_EP_6_A010_Mira	Skeletal muscle	0.3684
PXD064262	4931_EP_6_A010_Mira_ZrIMAC_2	Skeletal muscle	0.3211
PXD064262	4931_EP_9_A010_Ipa	Skeletal muscle	0.3526
PXD064262	4931_EP_9_A010_Ipa_ZrIMAC_2	Skeletal muscle	0.3158
PXD064262	4997_EP_3_06Veh	Skeletal muscle	0.3036
PXD064262	4997_EP_4_10Ipa	Skeletal muscle	0.3352
PXD064262	4997_EP_5_10Mira	Skeletal muscle	0.3158
PXD064262	4997_EP_6_10Veh	Skeletal muscle	0.3352
PXD064262	4997_EP_7_24Ipa	Skeletal muscle	0.3053
PXD064262	4997_EP_8_24Mira	Skeletal muscle	0.3105
PXD064265	2024-07-03_CF_C32_plex11	Brain	0.4528
PXD064265	2024-07-03_CF_C32_plex7	Brain	0.3277
PXD064265	2024-07-03_CF_C32_plex8	Brain	0.5295
PXD064265	2024-07-03_CF_C32_plex9	Brain	0.5584
PXD064265	20240608_CF_C32_plex2122	Brain	0.4949
PXD064265	20240608_CF_C32_plex2223	Brain	0.4775
PXD064265	20240608_CF_C32_plex2233	Brain	0.5054
PXD064519	2022_02_03_GaryBrennan_C01	Brain	0.8881
PXD064519	2022_02_03_GaryBrennan_C02	Brain	0.8535
PXD064519	2022_02_03_GaryBrennan_C03	Brain	0.8608
PXD064519	2022_02_03_GaryBrennan_C04	Brain	0.6465
PXD064519	2022_02_03_GaryBrennan_C05	Brain	0.7127
PXD064519	2022_02_03_GaryBrennan_C06	Brain	0.6602
PXD064519	2022_02_03_GaryBrennan_C07	Brain	0.5774
PXD064519	2022_02_03_GaryBrennan_C08	Brain	0.7336
PXD064519	2022_02_03_GaryBrennan_C09	Brain	0.6933
PXD064519	2022_02_03_GaryBrennan_C10	Brain	0.7898
PXD064519	2022_02_03_GaryBrennan_NS01	Brain	0.6332
PXD064519	2022_02_03_GaryBrennan_NS02	Brain	0.6267
PXD064519	2022_02_03_GaryBrennan_NS03	Brain	0.7214
PXD064519	2022_02_03_GaryBrennan_NS04	Brain	0.6274
PXD064519	2022_02_03_GaryBrennan_NS05	Brain	0.7172
PXD064519	2022_02_03_GaryBrennan_NS06	Brain	0.6571
PXD064519	2022_02_03_GaryBrennan_NS07	Brain	0.7872
PXD064519	2022_02_03_GaryBrennan_S01	Brain	0.4508
PXD064519	2022_02_03_GaryBrennan_S02	Brain	0.6701
PXD064519	2022_02_03_GaryBrennan_S03	Brain	0.7764
PXD064519	2022_02_03_GaryBrennan_S04	Brain	0.6587
PXD064519	2022_02_03_GaryBrennan_S05	Brain	0.8453
PXD064519	2022_02_03_GaryBrennan_S06	Brain	0.8706
PXD064519	2022_02_03_GaryBrennan_S07	Brain	0.6593
PXD064523	10-017	Kidney	0.4846
PXD064523	11-035	Kidney	0.5055
PXD064523	13-004	Kidney	0.4256
PXD064523	14-024	Kidney	0.4545
PXD064523	15-011	Kidney	0.5278
PXD064523	16-027	Kidney	0.6673
PXD064523	17-012	Kidney	0.5008
PXD064523	19-003	Kidney	0.5984
PXD064523	2-020	Kidney	0.498
PXD064523	20-022	Kidney	0.5645
PXD064523	21-032	Kidney	0.3164
PXD064523	22-030	Kidney	0.445
PXD064523	23-028	Kidney	0.6377
PXD064523	24-007	Kidney	0.4416
PXD064523	25-029	Kidney	0.6306
PXD064523	26-025	Kidney	0.3359
PXD064523	27-021	Kidney	0.6944
PXD064523	28-001	Kidney	0.5942
PXD064523	29-018	Kidney	0.5468
PXD064523	3-010	Kidney	0.4228
PXD064523	30-033	Kidney	0.511
PXD064523	31-034	Kidney	0.5914
PXD064523	32-016	Kidney	0.6092
PXD064523	4-009	Kidney	0.5403
PXD064523	5-014	Kidney	0.7289
PXD064523	6-013	Kidney	0.7151
PXD064523	7-015	Kidney	0.6922
PXD064523	8-005	Kidney	0.5561
PXD064523	9-002	Kidney	0.6981
PXD064844	MS227451QEHF_Dana_Coller_p-100-fr-1-4-p-20-4-3_a	Prostate	0.3296
PXD064844	MS227451QEHF_Dana_Coller_p-100-fr-1-4-p-20-4-3_x	Prostate	0.3277
PXD064844	MS227451QEHF_Dana_Coller_p-100-fr-1-5-p-20-5-3_a	Prostate	0.3004
PXD064844	MS227451QEHF_Dana_Coller_p-100-fr-1-6-p-20-6-3_x	Prostate	0.3205
PXD064844	MS227451QEHF_Dana_Coller_p-20-2-3_a	Prostate	0.3598
PXD064844	MS227451QEHF_Dana_Coller_p-20-3-3_a	Prostate	0.3097
PXD064844	MS227451QEHF_Dana_Coller_uEVs-P100-TCEP-5_a	Prostate	0.3381
PXD064844	MS227451QEHF_Dana_Coller_uEVs-P100-TCEP-8_a	Prostate	0.3547
PXD065042	200706_IP_TSSK2_00	Testis	0.309
PXD065200	F20211119_PI_SG_C1RA2_BP_F23	Salivary gland	0.4061
PXD065200	F20211119_PI_SG_C1RA2_BP_F37	Salivary gland	0.3836
PXD065200	F20211119_PI_SG_C1RA2_Un_F23	Salivary gland	0.441
PXD065200	F20211119_PI_SG_C1RA2_Un_F37	Salivary gland	0.3362
PXD066393	HF1JS20220502_P22_0579_Exp2_AndrewP_S02	Skeletal muscle	0.3693
PXD066393	HF1JS20220502_P22_0579_Exp2_AndrewP_S03	Heart	0.4123
PXD066393	HF1JS20220502_P22_0579_Exp2_AndrewP_S04	Skeletal muscle	0.3928
PXD066393	HF1JS20220502_P22_0579_Exp2_AndrewP_S05	Heart	0.3406
PXD066393	HF1JS20220502_P22_0579_Exp2_AndrewP_S06	Skeletal muscle	0.3561
PXD066393	HF1JS20220502_P22_0579_Exp2_AndrewP_S07	Heart	0.3525
PXD066393	HF1JS20220502_P22_0579_Exp2_AndrewP_S08	Skeletal muscle	0.4195
PXD066393	HF1JS20220502_P22_0579_Exp2_AndrewP_S09	Heart	0.3563
PXD066393	HF1JS20220502_P22_0579_Exp2_AndrewP_S10	Skeletal muscle	0.3409
PXD066393	HF1JS20220502_P22_0579_Exp2_AndrewP_S11	Heart	0.3597
PXD066393	HF1JS20220502_P22_0579_Exp2_AndrewP_S12	Skeletal muscle	0.3521
PXD066393	HF1JS20220502_P22_0579_Exp2_AndrewP_S13	Heart	0.3365
PXD066393	HF1JS20220502_P22_0579_Exp2_AndrewP_S14_20230508212243	Skeletal muscle	0.4088
PXD066393	HF1JS20220502_P22_0579_Exp2_AndrewP_S15	Heart	0.351
PXD066393	HF1JS20220502_P22_0579_Exp2_AndrewP_S16	Skeletal muscle	0.3307
PXD066393	HF1JS20220502_P22_0579_Exp2_AndrewP_S17	Heart	0.3392
PXD066393	HF1JS20220502_P22_0579_Exp2_AndrewP_S18	Skeletal muscle	0.361
PXD066393	HF1JS20220502_P22_0579_Exp2_AndrewP_S19	Heart	0.3828
PXD066393	HF1JS20220502_P22_0579_Exp2_AndrewP_S20	Skeletal muscle	0.415
PXD066393	HF1JS20220502_P22_0579_Exp2_AndrewP_S21	Heart	0.3889
PXD066393	HF1JS20220502_P22_0579_Exp2_AndrewP_S22	Skeletal muscle	0.331
PXD066393	HF1JS20220502_P22_0579_Exp2_AndrewP_S23	Heart	0.363
PXD066393	HF1JS20220502_P22_0579_Exp2_AndrewP_S24	Skeletal muscle	0.3263
PXD066393	HF1JS20220502_P22_0579_Exp2_AndrewP_S25	Heart	0.348
PXD066393	HF1JS20220502_P22_0579_Exp2_AndrewP_S26	Skeletal muscle	0.3323
PXD066393	HF1JS20220502_P22_0579_Exp2_AndrewP_S27	Heart	0.3694
PXD066393	HF1JS20220502_P22_0579_Exp2_AndrewP_S28	Skeletal muscle	0.3283
PXD066393	HF1JS20220502_P22_0579_Exp2_AndrewP_S29	Heart	0.3239
PXD066393	HF1JS20220502_P22_0579_Exp2_AndrewP_S30	Skeletal muscle	0.3447
PXD066393	HF1JS20220502_P22_0579_Exp2_AndrewP_S31	Heart	0.3446
PXD066393	HF1JS20220502_P22_0579_Exp2_AndrewP_S32	Skeletal muscle	0.3604
PXD066393	HF1JS20220502_P22_0579_Exp2_AndrewP_S33	Heart	0.3378
PXD066393	HF1JS20220502_P22_0579_Exp2_AndrewP_S34	Skeletal muscle	0.3757
PXD066393	HF1JS20220502_P22_0579_Exp2_AndrewP_S35	Heart	0.3951
PXD066393	HF1JS20220502_P22_0579_Exp2_AndrewP_S36	Skeletal muscle	0.3419
PXD066393	HF1JS20220502_P22_0579_Exp2_AndrewP_S37	Heart	0.3705
PXD066393	HF1JS20220502_P22_0579_Exp2_AndrewP_S38	Skeletal muscle	0.345
PXD066393	HF1JS20220502_P22_0579_Exp2_AndrewP_S39	Heart	0.3141
PXD066393	HF1JS20220502_P22_0579_Exp2_AndrewP_S41	Heart	0.3602
PXD066393	HF1JS20220502_P22_0579_Exp2_AndrewP_S42	Skeletal muscle	0.3939
PXD066393	HF1JS20220502_P22_0579_Exp2_AndrewP_S43	Heart	0.3706
PXD066393	HF1JS20220502_P22_0579_Exp2_AndrewP_S44	Skeletal muscle	0.3284
PXD066393	HF1JS20220502_P22_0579_Exp2_AndrewP_S45	Heart	0.3302
PXD066393	HF1JS20220502_P22_0579_Exp2_AndrewP_S46	Skeletal muscle	0.404
PXD066393	HF1JS20220502_P22_0579_Exp2_AndrewP_S48	Heart	0.3163
PXD066393	HF1JS20220502_P22_0579_Exp2_AndrewP_S49	Skeletal muscle	0.3021
PXD066393	HF1JS20220502_P22_0579_Exp2_AndrewP_S50	Skeletal muscle	0.3188
PXD067213	HFX2_FFRA20H101351-1A	Heart	0.3206
PXD067213	HFX2_FFRA20H101352-1A	Heart	0.3591
PXD067213	HFX2_FFRA20H101353-1A	Heart	0.3416
PXD067213	HFX2_FFRA20H101354-1A	Heart	0.4103
PXD067213	HFX2_FFRA20H101357-1A	Heart	0.3938
PXD067213	HFX2_FFRA20H101358-1A	Heart	0.4318
PXD067474	20210921_EXPL1_EvoPlateform_CR_LNBandViralMeningitis_Plate1_114970	Brain	0.307
PXD067474	20210921_EXPL1_EvoPlateform_CR_LNBandViralMeningitis_Plate1_118562	Brain	0.3382
PXD067474	20210921_EXPL1_EvoPlateform_CR_LNBandViralMeningitis_Plate1_123145	Brain	0.3362
PXD067474	20210921_EXPL1_EvoPlateform_CR_LNBandViralMeningitis_Plate1_124680	Brain	0.3013
PXD067474	20210921_EXPL1_EvoPlateform_CR_LNBandViralMeningitis_Plate1_128899	Brain	0.3082
PXD067474	20210921_EXPL1_EvoPlateform_CR_LNBandViralMeningitis_Plate2_129896	Brain	0.3118
PXD067474	20210921_EXPL1_EvoPlateform_CR_LNBandViralMeningitis_Plate2_133418	Brain	0.3065
PXD067474	20210921_EXPL1_EvoPlateform_CR_LNBandViralMeningitis_Plate2_134933	Brain	0.3151
PXD067474	20210921_EXPL1_EvoPlateform_CR_LNBandViralMeningitis_Plate2_136723	Brain	0.3151
PXD067474	20220510_EXPL11_Evo8_LNB2ndCohort__Plate2_146707-CSF	Brain	0.3013
PXD067474	20230501_EXPL11_EVO8_LD_LNBCohort3_Plate1_106386	Brain	0.3186
PXD067474	20230501_EXPL11_EVO8_LD_LNBCohort3_Plate1_12000628578	Brain	0.3013
PXD067474	20230501_EXPL11_EVO8_LD_LNBCohort3_Plate1_12000628772	Brain	0.3194
PXD067474	20230501_EXPL11_EVO8_LD_LNBCohort3_Plate1_146104	Brain	0.3118
PXD067474	20230501_EXPL11_EVO8_LD_LNBCohort3_Plate1_146116	Brain	0.3022
PXD067474	20230501_EXPL11_EVO8_LD_LNBCohort3_Plate2_12000628102	Brain	0.3119
PXD067474	20230501_EXPL11_EVO8_LD_LNBCohort3_Plate2_146452	Brain	0.3426
PXD067474	20230501_EXPL11_EVO8_LD_LNBCohort3_Plate2_146508	Brain	0.315
PXD068150	S20230310-45_FTMSms2hcd	Brain	0.489
PXD068150	S20230310-46_FTMSms2hcd	Brain	0.5272
PXD068150	S20230310-47_FTMSms2hcd	Brain	0.4875
PXD068150	S20230310-48_FTMSms2hcd	Brain	0.4921
PXD068150	S20230310-50_FTMSms2hcd	Brain	0.4873
PXD068150	S20230310-51_FTMSms2hcd	Brain	0.5081
PXD068150	S20230310-52_FTMSms2hcd	Brain	0.4861
PXD068150	S20230310-53_FTMSms2hcd	Brain	0.5134
PXD068527	160506_QE_IA_IK_MM_13	Liver	0.4822
PXD068527	160506_QE_IA_IK_MM_14	Liver	0.3268
PXD068527	160506_QE_IA_IK_MM_15	Liver	0.3812
PXD068527	160506_QE_IA_IK_MM_16	Liver	0.3512
PXD068527	160506_QE_IA_IK_MM_17	Liver	0.4031
PXD068527	160506_QE_IA_IK_MM_18	Liver	0.3422
PXD068527	160506_QE_IA_IK_MM_19	Liver	0.332
PXD068527	160506_QE_IA_IK_MM_20	Liver	0.3738
PXD068527	160506_QE_IA_IK_MM_21	Liver	0.3034
PXD068527	160506_QE_IA_IK_MM_22	Liver	0.3441
PXD068527	160506_QE_IA_IK_MM_23	Liver	0.3175
PXD068527	160506_QE_IA_IK_MM_24	Liver	0.3134
PXD068786	HFX7_FFRA22H005897-1A	Liver	0.3245
PXD068828	51DIAATPVO41	Liver	0.4052
PXD068828	51DIAControl1	Liver	0.3501
PXD068828	51SP4ATPVO41	Liver	0.3794
PXD068828	51SP4ATPVO42	Liver	0.3091
PXD068828	51SP4ATPVO43	Liver	0.3231
PXD068828	51SP4ATPVO4Control1	Liver	0.3958
PXD068828	51SP4ATPVO4Control2	Liver	0.4915
PXD068828	51SP4ATPVO4Control3	Liver	0.3788
PXD068828	56SP4ATPVO42	Liver	0.3065
PXD068828	56SP4ATPVO43	Liver	0.328
PXD068828	56SP4ATPVO4Control2	Liver	0.3745
PXD068828	572MesADP1	Liver	0.3029
PXD069113	284a_Gracilis	Heart	0.4032
PXD069113	853a_Gracilis	Heart	0.4426
PXD069538	Solo_20230826_SN_MMtmtpro_Eickh_13	Brain	0.3037
PXD069666	2021-1206_Tbr1-Mix-2	Brain	0.4469
PXD069666	2021-1206_Tbr1-Mix-3	Brain	0.4297
PXD069666	2021-1206_Wt-Mix-2	Brain	0.3422
PXD070491	JP-CS-LE-210812_ScafidiJ_JS_TMT16pro_F16	Brain	0.3112
PXD070491	JP-CS-LE-210812_ScafidiJ_JS_TMT16pro_F18	Brain	0.3589
PXD070491	JP-CS-LE-210812_ScafidiJ_JS_TMT16pro_F22	Brain	0.3489
PXD070491	JP-CS-LE-210812_ScafidiJ_JS_TMT16pro_F7	Brain	0.3243
PXD070491	JP-CS-LE-210812_ScafidiJ_JS_TMT16pro_F8	Brain	0.4625
