pxd	run	tissue_llm	tissue_mlm	confidence_mlm
PXD001417	PBMC_1_con_sn1a	blood	Monocytes	0.2631
PXD001417	PBMC_1_con_sn1b	blood	Monocytes	0.2693
PXD001417	PBMC_2_con_sn1a	blood	Adipose tissue	0.0893
PXD001417	PBMC_2_con_sn1b	blood	Monocytes	0.111
PXD001417	PBMC_3_con_sn1a	blood	Monocytes	0.3237
PXD001417	PBMC_3_con_sn1b	blood	Monocytes	0.3741
PXD001418	PBMC_1_stim_ne1a	blood	B-cells	0.4477
PXD001418	PBMC_1_stim_ne1b	blood	B-cells	0.4269
PXD001418	PBMC_1_stim_ne2a	blood	Monocytes	0.1949
PXD001418	PBMC_1_stim_ne2b	blood	Bone marrow	0.1939
PXD001418	PBMC_1_stim_ne3a	blood	Monocytes	0.1514
PXD001418	PBMC_1_stim_ne3b	blood	Monocytes	0.1862
PXD001418	PBMC_1_stim_ne4a	blood	Ovary	0.0847
PXD001418	PBMC_1_stim_ne4b	blood	Monocytes	0.1382
PXD001418	PBMC_2_stim_ne1a	blood	B-cells	0.3352
PXD001418	PBMC_2_stim_ne1b	blood	B-cells	0.3465
PXD001418	PBMC_2_stim_ne2a	blood	Bone marrow	0.2066
PXD001418	PBMC_2_stim_ne2b	blood	Bone marrow	0.2013
PXD001418	PBMC_2_stim_ne3a	blood	Monocytes	0.1501
PXD001418	PBMC_2_stim_ne3b	blood	Bone marrow	0.1377
PXD001418	PBMC_2_stim_ne4a	blood	Monocytes	0.1895
PXD001418	PBMC_2_stim_ne4b	blood	Monocytes	0.1789
PXD001418	PBMC_3_stim_ne1a	blood	B-cells	0.3124
PXD001418	PBMC_3_stim_ne1b	blood	B-cells	0.3118
PXD001418	PBMC_3_stim_ne2a	blood	Bone marrow	0.1931
PXD001418	PBMC_3_stim_ne2b	blood	Bone marrow	0.2008
PXD001418	PBMC_3_stim_ne3a	blood	Monocytes	0.151
PXD001418	PBMC_3_stim_ne3b	blood	Monocytes	0.1547
PXD001418	PBMC_3_stim_ne4a	blood	B-cells	0.1692
PXD001418	PBMC_3_stim_ne4b	blood	B-cells	0.1906
PXD001422	PBMC_1_stim_dex_cyt1a	blood	Monocytes	0.2087
PXD001422	PBMC_1_stim_dex_cyt1b	blood	Bone marrow	0.1992
PXD001422	PBMC_1_stim_dex_cyt2a	blood	Monocytes	0.2236
PXD001422	PBMC_1_stim_dex_cyt2b	blood	Monocytes	0.1872
PXD001422	PBMC_1_stim_dex_cyt3a	blood	Monocytes	0.1925
PXD001422	PBMC_1_stim_dex_cyt3b	blood	Monocytes	0.2234
PXD001422	PBMC_1_stim_dex_cyt4a	blood	Monocytes	0.1675
PXD001422	PBMC_1_stim_dex_cyt4b	blood	Monocytes	0.1551
PXD001422	PBMC_2_stim_dex_cyt1a	blood	Bone marrow	0.1652
PXD001422	PBMC_2_stim_dex_cyt1b	blood	Bone marrow	0.162
PXD001422	PBMC_2_stim_dex_cyt2a	blood	Monocytes	0.1768
PXD001422	PBMC_2_stim_dex_cyt2b	blood	Monocytes	0.206
PXD001422	PBMC_2_stim_dex_cyt3a	blood	Monocytes	0.2035
PXD001422	PBMC_2_stim_dex_cyt3b	blood	Monocytes	0.1907
PXD001422	PBMC_2_stim_dex_cyt4a	blood	Ovary	0.1278
PXD001422	PBMC_2_stim_dex_cyt4b	blood	Monocytes	0.1123
PXD001422	PBMC_3_stim_dex_cyt1a	blood	Bone marrow	0.1351
PXD001422	PBMC_3_stim_dex_cyt1b	blood	Monocytes	0.1207
PXD001422	PBMC_3_stim_dex_cyt2a	blood	Monocytes	0.2164
PXD001422	PBMC_3_stim_dex_cyt2b	blood	Monocytes	0.2276
PXD001422	PBMC_3_stim_dex_cyt3a	blood	Monocytes	0.1989
PXD001422	PBMC_3_stim_dex_cyt3b	blood	Monocytes	0.236
PXD001422	PBMC_3_stim_dex_cyt4a	blood	Monocytes	0.1686
PXD001422	PBMC_3_stim_dex_cyt4b	blood	Monocytes	0.1682
PXD002966	Obc08672	blood	Skeletal muscle	0.0395
PXD002966	QHF0006	blood	Monocytes	0.0546
PXD002966	QHF0009	blood	Adipose tissue	0.086
PXD002966	QHF0012	blood	Adipose tissue	0.0968
PXD002966	QHF0013	blood	Adipose tissue	0.1331
PXD002966	QHF0415	blood	Adipose tissue	0.1331
PXD003028	20141116_QEp1_LC7_PhGe_4_53_M1_2	saliva	Adipose tissue	0.2052
PXD003028	20141116_QEp1_LC7_PhGe_4_53_M1_3	saliva	Adipose tissue	0.1885
PXD003028	20141116_QEp1_LC7_PhGe_4_53_M1_4	saliva	Adipose tissue	0.1764
PXD003028	20141116_QEp1_LC7_PhGe_4_53_M2_1	saliva	Adipose tissue	0.2002
PXD003028	20141116_QEp1_LC7_PhGe_4_53_M2_2	saliva	Adipose tissue	0.1366
PXD003028	20141116_QEp1_LC7_PhGe_4_53_M2_3	saliva	Adipose tissue	0.2023
PXD003028	20150414_QEp1_LC7_NiGr_QC_SA_Saliva2_2	saliva	Salivary gland	0.2163
PXD003028	20150414_QEp1_LC7_NiGr_SA_Saliva_1	saliva	Esophagus	0.1984
PXD003028	20150414_QEp1_LC7_NiGr_SA_Saliva_1_fractionated1	saliva	Esophagus	0.2366
PXD003028	20150414_QEp1_LC7_NiGr_SA_Saliva_1_fractionated2	saliva	Esophagus	0.26
PXD003028	20150414_QEp1_LC7_NiGr_SA_Saliva_1_fractionated3	saliva	Esophagus	0.2084
PXD003028	20150414_QEp1_LC7_NiGr_SA_Saliva_1_fractionated4	saliva	Esophagus	0.2146
PXD003028	20150414_QEp1_LC7_NiGr_SA_Saliva_1_fractionated5	saliva	Esophagus	0.2332
PXD003028	20150414_QEp1_LC7_NiGr_SA_Saliva_1_fractionated6	saliva	Salivary gland	0.27
PXD003028	20150414_QEp1_LC7_NiGr_SA_Saliva_1_fractionated7	saliva	Esophagus	0.245
PXD003028	20150414_QEp1_LC7_NiGr_SA_Saliva_1_fractionated8	saliva	Esophagus	0.2164
PXD003028	20150414_QEp1_LC7_NiGr_SA_Saliva_1m	saliva	Esophagus	0.2491
PXD003028	20150414_QEp1_LC7_NiGr_SA_Saliva_2_fractionated1	saliva	Esophagus	0.2325
PXD003028	20150414_QEp1_LC7_NiGr_SA_Saliva_2_fractionated2	saliva	Esophagus	0.2565
PXD003028	20150414_QEp1_LC7_NiGr_SA_Saliva_2_fractionated3	saliva	Salivary gland	0.2974
PXD003028	20150414_QEp1_LC7_NiGr_SA_Saliva_2_fractionated4	saliva	Salivary gland	0.2331
PXD003028	20150414_QEp1_LC7_NiGr_SA_Saliva_2_fractionated5	saliva	Salivary gland	0.2492
PXD003028	20150414_QEp1_LC7_NiGr_SA_Saliva_2_fractionated6	saliva	Esophagus	0.2304
PXD003028	20150414_QEp1_LC7_NiGr_SA_Saliva_2_fractionated7	saliva	Esophagus	0.2191
PXD003028	20150414_QEp1_LC7_NiGr_SA_Saliva_2_fractionated8	saliva	Esophagus	0.2474
PXD003028	20150414_QEp1_LC7_NiGr_SA_Saliva_2m	saliva	Salivary gland	0.2416
PXD003028	20150414_QEp1_LC7_NiGr_SA_Saliva_3	saliva	Esophagus	0.2244
PXD003028	20150414_QEp1_LC7_NiGr_SA_Saliva_3_fractionated1	saliva	Esophagus	0.2412
PXD003028	20150414_QEp1_LC7_NiGr_SA_Saliva_3_fractionated2	saliva	Esophagus	0.2241
PXD003028	20150414_QEp1_LC7_NiGr_SA_Saliva_3_fractionated3	saliva	Esophagus	0.2323
PXD003028	20150414_QEp1_LC7_NiGr_SA_Saliva_3_fractionated4	saliva	Esophagus	0.2352
PXD003028	20150414_QEp1_LC7_NiGr_SA_Saliva_3_fractionated5	saliva	Esophagus	0.2149
PXD003028	20150414_QEp1_LC7_NiGr_SA_Saliva_3_fractionated6	saliva	Esophagus	0.2438
PXD003028	20150414_QEp1_LC7_NiGr_SA_Saliva_3_fractionated7	saliva	Esophagus	0.2229
PXD003028	20150414_QEp1_LC7_NiGr_SA_Saliva_3_fractionated8	saliva	Esophagus	0.2845
PXD003028	20150414_QEp1_LC7_NiGr_SA_Saliva_3m	saliva	Salivary gland	0.2413
PXD003028	20150414_QEp1_LC7_NiGr_SA_Saliva_4	saliva	Esophagus	0.2423
PXD003028	20150414_QEp1_LC7_NiGr_SA_Saliva_4m	saliva	Esophagus	0.2279
PXD003028	20150414_QEp1_LC7_NiGr_SA_Saliva_5	saliva	Esophagus	0.2319
PXD003028	20150414_QEp1_LC7_NiGr_SA_Saliva_5_fractionated1	saliva	Esophagus	0.2408
PXD003028	20150414_QEp1_LC7_NiGr_SA_Saliva_5_fractionated2	saliva	Salivary gland	0.2509
PXD003028	20150414_QEp1_LC7_NiGr_SA_Saliva_5_fractionated3	saliva	Esophagus	0.2271
PXD003028	20150414_QEp1_LC7_NiGr_SA_Saliva_5_fractionated4	saliva	Salivary gland	0.2445
PXD003028	20150414_QEp1_LC7_NiGr_SA_Saliva_5_fractionated5	saliva	Esophagus	0.233
PXD003028	20150414_QEp1_LC7_NiGr_SA_Saliva_5_fractionated6	saliva	Esophagus	0.2462
PXD003028	20150414_QEp1_LC7_NiGr_SA_Saliva_5_fractionated7	saliva	Esophagus	0.2166
PXD003028	20150414_QEp1_LC7_NiGr_SA_Saliva_5_fractionated8	saliva	Esophagus	0.2524
PXD003028	20150414_QEp1_LC7_NiGr_SA_Saliva_5m	saliva	Salivary gland	0.2307
PXD003028	20150414_QEp1_LC7_NiGr_SA_Saliva_6	saliva	Esophagus	0.2378
PXD003028	20150414_QEp1_LC7_NiGr_SA_Saliva_6_fractionated1	saliva	Salivary gland	0.206
PXD003028	20150414_QEp1_LC7_NiGr_SA_Saliva_6_fractionated2	saliva	Esophagus	0.2351
PXD003028	20150414_QEp1_LC7_NiGr_SA_Saliva_6_fractionated3	saliva	Esophagus	0.2469
PXD003028	20150414_QEp1_LC7_NiGr_SA_Saliva_6_fractionated4	saliva	Salivary gland	0.2814
PXD003028	20150414_QEp1_LC7_NiGr_SA_Saliva_6_fractionated5	saliva	Salivary gland	0.296
PXD003028	20150414_QEp1_LC7_NiGr_SA_Saliva_6_fractionated6	saliva	Esophagus	0.2259
PXD003028	20150414_QEp1_LC7_NiGr_SA_Saliva_6_fractionated7	saliva	Esophagus	0.232
PXD003028	20150414_QEp1_LC7_NiGr_SA_Saliva_6_fractionated8	saliva	Esophagus	0.2351
PXD003028	20150414_QEp1_LC7_NiGr_SA_Saliva_6m	saliva	Salivary gland	0.2288
PXD003028	20150414_QEp1_LC7_NiGr_SA_Saliva_7	saliva	Esophagus	0.2263
PXD003028	20150414_QEp1_LC7_NiGr_SA_Saliva_7_fractionated1	saliva	Salivary gland	0.2351
PXD003028	20150414_QEp1_LC7_NiGr_SA_Saliva_7_fractionated2	saliva	Salivary gland	0.2518
PXD003028	20150414_QEp1_LC7_NiGr_SA_Saliva_7_fractionated3	saliva	Salivary gland	0.2336
PXD003028	20150414_QEp1_LC7_NiGr_SA_Saliva_7_fractionated4	saliva	Salivary gland	0.2111
PXD003028	20150414_QEp1_LC7_NiGr_SA_Saliva_7_fractionated5	saliva	Esophagus	0.2617
PXD003028	20150414_QEp1_LC7_NiGr_SA_Saliva_7_fractionated6	saliva	Salivary gland	0.2297
PXD003028	20150414_QEp1_LC7_NiGr_SA_Saliva_7_fractionated7	saliva	Salivary gland	0.2889
PXD003028	20150414_QEp1_LC7_NiGr_SA_Saliva_7_fractionated8	saliva	Esophagus	0.2321
PXD003028	20150414_QEp1_LC7_NiGr_SA_Saliva_7m	saliva	Esophagus	0.2217
PXD003028	20150414_QEp1_LC7_NiGr_SA_Saliva_8	saliva	Esophagus	0.2219
PXD003028	20150414_QEp1_LC7_NiGr_SA_Saliva_8_fractionated1	saliva	Esophagus	0.2597
PXD003028	20150414_QEp1_LC7_NiGr_SA_Saliva_8_fractionated2	saliva	Esophagus	0.2544
PXD003028	20150414_QEp1_LC7_NiGr_SA_Saliva_8_fractionated3	saliva	Esophagus	0.2324
PXD003028	20150414_QEp1_LC7_NiGr_SA_Saliva_8_fractionated4	saliva	Esophagus	0.2214
PXD003028	20150414_QEp1_LC7_NiGr_SA_Saliva_8_fractionated5	saliva	Salivary gland	0.3006
PXD003028	20150414_QEp1_LC7_NiGr_SA_Saliva_8_fractionated6	saliva	Esophagus	0.2053
PXD003028	20150414_QEp1_LC7_NiGr_SA_Saliva_8_fractionated7	saliva	Salivary gland	0.2246
PXD003028	20150414_QEp1_LC7_NiGr_SA_Saliva_8_fractionated8	saliva	Esophagus	0.2122
PXD003028	20150414_QEp1_LC7_NiGr_SA_Saliva_8m	saliva	Salivary gland	0.2525
PXD003028	20150513_QEp4_NiGr_SA_workflow_rep1	saliva	Esophagus	0.2339
PXD003028	20150513_QEp4_NiGr_SA_workflow_rep2	saliva	Salivary gland	0.2255
PXD003028	20150513_QEp4_NiGr_SA_workflow_rep3	saliva	Salivary gland	0.2595
PXD003028	20150602_QEp3_NiGr_SA_saliva3_4	saliva	Esophagus	0.2268
PXD005200	20151124_QEp7_JRW_SA_A_O66	blood	Testis	0.0688
PXD005200	20151124_QEp7_JRW_SA_A_O67	blood	Testis	0.0674
PXD005200	20151124_QEp7_JRW_SA_A_O75	blood	Bone marrow	0.1356
PXD005200	20151124_QEp7_JRW_SA_A_O76	blood	Bone marrow	0.1222
PXD005200	20151124_QEp7_JRW_SA_G_O69	blood	Skeletal muscle	0.0392
PXD005200	20151124_QEp7_JRW_SA_G_O78	blood	Placenta	0.0402
PXD005200	20151124_QEp7_JRW_SA_L_O63	blood	Testis	0.0734
PXD005200	20151124_QEp7_JRW_SA_L_O64	blood	Placenta	0.045
PXD005200	20151124_QEp7_JRW_SA_L_O72	blood	Bone marrow	0.0983
PXD005200	20151124_QEp7_JRW_SA_L_O73	blood	Bone marrow	0.1075
PXD005200	20151124_QEp7_JRW_SA_T_O63	blood	Testis	0.0673
PXD005200	20151124_QEp7_JRW_SA_T_O64	blood	Testis	0.0627
PXD005200	20151124_QEp7_JRW_SA_T_O66	blood	Testis	0.0577
PXD005200	20151124_QEp7_JRW_SA_T_O67	blood	Testis	0.0622
PXD005200	20151124_QEp7_JRW_SA_T_O69	blood	Salivary gland	0.0392
PXD005200	20151124_QEp7_JRW_SA_T_O70	blood	Testis	0.0394
PXD005200	20151124_QEp7_JRW_SA_T_O72	blood	Bone marrow	0.1148
PXD005200	20151124_QEp7_JRW_SA_T_O73	blood	Bone marrow	0.1983
PXD005200	20151124_QEp7_JRW_SA_T_O75	blood	Bone marrow	0.1257
PXD005200	20151124_QEp7_JRW_SA_T_O76	blood	Bone marrow	0.1137
PXD005200	20151124_QEp7_JRW_SA_T_O78	blood	Bone marrow	0.1126
PXD005200	20151124_QEp7_JRW_SA_T_O79	blood	Bone marrow	0.1167
PXD005200	20160309_QEp7_JRW_SA_A_O100	blood	Placenta	0.043
PXD005200	20160309_QEp7_JRW_SA_A_O102	blood	Testis	0.0565
PXD005200	20160309_QEp7_JRW_SA_A_O103	blood	Testis	0.0719
PXD005200	20160309_QEp7_JRW_SA_A_O105	blood	Placenta	0.047
PXD005200	20160309_QEp7_JRW_SA_A_O106	blood	Testis	0.0498
PXD005200	20160309_QEp7_JRW_SA_A_O99	blood	Testis	0.0671
PXD005200	20160309_QEp7_JRW_SA_A_Q40	blood	Bone marrow	0.1181
PXD005200	20160309_QEp7_JRW_SA_A_Q41	blood	Bone marrow	0.1176
PXD005200	20160309_QEp7_JRW_SA_A_Q42	blood	Bone marrow	0.1281
PXD005200	20160309_QEp7_JRW_SA_A_Q43	blood	Bone marrow	0.1355
PXD005200	20160309_QEp7_JRW_SA_A_Q44	blood	Bone marrow	0.1291
PXD005200	20160309_QEp7_JRW_SA_A_Q45	blood	Bone marrow	0.1294
PXD005200	20160309_QEp7_JRW_SA_G_O117	blood	Tonsil	0.0434
PXD005200	20160309_QEp7_JRW_SA_G_O118	blood	Placenta	0.0403
PXD005200	20160309_QEp7_JRW_SA_G_O124	blood	Skeletal muscle	0.0394
PXD005200	20160309_QEp7_JRW_SA_G_Q34	blood	Placenta	0.0397
PXD005200	20160309_QEp7_JRW_SA_L_O81_160310165033	blood	Placenta	0.0497
PXD005200	20160309_QEp7_JRW_SA_L_O82	blood	Testis	0.0549
PXD005200	20160309_QEp7_JRW_SA_L_O84	blood	Testis	0.0627
PXD005200	20160309_QEp7_JRW_SA_L_O85	blood	Placenta	0.0493
PXD005200	20160309_QEp7_JRW_SA_L_O87	blood	Testis	0.0493
PXD005200	20160309_QEp7_JRW_SA_L_O88	blood	Placenta	0.0499
PXD005200	20160309_QEp7_JRW_SA_L_Q28	blood	Bone marrow	0.118
PXD005200	20160309_QEp7_JRW_SA_L_Q29	blood	Bone marrow	0.1229
PXD005200	20160309_QEp7_JRW_SA_L_Q30	blood	Bone marrow	0.1508
PXD005200	20160309_QEp7_JRW_SA_L_Q31	blood	Bone marrow	0.1402
PXD005200	20160309_QEp7_JRW_SA_L_Q32	blood	Bone marrow	0.1311
PXD005200	20160309_QEp7_JRW_SA_L_Q33	blood	Bone marrow	0.1161
PXD005200	20160309_QEp7_JRW_SA_T_O100	blood	Placenta	0.045
PXD005200	20160309_QEp7_JRW_SA_T_O102	blood	Placenta	0.0452
PXD005200	20160309_QEp7_JRW_SA_T_O103	blood	Rectum	0.0442
PXD005200	20160309_QEp7_JRW_SA_T_O105	blood	Thyroid	0.0709
PXD005200	20160309_QEp7_JRW_SA_T_O106	blood	Placenta	0.0459
PXD005200	20160309_QEp7_JRW_SA_T_O117	blood	Testis	0.05
PXD005200	20160309_QEp7_JRW_SA_T_O118	blood	Testis	0.0684
PXD005200	20160309_QEp7_JRW_SA_T_O120	blood	Testis	0.0506
PXD005200	20160309_QEp7_JRW_SA_T_O121	blood	Thyroid	0.072
PXD005200	20160309_QEp7_JRW_SA_T_O123	blood	Heart	0.0745
PXD005200	20160309_QEp7_JRW_SA_T_O124	blood	Testis	0.0481
PXD005200	20160309_QEp7_JRW_SA_T_O81	blood	Testis	0.0567
PXD005200	20160309_QEp7_JRW_SA_T_O82	blood	Rectum	0.0479
PXD005200	20160309_QEp7_JRW_SA_T_O84	blood	Placenta	0.053
PXD005200	20160309_QEp7_JRW_SA_T_O85	blood	Testis	0.0597
PXD005200	20160309_QEp7_JRW_SA_T_O87	blood	Testis	0.0764
PXD005200	20160309_QEp7_JRW_SA_T_O88	blood	Salivary gland	0.0448
PXD005200	20160309_QEp7_JRW_SA_T_O99	blood	Placenta	0.0441
PXD005200	20160309_QEp7_JRW_SA_T_Q28	blood	Bone marrow	0.113
PXD005200	20160309_QEp7_JRW_SA_T_Q29	blood	Bone marrow	0.1033
PXD005200	20160309_QEp7_JRW_SA_T_Q30	blood	Bone marrow	0.1301
PXD005200	20160309_QEp7_JRW_SA_T_Q31	blood	Bone marrow	0.1406
PXD005200	20160309_QEp7_JRW_SA_T_Q32	blood	Bone marrow	0.1282
PXD005200	20160309_QEp7_JRW_SA_T_Q33	blood	Bone marrow	0.1226
PXD005200	20160309_QEp7_JRW_SA_T_Q34	blood	Bone marrow	0.1287
PXD005200	20160309_QEp7_JRW_SA_T_Q35	blood	Bone marrow	0.1282
PXD005200	20160309_QEp7_JRW_SA_T_Q36	blood	Testis	0.052
PXD005200	20160309_QEp7_JRW_SA_T_Q37	blood	Testis	0.0464
PXD005200	20160309_QEp7_JRW_SA_T_Q38	blood	Bone marrow	0.1313
PXD005200	20160309_QEp7_JRW_SA_T_Q39	blood	Testis	0.0624
PXD005200	20160309_QEp7_JRW_SA_T_Q40	blood	Bone marrow	0.1453
PXD005200	20160309_QEp7_JRW_SA_T_Q41	blood	Bone marrow	0.1278
PXD005200	20160309_QEp7_JRW_SA_T_Q42	blood	Bone marrow	0.1409
PXD005200	20160309_QEp7_JRW_SA_T_Q43	blood	Bone marrow	0.1244
PXD005200	20160309_QEp7_JRW_SA_T_Q44	blood	Bone marrow	0.1269
PXD005200	20160309_QEp7_JRW_SA_T_Q45	blood	Bone marrow	0.1384
PXD007921	Experiment1_TMT_10plex_BRP_IMAC	blood	Bone marrow	0.2267
PXD007921	Experiment1_TMT_10plex_pY	blood	Bone marrow	0.1778
PXD007921	Experiment2_TMT_10plex_BRP_IMAC	blood	Bone marrow	0.1707
PXD007921	Experiment2_TMT_10plex_pY	blood	Lymph node	0.1079
PXD007921	Experiment3_TMT_10plex_BRP_IMAC	blood	Testis	0.1835
PXD007921	Experiment3_TMT_10plex_pY	blood	Lymph node	0.1065
PXD008217	2007-10a_z225	dental plaque	Salivary gland	0.2862
PXD008217	2007-14_Z584	dental plaque	Salivary gland	0.1036
PXD008217	2007-18_Z578	dental plaque	Ovary	0.1457
PXD008217	2007-22c_z222	dental plaque	Salivary gland	0.1113
PXD008217	2007-24-1_z221	dental plaque	Salivary gland	0.1171
PXD008217	2007-24-2_z220	dental plaque	Salivary gland	0.0974
PXD008217	2007-24-3_z226	dental plaque	Salivary gland	0.0953
PXD008217	2007-25_Z579	dental plaque	Salivary gland	0.0949
PXD008217	2007-27_Z583	dental plaque	Salivary gland	0.1806
PXD008217	20171208_10_autoQC01_Injection_Blank	dental plaque	Salivary gland	0.116
PXD008217	20171208_12_autoQC01	dental plaque	Tonsil	0.0395
PXD008217	20171208_18_autoQC01_Injection_Blank	dental plaque	Testis	0.0451
PXD009603	20160229_07_Z90	dental plaque; dental calculus	Salivary gland	0.1188
PXD009603	20160229_10_Z100	dental plaque; dental calculus	Salivary gland	0.1835
PXD009603	20160321_02_Z84	dental plaque; dental calculus	Salivary gland	0.1143
PXD009603	20160321_04_Z85	dental plaque; dental calculus	Salivary gland	0.3143
PXD009603	20160321_07_Z86	dental plaque; dental calculus	Salivary gland	0.2139
PXD009603	20160321_13_Z82	dental plaque; dental calculus	Salivary gland	0.1402
PXD009603	20160321_16_Z83	dental plaque; dental calculus	Esophagus	0.1031
PXD009603	20160321_19_Z87	dental plaque; dental calculus	Esophagus	0.1173
PXD009603	20160321_22_Z88	dental plaque; dental calculus	Salivary gland	0.1517
PXD009603	20160321_48_Z94	dental plaque; dental calculus	Salivary gland	0.2735
PXD009603	QE0096CSpeller_CS19	dental plaque; dental calculus	Bone marrow	0.0895
PXD009603	QE0096CSpeller_CS22	dental plaque; dental calculus	Monocytes	0.0871
PXD009603	QE558_JHendy_101215_SP2182c_2	dental plaque; dental calculus	Monocytes	0.0733
PXD009603	QE558_JHendy_101215_SP2295c_5	dental plaque; dental calculus	Salivary gland	0.0929
PXD009603	QE558_JHendy_101215_SP2300c_7	dental plaque; dental calculus	Salivary gland	0.0983
PXD009603	QE558_JHendy_101215_SP2301c_8	dental plaque; dental calculus	Monocytes	0.0816
PXD009603	QE558_JHendy_101215_SP2369c_11	dental plaque; dental calculus	Bone marrow	0.0894
PXD009603	QE558_JHendy_101215_SP2468c_9	dental plaque; dental calculus	Monocytes	0.062
PXD009603	QE558_JHendy_101215_SP2477c_4	dental plaque; dental calculus	Salivary gland	0.11
PXD009603	QE558_JHendy_101215_SP2484c_6	dental plaque; dental calculus	Monocytes	0.0622
PXD009603	QE558_JHendy_101215_SP2647c_3	dental plaque; dental calculus	Monocytes	0.0769
PXD009603	QE558_JHendy_101215_SP2748c_12	dental plaque; dental calculus	Bone marrow	0.0794
PXD009603	QE558_JHendy_101215_SP2860c_10	dental plaque; dental calculus	Nasal Polyps	0.0673
PXD009603	QE594c_MSQ523_1_JHendy_FW192	dental plaque; dental calculus	Ovary	0.102
PXD009603	QE594c_MSQ523_1_JHendy_FW268	dental plaque; dental calculus	Oviduct	0.1064
PXD009603	QE594c_MSQ523_1_JHendy_FW303	dental plaque; dental calculus	Ovary	0.1303
PXD009603	QE594c_MSQ523_1_JHendy_FW331	dental plaque; dental calculus	Ovary	0.0809
PXD009603	QE594c_MSQ523_1_JHendy_FW450	dental plaque; dental calculus	Salivary gland	0.1391
PXD009603	QE594c_MSQ523_1_JHendy_FW68	dental plaque; dental calculus	Salivary gland	0.1435
PXD009603	QE594c_MSQ523_1_JHendy_FW88	dental plaque; dental calculus	Salivary gland	0.0891
PXD009603	QE594c_MSQ523_1_JHendy_FW98	dental plaque; dental calculus	Salivary gland	0.1331
PXD009603	QE613_MSQ592_JHerdy_20160413_STB21	dental plaque; dental calculus	Salivary gland	0.0747
PXD009603	QE665_MSQ686_IrinaVelsko_CS40	dental plaque; dental calculus	Monocytes	0.0821
PXD009603	QE665_MSQ686_IrineVelsko_20160818_CS18	dental plaque; dental calculus	Salivary gland	0.1443
PXD009603	QE665_MSQ686_IrineVelsko_20160818_CS21	dental plaque; dental calculus	Monocytes	0.0802
PXD009603	QE665_MSQ686_IrineVelsko_20160818_CS31	dental plaque; dental calculus	Monocytes	0.0858
PXD009603	QE665_MSQ686_IrineVelsko_20160818_CS46	dental plaque; dental calculus	Salivary gland	0.113
PXD009603	QE665_MSQ686_IrineVelsko_20160818_CS6	dental plaque; dental calculus	Salivary gland	0.0927
PXD009603	QE665_MSQ686_IrineVelsko_20160818_CSPN2	dental plaque; dental calculus	Ovary	0.1042
PXD009603	QE689_MSQ819_KristaMGrath_20161019_FAO_1	dental plaque; dental calculus	Salivary gland	0.0823
PXD009603	QE689_MSQ819_KristaMGrath_20161019_FAO_10	dental plaque; dental calculus	Salivary gland	0.0905
PXD009603	QE689_MSQ819_KristaMGrath_20161019_FAO_11	dental plaque; dental calculus	Salivary gland	0.1094
PXD009603	QE689_MSQ819_KristaMGrath_20161019_FAO_12	dental plaque; dental calculus	Salivary gland	0.0807
PXD009603	QE689_MSQ819_KristaMGrath_20161019_FAO_13	dental plaque; dental calculus	Salivary gland	0.0974
PXD009603	QE689_MSQ819_KristaMGrath_20161019_FAO_14	dental plaque; dental calculus	Salivary gland	0.1149
PXD009603	QE689_MSQ819_KristaMGrath_20161019_FAO_15	dental plaque; dental calculus	Monocytes	0.0746
PXD009603	QE689_MSQ819_KristaMGrath_20161019_FAO_16	dental plaque; dental calculus	Monocytes	0.0916
PXD009603	QE689_MSQ819_KristaMGrath_20161019_FAO_17	dental plaque; dental calculus	Salivary gland	0.1089
PXD009603	QE689_MSQ819_KristaMGrath_20161019_FAO_18	dental plaque; dental calculus	Nasal Polyps	0.0663
PXD009603	QE689_MSQ819_KristaMGrath_20161019_FAO_2	dental plaque; dental calculus	Salivary gland	0.1551
PXD009603	QE689_MSQ819_KristaMGrath_20161019_FAO_3	dental plaque; dental calculus	Salivary gland	0.121
PXD009603	QE689_MSQ819_KristaMGrath_20161019_FAO_4	dental plaque; dental calculus	Bone marrow	0.0563
PXD009603	QE689_MSQ819_KristaMGrath_20161019_FAO_5	dental plaque; dental calculus	Monocytes	0.1054
PXD009603	QE689_MSQ819_KristaMGrath_20161019_FAO_6	dental plaque; dental calculus	Liver	0.1067
PXD009603	QE689_MSQ819_KristaMGrath_20161019_FAO_7	dental plaque; dental calculus	Salivary gland	0.0801
PXD009603	QE689_MSQ819_KristaMGrath_20161019_FAO_8	dental plaque; dental calculus	Salivary gland	0.1098
PXD009603	QE689_MSQ819_KristaMGrath_20161019_FAO_9	dental plaque; dental calculus	Salivary gland	0.0812
PXD009603	QE689_MSQ819_KristaMGrath_20161019_FAO_BL	dental plaque; dental calculus	Testis	0.0648
PXD009603	QE689_MSQ819_KristaMGrath_20161019_RLH_103	dental plaque; dental calculus	Salivary gland	0.1144
PXD009603	QE689_MSQ819_KristaMGrath_20161019_RLH_135	dental plaque; dental calculus	Bone marrow	0.0813
PXD009603	QE689_MSQ819_KristaMGrath_20161019_RLH_365	dental plaque; dental calculus	Bone marrow	0.0924
PXD009603	QE689_MSQ819_KristaMGrath_20161019_RLH_386	dental plaque; dental calculus	Monocytes	0.1024
PXD009603	QE689_MSQ819_KristaMGrath_20161019_RLH_bk	dental plaque; dental calculus	Tonsil	0.0394
PXD020122	BRAVE_FF_HPlas_101_P_01_QEP_Bane_12Sept19_19-05-06	blood plasma	Adipose tissue	0.1459
PXD020122	BRAVE_FF_HPlas_104_P_03_QEP_Bane_12Sept19_19-05-06	blood plasma	Adipose tissue	0.1552
PXD020122	BRAVE_FF_HPlas_105_P_04_QEP_Bane_12Sept19_19-05-06	blood plasma	Adipose tissue	0.1829
PXD020122	BRAVE_FF_HPlas_108_P_06_QEP_Bane_12Sept19_19-05-06	blood plasma	Adipose tissue	0.1781
PXD020122	BRAVE_FF_HPlas_109_P_07_QEP_Bane_12Sept19_19-05-06	blood plasma	Adipose tissue	0.1154
PXD020122	BRAVE_FF_HPlas_110_P_08_QEP_Bane_12Sept19_19-05-06	blood plasma	Adipose tissue	0.1659
PXD020122	BRAVE_FF_HPlas_111_P_09_QEP_Bane_12Sept19_19-05-06	blood plasma	Adipose tissue	0.1794
PXD020122	BRAVE_FF_HPlas_112_P_10_QEP_Bane_12Sept19_19-05-06	blood plasma	Adipose tissue	0.1276
PXD020122	BRAVE_FF_HPlas_113_P_11_QEP_Bane_12Sept19_19-05-06	blood plasma	Adipose tissue	0.1824
PXD020122	BRAVE_FF_HPlas_202_P_13_QEP_Bane_12Sept19_19-05-06	blood plasma	Adipose tissue	0.1652
PXD020122	BRAVE_FF_HPlas_204_P_14_QEP_Bane_12Sept19_19-05-06	blood plasma	Adipose tissue	0.1588
PXD020122	BRAVE_FF_HPlas_205_P_15_QEP_Bane_12Sept19_19-05-06	blood plasma	Adipose tissue	0.165
PXD020122	BRAVE_FF_HPlas_207_P_16_QEP_Bane_12Sept19_19-05-06	blood plasma	Adipose tissue	0.1498
PXD020122	BRAVE_FF_HPlas_208_P_17_QEP_Bane_12Sept19_19-05-06	blood plasma	Adipose tissue	0.1397
PXD020122	BRAVE_FF_HPlas_209_P_18_QEP_Bane_12Sept19_19-05-06	blood plasma	Adipose tissue	0.1605
PXD020122	BRAVE_FF_HPlas_209_P_18_rr_QEP_Bane_19Sept19_19-05-06	blood plasma	Adipose tissue	0.1652
PXD020122	BRAVE_FF_HPlas_210_P_19_QEP_Bane_12Sept19_19-05-06	blood plasma	Adipose tissue	0.1549
PXD020122	BRAVE_FF_HPlas_211_P_20_QEP_Bane_12Sept19_19-05-06	blood plasma	Adipose tissue	0.1881
PXD020122	BRAVE_FF_HPlas_212_P_21_QEP_Bane_12Sept19_19-05-06	blood plasma	Adipose tissue	0.1745
PXD020122	BRAVE_FF_HPlas_213_P_22_QEP_Bane_12Sept19_19-05-06	blood plasma	Adipose tissue	0.1756
PXD020164	BRAVE_FF_Saliva_102_P_16Nov19_Merry_19-09-02	saliva	Esophagus	0.2419
PXD020164	BRAVE_FF_Saliva_104_P_16Nov19_Merry_19-09-02	saliva	Esophagus	0.2214
PXD020164	BRAVE_FF_Saliva_105_P_16Nov19_Merry_19-09-02	saliva	Esophagus	0.2234
PXD020164	BRAVE_FF_Saliva_107_P_16Nov19_Merry_19-09-02	saliva	Esophagus	0.228
PXD020164	BRAVE_FF_Saliva_108_P_16Nov19_Merry_19-09-02	saliva	Esophagus	0.244
PXD020164	BRAVE_FF_Saliva_109_P_16Nov19_Merry_19-09-02	saliva	Esophagus	0.2514
PXD020164	BRAVE_FF_Saliva_110_P_16Nov19_Merry_19-09-02	saliva	Salivary gland	0.2326
PXD020164	BRAVE_FF_Saliva_111_P_16Nov19_Merry_19-09-02	saliva	Salivary gland	0.2344
PXD020164	BRAVE_FF_Saliva_112_P_16Nov19_Merry_19-09-02	saliva	Esophagus	0.2518
PXD020164	BRAVE_FF_Saliva_113_P_16Nov19_Merry_19-09-02	saliva	Salivary gland	0.2709
PXD020164	BRAVE_FF_Saliva_201_P_16Nov19_Merry_19-09-02	saliva	Esophagus	0.235
PXD020164	BRAVE_FF_Saliva_202_P_16Nov19_Merry_19-09-02	saliva	Esophagus	0.2407
PXD020164	BRAVE_FF_Saliva_204_P_16Nov19_Merry_19-09-02	saliva	Esophagus	0.2185
PXD020164	BRAVE_FF_Saliva_205_P_16Nov19_Merry_19-09-02	saliva	Esophagus	0.2449
PXD020164	BRAVE_FF_Saliva_207_P_16Nov19_Merry_19-09-02	saliva	Esophagus	0.2434
PXD020164	BRAVE_FF_Saliva_208_P_16Nov19_Merry_19-09-02	saliva	Esophagus	0.2509
PXD020164	BRAVE_FF_Saliva_209_P_16Nov19_Merry_19-09-02	saliva	Esophagus	0.2492
PXD020164	BRAVE_FF_Saliva_210_P_16Nov19_Merry_19-09-02	saliva	Esophagus	0.2614
PXD020164	BRAVE_FF_Saliva_212_P_16Nov19_Merry_19-09-02	saliva	Esophagus	0.2276
PXD020352	BRAVE_FF_HPlasD_Plex01_f01_Bane_24Aug19_19-05-06	blood	Adipose tissue	0.1166
PXD020352	BRAVE_FF_HPlasD_Plex01_f02_Bane_24Aug19_19-05-06	blood	Adrenal gland	0.1102
PXD020352	BRAVE_FF_HPlasD_Plex01_f03_Bane_24Aug19_19-05-06	blood	Adrenal gland	0.1269
PXD020352	BRAVE_FF_HPlasD_Plex01_f04_Bane_24Aug19_19-05-06	blood	Adrenal gland	0.1187
PXD020352	BRAVE_FF_HPlasD_Plex01_f05_Bane_24Aug19_19-05-06	blood	Adrenal gland	0.1413
PXD020352	BRAVE_FF_HPlasD_Plex01_f06_Bane_24Aug19_19-05-06	blood	Adrenal gland	0.1117
PXD020352	BRAVE_FF_HPlasD_Plex01_f07_Bane_24Aug19_19-05-06	blood	Brain	0.1307
PXD020352	BRAVE_FF_HPlasD_Plex01_f08_Bane_24Aug19_19-05-06	blood	Adrenal gland	0.1235
PXD020352	BRAVE_FF_HPlasD_Plex01_f09_Bane_24Aug19_19-05-06	blood	Adipose tissue	0.0977
PXD020352	BRAVE_FF_HPlasD_Plex01_f10_Bane_24Aug19_19-05-06	blood	Monocytes	0.0891
PXD020352	BRAVE_FF_HPlasD_Plex01_f11_Bane_24Aug19_19-05-06	blood	Adipose tissue	0.115
PXD020352	BRAVE_FF_HPlasD_Plex01_f12_Bane_24Aug19_19-05-06	blood	Adipose tissue	0.1139
PXD020352	BRAVE_FF_HPlasD_Plex01_f13_Bane_30Aug19_19-05-06	blood	Adrenal gland	0.1171
PXD020352	BRAVE_FF_HPlasD_Plex01_f14_Bane_30Aug19_19-05-06	blood	Spleen	0.0851
PXD020352	BRAVE_FF_HPlasD_Plex01_f15_Bane_30Aug19_19-05-06	blood	Adipose tissue	0.1521
PXD020352	BRAVE_FF_HPlasD_Plex01_f16_Bane_30Aug19_19-05-06	blood	Adipose tissue	0.1181
PXD020352	BRAVE_FF_HPlasD_Plex01_f17_Bane_30Aug19_19-05-06	blood	Adipose tissue	0.115
PXD020352	BRAVE_FF_HPlasD_Plex01_f18_Bane_30Aug19_19-05-06	blood	Adipose tissue	0.133
PXD020352	BRAVE_FF_HPlasD_Plex01_f19_Bane_30Aug19_19-05-06	blood	Adipose tissue	0.1346
PXD020352	BRAVE_FF_HPlasD_Plex01_f20_Bane_30Aug19_19-05-06	blood	Adrenal gland	0.1412
PXD020352	BRAVE_FF_HPlasD_Plex01_f21_Bane_30Aug19_19-05-06	blood	Thyroid	0.1054
PXD020352	BRAVE_FF_HPlasD_Plex01_f22_Bane_30Aug19_19-05-06	blood	Adipose tissue	0.0943
PXD020352	BRAVE_FF_HPlasD_Plex01_f23_Bane_30Aug19_19-05-06	blood	Adipose tissue	0.1201
PXD020352	BRAVE_FF_HPlasD_Plex01_f24_Bane_30Aug19_19-05-06	blood	Adipose tissue	0.1271
PXD020352	BRAVE_FF_HPlasD_Plex02_f01_Bane_24Aug19_19-05-06	blood	Adipose tissue	0.1346
PXD020352	BRAVE_FF_HPlasD_Plex02_f02_Bane_24Aug19_19-05-06	blood	Adrenal gland	0.1117
PXD020352	BRAVE_FF_HPlasD_Plex02_f03_Bane_24Aug19_19-05-06	blood	Adrenal gland	0.1126
PXD020352	BRAVE_FF_HPlasD_Plex02_f04_Bane_24Aug19_19-05-06	blood	Adipose tissue	0.0999
PXD020352	BRAVE_FF_HPlasD_Plex02_f05_Bane_24Aug19_19-05-06	blood	Adrenal gland	0.1266
PXD020352	BRAVE_FF_HPlasD_Plex02_f06_Bane_24Aug19_19-05-06	blood	Adipose tissue	0.1097
PXD020352	BRAVE_FF_HPlasD_Plex02_f07_Bane_24Aug19_19-05-06	blood	Brain	0.132
PXD020352	BRAVE_FF_HPlasD_Plex02_f08_Bane_24Aug19_19-05-06	blood	Adipose tissue	0.1257
PXD020352	BRAVE_FF_HPlasD_Plex02_f09_Bane_24Aug19_19-05-06	blood	Adipose tissue	0.0597
PXD020352	BRAVE_FF_HPlasD_Plex02_f10_Bane_24Aug19_19-05-06	blood	Monocytes	0.0777
PXD020352	BRAVE_FF_HPlasD_Plex02_f11_Bane_24Aug19_19-05-06	blood	Adipose tissue	0.1502
PXD020352	BRAVE_FF_HPlasD_Plex02_f12_Bane_24Aug19_19-05-06	blood	Adipose tissue	0.1152
PXD020352	BRAVE_FF_HPlasD_Plex02_f13_Bane_30Aug19_19-05-06	blood	Thyroid	0.089
PXD020352	BRAVE_FF_HPlasD_Plex02_f14_Bane_30Aug19_19-05-06	blood	Adipose tissue	0.1044
PXD020352	BRAVE_FF_HPlasD_Plex02_f15_Bane_30Aug19_19-05-06	blood	Adipose tissue	0.1131
PXD020352	BRAVE_FF_HPlasD_Plex02_f16_Bane_30Aug19_19-05-06	blood	Brain	0.1207
PXD020352	BRAVE_FF_HPlasD_Plex02_f17_Bane_30Aug19_19-05-06	blood	Adipose tissue	0.1285
PXD020352	BRAVE_FF_HPlasD_Plex02_f18_Bane_30Aug19_19-05-06	blood	Adipose tissue	0.1467
PXD020352	BRAVE_FF_HPlasD_Plex02_f19_Bane_30Aug19_19-05-06	blood	Adipose tissue	0.1186
PXD020352	BRAVE_FF_HPlasD_Plex02_f20_Bane_30Aug19_19-05-06	blood	Adrenal gland	0.1357
PXD020352	BRAVE_FF_HPlasD_Plex02_f21_Bane_30Aug19_19-05-06	blood	Adipose tissue	0.1195
PXD020352	BRAVE_FF_HPlasD_Plex02_f22_Bane_30Aug19_19-05-06	blood	Adipose tissue	0.118
PXD020352	BRAVE_FF_HPlasD_Plex02_f23_Bane_30Aug19_19-05-06	blood	Adipose tissue	0.102
PXD020352	BRAVE_FF_HPlasD_Plex02_f24_Bane_30Aug19_19-05-06	blood	Adipose tissue	0.1176
PXD020352	BRAVE_FF_HPlasD_Plex03_f01_Bane_24Aug19_19-05-06	blood	Testis	0.119
PXD020352	BRAVE_FF_HPlasD_Plex03_f02_Bane_24Aug19_19-05-06	blood	Adipose tissue	0.0603
PXD020352	BRAVE_FF_HPlasD_Plex03_f03_Bane_24Aug19_19-05-06	blood	Adrenal gland	0.1048
PXD020352	BRAVE_FF_HPlasD_Plex03_f04_Bane_24Aug19_19-05-06	blood	Adipose tissue	0.1122
PXD020352	BRAVE_FF_HPlasD_Plex03_f05_Bane_24Aug19_19-05-06	blood	Adrenal gland	0.1402
PXD020352	BRAVE_FF_HPlasD_Plex03_f06_Bane_24Aug19_19-05-06	blood	Adrenal gland	0.0981
PXD020352	BRAVE_FF_HPlasD_Plex03_f07_Bane_24Aug19_19-05-06	blood	Brain	0.1183
PXD020352	BRAVE_FF_HPlasD_Plex03_f08_Bane_24Aug19_19-05-06	blood	Adrenal gland	0.1251
PXD020352	BRAVE_FF_HPlasD_Plex03_f09_Bane_24Aug19_19-05-06	blood	Thyroid	0.0964
PXD020352	BRAVE_FF_HPlasD_Plex03_f10_Bane_24Aug19_19-05-06	blood	Adipose tissue	0.0965
PXD020352	BRAVE_FF_HPlasD_Plex03_f11_Bane_24Aug19_19-05-06	blood	Adipose tissue	0.154
PXD020352	BRAVE_FF_HPlasD_Plex03_f12_Bane_24Aug19_19-05-06	blood	Adipose tissue	0.0981
PXD020352	BRAVE_FF_HPlasD_Plex03_f13_Bane_30Aug19_19-05-06	blood	Adipose tissue	0.1216
PXD020352	BRAVE_FF_HPlasD_Plex03_f14_Bane_30Aug19_19-05-06	blood	Adipose tissue	0.0969
PXD020352	BRAVE_FF_HPlasD_Plex03_f15_Bane_30Aug19_19-05-06	blood	Adipose tissue	0.1281
PXD020352	BRAVE_FF_HPlasD_Plex03_f16_Bane_30Aug19_19-05-06	blood	Adipose tissue	0.1413
PXD020352	BRAVE_FF_HPlasD_Plex03_f17_Bane_30Aug19_19-05-06	blood	Adipose tissue	0.1293
PXD020352	BRAVE_FF_HPlasD_Plex03_f18_Bane_30Aug19_19-05-06	blood	Adipose tissue	0.1244
PXD020352	BRAVE_FF_HPlasD_Plex03_f19_Bane_30Aug19_19-05-06	blood	Adrenal gland	0.1263
PXD020352	BRAVE_FF_HPlasD_Plex03_f20_Bane_30Aug19_19-05-06	blood	Adrenal gland	0.1321
PXD020352	BRAVE_FF_HPlasD_Plex03_f21_Bane_30Aug19_19-05-06	blood	Thyroid	0.1896
PXD020352	BRAVE_FF_HPlasD_Plex03_f22_Bane_30Aug19_19-05-06	blood	Adipose tissue	0.1058
PXD020352	BRAVE_FF_HPlasD_Plex03_f23_Bane_30Aug19_19-05-06	blood	Adrenal gland	0.1081
PXD020352	BRAVE_FF_HPlasD_Plex03_f24_Bane_30Aug19_19-05-06	blood	Adrenal gland	0.1062
PXD046550	/public/conode53/AIRFLOW/temp/PXD046550/diann/20210830_EX1_UM8_Vollm004_SA_EXT00_kidneytransplant_serum_CTRL_P3_V1_inj3_20210830225505	blood	Adipose tissue	0.0507
PXD046550	/public/conode53/AIRFLOW/temp/PXD046550/diann/20210830_EX1_UM8_Vollm004_SA_EXT00_kidneytransplant_serum_CTRL_P3_V1_inj4	blood	Adipose tissue	0.0527
PXD046550	/public/conode53/AIRFLOW/temp/PXD046550/diann/20210830_EX1_UM8_Vollm004_SA_EXT00_kidneytransplant_serum_CTRL_P3_V1_inj5	blood	Adipose tissue	0.0476
PXD046550	/public/conode53/AIRFLOW/temp/PXD046550/diann/20210830_EX1_UM8_Vollm004_SA_EXT00_kidneytransplant_serum_CTRL_P3_V2_inj1	blood	Adipose tissue	0.0535
PXD046550	/public/conode53/AIRFLOW/temp/PXD046550/diann/20210830_EX1_UM8_Vollm004_SA_EXT00_kidneytransplant_serum_CTRL_P3_V2_inj2	blood	Adipose tissue	0.0526
PXD046550	/public/conode53/AIRFLOW/temp/PXD046550/diann/20210830_EX1_UM8_Vollm004_SA_EXT00_kidneytransplant_serum_CTRL_P3_V2_inj3	blood	Adipose tissue	0.0527
PXD046550	/public/conode53/AIRFLOW/temp/PXD046550/diann/20210830_EX1_UM8_Vollm004_SA_EXT00_kidneytransplant_serum_CTRL_P3_V3_inj1	blood	Adipose tissue	0.0474
PXD046550	/public/conode53/AIRFLOW/temp/PXD046550/diann/20210830_EX1_UM8_Vollm004_SA_EXT00_kidneytransplant_serum_CTRL_P3_V3_inj2	blood	Adipose tissue	0.0512
PXD046550	/public/conode53/AIRFLOW/temp/PXD046550/diann/20210830_EX1_UM8_Vollm004_SA_EXT00_kidneytransplant_serum_CTRL_P3_V3_inj3	blood	Adipose tissue	0.0528
PXD046550	/public/conode53/AIRFLOW/temp/PXD046550/diann/20210830_EX1_UM8_Vollm004_SA_EXT00_kidneytransplant_serum_CTRL_P4_V1_inj1	blood	Adipose tissue	0.0487
PXD046550	/public/conode53/AIRFLOW/temp/PXD046550/diann/20210830_EX1_UM8_Vollm004_SA_EXT00_kidneytransplant_serum_CTRL_P4_V1_inj2	blood	Adipose tissue	0.0499
PXD046550	/public/conode53/AIRFLOW/temp/PXD046550/diann/20210830_EX1_UM8_Vollm004_SA_EXT00_kidneytransplant_serum_CTRL_P4_V1_inj3	blood	Adipose tissue	0.0469
PXD046550	/public/conode53/AIRFLOW/temp/PXD046550/diann/20210830_EX1_UM8_Vollm004_SA_EXT00_kidneytransplant_serum_CTRL_P4_V2_inj1	blood	Adipose tissue	0.0472
PXD046550	/public/conode53/AIRFLOW/temp/PXD046550/diann/20210830_EX1_UM8_Vollm004_SA_EXT00_kidneytransplant_serum_CTRL_P4_V2_inj2	blood	Adipose tissue	0.0494
PXD046550	/public/conode53/AIRFLOW/temp/PXD046550/diann/20210830_EX1_UM8_Vollm004_SA_EXT00_kidneytransplant_serum_CTRL_P4_V2_inj3	blood	Adipose tissue	0.0502
PXD046550	/public/conode53/AIRFLOW/temp/PXD046550/diann/20210830_EX1_UM8_Vollm004_SA_EXT00_kidneytransplant_serum_CTRL_P4_V3_inj1	blood	Adipose tissue	0.0476
PXD046550	/public/conode53/AIRFLOW/temp/PXD046550/diann/20210830_EX1_UM8_Vollm004_SA_EXT00_kidneytransplant_serum_CTRL_P4_V3_inj2	blood	Adipose tissue	0.0443
PXD046550	/public/conode53/AIRFLOW/temp/PXD046550/diann/20210830_EX1_UM8_Vollm004_SA_EXT00_kidneytransplant_serum_CTRL_P4_V3_inj3	blood	Adipose tissue	0.0453
PXD046550	/public/conode53/AIRFLOW/temp/PXD046550/diann/20210830_EX1_UM8_Vollm004_SA_EXT00_kidneytransplant_serum_P1_FT_inj1	blood	B-cells	0.0411
PXD046550	/public/conode53/AIRFLOW/temp/PXD046550/diann/20210830_EX1_UM8_Vollm004_SA_EXT00_kidneytransplant_serum_P1_FT_inj2	blood	Adipose tissue	0.0437
PXD046550	/public/conode53/AIRFLOW/temp/PXD046550/diann/20210830_EX1_UM8_Vollm004_SA_EXT00_kidneytransplant_serum_P1_FT_inj3	blood	B-cells	0.0402
PXD046550	/public/conode53/AIRFLOW/temp/PXD046550/diann/20210830_EX1_UM8_Vollm004_SA_EXT00_kidneytransplant_serum_P1_T0_inj1	blood	Adipose tissue	0.046
PXD046550	/public/conode53/AIRFLOW/temp/PXD046550/diann/20210830_EX1_UM8_Vollm004_SA_EXT00_kidneytransplant_serum_P1_T0_inj2	blood	Adipose tissue	0.0409
PXD046550	/public/conode53/AIRFLOW/temp/PXD046550/diann/20210830_EX1_UM8_Vollm004_SA_EXT00_kidneytransplant_serum_P1_T0_inj3	blood	B-cells	0.0423
PXD046550	/public/conode53/AIRFLOW/temp/PXD046550/diann/20210830_EX1_UM8_Vollm004_SA_EXT00_kidneytransplant_serum_P1_T10_inj1	blood	Adipose tissue	0.041
PXD046550	/public/conode53/AIRFLOW/temp/PXD046550/diann/20210830_EX1_UM8_Vollm004_SA_EXT00_kidneytransplant_serum_P1_T10_inj2	blood	Adipose tissue	0.0439
PXD046550	/public/conode53/AIRFLOW/temp/PXD046550/diann/20210830_EX1_UM8_Vollm004_SA_EXT00_kidneytransplant_serum_P1_T10_inj3	blood	B-cells	0.0425
PXD046550	/public/conode53/AIRFLOW/temp/PXD046550/diann/20210830_EX1_UM8_Vollm004_SA_EXT00_kidneytransplant_serum_P1_T1_inj1_CORRECT	blood	Adipose tissue	0.0556
PXD046550	/public/conode53/AIRFLOW/temp/PXD046550/diann/20210830_EX1_UM8_Vollm004_SA_EXT00_kidneytransplant_serum_P1_T1_inj2	blood	Adipose tissue	0.044
PXD046550	/public/conode53/AIRFLOW/temp/PXD046550/diann/20210830_EX1_UM8_Vollm004_SA_EXT00_kidneytransplant_serum_P1_T1_inj2_CORRECT	blood	Adipose tissue	0.0536
PXD046550	/public/conode53/AIRFLOW/temp/PXD046550/diann/20210830_EX1_UM8_Vollm004_SA_EXT00_kidneytransplant_serum_P1_T1_inj3_CORRECT	blood	Adipose tissue	0.0575
PXD046550	/public/conode53/AIRFLOW/temp/PXD046550/diann/20210830_EX1_UM8_Vollm004_SA_EXT00_kidneytransplant_serum_P1_T2_inj1_20210901214144	blood	Adipose tissue	0.0693
PXD046550	/public/conode53/AIRFLOW/temp/PXD046550/diann/20210830_EX1_UM8_Vollm004_SA_EXT00_kidneytransplant_serum_P1_T2_inj2	blood	Adipose tissue	0.07
PXD046550	/public/conode53/AIRFLOW/temp/PXD046550/diann/20210830_EX1_UM8_Vollm004_SA_EXT00_kidneytransplant_serum_P1_T2_inj3	blood	Adipose tissue	0.0571
PXD046550	/public/conode53/AIRFLOW/temp/PXD046550/diann/20210830_EX1_UM8_Vollm004_SA_EXT00_kidneytransplant_serum_P1_T3_inj1	blood	Adipose tissue	0.0517
PXD046550	/public/conode53/AIRFLOW/temp/PXD046550/diann/20210830_EX1_UM8_Vollm004_SA_EXT00_kidneytransplant_serum_P1_T3_inj2	blood	Adipose tissue	0.0555
PXD046550	/public/conode53/AIRFLOW/temp/PXD046550/diann/20210830_EX1_UM8_Vollm004_SA_EXT00_kidneytransplant_serum_P1_T3_inj3	blood	Adipose tissue	0.0509
PXD046550	/public/conode53/AIRFLOW/temp/PXD046550/diann/20210830_EX1_UM8_Vollm004_SA_EXT00_kidneytransplant_serum_P1_T4_inj1	blood	Adipose tissue	0.0508
PXD046550	/public/conode53/AIRFLOW/temp/PXD046550/diann/20210830_EX1_UM8_Vollm004_SA_EXT00_kidneytransplant_serum_P1_T4_inj2	blood	Adipose tissue	0.0495
PXD046550	/public/conode53/AIRFLOW/temp/PXD046550/diann/20210830_EX1_UM8_Vollm004_SA_EXT00_kidneytransplant_serum_P1_T4_inj3	blood	Adipose tissue	0.0506
PXD046550	/public/conode53/AIRFLOW/temp/PXD046550/diann/20210830_EX1_UM8_Vollm004_SA_EXT00_kidneytransplant_serum_P1_T5_inj1	blood	Adipose tissue	0.0504
PXD046550	/public/conode53/AIRFLOW/temp/PXD046550/diann/20210830_EX1_UM8_Vollm004_SA_EXT00_kidneytransplant_serum_P1_T5_inj2	blood	Adipose tissue	0.0509
PXD046550	/public/conode53/AIRFLOW/temp/PXD046550/diann/20210830_EX1_UM8_Vollm004_SA_EXT00_kidneytransplant_serum_P1_T5_inj3	blood	Adipose tissue	0.0491
PXD046550	/public/conode53/AIRFLOW/temp/PXD046550/diann/20210830_EX1_UM8_Vollm004_SA_EXT00_kidneytransplant_serum_P1_T6_inj1	blood	Adipose tissue	0.0494
PXD046550	/public/conode53/AIRFLOW/temp/PXD046550/diann/20210830_EX1_UM8_Vollm004_SA_EXT00_kidneytransplant_serum_P1_T6_inj2	blood	Adipose tissue	0.0593
PXD046550	/public/conode53/AIRFLOW/temp/PXD046550/diann/20210830_EX1_UM8_Vollm004_SA_EXT00_kidneytransplant_serum_P1_T6_inj3	blood	Adipose tissue	0.0605
PXD046550	/public/conode53/AIRFLOW/temp/PXD046550/diann/20210830_EX1_UM8_Vollm004_SA_EXT00_kidneytransplant_serum_P1_T7_inj1	blood	Adipose tissue	0.0676
PXD046550	/public/conode53/AIRFLOW/temp/PXD046550/diann/20210830_EX1_UM8_Vollm004_SA_EXT00_kidneytransplant_serum_P1_T7_inj2	blood	Adipose tissue	0.0686
PXD046550	/public/conode53/AIRFLOW/temp/PXD046550/diann/20210830_EX1_UM8_Vollm004_SA_EXT00_kidneytransplant_serum_P1_T7_inj3	blood	Adipose tissue	0.0686
PXD046550	/public/conode53/AIRFLOW/temp/PXD046550/diann/20210830_EX1_UM8_Vollm004_SA_EXT00_kidneytransplant_serum_P1_T8_inj1	blood	Adipose tissue	0.0805
PXD046550	/public/conode53/AIRFLOW/temp/PXD046550/diann/20210830_EX1_UM8_Vollm004_SA_EXT00_kidneytransplant_serum_P1_T8_inj2	blood	Adipose tissue	0.0703
PXD046550	/public/conode53/AIRFLOW/temp/PXD046550/diann/20210830_EX1_UM8_Vollm004_SA_EXT00_kidneytransplant_serum_P1_T8_inj3	blood	Adipose tissue	0.0693
PXD046550	/public/conode53/AIRFLOW/temp/PXD046550/diann/20210830_EX1_UM8_Vollm004_SA_EXT00_kidneytransplant_serum_P1_T9_inj1	blood	Adipose tissue	0.0545
PXD046550	/public/conode53/AIRFLOW/temp/PXD046550/diann/20210830_EX1_UM8_Vollm004_SA_EXT00_kidneytransplant_serum_P1_T9_inj2	blood	Adipose tissue	0.0494
PXD046550	/public/conode53/AIRFLOW/temp/PXD046550/diann/20210830_EX1_UM8_Vollm004_SA_EXT00_kidneytransplant_serum_P1_T9_inj3	blood	Adipose tissue	0.0507
PXD046550	/public/conode53/AIRFLOW/temp/PXD046550/diann/20210830_EX1_UM8_Vollm004_SA_EXT00_kidneytransplant_serum_P2_FT_inj1	blood	Adipose tissue	0.0427
PXD046550	/public/conode53/AIRFLOW/temp/PXD046550/diann/20210830_EX1_UM8_Vollm004_SA_EXT00_kidneytransplant_serum_P2_FT_inj2	blood	Testis	0.0422
PXD046550	/public/conode53/AIRFLOW/temp/PXD046550/diann/20210830_EX1_UM8_Vollm004_SA_EXT00_kidneytransplant_serum_P2_FT_inj3	blood	Adipose tissue	0.0439
PXD046550	/public/conode53/AIRFLOW/temp/PXD046550/diann/20210830_EX1_UM8_Vollm004_SA_EXT00_kidneytransplant_serum_P2_T0_inj1	blood	Adipose tissue	0.0416
PXD046550	/public/conode53/AIRFLOW/temp/PXD046550/diann/20210830_EX1_UM8_Vollm004_SA_EXT00_kidneytransplant_serum_P2_T0_inj2	blood	B-cells	0.0432
PXD046550	/public/conode53/AIRFLOW/temp/PXD046550/diann/20210830_EX1_UM8_Vollm004_SA_EXT00_kidneytransplant_serum_P2_T0_inj3	blood	Adipose tissue	0.0511
PXD046550	/public/conode53/AIRFLOW/temp/PXD046550/diann/20210830_EX1_UM8_Vollm004_SA_EXT00_kidneytransplant_serum_P2_T1_inj1	blood	Adipose tissue	0.0704
PXD046550	/public/conode53/AIRFLOW/temp/PXD046550/diann/20210830_EX1_UM8_Vollm004_SA_EXT00_kidneytransplant_serum_P2_T1_inj2	blood	Adipose tissue	0.0654
PXD046550	/public/conode53/AIRFLOW/temp/PXD046550/diann/20210830_EX1_UM8_Vollm004_SA_EXT00_kidneytransplant_serum_P2_T1_inj3	blood	Adipose tissue	0.0618
PXD046550	/public/conode53/AIRFLOW/temp/PXD046550/diann/20210830_EX1_UM8_Vollm004_SA_EXT00_kidneytransplant_serum_P2_T2_inj1	blood	Liver	0.0415
PXD046550	/public/conode53/AIRFLOW/temp/PXD046550/diann/20210830_EX1_UM8_Vollm004_SA_EXT00_kidneytransplant_serum_P2_T2_inj2	blood	Liver	0.0423
PXD046550	/public/conode53/AIRFLOW/temp/PXD046550/diann/20210830_EX1_UM8_Vollm004_SA_EXT00_kidneytransplant_serum_P2_T2_inj3	blood	Liver	0.042
PXD046550	/public/conode53/AIRFLOW/temp/PXD046550/diann/20210830_EX1_UM8_Vollm004_SA_EXT00_kidneytransplant_serum_P2_T3_inj1	blood	Adipose tissue	0.0549
PXD046550	/public/conode53/AIRFLOW/temp/PXD046550/diann/20210830_EX1_UM8_Vollm004_SA_EXT00_kidneytransplant_serum_P2_T3_inj2	blood	Adipose tissue	0.0536
PXD046550	/public/conode53/AIRFLOW/temp/PXD046550/diann/20210830_EX1_UM8_Vollm004_SA_EXT00_kidneytransplant_serum_P2_T3_inj3	blood	Adipose tissue	0.0502
PXD046550	/public/conode53/AIRFLOW/temp/PXD046550/diann/20210830_EX1_UM8_Vollm004_SA_EXT00_kidneytransplant_serum_P2_T4_inj1	blood	Adipose tissue	0.0551
PXD046550	/public/conode53/AIRFLOW/temp/PXD046550/diann/20210830_EX1_UM8_Vollm004_SA_EXT00_kidneytransplant_serum_P2_T4_inj2	blood	Adipose tissue	0.0463
PXD046550	/public/conode53/AIRFLOW/temp/PXD046550/diann/20210830_EX1_UM8_Vollm004_SA_EXT00_kidneytransplant_serum_P2_T4_inj3	blood	Adipose tissue	0.0516
PXD046550	20220818_EX1_EV_kalai002_SA_EXT00_SerumKid_P2_t0	blood	Skeletal muscle	0.0398
PXD046550	20220818_EX1_EV_kalai002_SA_EXT00_SerumKid_P2_t1	blood	Endometrium	0.0405
PXD046550	20220825_EX1_EV_kalai002_SA_EXT00_SerumKid_P2_t2	blood	Tonsil	0.0389
PXD046550	20220828_EX1_EV_kalai002_SA_EXT00_SerumKid_P2_t3	blood	Skeletal muscle	0.039
PXD046550	20220830_EX1_EV_kalai002_SA_EXT00_SerumKid_P2_t4	blood	Skeletal muscle	0.0394
PXD046550	N.Proteotypic.Sequences	blood	Adipose tissue	0.2071
PXD046550	N.Sequences	blood	Adipose tissue	0.2098
PXD047674	20190807_QEP_LC1000_P003S_Shahnaz_Exosomes_Control_01	blood	Adipose tissue	0.1391
PXD047674	20190807_QEP_LC1000_P003S_Shahnaz_Exosomes_Control_02	blood	Adipose tissue	0.1414
PXD047674	20190807_QEP_LC1000_P003S_Shahnaz_Exosomes_Control_03	blood	Adipose tissue	0.1124
PXD047674	20190807_QEP_LC1000_P003S_Shahnaz_Exosomes_Control_04	blood	Adipose tissue	0.1623
PXD047674	20190807_QEP_LC1000_P003S_Shahnaz_Exosomes_Control_05	blood	Adipose tissue	0.1573
PXD047674	20190807_QEP_LC1000_P003S_Shahnaz_Exosomes_Control_06	blood	Adipose tissue	0.1426
PXD047674	20190807_QEP_LC1000_P003S_Shahnaz_Exosomes_Control_07	blood	Adipose tissue	0.1464
PXD047674	20190807_QEP_LC1000_P003S_Shahnaz_Exosomes_Control_08	blood	Adipose tissue	0.1601
PXD047674	20190807_QEP_LC1000_P003S_Shahnaz_Exosomes_Control_09	blood	Adipose tissue	0.1695
PXD047674	20190807_QEP_LC1000_P003S_Shahnaz_Exosomes_Control_10	blood	Adipose tissue	0.0991
PXD047674	20190807_QEP_LC1000_P003S_Shahnaz_Exosomes_Control_11	blood	Adipose tissue	0.0774
PXD047674	20190807_QEP_LC1000_P003S_Shahnaz_Exosomes_Control_12	blood	Adipose tissue	0.164
PXD047674	20190807_QEP_LC1000_P003S_Shahnaz_Exosomes_Group1_Stroke_NonDiabeteic01	blood	Adipose tissue	0.1416
PXD047674	20190807_QEP_LC1000_P003S_Shahnaz_Exosomes_Group1_Stroke_NonDiabeteic01_repeat	blood	Adipose tissue	0.1006
PXD047674	20190807_QEP_LC1000_P003S_Shahnaz_Exosomes_Group1_Stroke_NonDiabeteic02	blood	Adipose tissue	0.171
PXD047674	20190807_QEP_LC1000_P003S_Shahnaz_Exosomes_Group1_Stroke_NonDiabeteic03	blood	Adipose tissue	0.1501
PXD047674	20190807_QEP_LC1000_P003S_Shahnaz_Exosomes_Group1_Stroke_NonDiabeteic04	blood	Adipose tissue	0.1437
PXD047674	20190807_QEP_LC1000_P003S_Shahnaz_Exosomes_Group1_Stroke_NonDiabeteic05	blood	Adipose tissue	0.1403
PXD047674	20190807_QEP_LC1000_P003S_Shahnaz_Exosomes_Group1_Stroke_NonDiabeteic06	blood	Adipose tissue	0.1642
PXD047674	20190807_QEP_LC1000_P003S_Shahnaz_Exosomes_Group1_Stroke_NonDiabeteic07	blood	Adipose tissue	0.1686
PXD047674	20190807_QEP_LC1000_P003S_Shahnaz_Exosomes_Group1_Stroke_NonDiabeteic08	blood	Adipose tissue	0.1563
PXD047674	20190807_QEP_LC1000_P003S_Shahnaz_Exosomes_Group1_Stroke_NonDiabeteic09	blood	Adipose tissue	0.1402
PXD047674	20190807_QEP_LC1000_P003S_Shahnaz_Exosomes_Group1_Stroke_NonDiabeteic10	blood	Adipose tissue	0.1725
PXD047674	20190807_QEP_LC1000_P003S_Shahnaz_Exosomes_Group1_Stroke_NonDiabeteic11	blood	Adipose tissue	0.1548
PXD047674	20190807_QEP_LC1000_P003S_Shahnaz_Exosomes_Group1_Stroke_NonDiabeteic12	blood	Adipose tissue	0.1663
PXD047674	20190807_QEP_LC1000_P003S_Shahnaz_Exosomes_Group1_Stroke_NonDiabeteic13	blood	Adipose tissue	0.1406
PXD047674	20190807_QEP_LC1000_P003S_Shahnaz_Exosomes_Group1_Stroke_NonDiabeteic14	blood	Adipose tissue	0.1575
PXD047674	20190807_QEP_LC1000_P003S_Shahnaz_Exosomes_Group2_Stroke_Diabeteic01	blood	Adipose tissue	0.1495
PXD047674	20190807_QEP_LC1000_P003S_Shahnaz_Exosomes_Group2_Stroke_Diabeteic02	blood	Adipose tissue	0.1432
PXD047674	20190807_QEP_LC1000_P003S_Shahnaz_Exosomes_Group2_Stroke_Diabeteic03	blood	Adipose tissue	0.1861
PXD047674	20190807_QEP_LC1000_P003S_Shahnaz_Exosomes_Group2_Stroke_Diabeteic04	blood	Adipose tissue	0.1378
PXD047674	20190807_QEP_LC1000_P003S_Shahnaz_Exosomes_Group2_Stroke_Diabeteic05	blood	Adipose tissue	0.1645
PXD047674	20190807_QEP_LC1000_P003S_Shahnaz_Exosomes_Group2_Stroke_Diabeteic06	blood	Adipose tissue	0.1531
PXD047674	20190807_QEP_LC1000_P003S_Shahnaz_Exosomes_Group2_Stroke_Diabeteic07	blood	Adipose tissue	0.1812
PXD047674	20190807_QEP_LC1000_P003S_Shahnaz_Exosomes_Group2_Stroke_Diabeteic08	blood	Adipose tissue	0.1582
PXD047674	20190807_QEP_LC1000_P003S_Shahnaz_Exosomes_Group2_Stroke_Diabeteic09	blood	Adipose tissue	0.135
PXD047674	20190807_QEP_LC1000_P003S_Shahnaz_Exosomes_Group2_Stroke_Diabeteic10	blood	Adipose tissue	0.1504
PXD047674	20190807_QEP_LC1000_P003S_Shahnaz_Exosomes_Group2_Stroke_Diabeteic11	blood	Adipose tissue	0.1085
PXD047674	20190807_QEP_LC1000_P003S_Shahnaz_Exosomes_Group2_Stroke_Diabeteic12	blood	Adipose tissue	0.1846
PXD047674	20190807_QEP_LC1000_P003S_Shahnaz_Exosomes_Group2_Stroke_Diabeteic13	blood	Adipose tissue	0.1326
PXD055973	/public/conode53/AIRFLOW/temp/PXD055973/diann/20221018_EXPL11_Evo8_CovidRerun_Cohort1_Plate1_1	blood	Adipose tissue	0.0765
PXD055973	/public/conode53/AIRFLOW/temp/PXD055973/diann/20221018_EXPL11_Evo8_CovidRerun_Cohort1_Plate1_10	blood	Adipose tissue	0.0543
PXD055973	/public/conode53/AIRFLOW/temp/PXD055973/diann/20221018_EXPL11_Evo8_CovidRerun_Cohort1_Plate1_11	blood	Adipose tissue	0.0795
PXD055973	/public/conode53/AIRFLOW/temp/PXD055973/diann/20221018_EXPL11_Evo8_CovidRerun_Cohort1_Plate1_12	blood	Adipose tissue	0.0741
PXD055973	/public/conode53/AIRFLOW/temp/PXD055973/diann/20221018_EXPL11_Evo8_CovidRerun_Cohort1_Plate1_13	blood	Adipose tissue	0.0875
PXD055973	/public/conode53/AIRFLOW/temp/PXD055973/diann/20221018_EXPL11_Evo8_CovidRerun_Cohort1_Plate1_14	blood	Adipose tissue	0.0943
PXD055973	/public/conode53/AIRFLOW/temp/PXD055973/diann/20221018_EXPL11_Evo8_CovidRerun_Cohort1_Plate1_15	blood	Adipose tissue	0.0788
PXD055973	/public/conode53/AIRFLOW/temp/PXD055973/diann/20221018_EXPL11_Evo8_CovidRerun_Cohort1_Plate1_16	blood	Adipose tissue	0.0689
PXD055973	/public/conode53/AIRFLOW/temp/PXD055973/diann/20221018_EXPL11_Evo8_CovidRerun_Cohort1_Plate1_17	blood	Adipose tissue	0.0686
PXD055973	/public/conode53/AIRFLOW/temp/PXD055973/diann/20221018_EXPL11_Evo8_CovidRerun_Cohort1_Plate1_18	blood	Adipose tissue	0.0811
PXD055973	/public/conode53/AIRFLOW/temp/PXD055973/diann/20221018_EXPL11_Evo8_CovidRerun_Cohort1_Plate1_19	blood	Adipose tissue	0.0835
PXD055973	/public/conode53/AIRFLOW/temp/PXD055973/diann/20221018_EXPL11_Evo8_CovidRerun_Cohort1_Plate1_2	blood	Adipose tissue	0.0591
PXD055973	/public/conode53/AIRFLOW/temp/PXD055973/diann/20221018_EXPL11_Evo8_CovidRerun_Cohort1_Plate1_20	blood	Adipose tissue	0.079
PXD055973	/public/conode53/AIRFLOW/temp/PXD055973/diann/20221018_EXPL11_Evo8_CovidRerun_Cohort1_Plate1_21	blood	Adipose tissue	0.0494
PXD055973	/public/conode53/AIRFLOW/temp/PXD055973/diann/20221018_EXPL11_Evo8_CovidRerun_Cohort1_Plate1_22	blood	Adipose tissue	0.055
PXD055973	/public/conode53/AIRFLOW/temp/PXD055973/diann/20221018_EXPL11_Evo8_CovidRerun_Cohort1_Plate1_23	blood	Adipose tissue	0.0711
PXD055973	/public/conode53/AIRFLOW/temp/PXD055973/diann/20221018_EXPL11_Evo8_CovidRerun_Cohort1_Plate1_25	blood	Adipose tissue	0.0607
PXD055973	/public/conode53/AIRFLOW/temp/PXD055973/diann/20221018_EXPL11_Evo8_CovidRerun_Cohort1_Plate1_26	blood	Adipose tissue	0.0713
PXD055973	/public/conode53/AIRFLOW/temp/PXD055973/diann/20221018_EXPL11_Evo8_CovidRerun_Cohort1_Plate1_27	blood	Adipose tissue	0.0802
PXD055973	/public/conode53/AIRFLOW/temp/PXD055973/diann/20221018_EXPL11_Evo8_CovidRerun_Cohort1_Plate1_28	blood	Adipose tissue	0.0888
PXD055973	/public/conode53/AIRFLOW/temp/PXD055973/diann/20221018_EXPL11_Evo8_CovidRerun_Cohort1_Plate1_29	blood	Lung	0.0421
PXD055973	/public/conode53/AIRFLOW/temp/PXD055973/diann/20221018_EXPL11_Evo8_CovidRerun_Cohort1_Plate1_3	blood	Adipose tissue	0.0528
PXD055973	/public/conode53/AIRFLOW/temp/PXD055973/diann/20221018_EXPL11_Evo8_CovidRerun_Cohort1_Plate1_30	blood	Adipose tissue	0.0619
PXD055973	/public/conode53/AIRFLOW/temp/PXD055973/diann/20221018_EXPL11_Evo8_CovidRerun_Cohort1_Plate1_31	blood	Adipose tissue	0.0446
PXD055973	/public/conode53/AIRFLOW/temp/PXD055973/diann/20221018_EXPL11_Evo8_CovidRerun_Cohort1_Plate1_32	blood	Adipose tissue	0.0703
PXD055973	/public/conode53/AIRFLOW/temp/PXD055973/diann/20221018_EXPL11_Evo8_CovidRerun_Cohort1_Plate1_33	blood	Adipose tissue	0.0466
PXD055973	/public/conode53/AIRFLOW/temp/PXD055973/diann/20221018_EXPL11_Evo8_CovidRerun_Cohort1_Plate1_34	blood	Adipose tissue	0.078
PXD055973	/public/conode53/AIRFLOW/temp/PXD055973/diann/20221018_EXPL11_Evo8_CovidRerun_Cohort1_Plate1_35	blood	Adipose tissue	0.0814
PXD055973	/public/conode53/AIRFLOW/temp/PXD055973/diann/20221018_EXPL11_Evo8_CovidRerun_Cohort1_Plate1_36	blood	Adipose tissue	0.0768
PXD055973	/public/conode53/AIRFLOW/temp/PXD055973/diann/20221018_EXPL11_Evo8_CovidRerun_Cohort1_Plate1_37	blood	Adipose tissue	0.0541
PXD055973	/public/conode53/AIRFLOW/temp/PXD055973/diann/20221018_EXPL11_Evo8_CovidRerun_Cohort1_Plate1_38	blood	Adipose tissue	0.0814
PXD055973	/public/conode53/AIRFLOW/temp/PXD055973/diann/20221018_EXPL11_Evo8_CovidRerun_Cohort1_Plate1_39	blood	Adipose tissue	0.0757
PXD055973	/public/conode53/AIRFLOW/temp/PXD055973/diann/20221018_EXPL11_Evo8_CovidRerun_Cohort1_Plate1_4	blood	Adipose tissue	0.0643
PXD055973	/public/conode53/AIRFLOW/temp/PXD055973/diann/20221018_EXPL11_Evo8_CovidRerun_Cohort1_Plate1_40	blood	Adipose tissue	0.051
PXD055973	/public/conode53/AIRFLOW/temp/PXD055973/diann/20221018_EXPL11_Evo8_CovidRerun_Cohort1_Plate1_41	blood	Adipose tissue	0.0528
PXD055973	/public/conode53/AIRFLOW/temp/PXD055973/diann/20221018_EXPL11_Evo8_CovidRerun_Cohort1_Plate1_42	blood	Adipose tissue	0.0589
PXD055973	/public/conode53/AIRFLOW/temp/PXD055973/diann/20221018_EXPL11_Evo8_CovidRerun_Cohort1_Plate1_5	blood	Adipose tissue	0.0935
PXD055973	/public/conode53/AIRFLOW/temp/PXD055973/diann/20221018_EXPL11_Evo8_CovidRerun_Cohort1_Plate1_6	blood	Adipose tissue	0.0765
PXD055973	/public/conode53/AIRFLOW/temp/PXD055973/diann/20221018_EXPL11_Evo8_CovidRerun_Cohort1_Plate1_7	blood	Adipose tissue	0.0863
PXD055973	/public/conode53/AIRFLOW/temp/PXD055973/diann/20221018_EXPL11_Evo8_CovidRerun_Cohort1_Plate1_8	blood	Adipose tissue	0.0605
PXD055973	/public/conode53/AIRFLOW/temp/PXD055973/diann/20221018_EXPL11_Evo8_CovidRerun_Cohort1_Plate1_9	blood	Adipose tissue	0.0684
PXD055973	/public/conode53/AIRFLOW/temp/PXD055973/diann/20221018_EXPL11_Evo8_CovidRerun_Cohort1_Plate1_HD-1510	blood	Adipose tissue	0.0453
PXD055973	/public/conode53/AIRFLOW/temp/PXD055973/diann/20221018_EXPL11_Evo8_CovidRerun_Cohort1_Plate1_HD-1511	blood	Adipose tissue	0.0467
PXD055973	/public/conode53/AIRFLOW/temp/PXD055973/diann/20221018_EXPL11_Evo8_CovidRerun_Cohort1_Plate1_HD-1512	blood	Adipose tissue	0.0575
PXD055973	/public/conode53/AIRFLOW/temp/PXD055973/diann/20221018_EXPL11_Evo8_CovidRerun_Cohort1_Plate1_HD-1513	blood	Adipose tissue	0.0431
PXD055973	/public/conode53/AIRFLOW/temp/PXD055973/diann/20221018_EXPL11_Evo8_CovidRerun_Cohort1_Plate1_HD-1514	blood	Adipose tissue	0.0762
PXD055973	/public/conode53/AIRFLOW/temp/PXD055973/diann/20221018_EXPL11_Evo8_CovidRerun_Cohort1_Plate1_HD-1515	blood	Skeletal muscle	0.0394
PXD055973	/public/conode53/AIRFLOW/temp/PXD055973/diann/20221018_EXPL11_Evo8_CovidRerun_Cohort1_Plate1_HD-1516	blood	Skeletal muscle	0.0394
PXD055973	/public/conode53/AIRFLOW/temp/PXD055973/diann/20221018_EXPL11_Evo8_CovidRerun_Cohort1_Plate1_HD-1517	blood	Adipose tissue	0.0834
PXD055973	/public/conode53/AIRFLOW/temp/PXD055973/diann/20221018_EXPL11_Evo8_CovidRerun_Cohort1_Plate1_HD-1518	blood	Adipose tissue	0.0421
PXD055973	/public/conode53/AIRFLOW/temp/PXD055973/diann/20221018_EXPL11_Evo8_CovidRerun_Cohort1_Plate1_HD-1519	blood	Adipose tissue	0.0526
PXD055973	/public/conode53/AIRFLOW/temp/PXD055973/diann/20221018_EXPL11_Evo8_CovidRerun_Cohort1_Plate1_HD-1901	blood	Adipose tissue	0.064
PXD055973	/public/conode53/AIRFLOW/temp/PXD055973/diann/20221018_EXPL11_Evo8_CovidRerun_Cohort1_Plate1_HD-1902	blood	Adipose tissue	0.0545
PXD055973	/public/conode53/AIRFLOW/temp/PXD055973/diann/20221018_EXPL11_Evo8_CovidRerun_Cohort1_Plate1_HD-1903	blood	Lung	0.0421
PXD055973	/public/conode53/AIRFLOW/temp/PXD055973/diann/20221018_EXPL11_Evo8_CovidRerun_Cohort1_Plate1_HD-1904	blood	Skeletal muscle	0.0398
PXD055973	/public/conode53/AIRFLOW/temp/PXD055973/diann/20221018_EXPL11_Evo8_CovidRerun_Cohort1_Plate1_HD-1905	blood	Skeletal muscle	0.0396
PXD055973	/public/conode53/AIRFLOW/temp/PXD055973/diann/20221018_EXPL11_Evo8_CovidRerun_Cohort1_Plate1_HD-1906	blood	Adipose tissue	0.0536
PXD055973	/public/conode53/AIRFLOW/temp/PXD055973/diann/20221018_EXPL11_Evo8_CovidRerun_Cohort1_Plate1_HD-1907	blood	Adipose tissue	0.0506
PXD055973	/public/conode53/AIRFLOW/temp/PXD055973/diann/20221018_EXPL11_Evo8_CovidRerun_Cohort1_Plate1_HD-1908	blood	Adipose tissue	0.0638
PXD055973	/public/conode53/AIRFLOW/temp/PXD055973/diann/20221018_EXPL11_Evo8_CovidRerun_Cohort1_Plate1_HD-1909	blood	Adipose tissue	0.0471
PXD055973	/public/conode53/AIRFLOW/temp/PXD055973/diann/20221018_EXPL11_Evo8_CovidRerun_Cohort1_Plate1_HD-1910	blood	Adipose tissue	0.0407
PXD055973	/public/conode53/AIRFLOW/temp/PXD055973/diann/20221018_EXPL11_Evo8_CovidRerun_Cohort1_Plate1_HD-2187	blood	Adipose tissue	0.0477
PXD055973	/public/conode53/AIRFLOW/temp/PXD055973/diann/20221018_EXPL11_Evo8_CovidRerun_Cohort1_Plate2_43	blood	Liver	0.0399
PXD055973	/public/conode53/AIRFLOW/temp/PXD055973/diann/20221018_EXPL11_Evo8_CovidRerun_Cohort1_Plate2_45	blood	Adipose tissue	0.08
PXD055973	/public/conode53/AIRFLOW/temp/PXD055973/diann/20221018_EXPL11_Evo8_CovidRerun_Cohort1_Plate2_46	blood	Adipose tissue	0.0763
PXD055973	/public/conode53/AIRFLOW/temp/PXD055973/diann/20221018_EXPL11_Evo8_CovidRerun_Cohort1_Plate2_47	blood	Adipose tissue	0.0652
PXD055973	/public/conode53/AIRFLOW/temp/PXD055973/diann/20221018_EXPL11_Evo8_CovidRerun_Cohort1_Plate2_48	blood	Adipose tissue	0.0728
PXD055973	/public/conode53/AIRFLOW/temp/PXD055973/diann/20221018_EXPL11_Evo8_CovidRerun_Cohort1_Plate2_49	blood	Skeletal muscle	0.0398
PXD055973	/public/conode53/AIRFLOW/temp/PXD055973/diann/20221018_EXPL11_Evo8_CovidRerun_Cohort1_Plate2_50	blood	Skeletal muscle	0.0388
PXD055973	/public/conode53/AIRFLOW/temp/PXD055973/diann/20221018_EXPL11_Evo8_CovidRerun_Cohort1_Plate2_51	blood	Adipose tissue	0.0873
PXD055973	/public/conode53/AIRFLOW/temp/PXD055973/diann/20221018_EXPL11_Evo8_CovidRerun_Cohort1_Plate2_52	blood	Adipose tissue	0.0463
PXD055973	/public/conode53/AIRFLOW/temp/PXD055973/diann/20221018_EXPL11_Evo8_CovidRerun_Cohort1_Plate2_53	blood	Adipose tissue	0.0643
PXD055973	/public/conode53/AIRFLOW/temp/PXD055973/diann/20221018_EXPL11_Evo8_CovidRerun_Cohort1_Plate2_54	blood	Adipose tissue	0.0609
PXD055973	/public/conode53/AIRFLOW/temp/PXD055973/diann/20221018_EXPL11_Evo8_CovidRerun_Cohort1_Plate2_55	blood	Adipose tissue	0.0665
PXD055973	/public/conode53/AIRFLOW/temp/PXD055973/diann/20221018_EXPL11_Evo8_CovidRerun_Cohort1_Plate2_56	blood	Adipose tissue	0.0678
PXD055973	/public/conode53/AIRFLOW/temp/PXD055973/diann/20221018_EXPL11_Evo8_CovidRerun_Cohort1_Plate2_57	blood	Adipose tissue	0.0749
PXD055973	/public/conode53/AIRFLOW/temp/PXD055973/diann/20221018_EXPL11_Evo8_CovidRerun_Cohort1_Plate2_58	blood	Adipose tissue	0.0736
PXD055973	/public/conode53/AIRFLOW/temp/PXD055973/diann/20221018_EXPL11_Evo8_CovidRerun_Cohort1_Plate2_59	blood	Adipose tissue	0.0578
PXD055973	/public/conode53/AIRFLOW/temp/PXD055973/diann/20221018_EXPL11_Evo8_CovidRerun_Cohort1_Plate2_60	blood	Adipose tissue	0.054
PXD055973	/public/conode53/AIRFLOW/temp/PXD055973/diann/20221018_EXPL11_Evo8_CovidRerun_Cohort1_Plate2_61	blood	Adipose tissue	0.0779
PXD055973	/public/conode53/AIRFLOW/temp/PXD055973/diann/20221018_EXPL11_Evo8_CovidRerun_Cohort1_Plate2_62	blood	Adipose tissue	0.087
PXD055973	/public/conode53/AIRFLOW/temp/PXD055973/diann/20221018_EXPL11_Evo8_CovidRerun_Cohort1_Plate2_63	blood	Adipose tissue	0.0733
PXD055973	/public/conode53/AIRFLOW/temp/PXD055973/diann/20221018_EXPL11_Evo8_CovidRerun_Cohort1_Plate2_64	blood	Adipose tissue	0.057
PXD055973	/public/conode53/AIRFLOW/temp/PXD055973/diann/20221018_EXPL11_Evo8_CovidRerun_Cohort1_Plate2_65	blood	Adipose tissue	0.0576
PXD055973	/public/conode53/AIRFLOW/temp/PXD055973/diann/20221018_EXPL11_Evo8_CovidRerun_Cohort1_Plate2_66	blood	Adipose tissue	0.0748
PXD055973	/public/conode53/AIRFLOW/temp/PXD055973/diann/20221018_EXPL11_Evo8_CovidRerun_Cohort1_Plate2_67	blood	Adipose tissue	0.057
PXD055973	/public/conode53/AIRFLOW/temp/PXD055973/diann/20221018_EXPL11_Evo8_CovidRerun_Cohort1_Plate2_68	blood	Ovary	0.0399
PXD055973	/public/conode53/AIRFLOW/temp/PXD055973/diann/20221018_EXPL11_Evo8_CovidRerun_Cohort1_Plate2_69	blood	Adipose tissue	0.0725
PXD055973	/public/conode53/AIRFLOW/temp/PXD055973/diann/20221018_EXPL11_Evo8_CovidRerun_Cohort1_Plate2_70	blood	Adipose tissue	0.0715
PXD055973	/public/conode53/AIRFLOW/temp/PXD055973/diann/20221018_EXPL11_Evo8_CovidRerun_Cohort1_Plate2_71	blood	Adipose tissue	0.0742
PXD055973	/public/conode53/AIRFLOW/temp/PXD055973/diann/20221018_EXPL11_Evo8_CovidRerun_Cohort1_Plate2_72	blood	Adipose tissue	0.0724
PXD055973	/public/conode53/AIRFLOW/temp/PXD055973/diann/20221018_EXPL11_Evo8_CovidRerun_Cohort1_Plate2_73	blood	Adipose tissue	0.0756
PXD055973	/public/conode53/AIRFLOW/temp/PXD055973/diann/20221018_EXPL11_Evo8_CovidRerun_Cohort1_Plate2_74	blood	Adipose tissue	0.074
PXD055973	/public/conode53/AIRFLOW/temp/PXD055973/diann/20221018_EXPL11_Evo8_CovidRerun_Cohort1_Plate2_75	blood	Adipose tissue	0.0737
PXD055973	/public/conode53/AIRFLOW/temp/PXD055973/diann/20221018_EXPL11_Evo8_CovidRerun_Cohort1_Plate2_76	blood	Adipose tissue	0.0426
PXD055973	/public/conode53/AIRFLOW/temp/PXD055973/diann/20221018_EXPL11_Evo8_CovidRerun_Cohort1_Plate2_77	blood	Lymph node	0.0414
PXD055973	/public/conode53/AIRFLOW/temp/PXD055973/diann/20221018_EXPL11_Evo8_CovidRerun_Cohort1_Plate2_78	blood	Adipose tissue	0.048
PXD055973	/public/conode53/AIRFLOW/temp/PXD055973/diann/20221018_EXPL11_Evo8_CovidRerun_Cohort1_Plate2_79	blood	Adipose tissue	0.0481
PXD055973	/public/conode53/AIRFLOW/temp/PXD055973/diann/20221018_EXPL11_Evo8_CovidRerun_Cohort1_Plate2_80	blood	Adipose tissue	0.0549
PXD055973	/public/conode53/AIRFLOW/temp/PXD055973/diann/20221018_EXPL11_Evo8_CovidRerun_Cohort1_Plate2_81	blood	Adipose tissue	0.0451
PXD055973	/public/conode53/AIRFLOW/temp/PXD055973/diann/20221018_EXPL11_Evo8_CovidRerun_Cohort1_Plate2_82	blood	Adipose tissue	0.0521
PXD055973	/public/conode53/AIRFLOW/temp/PXD055973/diann/20221018_EXPL11_Evo8_CovidRerun_Cohort1_Plate2_83	blood	Adipose tissue	0.0952
PXD055973	/public/conode53/AIRFLOW/temp/PXD055973/diann/20221018_EXPL11_Evo8_CovidRerun_Cohort1_Plate2_84	blood	Adipose tissue	0.0517
PXD055973	/public/conode53/AIRFLOW/temp/PXD055973/diann/20221018_EXPL11_Evo8_CovidRerun_Cohort1_Plate2_85	blood	Adipose tissue	0.0583
PXD055973	/public/conode53/AIRFLOW/temp/PXD055973/diann/20221018_EXPL11_Evo8_CovidRerun_Cohort1_Plate2_86	blood	Adipose tissue	0.0611
PXD055973	/public/conode53/AIRFLOW/temp/PXD055973/diann/20221018_EXPL11_Evo8_CovidRerun_Cohort1_Plate2_87	blood	Adipose tissue	0.0575
PXD055973	/public/conode53/AIRFLOW/temp/PXD055973/diann/20221018_EXPL11_Evo8_CovidRerun_Cohort1_Plate2_88	blood	Adipose tissue	0.0553
PXD055973	/public/conode53/AIRFLOW/temp/PXD055973/diann/20221018_EXPL11_Evo8_CovidRerun_Cohort1_Plate2_89	blood	Adipose tissue	0.0684
PXD055973	/public/conode53/AIRFLOW/temp/PXD055973/diann/20221018_EXPL11_Evo8_CovidRerun_Cohort1_Plate2_90	blood	Adipose tissue	0.0812
PXD055973	/public/conode53/AIRFLOW/temp/PXD055973/diann/20221018_EXPL11_Evo8_CovidRerun_Cohort1_Plate2_91	blood	Tonsil	0.0393
PXD055973	/public/conode53/AIRFLOW/temp/PXD055973/diann/20221018_EXPL11_Evo8_CovidRerun_Cohort1_Plate2_92	blood	Adipose tissue	0.0754
PXD055973	/public/conode53/AIRFLOW/temp/PXD055973/diann/20221018_EXPL11_Evo8_CovidRerun_Cohort1_Plate2_93	blood	Adipose tissue	0.0596
PXD055973	/public/conode53/AIRFLOW/temp/PXD055973/diann/20221018_EXPL11_Evo8_CovidRerun_Cohort1_Plate2_HD-2188	blood	Adipose tissue	0.0415
PXD055973	/public/conode53/AIRFLOW/temp/PXD055973/diann/20221018_EXPL11_Evo8_CovidRerun_Cohort1_Plate2_HD-2189	blood	Adipose tissue	0.0428
PXD055973	/public/conode53/AIRFLOW/temp/PXD055973/diann/20221018_EXPL11_Evo8_CovidRerun_Cohort1_Plate2_HD-2190	blood	Adipose tissue	0.0548
PXD055973	/public/conode53/AIRFLOW/temp/PXD055973/diann/20221018_EXPL11_Evo8_CovidRerun_Cohort1_Plate2_HD-2191	blood	Adipose tissue	0.0529
PXD055973	/public/conode53/AIRFLOW/temp/PXD055973/diann/20221018_EXPL11_Evo8_CovidRerun_Cohort1_Plate2_HD-2192	blood	Adipose tissue	0.0466
PXD055973	/public/conode53/AIRFLOW/temp/PXD055973/diann/20221018_EXPL11_Evo8_CovidRerun_Cohort1_Plate2_HD-2193	blood	Adipose tissue	0.0724
PXD055973	/public/conode53/AIRFLOW/temp/PXD055973/diann/20221018_EXPL11_Evo8_CovidRerun_Cohort1_Plate2_HD-2194	blood	Adipose tissue	0.0437
PXD055973	/public/conode53/AIRFLOW/temp/PXD055973/diann/20221018_EXPL11_Evo8_CovidRerun_Cohort1_Plate2_HD-2195	blood	Adipose tissue	0.0446
PXD055973	/public/conode53/AIRFLOW/temp/PXD055973/diann/20221018_EXPL11_Evo8_CovidRerun_Cohort1_Plate2_HD-2196	blood	Skeletal muscle	0.0396
PXD055973	/public/conode53/AIRFLOW/temp/PXD055973/diann/20221018_EXPL11_Evo8_CovidRerun_Cohort1_Plate2_HD-2634	blood	Adipose tissue	0.048
PXD055973	/public/conode53/AIRFLOW/temp/PXD055973/diann/20221018_EXPL11_Evo8_CovidRerun_Cohort1_Plate2_HD-2635	blood	Adipose tissue	0.0483
PXD055973	/public/conode53/AIRFLOW/temp/PXD055973/diann/20221018_EXPL11_Evo8_CovidRerun_Cohort1_Plate2_HD-2636	blood	Adipose tissue	0.0625
PXD055973	/public/conode53/AIRFLOW/temp/PXD055973/diann/20221018_EXPL11_Evo8_CovidRerun_Cohort1_Plate3_105	blood	Adipose tissue	0.0673
PXD055973	/public/conode53/AIRFLOW/temp/PXD055973/diann/20221018_EXPL11_Evo8_CovidRerun_Cohort1_Plate3_106	blood	Adipose tissue	0.0495
PXD055973	/public/conode53/AIRFLOW/temp/PXD055973/diann/20221018_EXPL11_Evo8_CovidRerun_Cohort1_Plate3_107	blood	Adipose tissue	0.0478
PXD055973	/public/conode53/AIRFLOW/temp/PXD055973/diann/20221018_EXPL11_Evo8_CovidRerun_Cohort1_Plate3_108	blood	Placenta	0.0979
PXD055973	/public/conode53/AIRFLOW/temp/PXD055973/diann/20221018_EXPL11_Evo8_CovidRerun_Cohort1_Plate3_109	blood	Adipose tissue	0.0489
PXD055973	/public/conode53/AIRFLOW/temp/PXD055973/diann/20221018_EXPL11_Evo8_CovidRerun_Cohort1_Plate3_110	blood	Adipose tissue	0.0523
PXD055973	/public/conode53/AIRFLOW/temp/PXD055973/diann/20221018_EXPL11_Evo8_CovidRerun_Cohort1_Plate3_111	blood	Appendix	0.0437
PXD055973	/public/conode53/AIRFLOW/temp/PXD055973/diann/20221018_EXPL11_Evo8_CovidRerun_Cohort1_Plate3_112	blood	Adipose tissue	0.066
PXD055973	/public/conode53/AIRFLOW/temp/PXD055973/diann/20221018_EXPL11_Evo8_CovidRerun_Cohort1_Plate3_113	blood	Adipose tissue	0.058
PXD055973	/public/conode53/AIRFLOW/temp/PXD055973/diann/20221018_EXPL11_Evo8_CovidRerun_Cohort1_Plate3_114	blood	Placenta	0.0445
PXD055973	/public/conode53/AIRFLOW/temp/PXD055973/diann/20221018_EXPL11_Evo8_CovidRerun_Cohort1_Plate3_115	blood	Adipose tissue	0.0692
PXD055973	/public/conode53/AIRFLOW/temp/PXD055973/diann/20221018_EXPL11_Evo8_CovidRerun_Cohort1_Plate3_116	blood	Adipose tissue	0.049
PXD055973	/public/conode53/AIRFLOW/temp/PXD055973/diann/20221018_EXPL11_Evo8_CovidRerun_Cohort1_Plate3_117	blood	Adipose tissue	0.0664
PXD055973	/public/conode53/AIRFLOW/temp/PXD055973/diann/20221018_EXPL11_Evo8_CovidRerun_Cohort1_Plate3_119	blood	Adipose tissue	0.0525
PXD055973	/public/conode53/AIRFLOW/temp/PXD055973/diann/20221018_EXPL11_Evo8_CovidRerun_Cohort1_Plate3_120	blood	Adipose tissue	0.0477
PXD055973	/public/conode53/AIRFLOW/temp/PXD055973/diann/20221018_EXPL11_Evo8_CovidRerun_Cohort1_Plate3_121	blood	Adipose tissue	0.0515
PXD055973	/public/conode53/AIRFLOW/temp/PXD055973/diann/20221018_EXPL11_Evo8_CovidRerun_Cohort1_Plate3_122	blood	Adipose tissue	0.0525
PXD055973	/public/conode53/AIRFLOW/temp/PXD055973/diann/20221018_EXPL11_Evo8_CovidRerun_Cohort1_Plate3_124	blood	Adipose tissue	0.0502
PXD055973	/public/conode53/AIRFLOW/temp/PXD055973/diann/20221018_EXPL11_Evo8_CovidRerun_Cohort1_Plate3_125	blood	Adipose tissue	0.0657
PXD055973	/public/conode53/AIRFLOW/temp/PXD055973/diann/20221018_EXPL11_Evo8_CovidRerun_Cohort1_Plate3_126	blood	Adipose tissue	0.0468
PXD055973	/public/conode53/AIRFLOW/temp/PXD055973/diann/20221018_EXPL11_Evo8_CovidRerun_Cohort1_Plate3_127	blood	Adipose tissue	0.0535
PXD055973	/public/conode53/AIRFLOW/temp/PXD055973/diann/20221018_EXPL11_Evo8_CovidRerun_Cohort1_Plate3_128	blood	Adipose tissue	0.0571
PXD055973	/public/conode53/AIRFLOW/temp/PXD055973/diann/20221018_EXPL11_Evo8_CovidRerun_Cohort1_Plate3_129	blood	Adipose tissue	0.0561
PXD055973	/public/conode53/AIRFLOW/temp/PXD055973/diann/20221018_EXPL11_Evo8_CovidRerun_Cohort1_Plate3_130	blood	Adipose tissue	0.043
PXD055973	/public/conode53/AIRFLOW/temp/PXD055973/diann/20221018_EXPL11_Evo8_CovidRerun_Cohort1_Plate3_131	blood	Adipose tissue	0.0512
PXD055973	/public/conode53/AIRFLOW/temp/PXD055973/diann/20221018_EXPL11_Evo8_CovidRerun_Cohort1_Plate3_132	blood	Adipose tissue	0.0514
PXD055973	/public/conode53/AIRFLOW/temp/PXD055973/diann/20221018_EXPL11_Evo8_CovidRerun_Cohort1_Plate3_133	blood	Adipose tissue	0.0717
PXD055973	/public/conode53/AIRFLOW/temp/PXD055973/diann/20221018_EXPL11_Evo8_CovidRerun_Cohort1_Plate3_134	blood	Adipose tissue	0.0583
PXD055973	/public/conode53/AIRFLOW/temp/PXD055973/diann/20221018_EXPL11_Evo8_CovidRerun_Cohort1_Plate3_135	blood	Adipose tissue	0.0534
PXD055973	/public/conode53/AIRFLOW/temp/PXD055973/diann/20221018_EXPL11_Evo8_CovidRerun_Cohort1_Plate3_136	blood	Adipose tissue	0.0492
PXD055973	/public/conode53/AIRFLOW/temp/PXD055973/diann/20221018_EXPL11_Evo8_CovidRerun_Cohort1_Plate3_137	blood	Adipose tissue	0.0715
PXD055973	/public/conode53/AIRFLOW/temp/PXD055973/diann/20221018_EXPL11_Evo8_CovidRerun_Cohort1_Plate3_138	blood	Adipose tissue	0.0515
PXD055973	/public/conode53/AIRFLOW/temp/PXD055973/diann/20221018_EXPL11_Evo8_CovidRerun_Cohort1_Plate3_139	blood	Adipose tissue	0.0684
PXD055973	/public/conode53/AIRFLOW/temp/PXD055973/diann/20221018_EXPL11_Evo8_CovidRerun_Cohort1_Plate3_140	blood	Adipose tissue	0.053
PXD055973	/public/conode53/AIRFLOW/temp/PXD055973/diann/20221018_EXPL11_Evo8_CovidRerun_Cohort1_Plate3_141	blood	Adipose tissue	0.0844
PXD055973	/public/conode53/AIRFLOW/temp/PXD055973/diann/20221018_EXPL11_Evo8_CovidRerun_Cohort1_Plate3_142	blood	Adipose tissue	0.0547
PXD055973	/public/conode53/AIRFLOW/temp/PXD055973/diann/20221018_EXPL11_Evo8_CovidRerun_Cohort1_Plate3_143	blood	Placenta	0.0534
PXD055973	/public/conode53/AIRFLOW/temp/PXD055973/diann/20221018_EXPL11_Evo8_CovidRerun_Cohort1_Plate3_144	blood	Adipose tissue	0.0605
PXD055973	/public/conode53/AIRFLOW/temp/PXD055973/diann/20221018_EXPL11_Evo8_CovidRerun_Cohort1_Plate3_145	blood	Adipose tissue	0.0637
PXD055973	/public/conode53/AIRFLOW/temp/PXD055973/diann/20221018_EXPL11_Evo8_CovidRerun_Cohort1_Plate3_94	blood	Adipose tissue	0.0595
PXD055973	/public/conode53/AIRFLOW/temp/PXD055973/diann/20221018_EXPL11_Evo8_CovidRerun_Cohort1_Plate3_95	blood	Adipose tissue	0.0624
PXD055973	/public/conode53/AIRFLOW/temp/PXD055973/diann/20221018_EXPL11_Evo8_CovidRerun_Cohort1_Plate3_97	blood	Adipose tissue	0.0748
PXD055973	/public/conode53/AIRFLOW/temp/PXD055973/diann/20221018_EXPL11_Evo8_CovidRerun_Cohort1_Plate3_98	blood	Adipose tissue	0.0419
PXD055973	/public/conode53/AIRFLOW/temp/PXD055973/diann/20221018_EXPL11_Evo8_CovidRerun_Cohort1_Plate3_99	blood	Adipose tissue	0.0732
PXD055973	/public/conode53/AIRFLOW/temp/PXD055973/diann/20221018_EXPL11_Evo8_CovidRerun_Cohort1_Plate3_HD-2637	blood	Adipose tissue	0.0511
PXD055973	/public/conode53/AIRFLOW/temp/PXD055973/diann/20221018_EXPL11_Evo8_CovidRerun_Cohort1_Plate3_HD-2638	blood	Adipose tissue	0.0605
PXD055973	/public/conode53/AIRFLOW/temp/PXD055973/diann/20221018_EXPL11_Evo8_CovidRerun_Cohort1_Plate3_HD-2639	blood	Lung	0.0423
PXD055973	/public/conode53/AIRFLOW/temp/PXD055973/diann/20221018_EXPL11_Evo8_CovidRerun_Cohort1_Plate3_HD-2640	blood	Adipose tissue	0.0518
PXD055973	/public/conode53/AIRFLOW/temp/PXD055973/diann/20221018_EXPL11_Evo8_CovidRerun_Cohort1_Plate3_HD-2641	blood	Appendix	0.0407
PXD055973	/public/conode53/AIRFLOW/temp/PXD055973/diann/20221018_EXPL11_Evo8_CovidRerun_Cohort1_Plate3_HD-2642	blood	Lung	0.0405
PXD055973	/public/conode53/AIRFLOW/temp/PXD055973/diann/20221018_EXPL11_Evo8_CovidRerun_Cohort1_Plate3_HD-2643	blood	Adipose tissue	0.0588
PXD055973	/public/conode53/AIRFLOW/temp/PXD055973/diann/20221018_EXPL11_Evo8_CovidRerun_Cohort1_Plate3_HD-3031	blood	Adipose tissue	0.0585
PXD055973	/public/conode53/AIRFLOW/temp/PXD055973/diann/20221018_EXPL11_Evo8_CovidRerun_Cohort1_Plate3_HD-3032	blood	Adipose tissue	0.0632
PXD055973	/public/conode53/AIRFLOW/temp/PXD055973/diann/20221018_EXPL11_Evo8_CovidRerun_Cohort1_Plate3_HD-3033	blood	Adipose tissue	0.0505
PXD055973	/public/conode53/AIRFLOW/temp/PXD055973/diann/20221018_EXPL11_Evo8_CovidRerun_Cohort1_Plate3_HD-3034	blood	Adipose tissue	0.0486
PXD055973	/public/conode53/AIRFLOW/temp/PXD055973/diann/20221018_EXPL11_Evo8_CovidRerun_Cohort1_Plate3_HD-3035	blood	Adipose tissue	0.0693
PXD055973	/public/conode53/AIRFLOW/temp/PXD055973/diann/20221018_EXPL11_Evo8_CovidRerun_Cohort1_Plate3_HD-3036	blood	Adipose tissue	0.0469
PXD055973	/public/conode53/AIRFLOW/temp/PXD055973/diann/20221018_EXPL11_Evo8_CovidRerun_Cohort1_Plate3_HD-3037	blood	Adipose tissue	0.0573
PXD055973	/public/conode53/AIRFLOW/temp/PXD055973/diann/20221018_EXPL11_Evo8_CovidRerun_Cohort1_Plate3_HD-3038	blood	Appendix	0.0432
PXD055973	/public/conode53/AIRFLOW/temp/PXD055973/diann/20221018_EXPL11_Evo8_CovidRerun_Cohort1_Plate4_HD-3039	blood	Lung	0.0445
PXD055973	/public/conode53/AIRFLOW/temp/PXD055973/diann/20221018_EXPL11_Evo8_CovidRerun_Cohort1_Plate4_HD-3040	blood	Adipose tissue	0.0601
PXD055973	/public/conode53/AIRFLOW/temp/PXD055973/diann/20221018_EXPL11_Evo8_CovidRerun_Cohort2_Plate1_12	blood	Adipose tissue	0.0752
PXD055973	/public/conode53/AIRFLOW/temp/PXD055973/diann/20221018_EXPL11_Evo8_CovidRerun_Cohort2_Plate1_14	blood	Adipose tissue	0.0554
PXD055973	/public/conode53/AIRFLOW/temp/PXD055973/diann/20221018_EXPL11_Evo8_CovidRerun_Cohort2_Plate1_15	blood	Adipose tissue	0.0652
PXD055973	/public/conode53/AIRFLOW/temp/PXD055973/diann/20221018_EXPL11_Evo8_CovidRerun_Cohort2_Plate1_16	blood	Adipose tissue	0.0691
PXD055973	/public/conode53/AIRFLOW/temp/PXD055973/diann/20221018_EXPL11_Evo8_CovidRerun_Cohort2_Plate1_18	blood	Adipose tissue	0.065
PXD055973	/public/conode53/AIRFLOW/temp/PXD055973/diann/20221018_EXPL11_Evo8_CovidRerun_Cohort2_Plate1_21	blood	Adipose tissue	0.0578
PXD055973	/public/conode53/AIRFLOW/temp/PXD055973/diann/20221018_EXPL11_Evo8_CovidRerun_Cohort2_Plate1_22	blood	Tonsil	0.039
PXD055973	/public/conode53/AIRFLOW/temp/PXD055973/diann/20221018_EXPL11_Evo8_CovidRerun_Cohort2_Plate1_25	blood	Adipose tissue	0.0766
PXD055973	/public/conode53/AIRFLOW/temp/PXD055973/diann/20221018_EXPL11_Evo8_CovidRerun_Cohort2_Plate1_26	blood	Adipose tissue	0.0772
PXD055973	/public/conode53/AIRFLOW/temp/PXD055973/diann/20221018_EXPL11_Evo8_CovidRerun_Cohort2_Plate1_27	blood	Adipose tissue	0.0642
PXD055973	/public/conode53/AIRFLOW/temp/PXD055973/diann/20221018_EXPL11_Evo8_CovidRerun_Cohort2_Plate1_28	blood	Adipose tissue	0.0855
PXD055973	/public/conode53/AIRFLOW/temp/PXD055973/diann/20221018_EXPL11_Evo8_CovidRerun_Cohort2_Plate1_39	blood	Adipose tissue	0.076
PXD055973	/public/conode53/AIRFLOW/temp/PXD055973/diann/20221018_EXPL11_Evo8_CovidRerun_Cohort2_Plate1_40	blood	Adipose tissue	0.0861
PXD055973	/public/conode53/AIRFLOW/temp/PXD055973/diann/20221018_EXPL11_Evo8_CovidRerun_Cohort2_Plate1_45	blood	Adipose tissue	0.068
PXD055973	/public/conode53/AIRFLOW/temp/PXD055973/diann/20221018_EXPL11_Evo8_CovidRerun_Cohort2_Plate1_53	blood	Adipose tissue	0.061
PXD055973	/public/conode53/AIRFLOW/temp/PXD055973/diann/20221018_EXPL11_Evo8_CovidRerun_Cohort2_Plate1_54	blood	Adipose tissue	0.0505
PXD055973	/public/conode53/AIRFLOW/temp/PXD055973/diann/20221018_EXPL11_Evo8_CovidRerun_Cohort2_Plate1_55	blood	Adipose tissue	0.0824
PXD055973	/public/conode53/AIRFLOW/temp/PXD055973/diann/20221018_EXPL11_Evo8_CovidRerun_Cohort2_Plate1_6	blood	Adipose tissue	0.0633
PXD055973	/public/conode53/AIRFLOW/temp/PXD055973/diann/20221018_EXPL11_Evo8_CovidRerun_Cohort2_Plate1_60	blood	Adipose tissue	0.0692
PXD055973	/public/conode53/AIRFLOW/temp/PXD055973/diann/20221018_EXPL11_Evo8_CovidRerun_Cohort2_Plate1_61	blood	Adipose tissue	0.0806
PXD055973	/public/conode53/AIRFLOW/temp/PXD055973/diann/20221018_EXPL11_Evo8_CovidRerun_Cohort2_Plate1_67	blood	Adipose tissue	0.0769
PXD055973	/public/conode53/AIRFLOW/temp/PXD055973/diann/20221018_EXPL11_Evo8_CovidRerun_Cohort2_Plate1_69	blood	Adipose tissue	0.0599
PXD055973	/public/conode53/AIRFLOW/temp/PXD055973/diann/20221018_EXPL11_Evo8_CovidRerun_Cohort2_Plate1_71	blood	Adipose tissue	0.0754
PXD055973	/public/conode53/AIRFLOW/temp/PXD055973/diann/20221018_EXPL11_Evo8_CovidRerun_Cohort2_Plate1_72	blood	Adipose tissue	0.0595
PXD055973	/public/conode53/AIRFLOW/temp/PXD055973/diann/20221018_EXPL11_Evo8_CovidRerun_Cohort2_Plate1_78	blood	Adipose tissue	0.0792
PXD055973	/public/conode53/AIRFLOW/temp/PXD055973/diann/20221018_EXPL11_Evo8_CovidRerun_Cohort2_Plate2_102	blood	Lymph node	0.0415
PXD055973	/public/conode53/AIRFLOW/temp/PXD055973/diann/20221018_EXPL11_Evo8_CovidRerun_Cohort2_Plate2_105	blood	Adipose tissue	0.0695
PXD055973	/public/conode53/AIRFLOW/temp/PXD055973/diann/20221018_EXPL11_Evo8_CovidRerun_Cohort2_Plate2_108	blood	Adipose tissue	0.0799
PXD055973	/public/conode53/AIRFLOW/temp/PXD055973/diann/20221018_EXPL11_Evo8_CovidRerun_Cohort2_Plate2_110	blood	Adipose tissue	0.0768
PXD055973	/public/conode53/AIRFLOW/temp/PXD055973/diann/20221018_EXPL11_Evo8_CovidRerun_Cohort2_Plate2_112	blood	Adipose tissue	0.0566
PXD055973	/public/conode53/AIRFLOW/temp/PXD055973/diann/20221018_EXPL11_Evo8_CovidRerun_Cohort2_Plate2_113	blood	Adipose tissue	0.075
PXD055973	/public/conode53/AIRFLOW/temp/PXD055973/diann/20221018_EXPL11_Evo8_CovidRerun_Cohort2_Plate2_114	blood	Adipose tissue	0.0822
PXD055973	/public/conode53/AIRFLOW/temp/PXD055973/diann/20221018_EXPL11_Evo8_CovidRerun_Cohort2_Plate2_115	blood	Adipose tissue	0.0592
PXD055973	/public/conode53/AIRFLOW/temp/PXD055973/diann/20221018_EXPL11_Evo8_CovidRerun_Cohort2_Plate2_119	blood	Adipose tissue	0.0495
PXD055973	/public/conode53/AIRFLOW/temp/PXD055973/diann/20221018_EXPL11_Evo8_CovidRerun_Cohort2_Plate2_120	blood	Adipose tissue	0.0565
PXD055973	/public/conode53/AIRFLOW/temp/PXD055973/diann/20221018_EXPL11_Evo8_CovidRerun_Cohort2_Plate2_121	blood	Adipose tissue	0.0814
PXD055973	/public/conode53/AIRFLOW/temp/PXD055973/diann/20221018_EXPL11_Evo8_CovidRerun_Cohort2_Plate2_122	blood	Adipose tissue	0.08
PXD055973	/public/conode53/AIRFLOW/temp/PXD055973/diann/20221018_EXPL11_Evo8_CovidRerun_Cohort2_Plate2_135	blood	Adipose tissue	0.078
PXD055973	/public/conode53/AIRFLOW/temp/PXD055973/diann/20221018_EXPL11_Evo8_CovidRerun_Cohort2_Plate2_136	blood	Adipose tissue	0.0468
PXD055973	/public/conode53/AIRFLOW/temp/PXD055973/diann/20221018_EXPL11_Evo8_CovidRerun_Cohort2_Plate2_137	blood	Adipose tissue	0.0564
PXD055973	/public/conode53/AIRFLOW/temp/PXD055973/diann/20221018_EXPL11_Evo8_CovidRerun_Cohort2_Plate2_139	blood	Adipose tissue	0.0461
PXD055973	/public/conode53/AIRFLOW/temp/PXD055973/diann/20221018_EXPL11_Evo8_CovidRerun_Cohort2_Plate2_140	blood	Adipose tissue	0.0435
PXD055973	/public/conode53/AIRFLOW/temp/PXD055973/diann/20221018_EXPL11_Evo8_CovidRerun_Cohort2_Plate2_84	blood	Adipose tissue	0.0721
PXD055973	/public/conode53/AIRFLOW/temp/PXD055973/diann/20221018_EXPL11_Evo8_CovidRerun_Cohort2_Plate2_87	blood	Adipose tissue	0.0836
PXD055973	/public/conode53/AIRFLOW/temp/PXD055973/diann/20221018_EXPL11_Evo8_CovidRerun_Cohort2_Plate2_88	blood	Adipose tissue	0.0738
PXD055973	/public/conode53/AIRFLOW/temp/PXD055973/diann/20221018_EXPL11_Evo8_CovidRerun_Cohort2_Plate2_92	blood	Adipose tissue	0.0742
PXD055973	/public/conode53/AIRFLOW/temp/PXD055973/diann/20221018_EXPL11_Evo8_CovidRerun_Cohort2_Plate2_93	blood	Lung	0.0398
PXD055973	/public/conode53/AIRFLOW/temp/PXD055973/diann/20221018_EXPL11_Evo8_CovidRerun_Cohort2_Plate2_94	blood	Adipose tissue	0.0598
PXD055973	/public/conode53/AIRFLOW/temp/PXD055973/diann/20221018_EXPL11_Evo8_CovidRerun_Cohort2_Plate2_97	blood	Adipose tissue	0.054
PXD055973	/public/conode53/AIRFLOW/temp/PXD055973/diann/20221018_EXPL11_Evo8_CovidRerun_Cohort2_Plate2_99	blood	Adipose tissue	0.059
PXD055973	/public/conode53/AIRFLOW/temp/PXD055973/diann/20221018_EXPL11_Evo8_CovidRerun_Cohort2_Plate3_143	blood	Adipose tissue	0.0589
PXD055973	/public/conode53/AIRFLOW/temp/PXD055973/diann/20221018_EXPL11_Evo8_CovidRerun_Cohort2_Plate3_145	blood	Adipose tissue	0.047
PXD055973	/public/conode53/AIRFLOW/temp/PXD055973/diann/20221018_EXPL11_Evo8_CovidRerun_Cohort2_Plate3_146	blood	Adipose tissue	0.0447
PXD055973	/public/conode53/AIRFLOW/temp/PXD055973/diann/20221018_EXPL11_Evo8_CovidRerun_Cohort2_Plate3_148	blood	Adipose tissue	0.0455
PXD055973	/public/conode53/AIRFLOW/temp/PXD055973/diann/20221018_EXPL11_Evo8_CovidRerun_Cohort2_Plate3_152	blood	Testis	0.0448
PXD055973	/public/conode53/AIRFLOW/temp/PXD055973/diann/20221018_EXPL11_Evo8_CovidRerun_Cohort2_Plate3_153	blood	Adipose tissue	0.0663
PXD055973	/public/conode53/AIRFLOW/temp/PXD055973/diann/20221018_EXPL11_Evo8_CovidRerun_Cohort2_Plate3_156	blood	Adipose tissue	0.0589
PXD055973	/public/conode53/AIRFLOW/temp/PXD055973/diann/20221018_EXPL11_Evo8_CovidRerun_Cohort2_Plate3_157	blood	Adipose tissue	0.0604
PXD055973	/public/conode53/AIRFLOW/temp/PXD055973/diann/20221018_EXPL11_Evo8_CovidRerun_Cohort2_Plate3_158	blood	Adipose tissue	0.0483
PXD055973	/public/conode53/AIRFLOW/temp/PXD055973/diann/20221018_EXPL11_Evo8_CovidRerun_Cohort2_Plate3_160	blood	Adipose tissue	0.058
PXD055973	/public/conode53/AIRFLOW/temp/PXD055973/diann/20221018_EXPL11_Evo8_CovidRerun_Cohort2_Plate3_162	blood	Adipose tissue	0.0691
PXD055973	/public/conode53/AIRFLOW/temp/PXD055973/diann/20221018_EXPL11_Evo8_CovidRerun_Cohort2_Plate3_165	blood	Adipose tissue	0.0601
PXD055973	/public/conode53/AIRFLOW/temp/PXD055973/diann/20221018_EXPL11_Evo8_CovidRerun_Cohort2_Plate3_167	blood	Adipose tissue	0.057
PXD055973	/public/conode53/AIRFLOW/temp/PXD055973/diann/20221018_EXPL11_Evo8_CovidRerun_Cohort2_Plate3_173	blood	Adipose tissue	0.0701
PXD055973	/public/conode53/AIRFLOW/temp/PXD055973/diann/20221018_EXPL11_Evo8_CovidRerun_Cohort2_Plate3_174	blood	Adipose tissue	0.0692
PXD055973	/public/conode53/AIRFLOW/temp/PXD055973/diann/20221018_EXPL11_Evo8_CovidRerun_Cohort2_Plate3_179	blood	Adipose tissue	0.0541
PXD055973	/public/conode53/AIRFLOW/temp/PXD055973/diann/20221018_EXPL11_Evo8_CovidRerun_Cohort2_Plate3_184	blood	Adipose tissue	0.0644
PXD055973	/public/conode53/AIRFLOW/temp/PXD055973/diann/20221018_EXPL11_Evo8_CovidRerun_Cohort2_Plate3_185	blood	Adipose tissue	0.0525
PXD055973	/public/conode53/AIRFLOW/temp/PXD055973/diann/20221018_EXPL11_Evo8_CovidRerun_Cohort2_Plate3_187	blood	Adipose tissue	0.0486
PXD055973	/public/conode53/AIRFLOW/temp/PXD055973/diann/20221018_EXPL11_Evo8_CovidRerun_Cohort2_Plate3_188	blood	Adipose tissue	0.0482
PXD055973	/public/conode53/AIRFLOW/temp/PXD055973/diann/20221018_EXPL11_Evo8_CovidRerun_Cohort2_Plate3_189	blood	Adipose tissue	0.0578
PXD055973	/public/conode53/AIRFLOW/temp/PXD055973/diann/20221018_EXPL11_Evo8_CovidRerun_Cohort2_Plate3_211	blood	Adipose tissue	0.0553
PXD055973	/public/conode53/AIRFLOW/temp/PXD055973/diann/20221018_EXPL11_Evo8_CovidRerun_Cohort2_Plate3_213	blood	Testis	0.0531
PXD055973	/public/conode53/AIRFLOW/temp/PXD055973/diann/20221018_EXPL11_Evo8_CovidRerun_Cohort2_Plate3_214	blood	Testis	0.056
PXD055973	/public/conode53/AIRFLOW/temp/PXD055973/diann/20221018_EXPL11_Evo8_CovidRerun_Cohort2_Plate3_215	blood	Adipose tissue	0.0625
PXD055973	/public/conode53/AIRFLOW/temp/PXD055973/diann/20221018_EXPL11_Evo8_CovidRerun_Cohort2_Plate3_216	blood	Adipose tissue	0.0519
PXD055973	/public/conode53/AIRFLOW/temp/PXD055973/diann/20221018_EXPL11_Evo8_CovidRerun_Cohort2_Plate3_217	blood	Adipose tissue	0.078
PXD055973	/public/conode53/AIRFLOW/temp/PXD055973/diann/20221018_EXPL11_Evo8_CovidRerun_Cohort2_Plate3_218	blood	Adipose tissue	0.0579
PXD055973	/public/conode53/AIRFLOW/temp/PXD055973/diann/20221018_EXPL11_Evo8_CovidRerun_Cohort2_Plate4_219	blood	Adipose tissue	0.0509
PXD055973	/public/conode53/AIRFLOW/temp/PXD055973/diann/20221018_EXPL11_Evo8_CovidRerun_Cohort2_Plate4_231	blood	Adipose tissue	0.0603
PXD055973	/public/conode53/AIRFLOW/temp/PXD055973/diann/20221018_EXPL11_Evo8_CovidRerun_Cohort_Plate1_Empty	blood	Testis	0.0438
PXD055973	/public/conode53/AIRFLOW/temp/PXD055973/diann/20221018_EXPL11_Evo8_CovidRerun_Cohort_Plate1_Empty_20221019020025	blood	Skeletal muscle	0.0389
PXD055973	/public/conode53/AIRFLOW/temp/PXD055973/diann/20221018_EXPL11_Evo8_CovidRerun_Cohort_Plate1_Empty_20221019064512	blood	Testis	0.0508
PXD055973	/public/conode53/AIRFLOW/temp/PXD055973/diann/20221018_EXPL11_Evo8_CovidRerun_Cohort_Plate1_Empty_20221019113001	blood	Skeletal muscle	0.0393
PXD055973	/public/conode53/AIRFLOW/temp/PXD055973/diann/20221018_EXPL11_Evo8_CovidRerun_Cohort_Plate1_Empty_20221019161448	blood	Testis	0.0502
PXD055973	/public/conode53/AIRFLOW/temp/PXD055973/diann/20221018_EXPL11_Evo8_CovidRerun_Cohort_Plate1_Empty_20221019205928	blood	Testis	0.0639
PXD055973	/public/conode53/AIRFLOW/temp/PXD055973/diann/20221018_EXPL11_Evo8_CovidRerun_Cohort_Plate1_Empty_20221020014417	blood	Skeletal muscle	0.039
PXD055973	/public/conode53/AIRFLOW/temp/PXD055973/diann/20221018_EXPL11_Evo8_CovidRerun_Cohort_Plate1_Empty_20221020062905	blood	Testis	0.0494
PXD055973	/public/conode53/AIRFLOW/temp/PXD055973/diann/20221018_EXPL11_Evo8_CovidRerun_Cohort_Plate1_SerumPool	blood	Adipose tissue	0.048
PXD055973	/public/conode53/AIRFLOW/temp/PXD055973/diann/20221018_EXPL11_Evo8_CovidRerun_Cohort_Plate2_Empty	blood	Testis	0.0485
PXD055973	/public/conode53/AIRFLOW/temp/PXD055973/diann/20221018_EXPL11_Evo8_CovidRerun_Cohort_Plate2_Empty_20221020155842	blood	Testis	0.0531
PXD055973	/public/conode53/AIRFLOW/temp/PXD055973/diann/20221018_EXPL11_Evo8_CovidRerun_Cohort_Plate2_Empty_20221020204333	blood	Testis	0.0557
PXD055973	/public/conode53/AIRFLOW/temp/PXD055973/diann/20221018_EXPL11_Evo8_CovidRerun_Cohort_Plate2_Empty_20221021012824	blood	Skeletal muscle	0.0385
PXD055973	/public/conode53/AIRFLOW/temp/PXD055973/diann/20221018_EXPL11_Evo8_CovidRerun_Cohort_Plate2_Empty_20221021061309	blood	Tonsil	0.0387
PXD055973	/public/conode53/AIRFLOW/temp/PXD055973/diann/20221018_EXPL11_Evo8_CovidRerun_Cohort_Plate2_Empty_20221021105755	blood	Skeletal muscle	0.0394
PXD055973	/public/conode53/AIRFLOW/temp/PXD055973/diann/20221018_EXPL11_Evo8_CovidRerun_Cohort_Plate2_Empty_20221021154244	blood	Skeletal muscle	0.0388
PXD055973	/public/conode53/AIRFLOW/temp/PXD055973/diann/20221018_EXPL11_Evo8_CovidRerun_Cohort_Plate2_Empty_20221021202734	blood	Testis	0.063
PXD055973	/public/conode53/AIRFLOW/temp/PXD055973/diann/20221018_EXPL11_Evo8_CovidRerun_Cohort_Plate2_SerumPool	blood	Adipose tissue	0.0583
PXD055973	/public/conode53/AIRFLOW/temp/PXD055973/diann/20221018_EXPL11_Evo8_CovidRerun_Cohort_Plate3_Empty	blood	Testis	0.0485
PXD055973	/public/conode53/AIRFLOW/temp/PXD055973/diann/20221018_EXPL11_Evo8_CovidRerun_Cohort_Plate3_Empty_20221022055714	blood	Testis	0.0555
PXD055973	/public/conode53/AIRFLOW/temp/PXD055973/diann/20221018_EXPL11_Evo8_CovidRerun_Cohort_Plate3_Empty_20221022104200	blood	Testis	0.0598
PXD055973	/public/conode53/AIRFLOW/temp/PXD055973/diann/20221018_EXPL11_Evo8_CovidRerun_Cohort_Plate3_Empty_20221022201144	blood	Testis	0.0573
PXD055973	/public/conode53/AIRFLOW/temp/PXD055973/diann/20221018_EXPL11_Evo8_CovidRerun_Cohort_Plate3_Empty_20221023005632	blood	Testis	0.0538
PXD055973	/public/conode53/AIRFLOW/temp/PXD055973/diann/20221018_EXPL11_Evo8_CovidRerun_Cohort_Plate3_Empty_20221023054121	blood	Testis	0.0559
PXD055973	/public/conode53/AIRFLOW/temp/PXD055973/diann/20221018_EXPL11_Evo8_CovidRerun_Cohort_Plate3_Empty_20221023102613	blood	Testis	0.0571
PXD055973	/public/conode53/AIRFLOW/temp/PXD055973/diann/20221018_EXPL11_Evo8_CovidRerun_Cohort_Plate3_SerumPool	blood	Adipose tissue	0.053
PXD055973	/public/conode53/AIRFLOW/temp/PXD055973/diann/20221018_EXPL11_Evo8_CovidRerun_Cohort_Plate4_Empty	blood	Liver	0.0394
PXD055973	/public/conode53/AIRFLOW/temp/PXD055973/diann/20221018_EXPL11_Evo8_CovidRerun_Cohort_Plate4_Empty_20221023120109	blood	Testis	0.0494
PXD055973	/public/conode53/AIRFLOW/temp/PXD055973/diann/20221018_EXPL11_Evo8_CovidRerun_Cohort_Plate4_Empty_20221023124838	blood	Testis	0.0405
PXD055973	/public/conode53/AIRFLOW/temp/PXD055973/diann/20221018_EXPL11_Evo8_CovidRerun_Cohort_Plate4_Empty_20221023133608	blood	Testis	0.0457
PXD055973	/public/conode53/AIRFLOW/temp/PXD055973/diann/20221018_EXPL11_Evo8_CovidRerun_Cohort_Plate4_Empty_20221023142337	blood	Testis	0.0618
PXD055973	/public/conode53/AIRFLOW/temp/PXD055973/diann/20221018_EXPL11_Evo8_CovidRerun_Cohort_Plate4_Empty_20221023153450	blood	Testis	0.0747
PXD055973	/public/conode53/AIRFLOW/temp/PXD055973/diann/20221018_EXPL11_Evo8_CovidRerun_Cohort_Plate4_SerumPool	blood	Adipose tissue	0.0493
PXD055973	N.Proteotypic.Sequences	blood	Adipose tissue	0.2045
PXD055973	N.Sequences	blood	Adipose tissue	0.1852
PXD057253	Sample_1_Replicate_1	blood	Adipose tissue	0.0824
PXD057253	Sample_1_Replicate_2	blood	Adipose tissue	0.0841
PXD057601	/public/conode53/AIRFLOW/temp/PXD057601/diann/Fresh_DIA_R1	semen	Prostate	0.2004
PXD057601	/public/conode53/AIRFLOW/temp/PXD057601/diann/Fresh_DIA_R2	semen	Prostate	0.1889
PXD057601	/public/conode53/AIRFLOW/temp/PXD057601/diann/Fresh_DIA_R3	semen	Prostate	0.1907
PXD057601	/public/conode53/AIRFLOW/temp/PXD057601/diann/Rapid_freezing_DIA_R1	semen	Prostate	0.1656
PXD057601	/public/conode53/AIRFLOW/temp/PXD057601/diann/Rapid_freezing_DIA_R2	semen	Prostate	0.1533
PXD057601	/public/conode53/AIRFLOW/temp/PXD057601/diann/Rapid_freezing_DIA_R3	semen	Prostate	0.277
PXD057601	/public/conode53/AIRFLOW/temp/PXD057601/diann/Vitrification_DIA_R1	semen	Testis	0.1621
PXD057601	/public/conode53/AIRFLOW/temp/PXD057601/diann/Vitrification_DIA_R2	semen	Testis	0.1741
PXD057601	/public/conode53/AIRFLOW/temp/PXD057601/diann/Vitrification_DIA_R3	semen	Testis	0.181
PXD057601	N.Proteotypic.Sequences	semen	Testis	0.3071
PXD057601	N.Sequences	semen	Testis	0.2912
PXD057842	/public/conode53/AIRFLOW/temp/PXD057842/diann/Tasso_RBC_EVs_E1_03	blood	Placenta	0.0448
PXD057842	/public/conode53/AIRFLOW/temp/PXD057842/diann/Tasso_RBC_EVs_E2_04	blood	Placenta	0.0451
PXD057842	/public/conode53/AIRFLOW/temp/PXD057842/diann/Tasso_RBC_EVs_E3_05	blood	Testis	0.0396
PXD057842	/public/conode53/AIRFLOW/temp/PXD057842/diann/Tasso_RBC_EVs_E4_06	blood	Testis	0.0414
PXD057842	/public/conode53/AIRFLOW/temp/PXD057842/diann/Tasso_RBC_EVs_E5_07	blood	Testis	0.0442
PXD057842	/public/conode53/AIRFLOW/temp/PXD057842/diann/Tasso_RBC_EVs_E6_08	blood	Testis	0.0417
PXD057842	/public/conode53/AIRFLOW/temp/PXD057842/diann/Tasso_RBC_EVs_N1_09	blood	Placenta	0.0451
PXD057842	/public/conode53/AIRFLOW/temp/PXD057842/diann/Tasso_RBC_EVs_N2_10	blood	Placenta	0.0452
PXD057842	/public/conode53/AIRFLOW/temp/PXD057842/diann/Tasso_RBC_EVs_N3_11	blood	Placenta	0.0459
PXD057842	/public/conode53/AIRFLOW/temp/PXD057842/diann/Tasso_RBC_EVs_N4_12	blood	Placenta	0.0467
PXD057842	/public/conode53/AIRFLOW/temp/PXD057842/diann/Tasso_RBC_EVs_N5_13	blood	Placenta	0.0463
PXD057842	/public/conode53/AIRFLOW/temp/PXD057842/diann/Tasso_RBC_EVs_N6_14	blood	Placenta	0.0457
PXD057842	/public/conode53/AIRFLOW/temp/PXD057842/diann/Tasso_RBC_EVs_R1_15	blood	Testis	0.0389
PXD057842	/public/conode53/AIRFLOW/temp/PXD057842/diann/Tasso_RBC_EVs_R2_16	blood	Placenta	0.0461
PXD057842	/public/conode53/AIRFLOW/temp/PXD057842/diann/Tasso_RBC_EVs_R3_17	blood	Placenta	0.0461
PXD057842	/public/conode53/AIRFLOW/temp/PXD057842/diann/Tasso_RBC_EVs_R4_18	blood	Skeletal muscle	0.038
PXD057842	/public/conode53/AIRFLOW/temp/PXD057842/diann/Tasso_RBC_EVs_R5_19	blood	Placenta	0.0461
PXD057842	/public/conode53/AIRFLOW/temp/PXD057842/diann/Tasso_RBC_EVs_R6_20	blood	Testis	0.0382
PXD057842	N.Proteotypic.Sequences	blood	Bone marrow	0.1286
PXD057842	N.Sequences	blood	Bone marrow	0.1186
PXD057848	/public/conode53/AIRFLOW/temp/PXD057848/diann/240400_Has_Post02	blood	Adipose tissue	0.0426
PXD057848	/public/conode53/AIRFLOW/temp/PXD057848/diann/240400_Has_Post03	blood	Adipose tissue	0.0529
PXD057848	/public/conode53/AIRFLOW/temp/PXD057848/diann/240400_Has_Post05	blood	Testis	0.0405
PXD057848	/public/conode53/AIRFLOW/temp/PXD057848/diann/240400_Has_Post06	blood	Testis	0.041
PXD057848	/public/conode53/AIRFLOW/temp/PXD057848/diann/240400_Has_Post08	blood	Adipose tissue	0.0532
PXD057848	/public/conode53/AIRFLOW/temp/PXD057848/diann/240400_Has_Post09	blood	Lymph node	0.0398
PXD057848	/public/conode53/AIRFLOW/temp/PXD057848/diann/240400_Has_Post14	blood	Testis	0.0434
PXD057848	/public/conode53/AIRFLOW/temp/PXD057848/diann/240400_Has_Post17	blood	Testis	0.059
PXD057848	/public/conode53/AIRFLOW/temp/PXD057848/diann/240400_Has_Post18	blood	Adipose tissue	0.0465
PXD057848	/public/conode53/AIRFLOW/temp/PXD057848/diann/240400_Has_Post25	blood	Testis	0.0514
PXD057848	/public/conode53/AIRFLOW/temp/PXD057848/diann/240400_Has_Post27	blood	Adipose tissue	0.0693
PXD057848	/public/conode53/AIRFLOW/temp/PXD057848/diann/240400_Has_Post28	blood	Ovary	0.0473
PXD057848	/public/conode53/AIRFLOW/temp/PXD057848/diann/240400_Has_Post29	blood	Testis	0.0515
PXD057848	/public/conode53/AIRFLOW/temp/PXD057848/diann/240400_Has_Post30	blood	B-cells	0.0416
PXD057848	/public/conode53/AIRFLOW/temp/PXD057848/diann/240400_Has_Post32	blood	Testis	0.0483
PXD057848	/public/conode53/AIRFLOW/temp/PXD057848/diann/240400_Has_Post37	blood	Lung	0.0401
PXD057848	/public/conode53/AIRFLOW/temp/PXD057848/diann/240400_Has_Post38	blood	Testis	0.0489
PXD057848	/public/conode53/AIRFLOW/temp/PXD057848/diann/240400_Has_Post40	blood	Testis	0.0416
PXD057848	/public/conode53/AIRFLOW/temp/PXD057848/diann/240400_Has_Post41	blood	Testis	0.0418
PXD057848	/public/conode53/AIRFLOW/temp/PXD057848/diann/240400_Has_Post42	blood	Adipose tissue	0.0638
PXD057848	/public/conode53/AIRFLOW/temp/PXD057848/diann/240400_Has_Post43	blood	Testis	0.0409
PXD057848	/public/conode53/AIRFLOW/temp/PXD057848/diann/240400_Has_Post44	blood	Lung	0.0481
PXD057848	/public/conode53/AIRFLOW/temp/PXD057848/diann/240400_Has_Post51	blood	Skeletal muscle	0.0392
PXD057848	/public/conode53/AIRFLOW/temp/PXD057848/diann/240400_Has_Post61	blood	Testis	0.0517
PXD057848	/public/conode53/AIRFLOW/temp/PXD057848/diann/240400_Has_Post62	blood	Lung	0.0471
PXD057848	/public/conode53/AIRFLOW/temp/PXD057848/diann/240400_Has_Pre02	blood	Adipose tissue	0.0442
PXD057848	/public/conode53/AIRFLOW/temp/PXD057848/diann/240400_Has_Pre03	blood	Adipose tissue	0.0575
PXD057848	/public/conode53/AIRFLOW/temp/PXD057848/diann/240400_Has_Pre05	blood	Testis	0.0448
PXD057848	/public/conode53/AIRFLOW/temp/PXD057848/diann/240400_Has_Pre06	blood	B-cells	0.0422
PXD057848	/public/conode53/AIRFLOW/temp/PXD057848/diann/240400_Has_Pre08	blood	Skeletal muscle	0.0399
PXD057848	/public/conode53/AIRFLOW/temp/PXD057848/diann/240400_Has_Pre09	blood	Adipose tissue	0.0443
PXD057848	/public/conode53/AIRFLOW/temp/PXD057848/diann/240400_Has_Pre14	blood	Adipose tissue	0.0455
PXD057848	/public/conode53/AIRFLOW/temp/PXD057848/diann/240400_Has_Pre17	blood	Lung	0.0411
PXD057848	/public/conode53/AIRFLOW/temp/PXD057848/diann/240400_Has_Pre18	blood	Adipose tissue	0.0565
PXD057848	/public/conode53/AIRFLOW/temp/PXD057848/diann/240400_Has_Pre25	blood	Testis	0.048
PXD057848	/public/conode53/AIRFLOW/temp/PXD057848/diann/240400_Has_Pre27	blood	Adipose tissue	0.0623
PXD057848	/public/conode53/AIRFLOW/temp/PXD057848/diann/240400_Has_Pre28	blood	Testis	0.0555
PXD057848	/public/conode53/AIRFLOW/temp/PXD057848/diann/240400_Has_Pre29	blood	Testis	0.0508
PXD057848	/public/conode53/AIRFLOW/temp/PXD057848/diann/240400_Has_Pre30	blood	Lung	0.0428
PXD057848	/public/conode53/AIRFLOW/temp/PXD057848/diann/240400_Has_Pre32	blood	Testis	0.048
PXD057848	/public/conode53/AIRFLOW/temp/PXD057848/diann/240400_Has_Pre37	blood	Skeletal muscle	0.0405
PXD057848	/public/conode53/AIRFLOW/temp/PXD057848/diann/240400_Has_Pre38	blood	Adipose tissue	0.0561
PXD057848	/public/conode53/AIRFLOW/temp/PXD057848/diann/240400_Has_Pre40	blood	Lymph node	0.0402
PXD057848	/public/conode53/AIRFLOW/temp/PXD057848/diann/240400_Has_Pre41	blood	Testis	0.042
PXD057848	/public/conode53/AIRFLOW/temp/PXD057848/diann/240400_Has_Pre42	blood	Testis	0.0407
PXD057848	/public/conode53/AIRFLOW/temp/PXD057848/diann/240400_Has_Pre43	blood	Testis	0.0414
PXD057848	/public/conode53/AIRFLOW/temp/PXD057848/diann/240400_Has_Pre44	blood	Adipose tissue	0.0481
PXD057848	/public/conode53/AIRFLOW/temp/PXD057848/diann/240400_Has_Pre51	blood	Lung	0.0412
PXD057848	/public/conode53/AIRFLOW/temp/PXD057848/diann/240400_Has_Pre61	blood	Testis	0.0585
PXD057848	/public/conode53/AIRFLOW/temp/PXD057848/diann/240400_Has_Pre62	blood	Adipose tissue	0.0575
PXD057848	N.Proteotypic.Sequences	blood	Adipose tissue	0.176
PXD057848	N.Sequences	blood	Adipose tissue	0.1509
PXD057968	Ind1_220823_Lysate_Control_1_30min	blood	Oviduct	0.1242
PXD057968	Ind1_220823_Lysate_Control_1_90min	blood	Oviduct	0.1187
PXD057968	Ind1_220823_Lysate_Control_2_30min	blood	Monocytes	0.159
PXD057968	Ind1_220823_Lysate_Control_2_90min	blood	Oviduct	0.1165
PXD057968	Ind1_220823_Lysate_Control_3_30min	blood	Monocytes	0.131
PXD057968	Ind1_220823_Lysate_Control_3_90min	blood	Monocytes	0.1816
PXD057968	Ind1_220823_Lysate_Control_4_30min	blood	Monocytes	0.1977
PXD057968	Ind1_220823_Lysate_Control_4_90min	blood	Monocytes	0.1674
PXD057968	Ind1_220823_Lysate_Ionomycin_1_30min	blood	Monocytes	0.1252
PXD057968	Ind1_220823_Lysate_Ionomycin_1_90min	blood	Monocytes	0.1533
PXD057968	Ind1_220823_Lysate_Ionomycin_2_30min	blood	Monocytes	0.1409
PXD057968	Ind1_220823_Lysate_Ionomycin_2_90min	blood	Monocytes	0.135
PXD057968	Ind1_220823_Lysate_Ionomycin_3_30min	blood	Monocytes	0.1476
PXD057968	Ind1_220823_Lysate_Ionomycin_3_90min	blood	Oviduct	0.1125
PXD057968	Ind1_220823_Lysate_Ionomycin_4_30min	blood	Oviduct	0.118
PXD057968	Ind1_220823_Lysate_Ionomycin_4_90min	blood	Monocytes	0.1795
PXD057968	Ind1_220823_Lysate_PMA_1_30min	blood	Monocytes	0.1803
PXD057968	Ind1_220823_Lysate_PMA_1_90min	blood	Monocytes	0.0916
PXD057968	Ind1_220823_Lysate_PMA_2_30min	blood	Monocytes	0.1626
PXD057968	Ind1_220823_Lysate_PMA_2_90min	blood	Monocytes	0.1348
PXD057968	Ind1_220823_Lysate_PMA_3_30min	blood	Monocytes	0.1645
PXD057968	Ind1_220823_Lysate_PMA_3_90min	blood	Monocytes	0.1788
PXD057968	Ind1_220823_Lysate_PMA_4_30min	blood	Monocytes	0.1029
PXD057968	Ind1_220823_Lysate_PMA_4_90min	blood	Monocytes	0.1525
PXD057968	Ind1_220823_Secretome_Control_1_30min	blood	Bone marrow	0.0935
PXD057968	Ind1_220823_Secretome_Control_1_90min	blood	Monocytes	0.2732
PXD057968	Ind1_220823_Secretome_Control_2_30min	blood	Monocytes	0.1274
PXD057968	Ind1_220823_Secretome_Control_2_90min	blood	Monocytes	0.1768
PXD057968	Ind1_220823_Secretome_Control_3_30min	blood	Bone marrow	0.11
PXD057968	Ind1_220823_Secretome_Control_3_90min	blood	Monocytes	0.1472
PXD057968	Ind1_220823_Secretome_Control_4_30min	blood	Monocytes	0.1289
PXD057968	Ind1_220823_Secretome_Control_4_90min	blood	Bone marrow	0.2644
PXD057968	Ind1_220823_Secretome_Ionomycin_1_30min	blood	Monocytes	0.1121
PXD057968	Ind1_220823_Secretome_Ionomycin_1_90min	blood	Monocytes	0.1608
PXD057968	Ind1_220823_Secretome_Ionomycin_2_30min	blood	Monocytes	0.1082
PXD057968	Ind1_220823_Secretome_Ionomycin_2_90min	blood	Monocytes	0.1779
PXD057968	Ind1_220823_Secretome_Ionomycin_3_30min	blood	Monocytes	0.1415
PXD057968	Ind1_220823_Secretome_Ionomycin_3_90min	blood	Monocytes	0.1592
PXD057968	Ind1_220823_Secretome_Ionomycin_4_30min	blood	Monocytes	0.1599
PXD057968	Ind1_220823_Secretome_Ionomycin_4_90min	blood	Monocytes	0.1327
PXD057968	Ind1_220823_Secretome_PMA_1_30min	blood	Monocytes	0.11
PXD057968	Ind1_220823_Secretome_PMA_1_90min	blood	Monocytes	0.1039
PXD057968	Ind1_220823_Secretome_PMA_2_30min	blood	Monocytes	0.0808
PXD057968	Ind1_220823_Secretome_PMA_2_90min	blood	Monocytes	0.1414
PXD057968	Ind1_220823_Secretome_PMA_3_30min	blood	Monocytes	0.103
PXD057968	Ind1_220823_Secretome_PMA_3_90min	blood	Bone marrow	0.1119
PXD057968	Ind1_220823_Secretome_PMA_4_30min	blood	Monocytes	0.084
PXD057968	Ind1_220823_Secretome_PMA_4_90min	blood	Monocytes	0.129
PXD057968	Ind2_220930_Lysate_Control_1_30min	blood	Monocytes	0.3992
PXD057968	Ind2_220930_Lysate_Control_1_90min	blood	Monocytes	0.3288
PXD057968	Ind2_220930_Lysate_Control_2_30min	blood	Monocytes	0.3617
PXD057968	Ind2_220930_Lysate_Control_2_90min	blood	Monocytes	0.3334
PXD057968	Ind2_220930_Lysate_Control_3_30min	blood	Monocytes	0.3176
PXD057968	Ind2_220930_Lysate_Control_3_90min	blood	Monocytes	0.3455
PXD057968	Ind2_220930_Lysate_Ionomycin_1_30min	blood	Monocytes	0.3505
PXD057968	Ind2_220930_Lysate_Ionomycin_1_90min	blood	Monocytes	0.3102
PXD057968	Ind2_220930_Lysate_Ionomycin_2_30min	blood	Monocytes	0.3959
PXD057968	Ind2_220930_Lysate_Ionomycin_2_90min	blood	Monocytes	0.4115
PXD057968	Ind2_220930_Lysate_Ionomycin_3_30min	blood	Monocytes	0.3354
PXD057968	Ind2_220930_Lysate_Ionomycin_3_90min	blood	Monocytes	0.3806
PXD057968	Ind2_220930_Lysate_PMA_1_30min	blood	Monocytes	0.3989
PXD057968	Ind2_220930_Lysate_PMA_1_90min	blood	Monocytes	0.3643
PXD057968	Ind2_220930_Lysate_PMA_2_30min	blood	Monocytes	0.3922
PXD057968	Ind2_220930_Lysate_PMA_2_90min	blood	Monocytes	0.4188
PXD057968	Ind2_220930_Lysate_PMA_3_30min	blood	Monocytes	0.2956
PXD057968	Ind2_220930_Lysate_PMA_3_90min	blood	Monocytes	0.4051
PXD057968	Ind2_220930_Secretome_Control_1_30min	blood	Monocytes	0.2064
PXD057968	Ind2_220930_Secretome_Control_1_90min	blood	Monocytes	0.2706
PXD057968	Ind2_220930_Secretome_Control_2_30min	blood	Monocytes	0.266
PXD057968	Ind2_220930_Secretome_Control_2_90min	blood	Monocytes	0.2936
PXD057968	Ind2_220930_Secretome_Control_3_30min	blood	Monocytes	0.1671
PXD057968	Ind2_220930_Secretome_Control_3_90min	blood	Monocytes	0.3293
PXD057968	Ind2_220930_Secretome_Ionomycin_1_30min	blood	Monocytes	0.2102
PXD057968	Ind2_220930_Secretome_Ionomycin_1_90min	blood	Monocytes	0.2979
PXD057968	Ind2_220930_Secretome_Ionomycin_2_30min	blood	Monocytes	0.186
PXD057968	Ind2_220930_Secretome_Ionomycin_2_90min	blood	Monocytes	0.2385
PXD057968	Ind2_220930_Secretome_Ionomycin_3_30min	blood	Monocytes	0.1821
PXD057968	Ind2_220930_Secretome_Ionomycin_3_90min	blood	Monocytes	0.1469
PXD057968	Ind2_220930_Secretome_PMA_1_30min	blood	Monocytes	0.1552
PXD057968	Ind2_220930_Secretome_PMA_1_90min	blood	Monocytes	0.1399
PXD057968	Ind2_220930_Secretome_PMA_2_30min	blood	Monocytes	0.1357
PXD057968	Ind2_220930_Secretome_PMA_2_90min	blood	Monocytes	0.1756
PXD057968	Ind2_220930_Secretome_PMA_3_30min	blood	Monocytes	0.1289
PXD057968	Ind2_220930_Secretome_PMA_3_90min	blood	Monocytes	0.1595
PXD057968	Ind3_221010_Lysate_Control_1_30min	blood	Monocytes	0.3918
PXD057968	Ind3_221010_Lysate_Control_1_90min	blood	Monocytes	0.3326
PXD057968	Ind3_221010_Lysate_Control_2_30min	blood	Monocytes	0.3838
PXD057968	Ind3_221010_Lysate_Control_3_30min	blood	Monocytes	0.4196
PXD057968	Ind3_221010_Lysate_Control_3_90min	blood	Monocytes	0.3288
PXD057968	Ind3_221010_Lysate_Ionomycin_1_30min	blood	Monocytes	0.4489
PXD057968	Ind3_221010_Lysate_Ionomycin_1_90min	blood	Monocytes	0.3497
PXD057968	Ind3_221010_Lysate_Ionomycin_2_30min	blood	Monocytes	0.3787
PXD057968	Ind3_221010_Lysate_Ionomycin_2_90min	blood	Monocytes	0.2968
PXD057968	Ind3_221010_Lysate_Ionomycin_3_30min	blood	Monocytes	0.395
PXD057968	Ind3_221010_Lysate_Ionomycin_3_90min	blood	Monocytes	0.3622
PXD057968	Ind3_221010_Lysate_PMA_1_30min	blood	Monocytes	0.3639
PXD057968	Ind3_221010_Lysate_PMA_1_90min	blood	Monocytes	0.4144
PXD057968	Ind3_221010_Lysate_PMA_2_30min	blood	Monocytes	0.4005
PXD057968	Ind3_221010_Lysate_PMA_2_90min	blood	Monocytes	0.3505
PXD057968	Ind3_221010_Lysate_PMA_3_30min	blood	Monocytes	0.4098
PXD057968	Ind3_221010_Lysate_PMA_3_90min	blood	Monocytes	0.2522
PXD057968	Ind3_221010_Secretome_Control_1_30min	blood	Monocytes	0.3188
PXD057968	Ind3_221010_Secretome_Control_1_90min	blood	Monocytes	0.3119
PXD057968	Ind3_221010_Secretome_Control_2_30min	blood	Monocytes	0.2054
PXD057968	Ind3_221010_Secretome_Control_2_90min	blood	Monocytes	0.3837
PXD057968	Ind3_221010_Secretome_Control_3_30min	blood	Monocytes	0.2143
PXD057968	Ind3_221010_Secretome_Control_3_90min	blood	Monocytes	0.3996
PXD057968	Ind3_221010_Secretome_Ionomycin_1_30min	blood	Monocytes	0.2142
PXD057968	Ind3_221010_Secretome_Ionomycin_1_90min	blood	Monocytes	0.3206
PXD057968	Ind3_221010_Secretome_Ionomycin_2_30min	blood	Monocytes	0.2051
PXD057968	Ind3_221010_Secretome_Ionomycin_2_90min	blood	Monocytes	0.2737
PXD057968	Ind3_221010_Secretome_Ionomycin_3_30min	blood	Monocytes	0.2423
PXD057968	Ind3_221010_Secretome_Ionomycin_3_90min	blood	Monocytes	0.2938
PXD057968	Ind3_221010_Secretome_PMA_1_30min	blood	Monocytes	0.2165
PXD057968	Ind3_221010_Secretome_PMA_1_90min	blood	Monocytes	0.2462
PXD057968	Ind3_221010_Secretome_PMA_2_30min	blood	Monocytes	0.1949
PXD057968	Ind3_221010_Secretome_PMA_2_90min	blood	Monocytes	0.2737
PXD057968	Ind3_221010_Secretome_PMA_3_30min	blood	Monocytes	0.1439
PXD057968	Ind3_221010_Secretome_PMA_3_90min	blood	Monocytes	0.2338
PXD058661	/public/conode53/AIRFLOW/temp/PXD058661/diann/AF4_I_A_Pro	blood	Bone marrow	0.0942
PXD058661	/public/conode53/AIRFLOW/temp/PXD058661/diann/AF4_I_B_Pro	blood	Bone marrow	0.0917
PXD058661	/public/conode53/AIRFLOW/temp/PXD058661/diann/AF4_Il_A_Pro	blood	Bone marrow	0.0939
PXD058661	/public/conode53/AIRFLOW/temp/PXD058661/diann/AF4_Il_B_Pro	blood	Bone marrow	0.0998
PXD058661	/public/conode53/AIRFLOW/temp/PXD058661/diann/AF4_Ill_A_Pro	blood	Bone marrow	0.0864
PXD058661	/public/conode53/AIRFLOW/temp/PXD058661/diann/AF4_Ill_B_Pro	blood	Bone marrow	0.0914
PXD058661	/public/conode53/AIRFLOW/temp/PXD058661/diann/DM_FY1	blood	Adipose tissue	0.0726
PXD058661	/public/conode53/AIRFLOW/temp/PXD058661/diann/DM_FY1_1	blood	Adipose tissue	0.0731
PXD058661	/public/conode53/AIRFLOW/temp/PXD058661/diann/DM_FY2_1_5V2	blood	Adipose tissue	0.0574
PXD058661	/public/conode53/AIRFLOW/temp/PXD058661/diann/DM_FY2_5V2	blood	Adipose tissue	0.0655
PXD058661	/public/conode53/AIRFLOW/temp/PXD058661/diann/DM_FY3_2_5V3	blood	Adipose tissue	0.074
PXD058661	/public/conode53/AIRFLOW/temp/PXD058661/diann/DM_FY3_5V3	blood	Adipose tissue	0.0741
PXD058661	/public/conode53/AIRFLOW/temp/PXD058661/diann/FY5V2_1	blood	Adipose tissue	0.1138
PXD058661	/public/conode53/AIRFLOW/temp/PXD058661/diann/FY5V2_2	blood	Adipose tissue	0.1011
PXD058661	/public/conode53/AIRFLOW/temp/PXD058661/diann/FY5V3_1	blood	Adipose tissue	0.1014
PXD058661	/public/conode53/AIRFLOW/temp/PXD058661/diann/FY5V3_2	blood	Adipose tissue	0.1165
PXD058661	/public/conode53/AIRFLOW/temp/PXD058661/diann/FY_1	blood	Adipose tissue	0.12
PXD058661	/public/conode53/AIRFLOW/temp/PXD058661/diann/FY_2	blood	Adipose tissue	0.1097
PXD058661	N.Proteotypic.Sequences	blood	Thyroid	0.1411
PXD058661	N.Sequences	blood	Thyroid	0.0975
PXD058882	/public/conode53/AIRFLOW/temp/PXD058882/diann/AFEVs2ndtrimester1	amniotic fluid	Duodenum	0.1566
PXD058882	/public/conode53/AIRFLOW/temp/PXD058882/diann/AFEVs2ndtrimester2	amniotic fluid	Small intestine	0.1433
PXD058882	/public/conode53/AIRFLOW/temp/PXD058882/diann/AFEVs2ndtrimester3	amniotic fluid	Duodenum	0.1295
PXD058882	/public/conode53/AIRFLOW/temp/PXD058882/diann/AFEVs2ndtrimester4	amniotic fluid	Esophagus	0.1261
PXD058882	/public/conode53/AIRFLOW/temp/PXD058882/diann/AFEVs2ndtrimester5	amniotic fluid	Duodenum	0.1834
PXD058882	/public/conode53/AIRFLOW/temp/PXD058882/diann/AFEVs2ndtrimester6	amniotic fluid	Ovary	0.1553
PXD058882	/public/conode53/AIRFLOW/temp/PXD058882/diann/AFEVsTerm1	amniotic fluid	Nasal Polyps	0.2158
PXD058882	/public/conode53/AIRFLOW/temp/PXD058882/diann/AFEVsTerm2	amniotic fluid	Esophagus	0.1732
PXD058882	/public/conode53/AIRFLOW/temp/PXD058882/diann/AFEVsTerm3	amniotic fluid	Nasal Polyps	0.2056
PXD058882	/public/conode53/AIRFLOW/temp/PXD058882/diann/AFEVsTerm4	amniotic fluid	Nasal Polyps	0.1846
PXD058882	/public/conode53/AIRFLOW/temp/PXD058882/diann/AFEVsTerm5	amniotic fluid	Stomach	0.1447
PXD058882	/public/conode53/AIRFLOW/temp/PXD058882/diann/AFEVsTerm6	amniotic fluid	Esophagus	0.1531
PXD058882	N.Proteotypic.Sequences	amniotic fluid	Ovary	0.1439
PXD058882	N.Sequences	amniotic fluid	Tonsil	0.1671
PXD059474	12_PKJ_SPANXA2-OT1_project_hmac_Control_1_donor_1	blood	Monocytes	0.1941
PXD059474	12_PKJ_SPANXA2-OT1_project_hmac_Control_2_donor_2	blood	Monocytes	0.1846
PXD059474	12_PKJ_SPANXA2-OT1_project_hmac_Control_3_donor_3	blood	Monocytes	0.1984
PXD059474	12_PKJ_SPANXA2-OT1_project_hmac_Control_4_donor_4	blood	Monocytes	0.1552
PXD059474	12_PKJ_SPANXA2-OT1_project_hmac_Control_5_donor_5	blood	Monocytes	0.1344
PXD059474	12_PKJ_SPANXA2-OT1_project_hmac_IL1Btreated_1_donor_1	blood	Monocytes	0.1465
PXD059474	12_PKJ_SPANXA2-OT1_project_hmac_IL1Btreated_2_donor_2	blood	Monocytes	0.2084
PXD059474	12_PKJ_SPANXA2-OT1_project_hmac_IL1Btreated_3_donor_3	blood	Monocytes	0.2019
PXD059474	12_PKJ_SPANXA2-OT1_project_hmac_IL1Btreated_4_donor_4	blood	Monocytes	0.2256
PXD059474	12_PKJ_SPANXA2-OT1_project_hmac_IL1Btreated_5_donor_5	blood	Monocytes	0.1946
PXD059474	12_PKJ_SPANXA2-OT1_project_hmac_NegativecontrolASO_1_donor_1	blood	Monocytes	0.1669
PXD059474	12_PKJ_SPANXA2-OT1_project_hmac_NegativecontrolASO_2_donor_2	blood	Monocytes	0.1569
PXD059474	12_PKJ_SPANXA2-OT1_project_hmac_NegativecontrolASO_3_donor_3	blood	Monocytes	0.1441
PXD059474	12_PKJ_SPANXA2-OT1_project_hmac_NegativecontrolASO_4_donor_4	blood	Monocytes	0.1754
PXD059474	12_PKJ_SPANXA2-OT1_project_hmac_NegativecontrolASO_5_donor_5	blood	Monocytes	0.1351
PXD059474	12_PKJ_SPANXA2-OT1_project_hmac_SPANXA2-OT1ASO_1_donor_1	blood	Monocytes	0.1683
PXD059474	12_PKJ_SPANXA2-OT1_project_hmac_SPANXA2-OT1ASO_2_donor_2	blood	Monocytes	0.2081
PXD059474	12_PKJ_SPANXA2-OT1_project_hmac_SPANXA2-OT1ASO_3_donor_3	blood	Monocytes	0.1209
PXD059474	12_PKJ_SPANXA2-OT1_project_hmac_SPANXA2-OT1ASO_4_donor_4	blood	Monocytes	0.1043
PXD059474	12_PKJ_SPANXA2-OT1_project_hmac_SPANXA2-OT1ASO_5_donor_5	blood	Monocytes	0.1889
PXD061593	RUG001	blood	Adipose tissue	0.122
PXD061593	RUG002	blood	Adipose tissue	0.1275
PXD061593	RUG003	blood	Adipose tissue	0.1038
PXD061593	RUG004	blood	Adipose tissue	0.1218
PXD061593	RUG005	blood	Adipose tissue	0.128
PXD061593	RUG006	blood	Adipose tissue	0.1236
PXD061593	RUG007	blood	Adipose tissue	0.1306
PXD061593	RUG008	blood	Adipose tissue	0.1007
PXD061593	RUG011	blood	Adipose tissue	0.1354
PXD061593	RUG012	blood	Adipose tissue	0.1482
PXD061593	RUG013	blood	Adipose tissue	0.1433
PXD061593	RUG014	blood	Adipose tissue	0.1183
PXD061593	RUG015	blood	Adipose tissue	0.1428
PXD061593	RUG016	blood	Adipose tissue	0.137
PXD061593	RUG017	blood	Adipose tissue	0.1363
PXD061593	RUG018	blood	Adipose tissue	0.1229
PXD061593	RUG111	blood	Adipose tissue	0.1078
PXD061593	RUG112	blood	B-cells	0.1222
PXD061593	RUG113	blood	B-cells	0.1209
PXD061593	RUG114	blood	Adipose tissue	0.1217
PXD061593	RUG115	blood	Adipose tissue	0.124
PXD061593	RUG116	blood	Adipose tissue	0.1306
PXD061593	RUG117	blood	Adipose tissue	0.1218
PXD061593	RUG118	blood	Adipose tissue	0.1216
PXD062431	/public/conode53/AIRFLOW/temp/PXD062431/diann/P100C	blood	Adipose tissue	0.0568
PXD062431	/public/conode53/AIRFLOW/temp/PXD062431/diann/P101C	blood	Adipose tissue	0.0776
PXD062431	/public/conode53/AIRFLOW/temp/PXD062431/diann/P102C	blood	Adipose tissue	0.0684
PXD062431	/public/conode53/AIRFLOW/temp/PXD062431/diann/P103C	blood	Adipose tissue	0.0566
PXD062431	/public/conode53/AIRFLOW/temp/PXD062431/diann/P104C	blood	Adipose tissue	0.08
PXD062431	/public/conode53/AIRFLOW/temp/PXD062431/diann/P105C	blood	Adipose tissue	0.073
PXD062431	/public/conode53/AIRFLOW/temp/PXD062431/diann/P106C	blood	Adipose tissue	0.0725
PXD062431	/public/conode53/AIRFLOW/temp/PXD062431/diann/P107C	blood	Adipose tissue	0.0803
PXD062431	/public/conode53/AIRFLOW/temp/PXD062431/diann/P108C	blood	Adipose tissue	0.0784
PXD062431	/public/conode53/AIRFLOW/temp/PXD062431/diann/P109C	blood	Adipose tissue	0.0557
PXD062431	/public/conode53/AIRFLOW/temp/PXD062431/diann/P10C	blood	Adipose tissue	0.0858
PXD062431	/public/conode53/AIRFLOW/temp/PXD062431/diann/P110C	blood	Adipose tissue	0.0782
PXD062431	/public/conode53/AIRFLOW/temp/PXD062431/diann/P111C	blood	Lymph node	0.0395
PXD062431	/public/conode53/AIRFLOW/temp/PXD062431/diann/P112C	blood	Adipose tissue	0.0682
PXD062431	/public/conode53/AIRFLOW/temp/PXD062431/diann/P113C	blood	Appendix	0.0461
PXD062431	/public/conode53/AIRFLOW/temp/PXD062431/diann/P114C	blood	Adipose tissue	0.0661
PXD062431	/public/conode53/AIRFLOW/temp/PXD062431/diann/P115C	blood	Adipose tissue	0.0847
PXD062431	/public/conode53/AIRFLOW/temp/PXD062431/diann/P116C	blood	Adipose tissue	0.077
PXD062431	/public/conode53/AIRFLOW/temp/PXD062431/diann/P117C	blood	Adipose tissue	0.0694
PXD062431	/public/conode53/AIRFLOW/temp/PXD062431/diann/P118C	blood	Adipose tissue	0.0762
PXD062431	/public/conode53/AIRFLOW/temp/PXD062431/diann/P119C	blood	Adipose tissue	0.0822
PXD062431	/public/conode53/AIRFLOW/temp/PXD062431/diann/P11C	blood	Testis	0.0472
PXD062431	/public/conode53/AIRFLOW/temp/PXD062431/diann/P120C	blood	Adipose tissue	0.0561
PXD062431	/public/conode53/AIRFLOW/temp/PXD062431/diann/P121C	blood	Adipose tissue	0.0646
PXD062431	/public/conode53/AIRFLOW/temp/PXD062431/diann/P122C	blood	Adipose tissue	0.0607
PXD062431	/public/conode53/AIRFLOW/temp/PXD062431/diann/P123C	blood	Adipose tissue	0.054
PXD062431	/public/conode53/AIRFLOW/temp/PXD062431/diann/P124C	blood	Adipose tissue	0.0693
PXD062431	/public/conode53/AIRFLOW/temp/PXD062431/diann/P125C	blood	Adipose tissue	0.0796
PXD062431	/public/conode53/AIRFLOW/temp/PXD062431/diann/P126C	blood	Adipose tissue	0.0786
PXD062431	/public/conode53/AIRFLOW/temp/PXD062431/diann/P127C	blood	Adipose tissue	0.067
PXD062431	/public/conode53/AIRFLOW/temp/PXD062431/diann/P128C	blood	Adipose tissue	0.0455
PXD062431	/public/conode53/AIRFLOW/temp/PXD062431/diann/P129C	blood	Adipose tissue	0.0684
PXD062431	/public/conode53/AIRFLOW/temp/PXD062431/diann/P12C	blood	Adipose tissue	0.0764
PXD062431	/public/conode53/AIRFLOW/temp/PXD062431/diann/P130C	blood	Adipose tissue	0.0742
PXD062431	/public/conode53/AIRFLOW/temp/PXD062431/diann/P131C	blood	Adipose tissue	0.087
PXD062431	/public/conode53/AIRFLOW/temp/PXD062431/diann/P132C	blood	Adipose tissue	0.0723
PXD062431	/public/conode53/AIRFLOW/temp/PXD062431/diann/P133C	blood	Adipose tissue	0.0431
PXD062431	/public/conode53/AIRFLOW/temp/PXD062431/diann/P134C	blood	Adipose tissue	0.0905
PXD062431	/public/conode53/AIRFLOW/temp/PXD062431/diann/P135C	blood	Adipose tissue	0.0738
PXD062431	/public/conode53/AIRFLOW/temp/PXD062431/diann/P136C	blood	Esophagus	0.0619
PXD062431	/public/conode53/AIRFLOW/temp/PXD062431/diann/P137C	blood	Testis	0.0503
PXD062431	/public/conode53/AIRFLOW/temp/PXD062431/diann/P138C	blood	Adipose tissue	0.0749
PXD062431	/public/conode53/AIRFLOW/temp/PXD062431/diann/P139C	blood	Adipose tissue	0.063
PXD062431	/public/conode53/AIRFLOW/temp/PXD062431/diann/P13C	blood	Adipose tissue	0.0613
PXD062431	/public/conode53/AIRFLOW/temp/PXD062431/diann/P140C	blood	Adipose tissue	0.0697
PXD062431	/public/conode53/AIRFLOW/temp/PXD062431/diann/P141C	blood	Adipose tissue	0.0637
PXD062431	/public/conode53/AIRFLOW/temp/PXD062431/diann/P142C	blood	Adipose tissue	0.0649
PXD062431	/public/conode53/AIRFLOW/temp/PXD062431/diann/P143C	blood	Adipose tissue	0.0854
PXD062431	/public/conode53/AIRFLOW/temp/PXD062431/diann/P144C	blood	Esophagus	0.0571
PXD062431	/public/conode53/AIRFLOW/temp/PXD062431/diann/P145C	blood	Testis	0.0469
PXD062431	/public/conode53/AIRFLOW/temp/PXD062431/diann/P146C	blood	Adipose tissue	0.0876
PXD062431	/public/conode53/AIRFLOW/temp/PXD062431/diann/P147C	blood	Adipose tissue	0.0769
PXD062431	/public/conode53/AIRFLOW/temp/PXD062431/diann/P14C	blood	Adipose tissue	0.0833
PXD062431	/public/conode53/AIRFLOW/temp/PXD062431/diann/P15C	blood	Adipose tissue	0.0706
PXD062431	/public/conode53/AIRFLOW/temp/PXD062431/diann/P16C	blood	Adipose tissue	0.0648
PXD062431	/public/conode53/AIRFLOW/temp/PXD062431/diann/P17C	blood	Adipose tissue	0.0781
PXD062431	/public/conode53/AIRFLOW/temp/PXD062431/diann/P18C	blood	Esophagus	0.0599
PXD062431	/public/conode53/AIRFLOW/temp/PXD062431/diann/P19C	blood	Adipose tissue	0.0808
PXD062431	/public/conode53/AIRFLOW/temp/PXD062431/diann/P1C	blood	Adipose tissue	0.0812
PXD062431	/public/conode53/AIRFLOW/temp/PXD062431/diann/P20C	blood	Adipose tissue	0.0684
PXD062431	/public/conode53/AIRFLOW/temp/PXD062431/diann/P21C	blood	Adipose tissue	0.0793
PXD062431	/public/conode53/AIRFLOW/temp/PXD062431/diann/P22C	blood	Adipose tissue	0.0925
PXD062431	/public/conode53/AIRFLOW/temp/PXD062431/diann/P23C	blood	Adipose tissue	0.0804
PXD062431	/public/conode53/AIRFLOW/temp/PXD062431/diann/P24C	blood	Adipose tissue	0.0811
PXD062431	/public/conode53/AIRFLOW/temp/PXD062431/diann/P25C	blood	Adipose tissue	0.0666
PXD062431	/public/conode53/AIRFLOW/temp/PXD062431/diann/P26C	blood	Adipose tissue	0.0722
PXD062431	/public/conode53/AIRFLOW/temp/PXD062431/diann/P27C	blood	Adipose tissue	0.0804
PXD062431	/public/conode53/AIRFLOW/temp/PXD062431/diann/P28C	blood	Adipose tissue	0.0799
PXD062431	/public/conode53/AIRFLOW/temp/PXD062431/diann/P29C	blood	Adipose tissue	0.0737
PXD062431	/public/conode53/AIRFLOW/temp/PXD062431/diann/P2C	blood	Adipose tissue	0.0767
PXD062431	/public/conode53/AIRFLOW/temp/PXD062431/diann/P30C	blood	Adipose tissue	0.059
PXD062431	/public/conode53/AIRFLOW/temp/PXD062431/diann/P31C	blood	Adipose tissue	0.0801
PXD062431	/public/conode53/AIRFLOW/temp/PXD062431/diann/P32C	blood	Adipose tissue	0.0664
PXD062431	/public/conode53/AIRFLOW/temp/PXD062431/diann/P33C	blood	Adipose tissue	0.0565
PXD062431	/public/conode53/AIRFLOW/temp/PXD062431/diann/P34C	blood	Adipose tissue	0.0818
PXD062431	/public/conode53/AIRFLOW/temp/PXD062431/diann/P35C	blood	Adipose tissue	0.0697
PXD062431	/public/conode53/AIRFLOW/temp/PXD062431/diann/P36C	blood	Testis	0.0405
PXD062431	/public/conode53/AIRFLOW/temp/PXD062431/diann/P37C	blood	Adipose tissue	0.0515
PXD062431	/public/conode53/AIRFLOW/temp/PXD062431/diann/P38C	blood	Adipose tissue	0.0652
PXD062431	/public/conode53/AIRFLOW/temp/PXD062431/diann/P39C	blood	Adipose tissue	0.0746
PXD062431	/public/conode53/AIRFLOW/temp/PXD062431/diann/P3C	blood	Adipose tissue	0.0625
PXD062431	/public/conode53/AIRFLOW/temp/PXD062431/diann/P40C	blood	Adipose tissue	0.1013
PXD062431	/public/conode53/AIRFLOW/temp/PXD062431/diann/P41C	blood	Adipose tissue	0.0615
PXD062431	/public/conode53/AIRFLOW/temp/PXD062431/diann/P42C	blood	Adipose tissue	0.0671
PXD062431	/public/conode53/AIRFLOW/temp/PXD062431/diann/P43C	blood	Adipose tissue	0.0922
PXD062431	/public/conode53/AIRFLOW/temp/PXD062431/diann/P44C	blood	Adipose tissue	0.0437
PXD062431	/public/conode53/AIRFLOW/temp/PXD062431/diann/P45C	blood	Adipose tissue	0.073
PXD062431	/public/conode53/AIRFLOW/temp/PXD062431/diann/P46C	blood	Adipose tissue	0.0575
PXD062431	/public/conode53/AIRFLOW/temp/PXD062431/diann/P47C	blood	Adipose tissue	0.0777
PXD062431	/public/conode53/AIRFLOW/temp/PXD062431/diann/P48C	blood	Adipose tissue	0.0615
PXD062431	/public/conode53/AIRFLOW/temp/PXD062431/diann/P49C	blood	Adipose tissue	0.0725
PXD062431	/public/conode53/AIRFLOW/temp/PXD062431/diann/P4C	blood	Adipose tissue	0.0743
PXD062431	/public/conode53/AIRFLOW/temp/PXD062431/diann/P50C	blood	Placenta	0.0461
PXD062431	/public/conode53/AIRFLOW/temp/PXD062431/diann/P51C	blood	Adipose tissue	0.0615
PXD062431	/public/conode53/AIRFLOW/temp/PXD062431/diann/P52C	blood	Esophagus	0.0604
PXD062431	/public/conode53/AIRFLOW/temp/PXD062431/diann/P53C	blood	Adipose tissue	0.0652
PXD062431	/public/conode53/AIRFLOW/temp/PXD062431/diann/P54C	blood	Adipose tissue	0.0489
PXD062431	/public/conode53/AIRFLOW/temp/PXD062431/diann/P55C	blood	Adipose tissue	0.0787
PXD062431	/public/conode53/AIRFLOW/temp/PXD062431/diann/P56C	blood	Adipose tissue	0.0799
PXD062431	/public/conode53/AIRFLOW/temp/PXD062431/diann/P57C	blood	Adipose tissue	0.0643
PXD062431	/public/conode53/AIRFLOW/temp/PXD062431/diann/P58C	blood	Adipose tissue	0.0731
PXD062431	/public/conode53/AIRFLOW/temp/PXD062431/diann/P59C	blood	Adipose tissue	0.0661
PXD062431	/public/conode53/AIRFLOW/temp/PXD062431/diann/P5C	blood	Adipose tissue	0.0564
PXD062431	/public/conode53/AIRFLOW/temp/PXD062431/diann/P60C	blood	Adipose tissue	0.0483
PXD062431	/public/conode53/AIRFLOW/temp/PXD062431/diann/P61C	blood	Adipose tissue	0.0828
PXD062431	/public/conode53/AIRFLOW/temp/PXD062431/diann/P62C	blood	Adipose tissue	0.0807
PXD062431	/public/conode53/AIRFLOW/temp/PXD062431/diann/P63C	blood	Adipose tissue	0.0756
PXD062431	/public/conode53/AIRFLOW/temp/PXD062431/diann/P64C	blood	Adipose tissue	0.0782
PXD062431	/public/conode53/AIRFLOW/temp/PXD062431/diann/P65C	blood	Adipose tissue	0.0734
PXD062431	/public/conode53/AIRFLOW/temp/PXD062431/diann/P66C	blood	Adipose tissue	0.0663
PXD062431	/public/conode53/AIRFLOW/temp/PXD062431/diann/P67C	blood	Appendix	0.0468
PXD062431	/public/conode53/AIRFLOW/temp/PXD062431/diann/P68C	blood	Esophagus	0.0549
PXD062431	/public/conode53/AIRFLOW/temp/PXD062431/diann/P69C	blood	Adipose tissue	0.0704
PXD062431	/public/conode53/AIRFLOW/temp/PXD062431/diann/P6C	blood	Adipose tissue	0.0635
PXD062431	/public/conode53/AIRFLOW/temp/PXD062431/diann/P70C	blood	Adipose tissue	0.0595
PXD062431	/public/conode53/AIRFLOW/temp/PXD062431/diann/P71C	blood	Appendix	0.046
PXD062431	/public/conode53/AIRFLOW/temp/PXD062431/diann/P72C	blood	Adipose tissue	0.0892
PXD062431	/public/conode53/AIRFLOW/temp/PXD062431/diann/P73C	blood	Adipose tissue	0.0862
PXD062431	/public/conode53/AIRFLOW/temp/PXD062431/diann/P74C	blood	Adipose tissue	0.0555
PXD062431	/public/conode53/AIRFLOW/temp/PXD062431/diann/P75C	blood	Adipose tissue	0.0853
PXD062431	/public/conode53/AIRFLOW/temp/PXD062431/diann/P76C	blood	Adipose tissue	0.0698
PXD062431	/public/conode53/AIRFLOW/temp/PXD062431/diann/P77C	blood	Adipose tissue	0.0709
PXD062431	/public/conode53/AIRFLOW/temp/PXD062431/diann/P78C	blood	Adipose tissue	0.0849
PXD062431	/public/conode53/AIRFLOW/temp/PXD062431/diann/P79C	blood	Adipose tissue	0.0659
PXD062431	/public/conode53/AIRFLOW/temp/PXD062431/diann/P7C	blood	Adipose tissue	0.0799
PXD062431	/public/conode53/AIRFLOW/temp/PXD062431/diann/P80C	blood	Adipose tissue	0.079
PXD062431	/public/conode53/AIRFLOW/temp/PXD062431/diann/P81C	blood	Adipose tissue	0.0849
PXD062431	/public/conode53/AIRFLOW/temp/PXD062431/diann/P82C	blood	Adipose tissue	0.0517
PXD062431	/public/conode53/AIRFLOW/temp/PXD062431/diann/P83C	blood	Adipose tissue	0.0592
PXD062431	/public/conode53/AIRFLOW/temp/PXD062431/diann/P84C	blood	Adipose tissue	0.0565
PXD062431	/public/conode53/AIRFLOW/temp/PXD062431/diann/P85C	blood	Esophagus	0.0584
PXD062431	/public/conode53/AIRFLOW/temp/PXD062431/diann/P86C	blood	Adipose tissue	0.0749
PXD062431	/public/conode53/AIRFLOW/temp/PXD062431/diann/P87C	blood	Testis	0.0444
PXD062431	/public/conode53/AIRFLOW/temp/PXD062431/diann/P88C	blood	Adipose tissue	0.0814
PXD062431	/public/conode53/AIRFLOW/temp/PXD062431/diann/P89C	blood	Adipose tissue	0.0784
PXD062431	/public/conode53/AIRFLOW/temp/PXD062431/diann/P8C	blood	Adipose tissue	0.0713
PXD062431	/public/conode53/AIRFLOW/temp/PXD062431/diann/P90C	blood	Adipose tissue	0.0625
PXD062431	/public/conode53/AIRFLOW/temp/PXD062431/diann/P91C	blood	Adipose tissue	0.0841
PXD062431	/public/conode53/AIRFLOW/temp/PXD062431/diann/P92C	blood	Adipose tissue	0.0533
PXD062431	/public/conode53/AIRFLOW/temp/PXD062431/diann/P93C	blood	Ovary	0.0444
PXD062431	/public/conode53/AIRFLOW/temp/PXD062431/diann/P94C	blood	Adipose tissue	0.0605
PXD062431	/public/conode53/AIRFLOW/temp/PXD062431/diann/P95C	blood	Adipose tissue	0.0698
PXD062431	/public/conode53/AIRFLOW/temp/PXD062431/diann/P96C	blood	Adipose tissue	0.0783
PXD062431	/public/conode53/AIRFLOW/temp/PXD062431/diann/P97C	blood	Adipose tissue	0.066
PXD062431	/public/conode53/AIRFLOW/temp/PXD062431/diann/P98C	blood	Adipose tissue	0.0841
PXD062431	/public/conode53/AIRFLOW/temp/PXD062431/diann/P99C	blood	Adipose tissue	0.0755
PXD062431	/public/conode53/AIRFLOW/temp/PXD062431/diann/P9C	blood	Adipose tissue	0.0812
PXD062431	N.Proteotypic.Sequences	blood	Adipose tissue	0.2079
PXD062431	N.Sequences	blood	Adipose tissue	0.2166
PXD062785	/public/conode53/AIRFLOW/temp/PXD062785/diann/IPA_TCA_control_1	blood	Colon	0.0417
PXD062785	/public/conode53/AIRFLOW/temp/PXD062785/diann/IPA_TCA_control_2	blood	Colon	0.0409
PXD062785	/public/conode53/AIRFLOW/temp/PXD062785/diann/IPA_TCA_control_3	blood	Testis	0.0408
PXD062785	/public/conode53/AIRFLOW/temp/PXD062785/diann/IPA_TCA_spike1_1	blood	Colon	0.0425
PXD062785	/public/conode53/AIRFLOW/temp/PXD062785/diann/IPA_TCA_spike1_2	blood	Colon	0.0418
PXD062785	/public/conode53/AIRFLOW/temp/PXD062785/diann/IPA_TCA_spike1_3	blood	Colon	0.0403
PXD062785	/public/conode53/AIRFLOW/temp/PXD062785/diann/IPA_TCA_spike2_1	blood	Colon	0.0427
PXD062785	/public/conode53/AIRFLOW/temp/PXD062785/diann/IPA_TCA_spike2_2	blood	Lung	0.0412
PXD062785	/public/conode53/AIRFLOW/temp/PXD062785/diann/IPA_TCA_spike2_3	blood	Colon	0.0397
PXD062785	/public/conode53/AIRFLOW/temp/PXD062785/diann/IPA_TCA_spike3_1	blood	Lung	0.0414
PXD062785	/public/conode53/AIRFLOW/temp/PXD062785/diann/IPA_TCA_spike3_2	blood	Colon	0.0431
PXD062785	/public/conode53/AIRFLOW/temp/PXD062785/diann/IPA_TCA_spike3_3	blood	Testis	0.0411
PXD062785	/public/conode53/AIRFLOW/temp/PXD062785/diann/IPA_TCA_spike4_1	blood	Testis	0.0408
PXD062785	/public/conode53/AIRFLOW/temp/PXD062785/diann/IPA_TCA_spike4_2_20250127130704	blood	Colon	0.0432
PXD062785	/public/conode53/AIRFLOW/temp/PXD062785/diann/IPA_TCA_spike4_3	blood	Colon	0.0398
PXD062785	/public/conode53/AIRFLOW/temp/PXD062785/diann/In_gel_digestion_Spike1_1	blood	Testis	0.0462
PXD062785	/public/conode53/AIRFLOW/temp/PXD062785/diann/In_gel_digestion_Spike1_2	blood	Testis	0.049
PXD062785	/public/conode53/AIRFLOW/temp/PXD062785/diann/In_gel_digestion_Spike1_3	blood	Testis	0.0469
PXD062785	/public/conode53/AIRFLOW/temp/PXD062785/diann/In_gel_digestion_Spike2_1	blood	Testis	0.0442
PXD062785	/public/conode53/AIRFLOW/temp/PXD062785/diann/In_gel_digestion_Spike2_2_20241217120821	blood	Testis	0.0436
PXD062785	/public/conode53/AIRFLOW/temp/PXD062785/diann/In_gel_digestion_Spike2_3	blood	Adipose tissue	0.0456
PXD062785	/public/conode53/AIRFLOW/temp/PXD062785/diann/In_gel_digestion_Spike3_1	blood	Adipose tissue	0.0424
PXD062785	/public/conode53/AIRFLOW/temp/PXD062785/diann/In_gel_digestion_Spike3_2	blood	Testis	0.048
PXD062785	/public/conode53/AIRFLOW/temp/PXD062785/diann/In_gel_digestion_Spike3_3	blood	B-cells	0.0413
PXD062785	/public/conode53/AIRFLOW/temp/PXD062785/diann/In_gel_digestion_Spike4-1	blood	Testis	0.0485
PXD062785	/public/conode53/AIRFLOW/temp/PXD062785/diann/In_gel_digestion_Spike4-2	blood	Adipose tissue	0.0452
PXD062785	/public/conode53/AIRFLOW/temp/PXD062785/diann/In_gel_digestion_Spike4-3	blood	Adipose tissue	0.0423
PXD062785	/public/conode53/AIRFLOW/temp/PXD062785/diann/In_gel_digestion_control1	blood	Testis	0.0412
PXD062785	/public/conode53/AIRFLOW/temp/PXD062785/diann/In_gel_digestion_control2	blood	Esophagus	0.0705
PXD062785	/public/conode53/AIRFLOW/temp/PXD062785/diann/In_gel_digestion_control3	blood	Adipose tissue	0.0426
PXD062785	/public/conode53/AIRFLOW/temp/PXD062785/diann/NPs_mixA_1	blood	Bone marrow	0.187
PXD062785	/public/conode53/AIRFLOW/temp/PXD062785/diann/NPs_mixA_10	blood	Bone marrow	0.1912
PXD062785	/public/conode53/AIRFLOW/temp/PXD062785/diann/NPs_mixA_11	blood	Bone marrow	0.1784
PXD062785	/public/conode53/AIRFLOW/temp/PXD062785/diann/NPs_mixA_12	blood	Bone marrow	0.196
PXD062785	/public/conode53/AIRFLOW/temp/PXD062785/diann/NPs_mixA_13	blood	Bone marrow	0.1627
PXD062785	/public/conode53/AIRFLOW/temp/PXD062785/diann/NPs_mixA_14	blood	Spleen	0.0855
PXD062785	/public/conode53/AIRFLOW/temp/PXD062785/diann/NPs_mixA_15	blood	Spleen	0.0873
PXD062785	/public/conode53/AIRFLOW/temp/PXD062785/diann/NPs_mixA_16	blood	Spleen	0.0843
PXD062785	/public/conode53/AIRFLOW/temp/PXD062785/diann/NPs_mixA_17	blood	Bone marrow	0.1906
PXD062785	/public/conode53/AIRFLOW/temp/PXD062785/diann/NPs_mixA_18	blood	Bone marrow	0.1913
PXD062785	/public/conode53/AIRFLOW/temp/PXD062785/diann/NPs_mixA_19	blood	Bone marrow	0.1678
PXD062785	/public/conode53/AIRFLOW/temp/PXD062785/diann/NPs_mixA_2	blood	Spleen	0.0908
PXD062785	/public/conode53/AIRFLOW/temp/PXD062785/diann/NPs_mixA_20	blood	Bone marrow	0.1916
PXD062785	/public/conode53/AIRFLOW/temp/PXD062785/diann/NPs_mixA_3	blood	Bone marrow	0.1622
PXD062785	/public/conode53/AIRFLOW/temp/PXD062785/diann/NPs_mixA_4	blood	Bone marrow	0.1579
PXD062785	/public/conode53/AIRFLOW/temp/PXD062785/diann/NPs_mixA_5	blood	Bone marrow	0.1672
PXD062785	/public/conode53/AIRFLOW/temp/PXD062785/diann/NPs_mixA_6	blood	Spleen	0.0862
PXD062785	/public/conode53/AIRFLOW/temp/PXD062785/diann/NPs_mixA_7	blood	Spleen	0.0815
PXD062785	/public/conode53/AIRFLOW/temp/PXD062785/diann/NPs_mixA_8	blood	Bone marrow	0.187
PXD062785	/public/conode53/AIRFLOW/temp/PXD062785/diann/NPs_mixA_9	blood	Bone marrow	0.1728
PXD062785	/public/conode53/AIRFLOW/temp/PXD062785/diann/NPs_mixB_1	blood	Bone marrow	0.1887
PXD062785	/public/conode53/AIRFLOW/temp/PXD062785/diann/NPs_mixB_10	blood	Bone marrow	0.191
PXD062785	/public/conode53/AIRFLOW/temp/PXD062785/diann/NPs_mixB_11	blood	Bone marrow	0.1832
PXD062785	/public/conode53/AIRFLOW/temp/PXD062785/diann/NPs_mixB_12	blood	Bone marrow	0.1877
PXD062785	/public/conode53/AIRFLOW/temp/PXD062785/diann/NPs_mixB_13	blood	Bone marrow	0.1764
PXD062785	/public/conode53/AIRFLOW/temp/PXD062785/diann/NPs_mixB_14	blood	Bone marrow	0.177
PXD062785	/public/conode53/AIRFLOW/temp/PXD062785/diann/NPs_mixB_15	blood	Bone marrow	0.1712
PXD062785	/public/conode53/AIRFLOW/temp/PXD062785/diann/NPs_mixB_16	blood	Bone marrow	0.178
PXD062785	/public/conode53/AIRFLOW/temp/PXD062785/diann/NPs_mixB_17	blood	Bone marrow	0.1823
PXD062785	/public/conode53/AIRFLOW/temp/PXD062785/diann/NPs_mixB_18	blood	Bone marrow	0.1898
PXD062785	/public/conode53/AIRFLOW/temp/PXD062785/diann/NPs_mixB_19	blood	Bone marrow	0.1838
PXD062785	/public/conode53/AIRFLOW/temp/PXD062785/diann/NPs_mixB_2	blood	Bone marrow	0.1821
PXD062785	/public/conode53/AIRFLOW/temp/PXD062785/diann/NPs_mixB_20	blood	Bone marrow	0.1768
PXD062785	/public/conode53/AIRFLOW/temp/PXD062785/diann/NPs_mixB_3	blood	Bone marrow	0.1559
PXD062785	/public/conode53/AIRFLOW/temp/PXD062785/diann/NPs_mixB_4	blood	Bone marrow	0.1507
PXD062785	/public/conode53/AIRFLOW/temp/PXD062785/diann/NPs_mixB_5	blood	Bone marrow	0.1739
PXD062785	/public/conode53/AIRFLOW/temp/PXD062785/diann/NPs_mixB_6	blood	Bone marrow	0.189
PXD062785	/public/conode53/AIRFLOW/temp/PXD062785/diann/NPs_mixB_7	blood	Bone marrow	0.1607
PXD062785	/public/conode53/AIRFLOW/temp/PXD062785/diann/NPs_mixB_8	blood	Bone marrow	0.1891
PXD062785	/public/conode53/AIRFLOW/temp/PXD062785/diann/NPs_mixB_9	blood	Bone marrow	0.184
PXD062785	/public/conode53/AIRFLOW/temp/PXD062785/diann/Preomics_control_1	blood	Testis	0.0527
PXD062785	/public/conode53/AIRFLOW/temp/PXD062785/diann/Preomics_control_2	blood	Placenta	0.0488
PXD062785	/public/conode53/AIRFLOW/temp/PXD062785/diann/Preomics_control_3	blood	Placenta	0.0566
PXD062785	/public/conode53/AIRFLOW/temp/PXD062785/diann/Preomics_spike1_1	blood	Placenta	0.0475
PXD062785	/public/conode53/AIRFLOW/temp/PXD062785/diann/Preomics_spike1_2	blood	Testis	0.0498
PXD062785	/public/conode53/AIRFLOW/temp/PXD062785/diann/Preomics_spike1_3	blood	Testis	0.0517
PXD062785	/public/conode53/AIRFLOW/temp/PXD062785/diann/Preomics_spike2_1	blood	Testis	0.0565
PXD062785	/public/conode53/AIRFLOW/temp/PXD062785/diann/Preomics_spike2_2	blood	Testis	0.0556
PXD062785	/public/conode53/AIRFLOW/temp/PXD062785/diann/Preomics_spike2_3	blood	Placenta	0.0473
PXD062785	/public/conode53/AIRFLOW/temp/PXD062785/diann/Preomics_spike3_1	blood	Placenta	0.0531
PXD062785	/public/conode53/AIRFLOW/temp/PXD062785/diann/Preomics_spike3_2	blood	Placenta	0.0466
PXD062785	/public/conode53/AIRFLOW/temp/PXD062785/diann/Preomics_spike3_3	blood	Testis	0.0482
PXD062785	/public/conode53/AIRFLOW/temp/PXD062785/diann/Preomics_spike4_1	blood	Placenta	0.0551
PXD062785	/public/conode53/AIRFLOW/temp/PXD062785/diann/Preomics_spike4_2	blood	Placenta	0.0503
PXD062785	/public/conode53/AIRFLOW/temp/PXD062785/diann/Preomics_spike4_3	blood	Placenta	0.0501
PXD062785	/public/conode53/AIRFLOW/temp/PXD062785/diann/SP3_C1	blood	Testis	0.0485
PXD062785	/public/conode53/AIRFLOW/temp/PXD062785/diann/SP3_C2	blood	Testis	0.047
PXD062785	/public/conode53/AIRFLOW/temp/PXD062785/diann/SP3_C3	blood	Testis	0.0486
PXD062785	/public/conode53/AIRFLOW/temp/PXD062785/diann/SP3_Spike1_1	blood	Testis	0.0448
PXD062785	/public/conode53/AIRFLOW/temp/PXD062785/diann/SP3_Spike1_2	blood	Testis	0.0469
PXD062785	/public/conode53/AIRFLOW/temp/PXD062785/diann/SP3_Spike1_3	blood	Adipose tissue	0.0429
PXD062785	/public/conode53/AIRFLOW/temp/PXD062785/diann/SP3_Spike2_1	blood	Testis	0.0492
PXD062785	/public/conode53/AIRFLOW/temp/PXD062785/diann/SP3_Spike2_2_20241205200122	blood	Adipose tissue	0.0413
PXD062785	/public/conode53/AIRFLOW/temp/PXD062785/diann/SP3_Spike2_3	blood	Testis	0.0466
PXD062785	/public/conode53/AIRFLOW/temp/PXD062785/diann/SP3_Spike3_1	blood	Colon	0.0425
PXD062785	/public/conode53/AIRFLOW/temp/PXD062785/diann/SP3_Spike3_2	blood	Testis	0.0439
PXD062785	/public/conode53/AIRFLOW/temp/PXD062785/diann/SP3_Spike3_3	blood	Testis	0.047
PXD062785	/public/conode53/AIRFLOW/temp/PXD062785/diann/SP3_Spike4_1	blood	Testis	0.0477
PXD062785	/public/conode53/AIRFLOW/temp/PXD062785/diann/SP3_Spike4_2	blood	Testis	0.0568
PXD062785	/public/conode53/AIRFLOW/temp/PXD062785/diann/SP3_Spike4_3	blood	Testis	0.0469
PXD062785	/public/conode53/AIRFLOW/temp/PXD062785/diann/top14_depl_c1	blood	Adipose tissue	0.1161
PXD062785	/public/conode53/AIRFLOW/temp/PXD062785/diann/top14_depl_c2	blood	Adipose tissue	0.1127
PXD062785	/public/conode53/AIRFLOW/temp/PXD062785/diann/top14_depl_c3	blood	Adipose tissue	0.1087
PXD062785	/public/conode53/AIRFLOW/temp/PXD062785/diann/top14_depl_sp1_1	blood	Adipose tissue	0.1011
PXD062785	/public/conode53/AIRFLOW/temp/PXD062785/diann/top14_depl_sp1_2	blood	Adipose tissue	0.1066
PXD062785	/public/conode53/AIRFLOW/temp/PXD062785/diann/top14_depl_sp1_3	blood	Adipose tissue	0.0955
PXD062785	/public/conode53/AIRFLOW/temp/PXD062785/diann/top14_depl_sp2_1	blood	Adipose tissue	0.1095
PXD062785	/public/conode53/AIRFLOW/temp/PXD062785/diann/top14_depl_sp2_2	blood	Adipose tissue	0.105
PXD062785	/public/conode53/AIRFLOW/temp/PXD062785/diann/top14_depl_sp2_3	blood	Adipose tissue	0.1029
PXD062785	/public/conode53/AIRFLOW/temp/PXD062785/diann/top14_depl_sp3_1	blood	Adipose tissue	0.1046
PXD062785	/public/conode53/AIRFLOW/temp/PXD062785/diann/top14_depl_sp3_2	blood	Adipose tissue	0.0959
PXD062785	/public/conode53/AIRFLOW/temp/PXD062785/diann/top14_depl_sp3_3	blood	Adipose tissue	0.1036
PXD062785	/public/conode53/AIRFLOW/temp/PXD062785/diann/top14_depl_sp4_1	blood	Adipose tissue	0.0966
PXD062785	/public/conode53/AIRFLOW/temp/PXD062785/diann/top14_depl_sp4_2	blood	Adipose tissue	0.1108
PXD062785	/public/conode53/AIRFLOW/temp/PXD062785/diann/top14_depl_sp4_3	blood	Adipose tissue	0.1003
PXD062785	N.Proteotypic.Sequences	blood	Adipose tissue	0.138
PXD062785	N.Sequences	blood	Adipose tissue	0.1103
PXD064016	/public/conode53/AIRFLOW/temp/PXD064016/diann/22P14510001	blood	Bone marrow	0.14
PXD064016	/public/conode53/AIRFLOW/temp/PXD064016/diann/22P14510002	blood	Bone marrow	0.1513
PXD064016	/public/conode53/AIRFLOW/temp/PXD064016/diann/22P14510003	blood	Bone marrow	0.1349
PXD064016	/public/conode53/AIRFLOW/temp/PXD064016/diann/22P14510005	blood	Bone marrow	0.1571
PXD064016	/public/conode53/AIRFLOW/temp/PXD064016/diann/22P14510006	blood	Bone marrow	0.1434
PXD064016	/public/conode53/AIRFLOW/temp/PXD064016/diann/22P14510007	blood	Bone marrow	0.1491
PXD064016	/public/conode53/AIRFLOW/temp/PXD064016/diann/22P14510009	blood	Bone marrow	0.148
PXD064016	/public/conode53/AIRFLOW/temp/PXD064016/diann/22P14510010	blood	Bone marrow	0.1555
PXD064016	/public/conode53/AIRFLOW/temp/PXD064016/diann/22P14510011	blood	Bone marrow	0.15
PXD064016	N.Proteotypic.Sequences	blood	Bone marrow	0.1451
PXD064016	N.Sequences	blood	Bone marrow	0.1389
PXD064788	241101_VC_NK_Tears_50Kda_SmE_tryp_screen	secretion of lacrimal gland	Salivary gland	0.1736
PXD064788	241101_VC_NK_Tears_trypsin	secretion of lacrimal gland	Salivary gland	0.1628
PXD064788	241108_VC_NK_strip_SDC_2_50KDa_SmE_tryp	secretion of lacrimal gland	Salivary gland	0.1952
PXD064788	241108_VC_NK_strip_Urea_1_50KDa_SmE_tryp	secretion of lacrimal gland	Salivary gland	0.1805
PXD064788	241119_VC_NK_Tears_StcE_enrichment	secretion of lacrimal gland	Salivary gland	0.1636
PXD069096	DonorK_noFVIII_HLA-DR	blood	Skeletal muscle	0.0394
PXD069096	DonorN_FVIII_HLA-DR	blood	Testis	0.0438
