pxd,run,coverage,scoring_mode,usable,k,cand_classes,pred_tissue,confidence,assigned,assigned_conf,tissue_source,label_class
PXD000561,PXD000561-Sample 1,0.2233,predict_proba,True,14,"['Adrenal gland', 'Brain', 'Colon', 'Esophagus', 'Heart', 'Kidney', 'Liver', 'Lung', 'Ovary', 'Placenta', 'Prostate', 'Rectum', 'Testis', 'Urinary bladder']",Adrenal gland,0.1298,Adrenal gland,0.1298,hamlet-multi,
PXD000561,PXD000561-Sample 10,0.2817,predict_proba,True,14,"['Adrenal gland', 'Brain', 'Colon', 'Esophagus', 'Heart', 'Kidney', 'Liver', 'Lung', 'Ovary', 'Placenta', 'Prostate', 'Rectum', 'Testis', 'Urinary bladder']",Liver,0.6779,Liver,0.6779,hamlet-multi,
PXD000561,PXD000561-Sample 11,0.1957,predict_proba,True,14,"['Adrenal gland', 'Brain', 'Colon', 'Esophagus', 'Heart', 'Kidney', 'Liver', 'Lung', 'Ovary', 'Placenta', 'Prostate', 'Rectum', 'Testis', 'Urinary bladder']",Liver,0.7523,Liver,0.7523,hamlet-multi,
PXD000561,PXD000561-Sample 12,0.2559,predict_proba,True,14,"['Adrenal gland', 'Brain', 'Colon', 'Esophagus', 'Heart', 'Kidney', 'Liver', 'Lung', 'Ovary', 'Placenta', 'Prostate', 'Rectum', 'Testis', 'Urinary bladder']",Lung,0.2439,Lung,0.2439,hamlet-multi,
PXD000561,PXD000561-Sample 13,0.1634,predict_proba,True,14,"['Adrenal gland', 'Brain', 'Colon', 'Esophagus', 'Heart', 'Kidney', 'Liver', 'Lung', 'Ovary', 'Placenta', 'Prostate', 'Rectum', 'Testis', 'Urinary bladder']",Lung,0.2269,Lung,0.2269,hamlet-multi,
PXD000561,PXD000561-Sample 14,0.3293,predict_proba,True,14,"['Adrenal gland', 'Brain', 'Colon', 'Esophagus', 'Heart', 'Kidney', 'Liver', 'Lung', 'Ovary', 'Placenta', 'Prostate', 'Rectum', 'Testis', 'Urinary bladder']",Placenta,0.3201,Placenta,0.3201,hamlet-multi,
PXD000561,PXD000561-Sample 15,0.4568,predict_proba,True,14,"['Adrenal gland', 'Brain', 'Colon', 'Esophagus', 'Heart', 'Kidney', 'Liver', 'Lung', 'Ovary', 'Placenta', 'Prostate', 'Rectum', 'Testis', 'Urinary bladder']",Brain,0.3161,Brain,0.3161,hamlet-multi,
PXD000561,PXD000561-Sample 16,0.4078,predict_proba,True,14,"['Adrenal gland', 'Brain', 'Colon', 'Esophagus', 'Heart', 'Kidney', 'Liver', 'Lung', 'Ovary', 'Placenta', 'Prostate', 'Rectum', 'Testis', 'Urinary bladder']",Monocytes,0.1326,Lung,0.0866,hamlet-multi,
PXD000561,PXD000561-Sample 17,0.4206,predict_proba,True,14,"['Adrenal gland', 'Brain', 'Colon', 'Esophagus', 'Heart', 'Kidney', 'Liver', 'Lung', 'Ovary', 'Placenta', 'Prostate', 'Rectum', 'Testis', 'Urinary bladder']",Stomach,0.1692,Colon,0.1254,hamlet-multi,
PXD000561,PXD000561-Sample 18,0.469,predict_proba,True,14,"['Adrenal gland', 'Brain', 'Colon', 'Esophagus', 'Heart', 'Kidney', 'Liver', 'Lung', 'Ovary', 'Placenta', 'Prostate', 'Rectum', 'Testis', 'Urinary bladder']",Small intestine,0.1541,Colon,0.1189,hamlet-multi,
PXD000561,PXD000561-Sample 19,0.484,predict_proba,True,14,"['Adrenal gland', 'Brain', 'Colon', 'Esophagus', 'Heart', 'Kidney', 'Liver', 'Lung', 'Ovary', 'Placenta', 'Prostate', 'Rectum', 'Testis', 'Urinary bladder']",Heart,0.4991,Heart,0.4991,hamlet-multi,
PXD000561,PXD000561-Sample 2,0.2636,predict_proba,True,14,"['Adrenal gland', 'Brain', 'Colon', 'Esophagus', 'Heart', 'Kidney', 'Liver', 'Lung', 'Ovary', 'Placenta', 'Prostate', 'Rectum', 'Testis', 'Urinary bladder']",Adrenal gland,0.3071,Adrenal gland,0.3071,hamlet-multi,
PXD000561,PXD000561-Sample 20,0.4964,predict_proba,True,14,"['Adrenal gland', 'Brain', 'Colon', 'Esophagus', 'Heart', 'Kidney', 'Liver', 'Lung', 'Ovary', 'Placenta', 'Prostate', 'Rectum', 'Testis', 'Urinary bladder']",Heart,0.5109,Heart,0.5109,hamlet-multi,
PXD000561,PXD000561-Sample 21,0.3666,predict_proba,True,14,"['Adrenal gland', 'Brain', 'Colon', 'Esophagus', 'Heart', 'Kidney', 'Liver', 'Lung', 'Ovary', 'Placenta', 'Prostate', 'Rectum', 'Testis', 'Urinary bladder']",Heart,0.425,Heart,0.425,hamlet-multi,
PXD000561,PXD000561-Sample 22,0.4822,predict_proba,True,14,"['Adrenal gland', 'Brain', 'Colon', 'Esophagus', 'Heart', 'Kidney', 'Liver', 'Lung', 'Ovary', 'Placenta', 'Prostate', 'Rectum', 'Testis', 'Urinary bladder']",Liver,0.3469,Liver,0.3469,hamlet-multi,
PXD000561,PXD000561-Sample 23,0.4598,predict_proba,True,14,"['Adrenal gland', 'Brain', 'Colon', 'Esophagus', 'Heart', 'Kidney', 'Liver', 'Lung', 'Ovary', 'Placenta', 'Prostate', 'Rectum', 'Testis', 'Urinary bladder']",Liver,0.3245,Liver,0.3245,hamlet-multi,
PXD000561,PXD000561-Sample 24,0.3395,predict_proba,True,14,"['Adrenal gland', 'Brain', 'Colon', 'Esophagus', 'Heart', 'Kidney', 'Liver', 'Lung', 'Ovary', 'Placenta', 'Prostate', 'Rectum', 'Testis', 'Urinary bladder']",Liver,0.2404,Liver,0.2404,hamlet-multi,
PXD000561,PXD000561-Sample 25,0.4979,predict_proba,True,14,"['Adrenal gland', 'Brain', 'Colon', 'Esophagus', 'Heart', 'Kidney', 'Liver', 'Lung', 'Ovary', 'Placenta', 'Prostate', 'Rectum', 'Testis', 'Urinary bladder']",Testis,0.2429,Testis,0.2429,hamlet-multi,
PXD000561,PXD000561-Sample 26,0.4862,predict_proba,True,14,"['Adrenal gland', 'Brain', 'Colon', 'Esophagus', 'Heart', 'Kidney', 'Liver', 'Lung', 'Ovary', 'Placenta', 'Prostate', 'Rectum', 'Testis', 'Urinary bladder']",Testis,0.0987,Testis,0.0987,hamlet-multi,
PXD000561,PXD000561-Sample 27,0.3894,predict_proba,True,14,"['Adrenal gland', 'Brain', 'Colon', 'Esophagus', 'Heart', 'Kidney', 'Liver', 'Lung', 'Ovary', 'Placenta', 'Prostate', 'Rectum', 'Testis', 'Urinary bladder']",Monocytes,0.0983,Testis,0.0951,hamlet-multi,
PXD000561,PXD000561-Sample 28,0.4569,predict_proba,True,14,"['Adrenal gland', 'Brain', 'Colon', 'Esophagus', 'Heart', 'Kidney', 'Liver', 'Lung', 'Ovary', 'Placenta', 'Prostate', 'Rectum', 'Testis', 'Urinary bladder']",Bone marrow,0.1854,Kidney,0.0507,hamlet-multi,
PXD000561,PXD000561-Sample 29,0.3358,predict_proba,True,14,"['Adrenal gland', 'Brain', 'Colon', 'Esophagus', 'Heart', 'Kidney', 'Liver', 'Lung', 'Ovary', 'Placenta', 'Prostate', 'Rectum', 'Testis', 'Urinary bladder']",Bone marrow,0.1914,Kidney,0.0735,hamlet-multi,
PXD000561,PXD000561-Sample 3,0.2447,predict_proba,True,14,"['Adrenal gland', 'Brain', 'Colon', 'Esophagus', 'Heart', 'Kidney', 'Liver', 'Lung', 'Ovary', 'Placenta', 'Prostate', 'Rectum', 'Testis', 'Urinary bladder']",Esophagus,0.3721,Esophagus,0.3721,hamlet-multi,
PXD000561,PXD000561-Sample 30,0.3317,predict_proba,True,14,"['Adrenal gland', 'Brain', 'Colon', 'Esophagus', 'Heart', 'Kidney', 'Liver', 'Lung', 'Ovary', 'Placenta', 'Prostate', 'Rectum', 'Testis', 'Urinary bladder']",Bone marrow,0.1491,Lung,0.0754,hamlet-multi,
PXD000561,PXD000561-Sample 31,0.3148,predict_proba,True,14,"['Adrenal gland', 'Brain', 'Colon', 'Esophagus', 'Heart', 'Kidney', 'Liver', 'Lung', 'Ovary', 'Placenta', 'Prostate', 'Rectum', 'Testis', 'Urinary bladder']",Monocytes,0.3352,Lung,0.0493,hamlet-multi,
PXD000561,PXD000561-Sample 32,0.237,predict_proba,True,14,"['Adrenal gland', 'Brain', 'Colon', 'Esophagus', 'Heart', 'Kidney', 'Liver', 'Lung', 'Ovary', 'Placenta', 'Prostate', 'Rectum', 'Testis', 'Urinary bladder']",Monocytes,0.2171,Lung,0.0613,hamlet-multi,
PXD000561,PXD000561-Sample 33,0.4563,predict_proba,True,14,"['Adrenal gland', 'Brain', 'Colon', 'Esophagus', 'Heart', 'Kidney', 'Liver', 'Lung', 'Ovary', 'Placenta', 'Prostate', 'Rectum', 'Testis', 'Urinary bladder']",Monocytes,0.4229,Kidney,0.0537,hamlet-multi,
PXD000561,PXD000561-Sample 34,0.3529,predict_proba,True,14,"['Adrenal gland', 'Brain', 'Colon', 'Esophagus', 'Heart', 'Kidney', 'Liver', 'Lung', 'Ovary', 'Placenta', 'Prostate', 'Rectum', 'Testis', 'Urinary bladder']",Monocytes,0.2731,Testis,0.04,hamlet-multi,
PXD000561,PXD000561-Sample 35,0.2532,predict_proba,True,14,"['Adrenal gland', 'Brain', 'Colon', 'Esophagus', 'Heart', 'Kidney', 'Liver', 'Lung', 'Ovary', 'Placenta', 'Prostate', 'Rectum', 'Testis', 'Urinary bladder']",Spleen,0.2156,Placenta,0.0394,hamlet-multi,
PXD000561,PXD000561-Sample 36,0.2656,predict_proba,True,14,"['Adrenal gland', 'Brain', 'Colon', 'Esophagus', 'Heart', 'Kidney', 'Liver', 'Lung', 'Ovary', 'Placenta', 'Prostate', 'Rectum', 'Testis', 'Urinary bladder']",Spleen,0.1858,Kidney,0.0562,hamlet-multi,
PXD000561,PXD000561-Sample 37,0.2056,predict_proba,True,14,"['Adrenal gland', 'Brain', 'Colon', 'Esophagus', 'Heart', 'Kidney', 'Liver', 'Lung', 'Ovary', 'Placenta', 'Prostate', 'Rectum', 'Testis', 'Urinary bladder']",Esophagus,0.4711,Esophagus,0.4711,hamlet-multi,
PXD000561,PXD000561-Sample 38,0.3414,predict_proba,True,14,"['Adrenal gland', 'Brain', 'Colon', 'Esophagus', 'Heart', 'Kidney', 'Liver', 'Lung', 'Ovary', 'Placenta', 'Prostate', 'Rectum', 'Testis', 'Urinary bladder']",Brain,0.7587,Brain,0.7587,hamlet-multi,
PXD000561,PXD000561-Sample 39,0.2064,predict_proba,True,14,"['Adrenal gland', 'Brain', 'Colon', 'Esophagus', 'Heart', 'Kidney', 'Liver', 'Lung', 'Ovary', 'Placenta', 'Prostate', 'Rectum', 'Testis', 'Urinary bladder']",Heart,0.5842,Heart,0.5842,hamlet-multi,
PXD000561,PXD000561-Sample 4,0.2681,predict_proba,True,14,"['Adrenal gland', 'Brain', 'Colon', 'Esophagus', 'Heart', 'Kidney', 'Liver', 'Lung', 'Ovary', 'Placenta', 'Prostate', 'Rectum', 'Testis', 'Urinary bladder']",Esophagus,0.4006,Esophagus,0.4006,hamlet-multi,
PXD000561,PXD000561-Sample 40,0.1907,predict_proba,True,14,"['Adrenal gland', 'Brain', 'Colon', 'Esophagus', 'Heart', 'Kidney', 'Liver', 'Lung', 'Ovary', 'Placenta', 'Prostate', 'Rectum', 'Testis', 'Urinary bladder']",Smooth muscle,0.0969,Urinary bladder,0.088,hamlet-multi,
PXD000561,PXD000561-Sample 41,0.3178,predict_proba,True,14,"['Adrenal gland', 'Brain', 'Colon', 'Esophagus', 'Heart', 'Kidney', 'Liver', 'Lung', 'Ovary', 'Placenta', 'Prostate', 'Rectum', 'Testis', 'Urinary bladder']",Testis,0.1338,Testis,0.1338,hamlet-multi,
PXD000561,PXD000561-Sample 42,0.1688,predict_proba,True,14,"['Adrenal gland', 'Brain', 'Colon', 'Esophagus', 'Heart', 'Kidney', 'Liver', 'Lung', 'Ovary', 'Placenta', 'Prostate', 'Rectum', 'Testis', 'Urinary bladder']",Bone marrow,0.2831,Lung,0.0637,hamlet-multi,
PXD000561,PXD000561-Sample 43,0.204,predict_proba,True,14,"['Adrenal gland', 'Brain', 'Colon', 'Esophagus', 'Heart', 'Kidney', 'Liver', 'Lung', 'Ovary', 'Placenta', 'Prostate', 'Rectum', 'Testis', 'Urinary bladder']",Bone marrow,0.1888,Lung,0.073,hamlet-multi,
PXD000561,PXD000561-Sample 44,0.5738,predict_proba,True,14,"['Adrenal gland', 'Brain', 'Colon', 'Esophagus', 'Heart', 'Kidney', 'Liver', 'Lung', 'Ovary', 'Placenta', 'Prostate', 'Rectum', 'Testis', 'Urinary bladder']",Monocytes,0.2104,Testis,0.074,hamlet-multi,
PXD000561,PXD000561-Sample 45,0.2238,predict_proba,True,14,"['Adrenal gland', 'Brain', 'Colon', 'Esophagus', 'Heart', 'Kidney', 'Liver', 'Lung', 'Ovary', 'Placenta', 'Prostate', 'Rectum', 'Testis', 'Urinary bladder']",Monocytes,0.2104,Lung,0.068,hamlet-multi,
PXD000561,PXD000561-Sample 46,0.1785,predict_proba,True,14,"['Adrenal gland', 'Brain', 'Colon', 'Esophagus', 'Heart', 'Kidney', 'Liver', 'Lung', 'Ovary', 'Placenta', 'Prostate', 'Rectum', 'Testis', 'Urinary bladder']",Monocytes,0.234,Lung,0.0539,hamlet-multi,
PXD000561,PXD000561-Sample 47,0.1231,predict_proba,True,14,"['Adrenal gland', 'Brain', 'Colon', 'Esophagus', 'Heart', 'Kidney', 'Liver', 'Lung', 'Ovary', 'Placenta', 'Prostate', 'Rectum', 'Testis', 'Urinary bladder']",Monocytes,0.2239,Lung,0.0638,hamlet-multi,
PXD000561,PXD000561-Sample 48,0.3865,predict_proba,True,14,"['Adrenal gland', 'Brain', 'Colon', 'Esophagus', 'Heart', 'Kidney', 'Liver', 'Lung', 'Ovary', 'Placenta', 'Prostate', 'Rectum', 'Testis', 'Urinary bladder']",Spleen,0.2221,Testis,0.0647,hamlet-multi,
PXD000561,PXD000561-Sample 49,0.5118,predict_proba,True,14,"['Adrenal gland', 'Brain', 'Colon', 'Esophagus', 'Heart', 'Kidney', 'Liver', 'Lung', 'Ovary', 'Placenta', 'Prostate', 'Rectum', 'Testis', 'Urinary bladder']",Adrenal gland,0.6498,Adrenal gland,0.6498,hamlet-multi,
PXD000561,PXD000561-Sample 5,0.2758,predict_proba,True,14,"['Adrenal gland', 'Brain', 'Colon', 'Esophagus', 'Heart', 'Kidney', 'Liver', 'Lung', 'Ovary', 'Placenta', 'Prostate', 'Rectum', 'Testis', 'Urinary bladder']",Lung,0.0921,Lung,0.0921,hamlet-multi,
PXD000561,PXD000561-Sample 50,0.482,predict_proba,True,14,"['Adrenal gland', 'Brain', 'Colon', 'Esophagus', 'Heart', 'Kidney', 'Liver', 'Lung', 'Ovary', 'Placenta', 'Prostate', 'Rectum', 'Testis', 'Urinary bladder']",Colon,0.4372,Colon,0.4372,hamlet-multi,
PXD000561,PXD000561-Sample 51,0.3593,predict_proba,True,14,"['Adrenal gland', 'Brain', 'Colon', 'Esophagus', 'Heart', 'Kidney', 'Liver', 'Lung', 'Ovary', 'Placenta', 'Prostate', 'Rectum', 'Testis', 'Urinary bladder']",Colon,0.3852,Colon,0.3852,hamlet-multi,
PXD000561,PXD000561-Sample 52,0.2902,predict_proba,True,14,"['Adrenal gland', 'Brain', 'Colon', 'Esophagus', 'Heart', 'Kidney', 'Liver', 'Lung', 'Ovary', 'Placenta', 'Prostate', 'Rectum', 'Testis', 'Urinary bladder']",Smooth muscle,0.0838,Lung,0.08,hamlet-multi,
PXD000561,PXD000561-Sample 53,0.4531,predict_proba,True,14,"['Adrenal gland', 'Brain', 'Colon', 'Esophagus', 'Heart', 'Kidney', 'Liver', 'Lung', 'Ovary', 'Placenta', 'Prostate', 'Rectum', 'Testis', 'Urinary bladder']",Endometrium,0.0921,Kidney,0.088,hamlet-multi,
PXD000561,PXD000561-Sample 54,0.3638,predict_proba,True,14,"['Adrenal gland', 'Brain', 'Colon', 'Esophagus', 'Heart', 'Kidney', 'Liver', 'Lung', 'Ovary', 'Placenta', 'Prostate', 'Rectum', 'Testis', 'Urinary bladder']",Heart,0.7101,Heart,0.7101,hamlet-multi,
PXD000561,PXD000561-Sample 55,0.4116,predict_proba,True,14,"['Adrenal gland', 'Brain', 'Colon', 'Esophagus', 'Heart', 'Kidney', 'Liver', 'Lung', 'Ovary', 'Placenta', 'Prostate', 'Rectum', 'Testis', 'Urinary bladder']",Kidney,0.3496,Kidney,0.3496,hamlet-multi,
PXD000561,PXD000561-Sample 56,0.4188,predict_proba,True,14,"['Adrenal gland', 'Brain', 'Colon', 'Esophagus', 'Heart', 'Kidney', 'Liver', 'Lung', 'Ovary', 'Placenta', 'Prostate', 'Rectum', 'Testis', 'Urinary bladder']",Lung,0.2828,Lung,0.2828,hamlet-multi,
PXD000561,PXD000561-Sample 57,0.5394,predict_proba,True,14,"['Adrenal gland', 'Brain', 'Colon', 'Esophagus', 'Heart', 'Kidney', 'Liver', 'Lung', 'Ovary', 'Placenta', 'Prostate', 'Rectum', 'Testis', 'Urinary bladder']",Endometrium,0.1362,Lung,0.0925,hamlet-multi,
PXD000561,PXD000561-Sample 58,0.5631,predict_proba,True,14,"['Adrenal gland', 'Brain', 'Colon', 'Esophagus', 'Heart', 'Kidney', 'Liver', 'Lung', 'Ovary', 'Placenta', 'Prostate', 'Rectum', 'Testis', 'Urinary bladder']",Testis,0.7629,Testis,0.7629,hamlet-multi,
PXD000561,PXD000561-Sample 59,0.5926,predict_proba,True,14,"['Adrenal gland', 'Brain', 'Colon', 'Esophagus', 'Heart', 'Kidney', 'Liver', 'Lung', 'Ovary', 'Placenta', 'Prostate', 'Rectum', 'Testis', 'Urinary bladder']",Colon,0.0944,Colon,0.0944,hamlet-multi,
PXD000561,PXD000561-Sample 6,0.2444,predict_proba,True,14,"['Adrenal gland', 'Brain', 'Colon', 'Esophagus', 'Heart', 'Kidney', 'Liver', 'Lung', 'Ovary', 'Placenta', 'Prostate', 'Rectum', 'Testis', 'Urinary bladder']",Heart,0.5683,Heart,0.5683,hamlet-multi,
PXD000561,PXD000561-Sample 60,0.3322,predict_proba,True,14,"['Adrenal gland', 'Brain', 'Colon', 'Esophagus', 'Heart', 'Kidney', 'Liver', 'Lung', 'Ovary', 'Placenta', 'Prostate', 'Rectum', 'Testis', 'Urinary bladder']",Lung,0.0895,Lung,0.0895,hamlet-multi,
PXD000561,PXD000561-Sample 61,0.5486,predict_proba,True,14,"['Adrenal gland', 'Brain', 'Colon', 'Esophagus', 'Heart', 'Kidney', 'Liver', 'Lung', 'Ovary', 'Placenta', 'Prostate', 'Rectum', 'Testis', 'Urinary bladder']",Prostate,0.4024,Prostate,0.4024,hamlet-multi,
PXD000561,PXD000561-Sample 62,0.4631,predict_proba,True,14,"['Adrenal gland', 'Brain', 'Colon', 'Esophagus', 'Heart', 'Kidney', 'Liver', 'Lung', 'Ovary', 'Placenta', 'Prostate', 'Rectum', 'Testis', 'Urinary bladder']",Prostate,0.4766,Prostate,0.4766,hamlet-multi,
PXD000561,PXD000561-Sample 63,0.417,predict_proba,True,14,"['Adrenal gland', 'Brain', 'Colon', 'Esophagus', 'Heart', 'Kidney', 'Liver', 'Lung', 'Ovary', 'Placenta', 'Prostate', 'Rectum', 'Testis', 'Urinary bladder']",Colon,0.4493,Colon,0.4493,hamlet-multi,
PXD000561,PXD000561-Sample 64,0.5822,predict_proba,True,14,"['Adrenal gland', 'Brain', 'Colon', 'Esophagus', 'Heart', 'Kidney', 'Liver', 'Lung', 'Ovary', 'Placenta', 'Prostate', 'Rectum', 'Testis', 'Urinary bladder']",Brain,0.089,Brain,0.089,hamlet-multi,
PXD000561,PXD000561-Sample 65,0.4941,predict_proba,True,14,"['Adrenal gland', 'Brain', 'Colon', 'Esophagus', 'Heart', 'Kidney', 'Liver', 'Lung', 'Ovary', 'Placenta', 'Prostate', 'Rectum', 'Testis', 'Urinary bladder']",Lung,0.0808,Lung,0.0808,hamlet-multi,
PXD000561,PXD000561-Sample 66,0.4608,predict_proba,True,14,"['Adrenal gland', 'Brain', 'Colon', 'Esophagus', 'Heart', 'Kidney', 'Liver', 'Lung', 'Ovary', 'Placenta', 'Prostate', 'Rectum', 'Testis', 'Urinary bladder']",Brain,0.6023,Brain,0.6023,hamlet-multi,
PXD000561,PXD000561-Sample 67,0.3872,predict_proba,True,14,"['Adrenal gland', 'Brain', 'Colon', 'Esophagus', 'Heart', 'Kidney', 'Liver', 'Lung', 'Ovary', 'Placenta', 'Prostate', 'Rectum', 'Testis', 'Urinary bladder']",Brain,0.4315,Brain,0.4315,hamlet-multi,
PXD000561,PXD000561-Sample 68,0.6282,predict_proba,True,14,"['Adrenal gland', 'Brain', 'Colon', 'Esophagus', 'Heart', 'Kidney', 'Liver', 'Lung', 'Ovary', 'Placenta', 'Prostate', 'Rectum', 'Testis', 'Urinary bladder']",Testis,0.8817,Testis,0.8817,hamlet-multi,
PXD000561,PXD000561-Sample 69,0.5141,predict_proba,True,14,"['Adrenal gland', 'Brain', 'Colon', 'Esophagus', 'Heart', 'Kidney', 'Liver', 'Lung', 'Ovary', 'Placenta', 'Prostate', 'Rectum', 'Testis', 'Urinary bladder']",Lung,0.0957,Lung,0.0957,hamlet-multi,
PXD000561,PXD000561-Sample 7,0.2066,predict_proba,True,14,"['Adrenal gland', 'Brain', 'Colon', 'Esophagus', 'Heart', 'Kidney', 'Liver', 'Lung', 'Ovary', 'Placenta', 'Prostate', 'Rectum', 'Testis', 'Urinary bladder']",Heart,0.5419,Heart,0.5419,hamlet-multi,
PXD000561,PXD000561-Sample 70,0.3434,predict_proba,True,14,"['Adrenal gland', 'Brain', 'Colon', 'Esophagus', 'Heart', 'Kidney', 'Liver', 'Lung', 'Ovary', 'Placenta', 'Prostate', 'Rectum', 'Testis', 'Urinary bladder']",Esophagus,0.1844,Esophagus,0.1844,hamlet-multi,
PXD000561,PXD000561-Sample 71,0.4628,predict_proba,True,14,"['Adrenal gland', 'Brain', 'Colon', 'Esophagus', 'Heart', 'Kidney', 'Liver', 'Lung', 'Ovary', 'Placenta', 'Prostate', 'Rectum', 'Testis', 'Urinary bladder']",Urinary bladder,0.2069,Urinary bladder,0.2069,hamlet-multi,
PXD000561,PXD000561-Sample 72,0.4638,predict_proba,True,14,"['Adrenal gland', 'Brain', 'Colon', 'Esophagus', 'Heart', 'Kidney', 'Liver', 'Lung', 'Ovary', 'Placenta', 'Prostate', 'Rectum', 'Testis', 'Urinary bladder']",Colon,0.1896,Colon,0.1896,hamlet-multi,
PXD000561,PXD000561-Sample 73,0.4104,predict_proba,True,14,"['Adrenal gland', 'Brain', 'Colon', 'Esophagus', 'Heart', 'Kidney', 'Liver', 'Lung', 'Ovary', 'Placenta', 'Prostate', 'Rectum', 'Testis', 'Urinary bladder']",Heart,0.5405,Heart,0.5405,hamlet-multi,
PXD000561,PXD000561-Sample 74,0.529,predict_proba,True,14,"['Adrenal gland', 'Brain', 'Colon', 'Esophagus', 'Heart', 'Kidney', 'Liver', 'Lung', 'Ovary', 'Placenta', 'Prostate', 'Rectum', 'Testis', 'Urinary bladder']",Testis,0.0965,Testis,0.0965,hamlet-multi,
PXD000561,PXD000561-Sample 75,0.527,predict_proba,True,14,"['Adrenal gland', 'Brain', 'Colon', 'Esophagus', 'Heart', 'Kidney', 'Liver', 'Lung', 'Ovary', 'Placenta', 'Prostate', 'Rectum', 'Testis', 'Urinary bladder']",Monocytes,0.1999,Testis,0.0506,hamlet-multi,
PXD000561,PXD000561-Sample 76,0.4673,predict_proba,True,14,"['Adrenal gland', 'Brain', 'Colon', 'Esophagus', 'Heart', 'Kidney', 'Liver', 'Lung', 'Ovary', 'Placenta', 'Prostate', 'Rectum', 'Testis', 'Urinary bladder']",Monocytes,0.244,Lung,0.0554,hamlet-multi,
PXD000561,PXD000561-Sample 77,0.5494,predict_proba,True,14,"['Adrenal gland', 'Brain', 'Colon', 'Esophagus', 'Heart', 'Kidney', 'Liver', 'Lung', 'Ovary', 'Placenta', 'Prostate', 'Rectum', 'Testis', 'Urinary bladder']",Monocytes,0.1694,,,hamlet-multi,
PXD000561,PXD000561-Sample 78,0.5672,predict_proba,True,14,"['Adrenal gland', 'Brain', 'Colon', 'Esophagus', 'Heart', 'Kidney', 'Liver', 'Lung', 'Ovary', 'Placenta', 'Prostate', 'Rectum', 'Testis', 'Urinary bladder']",Monocytes,0.239,Testis,0.0607,hamlet-multi,
PXD000561,PXD000561-Sample 79,0.3925,predict_proba,True,14,"['Adrenal gland', 'Brain', 'Colon', 'Esophagus', 'Heart', 'Kidney', 'Liver', 'Lung', 'Ovary', 'Placenta', 'Prostate', 'Rectum', 'Testis', 'Urinary bladder']",Placenta,0.5523,Placenta,0.5523,hamlet-multi,
PXD000561,PXD000561-Sample 8,0.292,predict_proba,True,14,"['Adrenal gland', 'Brain', 'Colon', 'Esophagus', 'Heart', 'Kidney', 'Liver', 'Lung', 'Ovary', 'Placenta', 'Prostate', 'Rectum', 'Testis', 'Urinary bladder']",Kidney,0.6064,Kidney,0.6064,hamlet-multi,
PXD000561,PXD000561-Sample 80,0.4399,predict_proba,True,14,"['Adrenal gland', 'Brain', 'Colon', 'Esophagus', 'Heart', 'Kidney', 'Liver', 'Lung', 'Ovary', 'Placenta', 'Prostate', 'Rectum', 'Testis', 'Urinary bladder']",Brain,0.8767,Brain,0.8767,hamlet-multi,
PXD000561,PXD000561-Sample 81,0.3213,predict_proba,True,14,"['Adrenal gland', 'Brain', 'Colon', 'Esophagus', 'Heart', 'Kidney', 'Liver', 'Lung', 'Ovary', 'Placenta', 'Prostate', 'Rectum', 'Testis', 'Urinary bladder']",Heart,0.7053,Heart,0.7053,hamlet-multi,
PXD000561,PXD000561-Sample 82,0.5349,predict_proba,True,14,"['Adrenal gland', 'Brain', 'Colon', 'Esophagus', 'Heart', 'Kidney', 'Liver', 'Lung', 'Ovary', 'Placenta', 'Prostate', 'Rectum', 'Testis', 'Urinary bladder']",Liver,0.9687,Liver,0.9687,hamlet-multi,
PXD000561,PXD000561-Sample 83,0.3618,predict_proba,True,14,"['Adrenal gland', 'Brain', 'Colon', 'Esophagus', 'Heart', 'Kidney', 'Liver', 'Lung', 'Ovary', 'Placenta', 'Prostate', 'Rectum', 'Testis', 'Urinary bladder']",Liver,0.8615,Liver,0.8615,hamlet-multi,
PXD000561,PXD000561-Sample 84,0.4661,predict_proba,True,14,"['Adrenal gland', 'Brain', 'Colon', 'Esophagus', 'Heart', 'Kidney', 'Liver', 'Lung', 'Ovary', 'Placenta', 'Prostate', 'Rectum', 'Testis', 'Urinary bladder']",Colon,0.5111,Colon,0.5111,hamlet-multi,
PXD000561,PXD000561-Sample 85,0.4745,predict_proba,True,14,"['Adrenal gland', 'Brain', 'Colon', 'Esophagus', 'Heart', 'Kidney', 'Liver', 'Lung', 'Ovary', 'Placenta', 'Prostate', 'Rectum', 'Testis', 'Urinary bladder']",Brain,0.9268,Brain,0.9268,hamlet-multi,
PXD000561,PXD000561-Sample 9,0.2771,predict_proba,True,14,"['Adrenal gland', 'Brain', 'Colon', 'Esophagus', 'Heart', 'Kidney', 'Liver', 'Lung', 'Ovary', 'Placenta', 'Prostate', 'Rectum', 'Testis', 'Urinary bladder']",Kidney,0.601,Kidney,0.601,hamlet-multi,
PXD005693,151112-MClass-15-3405-01-AKZ,0.1194,predict_proba,True,2,"['Colon', 'Liver']",Colon,0.2054,Colon,0.2054,hamlet-multi,
PXD005693,151112-MClass-15-3406-01-AKZ,0.2169,predict_proba,True,2,"['Colon', 'Liver']",Colon,0.1139,Colon,0.1139,hamlet-multi,
PXD005693,151112-MClass-15-3407-01-AKZ,0.1219,predict_proba,True,2,"['Colon', 'Liver']",Ovary,0.1059,,,hamlet-multi,
PXD005693,151112-MClass-15-3408-01-AKZ,0.1353,predict_proba,True,2,"['Colon', 'Liver']",Colon,0.1595,Colon,0.1595,hamlet-multi,
PXD005693,151112-MClass-15-3409-01-AKZ,0.1673,predict_proba,True,2,"['Colon', 'Liver']",Colon,0.3439,Colon,0.3439,hamlet-multi,
PXD005693,151112-MClass-15-3410-01-AKZ,0.2077,predict_proba,True,2,"['Colon', 'Liver']",Monocytes,0.1411,,,hamlet-multi,
PXD005693,151112-MClass-15-3411-01-AKZ,0.1836,predict_proba,True,2,"['Colon', 'Liver']",Colon,0.3281,Colon,0.3281,hamlet-multi,
PXD005693,151112-MClass-15-3412-01-AKZ,0.2624,predict_proba,True,2,"['Colon', 'Liver']",Colon,0.1457,Colon,0.1457,hamlet-multi,
PXD005693,151112-MClass-15-3413-01-AKZ,0.2173,predict_proba,True,2,"['Colon', 'Liver']",Colon,0.3422,Colon,0.3422,hamlet-multi,
PXD005693,151112-MClass-15-3414-01-AKZ,0.2959,predict_proba,True,2,"['Colon', 'Liver']",Colon,0.1573,Colon,0.1573,hamlet-multi,
PXD005693,151112-MClass-15-3415-01-AKZ,0.2117,predict_proba,True,2,"['Colon', 'Liver']",Colon,0.3107,Colon,0.3107,hamlet-multi,
PXD005693,151112-MClass-15-3416-01-AKZ,0.2786,predict_proba,True,2,"['Colon', 'Liver']",Monocytes,0.1117,Colon,0.0875,hamlet-multi,
PXD005693,151112-MClass-15-3417-01-AKZ,0.1609,predict_proba,True,2,"['Colon', 'Liver']",Colon,0.2498,Colon,0.2498,hamlet-multi,
PXD005693,151112-MClass-15-3418-01-AKZ,0.0945,shap_penalty1,False,2,"['Colon', 'Liver']",Nasal Polyps,0.0926,Colon,0.0685,hamlet-multi,
PXD005693,151112-MClass-15-3419-01-AKZ,0.0988,shap_penalty1,False,2,"['Colon', 'Liver']",Stomach,0.0709,,,hamlet-multi,
PXD006401,10_HE2_2,0.1836,predict_proba,True,2,"['Kidney', 'Tonsil']",Tonsil,0.2136,Tonsil,0.2136,sdrf,Tonsil
PXD006401,11_hematoxylin2_1,0.1771,predict_proba,True,2,"['Kidney', 'Tonsil']",Tonsil,0.1792,Tonsil,0.1792,sdrf,Tonsil
PXD006401,12_hematoxylin2_2,0.2091,predict_proba,True,2,"['Kidney', 'Tonsil']",Tonsil,0.2149,Tonsil,0.2149,sdrf,Tonsil
PXD006401,13_hemalaun2_1,0.1753,predict_proba,True,2,"['Kidney', 'Tonsil']",Tonsil,0.1829,Tonsil,0.1829,sdrf,Tonsil
PXD006401,14_hemalaun2_2,0.1977,predict_proba,True,2,"['Kidney', 'Tonsil']",Tonsil,0.2267,Tonsil,0.2267,sdrf,Tonsil
PXD006401,15_unstained2_1,0.202,predict_proba,True,2,"['Kidney', 'Tonsil']",Tonsil,0.2244,Tonsil,0.2244,sdrf,Tonsil
PXD006401,16_unstained2_2,0.1781,predict_proba,True,2,"['Kidney', 'Tonsil']",Tonsil,0.1922,Tonsil,0.1922,sdrf,Tonsil
PXD006401,1_HE1_1,0.1594,predict_proba,True,2,"['Kidney', 'Tonsil']",Tonsil,0.1966,Tonsil,0.1966,sdrf,Tonsil
PXD006401,2_HE1_2,0.1773,predict_proba,True,2,"['Kidney', 'Tonsil']",Tonsil,0.2495,Tonsil,0.2495,sdrf,Tonsil
PXD006401,3_hematoxylin1_1,0.2071,predict_proba,True,2,"['Kidney', 'Tonsil']",Tonsil,0.2489,Tonsil,0.2489,sdrf,Tonsil
PXD006401,4_hematoxylin1_2,0.1775,predict_proba,True,2,"['Kidney', 'Tonsil']",Tonsil,0.1913,Tonsil,0.1913,sdrf,Tonsil
PXD006401,5_hemalaun1_1,0.1913,predict_proba,True,2,"['Kidney', 'Tonsil']",Tonsil,0.239,Tonsil,0.239,sdrf,Tonsil
PXD006401,6_hemalaun1_2,0.2111,predict_proba,True,2,"['Kidney', 'Tonsil']",Tonsil,0.2215,Tonsil,0.2215,sdrf,Tonsil
PXD006401,9_HE2_1,0.1657,predict_proba,True,2,"['Kidney', 'Tonsil']",Tonsil,0.2417,Tonsil,0.2417,sdrf,Tonsil
PXD010154,PXD010154-V102,0.7643,predict_proba,True,28,"['Adipose tissue', 'Adrenal gland', 'Appendix', 'Bone marrow', 'Brain', 'Colon', 'Duodenum', 'Endometrium', 'Esophagus', 'Heart', 'Kidney', 'Liver', 'Lung', 'Lymph node', 'Ovary', 'Oviduct', 'Pituitary gland', 'Placenta', 'Prostate', 'Rectum', 'Salivary gland', 'Small intestine', 'Spleen', 'Stomach', 'Testis', 'Thyroid', 'Tonsil', 'Urinary bladder']",Brain,0.8047,Brain,0.8047,hamlet-multi,
PXD010154,PXD010154-V122,0.7918,predict_proba,True,28,"['Adipose tissue', 'Adrenal gland', 'Appendix', 'Bone marrow', 'Brain', 'Colon', 'Duodenum', 'Endometrium', 'Esophagus', 'Heart', 'Kidney', 'Liver', 'Lung', 'Lymph node', 'Ovary', 'Oviduct', 'Pituitary gland', 'Placenta', 'Prostate', 'Rectum', 'Salivary gland', 'Small intestine', 'Spleen', 'Stomach', 'Testis', 'Thyroid', 'Tonsil', 'Urinary bladder']",Adrenal gland,0.5768,Adrenal gland,0.5768,hamlet-multi,
PXD010154,PXD010154-V128,0.719,predict_proba,True,28,"['Adipose tissue', 'Adrenal gland', 'Appendix', 'Bone marrow', 'Brain', 'Colon', 'Duodenum', 'Endometrium', 'Esophagus', 'Heart', 'Kidney', 'Liver', 'Lung', 'Lymph node', 'Ovary', 'Oviduct', 'Pituitary gland', 'Placenta', 'Prostate', 'Rectum', 'Salivary gland', 'Small intestine', 'Spleen', 'Stomach', 'Testis', 'Thyroid', 'Tonsil', 'Urinary bladder']",Prostate,0.5547,Prostate,0.5547,hamlet-multi,
PXD010154,PXD010154-V133,0.8317,predict_proba,True,28,"['Adipose tissue', 'Adrenal gland', 'Appendix', 'Bone marrow', 'Brain', 'Colon', 'Duodenum', 'Endometrium', 'Esophagus', 'Heart', 'Kidney', 'Liver', 'Lung', 'Lymph node', 'Ovary', 'Oviduct', 'Pituitary gland', 'Placenta', 'Prostate', 'Rectum', 'Salivary gland', 'Small intestine', 'Spleen', 'Stomach', 'Testis', 'Thyroid', 'Tonsil', 'Urinary bladder']",Lung,0.2144,Lung,0.2144,hamlet-multi,
PXD010154,PXD010154-V134,0.7739,predict_proba,True,28,"['Adipose tissue', 'Adrenal gland', 'Appendix', 'Bone marrow', 'Brain', 'Colon', 'Duodenum', 'Endometrium', 'Esophagus', 'Heart', 'Kidney', 'Liver', 'Lung', 'Lymph node', 'Ovary', 'Oviduct', 'Pituitary gland', 'Placenta', 'Prostate', 'Rectum', 'Salivary gland', 'Small intestine', 'Spleen', 'Stomach', 'Testis', 'Thyroid', 'Tonsil', 'Urinary bladder']",Testis,0.7648,Testis,0.7648,hamlet-multi,
PXD010154,PXD010154-V145,0.7966,predict_proba,True,28,"['Adipose tissue', 'Adrenal gland', 'Appendix', 'Bone marrow', 'Brain', 'Colon', 'Duodenum', 'Endometrium', 'Esophagus', 'Heart', 'Kidney', 'Liver', 'Lung', 'Lymph node', 'Ovary', 'Oviduct', 'Pituitary gland', 'Placenta', 'Prostate', 'Rectum', 'Salivary gland', 'Small intestine', 'Spleen', 'Stomach', 'Testis', 'Thyroid', 'Tonsil', 'Urinary bladder']",Small intestine,0.3037,Small intestine,0.3037,hamlet-multi,
PXD010154,PXD010154-V151,0.7939,predict_proba,True,28,"['Adipose tissue', 'Adrenal gland', 'Appendix', 'Bone marrow', 'Brain', 'Colon', 'Duodenum', 'Endometrium', 'Esophagus', 'Heart', 'Kidney', 'Liver', 'Lung', 'Lymph node', 'Ovary', 'Oviduct', 'Pituitary gland', 'Placenta', 'Prostate', 'Rectum', 'Salivary gland', 'Small intestine', 'Spleen', 'Stomach', 'Testis', 'Thyroid', 'Tonsil', 'Urinary bladder']",Small intestine,0.6323,Small intestine,0.6323,hamlet-multi,
PXD010154,PXD010154-V154,0.6325,predict_proba,True,28,"['Adipose tissue', 'Adrenal gland', 'Appendix', 'Bone marrow', 'Brain', 'Colon', 'Duodenum', 'Endometrium', 'Esophagus', 'Heart', 'Kidney', 'Liver', 'Lung', 'Lymph node', 'Ovary', 'Oviduct', 'Pituitary gland', 'Placenta', 'Prostate', 'Rectum', 'Salivary gland', 'Small intestine', 'Spleen', 'Stomach', 'Testis', 'Thyroid', 'Tonsil', 'Urinary bladder']",Appendix,0.1706,Appendix,0.1706,hamlet-multi,
PXD010154,PXD010154-V176,0.7197,predict_proba,True,28,"['Adipose tissue', 'Adrenal gland', 'Appendix', 'Bone marrow', 'Brain', 'Colon', 'Duodenum', 'Endometrium', 'Esophagus', 'Heart', 'Kidney', 'Liver', 'Lung', 'Lymph node', 'Ovary', 'Oviduct', 'Pituitary gland', 'Placenta', 'Prostate', 'Rectum', 'Salivary gland', 'Small intestine', 'Spleen', 'Stomach', 'Testis', 'Thyroid', 'Tonsil', 'Urinary bladder']",Urinary bladder,0.1969,Urinary bladder,0.1969,hamlet-multi,
PXD010154,PXD010154-V179,0.726,predict_proba,True,28,"['Adipose tissue', 'Adrenal gland', 'Appendix', 'Bone marrow', 'Brain', 'Colon', 'Duodenum', 'Endometrium', 'Esophagus', 'Heart', 'Kidney', 'Liver', 'Lung', 'Lymph node', 'Ovary', 'Oviduct', 'Pituitary gland', 'Placenta', 'Prostate', 'Rectum', 'Salivary gland', 'Small intestine', 'Spleen', 'Stomach', 'Testis', 'Thyroid', 'Tonsil', 'Urinary bladder']",Lung,0.1118,Lung,0.1118,hamlet-multi,
PXD010154,PXD010154-V184,0.7023,predict_proba,True,28,"['Adipose tissue', 'Adrenal gland', 'Appendix', 'Bone marrow', 'Brain', 'Colon', 'Duodenum', 'Endometrium', 'Esophagus', 'Heart', 'Kidney', 'Liver', 'Lung', 'Lymph node', 'Ovary', 'Oviduct', 'Pituitary gland', 'Placenta', 'Prostate', 'Rectum', 'Salivary gland', 'Small intestine', 'Spleen', 'Stomach', 'Testis', 'Thyroid', 'Tonsil', 'Urinary bladder']",Esophagus,0.321,Esophagus,0.321,hamlet-multi,
PXD010154,PXD010154-V191,0.6514,predict_proba,True,28,"['Adipose tissue', 'Adrenal gland', 'Appendix', 'Bone marrow', 'Brain', 'Colon', 'Duodenum', 'Endometrium', 'Esophagus', 'Heart', 'Kidney', 'Liver', 'Lung', 'Lymph node', 'Ovary', 'Oviduct', 'Pituitary gland', 'Placenta', 'Prostate', 'Rectum', 'Salivary gland', 'Small intestine', 'Spleen', 'Stomach', 'Testis', 'Thyroid', 'Tonsil', 'Urinary bladder']",Heart,0.6635,Heart,0.6635,hamlet-multi,
PXD010154,PXD010154-V193,0.6951,predict_proba,True,28,"['Adipose tissue', 'Adrenal gland', 'Appendix', 'Bone marrow', 'Brain', 'Colon', 'Duodenum', 'Endometrium', 'Esophagus', 'Heart', 'Kidney', 'Liver', 'Lung', 'Lymph node', 'Ovary', 'Oviduct', 'Pituitary gland', 'Placenta', 'Prostate', 'Rectum', 'Salivary gland', 'Small intestine', 'Spleen', 'Stomach', 'Testis', 'Thyroid', 'Tonsil', 'Urinary bladder']",Lymph node,0.1691,Lymph node,0.1691,hamlet-multi,
PXD010154,PXD010154-V196,0.7225,predict_proba,True,28,"['Adipose tissue', 'Adrenal gland', 'Appendix', 'Bone marrow', 'Brain', 'Colon', 'Duodenum', 'Endometrium', 'Esophagus', 'Heart', 'Kidney', 'Liver', 'Lung', 'Lymph node', 'Ovary', 'Oviduct', 'Pituitary gland', 'Placenta', 'Prostate', 'Rectum', 'Salivary gland', 'Small intestine', 'Spleen', 'Stomach', 'Testis', 'Thyroid', 'Tonsil', 'Urinary bladder']",Thyroid,0.4948,Thyroid,0.4948,hamlet-multi,
PXD010154,PXD010154-V200,0.7224,predict_proba,True,28,"['Adipose tissue', 'Adrenal gland', 'Appendix', 'Bone marrow', 'Brain', 'Colon', 'Duodenum', 'Endometrium', 'Esophagus', 'Heart', 'Kidney', 'Liver', 'Lung', 'Lymph node', 'Ovary', 'Oviduct', 'Pituitary gland', 'Placenta', 'Prostate', 'Rectum', 'Salivary gland', 'Small intestine', 'Spleen', 'Stomach', 'Testis', 'Thyroid', 'Tonsil', 'Urinary bladder']",Endometrium,0.1524,Endometrium,0.1524,hamlet-multi,
PXD010154,PXD010154-V223,0.7434,predict_proba,True,28,"['Adipose tissue', 'Adrenal gland', 'Appendix', 'Bone marrow', 'Brain', 'Colon', 'Duodenum', 'Endometrium', 'Esophagus', 'Heart', 'Kidney', 'Liver', 'Lung', 'Lymph node', 'Ovary', 'Oviduct', 'Pituitary gland', 'Placenta', 'Prostate', 'Rectum', 'Salivary gland', 'Small intestine', 'Spleen', 'Stomach', 'Testis', 'Thyroid', 'Tonsil', 'Urinary bladder']",Placenta,0.8085,Placenta,0.8085,hamlet-multi,
PXD010154,PXD010154-V229,0.6439,predict_proba,True,28,"['Adipose tissue', 'Adrenal gland', 'Appendix', 'Bone marrow', 'Brain', 'Colon', 'Duodenum', 'Endometrium', 'Esophagus', 'Heart', 'Kidney', 'Liver', 'Lung', 'Lymph node', 'Ovary', 'Oviduct', 'Pituitary gland', 'Placenta', 'Prostate', 'Rectum', 'Salivary gland', 'Small intestine', 'Spleen', 'Stomach', 'Testis', 'Thyroid', 'Tonsil', 'Urinary bladder']",Lung,0.0782,Lung,0.0782,hamlet-multi,
PXD010154,PXD010154-V233,0.7056,predict_proba,True,28,"['Adipose tissue', 'Adrenal gland', 'Appendix', 'Bone marrow', 'Brain', 'Colon', 'Duodenum', 'Endometrium', 'Esophagus', 'Heart', 'Kidney', 'Liver', 'Lung', 'Lymph node', 'Ovary', 'Oviduct', 'Pituitary gland', 'Placenta', 'Prostate', 'Rectum', 'Salivary gland', 'Small intestine', 'Spleen', 'Stomach', 'Testis', 'Thyroid', 'Tonsil', 'Urinary bladder']",Ovary,0.3607,Ovary,0.3607,hamlet-multi,
PXD010154,PXD010154-V240,0.7699,predict_proba,True,28,"['Adipose tissue', 'Adrenal gland', 'Appendix', 'Bone marrow', 'Brain', 'Colon', 'Duodenum', 'Endometrium', 'Esophagus', 'Heart', 'Kidney', 'Liver', 'Lung', 'Lymph node', 'Ovary', 'Oviduct', 'Pituitary gland', 'Placenta', 'Prostate', 'Rectum', 'Salivary gland', 'Small intestine', 'Spleen', 'Stomach', 'Testis', 'Thyroid', 'Tonsil', 'Urinary bladder']",Salivary gland,0.5844,Salivary gland,0.5844,hamlet-multi,
PXD010154,PXD010154-V262,0.6735,predict_proba,True,28,"['Adipose tissue', 'Adrenal gland', 'Appendix', 'Bone marrow', 'Brain', 'Colon', 'Duodenum', 'Endometrium', 'Esophagus', 'Heart', 'Kidney', 'Liver', 'Lung', 'Lymph node', 'Ovary', 'Oviduct', 'Pituitary gland', 'Placenta', 'Prostate', 'Rectum', 'Salivary gland', 'Small intestine', 'Spleen', 'Stomach', 'Testis', 'Thyroid', 'Tonsil', 'Urinary bladder']",Placenta,0.6957,Placenta,0.6957,hamlet-multi,
PXD010154,PXD010154-V266,0.7001,predict_proba,True,28,"['Adipose tissue', 'Adrenal gland', 'Appendix', 'Bone marrow', 'Brain', 'Colon', 'Duodenum', 'Endometrium', 'Esophagus', 'Heart', 'Kidney', 'Liver', 'Lung', 'Lymph node', 'Ovary', 'Oviduct', 'Pituitary gland', 'Placenta', 'Prostate', 'Rectum', 'Salivary gland', 'Small intestine', 'Spleen', 'Stomach', 'Testis', 'Thyroid', 'Tonsil', 'Urinary bladder']",Smooth muscle,0.1424,Endometrium,0.1134,hamlet-multi,
PXD010154,PXD010154-V269,0.7438,predict_proba,True,28,"['Adipose tissue', 'Adrenal gland', 'Appendix', 'Bone marrow', 'Brain', 'Colon', 'Duodenum', 'Endometrium', 'Esophagus', 'Heart', 'Kidney', 'Liver', 'Lung', 'Lymph node', 'Ovary', 'Oviduct', 'Pituitary gland', 'Placenta', 'Prostate', 'Rectum', 'Salivary gland', 'Small intestine', 'Spleen', 'Stomach', 'Testis', 'Thyroid', 'Tonsil', 'Urinary bladder']",Colon,0.5184,Colon,0.5184,hamlet-multi,
PXD010154,PXD010154-V277,0.8023,predict_proba,True,28,"['Adipose tissue', 'Adrenal gland', 'Appendix', 'Bone marrow', 'Brain', 'Colon', 'Duodenum', 'Endometrium', 'Esophagus', 'Heart', 'Kidney', 'Liver', 'Lung', 'Lymph node', 'Ovary', 'Oviduct', 'Pituitary gland', 'Placenta', 'Prostate', 'Rectum', 'Salivary gland', 'Small intestine', 'Spleen', 'Stomach', 'Testis', 'Thyroid', 'Tonsil', 'Urinary bladder']",Oviduct,0.4504,Oviduct,0.4504,hamlet-multi,
PXD010154,PXD010154-V289,0.6352,predict_proba,True,28,"['Adipose tissue', 'Adrenal gland', 'Appendix', 'Bone marrow', 'Brain', 'Colon', 'Duodenum', 'Endometrium', 'Esophagus', 'Heart', 'Kidney', 'Liver', 'Lung', 'Lymph node', 'Ovary', 'Oviduct', 'Pituitary gland', 'Placenta', 'Prostate', 'Rectum', 'Salivary gland', 'Small intestine', 'Spleen', 'Stomach', 'Testis', 'Thyroid', 'Tonsil', 'Urinary bladder']",Liver,0.8261,Liver,0.8261,hamlet-multi,
PXD010154,PXD010154-V290,0.7011,predict_proba,True,28,"['Adipose tissue', 'Adrenal gland', 'Appendix', 'Bone marrow', 'Brain', 'Colon', 'Duodenum', 'Endometrium', 'Esophagus', 'Heart', 'Kidney', 'Liver', 'Lung', 'Lymph node', 'Ovary', 'Oviduct', 'Pituitary gland', 'Placenta', 'Prostate', 'Rectum', 'Salivary gland', 'Small intestine', 'Spleen', 'Stomach', 'Testis', 'Thyroid', 'Tonsil', 'Urinary bladder']",Liver,0.9325,Liver,0.9325,hamlet-multi,
PXD010154,PXD010154-V291,0.6264,predict_proba,True,28,"['Adipose tissue', 'Adrenal gland', 'Appendix', 'Bone marrow', 'Brain', 'Colon', 'Duodenum', 'Endometrium', 'Esophagus', 'Heart', 'Kidney', 'Liver', 'Lung', 'Lymph node', 'Ovary', 'Oviduct', 'Pituitary gland', 'Placenta', 'Prostate', 'Rectum', 'Salivary gland', 'Small intestine', 'Spleen', 'Stomach', 'Testis', 'Thyroid', 'Tonsil', 'Urinary bladder']",Colon,0.1243,Colon,0.1243,hamlet-multi,
PXD010154,PXD010154-V293,0.766,predict_proba,True,28,"['Adipose tissue', 'Adrenal gland', 'Appendix', 'Bone marrow', 'Brain', 'Colon', 'Duodenum', 'Endometrium', 'Esophagus', 'Heart', 'Kidney', 'Liver', 'Lung', 'Lymph node', 'Ovary', 'Oviduct', 'Pituitary gland', 'Placenta', 'Prostate', 'Rectum', 'Salivary gland', 'Small intestine', 'Spleen', 'Stomach', 'Testis', 'Thyroid', 'Tonsil', 'Urinary bladder']",Tonsil,0.316,Tonsil,0.316,hamlet-multi,
PXD010154,PXD010154-V296,0.6424,predict_proba,True,28,"['Adipose tissue', 'Adrenal gland', 'Appendix', 'Bone marrow', 'Brain', 'Colon', 'Duodenum', 'Endometrium', 'Esophagus', 'Heart', 'Kidney', 'Liver', 'Lung', 'Lymph node', 'Ovary', 'Oviduct', 'Pituitary gland', 'Placenta', 'Prostate', 'Rectum', 'Salivary gland', 'Small intestine', 'Spleen', 'Stomach', 'Testis', 'Thyroid', 'Tonsil', 'Urinary bladder']",Stomach,0.5548,Stomach,0.5548,hamlet-multi,
PXD010154,PXD010154-V299,0.702,predict_proba,True,28,"['Adipose tissue', 'Adrenal gland', 'Appendix', 'Bone marrow', 'Brain', 'Colon', 'Duodenum', 'Endometrium', 'Esophagus', 'Heart', 'Kidney', 'Liver', 'Lung', 'Lymph node', 'Ovary', 'Oviduct', 'Pituitary gland', 'Placenta', 'Prostate', 'Rectum', 'Salivary gland', 'Small intestine', 'Spleen', 'Stomach', 'Testis', 'Thyroid', 'Tonsil', 'Urinary bladder']",Lung,0.418,Lung,0.418,hamlet-multi,
PXD010154,PXD010154-V301,0.7433,predict_proba,True,28,"['Adipose tissue', 'Adrenal gland', 'Appendix', 'Bone marrow', 'Brain', 'Colon', 'Duodenum', 'Endometrium', 'Esophagus', 'Heart', 'Kidney', 'Liver', 'Lung', 'Lymph node', 'Ovary', 'Oviduct', 'Pituitary gland', 'Placenta', 'Prostate', 'Rectum', 'Salivary gland', 'Small intestine', 'Spleen', 'Stomach', 'Testis', 'Thyroid', 'Tonsil', 'Urinary bladder']",Esophagus,0.2344,Esophagus,0.2344,hamlet-multi,
PXD010154,PXD010154-V315,0.6588,predict_proba,True,28,"['Adipose tissue', 'Adrenal gland', 'Appendix', 'Bone marrow', 'Brain', 'Colon', 'Duodenum', 'Endometrium', 'Esophagus', 'Heart', 'Kidney', 'Liver', 'Lung', 'Lymph node', 'Ovary', 'Oviduct', 'Pituitary gland', 'Placenta', 'Prostate', 'Rectum', 'Salivary gland', 'Small intestine', 'Spleen', 'Stomach', 'Testis', 'Thyroid', 'Tonsil', 'Urinary bladder']",Adipose tissue,0.3312,Adipose tissue,0.3312,hamlet-multi,
PXD010154,PXD010154-V321,0.7374,predict_proba,True,28,"['Adipose tissue', 'Adrenal gland', 'Appendix', 'Bone marrow', 'Brain', 'Colon', 'Duodenum', 'Endometrium', 'Esophagus', 'Heart', 'Kidney', 'Liver', 'Lung', 'Lymph node', 'Ovary', 'Oviduct', 'Pituitary gland', 'Placenta', 'Prostate', 'Rectum', 'Salivary gland', 'Small intestine', 'Spleen', 'Stomach', 'Testis', 'Thyroid', 'Tonsil', 'Urinary bladder']",Colon,0.4344,Colon,0.4344,hamlet-multi,
PXD010154,PXD010154-V358,0.7603,predict_proba,True,28,"['Adipose tissue', 'Adrenal gland', 'Appendix', 'Bone marrow', 'Brain', 'Colon', 'Duodenum', 'Endometrium', 'Esophagus', 'Heart', 'Kidney', 'Liver', 'Lung', 'Lymph node', 'Ovary', 'Oviduct', 'Pituitary gland', 'Placenta', 'Prostate', 'Rectum', 'Salivary gland', 'Small intestine', 'Spleen', 'Stomach', 'Testis', 'Thyroid', 'Tonsil', 'Urinary bladder']",Liver,0.8937,Liver,0.8937,hamlet-multi,
PXD010154,PXD010154-V359,0.7265,predict_proba,True,28,"['Adipose tissue', 'Adrenal gland', 'Appendix', 'Bone marrow', 'Brain', 'Colon', 'Duodenum', 'Endometrium', 'Esophagus', 'Heart', 'Kidney', 'Liver', 'Lung', 'Lymph node', 'Ovary', 'Oviduct', 'Pituitary gland', 'Placenta', 'Prostate', 'Rectum', 'Salivary gland', 'Small intestine', 'Spleen', 'Stomach', 'Testis', 'Thyroid', 'Tonsil', 'Urinary bladder']",Kidney,0.7619,Kidney,0.7619,hamlet-multi,
PXD010154,PXD010154-V362,0.633,predict_proba,True,28,"['Adipose tissue', 'Adrenal gland', 'Appendix', 'Bone marrow', 'Brain', 'Colon', 'Duodenum', 'Endometrium', 'Esophagus', 'Heart', 'Kidney', 'Liver', 'Lung', 'Lymph node', 'Ovary', 'Oviduct', 'Pituitary gland', 'Placenta', 'Prostate', 'Rectum', 'Salivary gland', 'Small intestine', 'Spleen', 'Stomach', 'Testis', 'Thyroid', 'Tonsil', 'Urinary bladder']",Liver,0.9242,Liver,0.9242,hamlet-multi,
PXD010154,PXD010154-V364,0.4415,predict_proba,True,28,"['Adipose tissue', 'Adrenal gland', 'Appendix', 'Bone marrow', 'Brain', 'Colon', 'Duodenum', 'Endometrium', 'Esophagus', 'Heart', 'Kidney', 'Liver', 'Lung', 'Lymph node', 'Ovary', 'Oviduct', 'Pituitary gland', 'Placenta', 'Prostate', 'Rectum', 'Salivary gland', 'Small intestine', 'Spleen', 'Stomach', 'Testis', 'Thyroid', 'Tonsil', 'Urinary bladder']",Bone marrow,0.5498,Bone marrow,0.5498,hamlet-multi,
PXD010154,PXD010154-V500,0.5994,predict_proba,True,28,"['Adipose tissue', 'Adrenal gland', 'Appendix', 'Bone marrow', 'Brain', 'Colon', 'Duodenum', 'Endometrium', 'Esophagus', 'Heart', 'Kidney', 'Liver', 'Lung', 'Lymph node', 'Ovary', 'Oviduct', 'Pituitary gland', 'Placenta', 'Prostate', 'Rectum', 'Salivary gland', 'Small intestine', 'Spleen', 'Stomach', 'Testis', 'Thyroid', 'Tonsil', 'Urinary bladder']",Pituitary gland,0.7506,Pituitary gland,0.7506,hamlet-multi,
PXD010154,PXD010154-V501,0.7086,predict_proba,True,28,"['Adipose tissue', 'Adrenal gland', 'Appendix', 'Bone marrow', 'Brain', 'Colon', 'Duodenum', 'Endometrium', 'Esophagus', 'Heart', 'Kidney', 'Liver', 'Lung', 'Lymph node', 'Ovary', 'Oviduct', 'Pituitary gland', 'Placenta', 'Prostate', 'Rectum', 'Salivary gland', 'Small intestine', 'Spleen', 'Stomach', 'Testis', 'Thyroid', 'Tonsil', 'Urinary bladder']",Pituitary gland,0.7325,Pituitary gland,0.7325,hamlet-multi,
PXD010154,PXD010154-V82,0.7001,predict_proba,True,28,"['Adipose tissue', 'Adrenal gland', 'Appendix', 'Bone marrow', 'Brain', 'Colon', 'Duodenum', 'Endometrium', 'Esophagus', 'Heart', 'Kidney', 'Liver', 'Lung', 'Lymph node', 'Ovary', 'Oviduct', 'Pituitary gland', 'Placenta', 'Prostate', 'Rectum', 'Salivary gland', 'Small intestine', 'Spleen', 'Stomach', 'Testis', 'Thyroid', 'Tonsil', 'Urinary bladder']",Spleen,0.2853,Spleen,0.2853,hamlet-multi,
PXD010154,PXD010154-V90,0.7737,predict_proba,True,28,"['Adipose tissue', 'Adrenal gland', 'Appendix', 'Bone marrow', 'Brain', 'Colon', 'Duodenum', 'Endometrium', 'Esophagus', 'Heart', 'Kidney', 'Liver', 'Lung', 'Lymph node', 'Ovary', 'Oviduct', 'Pituitary gland', 'Placenta', 'Prostate', 'Rectum', 'Salivary gland', 'Small intestine', 'Spleen', 'Stomach', 'Testis', 'Thyroid', 'Tonsil', 'Urinary bladder']",Stomach,0.4163,Stomach,0.4163,hamlet-multi,
PXD010271,61928_PT_S1_6029_A_13Jan14_Frodo_13-12-03,0.0147,shap_penalty1,False,3,"['Brain', 'Liver', 'Ovary']",Pituitary gland,0.1568,,,hamlet-multi,
PXD010271,61928_PT_S1_6051_A_13Jan14_Frodo_13-12-03,0.0095,shap_penalty1,False,3,"['Brain', 'Liver', 'Ovary']",Pituitary gland,0.0996,,,hamlet-multi,
PXD010271,61928_PT_S1_6172_A_15Jan14_Frodo_13-12-03,0.0139,shap_penalty1,False,3,"['Brain', 'Liver', 'Ovary']",Pituitary gland,0.0768,,,hamlet-multi,
PXD010271,61928_PT_S1_6174_A_15Jan14_Frodo_13-12-03,0.0119,shap_penalty1,False,3,"['Brain', 'Liver', 'Ovary']",Pituitary gland,0.1676,,,hamlet-multi,
PXD010271,61928_PT_S1_6196_A_rr_15Jan14_Frodo_13-12-03,0.0261,shap_penalty1,False,3,"['Brain', 'Liver', 'Ovary']",Pituitary gland,0.0811,,,hamlet-multi,
PXD010271,61928_PT_S1_6211_A_15Jan14_Frodo_13-12-03,0.0114,shap_penalty1,False,3,"['Brain', 'Liver', 'Ovary']",Pituitary gland,0.1628,,,hamlet-multi,
PXD010271,61928_PT_S1_6211_B_15Jan14_Frodo_13-12-03,0.009,shap_penalty1,False,3,"['Brain', 'Liver', 'Ovary']",Pituitary gland,0.1655,,,hamlet-multi,
PXD010271,61928_PT_S1_6212_A_15Jan14_Frodo_13-12-03,0.0187,shap_penalty1,False,3,"['Brain', 'Liver', 'Ovary']",Pituitary gland,0.0942,,,hamlet-multi,
PXD010271,61928_PT_S3_6029_A_30Nov13_Samwise_13-07-28,0.1311,predict_proba,True,3,"['Brain', 'Liver', 'Ovary']",Lung,0.0914,,,hamlet-multi,
PXD010271,61928_PT_S3_6051_A_30Nov13_Samwise_13-07-28,0.154,predict_proba,True,3,"['Brain', 'Liver', 'Ovary']",Lung,0.0972,,,hamlet-multi,
PXD010271,61928_PT_S3_6057_A_30Nov13_Samwise_13-07-28,0.098,shap_penalty1,False,3,"['Brain', 'Liver', 'Ovary']",Testis,0.0554,,,hamlet-multi,
PXD010271,61928_PT_S3_6096_A_30Nov13_Samwise_13-07-28,0.0992,shap_penalty1,False,3,"['Brain', 'Liver', 'Ovary']",Stomach,0.0606,,,hamlet-multi,
PXD010271,61928_PT_S3_6172_A_30Nov13_Samwise_13-07-28,0.1256,predict_proba,True,3,"['Brain', 'Liver', 'Ovary']",Lung,0.085,Ovary,0.0459,hamlet-multi,
PXD010271,61928_PT_S3_6174_A_30Nov13_Samwise_13-07-28,0.0925,shap_penalty1,False,3,"['Brain', 'Liver', 'Ovary']",Stomach,0.0441,,,hamlet-multi,
PXD010271,61928_PT_S3_6195_A_30Nov13_Samwise_13-07-28,0.1602,predict_proba,True,3,"['Brain', 'Liver', 'Ovary']",Lung,0.0885,,,hamlet-multi,
PXD010271,61928_PT_S3_6196_A_30Nov13_Samwise_13-07-28,0.2051,predict_proba,True,3,"['Brain', 'Liver', 'Ovary']",Lung,0.0875,,,hamlet-multi,
PXD010271,61928_PT_S3_6211_A_30Nov13_Samwise_13-07-28,0.1241,predict_proba,True,3,"['Brain', 'Liver', 'Ovary']",Lung,0.0783,,,hamlet-multi,
PXD010271,61928_PT_S3_6212_A_30Nov13_Samwise_13-07-28,0.1592,predict_proba,True,3,"['Brain', 'Liver', 'Ovary']",Lung,0.1079,,,hamlet-multi,
PXD010271,62276_AC_1_5May14_Samwise_13-07-17,0.0948,shap_penalty1,False,3,"['Brain', 'Liver', 'Ovary']",Kidney,0.0723,,,hamlet-multi,
PXD010271,62276_AC_2_5May14_Samwise_13-07-17,0.0378,shap_penalty1,False,3,"['Brain', 'Liver', 'Ovary']",Kidney,0.1271,Liver,0.0608,hamlet-multi,
PXD010271,62276_AC_3_5May14_Samwise_13-07-17,0.0759,shap_penalty1,False,3,"['Brain', 'Liver', 'Ovary']",Kidney,0.0935,Liver,0.0601,hamlet-multi,
PXD010271,62276_PI_1_5May14_Samwise_13-07-17,0.0998,shap_penalty1,False,3,"['Brain', 'Liver', 'Ovary']",Pituitary gland,0.1787,,,hamlet-multi,
PXD010271,62276_PI_2_5May14_Samwise_13-07-17,0.0948,shap_penalty1,False,3,"['Brain', 'Liver', 'Ovary']",Pituitary gland,0.2052,,,hamlet-multi,
PXD010271,62276_PI_3_5May14_Samwise_13-07-17,0.1069,predict_proba,True,3,"['Brain', 'Liver', 'Ovary']",Pituitary gland,0.1669,,,hamlet-multi,
PXD010271,AH_LT_HH_1014_11Sept16_Frodo_16-05-17,0.2002,predict_proba,True,3,"['Brain', 'Liver', 'Ovary']",Liver,0.9222,Liver,0.9222,hamlet-multi,
PXD010271,AH_LT_HH_1029_11Sept16_Frodo_16-05-17,0.203,predict_proba,True,3,"['Brain', 'Liver', 'Ovary']",Liver,0.9513,Liver,0.9513,hamlet-multi,
PXD010271,AH_LT_HH_1033_11Sept16_Frodo_16-05-17,0.2012,predict_proba,True,3,"['Brain', 'Liver', 'Ovary']",Liver,0.9412,Liver,0.9412,hamlet-multi,
PXD010271,AH_LT_HH_1044_11Sept16_Frodo_16-05-17,0.1979,predict_proba,True,3,"['Brain', 'Liver', 'Ovary']",Liver,0.9255,Liver,0.9255,hamlet-multi,
PXD010271,AH_LT_HH_1050_11Sept16_Frodo_16-05-17,0.2199,predict_proba,True,3,"['Brain', 'Liver', 'Ovary']",Liver,0.7482,Liver,0.7482,hamlet-multi,
PXD010271,AH_LT_HH_1062_11Sept16_Frodo_16-05-17-rerun,0.2002,predict_proba,True,3,"['Brain', 'Liver', 'Ovary']",Liver,0.8696,Liver,0.8696,hamlet-multi,
PXD010271,AH_LT_HH_1073_11Sept16_Frodo_16-05-17,0.2051,predict_proba,True,3,"['Brain', 'Liver', 'Ovary']",Liver,0.9256,Liver,0.9256,hamlet-multi,
PXD010271,AH_LT_HH_1087_11Sept16_Frodo_16-05-17,0.1974,predict_proba,True,3,"['Brain', 'Liver', 'Ovary']",Liver,0.911,Liver,0.911,hamlet-multi,
PXD010271,AH_LT_HH_987_11Sept16_Frodo_16-05-17,0.192,predict_proba,True,3,"['Brain', 'Liver', 'Ovary']",Liver,0.8797,Liver,0.8797,hamlet-multi,
PXD010271,AH_LT_HH_991_11Sept16_Frodo_16-05-17,0.2037,predict_proba,True,3,"['Brain', 'Liver', 'Ovary']",Liver,0.8027,Liver,0.8027,hamlet-multi,
PXD010271,AH_LT_UMN_1144_11Sept16_Frodo_16-05-17,0.2081,predict_proba,True,3,"['Brain', 'Liver', 'Ovary']",Liver,0.9096,Liver,0.9096,hamlet-multi,
PXD010271,AH_LT_UMN_1188_11Sept16_Frodo_16-05-17,0.2194,predict_proba,True,3,"['Brain', 'Liver', 'Ovary']",Liver,0.7279,Liver,0.7279,hamlet-multi,
PXD010271,AH_LT_UMN_1228_11Sept16_Frodo_16-05-17,0.2261,predict_proba,True,3,"['Brain', 'Liver', 'Ovary']",Liver,0.7123,Liver,0.7123,hamlet-multi,
PXD010271,AH_LT_UMN_1259_11Sept16_Frodo_16-05-17,0.2265,predict_proba,True,3,"['Brain', 'Liver', 'Ovary']",Liver,0.6857,Liver,0.6857,hamlet-multi,
PXD010271,AH_LT_UMN_1311_11Sept16_Frodo_16-05-17,0.2168,predict_proba,True,3,"['Brain', 'Liver', 'Ovary']",Liver,0.6449,Liver,0.6449,hamlet-multi,
PXD010271,AH_LT_UMN_1319_11Sept16_Frodo_16-05-17,0.2268,predict_proba,True,3,"['Brain', 'Liver', 'Ovary']",Liver,0.5917,Liver,0.5917,hamlet-multi,
PXD010271,AH_LT_UMN_1338_11Sept16_Frodo_16-05-17,0.2051,predict_proba,True,3,"['Brain', 'Liver', 'Ovary']",Liver,0.7247,Liver,0.7247,hamlet-multi,
PXD010271,AH_LT_UMN_1348_11Sept16_Frodo_16-05-17,0.2216,predict_proba,True,3,"['Brain', 'Liver', 'Ovary']",Liver,0.6983,Liver,0.6983,hamlet-multi,
PXD010271,AH_LT_UMN_1350_11Sept16_Frodo_16-05-17,0.2286,predict_proba,True,3,"['Brain', 'Liver', 'Ovary']",Liver,0.6927,Liver,0.6927,hamlet-multi,
PXD010271,AH_LT_UMN_1370_11Sept16_Frodo_16-05-17,0.2146,predict_proba,True,3,"['Brain', 'Liver', 'Ovary']",Liver,0.768,Liver,0.768,hamlet-multi,
PXD010271,AH_LT_UMN_1371_11Sept16_Frodo_16-05-17,0.2283,predict_proba,True,3,"['Brain', 'Liver', 'Ovary']",Liver,0.5901,Liver,0.5901,hamlet-multi,
PXD010271,AH_LT_UMN_1401_11Sept16_Frodo_16-05-17,0.2097,predict_proba,True,3,"['Brain', 'Liver', 'Ovary']",Liver,0.6119,Liver,0.6119,hamlet-multi,
PXD010271,AH_LT_UMN_1427_11Sept16_Frodo_16-05-17,0.2012,predict_proba,True,3,"['Brain', 'Liver', 'Ovary']",Liver,0.9005,Liver,0.9005,hamlet-multi,
PXD010271,AH_LT_UMN_1443_11Sept16_Frodo_16-05-17,0.2052,predict_proba,True,3,"['Brain', 'Liver', 'Ovary']",Liver,0.7866,Liver,0.7866,hamlet-multi,
PXD010271,AH_LT_UMN_1444_11Sept16_Frodo_16-05-17,0.2298,predict_proba,True,3,"['Brain', 'Liver', 'Ovary']",Liver,0.6186,Liver,0.6186,hamlet-multi,
PXD010271,AH_LT_UMN_1468_11Sept16_Frodo_16-05-17,0.2042,predict_proba,True,3,"['Brain', 'Liver', 'Ovary']",Liver,0.854,Liver,0.854,hamlet-multi,
PXD010271,AH_LT_UMN_1509_11Sept16_Frodo_16-05-17,0.2248,predict_proba,True,3,"['Brain', 'Liver', 'Ovary']",Liver,0.6533,Liver,0.6533,hamlet-multi,
PXD010271,AH_LT_UMN_1519_11Sept16_Frodo_16-05-17,0.2084,predict_proba,True,3,"['Brain', 'Liver', 'Ovary']",Liver,0.6004,Liver,0.6004,hamlet-multi,
PXD010271,AH_LT_UMN_1521_11Sept16_Frodo_16-05-17,0.2121,predict_proba,True,3,"['Brain', 'Liver', 'Ovary']",Liver,0.8551,Liver,0.8551,hamlet-multi,
PXD010271,AH_LT_UMN_1522_11Sept16_Frodo_16-05-17,0.2241,predict_proba,True,3,"['Brain', 'Liver', 'Ovary']",Liver,0.539,Liver,0.539,hamlet-multi,
PXD010271,Alz_FX1P159_Guan_1_26Jul10_Andromeda_10-06-28,0.0704,shap_penalty1,False,3,"['Brain', 'Liver', 'Ovary']",Brain,0.6887,Brain,0.6887,hamlet-multi,
PXD010271,Alz_FX1P159_Guan_3_26Jul10_Andromeda_10-06-28,0.0733,shap_penalty1,False,3,"['Brain', 'Liver', 'Ovary']",Brain,0.6876,Brain,0.6876,hamlet-multi,
PXD010271,Alz_FX1P159_Guan_Typx2_1_26Jul10_Andromeda_10-06-29,0.0741,shap_penalty1,False,3,"['Brain', 'Liver', 'Ovary']",Brain,0.6114,Brain,0.6114,hamlet-multi,
PXD010271,Alz_FX1P159_Guan_Typx2_2_26Jul10_Andromeda_10-06-28,0.0773,shap_penalty1,False,3,"['Brain', 'Liver', 'Ovary']",Brain,0.6923,Brain,0.6923,hamlet-multi,
PXD010271,Alz_FX1P159_Guan_Typx2_3_26Jul10_Andromeda_10-06-29,0.0821,shap_penalty1,False,3,"['Brain', 'Liver', 'Ovary']",Brain,0.5621,Brain,0.5621,hamlet-multi,
PXD010271,Alz_FX2P57_IMAC_142_23May11_Hawk_11-04-02p,0.0559,shap_penalty1,False,3,"['Brain', 'Liver', 'Ovary']",Brain,0.7261,Brain,0.7261,hamlet-multi,
PXD010271,Alz_FX2P57_IMAC_147_20Apr11_Hawk_10-12-03p,0.0746,shap_penalty1,False,3,"['Brain', 'Liver', 'Ovary']",Brain,0.6232,Brain,0.6232,hamlet-multi,
PXD010271,Alz_FX2P57_IMAC_148_23May11_Hawk_11-04-02p,0.0868,shap_penalty1,False,3,"['Brain', 'Liver', 'Ovary']",Brain,0.6043,Brain,0.6043,hamlet-multi,
PXD010271,Alz_FX2P57_IMAC_150_23May11_Hawk_11-04-02p,0.0545,shap_penalty1,False,3,"['Brain', 'Liver', 'Ovary']",Brain,0.5093,Brain,0.5093,hamlet-multi,
PXD010271,Alz_FX2P57_IMAC_151_11May11_Hawk_11-04-02p,0.035,shap_penalty1,False,3,"['Brain', 'Liver', 'Ovary']",Brain,0.1448,Brain,0.1448,hamlet-multi,
PXD010271,Alz_FX2P57_IMAC_151_7May11_Hawk_11-04-02p,0.0256,shap_penalty1,False,3,"['Brain', 'Liver', 'Ovary']",Brain,0.2652,Brain,0.2652,hamlet-multi,
PXD010271,Alz_FX2P57_IMAC_153_11May11_Hawk_11-04-02p,0.0823,shap_penalty1,False,3,"['Brain', 'Liver', 'Ovary']",Brain,0.5558,Brain,0.5558,hamlet-multi,
PXD010271,Alz_FX2P57_IMAC_153_9May11_Hawk_11-04-02p,0.0669,shap_penalty1,False,3,"['Brain', 'Liver', 'Ovary']",Brain,0.5556,Brain,0.5556,hamlet-multi,
PXD010271,Alz_FX2P57_IMAC_154_23May11_Hawk_11-04-02p,0.0664,shap_penalty1,False,3,"['Brain', 'Liver', 'Ovary']",Brain,0.4864,Brain,0.4864,hamlet-multi,
PXD010271,Alz_FX2P57_IMAC_160_20Apr11_Hawk_10-12-03p,0.0293,shap_penalty1,False,3,"['Brain', 'Liver', 'Ovary']",Brain,0.4146,Brain,0.4146,hamlet-multi,
PXD010271,Alz_FX2P57_IMAC_161_20Apr11_Hawk_10-12-03p,0.0592,shap_penalty1,False,3,"['Brain', 'Liver', 'Ovary']",Brain,0.4639,Brain,0.4639,hamlet-multi,
PXD010271,Alz_FX2P57_IMAC_161_9May11_Hawk_11-04-02p,0.0569,shap_penalty1,False,3,"['Brain', 'Liver', 'Ovary']",Brain,0.53,Brain,0.53,hamlet-multi,
PXD010271,Alz_FX2P57_IMAC_163_26Apr11_Hawk_10-12-03p,0.0557,shap_penalty1,False,3,"['Brain', 'Liver', 'Ovary']",Brain,0.3241,Brain,0.3241,hamlet-multi,
PXD010271,Alz_FX2P57_IMAC_171_11May11_Hawk_11-04-02p,0.0279,shap_penalty1,False,3,"['Brain', 'Liver', 'Ovary']",Brain,0.4142,Brain,0.4142,hamlet-multi,
PXD010271,Alz_FX2P57_IMAC_175_20Apr11_Hawk_10-12-03p,0.0438,shap_penalty1,False,3,"['Brain', 'Liver', 'Ovary']",Brain,0.5224,Brain,0.5224,hamlet-multi,
PXD010271,Alz_FX2P57_IMAC_179_23May11_Hawk_11-04-02p,0.06,shap_penalty1,False,3,"['Brain', 'Liver', 'Ovary']",Brain,0.4456,Brain,0.4456,hamlet-multi,
PXD010271,Alz_FX2P57_IMAC_184_20Apr11_Hawk_10-12-03p,0.0677,shap_penalty1,False,3,"['Brain', 'Liver', 'Ovary']",Brain,0.6559,Brain,0.6559,hamlet-multi,
PXD010271,Alz_FX2P57_IMAC_187_26Apr11_Hawk_10-12-03p,0.0216,shap_penalty1,False,3,"['Brain', 'Liver', 'Ovary']",Brain,0.346,Brain,0.346,hamlet-multi,
PXD010271,Alz_FX2P57_IMAC_187_7May11_Hawk_11-04-02p,0.0159,shap_penalty1,False,3,"['Brain', 'Liver', 'Ovary']",Brain,0.2277,Brain,0.2277,hamlet-multi,
PXD010271,Alz_FX2P57_IMAC_189_11May11_Hawk_11-04-02p,0.0503,shap_penalty1,False,3,"['Brain', 'Liver', 'Ovary']",Brain,0.6254,Brain,0.6254,hamlet-multi,
PXD010271,Alz_FX2P57_IMAC_190_11May11_Hawk_11-04-02p,0.0269,shap_penalty1,False,3,"['Brain', 'Liver', 'Ovary']",Brain,0.2802,Brain,0.2802,hamlet-multi,
PXD010271,Alz_FX2P57_IMAC_195_20Apr11_Hawk_10-12-03p,0.0482,shap_penalty1,False,3,"['Brain', 'Liver', 'Ovary']",Brain,0.5684,Brain,0.5684,hamlet-multi,
PXD010271,Alz_FX2P57_IMAC_200_22Apr11_Hawk_10-12-03p,0.0313,shap_penalty1,False,3,"['Brain', 'Liver', 'Ovary']",Brain,0.4424,Brain,0.4424,hamlet-multi,
PXD010271,Alz_FX2P57_IMAC_212_11May11_Hawk_11-04-02p,0.0567,shap_penalty1,False,3,"['Brain', 'Liver', 'Ovary']",Brain,0.548,Brain,0.548,hamlet-multi,
PXD010271,CPTAC_OvC_01OV007_NM_19Nov15_Arwen_15-07-13,0.1321,predict_proba,True,3,"['Brain', 'Liver', 'Ovary']",Adipose tissue,0.1512,Ovary,0.1109,hamlet-multi,
PXD010271,CPTAC_OvC_01OV008_NM_19Nov15_Arwen_15-07-13,0.1435,predict_proba,True,3,"['Brain', 'Liver', 'Ovary']",Lung,0.0992,Ovary,0.0958,hamlet-multi,
PXD010271,CPTAC_OvC_01OV010_NM_19Nov15_Arwen_15-07-13,0.1597,predict_proba,True,3,"['Brain', 'Liver', 'Ovary']",Heart,0.3201,Ovary,0.1078,hamlet-multi,
PXD010271,CPTAC_OvC_01OV013_NM_19Nov15_Arwen_15-07-13,0.1716,predict_proba,True,3,"['Brain', 'Liver', 'Ovary']",Ovary,0.1484,Ovary,0.1484,hamlet-multi,
PXD010271,CPTAC_OvC_01OV017_NM_19Nov15_Arwen_15-07-13,0.2243,predict_proba,True,3,"['Brain', 'Liver', 'Ovary']",Esophagus,0.2669,Ovary,0.2208,hamlet-multi,
PXD010271,CPTAC_OvC_01OV019_NM_19Nov15_Arwen_15-07-13,0.3246,predict_proba,True,3,"['Brain', 'Liver', 'Ovary']",Lung,0.1053,Ovary,0.0739,hamlet-multi,
PXD010271,CPTAC_OvC_01OV023_NM_19Nov15_Arwen_15-07-13,0.2375,predict_proba,True,3,"['Brain', 'Liver', 'Ovary']",Ovary,0.0983,Ovary,0.0983,hamlet-multi,
PXD010271,CPTAC_OvC_01OV024_NM_19Nov15_Arwen_15-07-13,0.1952,predict_proba,True,3,"['Brain', 'Liver', 'Ovary']",Adipose tissue,0.2372,Ovary,0.1387,hamlet-multi,
PXD010271,CPTAC_OvC_01OV029_NM_19Nov15_Arwen_15-07-13,0.2945,predict_proba,True,3,"['Brain', 'Liver', 'Ovary']",Oviduct,0.1139,Ovary,0.0864,hamlet-multi,
PXD010271,CPTAC_OvC_01OV039_NM_19Nov15_Arwen_15-07-13,0.2214,predict_proba,True,3,"['Brain', 'Liver', 'Ovary']",Esophagus,0.2932,Ovary,0.2001,hamlet-multi,
PXD010271,CPTAC_OvC_04OV050_16Mar16_Arwen_16-01-03,0.3991,predict_proba,True,3,"['Brain', 'Liver', 'Ovary']",Lung,0.0937,,,hamlet-multi,
PXD010271,CPTAC_OvC_04OV051_16Mar16_Arwen_16-01-03,0.3966,predict_proba,True,3,"['Brain', 'Liver', 'Ovary']",Lung,0.1002,Ovary,0.055,hamlet-multi,
PXD010271,CPTAC_OvC_04OV053_16Mar16_Arwen_16-01-03,0.3852,predict_proba,True,3,"['Brain', 'Liver', 'Ovary']",Lung,0.0905,Ovary,0.0618,hamlet-multi,
PXD010271,CPTAC_OvC_17OV001_NM_19Nov15_Arwen_15-07-13,0.3792,predict_proba,True,3,"['Brain', 'Liver', 'Ovary']",Lung,0.1075,Ovary,0.0727,hamlet-multi,
PXD010271,CPTAC_OvC_17OV002_NM_19Nov15_Arwen_15-07-13,0.1169,predict_proba,True,3,"['Brain', 'Liver', 'Ovary']",Ovary,0.2615,Ovary,0.2615,hamlet-multi,
PXD010271,CPTAC_OvC_17OV003_NM_19Nov15_Arwen_15-07-13,0.2005,predict_proba,True,3,"['Brain', 'Liver', 'Ovary']",Oviduct,0.1133,Ovary,0.0906,hamlet-multi,
PXD010271,CPTAC_OvC_17OV004_NM_19Nov15_Arwen_15-07-13,0.1627,predict_proba,True,3,"['Brain', 'Liver', 'Ovary']",Ovary,0.3067,Ovary,0.3067,hamlet-multi,
PXD010271,CPTAC_OvC_17OV005_NM_19Nov15_Arwen_15-07-13,0.1587,predict_proba,True,3,"['Brain', 'Liver', 'Ovary']",Ovary,0.2492,Ovary,0.2492,hamlet-multi,
PXD010271,CPTAC_OvC_17OV014_19Nov15_Arwen_15-07-13,0.3452,predict_proba,True,3,"['Brain', 'Liver', 'Ovary']",Urinary bladder,0.0825,Ovary,0.0575,hamlet-multi,
PXD010271,CPTAC_OvC_17OV015_19Nov15_Arwen_15-07-13,0.329,predict_proba,True,3,"['Brain', 'Liver', 'Ovary']",Lung,0.1008,Ovary,0.0989,hamlet-multi,
PXD010271,CPTAC_OvC_17OV018_19Nov15_Arwen_15-07-13,0.3462,predict_proba,True,3,"['Brain', 'Liver', 'Ovary']",Lung,0.1232,Ovary,0.0611,hamlet-multi,
PXD010271,CPTAC_OvC_17OV025_16Mar16_Arwen_16-01-03,0.3586,predict_proba,True,3,"['Brain', 'Liver', 'Ovary']",Lung,0.1027,,,hamlet-multi,
PXD010271,CPTAC_OvC_17OV027_16Mar16_Arwen_16-01-03,0.3537,predict_proba,True,3,"['Brain', 'Liver', 'Ovary']",Lung,0.0973,,,hamlet-multi,
PXD010271,CPTAC_OvC_17OV028_16Mar16_Arwen_16-01-03,0.4141,predict_proba,True,3,"['Brain', 'Liver', 'Ovary']",Lung,0.0972,,,hamlet-multi,
PXD010271,CPTAC_OvC_17OV030_16Mar16_Arwen_16-01-03,0.3848,predict_proba,True,3,"['Brain', 'Liver', 'Ovary']",Placenta,0.0986,,,hamlet-multi,
PXD010271,CPTAC_OvC_17OV033_16Mar16_Arwen_16-01-03,0.3517,predict_proba,True,3,"['Brain', 'Liver', 'Ovary']",Lung,0.094,,,hamlet-multi,
PXD010271,CPTAC_OvC_17OV036_16Mar16_Arwen_16-01-03,0.2873,predict_proba,True,3,"['Brain', 'Liver', 'Ovary']",Lung,0.102,Ovary,0.0829,hamlet-multi,
PXD010271,CPTAC_OvC_17OV040_16Mar16_Arwen_16-01-03,0.3455,predict_proba,True,3,"['Brain', 'Liver', 'Ovary']",Lung,0.1145,Ovary,0.0643,hamlet-multi,
PXD010271,CPTAC_OvC_26OV009_16Mar16_Arwen_16-01-03,0.3751,predict_proba,True,3,"['Brain', 'Liver', 'Ovary']",Testis,0.1825,Ovary,0.0461,hamlet-multi,
PXD010271,CPTAC_OvC_26OV011_16Mar16_Arwen_16-01-03,0.3536,predict_proba,True,3,"['Brain', 'Liver', 'Ovary']",Lung,0.1185,Ovary,0.0648,hamlet-multi,
PXD010271,CPTAC_TrypDige_undepleted_normal_19Apr13_Methow_13-02-13,0.0152,shap_penalty1,False,3,"['Brain', 'Liver', 'Ovary']",Adipose tissue,0.1271,Ovary,0.0412,hamlet-multi,
PXD010271,DARPA_Mono_SP164116_555_13Nov17_Oak_Jup-17-11-01,0.1938,predict_proba,True,3,"['Brain', 'Liver', 'Ovary']",Monocytes,0.3357,,,hamlet-multi,
PXD010271,DARPA_Mono_SP288C9A_137_17Nov17_Oak_Jup-17-11-01,0.1719,predict_proba,True,3,"['Brain', 'Liver', 'Ovary']",Monocytes,0.4563,,,hamlet-multi,
PXD010271,DARPA_Mono_SP2C1D8E_471_20Nov17_Oak_Jup-17-11-01,0.1773,predict_proba,True,3,"['Brain', 'Liver', 'Ovary']",Monocytes,0.3878,,,hamlet-multi,
PXD010271,DARPA_Mono_SP4FFF3B_797_8Nov17_Oak_Jup-17-11-01,0.187,predict_proba,True,3,"['Brain', 'Liver', 'Ovary']",Monocytes,0.3113,,,hamlet-multi,
PXD010271,DARPA_Mono_SP550403_465_10Nov17_Oak_Jup-17-11-01,0.2134,predict_proba,True,3,"['Brain', 'Liver', 'Ovary']",Monocytes,0.3119,,,hamlet-multi,
PXD010271,DARPA_Mono_SP5C5CCC_143_13Nov17_Oak_Jup-17-11-01,0.1943,predict_proba,True,3,"['Brain', 'Liver', 'Ovary']",Monocytes,0.3342,,,hamlet-multi,
PXD010271,DARPA_Mono_SP6134DC_537_13Nov17_Oak_Jup-17-11-01,0.2009,predict_proba,True,3,"['Brain', 'Liver', 'Ovary']",Monocytes,0.3423,,,hamlet-multi,
PXD010271,DARPA_Mono_SP80746A_543_13Nov17_Oak_Jup-17-11-01,0.1987,predict_proba,True,3,"['Brain', 'Liver', 'Ovary']",Monocytes,0.3515,,,hamlet-multi,
PXD010271,DARPA_Mono_SP8636B5_695_13Nov17_Oak_Jup-17-11-01,0.1696,predict_proba,True,3,"['Brain', 'Liver', 'Ovary']",Monocytes,0.3473,,,hamlet-multi,
PXD010271,DARPA_Mono_SPB7ACE2_495_8Nov17_Oak_Jup-17-11-01,0.2032,predict_proba,True,3,"['Brain', 'Liver', 'Ovary']",Monocytes,0.3107,,,hamlet-multi,
PXD010271,DARPA_Mono_SPC17184_489_10Nov17_Oak_Jup-17-11-01,0.2066,predict_proba,True,3,"['Brain', 'Liver', 'Ovary']",Monocytes,0.2965,,,hamlet-multi,
PXD010271,DARPA_Mono_SPDE5F4C_671_17Nov17_Oak_Jup-17-11-01,0.1786,predict_proba,True,3,"['Brain', 'Liver', 'Ovary']",Monocytes,0.301,,,hamlet-multi,
PXD010271,DARPA_Mono_SPEE2FD2_549_13Nov17_Oak_Jup-17-11-01,0.1954,predict_proba,True,3,"['Brain', 'Liver', 'Ovary']",Monocytes,0.3935,,,hamlet-multi,
PXD010271,DARPA_Mono_SPF3201B_689_20Nov17_Oak_Jup-17-11-01,0.178,predict_proba,True,3,"['Brain', 'Liver', 'Ovary']",Monocytes,0.3151,,,hamlet-multi,
PXD010271,Darpa_2_human_02_23Jan17_Arwem_16-10-25,0.0186,shap_penalty1,False,3,"['Brain', 'Liver', 'Ovary']",Adipose tissue,0.1349,Ovary,0.0372,hamlet-multi,
PXD010271,HCSF_2MP09_N1_1_20Jan10_Griffin_09-11-40,0.01,shap_penalty1,False,3,"['Brain', 'Liver', 'Ovary']",Adipose tissue,0.0417,,,hamlet-multi,
PXD010271,HCSF_2MP09_N1_2_10Feb10_Griffin_09-11-39,0.0077,shap_penalty1,False,3,"['Brain', 'Liver', 'Ovary']",Brain,0.1138,Brain,0.1138,hamlet-multi,
PXD010271,HCSF_2MP09_N2_1_29Jan10_Griffin_09-11-40,0.0079,shap_penalty1,False,3,"['Brain', 'Liver', 'Ovary']",Brain,0.1214,Brain,0.1214,hamlet-multi,
PXD010271,HCSF_2MP09_N3_1_2Feb10_Griffin_09-11-40,0.0079,shap_penalty1,False,3,"['Brain', 'Liver', 'Ovary']",Brain,0.1138,Brain,0.1138,hamlet-multi,
PXD010271,HCSF_2MP09_N4_1_25Jan10_Griffin_09-11-40,0.008,shap_penalty1,False,3,"['Brain', 'Liver', 'Ovary']",Brain,0.121,Brain,0.121,hamlet-multi,
PXD010271,HCSF_2MP09_N6_1_25Jan10_Griffin_09-11-40,0.0095,shap_penalty1,False,3,"['Brain', 'Liver', 'Ovary']",Brain,0.1237,Brain,0.1237,hamlet-multi,
PXD010271,HCSF_2MP09_N7_1_5Feb10_Griffin_09-11-40,0.0075,shap_penalty1,False,3,"['Brain', 'Liver', 'Ovary']",Brain,0.1145,Brain,0.1145,hamlet-multi,
PXD010271,HCSF_2MP09_N8_1_11Feb10_Griffin_09-11-40,0.0094,shap_penalty1,False,3,"['Brain', 'Liver', 'Ovary']",Smooth muscle,0.0405,,,hamlet-multi,
PXD010271,HCSF_CNSL06_1_1_2Feb10_Griffin_09-11-40,0.0095,shap_penalty1,False,3,"['Brain', 'Liver', 'Ovary']",Adipose tissue,0.0439,,,hamlet-multi,
PXD010271,HCSF_CNSL06_2_1_10Feb10_Griffin_09-11-40,0.0084,shap_penalty1,False,3,"['Brain', 'Liver', 'Ovary']",Brain,0.1057,Brain,0.1057,hamlet-multi,
PXD010271,HCSF_CNSL06_4_1_21Jan10_Griffin_09-11-40,0.0129,shap_penalty1,False,3,"['Brain', 'Liver', 'Ovary']",Monocytes,0.054,,,hamlet-multi,
PXD010271,HCSF_CNSL06_5_1_2Feb10_Griffin_09-11-40,0.0102,shap_penalty1,False,3,"['Brain', 'Liver', 'Ovary']",Pituitary gland,0.0533,,,hamlet-multi,
PXD010271,HCSF_MMC06_1_1_24Jan10_Griffin_09-11-40,0.0109,shap_penalty1,False,3,"['Brain', 'Liver', 'Ovary']",Brain,0.1163,Brain,0.1163,hamlet-multi,
PXD010271,HCSF_MMC06_2_1_1Feb10_Griffin_09-11-40,0.0077,shap_penalty1,False,3,"['Brain', 'Liver', 'Ovary']",Monocytes,0.0608,,,hamlet-multi,
PXD010271,HCSF_MMC07_1_1_25Jan10_Griffin_09-11-40,0.0099,shap_penalty1,False,3,"['Brain', 'Liver', 'Ovary']",Skeletal muscle,0.0397,,,hamlet-multi,
PXD010271,HURN_01_run1_9May13_Leopard_13-05-02,0.0271,shap_penalty1,False,3,"['Brain', 'Liver', 'Ovary']",Prostate,0.1771,,,hamlet-multi,
PXD010271,HURN_02_run1_9May13_Leopard_13-05-02,0.0209,shap_penalty1,False,3,"['Brain', 'Liver', 'Ovary']",Kidney,0.0843,,,hamlet-multi,
PXD010271,HURN_03_run1_13May13_Leopard_13-05-02,0.0304,shap_penalty1,False,3,"['Brain', 'Liver', 'Ovary']",Kidney,0.1319,,,hamlet-multi,
PXD010271,HURN_04_run1_13May13_Leopard_13-05-02,0.0234,shap_penalty1,False,3,"['Brain', 'Liver', 'Ovary']",Kidney,0.0957,,,hamlet-multi,
PXD010271,HURN_05_run1_13May13_Leopard_13-05-02,0.0288,shap_penalty1,False,3,"['Brain', 'Liver', 'Ovary']",Oviduct,0.1047,,,hamlet-multi,
PXD010271,HURN_06_run1_13May13_Leopard_13-05-02,0.0284,shap_penalty1,False,3,"['Brain', 'Liver', 'Ovary']",Kidney,0.1167,,,hamlet-multi,
PXD010271,HURN_07_run1_9May13_Leopard_13-05-02,0.0271,shap_penalty1,False,3,"['Brain', 'Liver', 'Ovary']",Kidney,0.0876,,,hamlet-multi,
PXD010271,HURN_08_run1_9May13_Leopard_13-05-02,0.0284,shap_penalty1,False,3,"['Brain', 'Liver', 'Ovary']",Prostate,0.1875,,,hamlet-multi,
PXD010271,HURN_10_run1_13May13_Leopard_13-05-02,0.0335,shap_penalty1,False,3,"['Brain', 'Liver', 'Ovary']",Salivary gland,0.0953,,,hamlet-multi,
PXD010271,HURN_C_01_run1_9May13_Leopard_13-05-02,0.0231,shap_penalty1,False,3,"['Brain', 'Liver', 'Ovary']",Kidney,0.0696,,,hamlet-multi,
PXD010271,HURN_C_02_run1_13May13_Leopard_13-05-02,0.0149,shap_penalty1,False,3,"['Brain', 'Liver', 'Ovary']",Prostate,0.1797,,,hamlet-multi,
PXD010271,HURN_C_03_run1_9May13_Leopard_13-05-02,0.0306,shap_penalty1,False,3,"['Brain', 'Liver', 'Ovary']",Esophagus,0.2059,Ovary,0.0593,hamlet-multi,
PXD010271,HURN_C_04_run1_13May13_Leopard_13-05-02,0.0184,shap_penalty1,False,3,"['Brain', 'Liver', 'Ovary']",Prostate,0.192,,,hamlet-multi,
PXD010271,HURN_C_05_run1_13May13_Leopard_13-05-02,0.0229,shap_penalty1,False,3,"['Brain', 'Liver', 'Ovary']",Kidney,0.0985,,,hamlet-multi,
PXD010271,HURN_C_06_run1_13May13_Leopard_13-05-02,0.0189,shap_penalty1,False,3,"['Brain', 'Liver', 'Ovary']",Prostate,0.1962,,,hamlet-multi,
PXD010271,HURN_C_07_run1_9May13_Leopard_13-05-02,0.0263,shap_penalty1,False,3,"['Brain', 'Liver', 'Ovary']",Esophagus,0.1979,,,hamlet-multi,
PXD010271,HURN_C_08_run1_13May13_Leopard_13-05-02,0.0278,shap_penalty1,False,3,"['Brain', 'Liver', 'Ovary']",Prostate,0.1885,,,hamlet-multi,
PXD010271,HURN_C_09_run1_13May13_Leopard_13-05-02,0.0264,shap_penalty1,False,3,"['Brain', 'Liver', 'Ovary']",Prostate,0.1879,,,hamlet-multi,
PXD010271,HURN_C_10_run1_13May13_Leopard_13-05-02,0.0204,shap_penalty1,False,3,"['Brain', 'Liver', 'Ovary']",Esophagus,0.2312,Ovary,0.0601,hamlet-multi,
PXD010271,Human_Pancreas_OCT_6227_17Apr15_Frodo_15-02-07,0.0365,shap_penalty1,False,3,"['Brain', 'Liver', 'Ovary']",Duodenum,0.0507,,,name,
PXD010271,Human_Pancreas_OCT_6229_17Apr15_Frodo_15-02-07,0.0343,shap_penalty1,False,3,"['Brain', 'Liver', 'Ovary']",Kidney,0.0668,,,name,
PXD010271,Human_Pancreas_Vial_6229_17Apr15_Frodo_15-02-07,0.0227,shap_penalty1,False,3,"['Brain', 'Liver', 'Ovary']",Kidney,0.0667,,,name,
PXD010271,LSDF2_10-0005-05_Velo_B_15Sep11_Jaguar_11-06-28,0.0114,shap_penalty1,False,3,"['Brain', 'Liver', 'Ovary']",Placenta,0.0445,,,hamlet-multi,
PXD010271,LSDF2_10-0013-09_Velo_A_12Sep11_Jaguar_11-06-28,0.0124,shap_penalty1,False,3,"['Brain', 'Liver', 'Ovary']",Adipose tissue,0.0589,,,hamlet-multi,
PXD010271,LSDF2_10-0013-09_Velo_B_12Sep11_Jaguar_11-06-28,0.0127,shap_penalty1,False,3,"['Brain', 'Liver', 'Ovary']",Adipose tissue,0.069,,,hamlet-multi,
PXD010271,LSDF2_10-0032-02_Velo_A_12Sep11_Jaguar_11-06-28,0.0157,shap_penalty1,False,3,"['Brain', 'Liver', 'Ovary']",Adipose tissue,0.0904,Ovary,0.0436,hamlet-multi,
PXD010271,LSDF2_10-0196-09_Velo_A_12Sep11_Jaguar_11-06-28,0.0104,shap_penalty1,False,3,"['Brain', 'Liver', 'Ovary']",Adipose tissue,0.0511,,,hamlet-multi,
PXD010271,LSDF2_10-0457-03_Velo_A_15Sep11_Jaguar_11-06-28,0.0124,shap_penalty1,False,3,"['Brain', 'Liver', 'Ovary']",Adipose tissue,0.0656,,,hamlet-multi,
PXD010271,LSDF2_10-0523-08_Velo_A_20Sep11_Jaguar_11-06-28,0.0125,shap_penalty1,False,3,"['Brain', 'Liver', 'Ovary']",Adipose tissue,0.062,,,hamlet-multi,
PXD010271,LSDF2_10-0543-07_Velo_A_12Sep11_Jaguar_11-06-28,0.0125,shap_penalty1,False,3,"['Brain', 'Liver', 'Ovary']",Adrenal gland,0.1133,,,hamlet-multi,
PXD010271,LSDF2_10-0718-05_Velo_A_20Sep11_Jaguar_11-06-28,0.0127,shap_penalty1,False,3,"['Brain', 'Liver', 'Ovary']",Adipose tissue,0.0896,,,hamlet-multi,
PXD010271,LSDF2_10-1165-06_Velo_A_12Sep11_Jaguar_11-06-28,0.0107,shap_penalty1,False,3,"['Brain', 'Liver', 'Ovary']",Adipose tissue,0.0575,,,hamlet-multi,
PXD010271,Lewy2_1Cs_2Nov13_Samwise_13-07-28,0.291,predict_proba,True,3,"['Brain', 'Liver', 'Ovary']",Brain,0.7843,Brain,0.7843,hamlet-multi,
PXD010271,Lewy2_1Ct1_2Nov13_Samwise_13-07-28,0.3022,predict_proba,True,3,"['Brain', 'Liver', 'Ovary']",Brain,0.7903,Brain,0.7903,hamlet-multi,
PXD010271,Lewy2_1Ct2_2Nov13_Samwise_13-07-28,0.2947,predict_proba,True,3,"['Brain', 'Liver', 'Ovary']",Brain,0.8417,Brain,0.8417,hamlet-multi,
PXD010271,Lewy2_2Cs_2Nov13_Samwise_13-07-28,0.289,predict_proba,True,3,"['Brain', 'Liver', 'Ovary']",Brain,0.7915,Brain,0.7915,hamlet-multi,
PXD010271,Lewy2_2Ct1_2Nov13_Samwise_13-07-28,0.2812,predict_proba,True,3,"['Brain', 'Liver', 'Ovary']",Brain,0.8236,Brain,0.8236,hamlet-multi,
PXD010271,Lewy2_2Ct2_2Nov13_Samwise_13-07-28,0.2909,predict_proba,True,3,"['Brain', 'Liver', 'Ovary']",Brain,0.8132,Brain,0.8132,hamlet-multi,
PXD010271,Lewy2_4Cs_2Nov13_Samwise_13-07-28,0.2898,predict_proba,True,3,"['Brain', 'Liver', 'Ovary']",Brain,0.8334,Brain,0.8334,hamlet-multi,
PXD010271,Lewy2_4Ct1_2Nov13_Samwise_13-07-28,0.2673,predict_proba,True,3,"['Brain', 'Liver', 'Ovary']",Brain,0.8145,Brain,0.8145,hamlet-multi,
PXD010271,Lewy2_4Ct2_2Nov13_Samwise_13-07-28,0.2907,predict_proba,True,3,"['Brain', 'Liver', 'Ovary']",Brain,0.8404,Brain,0.8404,hamlet-multi,
PXD010271,Lewy2_5Cs_2Nov13_Samwise_13-07-28,0.2825,predict_proba,True,3,"['Brain', 'Liver', 'Ovary']",Brain,0.8435,Brain,0.8435,hamlet-multi,
PXD010271,Lewy2_5Ct1_2Nov13_Samwise_13-07-28,0.299,predict_proba,True,3,"['Brain', 'Liver', 'Ovary']",Brain,0.8613,Brain,0.8613,hamlet-multi,
PXD010271,Lewy2_5Ct2_2Nov13_Samwise_13-07-28,0.2781,predict_proba,True,3,"['Brain', 'Liver', 'Ovary']",Brain,0.8434,Brain,0.8434,hamlet-multi,
PXD010271,Lewy3_17Cs_17Sep14_Frodo_14-04-13,0.1203,predict_proba,True,3,"['Brain', 'Liver', 'Ovary']",Brain,0.6721,Brain,0.6721,hamlet-multi,
PXD010271,Lewy3_17Ct1_17Sep14_Frodo_14-04-13,0.1189,predict_proba,True,3,"['Brain', 'Liver', 'Ovary']",Brain,0.6863,Brain,0.6863,hamlet-multi,
PXD010271,Lewy3_17Ct2_17Sep14_Frodo_14-04-13,0.1176,predict_proba,True,3,"['Brain', 'Liver', 'Ovary']",Brain,0.6064,Brain,0.6064,hamlet-multi,
PXD010271,Lewy3_18Cs_17Sep14_Frodo_14-04-13,0.1256,predict_proba,True,3,"['Brain', 'Liver', 'Ovary']",Brain,0.6906,Brain,0.6906,hamlet-multi,
PXD010271,Lewy3_18Ct1_17Sep14_Frodo_14-04-13,0.1249,predict_proba,True,3,"['Brain', 'Liver', 'Ovary']",Brain,0.5768,Brain,0.5768,hamlet-multi,
PXD010271,Lewy3_18Ct2_17Sep14_Frodo_14-04-13,0.1239,predict_proba,True,3,"['Brain', 'Liver', 'Ovary']",Brain,0.5503,Brain,0.5503,hamlet-multi,
PXD010271,Lewy3_19Cs_17Sep14_Frodo_14-04-13,0.1346,predict_proba,True,3,"['Brain', 'Liver', 'Ovary']",Brain,0.6812,Brain,0.6812,hamlet-multi,
PXD010271,Lewy3_19Ct1_17Sep14_Frodo_14-04-13,0.1166,predict_proba,True,3,"['Brain', 'Liver', 'Ovary']",Brain,0.3662,Brain,0.3662,hamlet-multi,
PXD010271,Lewy3_19Ct2_17Sep14_Frodo_14-04-13,0.1284,predict_proba,True,3,"['Brain', 'Liver', 'Ovary']",Brain,0.7548,Brain,0.7548,hamlet-multi,
PXD010271,Lewy_1Cs_3Sep13_Pippin_13-06-18,0.1681,predict_proba,True,3,"['Brain', 'Liver', 'Ovary']",Brain,0.7642,Brain,0.7642,hamlet-multi,
PXD010271,Lewy_1Ct1_3Sep13_Pippin_13-06-18,0.1691,predict_proba,True,3,"['Brain', 'Liver', 'Ovary']",Brain,0.771,Brain,0.771,hamlet-multi,
PXD010271,Lewy_1Ct2_3Sep13_Pippin_13-06-18,0.1657,predict_proba,True,3,"['Brain', 'Liver', 'Ovary']",Brain,0.7769,Brain,0.7769,hamlet-multi,
PXD010271,Lewy_2Cs_3Sep13_Pippin_13-06-18,0.1696,predict_proba,True,3,"['Brain', 'Liver', 'Ovary']",Brain,0.7846,Brain,0.7846,hamlet-multi,
PXD010271,Lewy_2Ct1_3Sep13_Pippin_13-06-18,0.1696,predict_proba,True,3,"['Brain', 'Liver', 'Ovary']",Brain,0.779,Brain,0.779,hamlet-multi,
PXD010271,Lewy_2Ct2_3Sep13_Pippin_13-06-18,0.1657,predict_proba,True,3,"['Brain', 'Liver', 'Ovary']",Brain,0.7565,Brain,0.7565,hamlet-multi,
PXD010271,Lewy_4Cs_3Sep13_Pippin_13-06-18,0.1604,predict_proba,True,3,"['Brain', 'Liver', 'Ovary']",Brain,0.7674,Brain,0.7674,hamlet-multi,
PXD010271,Lewy_4Ct1_3Sep13_Pippin_13-06-18,0.1609,predict_proba,True,3,"['Brain', 'Liver', 'Ovary']",Brain,0.7659,Brain,0.7659,hamlet-multi,
PXD010271,Lewy_4Ct2_3Sep13_Pippin_13-06-18,0.1748,predict_proba,True,3,"['Brain', 'Liver', 'Ovary']",Brain,0.7117,Brain,0.7117,hamlet-multi,
PXD010271,OMICS_EBV_HP_UW001_8Apr16_Arwen_16-01-03,0.0288,shap_penalty1,False,3,"['Brain', 'Liver', 'Ovary']",Monocytes,0.0744,,,hamlet-multi,
PXD010271,OMICS_EBV_HP_UW002_8Apr16_Arwen_16-01-03,0.0381,shap_penalty1,False,3,"['Brain', 'Liver', 'Ovary']",Adrenal gland,0.0941,,,hamlet-multi,
PXD010271,OMICS_EBV_HP_UW003_8Apr16_Arwen_16-01-03,0.0416,shap_penalty1,False,3,"['Brain', 'Liver', 'Ovary']",Adipose tissue,0.0872,,,hamlet-multi,
PXD010271,OMICS_EBV_HP_UW004_8Apr16_Arwen_16-01-03,0.0276,shap_penalty1,False,3,"['Brain', 'Liver', 'Ovary']",Adipose tissue,0.0563,,,hamlet-multi,
PXD010271,OMICS_EBV_HP_UW005_8Apr16_Arwen_16-01-03,0.051,shap_penalty1,False,3,"['Brain', 'Liver', 'Ovary']",Testis,0.0575,Ovary,0.0503,hamlet-multi,
PXD010271,OMICS_EBV_HP_UW006_8Apr16_Arwen_16-01-03,0.0385,shap_penalty1,False,3,"['Brain', 'Liver', 'Ovary']",Adipose tissue,0.1286,,,hamlet-multi,
PXD010271,OMICS_EBV_HP_UW007_8Apr16_Arwen_16-01-03,0.0622,shap_penalty1,False,3,"['Brain', 'Liver', 'Ovary']",Monocytes,0.0719,,,hamlet-multi,
PXD010271,OMICS_EBV_HP_UW008_8Apr16_Arwen_16-01-03,0.0447,shap_penalty1,False,3,"['Brain', 'Liver', 'Ovary']",Adipose tissue,0.0831,,,hamlet-multi,
PXD010271,OMICS_EBV_HP_UW009_8Apr16_Arwen_16-01-03,0.0482,shap_penalty1,False,3,"['Brain', 'Liver', 'Ovary']",Adipose tissue,0.0653,,,hamlet-multi,
PXD010271,OMICS_EBV_HP_UW010_8Apr16_Arwen_16-01-03,0.0433,shap_penalty1,False,3,"['Brain', 'Liver', 'Ovary']",Adipose tissue,0.0796,,,hamlet-multi,
PXD010271,OMICS_EBV_HP_UW011_8Apr16_Arwen_16-01-03,0.0415,shap_penalty1,False,3,"['Brain', 'Liver', 'Ovary']",Adipose tissue,0.1178,,,hamlet-multi,
PXD010271,OMICS_EBV_HP_UW012_8Apr16_Arwen_16-01-03,0.0383,shap_penalty1,False,3,"['Brain', 'Liver', 'Ovary']",Adipose tissue,0.1074,,,hamlet-multi,
PXD010271,OMICS_EBV_HP_UW013_19Apr16_Arwen_16-01-03,0.0448,shap_penalty1,False,3,"['Brain', 'Liver', 'Ovary']",Adipose tissue,0.1026,Ovary,0.0402,hamlet-multi,
PXD010271,OMICS_EBV_HP_UW014_8Apr16_Arwen_16-01-03,0.0343,shap_penalty1,False,3,"['Brain', 'Liver', 'Ovary']",Adipose tissue,0.0862,,,hamlet-multi,
PXD010271,OMICS_EBV_HP_UW015_8Apr16_Arwen_16-01-03,0.0388,shap_penalty1,False,3,"['Brain', 'Liver', 'Ovary']",Adipose tissue,0.1136,,,hamlet-multi,
PXD010271,OpPlasma_034_a_13Aug11_Jaguar_11-07-18,0.0067,shap_penalty1,False,3,"['Brain', 'Liver', 'Ovary']",Adipose tissue,0.0627,Ovary,0.0431,hamlet-multi,
PXD010271,OpPlasma_039_a_13Aug11_Jaguar_11-07-16,0.0057,shap_penalty1,False,3,"['Brain', 'Liver', 'Ovary']",Skeletal muscle,0.0392,,,hamlet-multi,
PXD010271,OpPlasma_049_a_13Aug11_Jaguar_11-07-16,0.0074,shap_penalty1,False,3,"['Brain', 'Liver', 'Ovary']",Adipose tissue,0.0616,,,hamlet-multi,
PXD010271,OpPlasma_064_a_13Aug11_Jaguar_11-07-16,0.0059,shap_penalty1,False,3,"['Brain', 'Liver', 'Ovary']",Adipose tissue,0.0462,,,hamlet-multi,
PXD010271,Schutzer_NM_6015_18Jan10_Owl_09-08-18,0.014,shap_penalty1,False,3,"['Brain', 'Liver', 'Ovary']",Pituitary gland,0.0924,,,hamlet-multi,
PXD010271,Schutzer_NM_6026_10Feb10_Owl_09-08-18,0.0149,shap_penalty1,False,3,"['Brain', 'Liver', 'Ovary']",Pituitary gland,0.1272,,,hamlet-multi,
PXD010271,Schutzer_NM_6028_27Jan10_Owl_09-08-18,0.0162,shap_penalty1,False,3,"['Brain', 'Liver', 'Ovary']",Brain,0.1214,Brain,0.1214,hamlet-multi,
PXD010271,Schutzer_NM_6071_18Jan10_Owl_09-08-18,0.0197,shap_penalty1,False,3,"['Brain', 'Liver', 'Ovary']",Pituitary gland,0.1499,Brain,0.1341,hamlet-multi,
PXD010271,Schutzer_NM_6072_10Feb10_Owl_09-08-18,0.0177,shap_penalty1,False,3,"['Brain', 'Liver', 'Ovary']",Pituitary gland,0.1874,,,hamlet-multi,
PXD010271,Schutzer_NM_7864_10Feb10_Owl_09-08-18,0.0176,shap_penalty1,False,3,"['Brain', 'Liver', 'Ovary']",Pituitary gland,0.1477,Brain,0.043,hamlet-multi,
PXD010271,Schutzer_NM_7865_10Feb10_Owl_09-08-18,0.0159,shap_penalty1,False,3,"['Brain', 'Liver', 'Ovary']",Pituitary gland,0.119,,,hamlet-multi,
PXD010271,Schutzer_NM_7866_18Jan10_Owl_09-08-18,0.0154,shap_penalty1,False,3,"['Brain', 'Liver', 'Ovary']",Pituitary gland,0.1579,Brain,0.1139,hamlet-multi,
PXD010271,Schutzer_NM_7868_29Jan10_Owl_09-08-18,0.0184,shap_penalty1,False,3,"['Brain', 'Liver', 'Ovary']",Pituitary gland,0.1606,Brain,0.1085,hamlet-multi,
PXD010271,Schutzer_NM_7870_10Feb10_Owl_09-08-18,0.0146,shap_penalty1,False,3,"['Brain', 'Liver', 'Ovary']",Pituitary gland,0.1182,,,hamlet-multi,
PXD010271,Trypsin_Digestion_Step5_Sample2_4Mar13_Lynx_13-02-11,0.0099,shap_penalty1,False,3,"['Brain', 'Liver', 'Ovary']",Adipose tissue,0.1065,,,hamlet-multi,
PXD010296,Bravo_RPB_MM_Exp1,0.614,predict_proba,True,2,"['Lymph node', 'Spleen']",Lung,0.103,Lymph node,0.0539,hamlet-multi,
PXD010296,Bravo_RPB_MM_Exp2,0.6168,predict_proba,True,2,"['Lymph node', 'Spleen']",Lung,0.1146,Lymph node,0.054,hamlet-multi,
PXD010296,Bravo_RPB_MM_Exp2_FT,0.0791,shap_penalty1,False,2,"['Lymph node', 'Spleen']",Appendix,0.058,,,hamlet-multi,
PXD010296,Bravo_RPB_MM_Exp2_FT_R2,0.0714,shap_penalty1,False,2,"['Lymph node', 'Spleen']",Skeletal muscle,0.0546,Lymph node,0.0411,hamlet-multi,
PXD010296,Bravo_RPB_MM_Exp2_FT_R3,0.0679,shap_penalty1,False,2,"['Lymph node', 'Spleen']",Heart,0.049,Lymph node,0.0388,hamlet-multi,
PXD010296,Bravo_RPB_MM_Exp3,0.6285,predict_proba,True,2,"['Lymph node', 'Spleen']",Lung,0.0904,,,hamlet-multi,
PXD010296,Bravo_RPB_MM_Exp3_FT,0.1054,predict_proba,True,2,"['Lymph node', 'Spleen']",Lung,0.0798,Lymph node,0.0637,hamlet-multi,
PXD010296,Bravo_RPB_MM_Exp3_FT_R3,0.1007,predict_proba,True,2,"['Lymph node', 'Spleen']",Heart,0.1158,Lymph node,0.0552,hamlet-multi,
PXD010296,MM1_1st_barocycler_digestion_C18_BRAVO,0.2328,predict_proba,True,2,"['Lymph node', 'Spleen']",Lung,0.113,Lymph node,0.0501,hamlet-multi,
PXD010296,MM1_2nd_barocycler_digestion_C18_BRAVO,0.237,predict_proba,True,2,"['Lymph node', 'Spleen']",Lung,0.1079,,,hamlet-multi,
PXD010296,MM1_3rd_barocycler_digestion_C18_BRAVO,0.2383,predict_proba,True,2,"['Lymph node', 'Spleen']",Lung,0.119,Lymph node,0.051,hamlet-multi,
PXD010296,MM2_1st_barocycler_digestion_C18_BRAVO,0.2186,predict_proba,True,2,"['Lymph node', 'Spleen']",Lung,0.1088,Lymph node,0.0491,hamlet-multi,
PXD010296,MM2_2nd_barocycler_digestion_C18_BRAVO,0.2208,predict_proba,True,2,"['Lymph node', 'Spleen']",Lung,0.104,,,hamlet-multi,
PXD010296,MM2_3rd_barocycler_digestion_C18_BRAVO,0.2137,predict_proba,True,2,"['Lymph node', 'Spleen']",Lung,0.1122,Lymph node,0.051,hamlet-multi,
PXD010296,MM3_1st_barocycler_digestion_C18_BRAVO,0.2136,predict_proba,True,2,"['Lymph node', 'Spleen']",Lung,0.1077,Lymph node,0.0517,hamlet-multi,
PXD010296,MM3_2nd_barocycler_digestion_C18_BRAVO,0.2213,predict_proba,True,2,"['Lymph node', 'Spleen']",Lung,0.1051,,,hamlet-multi,
PXD010296,MM3_3rd_barocycler_digestion_C18_BRAVO,0.2096,predict_proba,True,2,"['Lymph node', 'Spleen']",Lung,0.1101,,,hamlet-multi,
PXD010296,Spleen1_1st_digestion_C18_BRAVO,0.1681,predict_proba,True,2,"['Lymph node', 'Spleen']",Lung,0.1351,Spleen,0.0602,name,Spleen
PXD010296,Spleen1_2nd_digestion_C18_BRAVO,0.1684,predict_proba,True,2,"['Lymph node', 'Spleen']",Lung,0.1176,Lymph node,0.0817,name,Spleen
PXD010296,Spleen1_3rd_digestion_C18_BRAVO,0.1676,predict_proba,True,2,"['Lymph node', 'Spleen']",Lung,0.1258,Lymph node,0.0865,name,Spleen
PXD010296,Spleen2_1st_digestion_C18_BRAVO,0.1681,predict_proba,True,2,"['Lymph node', 'Spleen']",Lung,0.1395,Spleen,0.078,name,Spleen
PXD010296,Spleen2_2nd_digestion_C18_BRAVO,0.1693,predict_proba,True,2,"['Lymph node', 'Spleen']",Lung,0.1623,Lymph node,0.0931,name,Spleen
PXD010296,Spleen2_3rd_digestion_C18_BRAVO,0.1736,predict_proba,True,2,"['Lymph node', 'Spleen']",Lung,0.1482,Spleen,0.075,name,Spleen
PXD010296,Spleen3_1st_digestion_C18_BRAVO,0.1765,predict_proba,True,2,"['Lymph node', 'Spleen']",Lung,0.1266,Spleen,0.0688,name,Spleen
PXD010296,Spleen3_2nd_digestion_C18_BRAVO,0.1788,predict_proba,True,2,"['Lymph node', 'Spleen']",Lung,0.1361,Spleen,0.0799,name,Spleen
PXD010296,Spleen3_3rd_digestion_C18_BRAVO,0.1746,predict_proba,True,2,"['Lymph node', 'Spleen']",Lung,0.1581,Spleen,0.0609,name,Spleen
PXD010296,Spleen4_1st_digestion_C18_BRAVO,0.1765,predict_proba,True,2,"['Lymph node', 'Spleen']",Lung,0.1562,Lymph node,0.0707,name,Spleen
PXD010296,Spleen4_2nd_digestion_C18_BRAVO,0.1783,predict_proba,True,2,"['Lymph node', 'Spleen']",Lung,0.1618,Spleen,0.0513,name,Spleen
PXD010296,Spleen4_3rd_digestion_C18_BRAVO,0.1776,predict_proba,True,2,"['Lymph node', 'Spleen']",Lung,0.1392,Spleen,0.0684,name,Spleen
PXD010296,Spleen5_1st_digestion_C18_BRAVO,0.1636,predict_proba,True,2,"['Lymph node', 'Spleen']",Lung,0.1781,Spleen,0.0646,name,Spleen
PXD010296,Spleen5_2nd_digestion_C18_BRAVO,0.1723,predict_proba,True,2,"['Lymph node', 'Spleen']",Lung,0.1445,Lymph node,0.1003,name,Spleen
PXD010296,Spleen5_3rd_digestion_C18_BRAVO,0.1701,predict_proba,True,2,"['Lymph node', 'Spleen']",Lung,0.1298,Lymph node,0.0926,name,Spleen
PXD010296,Spleen6_1st_digestion_C18_BRAVO,0.1748,predict_proba,True,2,"['Lymph node', 'Spleen']",Lung,0.1525,Spleen,0.0658,name,Spleen
PXD010296,Spleen6_2nd_digestion_C18_BRAVO,0.1763,predict_proba,True,2,"['Lymph node', 'Spleen']",Lung,0.1703,Spleen,0.0591,name,Spleen
PXD010296,Spleen6_3rd_digestion_C18_BRAVO,0.1731,predict_proba,True,2,"['Lymph node', 'Spleen']",Lung,0.151,Lymph node,0.082,name,Spleen
PXD010296,Spleen_barocycler_extraction_4_10,0.1303,predict_proba,True,2,"['Lymph node', 'Spleen']",Monocytes,0.155,Spleen,0.0577,name,Spleen
PXD010296,Spleen_barocycler_extraction_4_10_2nd,0.1321,predict_proba,True,2,"['Lymph node', 'Spleen']",Monocytes,0.1684,,,name,Spleen
PXD010296,Spleen_barocycler_extraction_4_10_3rd,0.1286,predict_proba,True,2,"['Lymph node', 'Spleen']",Monocytes,0.1802,Spleen,0.0478,name,Spleen
PXD010296,Spleen_barocycler_extraction_5_10,0.1137,predict_proba,True,2,"['Lymph node', 'Spleen']",Monocytes,0.1324,Spleen,0.0467,name,Spleen
PXD010296,Spleen_barocycler_extraction_5_10_2nd,0.1134,predict_proba,True,2,"['Lymph node', 'Spleen']",Monocytes,0.1833,Spleen,0.0602,name,Spleen
PXD010296,Spleen_barocycler_extraction_5_10_3rd,0.1117,predict_proba,True,2,"['Lymph node', 'Spleen']",Monocytes,0.1582,Spleen,0.0555,name,Spleen
PXD010296,Spleen_barocycler_extraction_6_10,0.1392,predict_proba,True,2,"['Lymph node', 'Spleen']",Monocytes,0.1585,Lymph node,0.0477,name,Spleen
PXD010296,Spleen_barocycler_extraction_6_10_2nd,0.1333,predict_proba,True,2,"['Lymph node', 'Spleen']",Monocytes,0.1792,Spleen,0.0649,name,Spleen
PXD010296,Spleen_barocycler_extraction_6_10_3rd,0.1398,predict_proba,True,2,"['Lymph node', 'Spleen']",Monocytes,0.1531,Spleen,0.0513,name,Spleen
PXD020192,PXD020192-Sample 1,0.3399,predict_proba,True,11,"['Bone marrow', 'Brain', 'Colon', 'Heart', 'Kidney', 'Liver', 'Lung', 'Lymph node', 'Placenta', 'Spleen', 'Testis']",Brain,0.8442,Brain,0.8442,hamlet-multi,
PXD020192,PXD020192-Sample 10,0.3631,predict_proba,True,11,"['Bone marrow', 'Brain', 'Colon', 'Heart', 'Kidney', 'Liver', 'Lung', 'Lymph node', 'Placenta', 'Spleen', 'Testis']",Brain,0.8298,Brain,0.8298,hamlet-multi,
PXD020192,PXD020192-Sample 11,0.2848,predict_proba,True,11,"['Bone marrow', 'Brain', 'Colon', 'Heart', 'Kidney', 'Liver', 'Lung', 'Lymph node', 'Placenta', 'Spleen', 'Testis']",Brain,0.6796,Brain,0.6796,hamlet-multi,
PXD020192,PXD020192-Sample 12,0.2897,predict_proba,True,11,"['Bone marrow', 'Brain', 'Colon', 'Heart', 'Kidney', 'Liver', 'Lung', 'Lymph node', 'Placenta', 'Spleen', 'Testis']",Brain,0.6672,Brain,0.6672,hamlet-multi,
PXD020192,PXD020192-Sample 13,0.3434,predict_proba,True,11,"['Bone marrow', 'Brain', 'Colon', 'Heart', 'Kidney', 'Liver', 'Lung', 'Lymph node', 'Placenta', 'Spleen', 'Testis']",Brain,0.8418,Brain,0.8418,hamlet-multi,
PXD020192,PXD020192-Sample 14,0.3516,predict_proba,True,11,"['Bone marrow', 'Brain', 'Colon', 'Heart', 'Kidney', 'Liver', 'Lung', 'Lymph node', 'Placenta', 'Spleen', 'Testis']",Brain,0.8639,Brain,0.8639,hamlet-multi,
PXD020192,PXD020192-Sample 15,0.2788,predict_proba,True,11,"['Bone marrow', 'Brain', 'Colon', 'Heart', 'Kidney', 'Liver', 'Lung', 'Lymph node', 'Placenta', 'Spleen', 'Testis']",Brain,0.7342,Brain,0.7342,hamlet-multi,
PXD020192,PXD020192-Sample 16,0.2713,predict_proba,True,11,"['Bone marrow', 'Brain', 'Colon', 'Heart', 'Kidney', 'Liver', 'Lung', 'Lymph node', 'Placenta', 'Spleen', 'Testis']",Brain,0.8067,Brain,0.8067,hamlet-multi,
PXD020192,PXD020192-Sample 17,0.2552,predict_proba,True,11,"['Bone marrow', 'Brain', 'Colon', 'Heart', 'Kidney', 'Liver', 'Lung', 'Lymph node', 'Placenta', 'Spleen', 'Testis']",Placenta,0.5956,Placenta,0.5956,hamlet-multi,
PXD020192,PXD020192-Sample 18,0.2564,predict_proba,True,11,"['Bone marrow', 'Brain', 'Colon', 'Heart', 'Kidney', 'Liver', 'Lung', 'Lymph node', 'Placenta', 'Spleen', 'Testis']",Placenta,0.6225,Placenta,0.6225,hamlet-multi,
PXD020192,PXD020192-Sample 19,0.3982,predict_proba,True,11,"['Bone marrow', 'Brain', 'Colon', 'Heart', 'Kidney', 'Liver', 'Lung', 'Lymph node', 'Placenta', 'Spleen', 'Testis']",Thyroid,0.1175,Lung,0.0914,hamlet-multi,
PXD020192,PXD020192-Sample 2,0.3358,predict_proba,True,11,"['Bone marrow', 'Brain', 'Colon', 'Heart', 'Kidney', 'Liver', 'Lung', 'Lymph node', 'Placenta', 'Spleen', 'Testis']",Brain,0.891,Brain,0.891,hamlet-multi,
PXD020192,PXD020192-Sample 20,0.4016,predict_proba,True,11,"['Bone marrow', 'Brain', 'Colon', 'Heart', 'Kidney', 'Liver', 'Lung', 'Lymph node', 'Placenta', 'Spleen', 'Testis']",Thyroid,0.1251,Lung,0.0892,hamlet-multi,
PXD020192,PXD020192-Sample 21,0.3664,predict_proba,True,11,"['Bone marrow', 'Brain', 'Colon', 'Heart', 'Kidney', 'Liver', 'Lung', 'Lymph node', 'Placenta', 'Spleen', 'Testis']",Adrenal gland,0.3118,Testis,0.0727,hamlet-multi,
PXD020192,PXD020192-Sample 22,0.3338,predict_proba,True,11,"['Bone marrow', 'Brain', 'Colon', 'Heart', 'Kidney', 'Liver', 'Lung', 'Lymph node', 'Placenta', 'Spleen', 'Testis']",Adrenal gland,0.3198,Testis,0.0699,hamlet-multi,
PXD020192,PXD020192-Sample 23,0.19,predict_proba,True,11,"['Bone marrow', 'Brain', 'Colon', 'Heart', 'Kidney', 'Liver', 'Lung', 'Lymph node', 'Placenta', 'Spleen', 'Testis']",Colon,0.2084,Colon,0.2084,hamlet-multi,
PXD020192,PXD020192-Sample 24,0.1997,predict_proba,True,11,"['Bone marrow', 'Brain', 'Colon', 'Heart', 'Kidney', 'Liver', 'Lung', 'Lymph node', 'Placenta', 'Spleen', 'Testis']",Colon,0.2727,Colon,0.2727,hamlet-multi,
PXD020192,PXD020192-Sample 25,0.251,predict_proba,True,11,"['Bone marrow', 'Brain', 'Colon', 'Heart', 'Kidney', 'Liver', 'Lung', 'Lymph node', 'Placenta', 'Spleen', 'Testis']",Lung,0.289,Lung,0.289,hamlet-multi,
PXD020192,PXD020192-Sample 26,0.2534,predict_proba,True,11,"['Bone marrow', 'Brain', 'Colon', 'Heart', 'Kidney', 'Liver', 'Lung', 'Lymph node', 'Placenta', 'Spleen', 'Testis']",Lung,0.2763,Lung,0.2763,hamlet-multi,
PXD020192,PXD020192-Sample 27,0.2492,predict_proba,True,11,"['Bone marrow', 'Brain', 'Colon', 'Heart', 'Kidney', 'Liver', 'Lung', 'Lymph node', 'Placenta', 'Spleen', 'Testis']",Liver,0.9235,Liver,0.9235,hamlet-multi,
PXD020192,PXD020192-Sample 28,0.2492,predict_proba,True,11,"['Bone marrow', 'Brain', 'Colon', 'Heart', 'Kidney', 'Liver', 'Lung', 'Lymph node', 'Placenta', 'Spleen', 'Testis']",Liver,0.8707,Liver,0.8707,hamlet-multi,
PXD020192,PXD020192-Sample 29,0.198,predict_proba,True,11,"['Bone marrow', 'Brain', 'Colon', 'Heart', 'Kidney', 'Liver', 'Lung', 'Lymph node', 'Placenta', 'Spleen', 'Testis']",Heart,0.4482,Heart,0.4482,hamlet-multi,
PXD020192,PXD020192-Sample 3,0.3357,predict_proba,True,11,"['Bone marrow', 'Brain', 'Colon', 'Heart', 'Kidney', 'Liver', 'Lung', 'Lymph node', 'Placenta', 'Spleen', 'Testis']",Brain,0.8918,Brain,0.8918,hamlet-multi,
PXD020192,PXD020192-Sample 30,0.1888,predict_proba,True,11,"['Bone marrow', 'Brain', 'Colon', 'Heart', 'Kidney', 'Liver', 'Lung', 'Lymph node', 'Placenta', 'Spleen', 'Testis']",Heart,0.4604,Heart,0.4604,hamlet-multi,
PXD020192,PXD020192-Sample 31,0.2281,predict_proba,True,11,"['Bone marrow', 'Brain', 'Colon', 'Heart', 'Kidney', 'Liver', 'Lung', 'Lymph node', 'Placenta', 'Spleen', 'Testis']",Colon,0.3261,Colon,0.3261,hamlet-multi,
PXD020192,PXD020192-Sample 32,0.2306,predict_proba,True,11,"['Bone marrow', 'Brain', 'Colon', 'Heart', 'Kidney', 'Liver', 'Lung', 'Lymph node', 'Placenta', 'Spleen', 'Testis']",Colon,0.3334,Colon,0.3334,hamlet-multi,
PXD020192,PXD020192-Sample 33,0.2285,predict_proba,True,11,"['Bone marrow', 'Brain', 'Colon', 'Heart', 'Kidney', 'Liver', 'Lung', 'Lymph node', 'Placenta', 'Spleen', 'Testis']",Esophagus,0.3356,Heart,0.1602,hamlet-multi,
PXD020192,PXD020192-Sample 34,0.231,predict_proba,True,11,"['Bone marrow', 'Brain', 'Colon', 'Heart', 'Kidney', 'Liver', 'Lung', 'Lymph node', 'Placenta', 'Spleen', 'Testis']",Esophagus,0.3346,Heart,0.1795,hamlet-multi,
PXD020192,PXD020192-Sample 35,0.2905,predict_proba,True,11,"['Bone marrow', 'Brain', 'Colon', 'Heart', 'Kidney', 'Liver', 'Lung', 'Lymph node', 'Placenta', 'Spleen', 'Testis']",Stomach,0.5501,Lung,0.0436,hamlet-multi,
PXD020192,PXD020192-Sample 36,0.2805,predict_proba,True,11,"['Bone marrow', 'Brain', 'Colon', 'Heart', 'Kidney', 'Liver', 'Lung', 'Lymph node', 'Placenta', 'Spleen', 'Testis']",Stomach,0.5257,Lung,0.0444,hamlet-multi,
PXD020192,PXD020192-Sample 37,0.2283,predict_proba,True,11,"['Bone marrow', 'Brain', 'Colon', 'Heart', 'Kidney', 'Liver', 'Lung', 'Lymph node', 'Placenta', 'Spleen', 'Testis']",Duodenum,0.239,Colon,0.2071,hamlet-multi,
PXD020192,PXD020192-Sample 38,0.2358,predict_proba,True,11,"['Bone marrow', 'Brain', 'Colon', 'Heart', 'Kidney', 'Liver', 'Lung', 'Lymph node', 'Placenta', 'Spleen', 'Testis']",Duodenum,0.2072,Colon,0.1737,hamlet-multi,
PXD020192,PXD020192-Sample 39,0.2504,predict_proba,True,11,"['Bone marrow', 'Brain', 'Colon', 'Heart', 'Kidney', 'Liver', 'Lung', 'Lymph node', 'Placenta', 'Spleen', 'Testis']",Liver,0.0816,Liver,0.0816,hamlet-multi,
PXD020192,PXD020192-Sample 4,0.3338,predict_proba,True,11,"['Bone marrow', 'Brain', 'Colon', 'Heart', 'Kidney', 'Liver', 'Lung', 'Lymph node', 'Placenta', 'Spleen', 'Testis']",Brain,0.8865,Brain,0.8865,hamlet-multi,
PXD020192,PXD020192-Sample 40,0.2562,predict_proba,True,11,"['Bone marrow', 'Brain', 'Colon', 'Heart', 'Kidney', 'Liver', 'Lung', 'Lymph node', 'Placenta', 'Spleen', 'Testis']",Esophagus,0.1158,Liver,0.0811,hamlet-multi,
PXD020192,PXD020192-Sample 41,0.3114,predict_proba,True,11,"['Bone marrow', 'Brain', 'Colon', 'Heart', 'Kidney', 'Liver', 'Lung', 'Lymph node', 'Placenta', 'Spleen', 'Testis']",Kidney,0.776,Kidney,0.776,hamlet-multi,
PXD020192,PXD020192-Sample 42,0.3091,predict_proba,True,11,"['Bone marrow', 'Brain', 'Colon', 'Heart', 'Kidney', 'Liver', 'Lung', 'Lymph node', 'Placenta', 'Spleen', 'Testis']",Kidney,0.818,Kidney,0.818,hamlet-multi,
PXD020192,PXD020192-Sample 43,0.201,predict_proba,True,11,"['Bone marrow', 'Brain', 'Colon', 'Heart', 'Kidney', 'Liver', 'Lung', 'Lymph node', 'Placenta', 'Spleen', 'Testis']",Esophagus,0.2186,Lung,0.06,hamlet-multi,
PXD020192,PXD020192-Sample 44,0.1975,predict_proba,True,11,"['Bone marrow', 'Brain', 'Colon', 'Heart', 'Kidney', 'Liver', 'Lung', 'Lymph node', 'Placenta', 'Spleen', 'Testis']",Esophagus,0.2338,Lung,0.0663,hamlet-multi,
PXD020192,PXD020192-Sample 45,0.2189,predict_proba,True,11,"['Bone marrow', 'Brain', 'Colon', 'Heart', 'Kidney', 'Liver', 'Lung', 'Lymph node', 'Placenta', 'Spleen', 'Testis']",Urinary bladder,0.09,Lung,0.0768,hamlet-multi,
PXD020192,PXD020192-Sample 46,0.1627,predict_proba,True,11,"['Bone marrow', 'Brain', 'Colon', 'Heart', 'Kidney', 'Liver', 'Lung', 'Lymph node', 'Placenta', 'Spleen', 'Testis']",Endometrium,0.0897,Lung,0.0725,hamlet-multi,
PXD020192,PXD020192-Sample 47,0.2522,predict_proba,True,11,"['Bone marrow', 'Brain', 'Colon', 'Heart', 'Kidney', 'Liver', 'Lung', 'Lymph node', 'Placenta', 'Spleen', 'Testis']",Adipose tissue,0.1039,Lung,0.0653,hamlet-multi,
PXD020192,PXD020192-Sample 48,0.2268,predict_proba,True,11,"['Bone marrow', 'Brain', 'Colon', 'Heart', 'Kidney', 'Liver', 'Lung', 'Lymph node', 'Placenta', 'Spleen', 'Testis']",Salivary gland,0.1003,Lung,0.0806,hamlet-multi,
PXD020192,PXD020192-Sample 49,0.2358,predict_proba,True,11,"['Bone marrow', 'Brain', 'Colon', 'Heart', 'Kidney', 'Liver', 'Lung', 'Lymph node', 'Placenta', 'Spleen', 'Testis']",Spleen,0.1623,Spleen,0.1623,hamlet-multi,
PXD020192,PXD020192-Sample 5,0.3332,predict_proba,True,11,"['Bone marrow', 'Brain', 'Colon', 'Heart', 'Kidney', 'Liver', 'Lung', 'Lymph node', 'Placenta', 'Spleen', 'Testis']",Brain,0.8403,Brain,0.8403,hamlet-multi,
PXD020192,PXD020192-Sample 50,0.2273,predict_proba,True,11,"['Bone marrow', 'Brain', 'Colon', 'Heart', 'Kidney', 'Liver', 'Lung', 'Lymph node', 'Placenta', 'Spleen', 'Testis']",Spleen,0.1934,Spleen,0.1934,hamlet-multi,
PXD020192,PXD020192-Sample 51,0.1209,predict_proba,True,11,"['Bone marrow', 'Brain', 'Colon', 'Heart', 'Kidney', 'Liver', 'Lung', 'Lymph node', 'Placenta', 'Spleen', 'Testis']",Stomach,0.156,Colon,0.1068,hamlet-multi,
PXD020192,PXD020192-Sample 52,0.1209,predict_proba,True,11,"['Bone marrow', 'Brain', 'Colon', 'Heart', 'Kidney', 'Liver', 'Lung', 'Lymph node', 'Placenta', 'Spleen', 'Testis']",Colon,0.1432,Colon,0.1432,hamlet-multi,
PXD020192,PXD020192-Sample 53,0.2412,predict_proba,True,11,"['Bone marrow', 'Brain', 'Colon', 'Heart', 'Kidney', 'Liver', 'Lung', 'Lymph node', 'Placenta', 'Spleen', 'Testis']",Lung,0.0886,Lung,0.0886,hamlet-multi,
PXD020192,PXD020192-Sample 54,0.2335,predict_proba,True,11,"['Bone marrow', 'Brain', 'Colon', 'Heart', 'Kidney', 'Liver', 'Lung', 'Lymph node', 'Placenta', 'Spleen', 'Testis']",Lung,0.0991,Lung,0.0991,hamlet-multi,
PXD020192,PXD020192-Sample 55,0.1617,predict_proba,True,11,"['Bone marrow', 'Brain', 'Colon', 'Heart', 'Kidney', 'Liver', 'Lung', 'Lymph node', 'Placenta', 'Spleen', 'Testis']",Stomach,0.1077,Liver,0.0919,hamlet-multi,
PXD020192,PXD020192-Sample 56,0.1567,predict_proba,True,11,"['Bone marrow', 'Brain', 'Colon', 'Heart', 'Kidney', 'Liver', 'Lung', 'Lymph node', 'Placenta', 'Spleen', 'Testis']",Colon,0.1059,Colon,0.1059,hamlet-multi,
PXD020192,PXD020192-Sample 57,0.2213,predict_proba,True,11,"['Bone marrow', 'Brain', 'Colon', 'Heart', 'Kidney', 'Liver', 'Lung', 'Lymph node', 'Placenta', 'Spleen', 'Testis']",Urinary bladder,0.1276,Lung,0.0839,hamlet-multi,
PXD020192,PXD020192-Sample 58,0.2148,predict_proba,True,11,"['Bone marrow', 'Brain', 'Colon', 'Heart', 'Kidney', 'Liver', 'Lung', 'Lymph node', 'Placenta', 'Spleen', 'Testis']",Urinary bladder,0.1151,Lung,0.0951,hamlet-multi,
PXD020192,PXD020192-Sample 59,0.2213,predict_proba,True,11,"['Bone marrow', 'Brain', 'Colon', 'Heart', 'Kidney', 'Liver', 'Lung', 'Lymph node', 'Placenta', 'Spleen', 'Testis']",Thyroid,0.1908,Lung,0.0683,hamlet-multi,
PXD020192,PXD020192-Sample 6,0.338,predict_proba,True,11,"['Bone marrow', 'Brain', 'Colon', 'Heart', 'Kidney', 'Liver', 'Lung', 'Lymph node', 'Placenta', 'Spleen', 'Testis']",Brain,0.8639,Brain,0.8639,hamlet-multi,
PXD020192,PXD020192-Sample 60,0.2059,predict_proba,True,11,"['Bone marrow', 'Brain', 'Colon', 'Heart', 'Kidney', 'Liver', 'Lung', 'Lymph node', 'Placenta', 'Spleen', 'Testis']",Thyroid,0.2025,Lung,0.0599,hamlet-multi,
PXD020192,PXD020192-Sample 61,0.0391,shap_penalty1,False,11,"['Bone marrow', 'Brain', 'Colon', 'Heart', 'Kidney', 'Liver', 'Lung', 'Lymph node', 'Placenta', 'Spleen', 'Testis']",Endometrium,0.07,Kidney,0.0687,hamlet-multi,
PXD020192,PXD020192-Sample 62,0.041,shap_penalty1,False,11,"['Bone marrow', 'Brain', 'Colon', 'Heart', 'Kidney', 'Liver', 'Lung', 'Lymph node', 'Placenta', 'Spleen', 'Testis']",Kidney,0.0681,Kidney,0.0681,hamlet-multi,
PXD020192,PXD020192-Sample 63,0.2303,predict_proba,True,11,"['Bone marrow', 'Brain', 'Colon', 'Heart', 'Kidney', 'Liver', 'Lung', 'Lymph node', 'Placenta', 'Spleen', 'Testis']",Adipose tissue,0.1815,Liver,0.0993,hamlet-multi,
PXD020192,PXD020192-Sample 64,0.2347,predict_proba,True,11,"['Bone marrow', 'Brain', 'Colon', 'Heart', 'Kidney', 'Liver', 'Lung', 'Lymph node', 'Placenta', 'Spleen', 'Testis']",Adipose tissue,0.2023,Liver,0.1007,hamlet-multi,
PXD020192,PXD020192-Sample 65,0.2909,predict_proba,True,11,"['Bone marrow', 'Brain', 'Colon', 'Heart', 'Kidney', 'Liver', 'Lung', 'Lymph node', 'Placenta', 'Spleen', 'Testis']",Lung,0.1382,Lung,0.1382,hamlet-multi,
PXD020192,PXD020192-Sample 66,0.2775,predict_proba,True,11,"['Bone marrow', 'Brain', 'Colon', 'Heart', 'Kidney', 'Liver', 'Lung', 'Lymph node', 'Placenta', 'Spleen', 'Testis']",Lung,0.1449,Lung,0.1449,hamlet-multi,
PXD020192,PXD020192-Sample 67,0.2629,predict_proba,True,11,"['Bone marrow', 'Brain', 'Colon', 'Heart', 'Kidney', 'Liver', 'Lung', 'Lymph node', 'Placenta', 'Spleen', 'Testis']",Salivary gland,0.5239,Heart,0.0634,hamlet-multi,
PXD020192,PXD020192-Sample 68,0.2676,predict_proba,True,11,"['Bone marrow', 'Brain', 'Colon', 'Heart', 'Kidney', 'Liver', 'Lung', 'Lymph node', 'Placenta', 'Spleen', 'Testis']",Salivary gland,0.5257,Heart,0.0696,hamlet-multi,
PXD020192,PXD020192-Sample 69,0.1831,predict_proba,True,11,"['Bone marrow', 'Brain', 'Colon', 'Heart', 'Kidney', 'Liver', 'Lung', 'Lymph node', 'Placenta', 'Spleen', 'Testis']",Heart,0.2926,Heart,0.2926,hamlet-multi,
PXD020192,PXD020192-Sample 7,0.3569,predict_proba,True,11,"['Bone marrow', 'Brain', 'Colon', 'Heart', 'Kidney', 'Liver', 'Lung', 'Lymph node', 'Placenta', 'Spleen', 'Testis']",Brain,0.9113,Brain,0.9113,hamlet-multi,
PXD020192,PXD020192-Sample 70,0.1863,predict_proba,True,11,"['Bone marrow', 'Brain', 'Colon', 'Heart', 'Kidney', 'Liver', 'Lung', 'Lymph node', 'Placenta', 'Spleen', 'Testis']",Heart,0.2429,Heart,0.2429,hamlet-multi,
PXD020192,PXD020192-Sample 71,0.252,predict_proba,True,11,"['Bone marrow', 'Brain', 'Colon', 'Heart', 'Kidney', 'Liver', 'Lung', 'Lymph node', 'Placenta', 'Spleen', 'Testis']",Prostate,0.5058,Lung,0.0469,hamlet-multi,
PXD020192,PXD020192-Sample 72,0.2392,predict_proba,True,11,"['Bone marrow', 'Brain', 'Colon', 'Heart', 'Kidney', 'Liver', 'Lung', 'Lymph node', 'Placenta', 'Spleen', 'Testis']",Prostate,0.5213,Lung,0.0542,hamlet-multi,
PXD020192,PXD020192-Sample 73,0.1845,predict_proba,True,11,"['Bone marrow', 'Brain', 'Colon', 'Heart', 'Kidney', 'Liver', 'Lung', 'Lymph node', 'Placenta', 'Spleen', 'Testis']",Prostate,0.229,Lung,0.0558,hamlet-multi,
PXD020192,PXD020192-Sample 74,0.1688,predict_proba,True,11,"['Bone marrow', 'Brain', 'Colon', 'Heart', 'Kidney', 'Liver', 'Lung', 'Lymph node', 'Placenta', 'Spleen', 'Testis']",Salivary gland,0.095,Lung,0.0645,hamlet-multi,
PXD020192,PXD020192-Sample 75,0.3176,predict_proba,True,11,"['Bone marrow', 'Brain', 'Colon', 'Heart', 'Kidney', 'Liver', 'Lung', 'Lymph node', 'Placenta', 'Spleen', 'Testis']",Testis,0.5171,Testis,0.5171,hamlet-multi,
PXD020192,PXD020192-Sample 76,0.3086,predict_proba,True,11,"['Bone marrow', 'Brain', 'Colon', 'Heart', 'Kidney', 'Liver', 'Lung', 'Lymph node', 'Placenta', 'Spleen', 'Testis']",Testis,0.5162,Testis,0.5162,hamlet-multi,
PXD020192,PXD020192-Sample 77,0.377,predict_proba,True,11,"['Bone marrow', 'Brain', 'Colon', 'Heart', 'Kidney', 'Liver', 'Lung', 'Lymph node', 'Placenta', 'Spleen', 'Testis']",Testis,0.823,Testis,0.823,hamlet-multi,
PXD020192,PXD020192-Sample 78,0.3536,predict_proba,True,11,"['Bone marrow', 'Brain', 'Colon', 'Heart', 'Kidney', 'Liver', 'Lung', 'Lymph node', 'Placenta', 'Spleen', 'Testis']",Testis,0.7477,Testis,0.7477,hamlet-multi,
PXD020192,PXD020192-Sample 79,0.2375,predict_proba,True,11,"['Bone marrow', 'Brain', 'Colon', 'Heart', 'Kidney', 'Liver', 'Lung', 'Lymph node', 'Placenta', 'Spleen', 'Testis']",Esophagus,0.2243,Liver,0.0661,hamlet-multi,
PXD020192,PXD020192-Sample 8,0.3449,predict_proba,True,11,"['Bone marrow', 'Brain', 'Colon', 'Heart', 'Kidney', 'Liver', 'Lung', 'Lymph node', 'Placenta', 'Spleen', 'Testis']",Brain,0.8898,Brain,0.8898,hamlet-multi,
PXD020192,PXD020192-Sample 80,0.2459,predict_proba,True,11,"['Bone marrow', 'Brain', 'Colon', 'Heart', 'Kidney', 'Liver', 'Lung', 'Lymph node', 'Placenta', 'Spleen', 'Testis']",Esophagus,0.1901,Heart,0.0734,hamlet-multi,
PXD020192,PXD020192-Sample 81,0.1565,predict_proba,True,11,"['Bone marrow', 'Brain', 'Colon', 'Heart', 'Kidney', 'Liver', 'Lung', 'Lymph node', 'Placenta', 'Spleen', 'Testis']",Heart,0.2757,Heart,0.2757,hamlet-multi,
PXD020192,PXD020192-Sample 82,0.1485,predict_proba,True,11,"['Bone marrow', 'Brain', 'Colon', 'Heart', 'Kidney', 'Liver', 'Lung', 'Lymph node', 'Placenta', 'Spleen', 'Testis']",Heart,0.3182,Heart,0.3182,hamlet-multi,
PXD020192,PXD020192-Sample 83,0.1698,predict_proba,True,11,"['Bone marrow', 'Brain', 'Colon', 'Heart', 'Kidney', 'Liver', 'Lung', 'Lymph node', 'Placenta', 'Spleen', 'Testis']",Lung,0.1237,Lung,0.1237,hamlet-multi,
PXD020192,PXD020192-Sample 84,0.1626,predict_proba,True,11,"['Bone marrow', 'Brain', 'Colon', 'Heart', 'Kidney', 'Liver', 'Lung', 'Lymph node', 'Placenta', 'Spleen', 'Testis']",Lung,0.0967,Lung,0.0967,hamlet-multi,
PXD020192,PXD020192-Sample 85,0.2012,predict_proba,True,11,"['Bone marrow', 'Brain', 'Colon', 'Heart', 'Kidney', 'Liver', 'Lung', 'Lymph node', 'Placenta', 'Spleen', 'Testis']",Thyroid,0.2883,Lung,0.056,hamlet-multi,
PXD020192,PXD020192-Sample 86,0.19,predict_proba,True,11,"['Bone marrow', 'Brain', 'Colon', 'Heart', 'Kidney', 'Liver', 'Lung', 'Lymph node', 'Placenta', 'Spleen', 'Testis']",Thyroid,0.2142,Kidney,0.066,hamlet-multi,
PXD020192,PXD020192-Sample 87,0.2034,predict_proba,True,11,"['Bone marrow', 'Brain', 'Colon', 'Heart', 'Kidney', 'Liver', 'Lung', 'Lymph node', 'Placenta', 'Spleen', 'Testis']",Tonsil,0.2749,Lung,0.0514,hamlet-multi,
PXD020192,PXD020192-Sample 88,0.2316,predict_proba,True,11,"['Bone marrow', 'Brain', 'Colon', 'Heart', 'Kidney', 'Liver', 'Lung', 'Lymph node', 'Placenta', 'Spleen', 'Testis']",Tonsil,0.259,Lung,0.0651,hamlet-multi,
PXD020192,PXD020192-Sample 89,0.2393,predict_proba,True,11,"['Bone marrow', 'Brain', 'Colon', 'Heart', 'Kidney', 'Liver', 'Lung', 'Lymph node', 'Placenta', 'Spleen', 'Testis']",Lung,0.1202,Lung,0.1202,hamlet-multi,
PXD020192,PXD020192-Sample 9,0.3511,predict_proba,True,11,"['Bone marrow', 'Brain', 'Colon', 'Heart', 'Kidney', 'Liver', 'Lung', 'Lymph node', 'Placenta', 'Spleen', 'Testis']",Brain,0.8359,Brain,0.8359,hamlet-multi,
PXD020192,PXD020192-Sample 90,0.2559,predict_proba,True,11,"['Bone marrow', 'Brain', 'Colon', 'Heart', 'Kidney', 'Liver', 'Lung', 'Lymph node', 'Placenta', 'Spleen', 'Testis']",Lung,0.1235,Lung,0.1235,hamlet-multi,
PXD020192,PXD020192-Sample 91,0.1933,predict_proba,True,11,"['Bone marrow', 'Brain', 'Colon', 'Heart', 'Kidney', 'Liver', 'Lung', 'Lymph node', 'Placenta', 'Spleen', 'Testis']",Ovary,0.1865,Lung,0.0918,hamlet-multi,
PXD020192,PXD020192-Sample 92,0.1883,predict_proba,True,11,"['Bone marrow', 'Brain', 'Colon', 'Heart', 'Kidney', 'Liver', 'Lung', 'Lymph node', 'Placenta', 'Spleen', 'Testis']",Ovary,0.2056,Lung,0.1022,hamlet-multi,
PXD048647,GR_186,0.2116,predict_proba,True,2,"['Colon', 'Rectum']",Colon,0.0998,Colon,0.0998,hamlet-multi,
PXD048647,GR_282,0.1544,predict_proba,True,2,"['Colon', 'Rectum']",Urinary bladder,0.0916,,,hamlet-multi,
PXD048647,GR_293,0.1734,predict_proba,True,2,"['Colon', 'Rectum']",Lung,0.0825,,,hamlet-multi,
PXD048647,GR_296,0.1345,predict_proba,True,2,"['Colon', 'Rectum']",Urinary bladder,0.0925,Colon,0.0751,hamlet-multi,
PXD048647,GR_360,0.2159,predict_proba,True,2,"['Colon', 'Rectum']",Lung,0.0903,,,hamlet-multi,
PXD048647,GR_384,0.1851,predict_proba,True,2,"['Colon', 'Rectum']",Colon,0.3047,Colon,0.3047,hamlet-multi,
PXD048647,GR_386,0.1542,predict_proba,True,2,"['Colon', 'Rectum']",Monocytes,0.1104,,,hamlet-multi,
PXD048647,GR_406,0.182,predict_proba,True,2,"['Colon', 'Rectum']",Colon,0.3389,Colon,0.3389,hamlet-multi,
PXD048647,GR_415,0.1798,predict_proba,True,2,"['Colon', 'Rectum']",Colon,0.1462,Colon,0.1462,hamlet-multi,
PXD048647,GR_63,0.1544,predict_proba,True,2,"['Colon', 'Rectum']",Colon,0.1308,Colon,0.1308,hamlet-multi,
PXD048647,PR_100,0.2942,predict_proba,True,2,"['Colon', 'Rectum']",Esophagus,0.0906,,,hamlet-multi,
PXD048647,PR_12,0.2009,predict_proba,True,2,"['Colon', 'Rectum']",Colon,0.3572,Colon,0.3572,hamlet-multi,
PXD048647,PR_148,0.2756,predict_proba,True,2,"['Colon', 'Rectum']",Colon,0.1285,Colon,0.1285,hamlet-multi,
PXD048647,PR_198,0.2281,predict_proba,True,2,"['Colon', 'Rectum']",Colon,0.1873,Colon,0.1873,hamlet-multi,
PXD048647,PR_240,0.2803,predict_proba,True,2,"['Colon', 'Rectum']",Colon,0.1733,Colon,0.1733,hamlet-multi,
PXD048647,PR_260,0.2514,predict_proba,True,2,"['Colon', 'Rectum']",Lung,0.0798,Colon,0.0568,hamlet-multi,
PXD048647,PR_364,0.3001,predict_proba,True,2,"['Colon', 'Rectum']",Colon,0.1081,Colon,0.1081,hamlet-multi,
PXD048647,PR_398,0.2658,predict_proba,True,2,"['Colon', 'Rectum']",Colon,0.2947,Colon,0.2947,hamlet-multi,
PXD048647,PR_62,0.2434,predict_proba,True,2,"['Colon', 'Rectum']",Colon,0.1931,Colon,0.1931,hamlet-multi,
PXD048647,PR_92,0.2776,predict_proba,True,2,"['Colon', 'Rectum']",Colon,0.2464,Colon,0.2464,hamlet-multi,
PXD048734,10,0.1979,predict_proba,True,7,"['Colon', 'Esophagus', 'Kidney', 'Liver', 'Lung', 'Ovary', 'Stomach']",Lung,0.1091,Lung,0.1091,hamlet-multi,
PXD048734,11,0.185,predict_proba,True,7,"['Colon', 'Esophagus', 'Kidney', 'Liver', 'Lung', 'Ovary', 'Stomach']",Lung,0.1042,Lung,0.1042,hamlet-multi,
PXD048734,12,0.1816,predict_proba,True,7,"['Colon', 'Esophagus', 'Kidney', 'Liver', 'Lung', 'Ovary', 'Stomach']",Monocytes,0.1141,Lung,0.091,hamlet-multi,
PXD048734,16,0.189,predict_proba,True,7,"['Colon', 'Esophagus', 'Kidney', 'Liver', 'Lung', 'Ovary', 'Stomach']",Lung,0.1101,Lung,0.1101,hamlet-multi,
PXD048734,17,0.1825,predict_proba,True,7,"['Colon', 'Esophagus', 'Kidney', 'Liver', 'Lung', 'Ovary', 'Stomach']",Lung,0.116,Lung,0.116,hamlet-multi,
PXD048734,18,0.1751,predict_proba,True,7,"['Colon', 'Esophagus', 'Kidney', 'Liver', 'Lung', 'Ovary', 'Stomach']",Lung,0.1853,Lung,0.1853,hamlet-multi,
PXD048734,19,0.2004,predict_proba,True,7,"['Colon', 'Esophagus', 'Kidney', 'Liver', 'Lung', 'Ovary', 'Stomach']",Lung,0.1542,Lung,0.1542,hamlet-multi,
PXD048734,2,0.1673,predict_proba,True,7,"['Colon', 'Esophagus', 'Kidney', 'Liver', 'Lung', 'Ovary', 'Stomach']",Lung,0.1071,Lung,0.1071,hamlet-multi,
PXD048734,20,0.1788,predict_proba,True,7,"['Colon', 'Esophagus', 'Kidney', 'Liver', 'Lung', 'Ovary', 'Stomach']",Lung,0.1542,Lung,0.1542,hamlet-multi,
PXD048734,21,0.1821,predict_proba,True,7,"['Colon', 'Esophagus', 'Kidney', 'Liver', 'Lung', 'Ovary', 'Stomach']",Lung,0.1343,Lung,0.1343,hamlet-multi,
PXD048734,22,0.1754,predict_proba,True,7,"['Colon', 'Esophagus', 'Kidney', 'Liver', 'Lung', 'Ovary', 'Stomach']",Lung,0.1853,Lung,0.1853,hamlet-multi,
PXD048734,23,0.1995,predict_proba,True,7,"['Colon', 'Esophagus', 'Kidney', 'Liver', 'Lung', 'Ovary', 'Stomach']",Monocytes,0.098,Lung,0.0957,hamlet-multi,
PXD048734,24,0.1923,predict_proba,True,7,"['Colon', 'Esophagus', 'Kidney', 'Liver', 'Lung', 'Ovary', 'Stomach']",Lung,0.1829,Lung,0.1829,hamlet-multi,
PXD048734,25,0.198,predict_proba,True,7,"['Colon', 'Esophagus', 'Kidney', 'Liver', 'Lung', 'Ovary', 'Stomach']",Lung,0.1721,Lung,0.1721,hamlet-multi,
PXD048734,26,0.1831,predict_proba,True,7,"['Colon', 'Esophagus', 'Kidney', 'Liver', 'Lung', 'Ovary', 'Stomach']",Lung,0.1958,Lung,0.1958,hamlet-multi,
PXD048734,27,0.1744,predict_proba,True,7,"['Colon', 'Esophagus', 'Kidney', 'Liver', 'Lung', 'Ovary', 'Stomach']",Lung,0.112,Lung,0.112,hamlet-multi,
PXD048734,28,0.1855,predict_proba,True,7,"['Colon', 'Esophagus', 'Kidney', 'Liver', 'Lung', 'Ovary', 'Stomach']",Lung,0.176,Lung,0.176,hamlet-multi,
PXD048734,29,0.1763,predict_proba,True,7,"['Colon', 'Esophagus', 'Kidney', 'Liver', 'Lung', 'Ovary', 'Stomach']",Monocytes,0.1159,Lung,0.1017,hamlet-multi,
PXD048734,30,0.186,predict_proba,True,7,"['Colon', 'Esophagus', 'Kidney', 'Liver', 'Lung', 'Ovary', 'Stomach']",Liver,0.5545,Liver,0.5545,hamlet-multi,
PXD048734,31,0.1604,predict_proba,True,7,"['Colon', 'Esophagus', 'Kidney', 'Liver', 'Lung', 'Ovary', 'Stomach']",Liver,0.1715,Liver,0.1715,hamlet-multi,
PXD048734,32,0.1743,predict_proba,True,7,"['Colon', 'Esophagus', 'Kidney', 'Liver', 'Lung', 'Ovary', 'Stomach']",Liver,0.2985,Liver,0.2985,hamlet-multi,
PXD048734,33,0.1873,predict_proba,True,7,"['Colon', 'Esophagus', 'Kidney', 'Liver', 'Lung', 'Ovary', 'Stomach']",Liver,0.3354,Liver,0.3354,hamlet-multi,
PXD048734,34,0.1801,predict_proba,True,7,"['Colon', 'Esophagus', 'Kidney', 'Liver', 'Lung', 'Ovary', 'Stomach']",Monocytes,0.0827,Lung,0.08,hamlet-multi,
PXD048734,35,0.1654,predict_proba,True,7,"['Colon', 'Esophagus', 'Kidney', 'Liver', 'Lung', 'Ovary', 'Stomach']",Liver,0.7272,Liver,0.7272,hamlet-multi,
PXD048734,36,0.1674,predict_proba,True,7,"['Colon', 'Esophagus', 'Kidney', 'Liver', 'Lung', 'Ovary', 'Stomach']",Liver,0.7224,Liver,0.7224,hamlet-multi,
PXD048734,37,0.1741,predict_proba,True,7,"['Colon', 'Esophagus', 'Kidney', 'Liver', 'Lung', 'Ovary', 'Stomach']",Liver,0.4285,Liver,0.4285,hamlet-multi,
PXD048734,38,0.1559,predict_proba,True,7,"['Colon', 'Esophagus', 'Kidney', 'Liver', 'Lung', 'Ovary', 'Stomach']",Liver,0.8705,Liver,0.8705,hamlet-multi,
PXD048734,39,0.1773,predict_proba,True,7,"['Colon', 'Esophagus', 'Kidney', 'Liver', 'Lung', 'Ovary', 'Stomach']",Liver,0.6175,Liver,0.6175,hamlet-multi,
PXD048734,40,0.2029,predict_proba,True,7,"['Colon', 'Esophagus', 'Kidney', 'Liver', 'Lung', 'Ovary', 'Stomach']",Colon,0.1577,Colon,0.1577,hamlet-multi,
PXD048734,41,0.1845,predict_proba,True,7,"['Colon', 'Esophagus', 'Kidney', 'Liver', 'Lung', 'Ovary', 'Stomach']",Colon,0.3115,Colon,0.3115,hamlet-multi,
PXD048734,42,0.1994,predict_proba,True,7,"['Colon', 'Esophagus', 'Kidney', 'Liver', 'Lung', 'Ovary', 'Stomach']",Colon,0.189,Colon,0.189,hamlet-multi,
PXD048734,43,0.1816,predict_proba,True,7,"['Colon', 'Esophagus', 'Kidney', 'Liver', 'Lung', 'Ovary', 'Stomach']",Colon,0.1422,Colon,0.1422,hamlet-multi,
PXD048734,44,0.1778,predict_proba,True,7,"['Colon', 'Esophagus', 'Kidney', 'Liver', 'Lung', 'Ovary', 'Stomach']",Colon,0.2507,Colon,0.2507,hamlet-multi,
PXD048734,45,0.2092,predict_proba,True,7,"['Colon', 'Esophagus', 'Kidney', 'Liver', 'Lung', 'Ovary', 'Stomach']",Colon,0.135,Colon,0.135,hamlet-multi,
PXD048734,46,0.1893,predict_proba,True,7,"['Colon', 'Esophagus', 'Kidney', 'Liver', 'Lung', 'Ovary', 'Stomach']",Colon,0.1248,Colon,0.1248,hamlet-multi,
PXD048734,47,0.1927,predict_proba,True,7,"['Colon', 'Esophagus', 'Kidney', 'Liver', 'Lung', 'Ovary', 'Stomach']",Kidney,0.2627,Kidney,0.2627,hamlet-multi,
PXD048734,48,0.1494,predict_proba,True,7,"['Colon', 'Esophagus', 'Kidney', 'Liver', 'Lung', 'Ovary', 'Stomach']",Lung,0.1097,Lung,0.1097,hamlet-multi,
PXD048734,49,0.1567,predict_proba,True,7,"['Colon', 'Esophagus', 'Kidney', 'Liver', 'Lung', 'Ovary', 'Stomach']",Kidney,0.1554,Kidney,0.1554,hamlet-multi,
PXD048734,5,0.184,predict_proba,True,7,"['Colon', 'Esophagus', 'Kidney', 'Liver', 'Lung', 'Ovary', 'Stomach']",Lung,0.0987,Lung,0.0987,hamlet-multi,
PXD048734,50,0.1611,predict_proba,True,7,"['Colon', 'Esophagus', 'Kidney', 'Liver', 'Lung', 'Ovary', 'Stomach']",Kidney,0.1991,Kidney,0.1991,hamlet-multi,
PXD048734,51,0.1171,predict_proba,True,7,"['Colon', 'Esophagus', 'Kidney', 'Liver', 'Lung', 'Ovary', 'Stomach']",Kidney,0.1171,Kidney,0.1171,hamlet-multi,
PXD048734,52,0.1345,predict_proba,True,7,"['Colon', 'Esophagus', 'Kidney', 'Liver', 'Lung', 'Ovary', 'Stomach']",Kidney,0.1345,Kidney,0.1345,hamlet-multi,
PXD048734,53,0.1616,predict_proba,True,7,"['Colon', 'Esophagus', 'Kidney', 'Liver', 'Lung', 'Ovary', 'Stomach']",Lung,0.1115,Lung,0.1115,hamlet-multi,
PXD048734,54,0.1793,predict_proba,True,7,"['Colon', 'Esophagus', 'Kidney', 'Liver', 'Lung', 'Ovary', 'Stomach']",Monocytes,0.1068,Lung,0.0947,hamlet-multi,
PXD048734,55,0.1532,predict_proba,True,7,"['Colon', 'Esophagus', 'Kidney', 'Liver', 'Lung', 'Ovary', 'Stomach']",Ovary,0.1128,Ovary,0.1128,hamlet-multi,
PXD048734,56,0.1987,predict_proba,True,7,"['Colon', 'Esophagus', 'Kidney', 'Liver', 'Lung', 'Ovary', 'Stomach']",Esophagus,0.1562,Esophagus,0.1562,hamlet-multi,
PXD048734,57,0.1746,predict_proba,True,7,"['Colon', 'Esophagus', 'Kidney', 'Liver', 'Lung', 'Ovary', 'Stomach']",Lung,0.1177,Lung,0.1177,hamlet-multi,
PXD048734,58,0.1897,predict_proba,True,7,"['Colon', 'Esophagus', 'Kidney', 'Liver', 'Lung', 'Ovary', 'Stomach']",Stomach,0.3041,Stomach,0.3041,hamlet-multi,
PXD048734,59,0.184,predict_proba,True,7,"['Colon', 'Esophagus', 'Kidney', 'Liver', 'Lung', 'Ovary', 'Stomach']",Monocytes,0.1691,Lung,0.087,hamlet-multi,
PXD048734,6,0.1763,predict_proba,True,7,"['Colon', 'Esophagus', 'Kidney', 'Liver', 'Lung', 'Ovary', 'Stomach']",Lung,0.1994,Lung,0.1994,hamlet-multi,
PXD048734,60,0.1729,predict_proba,True,7,"['Colon', 'Esophagus', 'Kidney', 'Liver', 'Lung', 'Ovary', 'Stomach']",Stomach,0.2141,Stomach,0.2141,hamlet-multi,
PXD048734,61,0.1709,predict_proba,True,7,"['Colon', 'Esophagus', 'Kidney', 'Liver', 'Lung', 'Ovary', 'Stomach']",Stomach,0.2019,Stomach,0.2019,hamlet-multi,
PXD048734,62,0.1759,predict_proba,True,7,"['Colon', 'Esophagus', 'Kidney', 'Liver', 'Lung', 'Ovary', 'Stomach']",Lung,0.1031,Lung,0.1031,hamlet-multi,
PXD048734,63,0.1913,predict_proba,True,7,"['Colon', 'Esophagus', 'Kidney', 'Liver', 'Lung', 'Ovary', 'Stomach']",Monocytes,0.1381,Lung,0.0897,hamlet-multi,
PXD048734,64,0.1915,predict_proba,True,7,"['Colon', 'Esophagus', 'Kidney', 'Liver', 'Lung', 'Ovary', 'Stomach']",Lung,0.1015,Lung,0.1015,hamlet-multi,
PXD048734,7,0.1826,predict_proba,True,7,"['Colon', 'Esophagus', 'Kidney', 'Liver', 'Lung', 'Ovary', 'Stomach']",Lung,0.1082,Lung,0.1082,hamlet-multi,
PXD048734,8,0.1744,predict_proba,True,7,"['Colon', 'Esophagus', 'Kidney', 'Liver', 'Lung', 'Ovary', 'Stomach']",Lung,0.1199,Lung,0.1199,hamlet-multi,
PXD048734,9,0.2094,predict_proba,True,7,"['Colon', 'Esophagus', 'Kidney', 'Liver', 'Lung', 'Ovary', 'Stomach']",Lung,0.1148,Lung,0.1148,hamlet-multi,
PXD050416,CAA20220620yexf_wosp00002_TMT16plex_60min_b1_1,0.0249,shap_penalty1,False,2,"['Colon', 'Lung']",Liver,0.1815,,,hamlet-multi,
PXD050416,CAA20220620yexf_wosp00002_TMT16plex_60min_b1_10,0.0119,shap_penalty1,False,2,"['Colon', 'Lung']",Urinary bladder,0.0496,Colon,0.0419,hamlet-multi,
PXD050416,CAA20220620yexf_wosp00002_TMT16plex_60min_b1_11,0.0124,shap_penalty1,False,2,"['Colon', 'Lung']",Lung,0.0419,Lung,0.0419,hamlet-multi,
PXD050416,CAA20220620yexf_wosp00002_TMT16plex_60min_b1_12,0.0149,shap_penalty1,False,2,"['Colon', 'Lung']",Monocytes,0.0494,Colon,0.0404,hamlet-multi,
PXD050416,CAA20220620yexf_wosp00002_TMT16plex_60min_b1_13,0.0157,shap_penalty1,False,2,"['Colon', 'Lung']",Colon,0.0736,Colon,0.0736,hamlet-multi,
PXD050416,CAA20220620yexf_wosp00002_TMT16plex_60min_b1_14,0.014,shap_penalty1,False,2,"['Colon', 'Lung']",Colon,0.0513,Colon,0.0513,hamlet-multi,
PXD050416,CAA20220620yexf_wosp00002_TMT16plex_60min_b1_15,0.0134,shap_penalty1,False,2,"['Colon', 'Lung']",Stomach,0.1766,,,hamlet-multi,
PXD050416,CAA20220620yexf_wosp00002_TMT16plex_60min_b1_16,0.0129,shap_penalty1,False,2,"['Colon', 'Lung']",Stomach,0.1564,,,hamlet-multi,
PXD050416,CAA20220620yexf_wosp00002_TMT16plex_60min_b1_17,0.0122,shap_penalty1,False,2,"['Colon', 'Lung']",Rectum,0.0449,,,hamlet-multi,
PXD050416,CAA20220620yexf_wosp00002_TMT16plex_60min_b1_18,0.0104,shap_penalty1,False,2,"['Colon', 'Lung']",Colon,0.0419,Colon,0.0419,hamlet-multi,
PXD050416,CAA20220620yexf_wosp00002_TMT16plex_60min_b1_19,0.0097,shap_penalty1,False,2,"['Colon', 'Lung']",Rectum,0.0423,Lung,0.0375,hamlet-multi,
PXD050416,CAA20220620yexf_wosp00002_TMT16plex_60min_b1_2,0.0164,shap_penalty1,False,2,"['Colon', 'Lung']",Liver,0.0988,Colon,0.0393,hamlet-multi,
PXD050416,CAA20220620yexf_wosp00002_TMT16plex_60min_b1_20,0.0115,shap_penalty1,False,2,"['Colon', 'Lung']",Colon,0.042,Colon,0.042,hamlet-multi,
PXD050416,CAA20220620yexf_wosp00002_TMT16plex_60min_b1_21,0.0109,shap_penalty1,False,2,"['Colon', 'Lung']",Urinary bladder,0.045,,,hamlet-multi,
PXD050416,CAA20220620yexf_wosp00002_TMT16plex_60min_b1_22,0.0102,shap_penalty1,False,2,"['Colon', 'Lung']",Testis,0.0482,,,hamlet-multi,
PXD050416,CAA20220620yexf_wosp00002_TMT16plex_60min_b1_23,0.01,shap_penalty1,False,2,"['Colon', 'Lung']",Urinary bladder,0.0504,Lung,0.0408,hamlet-multi,
PXD050416,CAA20220620yexf_wosp00002_TMT16plex_60min_b1_24,0.0084,shap_penalty1,False,2,"['Colon', 'Lung']",Stomach,0.1743,,,hamlet-multi,
PXD050416,CAA20220620yexf_wosp00002_TMT16plex_60min_b1_25,0.0094,shap_penalty1,False,2,"['Colon', 'Lung']",Stomach,0.1644,Colon,0.038,hamlet-multi,
PXD050416,CAA20220620yexf_wosp00002_TMT16plex_60min_b1_26,0.01,shap_penalty1,False,2,"['Colon', 'Lung']",Stomach,0.1503,Colon,0.0459,hamlet-multi,
PXD050416,CAA20220620yexf_wosp00002_TMT16plex_60min_b1_27,0.0064,shap_penalty1,False,2,"['Colon', 'Lung']",Monocytes,0.0507,Colon,0.0375,hamlet-multi,
PXD050416,CAA20220620yexf_wosp00002_TMT16plex_60min_b1_28,0.0054,shap_penalty1,False,2,"['Colon', 'Lung']",Pituitary gland,0.0636,,,hamlet-multi,
PXD050416,CAA20220620yexf_wosp00002_TMT16plex_60min_b1_29,0.0057,shap_penalty1,False,2,"['Colon', 'Lung']",Salivary gland,0.047,,,hamlet-multi,
PXD050416,CAA20220620yexf_wosp00002_TMT16plex_60min_b1_3,0.0135,shap_penalty1,False,2,"['Colon', 'Lung']",Liver,0.0988,,,hamlet-multi,
PXD050416,CAA20220620yexf_wosp00002_TMT16plex_60min_b1_30,0.0095,shap_penalty1,False,2,"['Colon', 'Lung']",Lung,0.0626,Lung,0.0626,hamlet-multi,
PXD050416,CAA20220620yexf_wosp00002_TMT16plex_60min_b1_4,0.0139,shap_penalty1,False,2,"['Colon', 'Lung']",Stomach,0.1507,Colon,0.0447,hamlet-multi,
PXD050416,CAA20220620yexf_wosp00002_TMT16plex_60min_b1_5,0.0135,shap_penalty1,False,2,"['Colon', 'Lung']",Stomach,0.1741,,,hamlet-multi,
PXD050416,CAA20220620yexf_wosp00002_TMT16plex_60min_b1_6,0.0125,shap_penalty1,False,2,"['Colon', 'Lung']",Stomach,0.0553,,,hamlet-multi,
PXD050416,CAA20220620yexf_wosp00002_TMT16plex_60min_b1_7,0.0176,shap_penalty1,False,2,"['Colon', 'Lung']",Stomach,0.103,Colon,0.0396,hamlet-multi,
PXD050416,CAA20220620yexf_wosp00002_TMT16plex_60min_b1_8,0.0139,shap_penalty1,False,2,"['Colon', 'Lung']",Kidney,0.109,,,hamlet-multi,
PXD050416,CAA20220620yexf_wosp00002_TMT16plex_60min_b1_9,0.0135,shap_penalty1,False,2,"['Colon', 'Lung']",Kidney,0.0485,,,hamlet-multi,
PXD050416,CAA20220621yexf_wosp00002_TMT16plex_60min_b2_1,0.0114,shap_penalty1,False,2,"['Colon', 'Lung']",Duodenum,0.0419,,,hamlet-multi,
PXD050416,CAA20220621yexf_wosp00002_TMT16plex_60min_b2_10,0.0125,shap_penalty1,False,2,"['Colon', 'Lung']",Lung,0.0738,Lung,0.0738,hamlet-multi,
PXD050416,CAA20220621yexf_wosp00002_TMT16plex_60min_b2_11,0.0097,shap_penalty1,False,2,"['Colon', 'Lung']",Lung,0.0785,Lung,0.0785,hamlet-multi,
PXD050416,CAA20220621yexf_wosp00002_TMT16plex_60min_b2_12,0.0109,shap_penalty1,False,2,"['Colon', 'Lung']",Monocytes,0.0464,Lung,0.0424,hamlet-multi,
PXD050416,CAA20220621yexf_wosp00002_TMT16plex_60min_b2_13,0.0124,shap_penalty1,False,2,"['Colon', 'Lung']",Colon,0.0716,Colon,0.0716,hamlet-multi,
PXD050416,CAA20220621yexf_wosp00002_TMT16plex_60min_b2_14,0.0144,shap_penalty1,False,2,"['Colon', 'Lung']",Salivary gland,0.0623,Colon,0.0433,hamlet-multi,
PXD050416,CAA20220621yexf_wosp00002_TMT16plex_60min_b2_15,0.0151,shap_penalty1,False,2,"['Colon', 'Lung']",Stomach,0.2143,,,hamlet-multi,
PXD050416,CAA20220621yexf_wosp00002_TMT16plex_60min_b2_16,0.0151,shap_penalty1,False,2,"['Colon', 'Lung']",Stomach,0.1767,Colon,0.0436,hamlet-multi,
PXD050416,CAA20220621yexf_wosp00002_TMT16plex_60min_b2_17,0.0152,shap_penalty1,False,2,"['Colon', 'Lung']",Pituitary gland,0.0834,,,hamlet-multi,
PXD050416,CAA20220621yexf_wosp00002_TMT16plex_60min_b2_18,0.0109,shap_penalty1,False,2,"['Colon', 'Lung']",Rectum,0.0427,,,hamlet-multi,
PXD050416,CAA20220621yexf_wosp00002_TMT16plex_60min_b2_19,0.0097,shap_penalty1,False,2,"['Colon', 'Lung']",Endometrium,0.0428,,,hamlet-multi,
PXD050416,CAA20220621yexf_wosp00002_TMT16plex_60min_b2_2,0.0114,shap_penalty1,False,2,"['Colon', 'Lung']",Colon,0.0616,Colon,0.0616,hamlet-multi,
PXD050416,CAA20220621yexf_wosp00002_TMT16plex_60min_b2_20,0.0119,shap_penalty1,False,2,"['Colon', 'Lung']",Urinary bladder,0.0433,,,hamlet-multi,
PXD050416,CAA20220621yexf_wosp00002_TMT16plex_60min_b2_21,0.0146,shap_penalty1,False,2,"['Colon', 'Lung']",Urinary bladder,0.0483,Lung,0.0422,hamlet-multi,
PXD050416,CAA20220621yexf_wosp00002_TMT16plex_60min_b2_22,0.0124,shap_penalty1,False,2,"['Colon', 'Lung']",Lung,0.0465,Lung,0.0465,hamlet-multi,
PXD050416,CAA20220621yexf_wosp00002_TMT16plex_60min_b2_23,0.0112,shap_penalty1,False,2,"['Colon', 'Lung']",Small intestine,0.0434,Colon,0.0392,hamlet-multi,
PXD050416,CAA20220621yexf_wosp00002_TMT16plex_60min_b2_24,0.0094,shap_penalty1,False,2,"['Colon', 'Lung']",Lung,0.0468,Lung,0.0468,hamlet-multi,
PXD050416,CAA20220621yexf_wosp00002_TMT16plex_60min_b2_25,0.0094,shap_penalty1,False,2,"['Colon', 'Lung']",Stomach,0.1654,Colon,0.104,hamlet-multi,
PXD050416,CAA20220621yexf_wosp00002_TMT16plex_60min_b2_26,0.0084,shap_penalty1,False,2,"['Colon', 'Lung']",Rectum,0.042,Colon,0.0418,hamlet-multi,
PXD050416,CAA20220621yexf_wosp00002_TMT16plex_60min_b2_27,0.0064,shap_penalty1,False,2,"['Colon', 'Lung']",Monocytes,0.0423,Colon,0.0393,hamlet-multi,
PXD050416,CAA20220621yexf_wosp00002_TMT16plex_60min_b2_28,0.0052,shap_penalty1,False,2,"['Colon', 'Lung']",Salivary gland,0.0462,Colon,0.0397,hamlet-multi,
PXD050416,CAA20220621yexf_wosp00002_TMT16plex_60min_b2_29,0.0055,shap_penalty1,False,2,"['Colon', 'Lung']",Salivary gland,0.0463,,,hamlet-multi,
PXD050416,CAA20220621yexf_wosp00002_TMT16plex_60min_b2_3,0.009,shap_penalty1,False,2,"['Colon', 'Lung']",Lung,0.0419,Lung,0.0419,hamlet-multi,
PXD050416,CAA20220621yexf_wosp00002_TMT16plex_60min_b2_30,0.0092,shap_penalty1,False,2,"['Colon', 'Lung']",Duodenum,0.0476,,,hamlet-multi,
PXD050416,CAA20220621yexf_wosp00002_TMT16plex_60min_b2_4,0.0105,shap_penalty1,False,2,"['Colon', 'Lung']",Kidney,0.0866,,,hamlet-multi,
PXD050416,CAA20220621yexf_wosp00002_TMT16plex_60min_b2_5,0.0146,shap_penalty1,False,2,"['Colon', 'Lung']",Stomach,0.1845,,,hamlet-multi,
PXD050416,CAA20220621yexf_wosp00002_TMT16plex_60min_b2_6,0.0139,shap_penalty1,False,2,"['Colon', 'Lung']",Monocytes,0.0576,,,hamlet-multi,
PXD050416,CAA20220621yexf_wosp00002_TMT16plex_60min_b2_7,0.0137,shap_penalty1,False,2,"['Colon', 'Lung']",Kidney,0.0602,,,hamlet-multi,
PXD050416,CAA20220621yexf_wosp00002_TMT16plex_60min_b2_8,0.0144,shap_penalty1,False,2,"['Colon', 'Lung']",Colon,0.0572,Colon,0.0572,hamlet-multi,
PXD050416,CAA20220621yexf_wosp00002_TMT16plex_60min_b2_9,0.0129,shap_penalty1,False,2,"['Colon', 'Lung']",Kidney,0.0471,,,hamlet-multi,
PXD050416,CAA20220623yexf_wosp00002_TMT16plex_60min_b3_1,0.0147,shap_penalty1,False,2,"['Colon', 'Lung']",Smooth muscle,0.047,,,hamlet-multi,
PXD050416,CAA20220623yexf_wosp00002_TMT16plex_60min_b3_10,0.0135,shap_penalty1,False,2,"['Colon', 'Lung']",Kidney,0.0442,Colon,0.0362,hamlet-multi,
PXD050416,CAA20220623yexf_wosp00002_TMT16plex_60min_b3_11,0.0127,shap_penalty1,False,2,"['Colon', 'Lung']",Lung,0.0421,Lung,0.0421,hamlet-multi,
PXD050416,CAA20220623yexf_wosp00002_TMT16plex_60min_b3_12,0.0142,shap_penalty1,False,2,"['Colon', 'Lung']",Endometrium,0.0856,,,hamlet-multi,
PXD050416,CAA20220623yexf_wosp00002_TMT16plex_60min_b3_13,0.0151,shap_penalty1,False,2,"['Colon', 'Lung']",Testis,0.0515,,,hamlet-multi,
PXD050416,CAA20220623yexf_wosp00002_TMT16plex_60min_b3_14,0.0144,shap_penalty1,False,2,"['Colon', 'Lung']",Monocytes,0.0428,,,hamlet-multi,
PXD050416,CAA20220623yexf_wosp00002_TMT16plex_60min_b3_15,0.0157,shap_penalty1,False,2,"['Colon', 'Lung']",Ovary,0.0576,Colon,0.0401,hamlet-multi,
PXD050416,CAA20220623yexf_wosp00002_TMT16plex_60min_b3_16,0.0132,shap_penalty1,False,2,"['Colon', 'Lung']",Pituitary gland,0.1155,,,hamlet-multi,
PXD050416,CAA20220623yexf_wosp00002_TMT16plex_60min_b3_17,0.0122,shap_penalty1,False,2,"['Colon', 'Lung']",B-cells,0.0428,Colon,0.0354,hamlet-multi,
PXD050416,CAA20220623yexf_wosp00002_TMT16plex_60min_b3_18,0.0127,shap_penalty1,False,2,"['Colon', 'Lung']",Lung,0.0458,Lung,0.0458,hamlet-multi,
PXD050416,CAA20220623yexf_wosp00002_TMT16plex_60min_b3_19,0.0115,shap_penalty1,False,2,"['Colon', 'Lung']",Urinary bladder,0.0495,,,hamlet-multi,
PXD050416,CAA20220623yexf_wosp00002_TMT16plex_60min_b3_2,0.0125,shap_penalty1,False,2,"['Colon', 'Lung']",Duodenum,0.0455,Colon,0.0406,hamlet-multi,
PXD050416,CAA20220623yexf_wosp00002_TMT16plex_60min_b3_20,0.0097,shap_penalty1,False,2,"['Colon', 'Lung']",Skeletal muscle,0.0392,,,hamlet-multi,
PXD050416,CAA20220623yexf_wosp00002_TMT16plex_60min_b3_21,0.0104,shap_penalty1,False,2,"['Colon', 'Lung']",Rectum,0.043,,,hamlet-multi,
PXD050416,CAA20220623yexf_wosp00002_TMT16plex_60min_b3_22,0.0105,shap_penalty1,False,2,"['Colon', 'Lung']",Colon,0.0572,Colon,0.0572,hamlet-multi,
PXD050416,CAA20220623yexf_wosp00002_TMT16plex_60min_b3_23,0.0109,shap_penalty1,False,2,"['Colon', 'Lung']",Kidney,0.0549,Colon,0.0439,hamlet-multi,
PXD050416,CAA20220623yexf_wosp00002_TMT16plex_60min_b3_24,0.0107,shap_penalty1,False,2,"['Colon', 'Lung']",Rectum,0.0408,Colon,0.0389,hamlet-multi,
PXD050416,CAA20220623yexf_wosp00002_TMT16plex_60min_b3_25,0.0112,shap_penalty1,False,2,"['Colon', 'Lung']",Skeletal muscle,0.0398,Lung,0.0386,hamlet-multi,
PXD050416,CAA20220623yexf_wosp00002_TMT16plex_60min_b3_26,0.0097,shap_penalty1,False,2,"['Colon', 'Lung']",Colon,0.108,Colon,0.108,hamlet-multi,
PXD050416,CAA20220623yexf_wosp00002_TMT16plex_60min_b3_27,0.0074,shap_penalty1,False,2,"['Colon', 'Lung']",Monocytes,0.0467,Colon,0.0423,hamlet-multi,
PXD050416,CAA20220623yexf_wosp00002_TMT16plex_60min_b3_28,0.0072,shap_penalty1,False,2,"['Colon', 'Lung']",Monocytes,0.054,,,hamlet-multi,
PXD050416,CAA20220623yexf_wosp00002_TMT16plex_60min_b3_29,0.0079,shap_penalty1,False,2,"['Colon', 'Lung']",Salivary gland,0.047,,,hamlet-multi,
PXD050416,CAA20220623yexf_wosp00002_TMT16plex_60min_b3_3,0.0149,shap_penalty1,False,2,"['Colon', 'Lung']",Stomach,0.0483,Colon,0.0475,hamlet-multi,
PXD050416,CAA20220623yexf_wosp00002_TMT16plex_60min_b3_30,0.0104,shap_penalty1,False,2,"['Colon', 'Lung']",Colon,0.0567,Colon,0.0567,hamlet-multi,
PXD050416,CAA20220623yexf_wosp00002_TMT16plex_60min_b3_4,0.0167,shap_penalty1,False,2,"['Colon', 'Lung']",Stomach,0.1744,,,hamlet-multi,
PXD050416,CAA20220623yexf_wosp00002_TMT16plex_60min_b3_5,0.0156,shap_penalty1,False,2,"['Colon', 'Lung']",Stomach,0.1825,,,hamlet-multi,
PXD050416,CAA20220623yexf_wosp00002_TMT16plex_60min_b3_6,0.0167,shap_penalty1,False,2,"['Colon', 'Lung']",Stomach,0.1791,,,hamlet-multi,
PXD050416,CAA20220623yexf_wosp00002_TMT16plex_60min_b3_7,0.0214,shap_penalty1,False,2,"['Colon', 'Lung']",Monocytes,0.0641,,,hamlet-multi,
PXD050416,CAA20220623yexf_wosp00002_TMT16plex_60min_b3_8,0.0181,shap_penalty1,False,2,"['Colon', 'Lung']",Kidney,0.0525,Colon,0.0465,hamlet-multi,
PXD050416,CAA20220623yexf_wosp00002_TMT16plex_60min_b3_9,0.0144,shap_penalty1,False,2,"['Colon', 'Lung']",Kidney,0.0453,,,hamlet-multi,
PXD055814,20240313_C34501_002_S648537_MFM-X294-1_Group_1,0.0045,shap_penalty1,False,4,"['Adipose tissue', 'Brain', 'Heart', 'Thyroid']",Skeletal muscle,0.0395,,,hamlet-multi,
PXD055814,20240313_C34501_004_S648538_MFM-X294-2_Group_2,0.0042,shap_penalty1,False,4,"['Adipose tissue', 'Brain', 'Heart', 'Thyroid']",Skeletal muscle,0.0393,,,hamlet-multi,
PXD055814,20240313_C34501_006_S648539_MFM-X294-3_Group_3,0.0047,shap_penalty1,False,4,"['Adipose tissue', 'Brain', 'Heart', 'Thyroid']",Skeletal muscle,0.0396,,,hamlet-multi,
PXD055814,20240313_C34501_008_S648540_MFM-X294-4_Group_4,0.0047,shap_penalty1,False,4,"['Adipose tissue', 'Brain', 'Heart', 'Thyroid']",Skeletal muscle,0.0398,,,hamlet-multi,
PXD055814,20240502_C35067_017_S683914_MFM-X294-4_ArgC,0.0017,shap_penalty1,False,4,"['Adipose tissue', 'Brain', 'Heart', 'Thyroid']",Tonsil,0.0392,,,hamlet-multi,
PXD055814,20240628_C35566_002_S714693_MFM-X298-B1_Group_1,0.0032,shap_penalty1,False,4,"['Adipose tissue', 'Brain', 'Heart', 'Thyroid']",Brain,0.087,Brain,0.087,hamlet-multi,
PXD055814,20240628_C35566_004_S714694_MFM-X298-B2_Group_2,0.0028,shap_penalty1,False,4,"['Adipose tissue', 'Brain', 'Heart', 'Thyroid']",Brain,0.0865,Brain,0.0865,hamlet-multi,
PXD055814,20240628_C35566_006_S714695_MFM-X298-B3_Group_3,0.0032,shap_penalty1,False,4,"['Adipose tissue', 'Brain', 'Heart', 'Thyroid']",Brain,0.0858,Brain,0.0858,hamlet-multi,
PXD055814,20240628_C35566_008_S714696_MFM-X298-B4_Group_4,0.0037,shap_penalty1,False,4,"['Adipose tissue', 'Brain', 'Heart', 'Thyroid']",Brain,0.0859,Brain,0.0859,hamlet-multi,
PXD055814,20240628_C35566_011_S714697_MFM-X298-C1_Group_1,0.0023,shap_penalty1,False,4,"['Adipose tissue', 'Brain', 'Heart', 'Thyroid']",Brain,0.0839,Brain,0.0839,hamlet-multi,
PXD055814,20240628_C35566_013_S714698_MFM-X298-C2_Group_2,0.0023,shap_penalty1,False,4,"['Adipose tissue', 'Brain', 'Heart', 'Thyroid']",Tonsil,0.0394,,,hamlet-multi,
PXD055814,20240628_C35566_015_S714699_MFM-X298-C3_Group_3,0.0035,shap_penalty1,False,4,"['Adipose tissue', 'Brain', 'Heart', 'Thyroid']",Brain,0.0875,Brain,0.0875,hamlet-multi,
PXD055814,20240628_C35566_017_S714700_MFM-X298-C4_Group_4,0.0032,shap_penalty1,False,4,"['Adipose tissue', 'Brain', 'Heart', 'Thyroid']",Brain,0.0875,Brain,0.0875,hamlet-multi,
PXD055814,20240731_C35916_002_S744275_MFM-X314-A1_Group_1,0.005,shap_penalty1,False,4,"['Adipose tissue', 'Brain', 'Heart', 'Thyroid']",Ovary,0.0763,,,hamlet-multi,
PXD055814,20240731_C35916_004_S744276_MFM-X314-A2_Group_2,0.0032,shap_penalty1,False,4,"['Adipose tissue', 'Brain', 'Heart', 'Thyroid']",Testis,0.0646,,,hamlet-multi,
PXD055814,20240731_C35916_006_S744277_MFM-X314-A3_Group_3,0.0033,shap_penalty1,False,4,"['Adipose tissue', 'Brain', 'Heart', 'Thyroid']",Testis,0.0562,,,hamlet-multi,
PXD055814,20240731_C35916_008_S744278_MFM-X314-A4_Group_4,0.0033,shap_penalty1,False,4,"['Adipose tissue', 'Brain', 'Heart', 'Thyroid']",Testis,0.0583,,,hamlet-multi,
PXD055814,20240731_C35916_011_S744279_MFM-X314-B1_Group_1,0.0043,shap_penalty1,False,4,"['Adipose tissue', 'Brain', 'Heart', 'Thyroid']",Esophagus,0.1042,,,hamlet-multi,
PXD055814,20240731_C35916_013_S744280_MFM-X314-B2_Group_2,0.0032,shap_penalty1,False,4,"['Adipose tissue', 'Brain', 'Heart', 'Thyroid']",Testis,0.0615,,,hamlet-multi,
PXD055814,20240731_C35916_015_S744281_MFM-X314-B3_Group_3,0.0045,shap_penalty1,False,4,"['Adipose tissue', 'Brain', 'Heart', 'Thyroid']",Salivary gland,0.0736,,,hamlet-multi,
PXD055814,20240731_C35916_017_S744282_MFM-X314-B4_Group_4,0.0028,shap_penalty1,False,4,"['Adipose tissue', 'Brain', 'Heart', 'Thyroid']",Testis,0.0595,,,hamlet-multi,
PXD055814,20240731_C35916_020_S744283_MFM-X314-C1_Group_1,0.0027,shap_penalty1,False,4,"['Adipose tissue', 'Brain', 'Heart', 'Thyroid']",Testis,0.0583,,,hamlet-multi,
PXD055814,20240731_C35916_022_S744284_MFM-X314-C2_Group_2,0.0035,shap_penalty1,False,4,"['Adipose tissue', 'Brain', 'Heart', 'Thyroid']",Testis,0.0702,,,hamlet-multi,
PXD055814,20240731_C35916_024_S744285_MFM-X314-C3_Group_3,0.0037,shap_penalty1,False,4,"['Adipose tissue', 'Brain', 'Heart', 'Thyroid']",Testis,0.054,,,hamlet-multi,
PXD055814,20240731_C35916_026_S744286_MFM-X314-C4_Group_4,0.0035,shap_penalty1,False,4,"['Adipose tissue', 'Brain', 'Heart', 'Thyroid']",Testis,0.0558,,,hamlet-multi,
PXD056300,MET04_01,0.0319,shap_penalty1,False,5,"['Kidney', 'Liver', 'Lung', 'Lymph node', 'Prostate']",Smooth muscle,0.0548,Lung,0.0419,hamlet-multi,
PXD056300,MET13_01,0.0171,shap_penalty1,False,5,"['Kidney', 'Liver', 'Lung', 'Lymph node', 'Prostate']",Kidney,0.0426,Kidney,0.0426,hamlet-multi,
PXD056689,WD366GI_NSD2,0.0518,shap_penalty1,False,2,"['Liver', 'Lung']",Testis,0.0796,,,hamlet-multi,
PXD058971,KO_brain,0.0,shap_penalty1,False,8,"['Brain', 'Colon', 'Heart', 'Kidney', 'Liver', 'Lung', 'Skeletal muscle', 'Spleen']",Tonsil,0.0388,Skeletal muscle,0.0388,name,Brain
PXD058971,WT_brain,0.0,shap_penalty1,False,8,"['Brain', 'Colon', 'Heart', 'Kidney', 'Liver', 'Lung', 'Skeletal muscle', 'Spleen']",Tonsil,0.0388,Skeletal muscle,0.0388,name,Brain
PXD058971,XYJ_0612-HEART-WT,0.0,shap_penalty1,False,8,"['Brain', 'Colon', 'Heart', 'Kidney', 'Liver', 'Lung', 'Skeletal muscle', 'Spleen']",Tonsil,0.0388,Skeletal muscle,0.0388,name,Heart
PXD058971,XYJ_0612_10-SPLEEN-KO,0.0,shap_penalty1,False,8,"['Brain', 'Colon', 'Heart', 'Kidney', 'Liver', 'Lung', 'Skeletal muscle', 'Spleen']",Tonsil,0.0388,Skeletal muscle,0.0388,name,Spleen
PXD058971,XYJ_0612_13-COLON-WT,0.0,shap_penalty1,False,8,"['Brain', 'Colon', 'Heart', 'Kidney', 'Liver', 'Lung', 'Skeletal muscle', 'Spleen']",Tonsil,0.0388,Skeletal muscle,0.0388,name,Colon
PXD058971,XYJ_0612_14-COLON-KO,0.0,shap_penalty1,False,8,"['Brain', 'Colon', 'Heart', 'Kidney', 'Liver', 'Lung', 'Skeletal muscle', 'Spleen']",Tonsil,0.0388,Skeletal muscle,0.0388,name,Colon
PXD058971,XYJ_0612_17-LIVER-WT,0.0,shap_penalty1,False,8,"['Brain', 'Colon', 'Heart', 'Kidney', 'Liver', 'Lung', 'Skeletal muscle', 'Spleen']",Tonsil,0.0388,Skeletal muscle,0.0388,name,Liver
PXD058971,XYJ_0612_18-LIVER-KO,0.0,shap_penalty1,False,8,"['Brain', 'Colon', 'Heart', 'Kidney', 'Liver', 'Lung', 'Skeletal muscle', 'Spleen']",Tonsil,0.0388,Skeletal muscle,0.0388,name,Liver
PXD058971,XYJ_0612_4-HEART-KO,0.0,shap_penalty1,False,8,"['Brain', 'Colon', 'Heart', 'Kidney', 'Liver', 'Lung', 'Skeletal muscle', 'Spleen']",Tonsil,0.0388,Skeletal muscle,0.0388,name,Heart
PXD058971,XYJ_0612_8-MUSCLE-KO,0.0,shap_penalty1,False,8,"['Brain', 'Colon', 'Heart', 'Kidney', 'Liver', 'Lung', 'Skeletal muscle', 'Spleen']",Tonsil,0.0388,Skeletal muscle,0.0388,name,Skeletal muscle
PXD058971,XYJ_0612_9-SPLEEN-WT,0.0,shap_penalty1,False,8,"['Brain', 'Colon', 'Heart', 'Kidney', 'Liver', 'Lung', 'Skeletal muscle', 'Spleen']",Tonsil,0.0388,Skeletal muscle,0.0388,name,Spleen
PXD058971,XYJ_0612_MUSCLE-WT,0.0,shap_penalty1,False,8,"['Brain', 'Colon', 'Heart', 'Kidney', 'Liver', 'Lung', 'Skeletal muscle', 'Spleen']",Tonsil,0.0388,Skeletal muscle,0.0388,name,Skeletal muscle
PXD058971,XYJ_10-SPLEEN-KO,0.0,shap_penalty1,False,8,"['Brain', 'Colon', 'Heart', 'Kidney', 'Liver', 'Lung', 'Skeletal muscle', 'Spleen']",Tonsil,0.0388,Skeletal muscle,0.0388,name,Spleen
PXD058971,XYJ_1125_1-LUC-CT,0.0,shap_penalty1,False,8,"['Brain', 'Colon', 'Heart', 'Kidney', 'Liver', 'Lung', 'Skeletal muscle', 'Spleen']",Tonsil,0.0388,Skeletal muscle,0.0388,hamlet-multi,
PXD058971,XYJ_1125_2-LUC-40,0.0,shap_penalty1,False,8,"['Brain', 'Colon', 'Heart', 'Kidney', 'Liver', 'Lung', 'Skeletal muscle', 'Spleen']",Tonsil,0.0388,Skeletal muscle,0.0388,hamlet-multi,
PXD058971,XYJ_1125_3-LUC-1,0.0,shap_penalty1,False,8,"['Brain', 'Colon', 'Heart', 'Kidney', 'Liver', 'Lung', 'Skeletal muscle', 'Spleen']",Tonsil,0.0388,Skeletal muscle,0.0388,hamlet-multi,
PXD058971,XYJ_1125_4-PCMT1-CT,0.0,shap_penalty1,False,8,"['Brain', 'Colon', 'Heart', 'Kidney', 'Liver', 'Lung', 'Skeletal muscle', 'Spleen']",Tonsil,0.0388,Skeletal muscle,0.0388,hamlet-multi,
PXD058971,XYJ_1125_5-PCMT1-40,0.0,shap_penalty1,False,8,"['Brain', 'Colon', 'Heart', 'Kidney', 'Liver', 'Lung', 'Skeletal muscle', 'Spleen']",Tonsil,0.0388,Skeletal muscle,0.0388,hamlet-multi,
PXD058971,XYJ_1125_6-PCMT1-1,0.0,shap_penalty1,False,8,"['Brain', 'Colon', 'Heart', 'Kidney', 'Liver', 'Lung', 'Skeletal muscle', 'Spleen']",Tonsil,0.0388,Skeletal muscle,0.0388,hamlet-multi,
PXD058971,XYJ_17-LIVER-WT,0.0,shap_penalty1,False,8,"['Brain', 'Colon', 'Heart', 'Kidney', 'Liver', 'Lung', 'Skeletal muscle', 'Spleen']",Tonsil,0.0388,Skeletal muscle,0.0388,name,Liver
PXD058971,XYJ_18-LIVER-KO,0.0,shap_penalty1,False,8,"['Brain', 'Colon', 'Heart', 'Kidney', 'Liver', 'Lung', 'Skeletal muscle', 'Spleen']",Tonsil,0.0388,Skeletal muscle,0.0388,name,Liver
PXD058971,XYJ_5-LUNG-WT,0.0,shap_penalty1,False,8,"['Brain', 'Colon', 'Heart', 'Kidney', 'Liver', 'Lung', 'Skeletal muscle', 'Spleen']",Tonsil,0.0388,Skeletal muscle,0.0388,name,Lung
PXD058971,XYJ_6-LUNG-KO,0.0,shap_penalty1,False,8,"['Brain', 'Colon', 'Heart', 'Kidney', 'Liver', 'Lung', 'Skeletal muscle', 'Spleen']",Tonsil,0.0388,Skeletal muscle,0.0388,name,Lung
PXD058971,XYJ_7-MUSCLE-WT,0.0,shap_penalty1,False,8,"['Brain', 'Colon', 'Heart', 'Kidney', 'Liver', 'Lung', 'Skeletal muscle', 'Spleen']",Tonsil,0.0388,Skeletal muscle,0.0388,name,Skeletal muscle
PXD058971,XYJ_8-MUSCLE-KO,0.0,shap_penalty1,False,8,"['Brain', 'Colon', 'Heart', 'Kidney', 'Liver', 'Lung', 'Skeletal muscle', 'Spleen']",Tonsil,0.0388,Skeletal muscle,0.0388,name,Skeletal muscle
PXD058971,XYJ_9-SPLEEN-WT,0.0,shap_penalty1,False,8,"['Brain', 'Colon', 'Heart', 'Kidney', 'Liver', 'Lung', 'Skeletal muscle', 'Spleen']",Tonsil,0.0388,Skeletal muscle,0.0388,name,Spleen
PXD058971,YW_1-KIDNEY-WT,0.0,shap_penalty1,False,8,"['Brain', 'Colon', 'Heart', 'Kidney', 'Liver', 'Lung', 'Skeletal muscle', 'Spleen']",Tonsil,0.0388,Skeletal muscle,0.0388,name,Kidney
PXD058971,YW_13-COLON-WT,0.0,shap_penalty1,False,8,"['Brain', 'Colon', 'Heart', 'Kidney', 'Liver', 'Lung', 'Skeletal muscle', 'Spleen']",Tonsil,0.0388,Skeletal muscle,0.0388,name,Colon
PXD058971,YW_14-COLON-KO,0.0,shap_penalty1,False,8,"['Brain', 'Colon', 'Heart', 'Kidney', 'Liver', 'Lung', 'Skeletal muscle', 'Spleen']",Tonsil,0.0388,Skeletal muscle,0.0388,name,Colon
PXD058971,YW_2-KIDNEY-KO,0.0,shap_penalty1,False,8,"['Brain', 'Colon', 'Heart', 'Kidney', 'Liver', 'Lung', 'Skeletal muscle', 'Spleen']",Tonsil,0.0388,Skeletal muscle,0.0388,name,Kidney
PXD058971,YW_3-HEART-WT,0.0,shap_penalty1,False,8,"['Brain', 'Colon', 'Heart', 'Kidney', 'Liver', 'Lung', 'Skeletal muscle', 'Spleen']",Tonsil,0.0388,Skeletal muscle,0.0388,name,Heart
PXD058971,YW_4-HEART-KO,0.0,shap_penalty1,False,8,"['Brain', 'Colon', 'Heart', 'Kidney', 'Liver', 'Lung', 'Skeletal muscle', 'Spleen']",Tonsil,0.0388,Skeletal muscle,0.0388,name,Heart
PXD068664,NT1,0.0396,shap_penalty1,False,2,"['Kidney', 'Lung']",Kidney,0.0609,Kidney,0.0609,hamlet-multi,
PXD068664,NT2,0.0473,shap_penalty1,False,2,"['Kidney', 'Lung']",Kidney,0.0653,Kidney,0.0653,hamlet-multi,
PXD068664,NT3,0.0423,shap_penalty1,False,2,"['Kidney', 'Lung']",Ovary,0.0854,Kidney,0.0687,hamlet-multi,
PXD068664,PURPL1,0.0485,shap_penalty1,False,2,"['Kidney', 'Lung']",Kidney,0.0719,Kidney,0.0719,hamlet-multi,
PXD068664,PURPL2,0.0627,shap_penalty1,False,2,"['Kidney', 'Lung']",Smooth muscle,0.0599,Kidney,0.0544,hamlet-multi,
PXD068664,PURPL3,0.0438,shap_penalty1,False,2,"['Kidney', 'Lung']",Kidney,0.0606,Kidney,0.0606,hamlet-multi,
