pxd,cohort,old_fields,new_fields,shared_fields,earlier_only_fields,expanded_only_fields,old_values,new_values,field_jaccard,field_delta,value_delta,equivalent_pairs,hierarchical_inclusive_pairs,semantic_inclusive_pairs,equivalent_pairs_jaccard,hierarchical_inclusive_pairs_jaccard,semantic_inclusive_pairs_jaccard
PXD000004,abstract_only,10,15,8,2,7,12,18,0.47058823529411764,5,6,6,6,6,0.25,0.25,0.25
PXD000445,abstract_only,14,18,14,0,4,23,32,0.7777777777777778,4,9,16,16,21,0.41025641025641024,0.41025641025641024,0.6176470588235294
PXD001000,abstract_only,1,14,1,0,13,1,21,0.07142857142857142,13,20,0,0,0,0.0,0.0,0.0
PXD001326,abstract_only,9,21,9,0,12,11,29,0.42857142857142855,12,18,8,8,9,0.25,0.25,0.2903225806451613
PXD001419,abstract_only,10,26,10,0,16,10,31,0.38461538461538464,16,21,5,5,6,0.1388888888888889,0.1388888888888889,0.17142857142857143
PXD001524,abstract_only,9,21,8,1,13,9,23,0.36363636363636365,12,14,6,6,8,0.23076923076923078,0.23076923076923078,0.3333333333333333
PXD001985,abstract_only,9,24,9,0,15,10,36,0.375,15,26,5,5,7,0.12195121951219512,0.12195121951219512,0.1794871794871795
PXD002354,abstract_only,11,13,7,4,6,11,20,0.4117647058823529,2,9,5,5,5,0.19230769230769232,0.19230769230769232,0.19230769230769232
PXD002687,with_methods,25,26,24,1,2,30,30,0.8888888888888888,1,0,22,22,22,0.5789473684210527,0.5789473684210527,0.5789473684210527
PXD003053,abstract_only,10,22,10,0,12,11,23,0.45454545454545453,12,12,6,6,7,0.21428571428571427,0.21428571428571427,0.25925925925925924
PXD003293,with_methods,29,27,27,2,0,37,40,0.9310344827586207,-2,3,24,24,26,0.4528301886792453,0.4528301886792453,0.5098039215686274
PXD003408,abstract_only,14,26,14,0,12,16,32,0.5384615384615384,12,16,11,11,11,0.2972972972972973,0.2972972972972973,0.2972972972972973
PXD003416,abstract_only,14,29,14,0,15,15,35,0.4827586206896552,15,20,11,11,12,0.28205128205128205,0.28205128205128205,0.3157894736842105
PXD003594,with_methods,21,25,20,1,5,24,36,0.7692307692307693,4,12,16,17,22,0.36363636363636365,0.3953488372093023,0.5789473684210527
PXD003971,abstract_only,8,27,8,0,19,9,35,0.2962962962962963,19,26,5,5,8,0.1282051282051282,0.1282051282051282,0.2222222222222222
PXD004334,with_methods,18,20,16,2,4,22,25,0.7272727272727273,2,3,9,9,12,0.23684210526315788,0.23684210526315788,0.34285714285714286
PXD004626,abstract_only,12,19,9,3,10,14,25,0.4090909090909091,7,11,5,5,5,0.14705882352941177,0.14705882352941177,0.14705882352941177
PXD005045,abstract_only,12,25,12,0,13,13,30,0.48,13,17,11,11,12,0.34375,0.34375,0.3870967741935484
PXD005301,abstract_only,12,23,12,0,11,12,31,0.5217391304347826,11,19,7,9,12,0.19444444444444445,0.2647058823529412,0.3870967741935484
PXD005544,abstract_only,13,23,10,3,13,13,25,0.38461538461538464,10,12,5,6,7,0.15151515151515152,0.1875,0.22580645161290322
PXD005753,with_methods,21,17,16,5,1,33,32,0.7272727272727273,-4,-1,13,13,19,0.25,0.25,0.41304347826086957
PXD006114,with_methods,30,25,25,5,0,51,43,0.8333333333333334,-5,-8,18,18,28,0.23684210526315788,0.23684210526315788,0.42424242424242425
PXD006299,abstract_only,9,20,7,2,13,9,39,0.3181818181818182,11,30,4,4,5,0.09090909090909091,0.09090909090909091,0.11627906976744186
PXD006447,with_methods,22,25,21,1,4,24,31,0.8076923076923077,3,7,23,23,23,0.71875,0.71875,0.71875
PXD006571,abstract_only,12,21,9,3,12,17,26,0.375,9,9,9,9,10,0.2647058823529412,0.2647058823529412,0.30303030303030304
PXD006607,abstract_only,7,21,7,0,14,8,24,0.3333333333333333,14,16,3,4,6,0.10344827586206896,0.14285714285714285,0.23076923076923078
PXD006770,abstract_only,8,20,8,0,12,12,36,0.4,12,24,6,6,8,0.14285714285714285,0.14285714285714285,0.2
PXD006897,abstract_only,8,12,8,0,4,12,16,0.6666666666666666,4,4,6,6,7,0.2727272727272727,0.2727272727272727,0.3333333333333333
PXD007149,abstract_only,6,16,3,3,13,6,27,0.15789473684210525,10,21,2,2,3,0.06451612903225806,0.06451612903225806,0.1
PXD007270,with_methods,24,23,22,2,1,39,29,0.88,-1,-10,20,20,23,0.4166666666666667,0.4166666666666667,0.5111111111111111
PXD007643,abstract_only,10,20,8,2,12,16,26,0.36363636363636365,10,10,6,6,10,0.16666666666666666,0.16666666666666666,0.3125
PXD007738,with_methods,24,23,21,3,2,38,37,0.8076923076923077,-1,-1,17,17,23,0.29310344827586204,0.29310344827586204,0.4423076923076923
PXD007842,abstract_only,8,24,7,1,17,8,32,0.28,16,24,3,4,5,0.08108108108108109,0.1111111111111111,0.14285714285714285
PXD007959,with_methods,21,23,20,1,3,24,28,0.8333333333333334,2,4,17,17,18,0.4857142857142857,0.4857142857142857,0.5294117647058824
PXD008076,abstract_only,8,15,7,1,8,9,21,0.4375,7,12,6,6,6,0.25,0.25,0.25
PXD008178,with_methods,23,27,23,0,4,36,32,0.8518518518518519,4,-4,20,21,24,0.4166666666666667,0.44680851063829785,0.5454545454545454
PXD008333,abstract_only,11,19,11,0,8,13,25,0.5789473684210527,8,12,9,9,10,0.3103448275862069,0.3103448275862069,0.35714285714285715
PXD008468,abstract_only,11,24,11,0,13,12,33,0.4583333333333333,13,21,5,6,8,0.125,0.15384615384615385,0.21621621621621623
PXD008581,abstract_only,1,15,1,0,14,1,19,0.06666666666666667,14,18,1,1,1,0.05263157894736842,0.05263157894736842,0.05263157894736842
PXD008719,abstract_only,11,19,11,0,8,15,25,0.5789473684210527,8,10,9,10,11,0.2903225806451613,0.3333333333333333,0.3793103448275862
PXD008918,with_methods,18,16,15,3,1,19,19,0.7894736842105263,-2,0,11,11,14,0.4074074074074074,0.4074074074074074,0.5833333333333334
PXD008980,with_methods,21,29,21,0,8,26,35,0.7241379310344828,8,9,16,16,20,0.35555555555555557,0.35555555555555557,0.4878048780487805
PXD009095,with_methods,26,26,25,1,1,32,35,0.9259259259259259,0,3,19,19,27,0.3958333333333333,0.3958333333333333,0.675
PXD009161,abstract_only,12,17,6,6,11,12,17,0.2608695652173913,5,5,4,4,4,0.16,0.16,0.16
PXD009241,with_methods,28,27,27,1,0,40,36,0.9642857142857143,-1,-4,24,24,28,0.46153846153846156,0.46153846153846156,0.5833333333333334
PXD009300,with_methods,16,17,15,1,2,17,18,0.8333333333333334,1,1,15,15,16,0.75,0.75,0.8421052631578947
PXD009350,with_methods,28,25,24,4,1,36,34,0.8275862068965517,-3,-2,18,18,23,0.34615384615384615,0.34615384615384615,0.48936170212765956
PXD009426,abstract_only,7,21,6,1,15,10,32,0.2727272727272727,14,22,5,5,6,0.13513513513513514,0.13513513513513514,0.16666666666666666
PXD009500,with_methods,24,22,21,3,1,26,27,0.84,-2,1,14,14,18,0.358974358974359,0.358974358974359,0.5142857142857142
PXD009578,with_methods,18,24,17,1,7,40,36,0.68,6,-4,18,18,19,0.3103448275862069,0.3103448275862069,0.3333333333333333
PXD009646,abstract_only,13,19,11,2,8,13,36,0.5238095238095238,6,23,8,8,9,0.1951219512195122,0.1951219512195122,0.225
PXD009760,abstract_only,8,18,8,0,10,11,23,0.4444444444444444,10,12,5,5,5,0.1724137931034483,0.1724137931034483,0.1724137931034483
PXD009839,abstract_only,5,16,5,0,11,5,20,0.3125,11,15,2,2,3,0.08695652173913043,0.08695652173913043,0.13636363636363635
PXD009900,with_methods,15,18,14,1,4,15,29,0.7368421052631579,3,14,12,13,13,0.375,0.41935483870967744,0.41935483870967744
PXD009950,abstract_only,5,14,4,1,10,5,16,0.26666666666666666,9,11,2,2,3,0.10526315789473684,0.10526315789473684,0.16666666666666666
PXD010093,abstract_only,11,27,10,1,17,12,31,0.35714285714285715,16,19,8,8,9,0.22857142857142856,0.22857142857142856,0.2647058823529412
PXD010154,with_methods,22,26,22,0,4,36,75,0.8461538461538461,4,39,27,27,32,0.32142857142857145,0.32142857142857145,0.4050632911392405
PXD010286,abstract_only,12,21,11,1,10,12,25,0.5,9,13,10,10,11,0.37037037037037035,0.37037037037037035,0.4230769230769231
PXD010469,abstract_only,11,23,11,0,12,12,25,0.4782608695652174,12,13,6,6,10,0.1935483870967742,0.1935483870967742,0.37037037037037035
PXD010630,abstract_only,10,14,9,1,5,17,24,0.6,4,7,15,15,15,0.5769230769230769,0.5769230769230769,0.5769230769230769
PXD010821,with_methods,27,22,22,5,0,39,29,0.8148148148148148,-5,-10,21,21,25,0.44680851063829785,0.44680851063829785,0.5813953488372093
PXD011075,abstract_only,9,16,9,0,7,10,19,0.5625,7,9,7,7,8,0.3181818181818182,0.3181818181818182,0.38095238095238093
PXD011242,abstract_only,12,20,11,1,9,12,25,0.5238095238095238,8,13,8,8,10,0.27586206896551724,0.27586206896551724,0.37037037037037035
PXD011609,abstract_only,13,21,12,1,9,18,25,0.5454545454545454,8,7,6,7,9,0.16216216216216217,0.19444444444444445,0.2647058823529412
PXD013923,with_methods,27,28,26,1,2,36,35,0.896551724137931,1,-1,21,21,26,0.42,0.42,0.5777777777777777
PXD020164,abstract_only,9,21,7,2,14,11,26,0.30434782608695654,12,15,7,7,7,0.23333333333333334,0.23333333333333334,0.23333333333333334
PXD025899,with_methods,24,27,23,1,4,26,31,0.8214285714285714,3,5,14,14,17,0.32558139534883723,0.32558139534883723,0.425
PXD036023,abstract_only,10,18,9,1,9,13,21,0.47368421052631576,8,8,8,8,8,0.3076923076923077,0.3076923076923077,0.3076923076923077
PXD046405,abstract_only,8,19,8,0,11,10,31,0.42105263157894735,11,21,5,6,7,0.1388888888888889,0.17142857142857143,0.20588235294117646
PXD046462,abstract_only,11,30,11,0,19,11,40,0.36666666666666664,19,29,9,9,11,0.21428571428571427,0.21428571428571427,0.275
PXD046550,with_methods,24,27,24,0,3,28,36,0.8888888888888888,3,8,19,19,22,0.4222222222222222,0.4222222222222222,0.5238095238095238
PXD046676,abstract_only,11,28,11,0,17,11,42,0.39285714285714285,17,31,9,9,10,0.20454545454545456,0.20454545454545456,0.23255813953488372
PXD046754,abstract_only,11,16,9,2,7,12,25,0.5,5,13,5,5,8,0.15625,0.15625,0.27586206896551724
PXD046846,with_methods,23,23,23,0,0,24,31,1.0,0,7,15,15,17,0.375,0.375,0.4473684210526316
PXD046988,abstract_only,2,20,2,0,18,2,22,0.1,18,20,0,0,1,0.0,0.0,0.043478260869565216
PXD047040,with_methods,20,27,20,0,7,23,33,0.7407407407407407,7,10,21,21,21,0.6,0.6,0.6
PXD047111,abstract_only,11,27,10,1,17,11,37,0.35714285714285715,16,26,7,7,8,0.17073170731707318,0.17073170731707318,0.2
PXD047228,abstract_only,10,15,8,2,7,10,18,0.47058823529411764,5,8,6,6,7,0.2727272727272727,0.2727272727272727,0.3333333333333333
PXD047367,with_methods,26,27,26,0,1,28,31,0.9629629629629629,1,3,22,22,24,0.5945945945945946,0.5945945945945946,0.6857142857142857
PXD047507,with_methods,15,23,14,1,9,17,34,0.5833333333333334,8,17,11,11,14,0.275,0.275,0.3783783783783784
PXD047613,abstract_only,14,25,9,5,16,17,36,0.3,11,19,6,6,9,0.1276595744680851,0.1276595744680851,0.20454545454545456
PXD047823,with_methods,25,28,25,0,3,33,35,0.8928571428571429,3,2,24,24,28,0.5454545454545454,0.5454545454545454,0.7
PXD047914,abstract_only,1,9,0,1,9,1,9,0.0,8,8,0,0,0,0.0,0.0,0.0
PXD048018,abstract_only,8,30,7,1,23,9,40,0.22580645161290322,22,31,2,2,3,0.0425531914893617,0.0425531914893617,0.06521739130434782
PXD048102,abstract_only,1,8,1,0,7,1,8,0.125,7,7,1,1,1,0.125,0.125,0.125
PXD048361,with_methods,19,19,19,0,0,19,28,1.0,0,9,14,14,18,0.42424242424242425,0.42424242424242425,0.6206896551724138
PXD048511,abstract_only,8,14,7,1,7,8,17,0.4666666666666667,6,9,6,6,7,0.3157894736842105,0.3157894736842105,0.3888888888888889
PXD048603,with_methods,25,26,25,0,1,30,39,0.9615384615384616,1,9,19,19,22,0.38,0.38,0.46808510638297873
PXD048682,abstract_only,10,21,10,0,11,11,25,0.47619047619047616,11,14,4,4,8,0.125,0.125,0.2857142857142857
PXD048840,with_methods,16,23,12,4,11,17,27,0.4444444444444444,7,10,10,10,12,0.29411764705882354,0.29411764705882354,0.375
PXD048934,with_methods,25,25,22,3,3,31,37,0.7857142857142857,0,6,28,28,28,0.7,0.7,0.7
PXD049067,with_methods,27,27,25,2,2,39,34,0.8620689655172413,0,-5,25,25,25,0.5208333333333334,0.5208333333333334,0.5208333333333334
PXD049249,abstract_only,10,17,7,3,10,11,27,0.35,7,16,3,3,5,0.08571428571428572,0.08571428571428572,0.15151515151515152
PXD049339,abstract_only,5,20,3,2,17,6,33,0.13636363636363635,15,27,3,3,4,0.08333333333333333,0.08333333333333333,0.11428571428571428
PXD049793,abstract_only,2,13,2,0,11,2,13,0.15384615384615385,11,11,2,2,2,0.15384615384615385,0.15384615384615385,0.15384615384615385
PXD050085,with_methods,16,16,13,3,3,17,17,0.6842105263157895,0,0,10,10,12,0.4166666666666667,0.4166666666666667,0.5454545454545454
PXD050260,abstract_only,10,25,10,0,15,12,34,0.4,15,22,8,9,11,0.21052631578947367,0.24324324324324326,0.3142857142857143
PXD050402,abstract_only,7,21,7,0,14,7,34,0.3333333333333333,14,27,4,4,5,0.10810810810810811,0.10810810810810811,0.1388888888888889
PXD050548,abstract_only,2,16,2,0,14,2,25,0.125,14,23,2,2,2,0.08,0.08,0.08
PXD050625,abstract_only,6,25,5,1,20,7,34,0.19230769230769232,19,27,4,4,4,0.10810810810810811,0.10810810810810811,0.10810810810810811
PXD050844,abstract_only,9,23,9,0,14,11,26,0.391304347826087,14,15,6,6,6,0.1935483870967742,0.1935483870967742,0.1935483870967742
PXD050935,abstract_only,1,17,1,0,16,1,18,0.058823529411764705,16,17,0,0,0,0.0,0.0,0.0
PXD051016,abstract_only,9,21,9,0,12,9,25,0.42857142857142855,12,16,8,8,9,0.3076923076923077,0.3076923076923077,0.36
PXD051174,abstract_only,6,16,6,0,10,7,21,0.375,10,14,7,7,7,0.3333333333333333,0.3333333333333333,0.3333333333333333
PXD051393,abstract_only,5,17,5,0,12,5,18,0.29411764705882354,12,13,4,4,4,0.21052631578947367,0.21052631578947367,0.21052631578947367
PXD051592,abstract_only,2,21,2,0,19,2,29,0.09523809523809523,19,27,1,1,2,0.03333333333333333,0.03333333333333333,0.06896551724137931
PXD051706,abstract_only,8,19,7,1,12,9,24,0.35,11,15,2,2,5,0.06451612903225806,0.06451612903225806,0.17857142857142858
PXD051803,abstract_only,9,22,9,0,13,9,32,0.4090909090909091,13,23,8,8,9,0.24242424242424243,0.24242424242424243,0.28125
PXD051962,abstract_only,2,21,2,0,19,2,25,0.09523809523809523,19,23,1,1,1,0.038461538461538464,0.038461538461538464,0.038461538461538464
PXD052083,with_methods,24,25,22,2,3,29,32,0.8148148148148148,1,3,20,20,20,0.4878048780487805,0.4878048780487805,0.4878048780487805
PXD052305,with_methods,27,28,27,0,1,34,61,0.9642857142857143,1,27,30,30,33,0.46153846153846156,0.46153846153846156,0.532258064516129
PXD052666,with_methods,21,31,21,0,10,28,42,0.6774193548387096,10,14,19,20,25,0.37254901960784315,0.4,0.5555555555555556
PXD052809,with_methods,21,23,21,0,2,21,26,0.9130434782608695,2,5,15,15,16,0.46875,0.46875,0.5161290322580645
PXD053039,abstract_only,4,21,3,1,18,4,24,0.13636363636363635,17,20,1,1,2,0.037037037037037035,0.037037037037037035,0.07692307692307693
PXD053228,with_methods,29,30,29,0,1,37,46,0.9666666666666667,1,9,27,27,28,0.48214285714285715,0.48214285714285715,0.509090909090909
PXD053362,abstract_only,12,27,12,0,15,18,37,0.4444444444444444,15,19,12,12,13,0.27906976744186046,0.27906976744186046,0.30952380952380953
PXD053579,with_methods,20,18,17,3,1,21,29,0.8095238095238095,-2,8,11,11,12,0.28205128205128205,0.28205128205128205,0.3157894736842105
PXD053865,abstract_only,2,15,2,0,13,2,15,0.13333333333333333,13,13,0,0,1,0.0,0.0,0.0625
PXD054002,abstract_only,11,18,8,3,10,11,22,0.38095238095238093,7,11,6,6,7,0.2222222222222222,0.2222222222222222,0.2692307692307692
PXD054119,abstract_only,8,22,7,1,15,12,33,0.30434782608695654,14,21,4,4,5,0.0975609756097561,0.0975609756097561,0.125
PXD054298,abstract_only,11,27,10,1,17,12,38,0.35714285714285715,16,26,6,6,6,0.13636363636363635,0.13636363636363635,0.13636363636363635
PXD054388,abstract_only,7,21,6,1,15,8,26,0.2727272727272727,14,18,4,4,6,0.13333333333333333,0.13333333333333333,0.21428571428571427
PXD054667,abstract_only,1,23,1,0,22,2,31,0.043478260869565216,22,29,0,0,0,0.0,0.0,0.0
PXD054722,abstract_only,18,18,17,1,1,18,18,0.8947368421052632,0,0,14,14,16,0.6363636363636364,0.6363636363636364,0.8
PXD055168,abstract_only,2,18,2,0,16,2,21,0.1111111111111111,16,19,2,2,2,0.09523809523809523,0.09523809523809523,0.09523809523809523
PXD055375,abstract_only,7,13,6,1,7,10,16,0.42857142857142855,6,6,4,5,5,0.18181818181818182,0.23809523809523808,0.23809523809523808
PXD055631,abstract_only,0,20,0,0,20,0,26,0.0,20,26,0,0,0,0.0,0.0,0.0
PXD055898,abstract_only,5,19,5,0,14,5,22,0.2631578947368421,14,17,3,3,4,0.125,0.125,0.17391304347826086
PXD055984,abstract_only,8,23,8,0,15,8,27,0.34782608695652173,15,19,6,6,7,0.20689655172413793,0.20689655172413793,0.25
PXD056079,with_methods,11,13,9,2,4,11,14,0.6,2,3,5,5,5,0.25,0.25,0.25
PXD056153,with_methods,9,26,9,0,17,9,29,0.34615384615384615,17,20,8,8,9,0.26666666666666666,0.26666666666666666,0.3103448275862069
PXD056183,abstract_only,1,19,1,0,18,1,36,0.05263157894736842,18,35,0,0,0,0.0,0.0,0.0
PXD056206,with_methods,24,25,23,1,2,41,29,0.8846153846153846,1,-12,21,21,22,0.42857142857142855,0.42857142857142855,0.4583333333333333
PXD056300,with_methods,26,25,25,1,0,35,37,0.9615384615384616,-1,2,21,23,26,0.4117647058823529,0.46938775510204084,0.5652173913043478
PXD056432,abstract_only,9,28,8,1,20,9,31,0.27586206896551724,19,22,4,5,7,0.1111111111111111,0.14285714285714285,0.21212121212121213
PXD056514,with_methods,28,28,27,1,1,37,55,0.9310344827586207,0,18,28,29,33,0.4375,0.4603174603174603,0.559322033898305
PXD056690,with_methods,16,17,16,0,1,27,26,0.9411764705882353,1,-1,16,16,18,0.43243243243243246,0.43243243243243246,0.5142857142857142
PXD056788,abstract_only,6,21,5,1,16,7,28,0.22727272727272727,15,21,4,4,4,0.12903225806451613,0.12903225806451613,0.12903225806451613
PXD056940,abstract_only,5,17,5,0,12,6,24,0.29411764705882354,12,18,5,5,5,0.2,0.2,0.2
PXD057024,abstract_only,2,21,2,0,19,2,23,0.09523809523809523,19,21,1,1,2,0.041666666666666664,0.041666666666666664,0.08695652173913043
PXD057177,abstract_only,3,17,3,0,14,3,26,0.17647058823529413,14,23,3,3,3,0.11538461538461539,0.11538461538461539,0.11538461538461539
PXD057319,abstract_only,11,22,11,0,11,14,28,0.5,11,14,7,7,8,0.2,0.2,0.23529411764705882
PXD057426,abstract_only,6,17,5,1,12,6,17,0.2777777777777778,11,11,4,4,4,0.21052631578947367,0.21052631578947367,0.21052631578947367
PXD057527,abstract_only,13,22,12,1,10,13,27,0.5217391304347826,9,14,10,10,10,0.3333333333333333,0.3333333333333333,0.3333333333333333
PXD057672,with_methods,15,16,13,2,3,16,19,0.7222222222222222,1,3,9,9,13,0.34615384615384615,0.34615384615384615,0.5909090909090909
PXD057760,abstract_only,9,23,7,2,16,9,31,0.28,14,22,5,5,6,0.14285714285714285,0.14285714285714285,0.17647058823529413
PXD057848,with_methods,29,30,29,0,1,33,34,0.9666666666666667,1,1,18,18,23,0.3673469387755102,0.3673469387755102,0.5227272727272727
PXD058014,abstract_only,11,16,11,0,5,13,18,0.6875,5,5,3,4,7,0.10714285714285714,0.14814814814814814,0.2916666666666667
PXD058156,with_methods,12,18,10,2,8,16,20,0.5,6,4,8,8,9,0.2857142857142857,0.2857142857142857,0.3333333333333333
PXD058292,abstract_only,12,20,12,0,8,13,27,0.6,8,14,12,12,12,0.42857142857142855,0.42857142857142855,0.42857142857142855
PXD058373,with_methods,18,22,16,2,6,21,28,0.6666666666666666,4,7,15,15,16,0.4411764705882353,0.4411764705882353,0.48484848484848486
PXD058471,abstract_only,4,19,4,0,15,4,28,0.21052631578947367,15,24,3,3,3,0.10344827586206896,0.10344827586206896,0.10344827586206896
PXD058544,with_methods,7,14,5,2,9,9,17,0.3125,7,8,5,5,5,0.23809523809523808,0.23809523809523808,0.23809523809523808
PXD058618,with_methods,21,25,21,0,4,25,30,0.84,4,5,21,21,22,0.6176470588235294,0.6176470588235294,0.6666666666666666
PXD058709,abstract_only,9,24,9,0,15,9,29,0.375,15,20,4,4,7,0.11764705882352941,0.11764705882352941,0.22580645161290322
PXD058785,with_methods,9,18,8,1,10,10,22,0.42105263157894735,9,12,6,6,7,0.23076923076923078,0.23076923076923078,0.28
PXD058882,with_methods,23,22,21,2,1,29,29,0.875,-1,0,20,20,22,0.5263157894736842,0.5263157894736842,0.6111111111111112
PXD059003,abstract_only,0,25,0,0,25,0,40,0.0,25,40,0,0,0,0.0,0.0,0.0
PXD059236,abstract_only,2,19,2,0,17,2,22,0.10526315789473684,17,20,1,1,1,0.043478260869565216,0.043478260869565216,0.043478260869565216
PXD059419,with_methods,28,27,26,2,1,61,53,0.896551724137931,-1,-8,27,27,33,0.3103448275862069,0.3103448275862069,0.4074074074074074
PXD059552,abstract_only,4,20,4,0,16,4,22,0.2,16,18,1,1,2,0.04,0.04,0.08333333333333333
PXD059661,abstract_only,9,28,8,1,20,9,36,0.27586206896551724,19,27,5,5,7,0.125,0.125,0.18421052631578946
PXD059828,abstract_only,8,16,5,3,11,8,18,0.2631578947368421,8,10,2,2,3,0.08333333333333333,0.08333333333333333,0.13043478260869565
PXD059964,with_methods,22,25,22,0,3,23,28,0.88,3,5,18,18,19,0.5454545454545454,0.5454545454545454,0.59375
PXD060034,with_methods,29,28,28,1,0,31,37,0.9655172413793104,-1,6,22,22,26,0.4782608695652174,0.4782608695652174,0.6190476190476191
PXD060126,with_methods,15,23,15,0,8,17,27,0.6521739130434783,8,10,13,13,15,0.41935483870967744,0.41935483870967744,0.5172413793103449
PXD060307,with_methods,26,24,22,4,2,34,33,0.7857142857142857,-2,-1,14,14,18,0.2641509433962264,0.2641509433962264,0.3673469387755102
PXD060429,abstract_only,1,16,1,0,15,1,19,0.0625,15,18,0,0,0,0.0,0.0,0.0
PXD060653,abstract_only,13,21,11,2,10,15,26,0.4782608695652174,8,11,7,7,8,0.20588235294117646,0.20588235294117646,0.24242424242424243
PXD060786,with_methods,24,24,23,1,1,36,32,0.92,0,-4,28,28,29,0.7,0.7,0.7435897435897436
PXD060844,abstract_only,7,24,7,0,17,7,25,0.2916666666666667,17,18,3,3,4,0.10344827586206896,0.10344827586206896,0.14285714285714285
PXD060898,with_methods,24,23,23,1,0,27,29,0.9583333333333334,-1,2,17,17,24,0.4358974358974359,0.4358974358974359,0.75
PXD060976,abstract_only,8,19,8,0,11,8,21,0.42105263157894735,11,13,6,6,6,0.2608695652173913,0.2608695652173913,0.2608695652173913
PXD061059,abstract_only,7,19,7,0,12,7,21,0.3684210526315789,12,14,5,5,6,0.21739130434782608,0.21739130434782608,0.2727272727272727
PXD061161,abstract_only,14,24,12,2,12,21,27,0.46153846153846156,10,6,8,8,10,0.2,0.2,0.2631578947368421
PXD061276,with_methods,26,29,25,1,4,37,38,0.8333333333333334,3,1,25,25,28,0.5,0.5,0.5957446808510638
PXD061404,with_methods,28,27,27,1,0,46,46,0.9642857142857143,-1,0,31,31,32,0.5081967213114754,0.5081967213114754,0.5333333333333333
PXD061565,abstract_only,12,12,8,4,4,12,20,0.5,0,8,4,4,6,0.14285714285714285,0.14285714285714285,0.23076923076923078
PXD061609,abstract_only,8,20,5,3,15,17,24,0.21739130434782608,12,7,4,4,5,0.10810810810810811,0.10810810810810811,0.1388888888888889
PXD061694,abstract_only,12,22,11,1,11,14,33,0.4782608695652174,10,19,4,4,7,0.09302325581395349,0.09302325581395349,0.175
PXD061797,abstract_only,13,24,12,1,12,13,30,0.48,11,17,9,9,9,0.2647058823529412,0.2647058823529412,0.2647058823529412
PXD061865,abstract_only,9,21,8,1,13,12,29,0.36363636363636365,12,17,5,5,6,0.1388888888888889,0.1388888888888889,0.17142857142857143
PXD061981,abstract_only,10,24,9,1,15,12,34,0.36,14,22,7,7,8,0.1794871794871795,0.1794871794871795,0.21052631578947367
PXD062211,abstract_only,7,15,7,0,8,7,20,0.4666666666666667,8,13,3,3,3,0.125,0.125,0.125
PXD062343,abstract_only,5,15,5,0,10,5,15,0.3333333333333333,10,10,1,1,3,0.05263157894736842,0.05263157894736842,0.17647058823529413
PXD062441,abstract_only,3,21,3,0,18,3,22,0.14285714285714285,18,19,1,1,1,0.041666666666666664,0.041666666666666664,0.041666666666666664
PXD062628,abstract_only,8,11,4,4,7,14,22,0.26666666666666666,3,8,1,1,3,0.02857142857142857,0.02857142857142857,0.09090909090909091
PXD062777,abstract_only,0,18,0,0,18,0,25,0.0,18,25,0,0,0,0.0,0.0,0.0
PXD062870,abstract_only,8,22,8,0,14,8,32,0.36363636363636365,14,24,4,4,6,0.1111111111111111,0.1111111111111111,0.17647058823529413
PXD063024,abstract_only,7,24,7,0,17,7,31,0.2916666666666667,17,24,4,4,4,0.11764705882352941,0.11764705882352941,0.11764705882352941
PXD063283,abstract_only,8,21,8,0,13,8,31,0.38095238095238093,13,23,6,6,7,0.18181818181818182,0.18181818181818182,0.21875
PXD063466,abstract_only,2,17,2,0,15,2,20,0.11764705882352941,15,18,1,1,1,0.047619047619047616,0.047619047619047616,0.047619047619047616
PXD063553,abstract_only,7,28,7,0,21,7,36,0.25,21,29,3,3,4,0.075,0.075,0.10256410256410256
PXD063819,abstract_only,0,21,0,0,21,0,27,0.0,21,27,0,0,0,0.0,0.0,0.0
PXD063955,with_methods,20,19,16,4,3,40,32,0.6956521739130435,-1,-8,16,18,22,0.2857142857142857,0.3333333333333333,0.44
PXD064007,abstract_only,13,21,11,2,10,13,30,0.4782608695652174,8,17,10,10,10,0.30303030303030304,0.30303030303030304,0.30303030303030304
PXD064125,with_methods,14,19,14,0,5,14,24,0.7368421052631579,5,10,13,13,14,0.52,0.52,0.5833333333333334
PXD064265,abstract_only,9,14,9,0,5,9,18,0.6428571428571429,5,9,5,5,7,0.22727272727272727,0.22727272727272727,0.35
PXD064523,with_methods,25,25,25,0,0,34,35,1.0,0,1,23,23,25,0.5,0.5,0.5681818181818182
PXD064671,with_methods,22,23,21,1,2,32,34,0.875,1,2,23,23,26,0.5348837209302325,0.5348837209302325,0.65
PXD064844,abstract_only,11,24,11,0,13,18,25,0.4583333333333333,13,7,7,7,9,0.19444444444444445,0.19444444444444445,0.2647058823529412
PXD065024,abstract_only,13,21,10,3,11,14,33,0.4166666666666667,8,19,4,4,7,0.09302325581395349,0.09302325581395349,0.175
PXD065424,abstract_only,7,29,7,0,22,7,30,0.2413793103448276,22,23,3,3,4,0.08823529411764706,0.08823529411764706,0.12121212121212122
PXD065571,abstract_only,2,21,2,0,19,2,36,0.09523809523809523,19,34,2,2,2,0.05555555555555555,0.05555555555555555,0.05555555555555555
PXD065993,with_methods,28,29,26,2,3,37,34,0.8387096774193549,1,-3,19,19,21,0.36538461538461536,0.36538461538461536,0.42
PXD066206,abstract_only,2,24,2,0,22,2,30,0.08333333333333333,22,28,0,0,1,0.0,0.0,0.03225806451612903
PXD066557,abstract_only,6,17,6,0,11,6,24,0.35294117647058826,11,18,3,3,5,0.1111111111111111,0.1111111111111111,0.2
PXD066888,abstract_only,11,22,11,0,11,12,29,0.5,11,17,6,7,9,0.17142857142857143,0.20588235294117646,0.28125
PXD067193,with_methods,28,28,27,1,1,37,36,0.9310344827586207,0,-1,23,24,31,0.46,0.4897959183673469,0.7380952380952381
PXD067324,abstract_only,3,11,3,0,8,3,14,0.2727272727272727,8,11,2,2,3,0.13333333333333333,0.13333333333333333,0.21428571428571427
PXD067624,abstract_only,7,24,7,0,17,8,35,0.2916666666666667,17,27,5,5,5,0.13157894736842105,0.13157894736842105,0.13157894736842105
PXD067974,abstract_only,7,19,6,1,13,9,26,0.3,12,17,1,1,1,0.029411764705882353,0.029411764705882353,0.029411764705882353
PXD068388,with_methods,25,28,25,0,3,34,45,0.8928571428571429,3,11,22,22,24,0.38596491228070173,0.38596491228070173,0.43636363636363634
PXD068581,abstract_only,9,23,9,0,14,10,32,0.391304347826087,14,22,7,8,9,0.2,0.23529411764705882,0.2727272727272727
PXD068982,abstract_only,9,17,9,0,8,9,23,0.5294117647058824,8,14,6,6,7,0.23076923076923078,0.23076923076923078,0.28
PXD069399,abstract_only,2,17,2,0,15,2,31,0.11764705882352941,15,29,2,2,2,0.06451612903225806,0.06451612903225806,0.06451612903225806
PXD070339,abstract_only,12,28,12,0,16,12,33,0.42857142857142855,16,21,9,9,11,0.25,0.25,0.3235294117647059
PXD071367,abstract_only,1,22,1,0,21,1,29,0.045454545454545456,21,28,1,1,1,0.034482758620689655,0.034482758620689655,0.034482758620689655
PXD000013,abstract_only,0,12,0,0,12,0,20,0.0,12,20,0,0,0,0.0,0.0,0.0
PXD000529,abstract_only,8,17,8,0,9,10,20,0.47058823529411764,9,10,9,9,9,0.42857142857142855,0.42857142857142855,0.42857142857142855
PXD001017,abstract_only,12,16,11,1,5,12,16,0.6470588235294118,4,4,8,9,11,0.4,0.47368421052631576,0.6470588235294118
PXD001327,abstract_only,9,21,9,0,12,15,26,0.42857142857142855,12,11,8,8,10,0.24242424242424243,0.24242424242424243,0.3225806451612903
PXD001420,abstract_only,8,26,8,0,18,8,28,0.3076923076923077,18,20,5,5,7,0.16129032258064516,0.16129032258064516,0.2413793103448276
PXD001574,abstract_only,13,15,13,0,2,13,26,0.8666666666666667,2,13,9,10,10,0.3,0.3448275862068966,0.3448275862068966
PXD002014,with_methods,15,21,13,2,8,16,28,0.5652173913043478,6,12,6,6,10,0.15789473684210525,0.15789473684210525,0.29411764705882354
PXD002436,abstract_only,4,16,4,0,12,4,18,0.25,12,14,1,1,2,0.047619047619047616,0.047619047619047616,0.1
PXD002825,with_methods,23,25,20,3,5,25,30,0.7142857142857143,2,5,15,15,16,0.375,0.375,0.41025641025641024
PXD003086,abstract_only,11,19,11,0,8,11,22,0.5789473684210527,8,11,6,7,8,0.2222222222222222,0.2692307692307692,0.32
PXD003295,with_methods,28,31,28,0,3,37,36,0.9032258064516129,3,-1,25,25,30,0.5208333333333334,0.5208333333333334,0.6976744186046512
PXD003409,abstract_only,15,21,11,4,10,17,30,0.44,6,13,6,6,9,0.14634146341463414,0.14634146341463414,0.23684210526315788
PXD003417,abstract_only,16,29,16,0,13,19,36,0.5517241379310345,13,17,14,14,14,0.34146341463414637,0.34146341463414637,0.34146341463414637
PXD003657,with_methods,22,21,21,1,0,24,26,0.9545454545454546,-1,2,13,13,17,0.35135135135135137,0.35135135135135137,0.5151515151515151
PXD003977,with_methods,23,20,20,3,0,29,32,0.8695652173913043,-3,3,22,23,25,0.5641025641025641,0.6052631578947368,0.6944444444444444
PXD004355,abstract_only,3,15,3,0,12,3,19,0.2,12,16,2,2,3,0.1,0.1,0.15789473684210525
PXD004682,with_methods,27,22,22,5,0,36,33,0.8148148148148148,-5,-3,18,18,20,0.35294117647058826,0.35294117647058826,0.40816326530612246
PXD005055,with_methods,15,18,14,1,4,16,22,0.7368421052631579,3,6,11,11,13,0.4074074074074074,0.4074074074074074,0.52
PXD005323,with_methods,26,24,24,2,0,31,26,0.9230769230769231,-2,-5,19,19,19,0.5,0.5,0.5
PXD005554,with_methods,29,28,28,1,0,43,37,0.9655172413793104,-1,-6,16,17,22,0.25,0.2698412698412698,0.3793103448275862
PXD005755,with_methods,28,28,26,2,2,46,52,0.8666666666666667,0,6,35,35,39,0.5555555555555556,0.5555555555555556,0.6610169491525424
PXD006178,abstract_only,11,22,11,0,11,11,29,0.5,11,18,7,8,11,0.21212121212121213,0.25,0.3793103448275862
PXD006335,with_methods,15,16,14,1,2,26,22,0.8235294117647058,1,-4,16,16,17,0.5,0.5,0.5483870967741935
PXD006465,abstract_only,13,20,11,2,9,15,27,0.5,7,12,10,10,11,0.3125,0.3125,0.3548387096774194
PXD006572,abstract_only,13,29,13,0,16,18,35,0.4482758620689655,16,17,11,11,12,0.2619047619047619,0.2619047619047619,0.2926829268292683
PXD006672,abstract_only,14,23,14,0,9,14,33,0.6086956521739131,9,19,9,9,12,0.23684210526315788,0.23684210526315788,0.34285714285714286
PXD006776,with_methods,27,25,24,3,1,30,29,0.8571428571428571,-2,-1,20,20,23,0.5128205128205128,0.5128205128205128,0.6388888888888888
PXD006911,with_methods,19,22,18,1,4,20,33,0.782608695652174,3,13,13,13,15,0.325,0.325,0.39473684210526316
PXD007153,abstract_only,8,23,8,0,15,8,25,0.34782608695652173,15,17,6,6,8,0.2222222222222222,0.2222222222222222,0.32
PXD007271,with_methods,24,23,22,2,1,43,30,0.88,-1,-13,21,21,23,0.40384615384615385,0.40384615384615385,0.46
PXD007662,abstract_only,9,20,9,0,11,9,21,0.45,11,12,7,7,7,0.30434782608695654,0.30434782608695654,0.30434782608695654
PXD007740,abstract_only,6,26,6,0,20,6,36,0.23076923076923078,20,30,6,6,6,0.16666666666666666,0.16666666666666666,0.16666666666666666
PXD007846,abstract_only,8,21,7,1,14,8,30,0.3181818181818182,13,22,3,3,5,0.08571428571428572,0.08571428571428572,0.15151515151515152
PXD007975,with_methods,25,24,23,2,1,32,27,0.8846153846153846,-1,-5,13,14,18,0.2826086956521739,0.3111111111111111,0.43902439024390244
PXD008079,abstract_only,11,24,8,3,16,14,36,0.2962962962962963,13,22,4,4,6,0.08695652173913043,0.08695652173913043,0.13636363636363635
PXD008197,abstract_only,9,18,8,1,10,12,19,0.42105263157894735,9,7,6,7,7,0.24,0.2916666666666667,0.2916666666666667
PXD008338,abstract_only,11,23,9,2,14,12,30,0.36,12,18,7,7,9,0.2,0.2,0.2727272727272727
PXD008493,with_methods,24,25,22,2,3,32,37,0.8148148148148148,1,5,22,22,24,0.46808510638297873,0.46808510638297873,0.5333333333333333
PXD008584,with_methods,13,24,13,0,11,13,29,0.5416666666666666,11,16,7,8,10,0.2,0.23529411764705882,0.3125
PXD008722,with_methods,27,27,26,1,1,29,34,0.9285714285714286,0,5,22,22,24,0.5365853658536586,0.5365853658536586,0.6153846153846154
PXD008925,with_methods,29,30,28,1,2,34,35,0.9032258064516129,1,1,18,18,23,0.35294117647058826,0.35294117647058826,0.5
PXD008992,abstract_only,13,17,11,2,6,16,25,0.5789473684210527,4,9,5,5,6,0.1388888888888889,0.1388888888888889,0.17142857142857143
PXD009110,abstract_only,7,20,7,0,13,7,26,0.35,13,19,3,3,5,0.1,0.1,0.17857142857142858
PXD009174,abstract_only,9,27,9,0,18,12,33,0.3333333333333333,18,21,7,7,8,0.18421052631578946,0.18421052631578946,0.21621621621621623
PXD009254,with_methods,24,19,19,5,0,28,21,0.7916666666666666,-5,-7,15,15,17,0.4411764705882353,0.4411764705882353,0.53125
PXD009302,abstract_only,9,17,9,0,8,9,28,0.5294117647058824,8,19,8,8,9,0.27586206896551724,0.27586206896551724,0.32142857142857145
PXD009360,with_methods,17,19,16,1,3,29,31,0.8,2,2,15,16,20,0.3333333333333333,0.36363636363636365,0.5
PXD009442,abstract_only,8,22,8,0,14,8,30,0.36363636363636365,14,22,7,7,7,0.22580645161290322,0.22580645161290322,0.22580645161290322
PXD009515,abstract_only,7,13,6,1,7,9,24,0.42857142857142855,6,15,6,6,6,0.2222222222222222,0.2222222222222222,0.2222222222222222
PXD009592,with_methods,6,19,6,0,13,7,30,0.3157894736842105,13,23,6,6,6,0.1935483870967742,0.1935483870967742,0.1935483870967742
PXD009709,with_methods,24,25,23,1,2,29,36,0.8846153846153846,1,7,23,23,27,0.5476190476190477,0.5476190476190477,0.7105263157894737
PXD009781,abstract_only,10,21,9,1,12,11,30,0.4090909090909091,11,19,7,7,8,0.20588235294117646,0.20588235294117646,0.24242424242424243
PXD009861,with_methods,14,17,14,0,3,18,23,0.8235294117647058,3,5,12,12,14,0.41379310344827586,0.41379310344827586,0.5185185185185185
PXD009916,abstract_only,11,20,7,4,13,13,26,0.2916666666666667,9,13,2,3,5,0.05405405405405406,0.08333333333333333,0.14705882352941177
PXD009996,abstract_only,10,21,10,0,11,10,27,0.47619047619047616,11,17,5,5,8,0.15625,0.15625,0.27586206896551724
PXD010103,with_methods,26,25,23,3,2,45,48,0.8214285714285714,-1,3,30,30,31,0.47619047619047616,0.47619047619047616,0.5
PXD010155,abstract_only,9,25,9,0,16,10,37,0.36,16,27,7,7,7,0.175,0.175,0.175
PXD010296,abstract_only,7,15,7,0,8,11,25,0.4666666666666667,8,14,6,7,8,0.2,0.2413793103448276,0.2857142857142857
PXD010516,abstract_only,4,14,3,1,11,4,15,0.2,10,11,2,2,3,0.11764705882352941,0.11764705882352941,0.1875
PXD010634,with_methods,30,31,30,0,1,43,40,0.967741935483871,1,-3,25,26,30,0.43103448275862066,0.45614035087719296,0.5660377358490566
PXD010870,with_methods,17,17,15,2,2,23,19,0.7894736842105263,0,-4,14,14,14,0.5,0.5,0.5
PXD011124,abstract_only,2,14,2,0,12,3,41,0.14285714285714285,12,38,0,0,0,0.0,0.0,0.0
PXD011256,with_methods,15,16,10,5,6,18,21,0.47619047619047616,1,3,3,3,3,0.08333333333333333,0.08333333333333333,0.08333333333333333
PXD011618,abstract_only,9,22,8,1,14,9,30,0.34782608695652173,13,21,4,4,5,0.11428571428571428,0.11428571428571428,0.14705882352941177
PXD015957,with_methods,18,23,18,0,5,22,30,0.782608695652174,5,8,16,16,19,0.4444444444444444,0.4444444444444444,0.5757575757575758
PXD020187,with_methods,28,26,25,3,1,29,29,0.8620689655172413,-2,0,20,20,24,0.5263157894736842,0.5263157894736842,0.7058823529411765
PXD028393,with_methods,22,29,21,1,8,34,38,0.7,7,4,18,18,21,0.3333333333333333,0.3333333333333333,0.4117647058823529
PXD036633,abstract_only,9,12,7,2,5,9,12,0.5,3,3,4,4,6,0.23529411764705882,0.23529411764705882,0.4
PXD046412,abstract_only,5,20,5,0,15,5,26,0.25,15,21,2,2,2,0.06896551724137931,0.06896551724137931,0.06896551724137931
PXD046463,abstract_only,4,16,4,0,12,4,22,0.25,12,18,1,1,2,0.04,0.04,0.08333333333333333
PXD046571,abstract_only,9,23,9,0,14,10,31,0.391304347826087,14,21,4,5,7,0.10810810810810811,0.1388888888888889,0.20588235294117646
PXD046709,abstract_only,10,10,8,2,2,14,12,0.6666666666666666,0,-2,5,5,8,0.23809523809523808,0.23809523809523808,0.4444444444444444
PXD046760,with_methods,23,21,21,2,0,38,31,0.9130434782608695,-2,-7,15,15,24,0.2777777777777778,0.2777777777777778,0.5333333333333333
PXD046852,abstract_only,1,18,1,0,17,1,25,0.05555555555555555,17,24,1,1,1,0.04,0.04,0.04
PXD046995,abstract_only,7,23,7,0,16,7,31,0.30434782608695654,16,24,5,5,6,0.15151515151515152,0.15151515151515152,0.1875
PXD047043,abstract_only,10,23,10,0,13,13,26,0.43478260869565216,13,13,5,5,5,0.14705882352941177,0.14705882352941177,0.14705882352941177
PXD047133,abstract_only,9,16,8,1,8,9,27,0.47058823529411764,7,18,5,5,7,0.16129032258064516,0.16129032258064516,0.2413793103448276
PXD047241,with_methods,22,19,17,5,2,25,27,0.7083333333333334,-3,2,14,14,17,0.3684210526315789,0.3684210526315789,0.4857142857142857
PXD047386,abstract_only,15,25,15,0,10,15,33,0.6,10,18,11,11,11,0.2972972972972973,0.2972972972972973,0.2972972972972973
PXD047527,with_methods,18,15,14,4,1,18,17,0.7368421052631579,-3,-1,10,10,12,0.4,0.4,0.5217391304347826
PXD047674,abstract_only,10,11,6,4,5,12,14,0.4,1,2,4,4,4,0.18181818181818182,0.18181818181818182,0.18181818181818182
PXD047828,abstract_only,6,14,5,1,9,6,16,0.3333333333333333,8,10,1,1,2,0.047619047619047616,0.047619047619047616,0.1
PXD047930,abstract_only,10,20,10,0,10,12,32,0.5,10,20,7,7,7,0.1891891891891892,0.1891891891891892,0.1891891891891892
PXD048034,abstract_only,12,19,8,4,11,14,20,0.34782608695652173,7,6,5,5,5,0.1724137931034483,0.1724137931034483,0.1724137931034483
PXD048170,abstract_only,8,15,7,1,8,8,15,0.4375,7,7,4,4,6,0.21052631578947367,0.21052631578947367,0.35294117647058826
PXD048380,with_methods,23,20,18,5,2,28,34,0.72,-3,6,11,11,17,0.21568627450980393,0.21568627450980393,0.37777777777777777
PXD048529,abstract_only,3,26,3,0,23,4,38,0.11538461538461539,23,34,1,1,3,0.024390243902439025,0.024390243902439025,0.07692307692307693
PXD048606,abstract_only,9,21,9,0,12,11,30,0.42857142857142855,12,19,7,7,11,0.20588235294117646,0.20588235294117646,0.36666666666666664
PXD048691,abstract_only,1,19,1,0,18,1,19,0.05263157894736842,18,18,0,0,0,0.0,0.0,0.0
PXD048849,abstract_only,12,24,11,1,13,12,28,0.44,12,16,7,7,9,0.21212121212121213,0.21212121212121213,0.2903225806451613
PXD048938,with_methods,27,25,25,2,0,44,34,0.9259259259259259,-2,-10,23,23,28,0.41818181818181815,0.41818181818181815,0.56
PXD049082,abstract_only,9,15,9,0,6,9,18,0.6,6,9,5,5,7,0.22727272727272727,0.22727272727272727,0.35
PXD049261,abstract_only,12,23,12,0,11,12,28,0.5217391304347826,11,16,8,8,10,0.25,0.25,0.3333333333333333
PXD049366,with_methods,22,19,19,3,0,25,28,0.8636363636363636,-3,3,20,20,22,0.6060606060606061,0.6060606060606061,0.7096774193548387
PXD049795,abstract_only,15,21,11,4,10,16,26,0.44,6,10,7,7,8,0.2,0.2,0.23529411764705882
PXD050090,abstract_only,9,16,8,1,8,9,18,0.47058823529411764,7,9,7,7,7,0.35,0.35,0.35
PXD050279,abstract_only,11,19,9,2,10,12,20,0.42857142857142855,8,8,7,7,9,0.28,0.28,0.391304347826087
PXD050410,with_methods,10,22,8,2,14,12,28,0.3333333333333333,12,16,6,6,8,0.17647058823529413,0.17647058823529413,0.25
PXD050555,abstract_only,11,23,11,0,12,11,26,0.4782608695652174,12,15,10,11,11,0.37037037037037035,0.4230769230769231,0.4230769230769231
PXD050628,abstract_only,9,25,9,0,16,9,33,0.36,16,24,4,4,6,0.10526315789473684,0.10526315789473684,0.16666666666666666
PXD050871,abstract_only,7,16,7,0,9,7,19,0.4375,9,12,3,3,5,0.13043478260869565,0.13043478260869565,0.23809523809523808
PXD050950,with_methods,25,24,23,2,1,32,27,0.8846153846153846,-1,-5,17,17,21,0.40476190476190477,0.40476190476190477,0.5526315789473685
PXD051056,abstract_only,1,17,1,0,16,1,20,0.058823529411764705,16,19,0,0,0,0.0,0.0,0.0
PXD051182,abstract_only,10,19,8,2,11,10,23,0.38095238095238093,9,13,5,5,6,0.17857142857142858,0.17857142857142858,0.2222222222222222
PXD051400,abstract_only,1,23,1,0,22,1,32,0.043478260869565216,22,31,0,0,0,0.0,0.0,0.0
PXD051602,with_methods,27,27,27,0,0,30,31,1.0,0,1,29,29,29,0.90625,0.90625,0.90625
PXD051710,abstract_only,0,17,0,0,17,0,18,0.0,17,18,0,0,0,0.0,0.0,0.0
PXD051840,abstract_only,3,18,3,0,15,3,20,0.16666666666666666,15,17,1,1,1,0.045454545454545456,0.045454545454545456,0.045454545454545456
PXD051967,abstract_only,8,23,8,0,15,8,23,0.34782608695652173,15,15,3,3,5,0.10714285714285714,0.10714285714285714,0.19230769230769232
PXD052143,abstract_only,12,24,12,0,12,15,38,0.5,12,23,8,8,12,0.17777777777777778,0.17777777777777778,0.2926829268292683
PXD052306,with_methods,25,24,24,1,0,41,25,0.96,-1,-16,20,21,23,0.43478260869565216,0.4666666666666667,0.5348837209302325
PXD052718,abstract_only,4,14,2,2,12,4,15,0.125,10,11,2,2,2,0.11764705882352941,0.11764705882352941,0.11764705882352941
PXD052831,abstract_only,10,17,10,0,7,10,18,0.5882352941176471,7,8,6,6,9,0.2727272727272727,0.2727272727272727,0.47368421052631576
PXD053043,abstract_only,9,20,7,2,13,12,33,0.3181818181818182,11,21,5,5,6,0.125,0.125,0.15384615384615385
PXD053264,with_methods,15,14,12,3,2,30,29,0.7058823529411765,-1,-1,15,15,15,0.3409090909090909,0.3409090909090909,0.3409090909090909
PXD053405,abstract_only,8,20,8,0,12,10,33,0.4,12,23,6,6,8,0.16216216216216217,0.16216216216216217,0.22857142857142856
PXD053582,with_methods,18,19,16,2,3,19,33,0.7619047619047619,1,14,10,10,12,0.23809523809523808,0.23809523809523808,0.3
PXD053866,abstract_only,11,22,10,1,12,11,32,0.43478260869565216,11,21,7,7,9,0.19444444444444445,0.19444444444444445,0.2647058823529412
PXD054016,abstract_only,0,23,0,0,23,0,28,0.0,23,28,0,0,0,0.0,0.0,0.0
PXD054144,abstract_only,0,22,0,0,22,0,25,0.0,22,25,0,0,0,0.0,0.0,0.0
PXD054300,abstract_only,11,23,10,1,13,12,36,0.4166666666666667,12,24,4,4,7,0.09090909090909091,0.09090909090909091,0.17073170731707318
PXD054390,abstract_only,7,19,7,0,12,8,29,0.3684210526315789,12,21,7,7,7,0.23333333333333334,0.23333333333333334,0.23333333333333334
PXD054671,abstract_only,12,24,11,1,13,12,32,0.44,12,20,4,4,7,0.1,0.1,0.1891891891891892
PXD054783,abstract_only,8,16,8,0,8,13,24,0.5,8,11,11,11,13,0.4230769230769231,0.4230769230769231,0.5416666666666666
PXD055192,with_methods,24,26,22,2,4,44,52,0.7857142857142857,2,8,33,33,38,0.5238095238095238,0.5238095238095238,0.6551724137931034
PXD055466,abstract_only,7,21,7,0,14,8,26,0.3333333333333333,14,18,3,3,4,0.0967741935483871,0.0967741935483871,0.13333333333333333
PXD055633,abstract_only,3,19,3,0,16,3,28,0.15789473684210525,16,25,2,2,2,0.06896551724137931,0.06896551724137931,0.06896551724137931
PXD055923,abstract_only,5,23,4,1,19,5,25,0.16666666666666666,18,20,1,1,2,0.034482758620689655,0.034482758620689655,0.07142857142857142
PXD056026,abstract_only,8,20,8,0,12,11,30,0.4,12,19,7,8,10,0.20588235294117646,0.24242424242424243,0.3225806451612903
PXD056087,abstract_only,2,20,1,1,19,2,31,0.047619047619047616,18,29,1,1,1,0.03125,0.03125,0.03125
PXD056156,abstract_only,3,21,2,1,19,3,33,0.09090909090909091,18,30,2,2,2,0.058823529411764705,0.058823529411764705,0.058823529411764705
PXD056187,abstract_only,2,20,2,0,18,2,25,0.1,18,23,2,2,2,0.08,0.08,0.08
PXD056212,abstract_only,8,19,8,0,11,8,25,0.42105263157894735,11,17,4,5,7,0.13793103448275862,0.17857142857142858,0.2692307692307692
PXD056314,abstract_only,1,21,1,0,20,1,36,0.047619047619047616,20,35,1,1,1,0.027777777777777776,0.027777777777777776,0.027777777777777776
PXD056446,with_methods,13,18,13,0,5,15,19,0.7222222222222222,5,4,9,10,12,0.36,0.4166666666666667,0.5454545454545454
PXD056535,abstract_only,4,18,3,1,15,4,30,0.15789473684210525,14,26,1,1,1,0.030303030303030304,0.030303030303030304,0.030303030303030304
PXD056695,with_methods,22,22,20,2,2,30,35,0.8333333333333334,0,5,20,20,23,0.4444444444444444,0.4444444444444444,0.5476190476190477
PXD056789,with_methods,27,29,26,1,3,32,42,0.8666666666666667,2,10,23,23,26,0.45098039215686275,0.45098039215686275,0.5416666666666666
PXD056941,abstract_only,7,18,5,2,13,9,24,0.25,11,15,2,2,4,0.06451612903225806,0.06451612903225806,0.13793103448275862
PXD057028,abstract_only,0,26,0,0,26,0,34,0.0,26,34,0,0,0,0.0,0.0,0.0
PXD057192,abstract_only,10,22,10,0,12,11,26,0.45454545454545453,12,15,5,5,7,0.15625,0.15625,0.23333333333333334
PXD057347,abstract_only,8,16,8,0,8,9,33,0.5,8,24,7,7,8,0.2,0.2,0.23529411764705882
PXD057431,abstract_only,2,21,2,0,19,2,35,0.09523809523809523,19,33,1,1,1,0.027777777777777776,0.027777777777777776,0.027777777777777776
PXD057576,abstract_only,11,26,11,0,15,14,33,0.4230769230769231,15,19,9,10,12,0.23684210526315788,0.2702702702702703,0.34285714285714286
PXD057674,abstract_only,4,19,4,0,15,4,28,0.21052631578947367,15,24,3,3,3,0.10344827586206896,0.10344827586206896,0.10344827586206896
PXD057778,with_methods,26,26,25,1,1,33,34,0.9259259259259259,0,1,23,23,27,0.5227272727272727,0.5227272727272727,0.675
PXD057859,with_methods,18,18,14,4,4,26,33,0.6363636363636364,0,7,12,12,15,0.2553191489361702,0.2553191489361702,0.3409090909090909
PXD058024,with_methods,29,26,26,3,0,36,27,0.896551724137931,-3,-9,21,21,24,0.5,0.5,0.6153846153846154
PXD058160,abstract_only,17,21,13,4,8,21,26,0.52,4,5,11,11,11,0.3055555555555556,0.3055555555555556,0.3055555555555556
PXD058308,abstract_only,10,15,10,0,5,12,21,0.6666666666666666,5,9,6,6,9,0.2222222222222222,0.2222222222222222,0.375
PXD058384,abstract_only,7,21,6,1,15,8,30,0.2727272727272727,14,22,3,3,4,0.08571428571428572,0.08571428571428572,0.11764705882352941
PXD058481,abstract_only,10,19,10,0,9,14,26,0.5263157894736842,9,12,6,6,8,0.17647058823529413,0.17647058823529413,0.25
PXD058567,with_methods,27,26,25,2,1,61,65,0.8928571428571429,-1,4,44,45,46,0.5365853658536586,0.5555555555555556,0.575
PXD058621,abstract_only,9,22,7,2,15,10,26,0.2916666666666667,13,16,7,7,7,0.2413793103448276,0.2413793103448276,0.2413793103448276
PXD058716,abstract_only,15,30,15,0,15,15,30,0.5,15,15,13,14,14,0.40625,0.45161290322580644,0.45161290322580644
PXD058802,abstract_only,2,18,2,0,16,2,18,0.1111111111111111,16,16,0,0,0,0.0,0.0,0.0
PXD058913,with_methods,27,26,24,3,2,30,32,0.8275862068965517,-1,2,20,20,22,0.47619047619047616,0.47619047619047616,0.55
PXD059044,abstract_only,6,10,6,0,4,6,12,0.6,4,6,2,2,3,0.125,0.125,0.2
PXD059271,abstract_only,1,15,1,0,14,1,15,0.06666666666666667,14,14,0,0,1,0.0,0.0,0.06666666666666667
PXD059428,with_methods,31,30,30,1,0,56,56,0.967741935483871,-1,0,39,40,43,0.5342465753424658,0.5555555555555556,0.6231884057971014
PXD059565,abstract_only,3,19,3,0,16,3,24,0.15789473684210525,16,21,2,2,3,0.08,0.08,0.125
PXD059671,with_methods,23,25,22,1,3,36,39,0.8461538461538461,2,3,27,27,30,0.5625,0.5625,0.6666666666666666
PXD059881,abstract_only,4,23,4,0,19,4,30,0.17391304347826086,19,26,3,3,4,0.0967741935483871,0.0967741935483871,0.13333333333333333
PXD059966,abstract_only,7,11,6,1,5,8,13,0.5,4,5,2,2,3,0.10526315789473684,0.10526315789473684,0.16666666666666666
PXD060045,with_methods,22,22,20,2,2,27,28,0.8333333333333334,0,1,16,18,20,0.41025641025641024,0.4864864864864865,0.5714285714285714
PXD060138,abstract_only,1,13,1,0,12,1,15,0.07692307692307693,12,14,0,0,0,0.0,0.0,0.0
PXD060317,abstract_only,1,23,1,0,22,1,28,0.043478260869565216,22,27,0,0,0,0.0,0.0,0.0
PXD060457,abstract_only,4,19,4,0,15,4,22,0.21052631578947367,15,18,3,3,3,0.13043478260869565,0.13043478260869565,0.13043478260869565
PXD060675,with_methods,23,25,23,0,2,32,34,0.92,2,2,26,26,29,0.65,0.65,0.7837837837837838
PXD060795,abstract_only,7,18,6,1,12,7,20,0.3157894736842105,11,13,5,5,6,0.22727272727272727,0.22727272727272727,0.2857142857142857
PXD060852,with_methods,31,31,29,2,2,40,36,0.8787878787878788,0,-4,20,20,25,0.35714285714285715,0.35714285714285715,0.49019607843137253
PXD060912,with_methods,25,29,23,2,6,38,41,0.7419354838709677,4,3,25,25,28,0.46296296296296297,0.46296296296296297,0.5490196078431373
PXD060980,with_methods,29,27,25,4,2,38,34,0.8064516129032258,-2,-4,18,19,25,0.3333333333333333,0.3584905660377358,0.5319148936170213
PXD061073,with_methods,26,27,26,0,1,44,48,0.9629629629629629,1,4,32,33,37,0.5333333333333333,0.559322033898305,0.6727272727272727
PXD061173,with_methods,27,22,22,5,0,34,27,0.8148148148148148,-5,-7,17,17,20,0.38636363636363635,0.38636363636363635,0.4878048780487805
PXD061285,with_methods,18,15,15,3,0,20,16,0.8333333333333334,-3,-4,15,15,15,0.7142857142857143,0.7142857142857143,0.7142857142857143
PXD061408,abstract_only,1,20,1,0,19,1,27,0.05,19,26,1,1,1,0.037037037037037035,0.037037037037037035,0.037037037037037035
PXD061570,with_methods,22,23,22,0,1,23,25,0.9565217391304348,1,2,18,18,21,0.6,0.6,0.7777777777777778
PXD061620,abstract_only,13,23,13,0,10,18,28,0.5652173913043478,10,10,8,8,12,0.21052631578947367,0.21052631578947367,0.35294117647058826
PXD061696,with_methods,28,26,26,2,0,40,38,0.9285714285714286,-2,-2,29,30,31,0.5918367346938775,0.625,0.6595744680851063
PXD061806,abstract_only,9,23,9,0,14,11,35,0.391304347826087,14,24,6,7,8,0.15,0.1794871794871795,0.21052631578947367
PXD061876,abstract_only,0,25,0,0,25,0,29,0.0,25,29,0,0,0,0.0,0.0,0.0
PXD062000,abstract_only,5,20,5,0,15,5,24,0.25,15,19,4,4,4,0.16,0.16,0.16
PXD062254,abstract_only,8,17,7,1,10,10,27,0.3888888888888889,9,17,4,4,5,0.12121212121212122,0.12121212121212122,0.15625
PXD062353,abstract_only,9,23,8,1,15,9,30,0.3333333333333333,14,21,3,3,5,0.08333333333333333,0.08333333333333333,0.14705882352941177
PXD062452,abstract_only,11,25,11,0,14,11,34,0.44,14,23,11,11,11,0.3235294117647059,0.3235294117647059,0.3235294117647059
PXD062630,abstract_only,14,16,10,4,6,14,23,0.5,2,9,9,9,9,0.32142857142857145,0.32142857142857145,0.32142857142857145
PXD062785,with_methods,26,25,24,2,1,38,31,0.8888888888888888,-1,-7,20,20,26,0.40816326530612246,0.40816326530612246,0.6046511627906976
PXD062943,abstract_only,5,20,5,0,15,5,22,0.25,15,17,3,3,3,0.125,0.125,0.125
PXD063058,with_methods,23,24,23,0,1,31,32,0.9583333333333334,1,1,23,23,26,0.575,0.575,0.7027027027027027
PXD063325,abstract_only,8,22,7,1,15,9,30,0.30434782608695654,14,21,5,5,7,0.14705882352941177,0.14705882352941177,0.21875
PXD063479,with_methods,25,30,25,0,5,53,63,0.8333333333333334,5,10,42,43,49,0.5675675675675675,0.589041095890411,0.7313432835820896
PXD063563,abstract_only,5,22,5,0,17,5,27,0.22727272727272727,17,22,3,3,4,0.10344827586206896,0.10344827586206896,0.14285714285714285
PXD063822,abstract_only,1,21,1,0,20,1,30,0.047619047619047616,20,29,1,1,1,0.03333333333333333,0.03333333333333333,0.03333333333333333
PXD063964,abstract_only,11,28,11,0,17,11,50,0.39285714285714285,17,39,6,6,7,0.10909090909090909,0.10909090909090909,0.12962962962962962
PXD064016,with_methods,14,14,11,3,3,15,17,0.6470588235294118,0,2,11,11,12,0.5238095238095238,0.5238095238095238,0.6
PXD064146,abstract_only,11,22,11,0,11,11,31,0.5,11,20,9,9,10,0.2727272727272727,0.2727272727272727,0.3125
PXD064288,abstract_only,1,18,1,0,17,1,20,0.05555555555555555,17,19,0,0,1,0.0,0.0,0.05
PXD064560,with_methods,15,18,13,2,5,15,20,0.65,3,5,12,12,13,0.5217391304347826,0.5217391304347826,0.5909090909090909
PXD064727,abstract_only,8,18,8,0,10,8,29,0.4444444444444444,10,21,7,8,8,0.23333333333333334,0.27586206896551724,0.27586206896551724
PXD064850,with_methods,21,21,16,5,5,27,23,0.6153846153846154,0,-4,15,15,16,0.42857142857142855,0.42857142857142855,0.47058823529411764
PXD065042,with_methods,16,27,15,1,12,22,34,0.5357142857142857,11,12,11,11,14,0.24444444444444444,0.24444444444444444,0.3333333333333333
PXD065453,with_methods,20,16,16,4,0,25,29,0.8,-4,4,14,14,15,0.35,0.35,0.38461538461538464
PXD065702,with_methods,30,29,29,1,0,37,43,0.9666666666666667,-1,6,26,26,30,0.48148148148148145,0.48148148148148145,0.6
PXD066010,with_methods,22,26,22,0,4,30,43,0.8461538461538461,4,13,21,21,22,0.40384615384615385,0.40384615384615385,0.43137254901960786
PXD066215,abstract_only,11,24,10,1,14,11,32,0.4,13,21,7,7,9,0.19444444444444445,0.19444444444444445,0.2647058823529412
PXD066614,abstract_only,9,23,9,0,14,11,32,0.391304347826087,14,21,6,6,10,0.16216216216216217,0.16216216216216217,0.30303030303030304
PXD066952,with_methods,24,27,23,1,4,39,45,0.8214285714285714,3,6,22,22,25,0.3548387096774194,0.3548387096774194,0.423728813559322
PXD067200,abstract_only,11,16,9,2,7,11,24,0.5,5,13,5,5,5,0.16666666666666666,0.16666666666666666,0.16666666666666666
PXD067414,abstract_only,2,20,2,0,18,2,25,0.1,18,23,0,0,1,0.0,0.0,0.038461538461538464
PXD067649,abstract_only,6,16,3,3,13,6,20,0.15789473684210525,10,14,2,2,3,0.08333333333333333,0.08333333333333333,0.13043478260869565
PXD068004,with_methods,19,21,18,1,3,20,25,0.8181818181818182,2,5,13,14,16,0.40625,0.45161290322580644,0.5517241379310345
PXD068392,with_methods,26,27,25,1,2,34,41,0.8928571428571429,1,7,25,25,28,0.5,0.5,0.5957446808510638
PXD068664,with_methods,18,14,11,7,3,25,14,0.5238095238095238,-4,-11,8,8,8,0.25806451612903225,0.25806451612903225,0.25806451612903225
PXD069058,abstract_only,8,15,8,0,7,15,16,0.5333333333333333,7,1,3,3,6,0.10714285714285714,0.10714285714285714,0.24
PXD069538,abstract_only,2,27,2,0,25,2,37,0.07407407407407407,25,35,0,0,1,0.0,0.0,0.02631578947368421
PXD070409,abstract_only,11,19,6,5,13,13,25,0.25,8,12,3,3,3,0.08571428571428572,0.08571428571428572,0.08571428571428572
PXD000072,abstract_only,11,17,10,1,7,12,21,0.5555555555555556,6,9,6,6,7,0.2222222222222222,0.2222222222222222,0.2692307692307692
PXD000533,abstract_only,12,16,10,2,6,14,19,0.5555555555555556,4,5,11,11,11,0.5,0.5,0.5
PXD001068,abstract_only,11,14,8,3,6,13,19,0.47058823529411764,3,6,4,5,6,0.14285714285714285,0.18518518518518517,0.23076923076923078
PXD001357,with_methods,20,20,19,1,1,31,32,0.9047619047619048,0,1,11,11,16,0.21153846153846154,0.21153846153846154,0.3404255319148936
PXD001421,abstract_only,12,19,10,2,9,12,21,0.47619047619047616,7,9,4,4,6,0.13793103448275862,0.13793103448275862,0.2222222222222222
PXD001609,abstract_only,2,16,2,0,14,2,21,0.125,14,19,0,0,2,0.0,0.0,0.09523809523809523
PXD002057,with_methods,24,24,24,0,0,25,26,1.0,0,1,15,15,18,0.4166666666666667,0.4166666666666667,0.5454545454545454
PXD002437,with_methods,19,20,18,1,2,19,25,0.8571428571428571,1,6,16,16,17,0.5714285714285714,0.5714285714285714,0.6296296296296297
PXD002842,abstract_only,13,17,11,2,6,15,21,0.5789473684210527,4,6,8,8,10,0.2857142857142857,0.2857142857142857,0.38461538461538464
PXD003120,with_methods,12,16,11,1,5,12,16,0.6470588235294118,4,4,7,8,9,0.3333333333333333,0.4,0.47368421052631576
PXD003296,with_methods,30,30,30,0,0,34,30,1.0,0,-4,20,20,25,0.45454545454545453,0.45454545454545453,0.6410256410256411
PXD003410,abstract_only,16,28,16,0,12,17,35,0.5714285714285714,12,18,7,7,9,0.15555555555555556,0.15555555555555556,0.20930232558139536
PXD003498,with_methods,24,29,23,1,6,30,38,0.7666666666666667,5,8,18,18,20,0.36,0.36,0.4166666666666667
PXD003660,abstract_only,5,18,5,0,13,5,30,0.2777777777777778,13,25,2,2,3,0.06060606060606061,0.06060606060606061,0.09375
PXD004001,abstract_only,10,26,10,0,16,11,29,0.38461538461538464,16,18,7,7,7,0.21212121212121213,0.21212121212121213,0.21212121212121213
PXD004363,abstract_only,8,27,7,1,20,9,30,0.25,19,21,4,4,6,0.11428571428571428,0.11428571428571428,0.18181818181818182
PXD004683,with_methods,31,26,26,5,0,37,32,0.8387096774193549,-5,-5,27,28,29,0.6428571428571429,0.6829268292682927,0.725
PXD005154,with_methods,29,23,23,6,0,31,25,0.7931034482758621,-6,-6,18,19,21,0.47368421052631576,0.5135135135135135,0.6
PXD005354,with_methods,28,26,25,3,1,43,33,0.8620689655172413,-2,-10,19,20,23,0.3333333333333333,0.35714285714285715,0.4339622641509434
PXD005590,with_methods,24,27,24,0,3,26,31,0.8888888888888888,3,5,18,19,22,0.46153846153846156,0.5,0.6285714285714286
PXD005914,abstract_only,0,19,0,0,19,0,24,0.0,19,24,0,0,0,0.0,0.0,0.0
PXD006179,abstract_only,3,18,3,0,15,3,21,0.16666666666666666,15,18,0,0,1,0.0,0.0,0.043478260869565216
PXD006371,with_methods,18,27,18,0,9,19,34,0.6666666666666666,9,15,15,15,16,0.39473684210526316,0.39473684210526316,0.43243243243243246
PXD006476,abstract_only,1,17,1,0,16,1,18,0.058823529411764705,16,17,1,1,1,0.05555555555555555,0.05555555555555555,0.05555555555555555
PXD006576,abstract_only,9,28,9,0,19,11,35,0.32142857142857145,19,24,7,7,8,0.1794871794871795,0.1794871794871795,0.21052631578947367
PXD006675,with_methods,27,26,25,2,1,45,36,0.8928571428571429,-1,-9,26,26,30,0.4727272727272727,0.4727272727272727,0.5882352941176471
PXD006788,with_methods,21,18,18,3,0,23,21,0.8571428571428571,-3,-2,14,14,16,0.4666666666666667,0.4666666666666667,0.5714285714285714
PXD007049,abstract_only,8,19,7,1,12,11,20,0.35,11,9,1,1,2,0.03333333333333333,0.03333333333333333,0.06896551724137931
PXD007160,with_methods,30,26,26,4,0,44,36,0.8666666666666667,-4,-8,12,12,20,0.17647058823529413,0.17647058823529413,0.3333333333333333
PXD007515,abstract_only,9,24,9,0,15,10,32,0.375,15,22,7,7,8,0.2,0.2,0.23529411764705882
PXD007671,with_methods,29,24,24,5,0,40,46,0.8275862068965517,-5,6,28,28,31,0.4827586206896552,0.4827586206896552,0.5636363636363636
PXD007744,abstract_only,6,24,6,0,18,7,33,0.25,18,26,3,3,5,0.08108108108108109,0.08108108108108109,0.14285714285714285
PXD007873,abstract_only,10,19,10,0,9,11,28,0.5263157894736842,9,17,4,4,8,0.11428571428571428,0.11428571428571428,0.25806451612903225
PXD007990,abstract_only,0,14,0,0,14,0,20,0.0,14,20,0,0,0,0.0,0.0,0.0
PXD008115,with_methods,29,25,24,5,1,51,42,0.8,-4,-9,26,26,29,0.3880597014925373,0.3880597014925373,0.453125
PXD008205,with_methods,16,20,12,4,8,16,26,0.5,4,10,12,12,12,0.4,0.4,0.4
PXD008381,with_methods,16,16,14,2,2,20,20,0.7777777777777778,0,0,15,15,16,0.6,0.6,0.6666666666666666
PXD008497,abstract_only,1,13,1,0,12,1,15,0.07692307692307693,12,14,1,1,1,0.06666666666666667,0.06666666666666667,0.06666666666666667
PXD008601,with_methods,27,27,26,1,1,39,42,0.9285714285714286,0,3,20,20,32,0.32786885245901637,0.32786885245901637,0.6530612244897959
PXD008723,with_methods,29,28,28,1,0,41,36,0.9655172413793104,-1,-5,27,28,30,0.54,0.5714285714285714,0.6382978723404256
PXD008933,abstract_only,4,13,4,0,9,4,15,0.3076923076923077,9,11,3,3,3,0.1875,0.1875,0.1875
PXD008996,with_methods,15,22,14,1,8,15,25,0.6086956521739131,7,10,8,9,11,0.25,0.2903225806451613,0.3793103448275862
PXD009112,with_methods,18,21,16,2,5,29,32,0.6956521739130435,3,3,15,15,18,0.32608695652173914,0.32608695652173914,0.4186046511627907
PXD009181,with_methods,17,19,15,2,4,28,31,0.7142857142857143,2,3,15,16,19,0.3409090909090909,0.37209302325581395,0.475
PXD009265,with_methods,18,21,18,0,3,35,47,0.8571428571428571,3,12,24,24,29,0.41379310344827586,0.41379310344827586,0.5471698113207547
PXD009310,abstract_only,14,21,12,2,9,15,24,0.5217391304347826,7,9,10,10,12,0.3448275862068966,0.3448275862068966,0.4444444444444444
PXD009366,abstract_only,4,22,4,0,18,4,25,0.18181818181818182,18,21,3,3,3,0.11538461538461539,0.11538461538461539,0.11538461538461539
PXD009444,abstract_only,9,24,9,0,15,15,46,0.375,15,31,10,11,13,0.19607843137254902,0.22,0.2708333333333333
PXD009553,with_methods,28,27,27,1,0,35,42,0.9642857142857143,-1,7,28,29,30,0.5714285714285714,0.6041666666666666,0.6382978723404256
PXD009596,with_methods,18,18,16,2,2,23,19,0.8,0,-4,11,11,13,0.3548387096774194,0.3548387096774194,0.4482758620689655
PXD009716,abstract_only,8,19,8,0,11,8,23,0.42105263157894735,11,15,5,5,7,0.19230769230769232,0.19230769230769232,0.2916666666666667
PXD009784,abstract_only,12,24,12,0,12,14,26,0.5,12,12,10,10,11,0.3333333333333333,0.3333333333333333,0.3793103448275862
PXD009868,abstract_only,12,23,12,0,11,12,28,0.5217391304347826,11,16,7,8,9,0.21212121212121213,0.25,0.2903225806451613
PXD009917,abstract_only,10,23,10,0,13,12,27,0.43478260869565216,13,15,4,4,8,0.11428571428571428,0.11428571428571428,0.25806451612903225
PXD010005,abstract_only,4,12,3,1,9,4,20,0.23076923076923078,8,16,2,2,3,0.09090909090909091,0.09090909090909091,0.14285714285714285
PXD010122,abstract_only,4,14,3,1,11,4,14,0.2,10,10,2,2,2,0.125,0.125,0.125
PXD010202,with_methods,25,21,21,4,0,34,26,0.84,-4,-8,13,13,18,0.2765957446808511,0.2765957446808511,0.42857142857142855
PXD010361,with_methods,27,27,27,0,0,33,36,1.0,0,3,28,28,31,0.6829268292682927,0.6829268292682927,0.8157894736842105
PXD010520,abstract_only,4,8,4,0,4,4,12,0.5,4,8,2,2,3,0.14285714285714285,0.14285714285714285,0.23076923076923078
PXD010690,abstract_only,18,26,15,3,11,21,30,0.5172413793103449,8,9,14,14,14,0.3783783783783784,0.3783783783783784,0.3783783783783784
PXD010941,with_methods,27,26,26,1,0,31,37,0.9629629629629629,-1,6,26,26,28,0.6190476190476191,0.6190476190476191,0.7
PXD011146,abstract_only,8,18,8,0,10,11,18,0.4444444444444444,10,7,2,3,5,0.07407407407407407,0.11538461538461539,0.20833333333333334
PXD011301,with_methods,19,21,18,1,3,22,28,0.8181818181818182,2,6,16,16,17,0.47058823529411764,0.47058823529411764,0.5151515151515151
PXD011839,with_methods,22,25,21,1,4,29,36,0.8076923076923077,3,7,17,17,23,0.3541666666666667,0.3541666666666667,0.5476190476190477
PXD016199,with_methods,27,27,26,1,1,29,29,0.9285714285714286,0,0,21,21,21,0.5675675675675675,0.5675675675675675,0.5675675675675675
PXD020192,abstract_only,10,22,10,0,12,19,40,0.45454545454545453,12,21,8,8,11,0.1568627450980392,0.1568627450980392,0.22916666666666666
PXD029400,with_methods,26,24,22,4,2,39,42,0.7857142857142857,-2,3,22,22,26,0.3728813559322034,0.3728813559322034,0.4727272727272727
PXD037340,abstract_only,10,21,9,1,12,11,25,0.4090909090909091,11,14,3,3,4,0.09090909090909091,0.09090909090909091,0.125
PXD046413,abstract_only,4,17,4,0,13,4,19,0.23529411764705882,13,15,3,3,3,0.15,0.15,0.15
PXD046497,with_methods,28,26,26,2,0,38,36,0.9285714285714286,-2,-2,25,26,27,0.5102040816326531,0.5416666666666666,0.574468085106383
PXD046582,abstract_only,12,24,11,1,13,13,33,0.44,12,20,7,7,10,0.1794871794871795,0.1794871794871795,0.2777777777777778
PXD046711,abstract_only,12,21,11,1,10,13,26,0.5,9,13,5,6,8,0.14705882352941177,0.18181818181818182,0.25806451612903225
PXD046786,with_methods,8,24,8,0,16,12,46,0.3333333333333333,16,34,5,5,11,0.09433962264150944,0.09433962264150944,0.23404255319148937
PXD046855,abstract_only,6,11,3,3,8,6,13,0.21428571428571427,5,7,1,1,2,0.05555555555555555,0.05555555555555555,0.11764705882352941
PXD046996,with_methods,22,23,20,2,3,25,28,0.8,1,3,18,18,19,0.5142857142857142,0.5142857142857142,0.5588235294117647
PXD047057,abstract_only,7,19,6,1,13,9,25,0.3,12,16,4,4,5,0.13333333333333333,0.13333333333333333,0.1724137931034483
PXD047134,with_methods,23,22,22,1,0,32,34,0.9565217391304348,-1,2,17,17,21,0.3469387755102041,0.3469387755102041,0.4666666666666667
PXD047261,abstract_only,10,25,10,0,15,10,48,0.4,15,38,7,7,9,0.13725490196078433,0.13725490196078433,0.1836734693877551
PXD047412,abstract_only,7,24,7,0,17,7,32,0.2916666666666667,17,25,4,4,6,0.11428571428571428,0.11428571428571428,0.18181818181818182
PXD047528,abstract_only,8,14,8,0,6,9,18,0.5714285714285714,6,9,6,6,9,0.2857142857142857,0.2857142857142857,0.5
PXD047716,abstract_only,7,18,7,0,11,7,26,0.3888888888888889,11,19,5,5,6,0.17857142857142858,0.17857142857142858,0.2222222222222222
PXD047844,abstract_only,5,12,3,2,9,5,13,0.21428571428571427,7,8,2,2,3,0.125,0.125,0.2
PXD047936,with_methods,18,22,17,1,5,18,25,0.7391304347826086,4,7,14,14,15,0.4827586206896552,0.4827586206896552,0.5357142857142857
PXD048041,abstract_only,4,21,3,1,18,8,31,0.13636363636363635,17,23,3,3,4,0.08333333333333333,0.08333333333333333,0.11428571428571428
PXD048180,abstract_only,2,14,2,0,12,2,21,0.14285714285714285,12,19,1,1,1,0.045454545454545456,0.045454545454545456,0.045454545454545456
PXD048393,abstract_only,6,24,6,0,18,8,27,0.25,18,19,2,2,3,0.06060606060606061,0.06060606060606061,0.09375
PXD048532,abstract_only,9,24,7,2,17,9,46,0.2692307692307692,15,37,3,3,6,0.057692307692307696,0.057692307692307696,0.12244897959183673
PXD048618,abstract_only,8,26,8,0,18,8,39,0.3076923076923077,18,31,7,7,8,0.175,0.175,0.20512820512820512
PXD048696,abstract_only,4,23,4,0,19,5,34,0.17391304347826086,19,29,2,2,3,0.05405405405405406,0.05405405405405406,0.08333333333333333
PXD048853,abstract_only,7,22,7,0,15,7,24,0.3181818181818182,15,17,3,3,7,0.10714285714285714,0.10714285714285714,0.2916666666666667
PXD048963,abstract_only,1,16,1,0,15,1,22,0.0625,15,21,1,1,1,0.045454545454545456,0.045454545454545456,0.045454545454545456
PXD049087,abstract_only,8,18,8,0,10,8,19,0.4444444444444444,10,11,7,7,8,0.35,0.35,0.42105263157894735
PXD049284,abstract_only,13,27,12,1,15,13,39,0.42857142857142855,14,26,5,5,7,0.10638297872340426,0.10638297872340426,0.15555555555555556
PXD049377,abstract_only,15,22,13,2,9,16,28,0.5416666666666666,7,12,12,12,13,0.375,0.375,0.41935483870967744
PXD049957,abstract_only,14,25,12,2,13,19,35,0.4444444444444444,11,16,7,7,9,0.14893617021276595,0.14893617021276595,0.2
PXD050113,abstract_only,10,20,10,0,10,12,24,0.5,10,12,4,4,6,0.125,0.125,0.2
PXD050287,abstract_only,4,21,4,0,17,4,30,0.19047619047619047,17,26,1,1,2,0.030303030303030304,0.030303030303030304,0.0625
PXD050416,with_methods,22,24,21,1,3,26,35,0.84,2,9,16,16,22,0.35555555555555557,0.35555555555555557,0.5641025641025641
PXD050557,abstract_only,1,11,1,0,10,1,11,0.09090909090909091,10,10,1,1,1,0.09090909090909091,0.09090909090909091,0.09090909090909091
PXD050688,abstract_only,2,26,2,0,24,2,29,0.07692307692307693,24,27,1,1,1,0.03333333333333333,0.03333333333333333,0.03333333333333333
PXD050884,abstract_only,5,13,5,0,8,5,15,0.38461538461538464,8,10,4,4,5,0.25,0.25,0.3333333333333333
PXD050985,abstract_only,3,20,3,0,17,3,23,0.15,17,20,2,2,2,0.08333333333333333,0.08333333333333333,0.08333333333333333
PXD051062,abstract_only,11,18,10,1,8,12,27,0.5263157894736842,7,15,7,7,9,0.21875,0.21875,0.3
PXD051187,abstract_only,8,16,7,1,9,8,17,0.4117647058823529,8,9,4,4,7,0.19047619047619047,0.19047619047619047,0.3888888888888889
PXD051404,abstract_only,8,14,8,0,6,8,17,0.5714285714285714,6,9,3,3,4,0.13636363636363635,0.13636363636363635,0.19047619047619047
PXD051640,abstract_only,3,27,3,0,24,3,32,0.1111111111111111,24,29,1,1,2,0.029411764705882353,0.029411764705882353,0.06060606060606061
PXD051715,abstract_only,7,24,7,0,17,7,35,0.2916666666666667,17,28,6,6,6,0.16666666666666666,0.16666666666666666,0.16666666666666666
PXD051849,abstract_only,8,20,7,1,13,10,25,0.3333333333333333,12,15,5,5,6,0.16666666666666666,0.16666666666666666,0.20689655172413793
PXD051981,abstract_only,10,20,10,0,10,10,21,0.5,10,11,5,5,6,0.19230769230769232,0.19230769230769232,0.24
PXD052176,abstract_only,1,19,1,0,18,1,19,0.05263157894736842,18,18,1,1,1,0.05263157894736842,0.05263157894736842,0.05263157894736842
PXD052317,abstract_only,0,13,0,0,13,0,18,0.0,13,18,0,0,0,0.0,0.0,0.0
PXD052720,abstract_only,11,22,10,1,12,13,25,0.43478260869565216,11,12,10,10,11,0.35714285714285715,0.35714285714285715,0.4074074074074074
PXD052854,with_methods,29,27,27,2,0,46,45,0.9310344827586207,-2,-1,17,17,23,0.22972972972972974,0.22972972972972974,0.3382352941176471
PXD053100,abstract_only,3,20,3,0,17,3,30,0.15,17,27,3,3,3,0.1,0.1,0.1
PXD053278,abstract_only,0,23,0,0,23,0,25,0.0,23,25,0,0,0,0.0,0.0,0.0
PXD053450,with_methods,32,32,31,1,1,40,53,0.9393939393939394,0,13,20,20,24,0.273972602739726,0.273972602739726,0.34782608695652173
PXD053613,abstract_only,8,23,7,1,16,8,28,0.2916666666666667,15,20,5,5,6,0.16129032258064516,0.16129032258064516,0.2
PXD053880,abstract_only,10,15,9,1,6,10,15,0.5625,5,5,3,3,7,0.13636363636363635,0.13636363636363635,0.3888888888888889
PXD054028,abstract_only,4,20,4,0,16,4,25,0.2,16,21,3,3,4,0.11538461538461539,0.11538461538461539,0.16
PXD054149,abstract_only,1,19,1,0,18,1,24,0.05263157894736842,18,23,1,1,1,0.041666666666666664,0.041666666666666664,0.041666666666666664
PXD054301,abstract_only,14,20,12,2,8,14,29,0.5454545454545454,6,15,6,6,9,0.16216216216216217,0.16216216216216217,0.2647058823529412
PXD054405,abstract_only,9,23,9,0,14,9,23,0.391304347826087,14,14,6,6,8,0.23076923076923078,0.23076923076923078,0.3333333333333333
PXD054675,with_methods,27,27,27,0,0,35,38,1.0,0,3,30,30,31,0.6976744186046512,0.6976744186046512,0.7380952380952381
PXD054857,abstract_only,8,15,8,0,7,8,21,0.5333333333333333,7,13,6,6,6,0.2608695652173913,0.2608695652173913,0.2608695652173913
PXD055223,with_methods,26,21,20,6,1,31,32,0.7407407407407407,-5,1,17,18,21,0.3695652173913043,0.4,0.5
PXD055473,abstract_only,12,24,11,1,13,16,28,0.44,12,12,4,4,7,0.1,0.1,0.1891891891891892
PXD055737,abstract_only,9,26,9,0,17,9,31,0.34615384615384615,17,22,6,6,8,0.17647058823529413,0.17647058823529413,0.25
PXD055943,abstract_only,16,26,11,5,15,27,33,0.3548387096774194,10,6,10,10,11,0.2,0.2,0.22448979591836735
PXD056040,abstract_only,6,14,3,3,11,7,19,0.17647058823529413,8,12,1,1,1,0.04,0.04,0.04
PXD056092,abstract_only,12,15,9,3,6,12,19,0.5,3,7,3,3,6,0.10714285714285714,0.10714285714285714,0.24
PXD056160,abstract_only,2,10,2,0,8,2,10,0.2,8,8,2,2,2,0.2,0.2,0.2
PXD056189,abstract_only,5,17,2,3,15,5,22,0.1,12,17,0,0,0,0.0,0.0,0.0
PXD056248,abstract_only,7,22,7,0,15,7,22,0.3181818181818182,15,15,3,4,4,0.11538461538461539,0.16,0.16
PXD056331,abstract_only,13,18,11,2,7,13,20,0.55,5,7,5,6,7,0.17857142857142858,0.2222222222222222,0.2692307692307692
PXD056463,with_methods,29,22,21,8,1,36,35,0.7,-7,-1,18,18,22,0.33962264150943394,0.33962264150943394,0.4489795918367347
PXD056539,abstract_only,1,19,1,0,18,1,25,0.05263157894736842,18,24,1,1,1,0.04,0.04,0.04
PXD056701,abstract_only,9,11,2,7,9,9,12,0.1111111111111111,2,3,2,2,2,0.10526315789473684,0.10526315789473684,0.10526315789473684
PXD056865,abstract_only,11,23,9,2,14,15,32,0.36,12,17,11,11,12,0.3055555555555556,0.3055555555555556,0.34285714285714286
PXD056946,abstract_only,1,22,1,0,21,2,27,0.045454545454545456,21,25,1,1,1,0.03571428571428571,0.03571428571428571,0.03571428571428571
PXD057067,with_methods,22,20,20,2,0,29,27,0.9090909090909091,-2,-2,16,16,22,0.4,0.4,0.6470588235294118
PXD057196,with_methods,21,24,18,3,6,24,27,0.6666666666666666,3,3,17,17,17,0.5,0.5,0.5
PXD057348,with_methods,27,27,26,1,1,42,38,0.9285714285714286,0,-4,22,22,29,0.3793103448275862,0.3793103448275862,0.5686274509803921
PXD057448,abstract_only,8,17,7,1,10,8,22,0.3888888888888889,9,14,1,1,1,0.034482758620689655,0.034482758620689655,0.034482758620689655
PXD057588,abstract_only,10,20,10,0,10,11,30,0.5,10,19,3,4,6,0.07894736842105263,0.10810810810810811,0.17142857142857143
PXD057677,abstract_only,13,24,13,0,11,14,29,0.5416666666666666,11,15,10,10,12,0.30303030303030304,0.30303030303030304,0.3870967741935484
PXD057789,abstract_only,2,22,2,0,20,2,28,0.09090909090909091,20,26,2,2,2,0.07142857142857142,0.07142857142857142,0.07142857142857142
PXD057890,with_methods,12,22,12,0,10,14,32,0.5454545454545454,10,18,12,12,14,0.35294117647058826,0.35294117647058826,0.4375
PXD058027,abstract_only,9,23,9,0,14,9,25,0.391304347826087,14,16,6,7,9,0.21428571428571427,0.25925925925925924,0.36
PXD058173,abstract_only,3,15,3,0,12,3,16,0.2,12,13,2,2,2,0.11764705882352941,0.11764705882352941,0.11764705882352941
PXD058312,with_methods,21,23,21,0,2,29,31,0.9130434782608695,2,2,23,23,23,0.6216216216216216,0.6216216216216216,0.6216216216216216
PXD058407,abstract_only,1,12,1,0,11,1,18,0.08333333333333333,11,17,1,1,1,0.05555555555555555,0.05555555555555555,0.05555555555555555
PXD058491,abstract_only,6,17,5,1,12,7,30,0.2777777777777778,11,23,4,4,5,0.12121212121212122,0.12121212121212122,0.15625
PXD058569,abstract_only,8,27,6,2,21,8,42,0.20689655172413793,19,34,2,2,3,0.041666666666666664,0.041666666666666664,0.06382978723404255
PXD058655,abstract_only,0,15,0,0,15,0,18,0.0,15,18,0,0,0,0.0,0.0,0.0
PXD058717,abstract_only,13,27,12,1,15,13,30,0.42857142857142855,14,17,4,5,7,0.10256410256410256,0.13157894736842105,0.19444444444444445
PXD058814,abstract_only,7,16,5,2,11,7,19,0.2777777777777778,9,12,3,3,4,0.13043478260869565,0.13043478260869565,0.18181818181818182
PXD058914,abstract_only,3,13,3,0,10,3,18,0.23076923076923078,10,15,1,1,2,0.05,0.05,0.10526315789473684
PXD059046,abstract_only,4,14,4,0,10,4,15,0.2857142857142857,10,11,4,4,4,0.26666666666666666,0.26666666666666666,0.26666666666666666
PXD059339,abstract_only,14,17,12,2,5,14,21,0.631578947368421,3,7,9,9,9,0.34615384615384615,0.34615384615384615,0.34615384615384615
PXD059471,abstract_only,1,12,1,0,11,1,13,0.08333333333333333,11,12,1,1,1,0.07692307692307693,0.07692307692307693,0.07692307692307693
PXD059566,abstract_only,3,19,3,0,16,3,26,0.15789473684210525,16,23,1,1,2,0.03571428571428571,0.03571428571428571,0.07407407407407407
PXD059683,abstract_only,4,22,4,0,18,9,39,0.18181818181818182,18,30,1,1,7,0.02127659574468085,0.02127659574468085,0.17073170731707318
PXD059885,with_methods,24,24,24,0,0,42,51,1.0,0,9,34,34,34,0.576271186440678,0.576271186440678,0.576271186440678
PXD059976,with_methods,24,25,22,2,3,29,34,0.8148148148148148,1,5,18,18,23,0.4,0.4,0.575
PXD060046,with_methods,31,31,31,0,0,52,50,1.0,0,-2,32,33,42,0.45714285714285713,0.4782608695652174,0.7
PXD060153,with_methods,29,29,27,2,2,45,45,0.8709677419354839,0,0,20,20,21,0.2857142857142857,0.2857142857142857,0.30434782608695654
PXD060326,with_methods,14,22,9,5,13,26,26,0.3333333333333333,8,0,8,8,8,0.18181818181818182,0.18181818181818182,0.18181818181818182
PXD060483,abstract_only,14,20,13,1,7,16,22,0.6190476190476191,6,6,9,9,10,0.3103448275862069,0.3103448275862069,0.35714285714285715
PXD060708,abstract_only,2,22,2,0,20,2,31,0.09090909090909091,20,29,1,1,1,0.03125,0.03125,0.03125
PXD060798,abstract_only,8,18,5,3,13,8,19,0.23809523809523808,10,11,4,4,5,0.17391304347826086,0.17391304347826086,0.22727272727272727
PXD060854,with_methods,31,29,29,2,0,44,43,0.9354838709677419,-2,-1,23,23,32,0.359375,0.359375,0.5818181818181818
PXD060917,abstract_only,10,19,9,1,10,12,31,0.45,9,19,4,4,6,0.10256410256410256,0.10256410256410256,0.16216216216216217
PXD060982,abstract_only,6,19,6,0,13,6,26,0.3157894736842105,13,20,4,4,5,0.14285714285714285,0.14285714285714285,0.18518518518518517
PXD061092,abstract_only,9,23,9,0,14,12,33,0.391304347826087,14,21,6,6,9,0.15384615384615385,0.15384615384615385,0.25
PXD061178,abstract_only,7,20,7,0,13,9,36,0.35,13,27,3,3,4,0.07142857142857142,0.07142857142857142,0.0975609756097561
PXD061290,with_methods,22,24,22,0,2,22,26,0.9166666666666666,2,4,17,17,18,0.5483870967741935,0.5483870967741935,0.6
PXD061427,abstract_only,3,18,3,0,15,3,30,0.16666666666666666,15,27,2,2,3,0.06451612903225806,0.06451612903225806,0.1
PXD061576,abstract_only,5,19,3,2,16,5,25,0.14285714285714285,14,20,2,2,2,0.07142857142857142,0.07142857142857142,0.07142857142857142
PXD061637,abstract_only,4,12,3,1,9,4,13,0.23076923076923078,8,9,1,2,2,0.0625,0.13333333333333333,0.13333333333333333
PXD061698,abstract_only,12,15,12,0,3,13,17,0.8,3,4,7,7,10,0.30434782608695654,0.30434782608695654,0.5
PXD061846,abstract_only,0,22,0,0,22,0,29,0.0,22,29,0,0,0,0.0,0.0,0.0
PXD061877,abstract_only,0,19,0,0,19,0,21,0.0,19,21,0,0,0,0.0,0.0,0.0
PXD062079,with_methods,29,27,27,2,0,32,38,0.9310344827586207,-2,6,21,21,24,0.42857142857142855,0.42857142857142855,0.5217391304347826
PXD062315,abstract_only,10,20,10,0,10,10,24,0.5,10,14,8,8,9,0.3076923076923077,0.3076923076923077,0.36
PXD062354,with_methods,34,31,30,4,1,56,51,0.8571428571428571,-3,-5,32,32,40,0.4266666666666667,0.4266666666666667,0.5970149253731343
PXD062474,with_methods,23,26,23,0,3,35,38,0.8846153846153846,3,3,23,23,26,0.46,0.46,0.5531914893617021
PXD062695,abstract_only,7,18,6,1,12,8,20,0.3157894736842105,11,12,3,3,4,0.12,0.12,0.16666666666666666
PXD062808,abstract_only,11,22,11,0,11,12,34,0.5,11,22,7,7,8,0.1794871794871795,0.1794871794871795,0.21052631578947367
PXD062944,abstract_only,11,17,11,0,6,13,22,0.6470588235294118,6,9,7,7,10,0.25,0.25,0.4
PXD063060,with_methods,23,22,22,1,0,28,31,0.9565217391304348,-1,3,20,20,24,0.5128205128205128,0.5128205128205128,0.6857142857142857
PXD063349,abstract_only,12,18,11,1,7,12,26,0.5789473684210527,6,14,9,9,11,0.3103448275862069,0.3103448275862069,0.4074074074074074
PXD063516,abstract_only,3,18,2,1,16,3,18,0.10526315789473684,15,15,1,1,1,0.05,0.05,0.05
PXD063595,abstract_only,3,23,3,0,20,3,32,0.13043478260869565,20,29,2,2,3,0.06060606060606061,0.06060606060606061,0.09375
PXD063825,abstract_only,1,20,1,0,19,1,30,0.05,19,29,0,0,0,0.0,0.0,0.0
PXD063965,abstract_only,2,18,2,0,16,2,28,0.1111111111111111,16,26,2,2,2,0.07142857142857142,0.07142857142857142,0.07142857142857142
PXD064062,with_methods,22,22,21,1,1,32,31,0.9130434782608695,0,-1,19,19,21,0.4318181818181818,0.4318181818181818,0.5
PXD064197,abstract_only,8,17,7,1,10,12,18,0.3888888888888889,9,6,4,4,5,0.15384615384615385,0.15384615384615385,0.2
PXD064434,abstract_only,8,24,7,1,17,8,28,0.28,16,20,3,3,6,0.09090909090909091,0.09090909090909091,0.2
PXD064564,with_methods,18,19,17,1,2,33,36,0.85,1,3,18,20,24,0.35294117647058826,0.40816326530612246,0.5333333333333333
PXD064751,abstract_only,9,19,8,1,11,13,27,0.4,10,14,7,7,8,0.21212121212121213,0.21212121212121213,0.25
PXD064858,abstract_only,11,14,8,3,6,11,14,0.47058823529411764,3,3,7,7,7,0.3888888888888889,0.3888888888888889,0.3888888888888889
PXD065168,with_methods,22,23,21,1,2,26,27,0.875,1,1,15,15,16,0.39473684210526316,0.39473684210526316,0.43243243243243246
PXD065461,abstract_only,8,14,7,1,7,16,19,0.4666666666666667,6,3,5,5,8,0.16666666666666666,0.16666666666666666,0.2962962962962963
PXD065794,abstract_only,7,24,7,0,17,7,27,0.2916666666666667,17,20,3,3,4,0.0967741935483871,0.0967741935483871,0.13333333333333333
PXD066017,abstract_only,10,15,7,3,8,12,19,0.3888888888888889,5,7,3,4,5,0.10714285714285714,0.14814814814814814,0.19230769230769232
PXD066224,with_methods,29,28,28,1,0,32,42,0.9655172413793104,-1,10,18,18,23,0.32142857142857145,0.32142857142857145,0.45098039215686275
PXD066622,abstract_only,6,19,5,1,14,6,27,0.25,13,21,4,4,5,0.13793103448275862,0.13793103448275862,0.17857142857142858
PXD066998,with_methods,21,28,21,0,7,26,38,0.75,7,12,19,19,23,0.4222222222222222,0.4222222222222222,0.5609756097560976
PXD067201,abstract_only,13,28,12,1,16,14,38,0.41379310344827586,15,24,9,9,10,0.20930232558139536,0.20930232558139536,0.23809523809523808
PXD067474,abstract_only,12,19,10,2,9,16,30,0.47619047619047616,7,14,10,10,10,0.2777777777777778,0.2777777777777778,0.2777777777777778
PXD067739,abstract_only,9,22,7,2,15,9,30,0.2916666666666667,13,21,6,6,6,0.18181818181818182,0.18181818181818182,0.18181818181818182
PXD068126,abstract_only,6,17,6,0,11,6,21,0.35294117647058826,11,15,4,4,4,0.17391304347826086,0.17391304347826086,0.17391304347826086
PXD068424,with_methods,16,16,14,2,2,20,24,0.7777777777777778,0,4,10,10,14,0.29411764705882354,0.29411764705882354,0.4666666666666667
PXD068665,abstract_only,5,21,4,1,17,5,39,0.18181818181818182,16,34,1,1,2,0.023255813953488372,0.023255813953488372,0.047619047619047616
PXD069084,with_methods,25,24,24,1,0,25,27,0.96,-1,2,15,15,19,0.40540540540540543,0.40540540540540543,0.5757575757575758
PXD069587,abstract_only,4,16,4,0,12,4,25,0.25,12,21,3,4,4,0.11538461538461539,0.16,0.16
PXD070477,abstract_only,11,26,10,1,16,11,32,0.37037037037037035,15,21,5,6,8,0.13157894736842105,0.16216216216216217,0.22857142857142856
PXD000218,abstract_only,9,14,8,1,6,11,21,0.5333333333333333,5,10,6,7,8,0.23076923076923078,0.28,0.3333333333333333
PXD000561,with_methods,22,26,21,1,5,40,70,0.7777777777777778,4,30,28,28,32,0.34146341463414637,0.34146341463414637,0.41025641025641024
PXD001118,with_methods,16,16,15,1,1,24,24,0.8823529411764706,0,0,15,15,20,0.45454545454545453,0.45454545454545453,0.7142857142857143
PXD001359,with_methods,17,20,16,1,4,27,38,0.7619047619047619,3,11,24,24,25,0.5853658536585366,0.5853658536585366,0.625
PXD001422,abstract_only,8,24,8,0,16,9,31,0.3333333333333333,16,22,4,4,6,0.1111111111111111,0.1111111111111111,0.17647058823529413
PXD001674,abstract_only,7,24,7,0,17,10,33,0.2916666666666667,17,23,2,2,4,0.04878048780487805,0.04878048780487805,0.10256410256410256
PXD002088,with_methods,14,20,10,4,10,20,27,0.4166666666666667,6,7,7,8,9,0.175,0.20512820512820512,0.23684210526315788
PXD002565,abstract_only,6,19,6,0,13,6,26,0.3157894736842105,13,20,5,5,6,0.18518518518518517,0.18518518518518517,0.23076923076923078
PXD002883,with_methods,29,30,29,0,1,43,55,0.9666666666666667,1,12,29,29,31,0.42028985507246375,0.42028985507246375,0.4626865671641791
PXD003132,abstract_only,2,19,2,0,17,2,25,0.10526315789473684,17,23,2,2,2,0.08,0.08,0.08
PXD003323,with_methods,29,28,28,1,0,37,37,0.9655172413793104,-1,0,25,25,28,0.5102040816326531,0.5102040816326531,0.6086956521739131
PXD003411,abstract_only,13,27,13,0,14,14,37,0.48148148148148145,14,23,11,11,13,0.275,0.275,0.34210526315789475
PXD003531,with_methods,19,17,15,4,2,26,24,0.7142857142857143,-2,-2,11,11,14,0.28205128205128205,0.28205128205128205,0.3888888888888889
PXD003668,with_methods,28,26,25,3,1,50,46,0.8620689655172413,-2,-4,30,30,34,0.45454545454545453,0.45454545454545453,0.5483870967741935
PXD004059,abstract_only,7,17,6,1,11,7,24,0.3333333333333333,10,17,4,4,4,0.14814814814814814,0.14814814814814814,0.14814814814814814
PXD004415,abstract_only,18,22,17,1,5,20,27,0.7391304347826086,4,7,13,13,15,0.38235294117647056,0.38235294117647056,0.46875
PXD004713,with_methods,22,17,17,5,0,28,22,0.7727272727272727,-5,-6,16,16,18,0.47058823529411764,0.47058823529411764,0.5625
PXD005187,with_methods,17,18,16,1,2,26,25,0.8421052631578947,1,-1,10,11,14,0.24390243902439024,0.275,0.3783783783783784
PXD005389,abstract_only,6,16,6,0,10,9,19,0.375,10,10,2,3,3,0.07692307692307693,0.12,0.12
PXD005650,abstract_only,10,23,10,0,13,10,24,0.43478260869565216,13,14,4,4,9,0.13333333333333333,0.13333333333333333,0.36
PXD005944,abstract_only,1,18,1,0,17,1,19,0.05555555555555555,17,18,1,1,1,0.05263157894736842,0.05263157894736842,0.05263157894736842
PXD006201,abstract_only,9,21,9,0,12,9,39,0.42857142857142855,12,30,7,7,8,0.17073170731707318,0.17073170731707318,0.2
PXD006386,with_methods,17,23,13,4,10,21,30,0.48148148148148145,6,9,11,11,11,0.275,0.275,0.275
PXD006497,with_methods,23,22,22,1,0,25,29,0.9565217391304348,-1,4,18,18,22,0.5,0.5,0.6875
PXD006578,abstract_only,8,28,8,0,20,12,37,0.2857142857142857,20,25,8,9,11,0.1951219512195122,0.225,0.2894736842105263
PXD006697,with_methods,21,16,16,5,0,22,21,0.7619047619047619,-5,-1,7,7,11,0.19444444444444445,0.19444444444444445,0.34375
PXD006805,abstract_only,13,18,12,1,6,17,22,0.631578947368421,5,5,10,10,11,0.3448275862068966,0.3448275862068966,0.39285714285714285
PXD007080,with_methods,18,22,18,0,4,23,29,0.8181818181818182,4,6,18,18,21,0.5294117647058824,0.5294117647058824,0.6774193548387096
PXD007165,abstract_only,2,19,2,0,17,2,28,0.10526315789473684,17,26,1,1,2,0.034482758620689655,0.034482758620689655,0.07142857142857142
PXD007543,with_methods,29,29,29,0,0,32,32,1.0,0,0,26,26,29,0.6842105263157895,0.6842105263157895,0.8285714285714286
PXD007675,with_methods,26,26,25,1,1,36,34,0.9259259259259259,0,-2,24,24,27,0.5217391304347826,0.5217391304347826,0.627906976744186
PXD007745,abstract_only,8,23,8,0,15,9,28,0.34782608695652173,15,19,5,6,8,0.15625,0.1935483870967742,0.27586206896551724
PXD007890,with_methods,11,22,11,0,11,11,24,0.5,11,13,7,9,10,0.25,0.34615384615384615,0.4
PXD008003,with_methods,31,31,30,1,1,54,53,0.9375,0,-1,40,40,43,0.5970149253731343,0.5970149253731343,0.671875
PXD008127,abstract_only,7,27,7,0,20,9,39,0.25925925925925924,20,30,7,7,8,0.17073170731707318,0.17073170731707318,0.2
PXD008217,abstract_only,8,12,6,2,6,8,16,0.42857142857142855,4,8,2,2,3,0.09090909090909091,0.09090909090909091,0.14285714285714285
PXD008440,with_methods,27,20,20,7,0,34,24,0.7407407407407407,-7,-10,15,16,18,0.3488372093023256,0.38095238095238093,0.45
PXD008518,abstract_only,2,10,2,0,8,2,12,0.2,8,10,1,1,2,0.07692307692307693,0.07692307692307693,0.16666666666666666
PXD008682,abstract_only,8,15,8,0,7,9,17,0.5333333333333333,7,8,5,6,7,0.23809523809523808,0.3,0.3684210526315789
PXD008832,with_methods,25,22,22,3,0,33,32,0.88,-3,-1,21,21,25,0.4772727272727273,0.4772727272727273,0.625
PXD008934,with_methods,24,23,23,1,0,32,33,0.9583333333333334,-1,1,20,20,25,0.4444444444444444,0.4444444444444444,0.625
PXD009021,with_methods,27,28,26,1,2,37,45,0.896551724137931,1,8,25,25,29,0.43859649122807015,0.43859649122807015,0.5471698113207547
PXD009118,with_methods,19,23,18,1,5,25,27,0.75,4,2,16,16,18,0.4444444444444444,0.4444444444444444,0.5294117647058824
PXD009196,with_methods,13,30,13,0,17,13,35,0.43333333333333335,17,22,6,6,7,0.14285714285714285,0.14285714285714285,0.17073170731707318
PXD009266,with_methods,21,19,18,3,1,22,24,0.8181818181818182,-2,2,15,15,18,0.4838709677419355,0.4838709677419355,0.6428571428571429
PXD009317,with_methods,19,22,18,1,4,22,36,0.782608695652174,3,14,9,9,15,0.1836734693877551,0.1836734693877551,0.3488372093023256
PXD009367,with_methods,25,28,25,0,3,44,45,0.8928571428571429,3,1,28,28,34,0.45901639344262296,0.45901639344262296,0.6181818181818182
PXD009453,abstract_only,12,20,12,0,8,13,32,0.6,8,19,6,6,8,0.15384615384615385,0.15384615384615385,0.21621621621621623
PXD009557,abstract_only,8,16,7,1,9,10,27,0.4117647058823529,8,17,7,7,8,0.23333333333333334,0.23333333333333334,0.27586206896551724
PXD009600,with_methods,26,23,22,4,1,33,27,0.8148148148148148,-3,-6,15,16,21,0.3333333333333333,0.36363636363636365,0.5384615384615384
PXD009724,with_methods,9,18,5,4,13,18,23,0.22727272727272727,9,5,3,3,5,0.07894736842105263,0.07894736842105263,0.1388888888888889
PXD009797,abstract_only,3,21,3,0,18,5,31,0.14285714285714285,18,26,2,2,4,0.058823529411764705,0.058823529411764705,0.125
PXD009870,abstract_only,14,22,13,1,9,15,31,0.5652173913043478,8,16,8,8,12,0.21052631578947367,0.21052631578947367,0.35294117647058826
PXD009924,with_methods,28,28,27,1,1,36,39,0.9310344827586207,0,3,29,29,33,0.6304347826086957,0.6304347826086957,0.7857142857142857
PXD010027,abstract_only,3,19,2,1,17,3,22,0.1,16,19,1,1,1,0.041666666666666664,0.041666666666666664,0.041666666666666664
PXD010124,with_methods,23,22,21,2,1,40,30,0.875,-1,-10,22,22,23,0.4583333333333333,0.4583333333333333,0.48936170212765956
PXD010210,abstract_only,3,18,3,0,15,3,21,0.16666666666666666,15,18,2,2,2,0.09090909090909091,0.09090909090909091,0.09090909090909091
PXD010372,with_methods,29,23,23,6,0,43,37,0.7931034482758621,-6,-6,32,32,32,0.6666666666666666,0.6666666666666666,0.6666666666666666
PXD010527,with_methods,9,17,9,0,8,16,24,0.5294117647058824,8,8,10,11,12,0.3333333333333333,0.3793103448275862,0.42857142857142855
PXD010698,abstract_only,11,25,11,0,14,14,28,0.44,14,14,8,8,9,0.23529411764705882,0.23529411764705882,0.2727272727272727
PXD010942,with_methods,26,26,26,0,0,30,40,1.0,0,10,22,22,28,0.4583333333333333,0.4583333333333333,0.6666666666666666
PXD011152,abstract_only,9,18,9,0,9,9,19,0.5,9,10,5,6,6,0.21739130434782608,0.2727272727272727,0.2727272727272727
PXD011309,with_methods,31,26,26,5,0,36,35,0.8387096774193549,-5,-1,23,24,27,0.4791666666666667,0.5106382978723404,0.6136363636363636
PXD011960,abstract_only,9,19,9,0,10,9,29,0.47368421052631576,10,20,4,4,6,0.11764705882352941,0.11764705882352941,0.1875
PXD016273,abstract_only,12,21,12,0,9,12,26,0.5714285714285714,9,14,6,6,10,0.1875,0.1875,0.35714285714285715
PXD020352,abstract_only,11,26,11,0,15,13,32,0.4230769230769231,15,19,6,6,7,0.15384615384615385,0.15384615384615385,0.18421052631578946
PXD030804,abstract_only,6,12,6,0,6,6,15,0.5,6,9,5,5,6,0.3125,0.3125,0.4
PXD037654,with_methods,22,23,22,0,1,24,29,0.9565217391304348,1,5,19,19,21,0.5588235294117647,0.5588235294117647,0.65625
PXD046414,abstract_only,4,16,4,0,12,4,23,0.25,12,19,1,1,2,0.038461538461538464,0.038461538461538464,0.08
PXD046500,with_methods,25,27,24,1,3,30,36,0.8571428571428571,2,6,24,24,24,0.5714285714285714,0.5714285714285714,0.5714285714285714
PXD046587,abstract_only,7,17,6,1,11,7,18,0.3333333333333333,10,11,2,2,5,0.08695652173913043,0.08695652173913043,0.25
PXD046731,abstract_only,11,20,9,2,11,12,26,0.4090909090909091,9,14,7,7,9,0.22580645161290322,0.22580645161290322,0.3103448275862069
PXD046787,abstract_only,5,18,5,0,13,6,23,0.2777777777777778,13,17,0,0,2,0.0,0.0,0.07407407407407407
PXD046856,abstract_only,2,23,2,0,21,2,27,0.08695652173913043,21,25,1,1,1,0.03571428571428571,0.03571428571428571,0.03571428571428571
PXD047005,abstract_only,8,15,4,4,11,8,22,0.21052631578947367,7,14,2,2,4,0.07142857142857142,0.07142857142857142,0.15384615384615385
PXD047062,with_methods,30,23,23,7,0,32,26,0.7666666666666667,-7,-6,18,18,20,0.45,0.45,0.5263157894736842
PXD047157,with_methods,23,22,22,1,0,36,39,0.9565217391304348,-1,3,30,30,31,0.6666666666666666,0.6666666666666666,0.7045454545454546
PXD047271,abstract_only,1,19,1,0,18,1,20,0.05263157894736842,18,19,1,1,1,0.05,0.05,0.05
PXD047413,with_methods,7,20,7,0,13,7,24,0.35,13,17,4,4,6,0.14814814814814814,0.14814814814814814,0.24
PXD047566,abstract_only,2,19,2,0,17,2,22,0.10526315789473684,17,20,2,2,2,0.09090909090909091,0.09090909090909091,0.09090909090909091
PXD047725,abstract_only,5,18,4,1,14,5,19,0.21052631578947367,13,14,4,4,4,0.2,0.2,0.2
PXD047864,abstract_only,16,27,15,1,12,29,43,0.5357142857142857,11,14,20,20,21,0.38461538461538464,0.38461538461538464,0.4117647058823529
PXD047958,abstract_only,10,21,10,0,11,11,25,0.47619047619047616,11,14,7,8,10,0.2413793103448276,0.2857142857142857,0.38461538461538464
PXD048054,abstract_only,7,17,7,0,10,8,23,0.4117647058823529,10,15,4,4,5,0.14814814814814814,0.14814814814814814,0.19230769230769232
PXD048186,with_methods,25,26,22,3,4,28,28,0.7586206896551724,1,0,19,19,22,0.5135135135135135,0.5135135135135135,0.6470588235294118
PXD048450,with_methods,11,18,11,0,7,13,28,0.6111111111111112,7,15,9,9,11,0.28125,0.28125,0.36666666666666664
PXD048534,abstract_only,10,29,10,0,19,11,33,0.3448275862068966,19,22,6,6,7,0.15789473684210525,0.15789473684210525,0.1891891891891892
PXD048623,abstract_only,3,18,3,0,15,3,22,0.16666666666666666,15,19,1,1,1,0.041666666666666664,0.041666666666666664,0.041666666666666664
PXD048718,abstract_only,1,26,1,0,25,1,33,0.038461538461538464,25,32,0,0,0,0.0,0.0,0.0
PXD048866,abstract_only,10,27,10,0,17,11,30,0.37037037037037035,17,19,5,6,7,0.1388888888888889,0.17142857142857143,0.20588235294117646
PXD048968,with_methods,24,23,23,1,0,35,32,0.9583333333333334,-1,-3,22,22,23,0.4888888888888889,0.4888888888888889,0.5227272727272727
PXD049091,abstract_only,7,13,6,1,7,7,15,0.42857142857142855,6,8,3,3,5,0.15789473684210525,0.15789473684210525,0.29411764705882354
PXD049295,abstract_only,6,19,5,1,14,6,22,0.25,13,16,3,3,4,0.12,0.12,0.16666666666666666
PXD049427,abstract_only,6,18,6,0,12,6,22,0.3333333333333333,12,16,5,5,5,0.21739130434782608,0.21739130434782608,0.21739130434782608
PXD049998,with_methods,20,23,18,2,5,23,26,0.72,3,3,14,14,15,0.4,0.4,0.4411764705882353
PXD050135,with_methods,23,21,19,4,2,29,27,0.76,-2,-2,19,19,20,0.5135135135135135,0.5135135135135135,0.5555555555555556
PXD050300,abstract_only,6,21,6,0,15,10,24,0.2857142857142857,15,14,3,3,4,0.0967741935483871,0.0967741935483871,0.13333333333333333
PXD050445,abstract_only,9,26,9,0,17,9,39,0.34615384615384615,17,30,9,9,9,0.23076923076923078,0.23076923076923078,0.23076923076923078
PXD050565,abstract_only,12,24,12,0,12,16,30,0.5,12,14,10,10,12,0.2777777777777778,0.2777777777777778,0.35294117647058826
PXD050727,abstract_only,2,21,2,0,19,2,27,0.09523809523809523,19,25,2,2,2,0.07407407407407407,0.07407407407407407,0.07407407407407407
PXD050892,abstract_only,8,21,8,0,13,8,24,0.38095238095238093,13,16,3,4,6,0.10344827586206896,0.14285714285714285,0.23076923076923078
PXD050986,abstract_only,15,20,8,7,12,15,32,0.2962962962962963,5,17,4,4,4,0.09302325581395349,0.09302325581395349,0.09302325581395349
PXD051072,abstract_only,10,17,10,0,7,10,25,0.5882352941176471,7,15,6,7,8,0.20689655172413793,0.25,0.2962962962962963
PXD051197,abstract_only,9,18,9,0,9,10,23,0.5,9,13,3,4,6,0.1,0.13793103448275862,0.2222222222222222
PXD051415,abstract_only,2,15,2,0,13,2,21,0.13333333333333333,13,19,0,0,1,0.0,0.0,0.045454545454545456
PXD051677,with_methods,26,28,24,2,4,29,42,0.8,2,13,17,17,21,0.3148148148148148,0.3148148148148148,0.42
PXD051723,with_methods,25,27,25,0,2,63,59,0.9259259259259259,2,-4,49,50,50,0.6712328767123288,0.6944444444444444,0.6944444444444444
PXD051859,abstract_only,9,23,8,1,15,11,28,0.3333333333333333,14,17,7,7,7,0.21875,0.21875,0.21875
PXD051985,abstract_only,8,19,8,0,11,13,23,0.42105263157894735,11,10,7,7,7,0.2413793103448276,0.2413793103448276,0.2413793103448276
PXD052184,abstract_only,5,20,5,0,15,5,25,0.25,15,20,3,3,4,0.1111111111111111,0.1111111111111111,0.15384615384615385
PXD052324,abstract_only,8,22,8,0,14,8,23,0.36363636363636365,14,15,6,6,6,0.24,0.24,0.24
PXD052726,with_methods,25,23,21,4,2,31,28,0.7777777777777778,-2,-3,20,20,21,0.5128205128205128,0.5128205128205128,0.5526315789473685
PXD052868,abstract_only,7,18,7,0,11,8,21,0.3888888888888889,11,13,6,6,7,0.2608695652173913,0.2608695652173913,0.3181818181818182
PXD053105,abstract_only,10,23,8,2,15,10,31,0.32,13,21,7,8,8,0.20588235294117646,0.24242424242424243,0.24242424242424243
PXD053290,abstract_only,5,16,4,1,12,5,17,0.23529411764705882,11,12,2,2,3,0.1,0.1,0.15789473684210525
PXD053474,abstract_only,10,18,10,0,8,12,31,0.5555555555555556,8,19,11,11,11,0.34375,0.34375,0.34375
PXD053677,abstract_only,14,26,14,0,12,14,34,0.5384615384615384,12,20,5,5,9,0.11627906976744186,0.11627906976744186,0.23076923076923078
PXD053882,abstract_only,4,16,4,0,12,7,20,0.25,12,13,1,2,2,0.038461538461538464,0.08,0.08
PXD054033,abstract_only,1,13,1,0,12,1,14,0.07692307692307693,12,13,0,0,0,0.0,0.0,0.0
PXD054183,abstract_only,2,16,2,0,14,2,26,0.125,14,24,1,1,2,0.037037037037037035,0.037037037037037035,0.07692307692307693
PXD054304,abstract_only,8,28,7,1,21,10,40,0.2413793103448276,20,30,5,5,5,0.1111111111111111,0.1111111111111111,0.1111111111111111
PXD054428,abstract_only,11,24,10,1,14,11,34,0.4,13,23,9,9,10,0.25,0.25,0.2857142857142857
PXD054678,abstract_only,9,13,7,2,6,9,19,0.4666666666666667,4,10,3,3,5,0.12,0.12,0.21739130434782608
PXD054861,abstract_only,11,20,10,1,10,11,25,0.47619047619047616,9,14,7,7,10,0.2413793103448276,0.2413793103448276,0.38461538461538464
PXD055227,abstract_only,1,22,1,0,21,1,26,0.045454545454545456,21,25,0,0,0,0.0,0.0,0.0
PXD055535,abstract_only,10,21,9,1,12,10,25,0.4090909090909091,11,15,6,6,7,0.20689655172413793,0.20689655172413793,0.25
PXD055766,abstract_only,8,26,6,2,20,9,31,0.21428571428571427,18,22,4,4,4,0.1111111111111111,0.1111111111111111,0.1111111111111111
PXD055950,with_methods,23,24,21,2,3,32,46,0.8076923076923077,1,14,23,23,24,0.41818181818181815,0.41818181818181815,0.4444444444444444
PXD056059,abstract_only,2,14,2,0,12,2,19,0.14285714285714285,12,17,2,2,2,0.10526315789473684,0.10526315789473684,0.10526315789473684
PXD056095,abstract_only,2,16,2,0,14,2,25,0.125,14,23,0,0,1,0.0,0.0,0.038461538461538464
PXD056164,abstract_only,2,20,1,1,19,2,32,0.047619047619047616,18,30,1,1,1,0.030303030303030304,0.030303030303030304,0.030303030303030304
PXD056192,abstract_only,5,16,2,3,14,5,27,0.10526315789473684,11,22,0,0,0,0.0,0.0,0.0
PXD056251,with_methods,11,21,11,0,10,11,28,0.5238095238095238,10,17,6,7,8,0.18181818181818182,0.21875,0.25806451612903225
PXD056345,with_methods,16,22,15,1,7,18,24,0.6521739130434783,6,6,14,14,15,0.5,0.5,0.5555555555555556
PXD056469,abstract_only,10,19,10,0,9,12,20,0.5263157894736842,9,8,6,6,7,0.23076923076923078,0.23076923076923078,0.28
PXD056541,abstract_only,2,21,1,1,20,2,29,0.045454545454545456,19,27,1,1,1,0.03333333333333333,0.03333333333333333,0.03333333333333333
PXD056703,abstract_only,10,18,8,2,10,13,18,0.4,8,5,6,6,7,0.24,0.24,0.2916666666666667
PXD056894,with_methods,21,20,20,1,0,27,34,0.9523809523809523,-1,7,20,21,23,0.4878048780487805,0.525,0.6052631578947368
PXD057003,with_methods,13,23,13,0,10,13,30,0.5652173913043478,10,17,9,10,10,0.2647058823529412,0.30303030303030304,0.30303030303030304
PXD057096,with_methods,25,18,18,7,0,28,21,0.72,-7,-7,16,16,16,0.48484848484848486,0.48484848484848486,0.48484848484848486
PXD057205,with_methods,25,24,24,1,0,35,41,0.96,-1,6,25,25,32,0.49019607843137253,0.49019607843137253,0.7272727272727273
PXD057360,abstract_only,5,18,5,0,13,5,27,0.2777777777777778,13,22,4,4,4,0.14285714285714285,0.14285714285714285,0.14285714285714285
PXD057456,abstract_only,3,13,2,1,11,4,14,0.14285714285714285,10,10,2,2,2,0.125,0.125,0.125
PXD057599,abstract_only,3,14,3,0,11,3,14,0.21428571428571427,11,11,3,3,3,0.21428571428571427,0.21428571428571427,0.21428571428571427
PXD057692,abstract_only,10,14,10,0,4,13,18,0.7142857142857143,4,5,8,8,9,0.34782608695652173,0.34782608695652173,0.4090909090909091
PXD057800,with_methods,29,27,24,5,3,36,31,0.75,-2,-5,15,15,20,0.28846153846153844,0.28846153846153844,0.425531914893617
PXD057905,with_methods,24,19,19,5,0,30,28,0.7916666666666666,-5,-2,19,19,21,0.48717948717948717,0.48717948717948717,0.5675675675675675
PXD058040,with_methods,33,28,28,5,0,62,61,0.8484848484848485,-5,-1,38,38,45,0.4470588235294118,0.4470588235294118,0.5769230769230769
PXD058191,abstract_only,6,12,5,1,7,6,18,0.38461538461538464,6,12,2,2,3,0.09090909090909091,0.09090909090909091,0.14285714285714285
PXD058318,abstract_only,11,25,11,0,14,11,32,0.44,14,21,7,7,8,0.19444444444444445,0.19444444444444445,0.22857142857142856
PXD058412,abstract_only,1,21,1,0,20,1,33,0.047619047619047616,20,32,0,0,1,0.0,0.0,0.030303030303030304
PXD058514,abstract_only,0,19,0,0,19,0,22,0.0,19,22,0,0,0,0.0,0.0,0.0
PXD058574,abstract_only,0,13,0,0,13,0,23,0.0,13,23,0,0,0,0.0,0.0,0.0
PXD058659,abstract_only,6,17,6,0,11,6,25,0.35294117647058826,11,19,4,4,5,0.14814814814814814,0.14814814814814814,0.19230769230769232
PXD058727,abstract_only,1,23,1,0,22,1,26,0.043478260869565216,22,25,0,0,1,0.0,0.0,0.038461538461538464
PXD058816,abstract_only,5,18,5,0,13,5,21,0.2777777777777778,13,16,3,3,4,0.13043478260869565,0.13043478260869565,0.18181818181818182
PXD058918,abstract_only,16,26,16,0,10,19,49,0.6153846153846154,10,30,12,12,14,0.21428571428571427,0.21428571428571427,0.25925925925925924
PXD059054,with_methods,12,16,8,4,8,12,22,0.4,4,10,5,5,7,0.1724137931034483,0.1724137931034483,0.25925925925925924
PXD059345,with_methods,21,22,20,1,2,29,25,0.8695652173913043,1,-4,17,17,19,0.4594594594594595,0.4594594594594595,0.5428571428571428
PXD059474,abstract_only,10,16,10,0,6,12,25,0.625,6,13,9,9,12,0.32142857142857145,0.32142857142857145,0.48
PXD059593,with_methods,24,25,24,0,1,29,29,0.96,1,0,23,24,25,0.6571428571428571,0.7058823529411765,0.7575757575757576
PXD059716,with_methods,20,28,20,0,8,32,45,0.7142857142857143,8,13,22,23,27,0.4,0.42592592592592593,0.54
PXD059892,with_methods,21,22,18,3,4,36,41,0.72,1,5,26,26,29,0.5098039215686274,0.5098039215686274,0.6041666666666666
PXD059977,abstract_only,9,24,9,0,15,10,30,0.375,15,20,6,6,9,0.17647058823529413,0.17647058823529413,0.2903225806451613
PXD060047,abstract_only,1,18,1,0,17,1,22,0.05555555555555555,17,21,0,0,1,0.0,0.0,0.045454545454545456
PXD060261,abstract_only,0,21,0,0,21,0,30,0.0,21,30,0,0,0,0.0,0.0,0.0
PXD060340,with_methods,15,21,13,2,8,18,38,0.5652173913043478,6,20,11,11,11,0.24444444444444444,0.24444444444444444,0.24444444444444444
PXD060519,abstract_only,0,23,0,0,23,0,26,0.0,23,26,0,0,0,0.0,0.0,0.0
PXD060714,abstract_only,12,23,12,0,11,13,36,0.5217391304347826,11,23,9,9,11,0.225,0.225,0.2894736842105263
PXD060808,with_methods,14,16,14,0,2,16,18,0.875,2,2,10,11,12,0.4166666666666667,0.4782608695652174,0.5454545454545454
PXD060875,with_methods,20,23,20,0,3,21,30,0.8695652173913043,3,9,17,17,18,0.5,0.5,0.5454545454545454
PXD060935,abstract_only,8,24,7,1,17,9,28,0.28,16,19,3,4,6,0.08823529411764706,0.12121212121212122,0.1935483870967742
PXD061015,with_methods,29,29,25,4,4,44,47,0.7575757575757576,0,3,29,29,33,0.46774193548387094,0.46774193548387094,0.5689655172413793
PXD061097,abstract_only,15,27,15,0,12,16,31,0.5555555555555556,12,15,6,6,11,0.14634146341463414,0.14634146341463414,0.3055555555555556
PXD061183,abstract_only,9,24,9,0,15,12,35,0.375,15,23,8,8,10,0.20512820512820512,0.20512820512820512,0.2702702702702703
PXD061302,with_methods,25,24,24,1,0,43,40,0.96,-1,-3,26,27,33,0.45614035087719296,0.48214285714285715,0.66
PXD061454,with_methods,19,24,19,0,5,20,31,0.7916666666666666,5,11,17,18,19,0.5,0.5454545454545454,0.59375
PXD061586,abstract_only,6,21,6,0,15,7,34,0.2857142857142857,15,27,4,4,4,0.10810810810810811,0.10810810810810811,0.10810810810810811
PXD061638,abstract_only,13,19,13,0,6,13,24,0.6842105263157895,6,11,5,5,8,0.15625,0.15625,0.27586206896551724
PXD061756,abstract_only,8,27,8,0,19,8,40,0.2962962962962963,19,32,7,7,7,0.17073170731707318,0.17073170731707318,0.17073170731707318
PXD061848,abstract_only,6,20,6,0,14,7,30,0.3,14,23,5,5,5,0.15625,0.15625,0.15625
PXD061879,abstract_only,2,14,2,0,12,2,20,0.14285714285714285,12,18,0,0,0,0.0,0.0,0.0
PXD062108,with_methods,27,27,26,1,1,36,37,0.9285714285714286,0,1,24,24,26,0.4897959183673469,0.4897959183673469,0.5531914893617021
PXD062318,with_methods,15,31,15,0,16,19,44,0.4838709677419355,16,25,14,14,16,0.2857142857142857,0.2857142857142857,0.3404255319148936
PXD062419,abstract_only,10,17,10,0,7,11,21,0.5882352941176471,7,10,5,5,10,0.18518518518518517,0.18518518518518517,0.45454545454545453
PXD062511,abstract_only,19,24,18,1,6,19,38,0.72,5,19,17,18,18,0.425,0.46153846153846156,0.46153846153846156
PXD062723,abstract_only,9,27,9,0,18,13,34,0.3333333333333333,18,21,3,3,5,0.06818181818181818,0.06818181818181818,0.11904761904761904
PXD062818,abstract_only,3,19,2,1,17,3,23,0.1,16,20,2,2,2,0.08333333333333333,0.08333333333333333,0.08333333333333333
PXD062962,abstract_only,7,17,6,1,11,9,19,0.3333333333333333,10,10,4,4,5,0.16666666666666666,0.16666666666666666,0.21739130434782608
PXD063082,with_methods,24,27,24,0,3,39,48,0.8888888888888888,3,9,19,19,29,0.27941176470588236,0.27941176470588236,0.5
PXD063372,abstract_only,8,22,8,0,14,8,29,0.36363636363636365,14,21,5,5,7,0.15625,0.15625,0.23333333333333334
PXD063521,abstract_only,7,25,7,0,18,7,30,0.28,18,23,5,5,6,0.15625,0.15625,0.1935483870967742
PXD063628,abstract_only,9,21,8,1,13,9,21,0.36363636363636365,12,12,4,4,7,0.15384615384615385,0.15384615384615385,0.30434782608695654
PXD063836,abstract_only,7,23,6,1,17,8,25,0.25,16,17,4,4,4,0.13793103448275862,0.13793103448275862,0.13793103448275862
PXD063969,with_methods,29,24,24,5,0,35,37,0.8275862068965517,-5,2,21,21,27,0.4117647058823529,0.4117647058823529,0.6
PXD064064,with_methods,29,26,26,3,0,33,39,0.896551724137931,-3,6,23,23,26,0.46938775510204084,0.46938775510204084,0.5652173913043478
PXD064199,with_methods,24,19,18,6,1,34,23,0.72,-5,-11,16,16,18,0.3902439024390244,0.3902439024390244,0.46153846153846156
PXD064439,abstract_only,10,23,10,0,13,12,24,0.43478260869565216,13,12,10,10,11,0.38461538461538464,0.38461538461538464,0.44
PXD064568,abstract_only,7,23,7,0,16,7,29,0.30434782608695654,16,22,4,4,5,0.125,0.125,0.16129032258064516
PXD064784,with_methods,29,22,22,7,0,30,25,0.7586206896551724,-7,-5,17,17,18,0.4473684210526316,0.4473684210526316,0.4864864864864865
PXD064871,abstract_only,11,22,10,1,12,11,28,0.43478260869565216,11,17,7,7,8,0.21875,0.21875,0.25806451612903225
PXD065200,abstract_only,4,12,4,0,8,4,20,0.3333333333333333,8,16,3,3,3,0.14285714285714285,0.14285714285714285,0.14285714285714285
PXD065493,abstract_only,7,15,7,0,8,7,27,0.4666666666666667,8,20,5,5,5,0.1724137931034483,0.1724137931034483,0.1724137931034483
PXD065854,abstract_only,10,21,10,0,11,11,24,0.47619047619047616,11,13,7,7,11,0.25,0.25,0.4583333333333333
PXD066029,abstract_only,7,17,7,0,10,7,21,0.4117647058823529,10,14,5,5,6,0.21739130434782608,0.21739130434782608,0.2727272727272727
PXD066251,abstract_only,2,21,2,0,19,2,25,0.09523809523809523,19,23,1,1,1,0.038461538461538464,0.038461538461538464,0.038461538461538464
PXD066679,abstract_only,7,20,7,0,13,7,26,0.35,13,19,5,5,5,0.17857142857142858,0.17857142857142858,0.17857142857142858
PXD067064,with_methods,19,25,18,1,7,34,37,0.6923076923076923,6,3,18,18,20,0.33962264150943394,0.33962264150943394,0.39215686274509803
PXD067213,abstract_only,12,26,11,1,15,12,35,0.4074074074074074,14,23,7,7,9,0.175,0.175,0.23684210526315788
PXD067538,abstract_only,1,18,1,0,17,1,24,0.05555555555555555,17,23,0,0,1,0.0,0.0,0.041666666666666664
PXD067890,with_methods,24,27,24,0,3,26,29,0.8888888888888888,3,3,15,15,20,0.375,0.375,0.5714285714285714
PXD068127,abstract_only,16,25,15,1,10,16,30,0.5769230769230769,9,14,10,10,13,0.2777777777777778,0.2777777777777778,0.3939393939393939
PXD068442,abstract_only,10,18,6,4,12,11,24,0.2727272727272727,8,13,3,3,3,0.09375,0.09375,0.09375
PXD068675,abstract_only,8,20,5,3,15,9,34,0.21739130434782608,12,25,1,1,2,0.023809523809523808,0.023809523809523808,0.04878048780487805
PXD069095,abstract_only,6,21,6,0,15,6,35,0.2857142857142857,15,29,3,3,4,0.07894736842105263,0.07894736842105263,0.10810810810810811
PXD069666,abstract_only,10,17,10,0,7,10,18,0.5882352941176471,7,8,6,6,8,0.2727272727272727,0.2727272727272727,0.4
PXD070491,abstract_only,11,28,11,0,17,13,34,0.39285714285714285,17,21,8,8,10,0.20512820512820512,0.20512820512820512,0.2702702702702703
PXD000228,abstract_only,10,14,10,0,4,10,19,0.7142857142857143,4,9,6,6,8,0.2608695652173913,0.2608695652173913,0.38095238095238093
PXD000605,with_methods,24,26,24,0,2,27,29,0.9230769230769231,2,2,21,21,24,0.6,0.6,0.75
PXD001249,abstract_only,5,16,5,0,11,5,18,0.3125,11,13,5,5,5,0.2777777777777778,0.2777777777777778,0.2777777777777778
PXD001415,abstract_only,11,24,10,1,14,12,30,0.4,13,18,6,6,8,0.16666666666666666,0.16666666666666666,0.23529411764705882
PXD001423,abstract_only,9,26,9,0,17,9,34,0.34615384615384615,17,25,5,5,7,0.13157894736842105,0.13157894736842105,0.19444444444444445
PXD001725,with_methods,27,29,26,1,3,27,30,0.8666666666666667,2,3,19,20,21,0.5,0.5405405405405406,0.5833333333333334
PXD002097,with_methods,25,25,23,2,2,28,35,0.8518518518518519,0,7,20,20,22,0.46511627906976744,0.46511627906976744,0.5365853658536586
PXD002591,abstract_only,12,18,11,1,7,12,28,0.5789473684210527,6,16,7,7,9,0.21212121212121213,0.21212121212121213,0.2903225806451613
PXD002960,with_methods,12,16,11,1,5,15,18,0.6470588235294118,4,3,10,10,11,0.43478260869565216,0.43478260869565216,0.5
PXD003215,with_methods,19,21,18,1,3,25,28,0.8181818181818182,2,3,10,10,15,0.23255813953488372,0.23255813953488372,0.39473684210526316
PXD003346,abstract_only,6,19,4,2,15,8,30,0.19047619047619047,13,22,4,4,5,0.11764705882352941,0.11764705882352941,0.15151515151515152
PXD003412,abstract_only,13,27,12,1,15,17,36,0.42857142857142855,14,19,10,10,11,0.23255813953488372,0.23255813953488372,0.2619047619047619
PXD003533,with_methods,20,19,17,3,2,38,27,0.7727272727272727,-1,-11,14,14,15,0.27450980392156865,0.27450980392156865,0.3
PXD003963,abstract_only,10,26,10,0,16,12,30,0.38461538461538464,16,18,7,7,9,0.2,0.2,0.2727272727272727
PXD004143,with_methods,24,28,22,2,6,34,43,0.7333333333333333,4,9,22,22,27,0.4,0.4,0.54
PXD004443,with_methods,28,25,25,3,0,34,32,0.8928571428571429,-3,-2,21,21,26,0.4666666666666667,0.4666666666666667,0.65
PXD004764,abstract_only,9,24,9,0,15,10,27,0.375,15,17,8,9,10,0.27586206896551724,0.32142857142857145,0.37037037037037035
PXD005190,with_methods,11,21,11,0,10,13,30,0.5238095238095238,10,17,12,12,13,0.3870967741935484,0.3870967741935484,0.43333333333333335
PXD005436,abstract_only,11,24,10,1,14,12,29,0.4,13,17,6,6,7,0.17142857142857143,0.17142857142857143,0.20588235294117646
PXD005693,with_methods,23,22,21,2,1,32,31,0.875,-1,-1,25,26,27,0.6578947368421053,0.7027027027027027,0.75
PXD005945,abstract_only,7,23,7,0,16,7,39,0.30434782608695654,16,32,4,4,5,0.09523809523809523,0.09523809523809523,0.12195121951219512
PXD006233,with_methods,24,26,24,0,2,32,37,0.9230769230769231,2,5,19,20,26,0.38,0.40816326530612246,0.6046511627906976
PXD006401,with_methods,23,25,22,1,3,29,33,0.8461538461538461,2,4,22,22,25,0.55,0.55,0.6756756756756757
PXD006517,abstract_only,10,8,7,3,1,15,12,0.6363636363636364,-2,-3,6,6,7,0.2857142857142857,0.2857142857142857,0.35
PXD006581,with_methods,17,22,17,0,5,19,25,0.7727272727272727,5,6,12,12,16,0.375,0.375,0.5714285714285714
PXD006723,abstract_only,11,18,8,3,10,14,22,0.38095238095238093,7,8,3,3,4,0.09090909090909091,0.09090909090909091,0.125
PXD006833,abstract_only,10,15,8,2,7,10,20,0.47058823529411764,5,10,7,7,8,0.30434782608695654,0.30434782608695654,0.36363636363636365
PXD007081,with_methods,22,21,20,2,1,23,27,0.8695652173913043,-1,4,15,15,17,0.42857142857142855,0.42857142857142855,0.5151515151515151
PXD007231,with_methods,23,24,22,1,2,30,34,0.88,1,4,17,18,21,0.3617021276595745,0.391304347826087,0.4883720930232558
PXD007580,abstract_only,7,21,7,0,14,8,22,0.3333333333333333,14,14,6,6,6,0.25,0.25,0.25
PXD007679,abstract_only,11,20,11,0,9,11,25,0.55,9,14,3,3,6,0.09090909090909091,0.09090909090909091,0.2
PXD007750,with_methods,24,28,24,0,4,28,32,0.8571428571428571,4,4,22,22,26,0.5789473684210527,0.5789473684210527,0.7647058823529411
PXD007896,abstract_only,11,21,11,0,10,14,25,0.5238095238095238,10,11,12,12,13,0.4444444444444444,0.4444444444444444,0.5
PXD008012,with_methods,29,28,26,3,2,58,42,0.8387096774193549,-1,-16,28,28,35,0.3888888888888889,0.3888888888888889,0.5384615384615384
PXD008130,abstract_only,9,27,8,1,19,9,30,0.2857142857142857,18,21,6,6,7,0.18181818181818182,0.18181818181818182,0.21875
PXD008252,with_methods,23,22,21,2,1,26,25,0.875,-1,-1,15,15,20,0.4166666666666667,0.4166666666666667,0.6451612903225806
PXD008443,abstract_only,6,15,6,0,9,6,23,0.4,9,17,5,5,5,0.20833333333333334,0.20833333333333334,0.20833333333333334
PXD008525,abstract_only,6,25,6,0,19,6,32,0.24,19,26,3,3,5,0.08571428571428572,0.08571428571428572,0.15151515151515152
PXD008691,abstract_only,8,21,8,0,13,10,35,0.38095238095238093,13,25,5,5,8,0.125,0.125,0.21621621621621623
PXD008855,abstract_only,2,13,2,0,11,2,21,0.15384615384615385,11,19,1,1,1,0.045454545454545456,0.045454545454545456,0.045454545454545456
PXD008939,abstract_only,12,15,11,1,4,12,18,0.6875,3,6,7,7,10,0.30434782608695654,0.30434782608695654,0.5
PXD009029,with_methods,18,22,17,1,5,21,25,0.7391304347826086,4,4,9,9,12,0.24324324324324326,0.24324324324324326,0.35294117647058826
PXD009142,with_methods,28,29,28,0,1,35,45,0.9655172413793104,1,10,20,20,27,0.3333333333333333,0.3333333333333333,0.5094339622641509
PXD009197,abstract_only,7,27,6,1,21,8,31,0.21428571428571427,20,23,3,3,5,0.08333333333333333,0.08333333333333333,0.14705882352941177
PXD009267,abstract_only,8,17,6,2,11,10,22,0.3157894736842105,9,12,2,2,4,0.06666666666666667,0.06666666666666667,0.14285714285714285
PXD009321,with_methods,26,22,21,5,1,34,30,0.7777777777777778,-4,-4,17,17,20,0.3617021276595745,0.3617021276595745,0.45454545454545453
PXD009374,with_methods,28,30,27,1,3,47,35,0.8709677419354839,2,-12,18,18,26,0.28125,0.28125,0.4642857142857143
PXD009476,with_methods,27,26,25,2,1,49,41,0.8928571428571429,-1,-8,23,23,31,0.34328358208955223,0.34328358208955223,0.5254237288135594
PXD009560,abstract_only,12,22,11,1,11,14,28,0.4782608695652174,10,14,5,5,9,0.13513513513513514,0.13513513513513514,0.2727272727272727
PXD009603,with_methods,12,18,12,0,6,14,29,0.6666666666666666,6,15,7,7,8,0.19444444444444445,0.19444444444444445,0.22857142857142856
PXD009737,abstract_only,12,20,11,1,9,14,21,0.5238095238095238,8,7,7,7,10,0.25,0.25,0.4
PXD009801,abstract_only,11,26,10,1,16,12,43,0.37037037037037035,15,31,8,8,10,0.1702127659574468,0.1702127659574468,0.2222222222222222
PXD009880,abstract_only,9,20,9,0,11,9,23,0.45,11,14,3,3,6,0.10344827586206896,0.10344827586206896,0.23076923076923078
PXD009931,abstract_only,10,21,10,0,11,11,27,0.47619047619047616,11,16,8,9,10,0.26666666666666666,0.3103448275862069,0.35714285714285715
PXD010061,abstract_only,2,18,2,0,16,2,26,0.1111111111111111,16,24,0,0,0,0.0,0.0,0.0
PXD010132,abstract_only,2,15,2,0,13,2,17,0.13333333333333333,13,15,1,1,2,0.05555555555555555,0.05555555555555555,0.11764705882352941
PXD010223,with_methods,16,16,14,2,2,18,16,0.7777777777777778,0,-2,10,11,11,0.4166666666666667,0.4782608695652174,0.4782608695652174
PXD010393,with_methods,23,24,22,1,2,33,38,0.88,1,5,26,26,29,0.5777777777777777,0.5777777777777777,0.6904761904761905
PXD010538,with_methods,15,22,14,1,8,27,39,0.6086956521739131,7,12,14,14,18,0.2692307692307692,0.2692307692307692,0.375
PXD010708,abstract_only,10,25,10,0,15,14,32,0.4,15,18,9,9,9,0.24324324324324326,0.24324324324324326,0.24324324324324326
PXD011000,abstract_only,13,24,13,0,11,14,28,0.5416666666666666,11,14,8,8,9,0.23529411764705882,0.23529411764705882,0.2727272727272727
PXD011175,with_methods,21,19,19,2,0,28,24,0.9047619047619048,-2,-4,13,13,17,0.3333333333333333,0.3333333333333333,0.4857142857142857
PXD011456,with_methods,8,23,7,1,16,8,25,0.2916666666666667,15,17,4,4,6,0.13793103448275862,0.13793103448275862,0.2222222222222222
PXD012755,with_methods,13,11,8,5,3,17,13,0.5,-2,-4,5,5,5,0.2,0.2,0.2
PXD017799,with_methods,22,23,20,2,3,23,29,0.8,1,6,14,14,17,0.3684210526315789,0.3684210526315789,0.4857142857142857
PXD021106,with_methods,25,19,18,7,1,25,19,0.6923076923076923,-6,-6,13,13,17,0.41935483870967744,0.41935483870967744,0.6296296296296297
PXD030990,with_methods,26,26,26,0,0,29,28,1.0,0,-1,22,22,25,0.6285714285714286,0.6285714285714286,0.78125
PXD046331,with_methods,18,25,18,0,7,19,31,0.72,7,12,15,16,16,0.42857142857142855,0.47058823529411764,0.47058823529411764
PXD046417,abstract_only,4,16,4,0,12,5,24,0.25,12,19,4,4,4,0.16,0.16,0.16
PXD046508,abstract_only,5,20,1,4,19,5,22,0.041666666666666664,15,17,1,1,1,0.038461538461538464,0.038461538461538464,0.038461538461538464
PXD046637,abstract_only,9,20,8,1,12,9,31,0.38095238095238093,11,22,5,6,8,0.14285714285714285,0.17647058823529413,0.25
PXD046734,abstract_only,8,26,8,0,18,9,39,0.3076923076923077,18,30,6,7,8,0.14285714285714285,0.17073170731707318,0.2
PXD046793,abstract_only,8,16,8,0,8,8,21,0.5,8,13,4,4,7,0.16,0.16,0.3181818181818182
PXD046871,with_methods,28,28,26,2,2,36,43,0.8666666666666667,0,7,21,21,27,0.3620689655172414,0.3620689655172414,0.5192307692307693
PXD047009,abstract_only,5,20,4,1,16,8,24,0.19047619047619047,15,16,5,5,5,0.18518518518518517,0.18518518518518517,0.18518518518518517
PXD047066,with_methods,24,24,21,3,3,42,26,0.7777777777777778,0,-16,20,20,22,0.4166666666666667,0.4166666666666667,0.4782608695652174
PXD047169,with_methods,25,24,18,7,6,39,37,0.5806451612903226,-1,-2,17,17,20,0.288135593220339,0.288135593220339,0.35714285714285715
PXD047313,with_methods,24,27,24,0,3,28,31,0.8888888888888888,3,3,19,19,21,0.475,0.475,0.5526315789473685
PXD047435,abstract_only,3,17,3,0,14,3,17,0.17647058823529413,14,14,1,1,2,0.05263157894736842,0.05263157894736842,0.1111111111111111
PXD047573,abstract_only,4,20,2,2,18,4,28,0.09090909090909091,16,24,2,2,2,0.06666666666666667,0.06666666666666667,0.06666666666666667
PXD047758,with_methods,16,18,15,1,3,19,25,0.7894736842105263,2,6,15,15,15,0.5172413793103449,0.5172413793103449,0.5172413793103449
PXD047878,with_methods,20,30,16,4,14,48,39,0.47058823529411764,10,-9,13,13,14,0.17567567567567569,0.17567567567567569,0.1917808219178082
PXD047979,with_methods,27,26,24,3,2,39,38,0.8275862068965517,-1,-1,21,21,24,0.375,0.375,0.4528301886792453
PXD048082,with_methods,21,23,21,0,2,22,32,0.9130434782608695,2,10,15,15,18,0.38461538461538464,0.38461538461538464,0.5
PXD048225,abstract_only,12,13,7,5,6,26,25,0.3888888888888889,1,-1,12,12,12,0.3076923076923077,0.3076923076923077,0.3076923076923077
PXD048460,abstract_only,3,19,3,0,16,3,27,0.15789473684210525,16,24,1,1,2,0.034482758620689655,0.034482758620689655,0.07142857142857142
PXD048538,with_methods,21,26,21,0,5,44,58,0.8076923076923077,5,14,38,38,41,0.59375,0.59375,0.6721311475409836
PXD048637,abstract_only,0,20,0,0,20,0,34,0.0,20,34,0,0,0,0.0,0.0,0.0
PXD048734,abstract_only,6,12,4,2,8,13,21,0.2857142857142857,6,8,10,10,10,0.4166666666666667,0.4166666666666667,0.4166666666666667
PXD048880,with_methods,32,26,26,6,0,39,32,0.8125,-6,-7,22,22,25,0.4489795918367347,0.4489795918367347,0.5434782608695652
PXD048975,abstract_only,2,22,2,0,20,2,27,0.09090909090909091,20,25,1,1,1,0.03571428571428571,0.03571428571428571,0.03571428571428571
PXD049116,abstract_only,7,22,7,0,15,8,38,0.3181818181818182,15,30,4,4,7,0.09523809523809523,0.09523809523809523,0.1794871794871795
PXD049299,abstract_only,9,28,9,0,19,9,35,0.32142857142857145,19,26,7,7,8,0.1891891891891892,0.1891891891891892,0.2222222222222222
PXD049681,abstract_only,4,17,4,0,13,5,22,0.23529411764705882,13,17,3,3,5,0.125,0.125,0.22727272727272727
PXD050005,abstract_only,13,22,12,1,10,13,27,0.5217391304347826,9,14,8,8,8,0.25,0.25,0.25
PXD050141,abstract_only,6,19,5,1,14,6,25,0.25,13,19,4,4,4,0.14814814814814814,0.14814814814814814,0.14814814814814814
PXD050321,with_methods,29,27,25,4,2,34,36,0.8064516129032258,-2,2,21,21,27,0.42857142857142855,0.42857142857142855,0.627906976744186
PXD050453,abstract_only,9,21,8,1,13,9,38,0.36363636363636365,12,29,3,4,6,0.06818181818181818,0.09302325581395349,0.14634146341463414
PXD050580,with_methods,25,25,22,3,3,35,41,0.7857142857142857,0,6,17,18,21,0.288135593220339,0.3103448275862069,0.38181818181818183
PXD050738,abstract_only,11,22,11,0,11,11,26,0.5,11,15,7,7,8,0.23333333333333334,0.23333333333333334,0.27586206896551724
PXD050904,with_methods,21,22,21,0,1,40,43,0.9545454545454546,1,3,18,18,24,0.27692307692307694,0.27692307692307694,0.4067796610169492
PXD050990,abstract_only,3,22,3,0,19,3,27,0.13636363636363635,19,24,2,2,3,0.07142857142857142,0.07142857142857142,0.1111111111111111
PXD051088,abstract_only,10,21,7,3,14,15,24,0.2916666666666667,11,9,6,6,7,0.18181818181818182,0.18181818181818182,0.21875
PXD051204,abstract_only,7,17,5,2,12,8,19,0.2631578947368421,10,11,4,4,4,0.17391304347826086,0.17391304347826086,0.17391304347826086
PXD051418,with_methods,21,21,20,1,1,23,31,0.9090909090909091,0,8,15,15,19,0.38461538461538464,0.38461538461538464,0.5428571428571428
PXD051678,abstract_only,4,16,2,2,14,4,18,0.1111111111111111,12,14,1,1,1,0.047619047619047616,0.047619047619047616,0.047619047619047616
PXD051734,abstract_only,11,16,8,3,8,13,19,0.42105263157894735,5,6,7,7,9,0.28,0.28,0.391304347826087
PXD051876,abstract_only,2,18,2,0,16,2,29,0.1111111111111111,16,27,0,0,2,0.0,0.0,0.06896551724137931
PXD051995,abstract_only,1,18,1,0,17,1,18,0.05555555555555555,17,17,0,0,0,0.0,0.0,0.0
PXD052203,with_methods,27,28,27,0,1,34,51,0.9642857142857143,1,17,31,31,32,0.5740740740740741,0.5740740740740741,0.6037735849056604
PXD052414,abstract_only,12,19,10,2,9,13,22,0.47619047619047616,7,9,5,6,8,0.16666666666666666,0.20689655172413793,0.2962962962962963
PXD052745,abstract_only,11,21,11,0,10,11,32,0.5238095238095238,10,21,7,7,9,0.19444444444444445,0.19444444444444445,0.2647058823529412
PXD052904,abstract_only,8,18,7,1,11,9,20,0.3684210526315789,10,11,6,6,7,0.2608695652173913,0.2608695652173913,0.3181818181818182
PXD053138,with_methods,27,28,27,0,1,36,42,0.9642857142857143,1,6,30,31,33,0.625,0.6595744680851063,0.7333333333333333
PXD053300,abstract_only,5,21,5,0,16,5,27,0.23809523809523808,16,22,4,4,5,0.14285714285714285,0.14285714285714285,0.18518518518518517
PXD053500,abstract_only,0,25,0,0,25,0,27,0.0,25,27,0,0,0,0.0,0.0,0.0
PXD053783,abstract_only,10,20,10,0,10,11,24,0.5,10,13,8,9,9,0.2962962962962963,0.34615384615384615,0.34615384615384615
PXD053894,abstract_only,12,18,10,2,8,12,28,0.5,6,16,7,7,8,0.21212121212121213,0.21212121212121213,0.25
PXD054042,abstract_only,3,23,2,1,21,3,26,0.08333333333333333,20,23,2,2,2,0.07407407407407407,0.07407407407407407,0.07407407407407407
PXD054197,abstract_only,8,15,5,3,10,9,17,0.2777777777777778,7,8,3,3,4,0.13043478260869565,0.13043478260869565,0.18181818181818182
PXD054317,abstract_only,4,17,4,0,13,5,21,0.23529411764705882,13,16,2,2,3,0.08333333333333333,0.08333333333333333,0.13043478260869565
PXD054449,abstract_only,13,22,12,1,10,13,26,0.5217391304347826,9,13,10,10,11,0.3448275862068966,0.3448275862068966,0.39285714285714285
PXD054681,abstract_only,10,20,10,0,10,10,25,0.5,10,15,7,7,8,0.25,0.25,0.2962962962962963
PXD054972,abstract_only,3,17,2,1,15,3,22,0.1111111111111111,14,19,2,2,2,0.08695652173913043,0.08695652173913043,0.08695652173913043
PXD055242,abstract_only,12,22,12,0,10,13,27,0.5454545454545454,10,14,9,9,11,0.2903225806451613,0.2903225806451613,0.3793103448275862
PXD055566,abstract_only,7,15,7,0,8,7,19,0.4666666666666667,8,12,5,5,6,0.23809523809523808,0.23809523809523808,0.3
PXD055775,abstract_only,2,25,2,0,23,2,29,0.08,23,27,1,1,2,0.03333333333333333,0.03333333333333333,0.06896551724137931
PXD055956,abstract_only,3,13,2,1,11,3,15,0.14285714285714285,10,12,2,2,2,0.125,0.125,0.125
PXD056061,with_methods,27,23,23,4,0,34,28,0.8518518518518519,-4,-6,18,18,20,0.4090909090909091,0.4090909090909091,0.47619047619047616
PXD056096,abstract_only,10,17,10,0,7,10,22,0.5882352941176471,7,12,4,4,6,0.14285714285714285,0.14285714285714285,0.23076923076923078
PXD056168,with_methods,26,20,20,6,0,31,23,0.7692307692307693,-6,-8,13,13,17,0.3170731707317073,0.3170731707317073,0.4594594594594595
PXD056194,abstract_only,5,21,5,0,16,5,33,0.23809523809523808,16,28,3,3,4,0.08571428571428572,0.08571428571428572,0.11764705882352941
PXD056281,abstract_only,5,23,5,0,18,5,31,0.21739130434782608,18,26,2,3,3,0.058823529411764705,0.09090909090909091,0.09090909090909091
PXD056347,abstract_only,1,20,1,0,19,1,21,0.05,19,20,0,0,0,0.0,0.0,0.0
PXD056475,abstract_only,10,19,9,1,10,10,27,0.45,9,17,5,5,6,0.15625,0.15625,0.1935483870967742
PXD056559,abstract_only,5,14,4,1,10,6,20,0.26666666666666666,9,14,2,2,2,0.08333333333333333,0.08333333333333333,0.08333333333333333
PXD056736,with_methods,16,17,15,1,2,20,26,0.8333333333333334,1,6,15,15,18,0.4838709677419355,0.4838709677419355,0.6428571428571429
PXD056902,abstract_only,10,25,9,1,16,10,38,0.34615384615384615,15,28,4,4,6,0.09090909090909091,0.09090909090909091,0.14285714285714285
PXD057005,abstract_only,8,23,7,1,16,9,33,0.2916666666666667,15,24,4,4,5,0.10526315789473684,0.10526315789473684,0.13513513513513514
PXD057122,with_methods,24,26,23,1,3,25,38,0.8518518518518519,2,13,19,19,20,0.4318181818181818,0.4318181818181818,0.46511627906976744
PXD057208,abstract_only,9,17,8,1,9,9,23,0.4444444444444444,8,14,5,5,7,0.18518518518518517,0.18518518518518517,0.28
PXD057374,abstract_only,8,17,8,0,9,8,25,0.47058823529411764,9,17,5,5,7,0.17857142857142858,0.17857142857142858,0.2692307692307692
PXD057470,abstract_only,10,27,10,0,17,10,31,0.37037037037037035,17,21,9,9,9,0.28125,0.28125,0.28125
PXD057601,abstract_only,13,24,12,1,12,13,30,0.48,11,17,6,6,9,0.16216216216216217,0.16216216216216217,0.2647058823529412
PXD057703,abstract_only,3,22,3,0,19,3,34,0.13636363636363635,19,31,1,1,2,0.027777777777777776,0.027777777777777776,0.05714285714285714
PXD057813,abstract_only,7,18,7,0,11,7,20,0.3888888888888889,11,13,4,4,6,0.17391304347826086,0.17391304347826086,0.2857142857142857
PXD057932,abstract_only,7,17,7,0,10,8,18,0.4117647058823529,10,10,3,4,5,0.13043478260869565,0.18181818181818182,0.23809523809523808
PXD058049,with_methods,27,28,27,0,1,31,36,0.9642857142857143,1,5,27,28,31,0.675,0.717948717948718,0.8611111111111112
PXD058196,with_methods,23,25,22,1,3,28,30,0.8461538461538461,2,2,20,20,23,0.5263157894736842,0.5263157894736842,0.6571428571428571
PXD058320,abstract_only,12,23,12,0,11,12,27,0.5217391304347826,11,15,9,9,10,0.3,0.3,0.3448275862068966
PXD058418,abstract_only,1,23,1,0,22,1,29,0.043478260869565216,22,28,1,1,1,0.034482758620689655,0.034482758620689655,0.034482758620689655
PXD058523,abstract_only,8,17,7,1,10,10,18,0.3888888888888889,9,8,4,5,5,0.16666666666666666,0.21739130434782608,0.21739130434782608
PXD058579,abstract_only,8,29,7,1,22,8,35,0.23333333333333334,21,27,2,2,4,0.04878048780487805,0.04878048780487805,0.10256410256410256
PXD058661,with_methods,26,26,24,2,2,31,30,0.8571428571428571,0,-1,19,19,25,0.4523809523809524,0.4523809523809524,0.6944444444444444
PXD058744,with_methods,31,28,28,3,0,49,47,0.9032258064516129,-3,-2,34,35,38,0.5483870967741935,0.5737704918032787,0.6551724137931034
PXD058846,with_methods,23,28,22,1,6,34,47,0.7586206896551724,5,13,20,20,23,0.32786885245901637,0.32786885245901637,0.39655172413793105
PXD058948,with_methods,25,24,24,1,0,25,28,0.96,-1,3,22,22,23,0.7096774193548387,0.7096774193548387,0.7666666666666667
PXD059088,abstract_only,6,20,6,0,14,6,25,0.3,14,19,4,4,5,0.14814814814814814,0.14814814814814814,0.19230769230769232
PXD059356,with_methods,21,24,21,0,3,27,30,0.875,3,3,14,14,20,0.32558139534883723,0.32558139534883723,0.5405405405405406
PXD059513,with_methods,14,24,13,1,11,14,29,0.52,10,15,8,8,9,0.22857142857142856,0.22857142857142856,0.2647058823529412
PXD059597,with_methods,24,23,23,1,0,31,28,0.9583333333333334,-1,-3,20,20,23,0.5128205128205128,0.5128205128205128,0.6388888888888888
PXD059752,abstract_only,4,19,4,0,15,4,19,0.21052631578947367,15,15,3,3,4,0.15,0.15,0.21052631578947367
PXD059932,abstract_only,9,19,9,0,10,9,24,0.47368421052631576,10,15,6,6,8,0.2222222222222222,0.2222222222222222,0.32
PXD059985,abstract_only,12,19,9,3,10,12,24,0.4090909090909091,7,12,8,8,8,0.2857142857142857,0.2857142857142857,0.2857142857142857
PXD060057,abstract_only,12,24,11,1,13,13,34,0.44,12,21,5,5,7,0.11904761904761904,0.11904761904761904,0.175
PXD060280,abstract_only,5,19,5,0,14,12,25,0.2631578947368421,14,13,1,1,2,0.027777777777777776,0.027777777777777776,0.05714285714285714
PXD060357,with_methods,20,25,20,0,5,28,31,0.8,5,3,22,22,23,0.5945945945945946,0.5945945945945946,0.6388888888888888
PXD060570,abstract_only,1,17,1,0,16,1,20,0.058823529411764705,16,19,1,1,1,0.05,0.05,0.05
PXD060715,abstract_only,8,21,8,0,13,8,24,0.38095238095238093,13,16,4,4,5,0.14285714285714285,0.14285714285714285,0.18518518518518517
PXD060811,abstract_only,11,18,8,3,10,14,24,0.38095238095238093,7,10,7,7,8,0.22580645161290322,0.22580645161290322,0.26666666666666666
PXD060878,with_methods,27,27,26,1,1,34,32,0.9285714285714286,0,-2,22,22,23,0.5,0.5,0.5348837209302325
PXD060937,with_methods,26,26,26,0,0,34,40,1.0,0,6,28,28,31,0.6086956521739131,0.6086956521739131,0.7209302325581395
PXD061019,abstract_only,11,23,10,1,13,12,31,0.4166666666666667,12,19,5,5,8,0.13157894736842105,0.13157894736842105,0.22857142857142856
PXD061103,with_methods,23,26,23,0,3,30,33,0.8846153846153846,3,3,18,18,20,0.4,0.4,0.46511627906976744
PXD061195,with_methods,25,26,25,0,1,29,34,0.9615384615384616,1,5,17,17,22,0.3695652173913043,0.3695652173913043,0.5365853658536586
PXD061306,abstract_only,9,20,8,1,12,9,23,0.38095238095238093,11,14,6,6,7,0.23076923076923078,0.23076923076923078,0.28
PXD061466,abstract_only,11,19,11,0,8,13,29,0.5789473684210527,8,16,9,10,12,0.2727272727272727,0.3125,0.4
PXD061593,with_methods,25,27,24,1,3,28,35,0.8571428571428571,2,7,16,16,17,0.3404255319148936,0.3404255319148936,0.3695652173913043
PXD061658,with_methods,19,21,18,1,3,26,31,0.8181818181818182,2,5,21,21,21,0.5833333333333334,0.5833333333333334,0.5833333333333334
PXD061784,abstract_only,9,15,9,0,6,14,20,0.6,6,6,8,9,10,0.3076923076923077,0.36,0.4166666666666667
PXD061850,abstract_only,5,19,5,0,14,5,24,0.2631578947368421,14,19,2,2,2,0.07407407407407407,0.07407407407407407,0.07407407407407407
PXD061918,with_methods,26,25,25,1,0,36,36,0.9615384615384616,-1,0,26,26,28,0.5652173913043478,0.5652173913043478,0.6363636363636364
PXD062109,abstract_only,4,20,3,1,17,4,23,0.14285714285714285,16,19,2,2,2,0.08,0.08,0.08
PXD062321,abstract_only,1,17,1,0,16,1,20,0.058823529411764705,16,19,1,1,1,0.05,0.05,0.05
PXD062420,abstract_only,2,21,2,0,19,3,22,0.09523809523809523,19,19,1,1,1,0.041666666666666664,0.041666666666666664,0.041666666666666664
PXD062520,abstract_only,10,20,8,2,12,14,30,0.36363636363636365,10,16,5,6,7,0.1282051282051282,0.15789473684210525,0.1891891891891892
PXD062730,abstract_only,7,13,5,2,8,7,16,0.3333333333333333,6,9,4,4,5,0.21052631578947367,0.21052631578947367,0.2777777777777778
PXD062847,with_methods,10,13,9,1,4,10,15,0.6428571428571429,3,5,6,7,8,0.3157894736842105,0.3888888888888889,0.47058823529411764
PXD062969,abstract_only,7,21,6,1,15,9,28,0.2727272727272727,14,19,3,3,4,0.08823529411764706,0.08823529411764706,0.12121212121212122
PXD063142,abstract_only,7,22,7,0,15,7,25,0.3181818181818182,15,18,3,4,5,0.10344827586206896,0.14285714285714285,0.18518518518518517
PXD063447,with_methods,24,26,23,1,3,24,27,0.8518518518518519,2,3,17,17,19,0.5,0.5,0.59375
PXD063526,abstract_only,7,20,6,1,14,7,27,0.2857142857142857,13,20,2,2,3,0.0625,0.0625,0.0967741935483871
PXD063671,abstract_only,7,21,5,2,16,7,25,0.21739130434782608,14,18,1,2,5,0.03225806451612903,0.06666666666666667,0.18518518518518517
PXD063840,abstract_only,6,17,5,1,12,7,20,0.2777777777777778,11,13,2,2,3,0.08,0.08,0.125
PXD063977,abstract_only,12,21,11,1,10,12,28,0.5,9,16,9,9,9,0.2903225806451613,0.2903225806451613,0.2903225806451613
PXD064066,abstract_only,8,15,6,2,9,8,17,0.35294117647058826,7,9,4,4,5,0.19047619047619047,0.19047619047619047,0.25
PXD064236,abstract_only,9,19,8,1,11,10,20,0.4,10,10,8,8,8,0.36363636363636365,0.36363636363636365,0.36363636363636365
PXD064455,abstract_only,0,20,0,0,20,0,23,0.0,20,23,0,0,0,0.0,0.0,0.0
PXD064573,with_methods,28,29,28,0,1,43,48,0.9655172413793104,1,5,34,34,35,0.5964912280701754,0.5964912280701754,0.625
PXD064787,with_methods,16,23,16,0,7,17,26,0.6956521739130435,7,9,9,9,10,0.2647058823529412,0.2647058823529412,0.30303030303030304
PXD064926,abstract_only,0,26,0,0,26,0,39,0.0,26,39,0,0,0,0.0,0.0,0.0
PXD065292,abstract_only,4,21,4,0,17,4,26,0.19047619047619047,17,22,2,3,4,0.07142857142857142,0.1111111111111111,0.15384615384615385
PXD065497,abstract_only,2,25,2,0,23,2,33,0.08,23,31,1,1,1,0.029411764705882353,0.029411764705882353,0.029411764705882353
PXD065898,abstract_only,6,13,6,0,7,6,19,0.46153846153846156,7,13,3,4,4,0.13636363636363635,0.19047619047619047,0.19047619047619047
PXD066033,abstract_only,2,21,2,0,19,2,31,0.09523809523809523,19,29,1,1,2,0.03125,0.03125,0.06451612903225806
PXD066260,abstract_only,7,16,7,0,9,7,21,0.4375,9,14,4,4,5,0.16666666666666666,0.16666666666666666,0.21739130434782608
PXD066711,with_methods,17,18,16,1,2,18,21,0.8421052631578947,1,3,11,11,13,0.39285714285714285,0.39285714285714285,0.5
PXD067088,with_methods,27,28,25,2,3,44,49,0.8333333333333334,1,5,29,29,30,0.453125,0.453125,0.47619047619047616
PXD067220,abstract_only,7,26,7,0,19,7,43,0.2692307692307692,19,36,6,6,7,0.13636363636363635,0.13636363636363635,0.16279069767441862
PXD067583,abstract_only,12,21,11,1,10,17,32,0.5,9,15,10,10,14,0.2564102564102564,0.2564102564102564,0.4
PXD067905,with_methods,1,21,1,0,20,1,25,0.047619047619047616,20,24,1,1,1,0.04,0.04,0.04
PXD068129,abstract_only,6,17,6,0,11,6,18,0.35294117647058826,11,12,4,4,5,0.2,0.2,0.2631578947368421
PXD068485,abstract_only,10,21,9,1,12,12,29,0.4090909090909091,11,17,6,6,9,0.17142857142857143,0.17142857142857143,0.28125
PXD068739,abstract_only,9,20,8,1,12,10,26,0.38095238095238093,11,16,3,3,4,0.09090909090909091,0.09090909090909091,0.125
PXD069096,with_methods,9,15,8,1,7,9,15,0.5,6,6,5,5,6,0.2631578947368421,0.2631578947368421,0.3333333333333333
PXD069667,with_methods,22,21,20,2,1,34,30,0.8695652173913043,-1,-4,14,14,19,0.28,0.28,0.4222222222222222
PXD071042,with_methods,22,22,20,2,2,24,28,0.8333333333333334,0,4,16,16,19,0.4444444444444444,0.4444444444444444,0.5757575757575758
PXD000412,with_methods,17,24,15,2,9,24,38,0.5769230769230769,7,14,12,12,13,0.24,0.24,0.2653061224489796
PXD000674,abstract_only,10,23,10,0,13,10,33,0.43478260869565216,13,23,10,10,10,0.30303030303030304,0.30303030303030304,0.30303030303030304
PXD001279,with_methods,30,28,27,3,1,35,33,0.8709677419354839,-2,-2,20,20,24,0.4166666666666667,0.4166666666666667,0.5454545454545454
PXD001416,abstract_only,10,26,10,0,16,11,30,0.38461538461538464,16,19,6,6,7,0.17142857142857143,0.17142857142857143,0.20588235294117646
PXD001425,with_methods,22,21,20,2,1,26,27,0.8695652173913043,-1,1,16,16,18,0.43243243243243246,0.43243243243243246,0.5142857142857142
PXD001861,abstract_only,12,21,12,0,9,12,26,0.5714285714285714,9,14,7,7,10,0.22580645161290322,0.22580645161290322,0.35714285714285715
PXD002145,abstract_only,11,18,9,2,9,13,31,0.45,7,18,4,4,8,0.1,0.1,0.2222222222222222
PXD002598,with_methods,23,24,21,2,3,23,30,0.8076923076923077,1,7,17,17,19,0.4722222222222222,0.4722222222222222,0.5588235294117647
PXD002966,abstract_only,8,18,8,0,10,11,27,0.4444444444444444,10,16,5,5,7,0.15151515151515152,0.15151515151515152,0.22580645161290322
PXD003226,with_methods,15,20,15,0,5,25,29,0.75,5,4,22,22,22,0.6875,0.6875,0.6875
PXD003362,with_methods,20,21,20,0,1,24,25,0.9523809523809523,1,1,18,18,20,0.5806451612903226,0.5806451612903226,0.6896551724137931
PXD003413,abstract_only,14,28,13,1,15,16,34,0.4482758620689655,14,18,10,10,12,0.25,0.25,0.3157894736842105
PXD003534,with_methods,27,24,24,3,0,33,32,0.8888888888888888,-3,-1,18,18,21,0.3829787234042553,0.3829787234042553,0.4772727272727273
PXD003965,abstract_only,10,28,10,0,18,12,31,0.35714285714285715,18,19,6,6,8,0.16216216216216217,0.16216216216216217,0.22857142857142856
PXD004154,with_methods,11,20,10,1,10,17,28,0.47619047619047616,9,11,5,5,7,0.125,0.125,0.18421052631578946
PXD004540,abstract_only,9,21,8,1,13,10,29,0.36363636363636365,12,19,4,5,5,0.11428571428571428,0.14705882352941177,0.14705882352941177
PXD004778,abstract_only,11,22,11,0,11,12,30,0.5,11,18,8,9,11,0.23529411764705882,0.2727272727272727,0.3548387096774194
PXD005200,abstract_only,10,11,8,2,3,10,14,0.6153846153846154,1,4,5,5,7,0.2631578947368421,0.2631578947368421,0.4117647058823529
PXD005465,abstract_only,8,16,8,0,8,10,18,0.5,8,8,2,2,7,0.07692307692307693,0.07692307692307693,0.3333333333333333
PXD005709,with_methods,23,26,23,0,3,31,36,0.8846153846153846,3,5,20,21,26,0.425531914893617,0.45652173913043476,0.6341463414634146
PXD005981,with_methods,12,15,12,0,3,15,19,0.8,3,4,11,11,12,0.4782608695652174,0.4782608695652174,0.5454545454545454
PXD006265,with_methods,22,21,18,4,3,27,22,0.72,-1,-5,12,13,15,0.32432432432432434,0.3611111111111111,0.4411764705882353
PXD006404,abstract_only,11,18,10,1,8,11,25,0.5263157894736842,7,14,5,5,7,0.16129032258064516,0.16129032258064516,0.2413793103448276
PXD006522,abstract_only,9,12,7,2,5,14,17,0.5,3,3,6,6,9,0.24,0.24,0.4090909090909091
PXD006589,abstract_only,13,27,13,0,14,19,46,0.48148148148148145,14,27,11,11,16,0.2037037037037037,0.2037037037037037,0.32653061224489793
PXD006738,with_methods,29,27,27,2,0,35,30,0.9310344827586207,-2,-5,19,19,20,0.41304347826086957,0.41304347826086957,0.4444444444444444
PXD006847,with_methods,21,21,21,0,0,29,31,1.0,0,2,18,18,22,0.42857142857142855,0.42857142857142855,0.5789473684210527
PXD007122,abstract_only,4,23,4,0,19,5,27,0.17391304347826086,19,22,1,1,2,0.03225806451612903,0.03225806451612903,0.06666666666666667
PXD007234,abstract_only,7,21,7,0,14,7,32,0.3333333333333333,14,25,5,5,6,0.14705882352941177,0.14705882352941177,0.18181818181818182
PXD007592,with_methods,28,26,26,2,0,35,32,0.9285714285714286,-2,-3,27,27,29,0.675,0.675,0.7631578947368421
PXD007705,with_methods,27,25,25,2,0,42,35,0.9259259259259259,-2,-7,27,27,30,0.54,0.54,0.6382978723404256
PXD007759,with_methods,25,24,24,1,0,27,26,0.96,-1,-1,21,22,25,0.65625,0.7096774193548387,0.8928571428571429
PXD007898,abstract_only,8,23,8,0,15,11,32,0.34782608695652173,15,21,6,6,6,0.16216216216216217,0.16216216216216217,0.16216216216216217
PXD008029,abstract_only,8,17,7,1,10,9,26,0.3888888888888889,9,17,6,6,7,0.20689655172413793,0.20689655172413793,0.25
PXD008131,with_methods,29,26,25,4,1,46,32,0.8333333333333334,-3,-14,20,20,24,0.3448275862068966,0.3448275862068966,0.4444444444444444
PXD008260,abstract_only,1,24,1,0,23,1,24,0.041666666666666664,23,23,1,1,1,0.041666666666666664,0.041666666666666664,0.041666666666666664
PXD008454,abstract_only,11,19,10,1,9,11,24,0.5,8,13,6,6,10,0.20689655172413793,0.20689655172413793,0.4
PXD008536,with_methods,26,20,20,6,0,31,24,0.7692307692307693,-6,-7,15,15,19,0.375,0.375,0.5277777777777778
PXD008693,with_methods,27,25,24,3,1,34,32,0.8571428571428571,-2,-2,15,15,19,0.29411764705882354,0.29411764705882354,0.40425531914893614
PXD008863,with_methods,22,18,16,6,2,28,20,0.6666666666666666,-4,-8,12,12,13,0.3333333333333333,0.3333333333333333,0.37142857142857144
PXD008940,abstract_only,1,11,1,0,10,1,14,0.09090909090909091,10,13,1,1,1,0.07142857142857142,0.07142857142857142,0.07142857142857142
PXD009035,with_methods,24,22,22,2,0,33,36,0.9166666666666666,-2,3,23,23,26,0.5,0.5,0.6046511627906976
PXD009144,abstract_only,11,22,9,2,13,11,27,0.375,11,16,5,5,7,0.15151515151515152,0.15151515151515152,0.22580645161290322
PXD009206,with_methods,19,20,18,1,2,20,20,0.8571428571428571,1,0,12,12,14,0.42857142857142855,0.42857142857142855,0.5384615384615384
PXD009276,abstract_only,8,19,6,2,13,8,23,0.2857142857142857,11,15,3,3,4,0.10714285714285714,0.10714285714285714,0.14814814814814814
PXD009327,with_methods,26,29,26,0,3,44,31,0.896551724137931,3,-13,20,20,22,0.36363636363636365,0.36363636363636365,0.41509433962264153
PXD009380,abstract_only,9,15,7,2,8,9,18,0.4117647058823529,6,9,6,6,7,0.2857142857142857,0.2857142857142857,0.35
PXD009477,abstract_only,9,22,7,2,15,9,24,0.2916666666666667,13,15,3,3,6,0.1,0.1,0.2222222222222222
PXD009561,abstract_only,8,23,7,1,16,11,27,0.2916666666666667,15,16,6,6,8,0.1875,0.1875,0.26666666666666666
PXD009606,with_methods,21,23,19,2,4,23,29,0.76,2,6,13,13,14,0.3333333333333333,0.3333333333333333,0.3684210526315789
PXD009741,abstract_only,2,15,2,0,13,2,21,0.13333333333333333,13,19,1,1,2,0.045454545454545456,0.045454545454545456,0.09523809523809523
PXD009803,abstract_only,5,23,5,0,18,5,32,0.21739130434782608,18,27,2,2,3,0.05714285714285714,0.05714285714285714,0.08823529411764706
PXD009891,with_methods,28,27,25,3,2,32,32,0.8333333333333334,-1,0,22,22,26,0.5238095238095238,0.5238095238095238,0.6842105263157895
PXD009933,with_methods,28,31,28,0,3,30,36,0.9032258064516129,3,6,18,18,22,0.375,0.375,0.5
PXD010073,abstract_only,9,26,9,0,17,11,26,0.34615384615384615,17,15,4,4,6,0.12121212121212122,0.12121212121212122,0.1935483870967742
PXD010142,abstract_only,11,22,11,0,11,19,54,0.5,11,35,12,12,16,0.19672131147540983,0.19672131147540983,0.2807017543859649
PXD010260,with_methods,21,29,20,1,9,21,33,0.6666666666666666,8,12,11,11,18,0.2558139534883721,0.2558139534883721,0.5
PXD010406,with_methods,20,23,15,5,8,26,30,0.5357142857142857,3,4,12,12,12,0.2727272727272727,0.2727272727272727,0.2727272727272727
PXD010579,abstract_only,9,25,8,1,17,10,28,0.3076923076923077,16,18,6,6,8,0.1875,0.1875,0.26666666666666666
PXD010786,abstract_only,8,19,8,0,11,8,25,0.42105263157894735,11,17,7,7,7,0.2692307692307692,0.2692307692307692,0.2692307692307692
PXD011009,abstract_only,4,11,3,1,8,4,13,0.25,7,9,2,2,3,0.13333333333333333,0.13333333333333333,0.21428571428571427
PXD011183,abstract_only,9,24,9,0,15,11,30,0.375,15,19,7,7,8,0.20588235294117646,0.20588235294117646,0.24242424242424243
PXD011467,abstract_only,13,19,13,0,6,13,23,0.6842105263157895,6,10,7,7,9,0.2413793103448276,0.2413793103448276,0.3333333333333333
PXD012792,abstract_only,14,19,11,3,8,14,24,0.5,5,10,7,7,8,0.22580645161290322,0.22580645161290322,0.26666666666666666
PXD018110,with_methods,25,27,23,2,4,32,40,0.7931034482758621,2,8,23,24,24,0.46938775510204084,0.5,0.5
PXD021401,with_methods,27,30,27,0,3,32,37,0.9,3,5,25,25,28,0.5681818181818182,0.5681818181818182,0.6829268292682927
PXD032918,with_methods,25,29,22,3,7,47,46,0.6875,4,-1,30,30,31,0.47619047619047616,0.47619047619047616,0.5
PXD046357,abstract_only,12,19,9,3,10,13,26,0.4090909090909091,7,13,2,2,6,0.05405405405405406,0.05405405405405406,0.18181818181818182
PXD046438,abstract_only,9,21,9,0,12,9,24,0.42857142857142855,12,15,5,5,6,0.17857142857142858,0.17857142857142858,0.2222222222222222
PXD046525,with_methods,20,21,18,2,3,23,23,0.782608695652174,1,0,15,15,18,0.4838709677419355,0.4838709677419355,0.6428571428571429
PXD046640,abstract_only,7,24,6,1,18,8,36,0.24,17,28,5,5,6,0.1282051282051282,0.1282051282051282,0.15789473684210525
PXD046735,abstract_only,0,18,0,0,18,0,19,0.0,18,19,0,0,0,0.0,0.0,0.0
PXD046808,abstract_only,7,20,6,1,14,12,29,0.2857142857142857,13,17,3,3,5,0.07894736842105263,0.07894736842105263,0.1388888888888889
PXD046955,abstract_only,7,20,4,3,16,7,28,0.17391304347826086,13,21,3,3,4,0.09375,0.09375,0.12903225806451613
PXD047019,abstract_only,7,31,7,0,24,12,37,0.22580645161290322,24,25,8,9,10,0.1951219512195122,0.225,0.2564102564102564
PXD047071,abstract_only,6,17,5,1,12,6,22,0.2777777777777778,11,16,2,3,5,0.07692307692307693,0.12,0.21739130434782608
PXD047178,abstract_only,3,19,3,0,16,3,20,0.15789473684210525,16,17,1,1,2,0.045454545454545456,0.045454545454545456,0.09523809523809523
PXD047324,abstract_only,10,25,10,0,15,13,33,0.4,15,20,8,8,10,0.21052631578947367,0.21052631578947367,0.2777777777777778
PXD047436,abstract_only,4,15,3,1,12,5,16,0.1875,11,11,3,3,3,0.16666666666666666,0.16666666666666666,0.16666666666666666
PXD047574,with_methods,28,28,26,2,2,34,37,0.8666666666666667,0,3,19,19,22,0.36538461538461536,0.36538461538461536,0.4489795918367347
PXD047766,abstract_only,12,21,11,1,10,13,22,0.5,9,9,9,9,9,0.34615384615384615,0.34615384615384615,0.34615384615384615
PXD047901,with_methods,32,33,32,0,1,44,51,0.9696969696969697,1,7,24,24,29,0.3380281690140845,0.3380281690140845,0.4393939393939394
PXD047989,abstract_only,5,14,4,1,10,6,14,0.26666666666666666,9,8,2,2,4,0.1111111111111111,0.1111111111111111,0.25
PXD048091,abstract_only,11,21,11,0,10,19,35,0.5238095238095238,10,16,16,16,17,0.42105263157894735,0.42105263157894735,0.4594594594594595
PXD048228,with_methods,24,25,23,1,2,32,27,0.8846153846153846,1,-5,16,16,22,0.37209302325581395,0.37209302325581395,0.5945945945945946
PXD048464,with_methods,28,27,27,1,0,33,37,0.9642857142857143,-1,4,17,17,24,0.32075471698113206,0.32075471698113206,0.5217391304347826
PXD048553,abstract_only,5,28,4,1,24,5,42,0.13793103448275862,23,37,2,2,2,0.044444444444444446,0.044444444444444446,0.044444444444444446
PXD048645,abstract_only,3,20,2,1,18,3,27,0.09523809523809523,17,24,1,1,2,0.034482758620689655,0.034482758620689655,0.07142857142857142
PXD048767,abstract_only,10,20,8,2,12,10,28,0.36363636363636365,10,18,7,7,7,0.22580645161290322,0.22580645161290322,0.22580645161290322
PXD048906,abstract_only,2,15,2,0,13,2,18,0.13333333333333333,13,16,2,2,2,0.1111111111111111,0.1111111111111111,0.1111111111111111
PXD049018,abstract_only,10,18,9,1,9,10,24,0.47368421052631576,8,14,6,6,7,0.21428571428571427,0.21428571428571427,0.25925925925925924
PXD049181,abstract_only,12,21,11,1,10,16,30,0.5,9,14,11,11,12,0.3142857142857143,0.3142857142857143,0.35294117647058826
PXD049302,with_methods,24,26,22,2,4,26,28,0.7857142857142857,2,2,16,16,20,0.42105263157894735,0.42105263157894735,0.5882352941176471
PXD049682,abstract_only,8,25,8,0,17,8,36,0.32,17,28,7,7,7,0.1891891891891892,0.1891891891891892,0.1891891891891892
PXD050045,with_methods,26,26,25,1,1,47,50,0.9259259259259259,0,3,27,27,30,0.38571428571428573,0.38571428571428573,0.44776119402985076
PXD050209,abstract_only,11,23,10,1,13,11,26,0.4166666666666667,12,15,9,9,9,0.32142857142857145,0.32142857142857145,0.32142857142857145
PXD050351,abstract_only,9,22,9,0,13,10,34,0.4090909090909091,13,24,6,6,7,0.15789473684210525,0.15789473684210525,0.1891891891891892
PXD050479,abstract_only,12,23,10,2,13,13,26,0.4,11,13,6,6,7,0.18181818181818182,0.18181818181818182,0.21875
PXD050581,with_methods,28,25,24,4,1,51,57,0.8275862068965517,-3,6,35,36,41,0.4794520547945205,0.5,0.6119402985074627
PXD050772,abstract_only,3,21,3,0,18,4,35,0.14285714285714285,18,31,1,1,3,0.02631578947368421,0.02631578947368421,0.08333333333333333
PXD050909,with_methods,23,24,21,2,3,35,49,0.8076923076923077,1,14,22,22,24,0.3548387096774194,0.3548387096774194,0.4
PXD050991,abstract_only,8,20,8,0,12,8,22,0.4,12,14,4,4,5,0.15384615384615385,0.15384615384615385,0.2
PXD051089,abstract_only,10,22,9,1,13,10,25,0.391304347826087,12,15,7,7,8,0.25,0.25,0.2962962962962963
PXD051224,abstract_only,10,19,9,1,10,14,30,0.45,9,16,10,10,10,0.29411764705882354,0.29411764705882354,0.29411764705882354
PXD051473,abstract_only,7,25,7,0,18,8,29,0.28,18,21,5,6,7,0.15625,0.1935483870967742,0.23333333333333334
PXD051689,abstract_only,1,15,1,0,14,1,15,0.06666666666666667,14,14,0,0,0,0.0,0.0,0.0
PXD051737,abstract_only,1,21,1,0,20,1,29,0.047619047619047616,20,28,1,1,1,0.034482758620689655,0.034482758620689655,0.034482758620689655
PXD051889,abstract_only,9,19,6,3,13,19,28,0.2727272727272727,10,9,3,3,4,0.06818181818181818,0.06818181818181818,0.09302325581395349
PXD052011,abstract_only,13,26,11,2,15,17,35,0.39285714285714285,13,18,8,8,10,0.18181818181818182,0.18181818181818182,0.23809523809523808
PXD052205,abstract_only,9,20,8,1,12,9,23,0.38095238095238093,11,14,6,6,7,0.23076923076923078,0.23076923076923078,0.28
PXD052554,abstract_only,10,25,10,0,15,14,32,0.4,15,18,9,9,11,0.24324324324324326,0.24324324324324326,0.3142857142857143
PXD052756,abstract_only,10,27,10,0,17,10,37,0.37037037037037035,17,27,4,4,4,0.09302325581395349,0.09302325581395349,0.09302325581395349
PXD052912,abstract_only,11,28,10,1,18,11,29,0.3448275862068966,17,18,6,7,9,0.17647058823529413,0.21212121212121213,0.2903225806451613
PXD053141,abstract_only,0,10,0,0,10,0,14,0.0,10,14,0,0,0,0.0,0.0,0.0
PXD053308,with_methods,28,29,26,2,3,50,47,0.8387096774193549,1,-3,26,26,30,0.36619718309859156,0.36619718309859156,0.44776119402985076
PXD053502,with_methods,24,26,24,0,2,36,33,0.9230769230769231,2,-3,25,25,28,0.5681818181818182,0.5681818181818182,0.6829268292682927
PXD053814,with_methods,24,27,24,0,3,30,31,0.8888888888888888,3,1,17,17,21,0.38636363636363635,0.38636363636363635,0.525
PXD053929,abstract_only,1,23,1,0,22,1,25,0.043478260869565216,22,24,1,1,1,0.04,0.04,0.04
PXD054065,abstract_only,6,22,6,0,16,7,26,0.2727272727272727,16,19,6,6,6,0.2222222222222222,0.2222222222222222,0.2222222222222222
PXD054207,abstract_only,4,22,4,0,18,4,28,0.18181818181818182,18,24,2,2,4,0.06666666666666667,0.06666666666666667,0.14285714285714285
PXD054323,abstract_only,13,25,13,0,12,13,32,0.52,12,19,10,10,10,0.2857142857142857,0.2857142857142857,0.2857142857142857
PXD054505,abstract_only,8,21,7,1,14,8,27,0.3181818181818182,13,19,3,3,4,0.09375,0.09375,0.12903225806451613
PXD054686,abstract_only,7,20,7,0,13,8,33,0.35,13,25,5,5,7,0.1388888888888889,0.1388888888888889,0.20588235294117646
PXD055011,abstract_only,9,14,7,2,7,11,14,0.4375,5,3,5,5,5,0.25,0.25,0.25
PXD055262,abstract_only,6,28,6,0,22,10,39,0.21428571428571427,22,29,6,6,7,0.13953488372093023,0.13953488372093023,0.16666666666666666
PXD055586,with_methods,29,25,25,4,0,35,42,0.8620689655172413,-4,7,28,28,29,0.5714285714285714,0.5714285714285714,0.6041666666666666
PXD055814,abstract_only,6,20,6,0,14,9,32,0.3,14,23,5,5,6,0.1388888888888889,0.1388888888888889,0.17142857142857143
PXD055973,abstract_only,11,21,11,0,10,12,33,0.5238095238095238,10,21,7,7,9,0.18421052631578946,0.18421052631578946,0.25
PXD056064,abstract_only,2,14,2,0,12,2,16,0.14285714285714285,12,14,0,0,0,0.0,0.0,0.0
PXD056099,abstract_only,1,18,1,0,17,1,25,0.05555555555555555,17,24,0,0,1,0.0,0.0,0.04
PXD056170,abstract_only,0,22,0,0,22,0,22,0.0,22,22,0,0,0,0.0,0.0,0.0
PXD056196,abstract_only,3,21,3,0,18,3,32,0.14285714285714285,18,29,2,2,2,0.06060606060606061,0.06060606060606061,0.06060606060606061
PXD056286,with_methods,25,21,19,6,2,37,29,0.7037037037037037,-4,-8,21,21,22,0.4666666666666667,0.4666666666666667,0.5
PXD056371,with_methods,11,27,10,1,17,15,35,0.35714285714285715,16,20,9,9,12,0.21951219512195122,0.21951219512195122,0.3157894736842105
PXD056479,with_methods,29,30,29,0,1,49,46,0.9666666666666667,1,-3,29,29,33,0.4393939393939394,0.4393939393939394,0.532258064516129
PXD056564,abstract_only,8,18,7,1,11,8,20,0.3684210526315789,10,12,6,6,6,0.2727272727272727,0.2727272727272727,0.2727272727272727
PXD056759,abstract_only,12,21,11,1,10,12,28,0.5,9,16,4,4,10,0.1111111111111111,0.1111111111111111,0.3333333333333333
PXD056908,abstract_only,2,13,2,0,11,2,17,0.15384615384615385,11,15,0,0,0,0.0,0.0,0.0
PXD057009,abstract_only,9,13,8,1,5,9,13,0.5714285714285714,4,4,6,7,7,0.375,0.4666666666666667,0.4666666666666667
PXD057149,with_methods,27,29,26,1,3,41,42,0.8666666666666667,2,1,31,31,32,0.5961538461538461,0.5961538461538461,0.6274509803921569
PXD057211,with_methods,17,18,15,2,3,25,27,0.75,1,2,16,16,19,0.4444444444444444,0.4444444444444444,0.5757575757575758
PXD057390,abstract_only,5,21,5,0,16,5,28,0.23809523809523808,16,23,1,2,2,0.03125,0.06451612903225806,0.06451612903225806
PXD057472,abstract_only,8,29,7,1,22,10,39,0.23333333333333334,21,29,5,5,7,0.11363636363636363,0.11363636363636363,0.16666666666666666
PXD057614,with_methods,27,22,22,5,0,41,29,0.8148148148148148,-5,-12,12,12,19,0.20689655172413793,0.20689655172413793,0.37254901960784315
PXD057707,abstract_only,8,13,5,3,8,9,18,0.3125,5,9,3,3,4,0.125,0.125,0.17391304347826086
PXD057832,abstract_only,6,20,5,1,15,6,25,0.23809523809523808,14,19,4,4,5,0.14814814814814814,0.14814814814814814,0.19230769230769232
PXD057944,with_methods,28,26,25,3,1,32,27,0.8620689655172413,-2,-5,20,20,23,0.5128205128205128,0.5128205128205128,0.6388888888888888
PXD058072,abstract_only,0,23,0,0,23,0,29,0.0,23,29,0,0,0,0.0,0.0,0.0
PXD058235,with_methods,19,20,18,1,2,29,29,0.8571428571428571,1,0,25,25,25,0.7575757575757576,0.7575757575757576,0.7575757575757576
PXD058323,abstract_only,9,18,9,0,9,9,22,0.5,9,13,8,8,8,0.34782608695652173,0.34782608695652173,0.34782608695652173
PXD058422,with_methods,25,21,21,4,0,38,32,0.84,-4,-6,17,17,22,0.32075471698113206,0.32075471698113206,0.4583333333333333
PXD058539,abstract_only,8,17,7,1,10,8,20,0.3888888888888889,9,12,1,2,2,0.037037037037037035,0.07692307692307693,0.07692307692307693
PXD058584,abstract_only,14,22,12,2,10,26,38,0.5,8,12,6,7,11,0.10344827586206896,0.12280701754385964,0.20754716981132076
PXD058689,abstract_only,13,20,13,0,7,14,23,0.65,7,9,6,7,10,0.1935483870967742,0.23333333333333334,0.37037037037037035
PXD058753,abstract_only,14,24,13,1,11,19,24,0.52,10,5,6,6,9,0.16216216216216217,0.16216216216216217,0.2647058823529412
PXD058847,abstract_only,8,12,6,2,6,8,13,0.42857142857142855,4,5,3,3,6,0.16666666666666666,0.16666666666666666,0.4
PXD058963,abstract_only,12,28,11,1,17,12,34,0.3793103448275862,16,22,8,8,10,0.21052631578947367,0.21052631578947367,0.2777777777777778
PXD059092,abstract_only,12,20,12,0,8,12,24,0.6,8,12,9,9,10,0.3333333333333333,0.3333333333333333,0.38461538461538464
PXD059386,with_methods,31,25,24,7,1,55,30,0.75,-6,-25,15,15,19,0.21428571428571427,0.21428571428571427,0.2878787878787879
PXD059522,abstract_only,4,24,4,0,20,4,29,0.16666666666666666,20,25,3,3,3,0.1,0.1,0.1
PXD059598,abstract_only,9,27,9,0,18,9,28,0.3333333333333333,18,19,6,6,8,0.1935483870967742,0.1935483870967742,0.27586206896551724
PXD059782,with_methods,10,21,8,2,13,10,32,0.34782608695652173,11,22,5,5,7,0.13513513513513514,0.13513513513513514,0.2
PXD059940,abstract_only,14,28,14,0,14,14,37,0.5,14,23,8,8,10,0.18604651162790697,0.18604651162790697,0.24390243902439024
PXD060014,abstract_only,2,8,1,1,7,2,8,0.1111111111111111,6,6,0,0,1,0.0,0.0,0.1111111111111111
PXD060102,abstract_only,6,23,6,0,17,6,31,0.2608695652173913,17,25,3,3,5,0.08823529411764706,0.08823529411764706,0.15625
PXD060285,with_methods,25,14,13,12,1,33,24,0.5,-11,-9,10,10,13,0.2127659574468085,0.2127659574468085,0.29545454545454547
PXD060372,abstract_only,8,18,8,0,10,8,22,0.4444444444444444,10,14,5,6,8,0.2,0.25,0.36363636363636365
PXD060572,abstract_only,12,25,11,1,14,15,31,0.4230769230769231,13,16,11,11,13,0.3142857142857143,0.3142857142857143,0.3939393939393939
PXD060761,abstract_only,11,17,8,3,9,12,23,0.4,6,11,4,4,5,0.12903225806451613,0.12903225806451613,0.16666666666666666
PXD060812,abstract_only,7,23,7,0,16,7,32,0.30434782608695654,16,25,3,3,5,0.08333333333333333,0.08333333333333333,0.14705882352941177
PXD060883,abstract_only,8,24,8,0,16,8,31,0.3333333333333333,16,23,6,6,7,0.18181818181818182,0.18181818181818182,0.21875
PXD060946,abstract_only,0,18,0,0,18,0,22,0.0,18,22,0,0,0,0.0,0.0,0.0
PXD061038,abstract_only,1,21,1,0,20,1,29,0.047619047619047616,20,28,0,0,1,0.0,0.0,0.034482758620689655
PXD061104,with_methods,24,23,22,2,1,29,31,0.88,-1,2,21,21,23,0.5384615384615384,0.5384615384615384,0.6216216216216216
PXD061212,with_methods,15,19,13,2,6,19,22,0.6190476190476191,4,3,11,11,13,0.36666666666666664,0.36666666666666664,0.4642857142857143
PXD061307,with_methods,16,27,16,0,11,16,33,0.5925925925925926,11,17,10,10,13,0.2564102564102564,0.2564102564102564,0.3611111111111111
PXD061467,abstract_only,7,22,6,1,16,7,24,0.2608695652173913,15,17,3,3,6,0.10714285714285714,0.10714285714285714,0.24
PXD061596,abstract_only,13,19,11,2,8,14,26,0.5238095238095238,6,12,7,8,9,0.21212121212121213,0.25,0.2903225806451613
PXD061660,abstract_only,10,18,9,1,9,11,21,0.47368421052631576,8,10,5,5,6,0.18518518518518517,0.18518518518518517,0.23076923076923078
PXD061791,abstract_only,16,19,8,8,11,18,22,0.2962962962962963,3,4,8,8,8,0.25,0.25,0.25
PXD061855,abstract_only,6,16,6,0,10,6,23,0.375,10,17,4,4,5,0.16,0.16,0.20833333333333334
PXD061925,with_methods,17,20,15,2,5,23,29,0.6818181818181818,3,6,12,12,16,0.3,0.3,0.4444444444444444
PXD062112,with_methods,19,19,17,2,2,27,32,0.8095238095238095,0,5,22,22,23,0.5945945945945946,0.5945945945945946,0.6388888888888888
PXD062322,abstract_only,7,19,5,2,14,15,31,0.23809523809523808,12,16,2,3,4,0.045454545454545456,0.06976744186046512,0.09523809523809523
PXD062431,abstract_only,8,15,8,0,7,8,17,0.5333333333333333,7,9,5,5,6,0.25,0.25,0.3157894736842105
PXD062536,abstract_only,14,17,10,4,7,14,25,0.47619047619047616,3,11,7,7,10,0.21875,0.21875,0.3448275862068966
PXD062745,abstract_only,11,24,11,0,13,12,27,0.4583333333333333,13,15,6,6,10,0.18181818181818182,0.18181818181818182,0.3448275862068966
PXD062852,abstract_only,2,25,2,0,23,2,28,0.08,23,26,0,1,2,0.0,0.034482758620689655,0.07142857142857142
PXD063002,abstract_only,14,21,11,3,10,15,26,0.4583333333333333,7,11,7,8,10,0.20588235294117646,0.24242424242424243,0.3225806451612903
PXD063179,with_methods,28,27,27,1,0,39,33,0.9642857142857143,-1,-6,25,25,26,0.5319148936170213,0.5319148936170213,0.5652173913043478
PXD063455,abstract_only,3,26,3,0,23,3,29,0.11538461538461539,23,26,2,2,2,0.06666666666666667,0.06666666666666667,0.06666666666666667
PXD063535,abstract_only,1,21,1,0,20,1,26,0.047619047619047616,20,25,0,0,0,0.0,0.0,0.0
PXD063682,with_methods,15,19,15,0,4,15,22,0.7894736842105263,4,7,11,11,14,0.4230769230769231,0.4230769230769231,0.6086956521739131
PXD063859,abstract_only,4,18,4,0,14,5,18,0.2222222222222222,14,13,3,3,4,0.15,0.15,0.21052631578947367
PXD063983,with_methods,21,23,21,0,2,24,27,0.9130434782608695,2,3,17,17,20,0.5,0.5,0.6451612903225806
PXD064067,abstract_only,1,19,1,0,18,1,30,0.05263157894736842,18,29,1,1,1,0.03333333333333333,0.03333333333333333,0.03333333333333333
PXD064244,abstract_only,7,23,7,0,16,15,33,0.30434782608695654,16,18,9,9,11,0.23076923076923078,0.23076923076923078,0.2972972972972973
PXD064458,with_methods,16,29,16,0,13,16,43,0.5517241379310345,13,27,12,12,14,0.2553191489361702,0.2553191489361702,0.3111111111111111
PXD064632,abstract_only,7,21,6,1,15,8,26,0.2727272727272727,14,18,3,4,6,0.0967741935483871,0.13333333333333333,0.21428571428571427
PXD064788,with_methods,23,23,23,0,0,34,33,1.0,0,-1,24,24,25,0.5581395348837209,0.5581395348837209,0.5952380952380952
PXD064950,abstract_only,14,24,12,2,12,19,36,0.46153846153846156,10,17,9,9,12,0.1956521739130435,0.1956521739130435,0.27906976744186046
PXD065332,with_methods,14,16,12,2,4,14,18,0.6666666666666666,2,4,10,10,10,0.45454545454545453,0.45454545454545453,0.45454545454545453
PXD065517,abstract_only,2,10,2,0,8,2,12,0.2,8,10,0,0,0,0.0,0.0,0.0
PXD065914,with_methods,14,16,11,3,5,16,17,0.5789473684210527,2,1,9,10,12,0.375,0.43478260869565216,0.5714285714285714
PXD066083,abstract_only,2,17,2,0,15,2,22,0.11764705882352941,15,20,1,1,1,0.043478260869565216,0.043478260869565216,0.043478260869565216
PXD066393,with_methods,19,23,18,1,5,27,34,0.75,4,7,19,19,22,0.4523809523809524,0.4523809523809524,0.5641025641025641
PXD066795,abstract_only,4,23,4,0,19,5,29,0.17391304347826086,19,24,3,3,3,0.0967741935483871,0.0967741935483871,0.0967741935483871
PXD067102,abstract_only,11,26,10,1,16,12,37,0.37037037037037035,15,25,7,7,9,0.16666666666666666,0.16666666666666666,0.225
PXD067229,abstract_only,15,19,13,2,6,15,21,0.6190476190476191,4,6,8,8,10,0.2857142857142857,0.2857142857142857,0.38461538461538464
PXD067589,abstract_only,3,15,3,0,12,3,19,0.2,12,16,1,1,1,0.047619047619047616,0.047619047619047616,0.047619047619047616
PXD067947,abstract_only,1,19,1,0,18,1,19,0.05263157894736842,18,18,1,1,1,0.05263157894736842,0.05263157894736842,0.05263157894736842
PXD068150,abstract_only,10,24,8,2,16,13,34,0.3076923076923077,14,21,3,3,8,0.06818181818181818,0.06818181818181818,0.20512820512820512
PXD068527,abstract_only,3,16,3,0,13,3,22,0.1875,13,19,3,3,3,0.13636363636363635,0.13636363636363635,0.13636363636363635
PXD068775,abstract_only,1,18,1,0,17,1,26,0.05555555555555555,17,25,1,1,1,0.038461538461538464,0.038461538461538464,0.038461538461538464
PXD069113,abstract_only,9,19,9,0,10,11,30,0.47368421052631576,10,19,4,4,6,0.10810810810810811,0.10810810810810811,0.17142857142857143
PXD069754,with_methods,23,25,21,2,4,30,30,0.7777777777777778,2,0,18,18,21,0.42857142857142855,0.42857142857142855,0.5384615384615384
PXD071075,abstract_only,9,17,8,1,9,9,19,0.4444444444444444,8,10,6,6,7,0.2727272727272727,0.2727272727272727,0.3333333333333333
PXD000426,abstract_only,1,10,1,0,9,1,12,0.1,9,11,1,1,1,0.08333333333333333,0.08333333333333333,0.08333333333333333
PXD000685,abstract_only,7,18,7,0,11,7,21,0.3888888888888889,11,14,2,2,2,0.07692307692307693,0.07692307692307693,0.07692307692307693
PXD001324,abstract_only,11,19,10,1,9,16,28,0.5,8,12,8,9,14,0.2222222222222222,0.2571428571428571,0.4666666666666667
PXD001417,abstract_only,10,19,7,3,12,10,22,0.3181818181818182,9,12,3,3,4,0.10344827586206896,0.10344827586206896,0.14285714285714285
PXD001460,with_methods,30,30,29,1,1,44,42,0.9354838709677419,0,-2,25,25,28,0.4098360655737705,0.4098360655737705,0.4827586206896552
PXD001862,abstract_only,16,22,15,1,7,20,38,0.6521739130434783,6,18,9,9,13,0.1836734693877551,0.1836734693877551,0.28888888888888886
PXD002211,abstract_only,17,24,14,3,10,20,28,0.5185185185185185,7,8,8,8,10,0.2,0.2,0.2631578947368421
PXD002620,abstract_only,6,17,6,0,11,6,19,0.35294117647058826,11,13,6,6,6,0.3157894736842105,0.3157894736842105,0.3157894736842105
PXD002990,with_methods,21,27,20,1,7,21,37,0.7142857142857143,6,16,12,12,18,0.2608695652173913,0.2608695652173913,0.45
PXD003252,with_methods,27,28,26,1,2,32,34,0.896551724137931,1,2,24,24,26,0.5714285714285714,0.5714285714285714,0.65
PXD003406,abstract_only,12,25,10,2,15,13,31,0.37037037037037035,13,18,6,6,9,0.15789473684210525,0.15789473684210525,0.2571428571428571
PXD003414,abstract_only,10,27,10,0,17,11,39,0.37037037037037035,17,28,8,8,10,0.19047619047619047,0.19047619047619047,0.25
PXD003544,with_methods,24,24,23,1,1,33,38,0.92,0,5,21,21,24,0.42,0.42,0.5106382978723404
PXD003966,abstract_only,11,28,11,0,17,20,32,0.39285714285714285,17,12,4,4,6,0.08333333333333333,0.08333333333333333,0.13043478260869565
PXD004280,abstract_only,12,21,11,1,10,12,26,0.5,9,14,6,6,8,0.1875,0.1875,0.26666666666666666
PXD004624,abstract_only,8,22,7,1,15,9,27,0.30434782608695654,14,18,3,4,4,0.09090909090909091,0.125,0.125
PXD004788,abstract_only,12,22,11,1,11,13,25,0.4782608695652174,10,12,9,10,11,0.3103448275862069,0.35714285714285715,0.4074074074074074
PXD005220,with_methods,19,22,17,2,5,25,29,0.7083333333333334,3,4,10,10,15,0.22727272727272727,0.22727272727272727,0.38461538461538464
PXD005508,with_methods,20,25,19,1,6,36,40,0.7307692307692307,5,4,17,17,19,0.288135593220339,0.288135593220339,0.3333333333333333
PXD005733,with_methods,28,27,27,1,0,38,37,0.9642857142857143,-1,-1,23,23,26,0.4423076923076923,0.4423076923076923,0.5306122448979592
PXD006035,abstract_only,2,16,2,0,14,3,25,0.125,14,22,0,0,2,0.0,0.0,0.07692307692307693
PXD006268,with_methods,18,21,17,1,4,21,31,0.7727272727272727,3,10,11,11,16,0.2682926829268293,0.2682926829268293,0.4444444444444444
PXD006419,with_methods,21,24,21,0,3,29,33,0.875,3,4,16,16,20,0.34782608695652173,0.34782608695652173,0.47619047619047616
PXD006561,with_methods,27,25,23,4,2,30,29,0.7931034482758621,-2,-1,20,20,23,0.5128205128205128,0.5128205128205128,0.6388888888888888
PXD006590,abstract_only,11,26,11,0,15,15,35,0.4230769230769231,15,20,9,9,11,0.21951219512195122,0.21951219512195122,0.28205128205128205
PXD006743,abstract_only,10,18,7,3,11,10,23,0.3333333333333333,8,13,5,5,6,0.17857142857142858,0.17857142857142858,0.2222222222222222
PXD006856,with_methods,8,20,8,0,12,8,24,0.4,12,16,2,3,6,0.06666666666666667,0.10344827586206896,0.23076923076923078
PXD007123,abstract_only,6,23,6,0,17,9,27,0.2608695652173913,17,18,3,3,5,0.09090909090909091,0.09090909090909091,0.16129032258064516
PXD007258,with_methods,14,23,13,1,10,20,32,0.5416666666666666,9,12,11,11,12,0.2682926829268293,0.2682926829268293,0.3
PXD007594,with_methods,23,23,20,3,3,31,33,0.7692307692307693,0,2,15,15,16,0.30612244897959184,0.30612244897959184,0.3333333333333333
PXD007726,with_methods,30,27,27,3,0,30,29,0.9,-3,-1,18,20,23,0.43902439024390244,0.5128205128205128,0.6388888888888888
PXD007761,abstract_only,0,17,0,0,17,0,18,0.0,17,18,0,0,0,0.0,0.0,0.0
PXD007906,with_methods,27,28,27,0,1,29,30,0.9642857142857143,1,1,21,21,23,0.5526315789473685,0.5526315789473685,0.6388888888888888
PXD008033,with_methods,23,26,23,0,3,28,32,0.8846153846153846,3,4,14,15,21,0.30434782608695654,0.3333333333333333,0.5384615384615384
PXD008147,with_methods,26,27,23,3,4,36,40,0.7666666666666667,1,4,24,24,26,0.46153846153846156,0.46153846153846156,0.52
PXD008272,with_methods,26,23,23,3,0,36,39,0.8846153846153846,-3,3,29,29,31,0.6304347826086957,0.6304347826086957,0.7045454545454546
PXD008463,abstract_only,10,17,8,2,9,12,28,0.42105263157894735,7,16,6,6,8,0.17647058823529413,0.17647058823529413,0.25
PXD008568,abstract_only,9,18,7,2,11,9,18,0.35,9,9,3,3,5,0.125,0.125,0.22727272727272727
PXD008713,abstract_only,12,18,11,1,7,15,19,0.5789473684210527,6,4,8,8,11,0.3076923076923077,0.3076923076923077,0.4782608695652174
PXD008870,abstract_only,12,21,10,2,11,14,27,0.43478260869565216,9,13,8,8,9,0.24242424242424243,0.24242424242424243,0.28125
PXD008952,with_methods,24,28,24,0,4,44,44,0.8571428571428571,4,0,29,30,37,0.4915254237288136,0.5172413793103449,0.7254901960784313
PXD009041,abstract_only,7,18,7,0,11,8,23,0.3888888888888889,11,15,4,4,7,0.14814814814814814,0.14814814814814814,0.2916666666666667
PXD009149,with_methods,26,27,26,0,1,41,45,0.9629629629629629,1,4,27,27,32,0.4576271186440678,0.4576271186440678,0.5925925925925926
PXD009216,with_methods,30,30,28,2,2,42,37,0.875,0,-5,26,26,29,0.49056603773584906,0.49056603773584906,0.58
PXD009292,abstract_only,8,19,8,0,11,8,28,0.42105263157894735,11,20,5,5,6,0.16129032258064516,0.16129032258064516,0.2
PXD009343,with_methods,24,24,24,0,0,27,26,1.0,0,-1,19,19,22,0.5588235294117647,0.5588235294117647,0.7096774193548387
PXD009389,abstract_only,8,30,8,0,22,8,41,0.26666666666666666,22,33,2,3,4,0.0425531914893617,0.06521739130434782,0.08888888888888889
PXD009487,with_methods,27,29,27,0,2,36,43,0.9310344827586207,2,7,22,22,27,0.38596491228070173,0.38596491228070173,0.5192307692307693
PXD009565,abstract_only,10,20,10,0,10,10,23,0.5,10,13,8,8,9,0.32,0.32,0.375
PXD009624,abstract_only,13,16,6,7,10,16,28,0.2608695652173913,3,12,5,5,6,0.1282051282051282,0.1282051282051282,0.15789473684210525
PXD009747,abstract_only,5,20,5,0,15,7,23,0.25,15,16,2,2,4,0.07142857142857142,0.07142857142857142,0.15384615384615385
PXD009830,with_methods,27,20,20,7,0,31,27,0.7407407407407407,-7,-4,17,17,20,0.4146341463414634,0.4146341463414634,0.5263157894736842
PXD009893,abstract_only,11,18,8,3,10,13,27,0.38095238095238093,7,14,7,7,8,0.21212121212121213,0.21212121212121213,0.25
PXD009936,abstract_only,0,11,0,0,11,0,13,0.0,11,13,0,0,0,0.0,0.0,0.0
PXD010075,abstract_only,5,20,5,0,15,5,22,0.25,15,17,4,4,4,0.17391304347826086,0.17391304347826086,0.17391304347826086
PXD010145,with_methods,20,15,13,7,2,29,25,0.5909090909090909,-5,-4,11,11,18,0.2558139534883721,0.2558139534883721,0.5
PXD010271,abstract_only,7,14,6,1,8,7,22,0.4,7,15,4,4,5,0.16,0.16,0.20833333333333334
PXD010445,with_methods,20,19,18,2,1,28,30,0.8571428571428571,-1,2,20,21,22,0.5263157894736842,0.5675675675675675,0.6111111111111112
PXD010606,abstract_only,0,21,0,0,21,0,31,0.0,21,31,0,0,0,0.0,0.0,0.0
PXD010787,abstract_only,11,22,10,1,12,15,26,0.43478260869565216,11,11,7,7,8,0.20588235294117646,0.20588235294117646,0.24242424242424243
PXD011033,with_methods,26,24,23,3,1,37,36,0.8518518518518519,-2,-1,17,17,20,0.30357142857142855,0.30357142857142855,0.37735849056603776
PXD011204,abstract_only,12,14,11,1,3,13,24,0.7333333333333333,2,11,3,4,5,0.08823529411764706,0.12121212121212122,0.15625
PXD011492,abstract_only,9,24,9,0,15,11,27,0.375,15,16,6,7,9,0.1875,0.22580645161290322,0.3103448275862069
PXD013523,with_methods,26,25,25,1,0,35,37,0.9615384615384616,-1,2,27,27,29,0.6,0.6,0.6744186046511628
PXD019817,with_methods,25,22,21,4,1,26,28,0.8076923076923077,-3,2,16,16,18,0.42105263157894735,0.42105263157894735,0.5
PXD022843,abstract_only,11,19,11,0,8,13,19,0.5789473684210527,8,6,6,6,9,0.23076923076923078,0.23076923076923078,0.391304347826087
PXD035447,abstract_only,9,20,8,1,12,9,22,0.38095238095238093,11,13,4,4,5,0.14814814814814814,0.14814814814814814,0.19230769230769232
PXD046372,abstract_only,7,23,7,0,16,7,37,0.30434782608695654,16,30,4,4,6,0.1,0.1,0.15789473684210525
PXD046451,with_methods,29,28,28,1,0,36,34,0.9655172413793104,-1,-2,22,23,27,0.4583333333333333,0.48936170212765956,0.627906976744186
PXD046534,abstract_only,5,21,5,0,16,7,35,0.23809523809523808,16,28,5,5,7,0.13513513513513514,0.13513513513513514,0.2
PXD046656,abstract_only,9,16,5,4,11,9,19,0.25,7,10,3,3,5,0.12,0.12,0.21739130434782608
PXD046738,abstract_only,10,27,9,1,18,10,45,0.32142857142857145,17,35,6,6,8,0.12244897959183673,0.12244897959183673,0.1702127659574468
PXD046815,abstract_only,12,28,12,0,16,13,32,0.42857142857142855,16,19,8,8,9,0.21621621621621623,0.21621621621621623,0.25
PXD046956,abstract_only,8,23,8,0,15,8,25,0.34782608695652173,15,17,6,6,7,0.2222222222222222,0.2222222222222222,0.2692307692307692
PXD047020,abstract_only,3,16,3,0,13,3,18,0.1875,13,15,1,1,3,0.05,0.05,0.16666666666666666
PXD047102,with_methods,17,19,16,1,3,18,21,0.8,2,3,12,12,15,0.4444444444444444,0.4444444444444444,0.625
PXD047200,abstract_only,4,22,4,0,18,4,22,0.18181818181818182,18,18,1,1,2,0.04,0.04,0.08333333333333333
PXD047331,abstract_only,1,12,1,0,11,1,13,0.08333333333333333,11,12,1,1,1,0.07692307692307693,0.07692307692307693,0.07692307692307693
PXD047438,abstract_only,5,16,4,1,12,5,16,0.23529411764705882,11,11,4,4,4,0.23529411764705882,0.23529411764705882,0.23529411764705882
PXD047577,with_methods,16,26,14,2,12,19,30,0.5,10,11,9,9,14,0.225,0.225,0.4
PXD047774,with_methods,25,24,24,1,0,30,28,0.96,-1,-2,20,21,26,0.5263157894736842,0.5675675675675675,0.8125
PXD047905,abstract_only,1,25,1,0,24,1,28,0.04,24,27,1,1,1,0.03571428571428571,0.03571428571428571,0.03571428571428571
PXD048004,abstract_only,9,26,8,1,18,15,33,0.2962962962962963,17,18,6,6,8,0.14285714285714285,0.14285714285714285,0.2
PXD048098,abstract_only,10,23,10,0,13,10,28,0.43478260869565216,13,18,7,7,10,0.22580645161290322,0.22580645161290322,0.35714285714285715
PXD048312,abstract_only,2,11,2,0,9,2,11,0.18181818181818182,9,9,2,2,2,0.18181818181818182,0.18181818181818182,0.18181818181818182
PXD048479,abstract_only,8,22,8,0,14,9,33,0.36363636363636365,14,24,6,6,8,0.16666666666666666,0.16666666666666666,0.23529411764705882
PXD048556,abstract_only,4,17,4,0,13,4,18,0.23529411764705882,13,14,2,2,2,0.1,0.1,0.1
PXD048647,with_methods,24,24,23,1,1,26,27,0.92,0,1,19,19,20,0.5588235294117647,0.5588235294117647,0.6060606060606061
PXD048830,with_methods,27,27,24,3,3,33,40,0.8,0,7,15,15,21,0.25862068965517243,0.25862068965517243,0.40384615384615385
PXD048929,abstract_only,4,19,4,0,15,4,27,0.21052631578947367,15,23,2,2,3,0.06896551724137931,0.06896551724137931,0.10714285714285714
PXD049019,with_methods,15,29,14,1,15,20,34,0.4666666666666667,14,14,13,13,14,0.3170731707317073,0.3170731707317073,0.35
PXD049211,abstract_only,9,22,9,0,13,16,32,0.4090909090909091,13,16,9,9,9,0.23076923076923078,0.23076923076923078,0.23076923076923078
PXD049330,abstract_only,2,20,2,0,18,2,24,0.1,18,22,0,0,1,0.0,0.0,0.04
PXD049684,abstract_only,6,24,5,1,19,7,32,0.2,18,25,3,3,4,0.08333333333333333,0.08333333333333333,0.11428571428571428
PXD050049,with_methods,19,21,18,1,3,22,25,0.8181818181818182,2,3,13,14,17,0.38235294117647056,0.42424242424242425,0.5666666666666667
PXD050237,with_methods,16,16,14,2,2,17,16,0.7777777777777778,0,-1,10,10,13,0.43478260869565216,0.43478260869565216,0.65
PXD050371,with_methods,18,18,16,2,2,20,24,0.8,0,4,12,12,15,0.375,0.375,0.5172413793103449
PXD050539,abstract_only,8,18,8,0,10,10,27,0.4444444444444444,10,17,6,6,10,0.1935483870967742,0.1935483870967742,0.37037037037037035
PXD050618,abstract_only,12,20,11,1,9,12,29,0.5238095238095238,8,17,7,7,8,0.20588235294117646,0.20588235294117646,0.24242424242424243
PXD050782,with_methods,23,22,21,2,1,28,28,0.875,-1,0,20,20,21,0.5555555555555556,0.5555555555555556,0.6
PXD050914,with_methods,27,31,27,0,4,32,39,0.8709677419354839,4,7,22,22,26,0.4489795918367347,0.4489795918367347,0.5777777777777777
PXD050996,abstract_only,10,20,8,2,12,12,26,0.36363636363636365,10,14,5,5,9,0.15151515151515152,0.15151515151515152,0.3103448275862069
PXD051093,with_methods,29,30,29,0,1,32,40,0.9666666666666667,1,8,26,26,29,0.5652173913043478,0.5652173913043478,0.6744186046511628
PXD051231,abstract_only,4,15,3,1,12,4,18,0.1875,11,14,3,3,3,0.15789473684210525,0.15789473684210525,0.15789473684210525
PXD051482,abstract_only,6,29,6,0,23,6,37,0.20689655172413793,23,31,5,5,6,0.13157894736842105,0.13157894736842105,0.16216216216216217
PXD051696,abstract_only,9,15,9,0,6,9,21,0.6,6,12,4,4,7,0.15384615384615385,0.15384615384615385,0.30434782608695654
PXD051745,abstract_only,4,18,4,0,14,4,21,0.2222222222222222,14,17,3,3,3,0.13636363636363635,0.13636363636363635,0.13636363636363635
PXD051904,abstract_only,11,17,10,1,7,11,18,0.5555555555555556,6,7,7,7,8,0.3181818181818182,0.3181818181818182,0.38095238095238093
PXD052022,with_methods,21,24,21,0,3,27,37,0.875,3,10,22,23,23,0.5238095238095238,0.5609756097560976,0.5609756097560976
PXD052254,abstract_only,8,26,8,0,18,8,32,0.3076923076923077,18,24,7,7,7,0.21212121212121213,0.21212121212121213,0.21212121212121213
PXD052555,abstract_only,14,20,11,3,9,19,28,0.4782608695652174,6,9,8,9,13,0.20512820512820512,0.23684210526315788,0.38235294117647056
PXD052767,abstract_only,1,17,1,0,16,1,21,0.058823529411764705,16,20,0,0,0,0.0,0.0,0.0
PXD052949,with_methods,24,25,24,0,1,35,36,0.96,1,1,23,24,27,0.4791666666666667,0.5106382978723404,0.6136363636363636
PXD053197,abstract_only,2,13,2,0,11,3,14,0.15384615384615385,11,11,1,1,2,0.0625,0.0625,0.13333333333333333
PXD053315,abstract_only,1,19,1,0,18,1,19,0.05263157894736842,18,18,0,0,0,0.0,0.0,0.0
PXD053560,abstract_only,11,22,11,0,11,14,33,0.5,11,19,7,7,10,0.175,0.175,0.2702702702702703
PXD053837,abstract_only,11,17,11,0,6,14,21,0.6470588235294118,6,7,7,7,11,0.25,0.25,0.4583333333333333
PXD053942,abstract_only,6,19,6,0,13,6,22,0.3157894736842105,13,16,5,6,6,0.21739130434782608,0.2727272727272727,0.2727272727272727
PXD054069,abstract_only,8,25,8,0,17,8,31,0.32,17,23,3,3,6,0.08333333333333333,0.08333333333333333,0.18181818181818182
PXD054242,abstract_only,10,19,9,1,10,10,20,0.45,9,10,8,8,8,0.36363636363636365,0.36363636363636365,0.36363636363636365
PXD054336,with_methods,26,26,23,3,3,30,33,0.7931034482758621,0,3,17,17,21,0.3695652173913043,0.3695652173913043,0.5
PXD054556,abstract_only,11,17,9,2,8,13,21,0.47368421052631576,6,8,5,6,7,0.1724137931034483,0.21428571428571427,0.25925925925925924
PXD054701,with_methods,24,26,24,0,2,38,34,0.9230769230769231,2,-4,26,27,28,0.5652173913043478,0.6,0.6363636363636364
PXD055123,abstract_only,11,19,11,0,8,11,20,0.5789473684210527,8,9,7,7,8,0.2916666666666667,0.2916666666666667,0.34782608695652173
PXD055275,abstract_only,3,15,3,0,12,6,20,0.2,12,14,5,5,5,0.23809523809523808,0.23809523809523808,0.23809523809523808
PXD055605,with_methods,30,31,30,0,1,52,66,0.967741935483871,1,14,41,41,43,0.5324675324675324,0.5324675324675324,0.5733333333333334
PXD055818,abstract_only,11,29,11,0,18,11,34,0.3793103448275862,18,23,8,9,10,0.21621621621621623,0.25,0.2857142857142857
PXD055978,with_methods,10,18,7,3,11,11,23,0.3333333333333333,8,12,4,4,6,0.13333333333333333,0.13333333333333333,0.21428571428571427
PXD056070,abstract_only,9,14,8,1,6,12,17,0.5333333333333333,5,5,4,4,7,0.16,0.16,0.3181818181818182
PXD056103,abstract_only,8,19,7,1,12,10,26,0.35,11,16,6,6,7,0.2,0.2,0.2413793103448276
PXD056176,abstract_only,6,20,5,1,15,6,32,0.23809523809523808,14,26,3,4,4,0.08571428571428572,0.11764705882352941,0.11764705882352941
PXD056197,abstract_only,2,22,2,0,20,2,38,0.09090909090909091,20,36,0,0,0,0.0,0.0,0.0
PXD056291,with_methods,26,27,26,0,1,32,30,0.9629629629629629,1,-2,12,12,20,0.24,0.24,0.47619047619047616
PXD056390,abstract_only,2,24,2,0,22,2,36,0.08333333333333333,22,34,1,1,2,0.02702702702702703,0.02702702702702703,0.05555555555555555
PXD056490,with_methods,26,23,23,3,0,31,27,0.8846153846153846,-3,-4,20,20,23,0.5263157894736842,0.5263157894736842,0.6571428571428571
PXD056620,with_methods,27,24,24,3,0,36,29,0.8888888888888888,-3,-7,20,20,24,0.4444444444444444,0.4444444444444444,0.5853658536585366
PXD056781,abstract_only,6,15,6,0,9,6,19,0.4,9,13,3,4,4,0.13636363636363635,0.19047619047619047,0.19047619047619047
PXD056909,with_methods,24,24,24,0,0,36,34,1.0,0,-2,21,21,24,0.42857142857142855,0.42857142857142855,0.5217391304347826
PXD057012,with_methods,21,21,20,1,1,34,40,0.9090909090909091,0,6,21,23,29,0.39622641509433965,0.45098039215686275,0.6444444444444445
PXD057155,with_methods,24,26,23,1,3,26,27,0.8518518518518519,2,1,16,16,20,0.43243243243243246,0.43243243243243246,0.6060606060606061
PXD057253,abstract_only,11,21,11,0,10,11,22,0.5238095238095238,10,11,8,8,10,0.32,0.32,0.43478260869565216
PXD057394,abstract_only,11,17,11,0,6,14,23,0.6470588235294118,6,9,12,12,12,0.48,0.48,0.48
PXD057481,with_methods,17,17,12,5,5,36,22,0.5454545454545454,0,-14,9,10,14,0.1836734693877551,0.20833333333333334,0.3181818181818182
PXD057615,abstract_only,10,18,9,1,9,11,23,0.47368421052631576,8,12,4,4,7,0.13333333333333333,0.13333333333333333,0.25925925925925924
PXD057708,abstract_only,10,26,8,2,18,12,33,0.2857142857142857,16,21,7,8,9,0.18421052631578946,0.21621621621621623,0.25
PXD057842,with_methods,27,20,20,7,0,35,31,0.7407407407407407,-7,-4,20,20,22,0.43478260869565216,0.43478260869565216,0.5
PXD057950,abstract_only,11,18,9,2,9,15,24,0.45,7,9,5,6,8,0.14705882352941177,0.18181818181818182,0.25806451612903225
PXD058075,abstract_only,3,21,3,0,18,3,29,0.14285714285714285,18,26,1,1,2,0.03225806451612903,0.03225806451612903,0.06666666666666667
PXD058247,abstract_only,10,15,8,2,7,11,18,0.47058823529411764,5,7,7,7,8,0.3181818181818182,0.3181818181818182,0.38095238095238093
PXD058347,abstract_only,2,19,2,0,17,2,23,0.10526315789473684,17,21,1,1,1,0.041666666666666664,0.041666666666666664,0.041666666666666664
PXD058425,with_methods,28,27,27,1,0,50,47,0.9642857142857143,-1,-3,32,32,34,0.49230769230769234,0.49230769230769234,0.5396825396825397
PXD058540,abstract_only,1,22,1,0,21,1,25,0.045454545454545456,21,24,0,0,0,0.0,0.0,0.0
PXD058606,with_methods,9,19,9,0,10,15,23,0.47368421052631576,10,8,8,8,8,0.26666666666666666,0.26666666666666666,0.26666666666666666
PXD058694,abstract_only,6,15,6,0,9,6,24,0.4,9,18,5,5,6,0.2,0.2,0.25
PXD058764,abstract_only,2,14,2,0,12,2,26,0.14285714285714285,12,24,1,1,1,0.037037037037037035,0.037037037037037035,0.037037037037037035
PXD058852,abstract_only,10,27,10,0,17,11,42,0.37037037037037035,17,31,7,7,10,0.15217391304347827,0.15217391304347827,0.23255813953488372
PXD058971,with_methods,22,22,22,0,0,39,43,1.0,0,4,22,23,27,0.36666666666666664,0.3898305084745763,0.4909090909090909
PXD059093,with_methods,27,26,26,1,0,38,36,0.9629629629629629,-1,-2,27,28,30,0.574468085106383,0.6086956521739131,0.6818181818181818
PXD059390,with_methods,30,28,27,3,1,54,71,0.8709677419354839,-2,17,20,21,36,0.19047619047619047,0.20192307692307693,0.4044943820224719
PXD059544,abstract_only,4,26,4,0,22,4,30,0.15384615384615385,22,26,4,4,4,0.13333333333333333,0.13333333333333333,0.13333333333333333
PXD059599,with_methods,26,25,25,1,0,51,50,0.9615384615384616,-1,-1,33,33,38,0.4852941176470588,0.4852941176470588,0.6031746031746031
PXD059789,with_methods,25,26,23,2,3,36,31,0.8214285714285714,1,-5,17,17,21,0.34,0.34,0.45652173913043476
PXD059942,abstract_only,12,17,11,1,6,12,22,0.6111111111111112,5,10,7,7,9,0.25925925925925924,0.25925925925925924,0.36
PXD060027,with_methods,26,26,25,1,1,29,38,0.9259259259259259,0,9,22,22,23,0.4888888888888889,0.4888888888888889,0.5227272727272727
PXD060109,with_methods,19,19,17,2,2,33,36,0.8095238095238095,0,3,23,23,24,0.5,0.5,0.5333333333333333
PXD060304,abstract_only,7,19,7,0,12,7,30,0.3684210526315789,12,23,5,5,6,0.15625,0.15625,0.1935483870967742
PXD060381,with_methods,25,23,23,2,0,26,24,0.92,-2,-2,16,16,20,0.47058823529411764,0.47058823529411764,0.6666666666666666
PXD060575,abstract_only,9,26,9,0,17,13,38,0.34615384615384615,17,25,12,12,12,0.3076923076923077,0.3076923076923077,0.3076923076923077
PXD060764,abstract_only,13,21,11,2,10,15,28,0.4782608695652174,8,13,9,9,11,0.2647058823529412,0.2647058823529412,0.34375
PXD060829,abstract_only,4,15,4,0,11,4,16,0.26666666666666666,11,12,1,1,3,0.05263157894736842,0.05263157894736842,0.17647058823529413
PXD060886,with_methods,26,24,23,3,1,33,30,0.8518518518518519,-2,-3,18,18,19,0.4,0.4,0.4318181818181818
PXD060950,with_methods,31,31,31,0,0,45,49,1.0,0,4,30,30,40,0.46875,0.46875,0.7407407407407407
PXD061048,abstract_only,14,28,12,2,16,15,33,0.4,14,18,6,6,11,0.14285714285714285,0.14285714285714285,0.2972972972972973
PXD061117,abstract_only,6,22,6,0,16,6,25,0.2727272727272727,16,19,4,4,5,0.14814814814814814,0.14814814814814814,0.19230769230769232
PXD061267,with_methods,26,24,22,4,2,35,27,0.7857142857142857,-2,-8,18,18,21,0.4090909090909091,0.4090909090909091,0.5121951219512195
PXD061384,abstract_only,13,21,9,4,12,13,23,0.36,8,10,5,5,6,0.16129032258064516,0.16129032258064516,0.2
PXD061491,abstract_only,4,15,3,1,12,4,15,0.1875,11,11,3,3,3,0.1875,0.1875,0.1875
PXD061602,abstract_only,9,25,7,2,18,9,29,0.25925925925925924,16,20,6,6,7,0.1875,0.1875,0.22580645161290322
PXD061667,abstract_only,1,19,1,0,18,1,33,0.05263157894736842,18,32,1,1,1,0.030303030303030304,0.030303030303030304,0.030303030303030304
PXD061794,abstract_only,16,23,15,1,8,16,27,0.625,7,11,12,12,14,0.3870967741935484,0.3870967741935484,0.4827586206896552
PXD061859,abstract_only,9,19,7,2,12,10,21,0.3333333333333333,10,11,5,5,6,0.19230769230769232,0.19230769230769232,0.24
PXD061934,with_methods,20,21,20,0,1,32,45,0.9523809523809523,1,13,25,25,27,0.4807692307692308,0.4807692307692308,0.54
PXD062184,with_methods,29,27,26,3,1,55,68,0.8666666666666667,-2,13,41,41,42,0.5,0.5,0.5185185185185185
PXD062324,abstract_only,11,25,11,0,14,12,40,0.44,14,28,7,7,8,0.15555555555555556,0.15555555555555556,0.18181818181818182
PXD062437,abstract_only,9,23,9,0,14,9,32,0.391304347826087,14,23,5,5,6,0.1388888888888889,0.1388888888888889,0.17142857142857143
PXD062616,with_methods,30,27,27,3,0,43,49,0.9,-3,6,32,33,35,0.5333333333333333,0.559322033898305,0.6140350877192983
PXD062748,abstract_only,14,16,12,2,4,16,25,0.6666666666666666,2,9,10,10,11,0.3225806451612903,0.3225806451612903,0.36666666666666664
PXD062853,abstract_only,3,9,3,0,6,3,12,0.3333333333333333,6,9,2,2,3,0.15384615384615385,0.15384615384615385,0.25
PXD063020,abstract_only,6,21,5,1,16,6,28,0.22727272727272727,15,22,3,4,4,0.0967741935483871,0.13333333333333333,0.13333333333333333
PXD063183,abstract_only,11,23,11,0,12,11,23,0.4782608695652174,12,12,7,7,9,0.25925925925925924,0.25925925925925924,0.36
PXD063461,abstract_only,10,18,10,0,8,12,21,0.5555555555555556,8,9,7,7,9,0.2692307692307692,0.2692307692307692,0.375
PXD063537,abstract_only,9,11,5,4,6,13,14,0.3333333333333333,2,1,4,4,4,0.17391304347826086,0.17391304347826086,0.17391304347826086
PXD063716,abstract_only,10,19,10,0,9,13,20,0.5263157894736842,9,7,5,5,7,0.17857142857142858,0.17857142857142858,0.2692307692307692
PXD063864,abstract_only,7,18,7,0,11,12,18,0.3888888888888889,11,6,5,5,6,0.2,0.2,0.25
PXD063995,with_methods,30,22,22,8,0,40,28,0.7333333333333333,-8,-12,13,13,18,0.23636363636363636,0.23636363636363636,0.36
PXD064116,abstract_only,0,19,0,0,19,0,23,0.0,19,23,0,0,0,0.0,0.0,0.0
PXD064257,abstract_only,10,20,8,2,12,27,34,0.36363636363636365,10,7,5,5,7,0.08928571428571429,0.08928571428571429,0.12962962962962962
PXD064464,abstract_only,11,23,11,0,12,11,30,0.4782608695652174,12,19,9,9,10,0.28125,0.28125,0.3225806451612903
PXD064634,abstract_only,13,28,13,0,15,15,37,0.4642857142857143,15,22,8,8,12,0.18181818181818182,0.18181818181818182,0.3
PXD064794,abstract_only,2,15,2,0,13,2,24,0.13333333333333333,13,22,2,2,2,0.08333333333333333,0.08333333333333333,0.08333333333333333
PXD064985,abstract_only,6,15,6,0,9,6,22,0.4,9,16,5,5,5,0.21739130434782608,0.21739130434782608,0.21739130434782608
PXD065335,abstract_only,1,18,1,0,17,1,24,0.05555555555555555,17,23,0,0,0,0.0,0.0,0.0
PXD065520,with_methods,30,32,30,0,2,35,44,0.9375,2,9,25,25,28,0.46296296296296297,0.46296296296296297,0.5490196078431373
PXD065922,with_methods,15,17,14,1,3,20,24,0.7777777777777778,2,4,13,14,17,0.41935483870967744,0.4666666666666667,0.6296296296296297
PXD066132,abstract_only,1,21,1,0,20,1,27,0.047619047619047616,20,26,1,1,1,0.037037037037037035,0.037037037037037035,0.037037037037037035
PXD066461,abstract_only,5,17,5,0,12,6,21,0.29411764705882354,12,15,3,3,5,0.125,0.125,0.22727272727272727
PXD066872,abstract_only,12,22,9,3,13,12,26,0.36,10,14,3,3,5,0.08571428571428572,0.08571428571428572,0.15151515151515152
PXD067122,abstract_only,14,17,9,5,8,15,21,0.4090909090909091,3,6,6,6,6,0.2,0.2,0.2
PXD067234,with_methods,26,30,25,1,5,33,37,0.8064516129032258,4,4,17,17,19,0.32075471698113206,0.32075471698113206,0.37254901960784315
PXD067620,abstract_only,5,18,5,0,13,5,21,0.2777777777777778,13,16,3,3,4,0.13043478260869565,0.13043478260869565,0.18181818181818182
PXD067949,abstract_only,10,24,9,1,15,10,29,0.36,14,19,7,7,7,0.21875,0.21875,0.21875
PXD068189,abstract_only,8,15,7,1,8,8,19,0.4375,7,11,5,5,7,0.22727272727272727,0.22727272727272727,0.35
PXD068551,abstract_only,10,20,10,0,10,10,28,0.5,10,18,5,5,8,0.15151515151515152,0.15151515151515152,0.26666666666666666
PXD068786,abstract_only,12,17,11,1,6,14,22,0.6111111111111112,5,8,11,11,11,0.44,0.44,0.44
PXD069201,with_methods,7,20,7,0,13,8,26,0.35,13,18,5,5,6,0.1724137931034483,0.1724137931034483,0.21428571428571427
PXD069890,with_methods,30,29,29,1,0,32,45,0.9666666666666667,-1,13,23,23,26,0.42592592592592593,0.42592592592592593,0.5098039215686274
PXD071171,abstract_only,10,22,7,3,15,11,29,0.28,12,18,3,4,6,0.08108108108108109,0.1111111111111111,0.17647058823529413
PXD000443,abstract_only,13,13,9,4,4,21,26,0.5294117647058824,0,5,14,15,15,0.42424242424242425,0.46875,0.46875
PXD000966,abstract_only,1,16,1,0,15,1,20,0.0625,15,19,0,0,0,0.0,0.0,0.0
PXD001325,abstract_only,14,19,10,4,9,19,26,0.43478260869565216,5,7,8,8,12,0.21621621621621623,0.21621621621621623,0.36363636363636365
PXD001418,abstract_only,10,25,10,0,15,11,33,0.4,15,22,7,7,7,0.1891891891891892,0.1891891891891892,0.1891891891891892
PXD001468,with_methods,25,24,24,1,0,52,54,0.96,-1,2,28,28,33,0.358974358974359,0.358974358974359,0.4520547945205479
PXD001873,with_methods,28,29,27,1,2,40,37,0.9,1,-3,22,23,27,0.4,0.42592592592592593,0.54
PXD002212,abstract_only,14,24,14,0,10,17,29,0.5833333333333334,10,12,9,9,12,0.24324324324324326,0.24324324324324326,0.35294117647058826
PXD002672,with_methods,18,21,18,0,3,19,23,0.8571428571428571,3,4,14,15,17,0.5,0.5555555555555556,0.68
PXD003028,with_methods,29,23,21,8,2,33,26,0.6774193548387096,-6,-7,19,19,22,0.475,0.475,0.5945945945945946
PXD003276,abstract_only,8,21,8,0,13,11,29,0.38095238095238093,13,18,10,10,10,0.3333333333333333,0.3333333333333333,0.3333333333333333
PXD003407,abstract_only,14,26,14,0,12,19,32,0.5384615384615384,12,13,9,9,12,0.21428571428571427,0.21428571428571427,0.3076923076923077
PXD003415,abstract_only,11,26,11,0,15,12,29,0.4230769230769231,15,17,7,7,10,0.20588235294117646,0.20588235294117646,0.3225806451612903
PXD003587,with_methods,25,22,20,5,2,36,30,0.7407407407407407,-3,-6,17,17,20,0.3469387755102041,0.3469387755102041,0.43478260869565216
PXD003967,abstract_only,10,28,10,0,18,11,31,0.35714285714285715,18,20,9,9,9,0.2727272727272727,0.2727272727272727,0.2727272727272727
PXD004320,with_methods,27,27,27,0,0,30,32,1.0,0,2,23,23,26,0.5897435897435898,0.5897435897435898,0.7222222222222222
PXD004625,abstract_only,11,20,10,1,10,13,25,0.47619047619047616,9,12,8,8,8,0.26666666666666666,0.26666666666666666,0.26666666666666666
PXD004796,abstract_only,13,15,4,9,11,14,22,0.16666666666666666,2,8,3,3,3,0.09090909090909091,0.09090909090909091,0.09090909090909091
PXD005252,with_methods,25,28,25,0,3,36,35,0.8928571428571429,3,-1,26,26,28,0.5777777777777777,0.5777777777777777,0.6511627906976745
PXD005521,abstract_only,13,21,10,3,11,17,38,0.4166666666666667,8,21,5,5,11,0.1,0.1,0.25
PXD005739,abstract_only,11,16,11,0,5,11,18,0.6875,5,7,8,9,10,0.38095238095238093,0.45,0.5263157894736842
PXD006095,with_methods,28,26,25,3,1,38,36,0.8620689655172413,-2,-2,22,23,26,0.4230769230769231,0.45098039215686275,0.5416666666666666
PXD006269,abstract_only,1,11,1,0,10,1,12,0.09090909090909091,10,11,0,0,0,0.0,0.0,0.0
PXD006421,abstract_only,12,22,11,1,11,14,27,0.4782608695652174,10,13,7,8,10,0.20588235294117646,0.24242424242424243,0.3225806451612903
PXD006570,abstract_only,13,29,13,0,16,21,41,0.4482758620689655,16,20,9,9,12,0.16981132075471697,0.16981132075471697,0.24
PXD006591,abstract_only,11,23,10,1,13,17,31,0.4166666666666667,12,14,9,9,11,0.23076923076923078,0.23076923076923078,0.2972972972972973
PXD006769,with_methods,26,29,25,1,4,43,42,0.8333333333333334,3,-1,20,21,27,0.3076923076923077,0.328125,0.46551724137931033
PXD006863,with_methods,27,26,26,1,0,30,33,0.9629629629629629,-1,3,18,18,25,0.4,0.4,0.6578947368421053
PXD007137,with_methods,25,24,24,1,0,39,54,0.96,-1,15,26,26,30,0.3880597014925373,0.3880597014925373,0.47619047619047616
PXD007262,with_methods,28,25,23,5,2,38,43,0.7666666666666667,-3,5,28,29,30,0.5283018867924528,0.5576923076923077,0.5882352941176471
PXD007624,abstract_only,10,18,10,0,8,10,24,0.5555555555555556,8,14,7,7,8,0.25925925925925924,0.25925925925925924,0.3076923076923077
PXD007732,abstract_only,14,21,14,0,7,14,26,0.6666666666666666,7,12,12,12,14,0.42857142857142855,0.42857142857142855,0.5384615384615384
PXD007762,abstract_only,7,24,7,0,17,9,42,0.2916666666666667,17,33,3,4,5,0.0625,0.0851063829787234,0.10869565217391304
PXD007921,abstract_only,11,19,10,1,9,11,21,0.5,8,10,6,6,8,0.23076923076923078,0.23076923076923078,0.3333333333333333
PXD008035,with_methods,16,22,11,5,11,20,27,0.4074074074074074,6,7,6,6,9,0.14634146341463414,0.14634146341463414,0.23684210526315788
PXD008150,with_methods,11,16,9,2,7,20,23,0.5,5,3,8,8,11,0.22857142857142856,0.22857142857142856,0.34375
PXD008311,abstract_only,9,21,9,0,12,9,27,0.42857142857142855,12,18,5,6,8,0.16129032258064516,0.2,0.2857142857142857
PXD008467,abstract_only,15,24,13,2,11,16,27,0.5,9,11,10,10,11,0.30303030303030304,0.30303030303030304,0.34375
PXD008575,with_methods,28,29,27,1,2,37,39,0.9,1,2,19,19,25,0.3333333333333333,0.3333333333333333,0.49019607843137253
PXD008715,abstract_only,4,13,4,0,9,4,16,0.3076923076923077,9,12,4,4,4,0.25,0.25,0.25
PXD008896,with_methods,21,20,19,2,1,21,24,0.8636363636363636,-1,3,11,11,15,0.3235294117647059,0.3235294117647059,0.5
PXD008966,with_methods,12,12,11,1,1,13,17,0.8461538461538461,0,4,6,6,9,0.25,0.25,0.42857142857142855
PXD009084,abstract_only,4,18,3,1,15,4,25,0.15789473684210525,14,21,2,2,2,0.07407407407407407,0.07407407407407407,0.07407407407407407
PXD009158,abstract_only,10,20,9,1,11,10,28,0.42857142857142855,10,18,6,6,6,0.1875,0.1875,0.1875
PXD009234,with_methods,29,24,24,5,0,34,31,0.8275862068965517,-5,-3,26,26,29,0.6666666666666666,0.6666666666666666,0.8055555555555556
PXD009295,abstract_only,5,18,5,0,13,8,27,0.2777777777777778,13,19,6,6,7,0.20689655172413793,0.20689655172413793,0.25
PXD009348,abstract_only,7,14,7,0,7,8,17,0.5,7,9,6,6,7,0.3157894736842105,0.3157894736842105,0.3888888888888889
PXD009393,abstract_only,14,23,13,1,10,15,34,0.5416666666666666,9,19,11,11,13,0.2894736842105263,0.2894736842105263,0.3611111111111111
PXD009495,with_methods,24,21,20,4,1,36,29,0.8,-3,-7,18,18,21,0.3829787234042553,0.3829787234042553,0.4772727272727273
PXD009570,with_methods,19,23,18,1,5,20,30,0.75,4,10,13,14,15,0.35135135135135137,0.3888888888888889,0.42857142857142855
PXD009645,with_methods,21,24,19,2,5,31,34,0.7307692307692307,3,3,17,17,22,0.3541666666666667,0.3541666666666667,0.5116279069767442
PXD009759,abstract_only,3,14,3,0,11,5,21,0.21428571428571427,11,16,2,2,4,0.08333333333333333,0.08333333333333333,0.18181818181818182
PXD009838,with_methods,25,23,23,2,0,28,31,0.92,-2,3,20,20,22,0.5128205128205128,0.5128205128205128,0.5945945945945946
PXD009895,with_methods,28,28,27,1,1,49,46,0.9310344827586207,0,-3,31,32,33,0.484375,0.5079365079365079,0.532258064516129
PXD009948,abstract_only,3,24,3,0,21,3,29,0.125,21,26,0,0,1,0.0,0.0,0.03225806451612903
PXD010088,with_methods,13,15,10,3,5,27,24,0.5555555555555556,2,-3,16,16,16,0.45714285714285713,0.45714285714285713,0.45714285714285713
PXD010150,with_methods,22,26,22,0,4,32,43,0.8461538461538461,4,11,26,26,29,0.5306122448979592,0.5306122448979592,0.6304347826086957
PXD010284,abstract_only,10,23,10,0,13,10,23,0.43478260869565216,13,13,10,10,10,0.43478260869565216,0.43478260869565216,0.43478260869565216
PXD010466,abstract_only,2,23,2,0,21,2,30,0.08695652173913043,21,28,0,0,1,0.0,0.0,0.03225806451612903
PXD010622,abstract_only,10,15,7,3,8,11,22,0.3888888888888889,5,11,2,2,3,0.06451612903225806,0.06451612903225806,0.1
PXD010805,abstract_only,10,30,10,0,20,13,45,0.3333333333333333,20,32,10,11,11,0.20833333333333334,0.23404255319148937,0.23404255319148937
PXD011042,with_methods,26,25,25,1,0,38,42,0.9615384615384616,-1,4,28,29,30,0.5384615384615384,0.5686274509803921,0.6
PXD011241,with_methods,21,20,20,1,0,21,22,0.9523809523809523,-1,1,14,15,18,0.4827586206896552,0.5357142857142857,0.72
PXD011599,with_methods,28,29,27,1,2,37,48,0.9,1,11,24,24,31,0.39344262295081966,0.39344262295081966,0.5740740740740741
PXD013868,abstract_only,10,18,9,1,9,10,36,0.47368421052631576,8,26,4,4,6,0.09523809523809523,0.09523809523809523,0.15
PXD020122,abstract_only,12,24,10,2,14,16,28,0.38461538461538464,12,12,7,7,9,0.1891891891891892,0.1891891891891892,0.2571428571428571
PXD022983,with_methods,27,27,26,1,1,30,35,0.9285714285714286,0,5,21,21,22,0.4772727272727273,0.4772727272727273,0.5116279069767442
PXD035780,abstract_only,5,20,4,1,16,5,31,0.19047619047619047,15,26,2,2,3,0.058823529411764705,0.058823529411764705,0.09090909090909091
PXD046393,abstract_only,2,18,2,0,16,2,21,0.1111111111111111,16,19,1,1,1,0.045454545454545456,0.045454545454545456,0.045454545454545456
PXD046457,abstract_only,4,19,3,1,16,4,30,0.15,15,26,1,1,2,0.030303030303030304,0.030303030303030304,0.0625
PXD046544,with_methods,12,28,12,0,16,13,39,0.42857142857142855,16,26,8,8,10,0.18181818181818182,0.18181818181818182,0.23809523809523808
PXD046660,abstract_only,7,20,4,3,16,7,21,0.17391304347826086,13,14,3,4,4,0.12,0.16666666666666666,0.16666666666666666
PXD046742,abstract_only,11,24,11,0,13,14,26,0.4583333333333333,13,12,6,6,9,0.17647058823529413,0.17647058823529413,0.2903225806451613
PXD046822,with_methods,23,25,23,0,2,25,35,0.92,2,10,16,16,18,0.36363636363636365,0.36363636363636365,0.42857142857142855
PXD046976,abstract_only,11,21,10,1,11,17,42,0.45454545454545453,10,25,6,6,11,0.11320754716981132,0.11320754716981132,0.22916666666666666
PXD047036,abstract_only,8,26,8,0,18,8,30,0.3076923076923077,18,22,8,8,8,0.26666666666666666,0.26666666666666666,0.26666666666666666
PXD047108,abstract_only,8,24,8,0,16,8,32,0.3333333333333333,16,24,4,4,7,0.1111111111111111,0.1111111111111111,0.21212121212121213
PXD047202,abstract_only,4,22,4,0,18,4,29,0.18181818181818182,18,25,2,2,3,0.06451612903225806,0.06451612903225806,0.1
PXD047339,abstract_only,3,24,3,0,21,3,29,0.125,21,26,2,2,2,0.06666666666666667,0.06666666666666667,0.06666666666666667
PXD047450,abstract_only,4,23,4,0,19,4,29,0.17391304347826086,19,25,2,2,4,0.06451612903225806,0.06451612903225806,0.13793103448275862
PXD047604,with_methods,17,27,16,1,11,19,32,0.5714285714285714,10,13,9,9,12,0.21428571428571427,0.21428571428571427,0.3076923076923077
PXD047819,abstract_only,2,20,2,0,18,2,23,0.1,18,21,2,2,2,0.08695652173913043,0.08695652173913043,0.08695652173913043
PXD047910,with_methods,26,23,22,4,1,42,31,0.8148148148148148,-3,-11,19,19,23,0.35185185185185186,0.35185185185185186,0.46
PXD048009,with_methods,27,28,26,1,2,36,36,0.896551724137931,1,0,23,24,26,0.46938775510204084,0.5,0.5652173913043478
PXD048101,abstract_only,1,8,1,0,7,1,8,0.125,7,7,1,1,1,0.125,0.125,0.125
PXD048323,with_methods,17,29,16,1,13,19,45,0.5333333333333333,12,26,6,6,11,0.10344827586206896,0.10344827586206896,0.20754716981132076
PXD048503,abstract_only,10,18,10,0,8,10,26,0.5555555555555556,8,16,7,7,8,0.2413793103448276,0.2413793103448276,0.2857142857142857
PXD048589,abstract_only,11,20,11,0,9,11,31,0.55,9,20,8,8,10,0.23529411764705882,0.23529411764705882,0.3125
PXD048675,abstract_only,12,27,12,0,15,15,37,0.4444444444444444,15,22,5,5,8,0.10638297872340426,0.10638297872340426,0.18181818181818182
PXD048839,with_methods,15,24,13,2,11,16,29,0.5,9,13,10,10,12,0.2857142857142857,0.2857142857142857,0.36363636363636365
PXD048931,abstract_only,3,19,3,0,16,3,26,0.15789473684210525,16,23,2,2,3,0.07407407407407407,0.07407407407407407,0.11538461538461539
PXD049034,with_methods,27,26,25,2,1,60,31,0.8928571428571429,-1,-29,24,24,25,0.3582089552238806,0.3582089552238806,0.3787878787878788
PXD049235,abstract_only,1,20,1,0,19,1,27,0.05,19,26,0,0,0,0.0,0.0,0.0
PXD049336,with_methods,27,23,23,4,0,53,44,0.8518518518518519,-4,-9,33,33,34,0.515625,0.515625,0.5396825396825397
PXD049708,abstract_only,0,19,0,0,19,0,30,0.0,19,30,0,0,0,0.0,0.0,0.0
PXD050077,with_methods,21,21,16,5,5,22,29,0.6153846153846154,0,7,14,14,15,0.3783783783783784,0.3783783783783784,0.4166666666666667
PXD050256,abstract_only,10,23,9,1,14,10,41,0.375,13,31,2,2,5,0.04081632653061224,0.04081632653061224,0.10869565217391304
PXD050391,abstract_only,1,16,1,0,15,1,19,0.0625,15,18,1,1,1,0.05263157894736842,0.05263157894736842,0.05263157894736842
PXD050547,with_methods,26,26,25,1,1,31,40,0.9259259259259259,0,9,19,19,25,0.36538461538461536,0.36538461538461536,0.5434782608695652
PXD050623,abstract_only,3,19,3,0,16,3,34,0.15789473684210525,16,31,0,1,2,0.0,0.027777777777777776,0.05714285714285714
PXD050841,with_methods,16,20,15,1,5,21,25,0.7142857142857143,4,4,14,14,16,0.4375,0.4375,0.5333333333333333
PXD050916,with_methods,26,24,24,2,0,28,31,0.9230769230769231,-2,3,17,17,20,0.40476190476190477,0.40476190476190477,0.5128205128205128
PXD051015,abstract_only,7,26,7,0,19,7,33,0.2692307692307692,19,26,3,3,6,0.08108108108108109,0.08108108108108109,0.17647058823529413
PXD051148,with_methods,18,19,18,0,1,30,32,0.9473684210526315,1,2,19,19,22,0.4418604651162791,0.4418604651162791,0.55
PXD051269,abstract_only,1,16,1,0,15,1,18,0.0625,15,17,1,1,1,0.05555555555555555,0.05555555555555555,0.05555555555555555
PXD051538,with_methods,18,16,15,3,1,26,21,0.7894736842105263,-2,-5,14,14,17,0.42424242424242425,0.42424242424242425,0.5666666666666667
PXD051697,with_methods,17,17,17,0,0,22,20,1.0,0,-2,14,14,17,0.5,0.5,0.68
PXD051747,abstract_only,19,26,18,1,8,35,39,0.6666666666666666,7,4,23,23,24,0.45098039215686275,0.45098039215686275,0.48
PXD051958,abstract_only,4,18,4,0,14,4,22,0.2222222222222222,14,18,2,2,2,0.08333333333333333,0.08333333333333333,0.08333333333333333
PXD052033,abstract_only,10,21,8,2,13,12,28,0.34782608695652173,11,16,5,5,6,0.14285714285714285,0.14285714285714285,0.17647058823529413
PXD052259,abstract_only,11,26,11,0,15,11,29,0.4230769230769231,15,18,6,6,8,0.17647058823529413,0.17647058823529413,0.25
PXD052627,abstract_only,9,17,8,1,9,9,22,0.4444444444444444,8,13,4,5,8,0.14814814814814814,0.19230769230769232,0.34782608695652173
PXD052806,with_methods,26,20,19,7,1,26,23,0.7037037037037037,-6,-3,10,10,14,0.2564102564102564,0.2564102564102564,0.4
PXD053008,abstract_only,9,26,9,0,17,9,30,0.34615384615384615,17,21,5,6,6,0.14705882352941177,0.18181818181818182,0.18181818181818182
PXD053198,abstract_only,9,26,9,0,17,9,28,0.34615384615384615,17,19,9,9,9,0.32142857142857145,0.32142857142857145,0.32142857142857145
PXD053353,with_methods,9,16,7,2,9,9,16,0.3888888888888889,7,7,4,5,6,0.19047619047619047,0.25,0.3157894736842105
PXD053578,with_methods,10,25,10,0,15,10,35,0.4,15,25,9,9,10,0.25,0.25,0.2857142857142857
PXD053864,abstract_only,9,26,9,0,17,10,34,0.34615384615384615,17,24,8,8,9,0.2222222222222222,0.2222222222222222,0.2571428571428571
PXD053945,abstract_only,6,20,6,0,14,6,21,0.3,14,15,4,4,5,0.17391304347826086,0.17391304347826086,0.22727272727272727
PXD054073,with_methods,24,19,19,5,0,35,30,0.7916666666666666,-5,-5,17,17,19,0.3541666666666667,0.3541666666666667,0.41304347826086957
PXD054248,abstract_only,10,18,10,0,8,10,25,0.5555555555555556,8,15,6,6,6,0.20689655172413793,0.20689655172413793,0.20689655172413793
PXD054378,with_methods,16,18,15,1,3,19,40,0.7894736842105263,2,21,14,14,17,0.3111111111111111,0.3111111111111111,0.40476190476190477
PXD054611,abstract_only,3,14,3,0,11,3,16,0.21428571428571427,11,13,1,1,1,0.05555555555555555,0.05555555555555555,0.05555555555555555
PXD054717,abstract_only,10,18,10,0,8,11,29,0.5555555555555556,8,18,3,3,3,0.08108108108108109,0.08108108108108109,0.08108108108108109
PXD055141,with_methods,26,26,24,2,2,64,49,0.8571428571428571,0,-15,29,29,31,0.34523809523809523,0.34523809523809523,0.3780487804878049
PXD055348,with_methods,12,21,12,0,9,18,36,0.5714285714285714,9,18,11,11,14,0.2558139534883721,0.2558139534883721,0.35
PXD055623,abstract_only,8,23,8,0,15,9,35,0.34782608695652173,15,26,7,7,7,0.1891891891891892,0.1891891891891892,0.1891891891891892
PXD055884,abstract_only,9,18,9,0,9,9,22,0.5,9,13,7,7,7,0.2916666666666667,0.2916666666666667,0.2916666666666667
PXD055983,abstract_only,5,19,5,0,14,5,21,0.2631578947368421,14,16,3,3,5,0.13043478260869565,0.13043478260869565,0.23809523809523808
PXD056077,with_methods,25,30,24,1,6,36,51,0.7741935483870968,5,15,20,20,28,0.29850746268656714,0.29850746268656714,0.4745762711864407
PXD056141,abstract_only,2,20,2,0,18,2,26,0.1,18,24,1,1,1,0.037037037037037035,0.037037037037037035,0.037037037037037035
PXD056181,abstract_only,7,17,7,0,10,7,20,0.4117647058823529,10,13,4,4,5,0.17391304347826086,0.17391304347826086,0.22727272727272727
PXD056199,abstract_only,4,22,4,0,18,4,45,0.18181818181818182,18,41,1,1,1,0.020833333333333332,0.020833333333333332,0.020833333333333332
PXD056295,abstract_only,8,20,6,2,14,8,24,0.2727272727272727,12,16,2,2,3,0.06666666666666667,0.06666666666666667,0.10344827586206896
PXD056421,abstract_only,3,19,1,2,18,3,24,0.047619047619047616,16,21,1,1,1,0.038461538461538464,0.038461538461538464,0.038461538461538464
PXD056499,with_methods,12,21,11,1,10,12,26,0.5,9,14,8,9,11,0.26666666666666666,0.3103448275862069,0.4074074074074074
PXD056689,abstract_only,10,22,9,1,13,11,24,0.391304347826087,12,13,3,3,4,0.09375,0.09375,0.12903225806451613
PXD056783,abstract_only,8,18,8,0,10,8,23,0.4444444444444444,10,15,7,7,8,0.2916666666666667,0.2916666666666667,0.34782608695652173
PXD056910,abstract_only,3,17,3,0,14,3,19,0.17647058823529413,14,16,2,2,3,0.1,0.1,0.15789473684210525
PXD057020,abstract_only,4,13,4,0,9,4,14,0.3076923076923077,9,10,3,3,4,0.2,0.2,0.2857142857142857
PXD057157,abstract_only,4,20,4,0,16,4,23,0.2,16,19,2,2,3,0.08,0.08,0.125
PXD057269,abstract_only,2,21,2,0,19,3,39,0.09523809523809523,19,36,2,2,3,0.05,0.05,0.07692307692307693
PXD057405,with_methods,21,19,17,4,2,30,24,0.7391304347826086,-2,-6,15,15,21,0.38461538461538464,0.38461538461538464,0.6363636363636364
PXD057491,abstract_only,8,19,7,1,12,9,25,0.35,11,16,3,3,5,0.0967741935483871,0.0967741935483871,0.1724137931034483
PXD057632,abstract_only,10,24,10,0,14,10,37,0.4166666666666667,14,27,4,5,6,0.09302325581395349,0.11904761904761904,0.14634146341463414
PXD057759,abstract_only,10,22,10,0,12,10,26,0.45454545454545453,12,16,7,7,9,0.2413793103448276,0.2413793103448276,0.3333333333333333
PXD057847,with_methods,23,22,22,1,0,35,31,0.9565217391304348,-1,-4,21,21,25,0.4666666666666667,0.4666666666666667,0.6097560975609756
PXD057968,abstract_only,9,25,8,1,17,9,31,0.3076923076923077,16,22,4,4,7,0.1111111111111111,0.1111111111111111,0.21212121212121213
PXD058080,abstract_only,1,22,1,0,21,1,29,0.045454545454545456,21,28,0,0,1,0.0,0.0,0.034482758620689655
PXD058256,abstract_only,9,28,9,0,19,9,40,0.32142857142857145,19,31,6,6,9,0.13953488372093023,0.13953488372093023,0.225
PXD058348,abstract_only,17,19,10,7,9,18,20,0.38461538461538464,2,2,6,6,6,0.1875,0.1875,0.1875
PXD058465,abstract_only,11,20,10,1,10,16,35,0.47619047619047616,9,19,13,15,15,0.34210526315789475,0.4166666666666667,0.4166666666666667
PXD058541,abstract_only,3,24,3,0,21,3,36,0.125,21,33,1,1,1,0.02631578947368421,0.02631578947368421,0.02631578947368421
PXD058612,abstract_only,7,25,7,0,18,8,36,0.28,18,28,3,3,5,0.07317073170731707,0.07317073170731707,0.1282051282051282
PXD058706,abstract_only,12,26,12,0,14,12,35,0.46153846153846156,14,23,10,10,10,0.2702702702702703,0.2702702702702703,0.2702702702702703
PXD058777,with_methods,27,27,26,1,1,34,36,0.9285714285714286,0,2,21,21,24,0.42857142857142855,0.42857142857142855,0.5217391304347826
PXD058868,abstract_only,9,21,9,0,12,9,34,0.42857142857142855,12,25,7,8,9,0.19444444444444445,0.22857142857142856,0.2647058823529412
PXD058992,with_methods,14,27,12,2,15,16,34,0.41379310344827586,13,18,7,7,10,0.16279069767441862,0.16279069767441862,0.25
PXD059115,abstract_only,9,23,9,0,14,9,28,0.391304347826087,14,19,8,8,8,0.27586206896551724,0.27586206896551724,0.27586206896551724
PXD059416,with_methods,34,29,29,5,0,69,59,0.8529411764705882,-5,-10,32,33,42,0.3333333333333333,0.3473684210526316,0.4883720930232558
PXD059550,with_methods,17,25,17,0,8,17,30,0.68,8,13,14,14,16,0.42424242424242425,0.42424242424242425,0.5161290322580645
PXD059659,with_methods,13,28,12,1,16,13,37,0.41379310344827586,15,24,8,8,11,0.19047619047619047,0.19047619047619047,0.28205128205128205
PXD059803,abstract_only,2,23,2,0,21,2,29,0.08695652173913043,21,27,2,2,2,0.06896551724137931,0.06896551724137931,0.06896551724137931
PXD059945,with_methods,25,25,23,2,2,39,39,0.8518518518518519,0,0,23,23,29,0.41818181818181815,0.41818181818181815,0.5918367346938775
PXD060033,with_methods,22,20,20,2,0,27,32,0.9090909090909091,-2,5,20,20,23,0.5128205128205128,0.5128205128205128,0.6388888888888888
PXD060121,with_methods,23,22,22,1,0,25,27,0.9565217391304348,-1,2,18,18,21,0.5294117647058824,0.5294117647058824,0.6774193548387096
PXD060305,abstract_only,1,21,1,0,20,1,25,0.047619047619047616,20,24,1,1,1,0.04,0.04,0.04
PXD060406,abstract_only,6,27,6,0,21,6,32,0.2222222222222222,21,26,2,2,4,0.05555555555555555,0.05555555555555555,0.11764705882352941
PXD060621,abstract_only,4,14,4,0,10,4,19,0.2857142857142857,10,15,3,3,3,0.15,0.15,0.15
PXD060781,abstract_only,2,21,2,0,19,2,23,0.09523809523809523,19,21,1,1,1,0.041666666666666664,0.041666666666666664,0.041666666666666664
PXD060843,abstract_only,10,20,9,1,11,10,31,0.42857142857142855,10,21,6,6,6,0.17142857142857143,0.17142857142857143,0.17142857142857143
PXD060890,abstract_only,8,20,8,0,12,8,29,0.4,12,21,6,6,8,0.1935483870967742,0.1935483870967742,0.27586206896551724
PXD060971,abstract_only,0,9,0,0,9,0,9,0.0,9,9,0,0,0,0.0,0.0,0.0
PXD061050,with_methods,22,28,22,0,6,34,50,0.7857142857142857,6,16,22,22,26,0.3548387096774194,0.3548387096774194,0.4482758620689655
PXD061144,with_methods,27,28,27,0,1,30,38,0.9642857142857143,1,8,25,25,27,0.5813953488372093,0.5813953488372093,0.6585365853658537
PXD061275,abstract_only,7,22,7,0,15,7,29,0.3181818181818182,15,22,5,5,7,0.16129032258064516,0.16129032258064516,0.2413793103448276
PXD061399,abstract_only,6,18,5,1,13,6,24,0.2631578947368421,12,18,4,4,5,0.15384615384615385,0.15384615384615385,0.2
PXD061537,abstract_only,7,25,7,0,18,7,34,0.28,18,27,3,3,4,0.07894736842105263,0.07894736842105263,0.10810810810810811
PXD061604,with_methods,27,26,25,2,1,30,33,0.8928571428571429,-1,3,15,16,21,0.3125,0.3404255319148936,0.5
PXD061693,abstract_only,0,18,0,0,18,0,26,0.0,18,26,0,0,0,0.0,0.0,0.0
PXD061795,abstract_only,9,20,9,0,11,12,28,0.45,11,16,5,5,6,0.14285714285714285,0.14285714285714285,0.17647058823529413
PXD061861,abstract_only,11,26,11,0,15,11,34,0.4230769230769231,15,23,6,7,9,0.15384615384615385,0.18421052631578946,0.25
PXD061936,abstract_only,1,25,1,0,24,1,28,0.04,24,27,0,0,1,0.0,0.0,0.03571428571428571
PXD062200,with_methods,14,29,13,1,16,22,40,0.43333333333333335,15,18,14,14,18,0.2916666666666667,0.2916666666666667,0.4090909090909091
PXD062330,abstract_only,9,17,9,0,8,9,20,0.5294117647058824,8,11,8,8,8,0.38095238095238093,0.38095238095238093,0.38095238095238093
PXD062440,abstract_only,5,20,5,0,15,5,22,0.25,15,17,3,3,3,0.125,0.125,0.125
PXD062619,with_methods,28,27,27,1,0,41,44,0.9642857142857143,-1,3,26,27,34,0.4406779661016949,0.46551724137931033,0.6666666666666666
PXD062774,with_methods,12,24,12,0,12,26,33,0.5,12,7,15,15,16,0.3409090909090909,0.3409090909090909,0.37209302325581395
PXD062854,with_methods,23,24,22,1,2,32,35,0.88,1,3,21,22,25,0.45652173913043476,0.4888888888888889,0.5952380952380952
PXD063023,abstract_only,14,22,13,1,9,14,25,0.5652173913043478,8,11,9,9,12,0.3,0.3,0.4444444444444444
PXD063253,abstract_only,2,20,2,0,18,2,38,0.1,18,36,1,1,2,0.02564102564102564,0.02564102564102564,0.05263157894736842
PXD063465,abstract_only,1,22,1,0,21,1,26,0.045454545454545456,21,25,1,1,1,0.038461538461538464,0.038461538461538464,0.038461538461538464
PXD063550,abstract_only,8,20,8,0,12,8,35,0.4,12,27,5,5,6,0.13157894736842105,0.13157894736842105,0.16216216216216217
PXD063721,abstract_only,4,23,3,1,20,4,31,0.125,19,27,0,0,1,0.0,0.0,0.029411764705882353
PXD063935,with_methods,26,28,25,1,3,34,38,0.8620689655172413,2,4,19,20,22,0.3584905660377358,0.38461538461538464,0.44
PXD064004,abstract_only,4,18,1,3,17,4,20,0.047619047619047616,14,16,1,1,1,0.043478260869565216,0.043478260869565216,0.043478260869565216
PXD064117,abstract_only,6,18,6,0,12,6,24,0.3333333333333333,12,18,3,3,3,0.1111111111111111,0.1111111111111111,0.1111111111111111
PXD064262,abstract_only,8,25,8,0,17,11,41,0.32,17,30,7,7,9,0.15555555555555556,0.15555555555555556,0.20930232558139536
PXD064519,with_methods,17,20,17,0,3,21,29,0.85,3,8,13,13,15,0.35135135135135137,0.35135135135135137,0.42857142857142855
PXD064640,abstract_only,7,22,7,0,15,7,31,0.3181818181818182,15,24,4,4,6,0.11764705882352941,0.11764705882352941,0.1875
PXD064834,abstract_only,11,13,8,3,5,11,14,0.5,2,3,7,7,7,0.3888888888888889,0.3888888888888889,0.3888888888888889
PXD065001,abstract_only,5,15,5,0,10,5,23,0.3333333333333333,10,18,2,2,2,0.07692307692307693,0.07692307692307693,0.07692307692307693
PXD065357,abstract_only,3,21,3,0,18,3,29,0.14285714285714285,18,26,1,1,1,0.03225806451612903,0.03225806451612903,0.03225806451612903
PXD065566,abstract_only,3,20,3,0,17,3,29,0.15,17,26,0,0,1,0.0,0.0,0.03225806451612903
PXD065965,abstract_only,11,23,10,1,13,15,27,0.4166666666666667,12,12,5,5,9,0.13513513513513514,0.13513513513513514,0.2727272727272727
PXD066134,abstract_only,9,20,7,2,13,9,31,0.3181818181818182,11,22,5,5,6,0.14285714285714285,0.14285714285714285,0.17647058823529413
PXD066470,abstract_only,7,18,6,1,12,7,22,0.3157894736842105,11,15,3,3,5,0.11538461538461539,0.11538461538461539,0.20833333333333334
PXD066874,with_methods,27,23,23,4,0,49,40,0.8518518518518519,-4,-9,29,29,30,0.48333333333333334,0.48333333333333334,0.5084745762711864
PXD067153,abstract_only,13,26,12,1,14,14,45,0.4444444444444444,13,31,8,8,10,0.1568627450980392,0.1568627450980392,0.20408163265306123
PXD067299,abstract_only,7,23,7,0,16,11,39,0.30434782608695654,16,28,4,4,6,0.08695652173913043,0.08695652173913043,0.13636363636363635
PXD067622,abstract_only,6,19,4,2,15,7,22,0.19047619047619047,13,15,1,1,1,0.03571428571428571,0.03571428571428571,0.03571428571428571
PXD067955,abstract_only,1,23,1,0,22,1,33,0.043478260869565216,22,32,1,1,1,0.030303030303030304,0.030303030303030304,0.030303030303030304
PXD068296,abstract_only,1,17,1,0,16,1,21,0.058823529411764705,16,20,1,1,1,0.047619047619047616,0.047619047619047616,0.047619047619047616
PXD068578,abstract_only,2,19,2,0,17,3,22,0.10526315789473684,17,19,2,2,2,0.08695652173913043,0.08695652173913043,0.08695652173913043
PXD068828,with_methods,28,29,27,1,2,47,40,0.9,1,-7,23,23,26,0.359375,0.359375,0.4262295081967213
PXD069257,with_methods,13,25,13,0,12,16,35,0.52,12,19,14,14,14,0.3783783783783784,0.3783783783783784,0.3783783783783784
PXD070195,with_methods,23,20,20,3,0,26,26,0.8695652173913043,-3,0,11,11,13,0.2682926829268293,0.2682926829268293,0.3333333333333333
PXD071222,abstract_only,6,19,3,3,16,6,25,0.13636363636363635,13,19,1,1,1,0.03333333333333333,0.03333333333333333,0.03333333333333333
