field,value,ontology_id
acquisition_method,affinity purification coupled with mass spectrometry proteomics,
acquisition_method,all-ion fragmentation,
acquisition_method,ap-ms,
acquisition_method,"at dda mode, full ms scans were acquired in the mass range of 350 to 1650 m/z with a mass resolution of 120,000, and the agc target value was set at 3 × 106 with a maximum injection time of 100 ms.",
acquisition_method,"at dia mode, full ms scans were acquired in the mass range of 350 to 1250 m/z with a mass resolution of 120,000, and the agc target value was set at 3 × 106.",
acquisition_method,bottom-up proteomics,MS:1003355
acquisition_method,chopin,
acquisition_method,continuum mode,
acquisition_method,data dependent,
acquisition_method,data dependent acquisition,
acquisition_method,data dependent acquisition (dda),
acquisition_method,data dependent manner,
acquisition_method,data dependent mode,
acquisition_method,data dependent selection of the top 10 precursors,
acquisition_method,data independent acquisition,
acquisition_method,data independent acquisition (dia),
acquisition_method,data independent acquisition (dia) proteomics,
acquisition_method,data independent acquisition mode (dia),
acquisition_method,data independent acquisition strategy,
acquisition_method,data independent mode,
acquisition_method,data-dependant mode,
acquisition_method,data-depended acquisition,
acquisition_method,data-depended acquisition mode,
acquisition_method,data-dependent,
acquisition_method,data-dependent (ddms2) top 10 scan mode,
acquisition_method,data-dependent acquisition,MS:1003221
acquisition_method,data-dependent acquisition (dda),
acquisition_method,data-dependent acquisition (topn15),
acquisition_method,data-dependent acquisition mode,
acquisition_method,data-dependent acquisition mode (dda),
acquisition_method,data-dependent acquisition mode in sps ms3 (ft-it-hcd-ft-hcd) method,
acquisition_method,"data-dependent acquisition of mass spectra was carried out by performing a full scan from 400 to 1600 m/z at a resolution of 120,000",
acquisition_method,data-dependent acquisition-parallel accumulation–serial fragmentation,
acquisition_method,data-dependent analysis,
acquisition_method,data-dependent analysis was performed on an orbitrap eclipse operated in positive ionization mode,
acquisition_method,data-dependent bottom up,
acquisition_method,data-dependent experiment,
acquisition_method,data-dependent manner,
acquisition_method,data-dependent mode,
acquisition_method,data-dependent ms/ms,
acquisition_method,data-dependent ms/ms method,
acquisition_method,data-dependent ms/ms scan method,
acquisition_method,data-dependent pasef acquisition,
acquisition_method,data-dependent synchronous precursor selection (sps)-based ms3,
acquisition_method,data-dependent tandem mass spectrometry,
acquisition_method,data-dependent top 10 method,
acquisition_method,data-dependent top 10 or top 15 mode,
acquisition_method,data-dependent top speed mode,
acquisition_method,data-dependent top-20,
acquisition_method,data-independent,
acquisition_method,data-independent acquisition,MS:1003215
acquisition_method,data-independent acquisition (dia),
acquisition_method,data-independent acquisition mass spectrometry,
acquisition_method,data-independent acquisition mode,
acquisition_method,data-independent mode,
acquisition_method,data‐independent acquisition (dia),
acquisition_method,data–dependent acquisition (dda),
acquisition_method,dda,MS:1003221
acquisition_method,dda (data dependent acquisition) mode,
acquisition_method,dda acquisition modality,
acquisition_method,dda discovery runs,
acquisition_method,dda runs,
acquisition_method,ddapasef,
acquisition_method,dia,MS:1003215
acquisition_method,dia-based biomarker screening,
acquisition_method,dia-gpf,
acquisition_method,"dia-mass spectrometry (ms) raw data (swath 2.0, ±20 ppm) were matched to a dda spectral library and quantified.",
acquisition_method,dia-ms,
acquisition_method,dia-nn,MS:1003253
acquisition_method,etd,MS:1000598
acquisition_method,etd/hcd,
acquisition_method,ethcd,MS:1002631
acquisition_method,faims,
acquisition_method,gel-based experiment,
acquisition_method,hcd,MS:1000422
acquisition_method,"inferred: label-free quantification was applied for proteome profiling, while an in-house established data-dependent analysis method based on high-resolution mass spectrometry was applied for eicosadomics.",
acquisition_method,is-prm,
acquisition_method,itraq,
acquisition_method,label free,
acquisition_method,label free proteomics workflow,
acquisition_method,label-free,
acquisition_method,label-free data-independent acquisition (dia),
acquisition_method,label-free liquid chromatography coupled to tandem ms (lc-ms/ms),
acquisition_method,label-free quantification,
acquisition_method,lc-ms/ms,
acquisition_method,lc-ms/ms dia,
acquisition_method,lcms/ms,
acquisition_method,lc–ms/ms,
acquisition_method,mrm,
acquisition_method,mrm-ms,
acquisition_method,ms/ms,
acquisition_method,ms3,
acquisition_method,mudpit,
acquisition_method,multiple reaction monitoring,
acquisition_method,multiplex-dia,
acquisition_method,ndia,
acquisition_method,nth order double play,
acquisition_method,nth order double play mode,
acquisition_method,parallel reaction monitoring,MS:1003907
acquisition_method,parallel reaction monitoring (prm),
acquisition_method,pasef,
acquisition_method,prm,MS:1003907
acquisition_method,pseudoms3,
acquisition_method,selected-reaction monitoring ms,
acquisition_method,shotgun,
acquisition_method,shotgun data acquisition,
acquisition_method,shotgun proteomics,
acquisition_method,sim/ddms2,
acquisition_method,sps ms3,
acquisition_method,sps-ms3,
acquisition_method,srm,MS:1000206
acquisition_method,srm/mrm,
acquisition_method,surequant,
acquisition_method,swath dia,
acquisition_method,swath ms,
acquisition_method,synchronous precursor selection ms3 (sps ms3),
acquisition_method,tandem mass tagging (tmt),
acquisition_method,target-decoy,
acquisition_method,targeted,
acquisition_method,targeted mass spectrometry,
acquisition_method,targeted proteomics,
acquisition_method,targeted sim/ddms2,
acquisition_method,tmt,
acquisition_method,tmt 10plex,
acquisition_method,tmt-dda,
acquisition_method,tmt-lc/lc-ms/ms,
acquisition_method,tmt-ms/ms,
acquisition_method,tomahto,
acquisition_method,top 15,
acquisition_method,top 30 data-dependent mode,
acquisition_method,top-15,
acquisition_method,top-down proteomics,MS:1003351
acquisition_method,top-five method,
acquisition_method,top20 data-dependent mode,
acquisition_method,untargeted,
acquisition_method,wwa,
alkylation_reagent,10 mm chloroacetamide,
alkylation_reagent,2-chloroacetamide,CHEBI:234507
alkylation_reagent,2-chloroacetamide (caa),
alkylation_reagent,2-iodoacetamide,
alkylation_reagent,2‐chloroacetamide,
alkylation_reagent,acrylamide,CHEBI:28619
alkylation_reagent,alkylation,
alkylation_reagent,ca,
alkylation_reagent,caa,
alkylation_reagent,caa (chloroacetamide),
alkylation_reagent,carbamidomethyl,
alkylation_reagent,carbamidomethylated cysteine,
alkylation_reagent,carbamidomethylation,
alkylation_reagent,carbamidomethylation of cysteine,
alkylation_reagent,chloro-acetamide,
alkylation_reagent,chloroacetamide,
alkylation_reagent,chloroacetamide (caa),
alkylation_reagent,d0-nem,
alkylation_reagent,d5-nem,
alkylation_reagent,heavy iaa,
alkylation_reagent,iaa,
alkylation_reagent,iaa (iodoacetamide),
alkylation_reagent,iam,
alkylation_reagent,"iam (iodoacetamide, sigma, i6125)",
alkylation_reagent,indole-3-acetic acid,CHEBI:16411
alkylation_reagent,indole-3-acetic acid [iaa],
alkylation_reagent,iodacetamid,
alkylation_reagent,iodacetamid (iaa,
alkylation_reagent,iodacetamid (iaa),
alkylation_reagent,iodacetamide,
alkylation_reagent,iodioacetamide,
alkylation_reagent,iodioacetamide (iaa),
alkylation_reagent,iodoaceamide,
alkylation_reagent,iodoacetamide,
alkylation_reagent,iodoacetamide (iaa),
alkylation_reagent,"iodoacetamide (iaa, sigma)",
alkylation_reagent,iodoacetamide (iam,
alkylation_reagent,iodoacetamide (iam),
alkylation_reagent,iodoacetamide derivatized residue,
alkylation_reagent,iodoacetimide,
alkylation_reagent,ist-lyse buffer,
alkylation_reagent,"merck, germany)",
alkylation_reagent,methyl methanethiosulfonate,
alkylation_reagent,methyl methanethiosulfonate (mmts),
alkylation_reagent,mmts,
alkylation_reagent,n-ethylmaleimide,CHEBI:44485
alkylation_reagent,nem,
alkylation_reagent,propionamide at cysteine,
alkylation_reagent,s-methyl methanethiosulfonate,CHEBI:74357
alkylation_reagent,s-methyl methanethiosulfonate (mmts),
cell_line,02.3 2lambda,
cell_line,108t,
cell_line,11,
cell_line,1205-lu,
cell_line,12t,
cell_line,1321n1,
cell_line,143 b,
cell_line,143b,
cell_line,22rv1,
cell_line,2838c3,
cell_line,293 ampho,
cell_line,293-t,
cell_line,293ft,
cell_line,293t,
cell_line,293t-x,
cell_line,3t3,
cell_line,3t3-f442a,
cell_line,3t3-l1,
cell_line,3t3-l1a,
cell_line,4662-g12c,
cell_line,4662-g12d,
cell_line,4t1,
cell_line,59m,
cell_line,6419c5,
cell_line,721.174,
cell_line,721.221,
cell_line,769-p,
cell_line,786-o,
cell_line,82t,
cell_line,95c,
cell_line,95d,
cell_line,a10,
cell_line,a2058,
cell_line,a2780,
cell_line,a2780-dr,
cell_line,a2780-dr/control,
cell_line,a2780-dr/h19si,
cell_line,a2780-vim-kn,
cell_line,a375,
cell_line,a375dr1,
cell_line,a427,
cell_line,a549,
cell_line,a549/ddp,
cell_line,ac16,
cell_line,achn,
cell_line,ad293,
cell_line,ags,
cell_line,ags‐ebv,
cell_line,ags‐ebv (eags),
cell_line,aspc-1,
cell_line,az521,
cell_line,b.end5,
cell_line,b104,
cell_line,b104 neuroblastoma,
cell_line,b16,
cell_line,b16-f10,
cell_line,b16f10,
cell_line,balb-5023,
cell_line,balb/c,
cell_line,beas-2b,
cell_line,bel-7404,
cell_line,bewo,
cell_line,bicr22,
cell_line,bj,
cell_line,bj cells,
cell_line,bl21(de3),
cell_line,bl21(de3)plys,
cell_line,bmdm,
cell_line,bmdms,
cell_line,bnl cl.2,
cell_line,bppnm,
cell_line,bt-20,
cell_line,bt-474,
cell_line,bt483,
cell_line,bt549,
cell_line,burkholderia thailandensis,
cell_line,bxpc-3,
cell_line,bzr,
cell_line,c2c12,
cell_line,c3a,
cell_line,c4-2b,
cell_line,c57bl/6n,
cell_line,c666,
cell_line,c99,
cell_line,caco-2,
cell_line,caco-2/tc-7,
cell_line,caco2,
cell_line,cad,
cell_line,caf b500 nid2 krab,
cell_line,caf c500 nid2 krab,
cell_line,caf gfp-1 krab,
cell_line,caki-1,
cell_line,caki-2,
cell_line,cal 27,
cell_line,cal27,
cell_line,cal33,
cell_line,calu-1,
cell_line,calu-3,
cell_line,calu-6,
cell_line,calu1,
cell_line,cam,
cell_line,caov3,
cell_line,capan-1,
cell_line,car-1,
cell_line,cc-cr,
cell_line,ccd18,
cell_line,ccrf-cem,
cell_line,cell lines,
cell_line,cem,
cell_line,cem t cells,
cell_line,cfbe,
cell_line,cgr8,
cell_line,cho,
cell_line,cho-k1,
cell_line,cl68,
cell_line,cmk,
cell_line,cne2-m81,
cell_line,colo-205,
cell_line,colo205,
cell_line,colo320dm,
cell_line,colo678,
cell_line,control,
cell_line,cos-7,
cell_line,cov318,
cell_line,cs3be,
cell_line,cs3be-htert,
cell_line,cs3be-sv40,
cell_line,ct26,
cell_line,cx1,
cell_line,detroit562,
cell_line,difi,
cell_line,dkfz-bt317,
cell_line,dkfz-bt66,
cell_line,dld1,
cell_line,dld‐1,
cell_line,dov13,
cell_line,drosophila s2,
cell_line,dthp-1,
cell_line,du145,
cell_line,e. coli bl21,
cell_line,e. coli dh5α,
cell_line,e14,
cell_line,e14 mesc line was maintained in the naive state,
cell_line,ea.hy926,
cell_line,eahy 926,
cell_line,efm-19,
cell_line,eph4,
cell_line,es2,
cell_line,escherichia coli bl21 (de3),
cell_line,estdab102,
cell_line,estdab37,
cell_line,ex20-ki,
cell_line,ex9-ki,
cell_line,expi293,
cell_line,expi293f,
cell_line,fadu,
cell_line,fleh,
cell_line,flp-in 293,
cell_line,flp-in t-rex 293,
cell_line,flp-in t-rex 293 cells,
cell_line,flp-intm t-rextm 293,
cell_line,gamg,
cell_line,gbm39,
cell_line,gbm59,
cell_line,gbm6,
cell_line,gcb-dlbcl,
cell_line,gcb-dlbcl cell lines,
cell_line,gesicle-producer 293t,
cell_line,gist,
cell_line,gl261,
cell_line,glioblastoma,
cell_line,gm00038,
cell_line,gm0038,
cell_line,gm05381,
cell_line,gm05399,
cell_line,gm08680,
cell_line,gr,
cell_line,h1,
cell_line,h1 (wa01),
cell_line,h1155,
cell_line,h1299,
cell_line,h1395,
cell_line,h1437,
cell_line,h157,
cell_line,h1573,
cell_line,h1975,
cell_line,h1975-hgf,
cell_line,h1993,
cell_line,h2052/484,
cell_line,h2122,
cell_line,h2170,
cell_line,h226,
cell_line,h23,
cell_line,h2342,
cell_line,h292,
cell_line,h3122,
cell_line,h322,
cell_line,h3255,
cell_line,h358,
cell_line,h441,
cell_line,h460,
cell_line,h650,
cell_line,h661,
cell_line,h9,
cell_line,h9 (wa09),
cell_line,h9 (wa09) and h1 (wa01) hesc lines were obtained from wicell research institute,
cell_line,hacat,
cell_line,hacats,
cell_line,haec,
cell_line,hap-1,
cell_line,hap1,
cell_line,hcc-1428,
cell_line,hcc-44,
cell_line,hcc1143,
cell_line,hcc1428,
cell_line,hcc15,
cell_line,hcc1806,
cell_line,hcc1937,
cell_line,hcc2935,
cell_line,hcc38,
cell_line,hcc4006,
cell_line,hcc44,
cell_line,hcc827,
cell_line,hcc827-er1,
cell_line,hcclm3,
cell_line,hcec,
cell_line,hci-10,
cell_line,hcmec/d3,
cell_line,hcmecd3,
cell_line,hct 116,
cell_line,hct-116,
cell_line,hct116,
cell_line,hct116dko,
cell_line,hdc111,
cell_line,hdf,
cell_line,he293t,
cell_line,hek,
cell_line,hek 293,
cell_line,hek 293 jump in t-rex,
cell_line,hek 293et,
cell_line,hek 293t,
cell_line,hek 293t/17,
cell_line,hek cells,
cell_line,hek flp-intm t-rextm 293,
cell_line,hek wt,
cell_line,hek-293,
cell_line,hek-293ft,
cell_line,hek-293t,
cell_line,hek293,CLO:0001230
cell_line,hek293 6e,
cell_line,hek293 flip-in t-rex,
cell_line,hek293 flp-in,
cell_line,hek293 flp-in t-rex,
cell_line,hek293 fv2e-perk,
cell_line,hek293-ft,
cell_line,hek293-l10a,
cell_line,hek293-loxp-gfp-rfp,
cell_line,hek293dax,
cell_line,hek293f,
cell_line,hek293t,
cell_line,hek293tt,
cell_line,hekblue,
cell_line,hekindt11,
cell_line,hekindt2,
cell_line,hel,
cell_line,hela,
cell_line,hela cells,
cell_line,hela s3,
cell_line,hela sko,
cell_line,hela wt,
cell_line,hela-ko parp1,
cell_line,hep 3b,
cell_line,hep293tt,
cell_line,hep3b,
cell_line,hep3b-axl,
cell_line,hep3b-gfp,
cell_line,hepa1-6,
cell_line,heparg,
cell_line,hepg2,
cell_line,hepg2 simplecells,
cell_line,hepg2/c3a,
cell_line,"hescs, h9",
cell_line,heya8,
cell_line,hfib2-ips4,
cell_line,hhstec,
cell_line,hipscs,
cell_line,hitb5,
cell_line,hk cells,
cell_line,hk-2,
cell_line,hk1-akata,
cell_line,hl-60,
cell_line,hl60,
cell_line,hlf,
cell_line,hlf-t,
cell_line,hlf-ts,
cell_line,hlf-tsr,
cell_line,hmc3,
cell_line,hnscc cell lines,
cell_line,hop62,
cell_line,hs5,
cell_line,hs578t,
cell_line,ht-1080,
cell_line,ht-29,
cell_line,ht-55,
cell_line,ht1080,
cell_line,ht1197,
cell_line,ht29,
cell_line,htb94,
cell_line,htert-rpe1,
cell_line,htr8/svneo,
cell_line,hues6,
cell_line,hues6 and hues9 hesc lines were obtained from harvard stem cell institute,
cell_line,hues9,
cell_line,huh 7,
cell_line,huh-7,
cell_line,huh7,
cell_line,huh7.5,
cell_line,huh7:hla-c*01:02,
cell_line,human embryonic kidney-293t,
cell_line,hutu 80,
cell_line,huvec,
cell_line,huvecs,
cell_line,icas9-bfp,
cell_line,igrov1,
cell_line,ihcf,
cell_line,imr-32,
cell_line,imr-90,
cell_line,imr90,
cell_line,ishikawa,
cell_line,ishikawa cells,
cell_line,jf-305,
cell_line,jhoc5,
cell_line,jhu-o11,
cell_line,jhu-o22,
cell_line,jhu-o28,
cell_line,jhu-o29,
cell_line,jl1,
cell_line,jurkat,
cell_line,jy,
cell_line,k18905,
cell_line,k562,
cell_line,k8484,
cell_line,kasumi-1,
cell_line,katoiii,
cell_line,kbm7,
cell_line,kbm7 icas9,
cell_line,kg-1,
cell_line,khyg-1,
cell_line,km12c,
cell_line,km12sm,
cell_line,kpc,
cell_line,kpcy 6499c4,
cell_line,kuramochi,
cell_line,l0-2,
cell_line,l929,
cell_line,lapc4,
cell_line,lcls,
cell_line,leh,
cell_line,ll-97a,
cell_line,ll24,
cell_line,lm2,
cell_line,ln229,
cell_line,lncap,
cell_line,ls180,
cell_line,luca62,
cell_line,lung cancer cell lines,
cell_line,m026,
cell_line,m026.x1.cl,
cell_line,m026r.x1.cl,
cell_line,m029.x1.cl,
cell_line,m029r.x1.cl,
cell_line,m14,
cell_line,mach1-t1 cells,
cell_line,mc3t3-e1,
cell_line,mcf-10a,
cell_line,mcf-12a,
cell_line,mcf-7,
cell_line,mcf-7 flp-in,
cell_line,mcf-7 rb1-knockout,
cell_line,mcf10a,
cell_line,mcf7,
cell_line,mda mb 468,
cell_line,mda-mb-157,
cell_line,mda-mb-231,
cell_line,mda-mb-415,
cell_line,mda-mb-468,
cell_line,mda-mb231,
cell_line,mdamb436,
cell_line,mdst-8,
cell_line,mef,
cell_line,mel-st,
cell_line,mel15 lcl,
cell_line,mel624,
cell_line,melanoma cell lines,
cell_line,mesc e14,
cell_line,met5a,
cell_line,mfm223,
cell_line,mhcc97h,
cell_line,mia paca-2,
cell_line,mia-pa-ca-2,
cell_line,mino,
cell_line,mkn28,
cell_line,mm.1s,
cell_line,mnt-1,
cell_line,mnt-1-dr100,
cell_line,mnt1,
cell_line,mo3.13,
cell_line,mo3.13/galc-ko,
cell_line,molm-13,
cell_line,molm-14,
cell_line,motn-1,
cell_line,mouse embryonic stem cells,
cell_line,mouse escs,
cell_line,mrc-5,
cell_line,mrc-9,
cell_line,mrc5,
cell_line,mt-caf,
cell_line,mv-4-11,
cell_line,mv4,
cell_line,mv4-11,
cell_line,n2a,
cell_line,n87,
cell_line,naa80 knockout cells,
cell_line,naa80 wt and ko cells,
cell_line,nalm-6,
cell_line,nb-4,
cell_line,nb1,
cell_line,ncc24,
cell_line,ncc24 (snu‐ncc‐24),
cell_line,nci h226,
cell_line,nci h23,
cell_line,nci-h1299,
cell_line,nci-h1339,
cell_line,nci-h1993,
cell_line,nci-h2228,
cell_line,nci-h23,
cell_line,nci-h292,
cell_line,nci-h460,
cell_line,nci-h929,
cell_line,nd7/23,
cell_line,neuroblastoma cell lines,
cell_line,nf2 ko,
cell_line,nih/3t3 rd12,
cell_line,nih3t3,
cell_line,nihovcar3,
cell_line,nk-92,
cell_line,nkl,
cell_line,nkl-kir2dl2,
cell_line,nkl-kir2ds2,
cell_line,normal oral cell line,
cell_line,nuli-1,
cell_line,ocum1,
cell_line,oe21,
cell_line,okf6/tert1,
cell_line,osca78,
cell_line,osca8,
cell_line,osrc-2,
cell_line,ovcar-8,
cell_line,ovcar3,
cell_line,ovcar5,
cell_line,ovkate,
cell_line,ovsaho,
cell_line,p31/fuj,
cell_line,pa01c,
cell_line,pa14c,
cell_line,pa16c,
cell_line,panc-1,
cell_line,panc1,
cell_line,pbmc,
cell_line,pc-3,
cell_line,pc3,
cell_line,pc9,
cell_line,pdac cell lines,
cell_line,peo4,
cell_line,phoenix ecotropic (e) packaging cells,
cell_line,phoenix‐a,
cell_line,pkm2 ko,
cell_line,ppnm,
cell_line,ppp2r5d e420k knock-in,
cell_line,ppp2r5d knockout hek293,
cell_line,prkg1-depleted rms cells,
cell_line,pymt,
cell_line,raji,
cell_line,raji-dcsignr,
cell_line,ramos,
cell_line,raw 264.7,
cell_line,raw264.7,
cell_line,rcc4,
cell_line,rcm-1,
cell_line,rencell vm,
cell_line,rko,
cell_line,rko icas9-gfp,
cell_line,rms cell lines,
cell_line,rosetta2 plyss,
cell_line,rpe-1,
cell_line,rpe/u2os-fgfr4,
cell_line,rpe1,
cell_line,rpe1-htert,
cell_line,rpmi 8226,
cell_line,rs4,
cell_line,rt4,
cell_line,s2,
cell_line,saos2,
cell_line,sc,
cell_line,scc-25,
cell_line,scc15,
cell_line,scc7,
cell_line,scc7-m,
cell_line,scvi-273,
cell_line,sem,
cell_line,sf9,
cell_line,sgbs,
cell_line,sh-sy5y,
cell_line,sh-sy5y neuroblastoma cell line,
cell_line,shsy5y,
cell_line,sike-cr,
cell_line,six human cell lines,
cell_line,sk mel 28,
cell_line,sk-br-3,
cell_line,sk-mel 24,
cell_line,sk-mel 28,
cell_line,sk-mel-147,
cell_line,sk-mel-28,
cell_line,sk-mel-94,
cell_line,sk-n-be(2),
cell_line,sk-ov-3,
cell_line,skbr3,
cell_line,skbr3-azdrc,
cell_line,skmel2,
cell_line,skmel28,
cell_line,skmel5,
cell_line,skn-sh,
cell_line,skov-3,
cell_line,skov3,
cell_line,skov3ip1,
cell_line,sn12-pm6,
cell_line,snu119,
cell_line,snu1750,
cell_line,snu182,
cell_line,snu449,
cell_line,snu601,
cell_line,snu719,
cell_line,stc-1,
cell_line,sum159,
cell_line,sv40-transformed human fibroblasts xp2os,
cell_line,sw-1116,
cell_line,sw-480,
cell_line,sw1222,
cell_line,sw13,
cell_line,sw480,
cell_line,sw620,
cell_line,sw837,
cell_line,t-47d,
cell_line,t47d,
cell_line,t47d.shmdm2,
cell_line,tamoxifen-resistant mcf-7,
cell_line,tb32043,
cell_line,thle-2,
cell_line,thp-1,
cell_line,thp1,
cell_line,thp1blue,
cell_line,tiger hek 293t,
cell_line,tmk1,
cell_line,tp53rk-deficient,
cell_line,trapγ-deficient cells (cdg359),
cell_line,trapδ-deficient cells (cdg406),
cell_line,tyknu,
cell_line,u-118,
cell_line,u-2 os,
cell_line,u-2 os diva-flag-gfp-smc1,
cell_line,u118,
cell_line,u251,
cell_line,u2os,
cell_line,u2os flp-in t-rex,
cell_line,u2os t-rex,
cell_line,u2os-xpa ko,
cell_line,u2os-xpf ko,
cell_line,u2osscaf1-aid,
cell_line,u3017mg,
cell_line,u3034mg,
cell_line,u3047mg,
cell_line,u343,
cell_line,u698m,
cell_line,u87,
cell_line,u87-mg,
cell_line,u87mg,
cell_line,u937,
cell_line,uacc-62,
cell_line,ub replacement cell line panel,
cell_line,um-scc-6,
cell_line,vaco5,
cell_line,vh10-htert,
cell_line,wi-38,
cell_line,wm88,
cell_line,wtc11,
cell_line,xp2os-2-18,
cell_line,xtc,
cell_line,yamato,
cell_line,ycc3,
cell_line,yccel1,
cell_line,zl34,
cell_line,zr-75-1,
cell_line,zr-75-30,
cell_type,acute lymphoblastic leukemia cell type,
cell_type,acute myeloid leukemia cells,
cell_type,adipocyte,CL:0000136
cell_type,adipocytes,
cell_type,adipose fibroblasts,
cell_type,adipose-derived mesenchymal stem cells,
cell_type,adipose-derived msc,
cell_type,adipose-derived stromal cell,
cell_type,alveolar cells,
cell_type,alveolar epithelial cell,CL:0000322
cell_type,alveolar epithelial cell line,
cell_type,alveolar macrophages,
cell_type,"alveolar, type-2",
cell_type,aml blast,
cell_type,aml blast cells,
cell_type,aml cells,
cell_type,aml primary cells,
cell_type,articular chondrocytes,
cell_type,astrocyte,CL:0000127
cell_type,astrocytes,
cell_type,b cell,CL:0000236
cell_type,b cells,
cell_type,b-all pdx cells,
cell_type,b-cell acute lymphoblastic leukemia cell,
cell_type,b-cell precursor acute lymphoblastic leukemia cells,
cell_type,b-cll cells,
cell_type,b-lymphocyte,CL:0000236
cell_type,bacteria,
cell_type,bacterial cell,
cell_type,bacterium,
cell_type,banded neutrophils,
cell_type,bergmann glia,
cell_type,beta cell,
cell_type,biliary epithelial cell,
cell_type,biliary epithelial cells,
cell_type,bladder cancer cell,
cell_type,blood,
cell_type,blood cell,CL:0000081
cell_type,blood mononuclear cells,
cell_type,blood platelet,CL:0000233
cell_type,bmdms,
cell_type,bone marrow cells,
cell_type,bone marrow stromal cell,CL:0010001
cell_type,bone marrow stromal cells,
cell_type,bone marrow-derived cells,
cell_type,bone marrow-derived macrophage,
cell_type,bone marrow-derived macrophages,
cell_type,bone marrow-derived mesenchymal stem cells,
cell_type,bone marrow-derived msc,
cell_type,bone-marrow-derived macrophage,
cell_type,brain cells,
cell_type,brain endothelial cells,
cell_type,brain microvascular endothelial cell,CL:2000044
cell_type,brain microvascular endothelial cells,
cell_type,brain microvessels,
cell_type,brain tumor cells,
cell_type,brain tumor-initiating cells,
cell_type,brain vessels,
cell_type,breast cancer cell,
cell_type,breast cancer cells,
cell_type,breast cancer tissue,
cell_type,breast carcinoma cells,
cell_type,breast epithelial cell,CL:0002327
cell_type,breast epithelial cells,
cell_type,breast tissue,
cell_type,breast tumor samples,
cell_type,bronchial epithelial cell,CL:0002328
cell_type,bronchial epithelial cells,
cell_type,brown adipocyte,CL:0000449
cell_type,brown adipocytes,
cell_type,brown fat cell,CL:0000449
cell_type,brown fat cell differentiation,
cell_type,brown progenitors,
cell_type,btics,
cell_type,buccal cells,
cell_type,calvarial osteoblast,CL:2000058
cell_type,cancer associated fibroblasts,
cell_type,cancer cell,
cell_type,cancer cell line,
cell_type,cancer cells,
cell_type,cancer stem cells,
cell_type,cancer-associated fibroblast,
cell_type,cancer-associated fibroblasts,
cell_type,cancer-associated myofibroblasts,
cell_type,cardiac cells,
cell_type,cardiac fibroblast,CL:0002548
cell_type,cardiac fibroblasts,
cell_type,cardiac muscle cell,CL:0000746
cell_type,cardiac organoid,
cell_type,cardiocyte,CL:0002494
cell_type,cardiomyocyte,CL:0000746
cell_type,cardiomyocytes,
cell_type,cd14+cd163+ tumor-induced dc3s,
cell_type,cd19+ b lymphocytes,
cell_type,cd34+ bone marrow cells,
cell_type,cd4 t cells,
cell_type,cd4+ follicular helper t cells (tfh),
cell_type,cd4+ memory cells,
cell_type,cd4+ memory t cells,
cell_type,cd4+ t cell,
cell_type,cd4+ t cells,
cell_type,cd4+ t lymphocyte,
cell_type,cd4+ t-cells,
cell_type,cd8 t cell,
cell_type,cd8 t cells,
cell_type,cd8 t-cells,
cell_type,cd8+ t cell,
cell_type,cd8+ t cells,
cell_type,cd8+ t lymphocytes,
cell_type,cd8+ t-cells,
cell_type,cdc2s,
cell_type,cell,CL:0000000
cell_type,cell culture,
cell_type,cell cultures,
cell_type,cell line,
cell_type,cell line cell,
cell_type,cell lines,
cell_type,cells lining the urinary tract,
cell_type,cerebellar purkinje cells,
cell_type,cervical adenocarcinoma cell,
cell_type,cervical cancer cell,
cell_type,cervical carcinoma cell,
cell_type,cervical cell,
cell_type,cervical epithelial cell,
cell_type,chemoresistant cells,
cell_type,chondrocyte,CL:0000138
cell_type,chondrocytes,
cell_type,choroidal melanocyte,CL:4030000
cell_type,classical monocytes (cmonocytes),
cell_type,club cell,CL:0000158
cell_type,colon cancer cell,
cell_type,colon carcinoma cell,
cell_type,colon carcinoma cells,
cell_type,colon endothelium,
cell_type,colon epithelial cell,CL:0011108
cell_type,colon epithelial cells,
cell_type,colon tissue cells,
cell_type,colorectal adenocarcinoma cell,
cell_type,colorectal cancer cell,
cell_type,colorectal cancer cells,
cell_type,colorectal epithelial cell,
cell_type,conventional cd4+ t (tconv) cells,
cell_type,conventional t cell,
cell_type,corneal endothelial cell,CL:0000132
cell_type,cortical neurons,
cell_type,cortical-like ineurons,
cell_type,cytotoxic t-lymphocyte,CL:0000910
cell_type,dendritic cell,CL:0000451
cell_type,dendritic cells,
cell_type,dental calculus,
cell_type,dental plaque,
cell_type,dental pulp stem cells,
cell_type,dermal fibroblast,
cell_type,dermal fibroblasts,
cell_type,dermal microvascular endothelial cells,
cell_type,diploid cell,CL:0000415
cell_type,dopamine neuron,
cell_type,dopaminergic neuron,CL:0000700
cell_type,dopaminergic neurons,
cell_type,ductal carcinoma,
cell_type,ductal epithelial cell,
cell_type,duodenal epithelium,
cell_type,e. coli,
cell_type,e. coli cells,
cell_type,e. coli k-12 mg1655,
cell_type,early embryonic cell,
cell_type,ectoderm cell,CL:0000221
cell_type,ectomesenchymal progenitors,
cell_type,ectomesenchyme,
cell_type,electrically active cell,CL:0000211
cell_type,elongating spermatid,
cell_type,elongating spermatids,
cell_type,embryo,
cell_type,embryoid body cell,
cell_type,embryonal kidney cell,
cell_type,embryonic fibroblast,CL:2000042
cell_type,embryonic fibroblasts,
cell_type,embryonic kidney,
cell_type,embryonic kidney cell,
cell_type,embryonic kidney cells,
cell_type,embryonic stem cell,CL:0002322
cell_type,embryonic stem cells,
cell_type,endoderm cell,CL:0000223
cell_type,endometrial epithelial cells,
cell_type,endometrial stromal cells,
cell_type,endothelial cell,CL:0000115
cell_type,endothelial cell of umbilical vein,CL:0002618
cell_type,endothelial cells,
cell_type,endothelial cells and vascular smooth muscle cells,
cell_type,endothelial colony forming cell,CL:0009090
cell_type,endothelial progenitor cells,
cell_type,enterocyte,CL:0000584
cell_type,ependymal cell,CL:0000065
cell_type,ependymal cells,
cell_type,epidermal cells,
cell_type,epidermal keratinocyte,CL:4052061
cell_type,epidermoid carcinoma cell,
cell_type,epithelial,
cell_type,epithelial cell,CL:0000066
cell_type,epithelial cell of cervix,CL:0002535
cell_type,epithelial cell of lung,CL:0000082
cell_type,epithelial cell of prostate,CL:0002231
cell_type,epithelial cells,
cell_type,epithelial intestinal cell,
cell_type,epithelial ovarian cancer cell,
cell_type,"epithelial, alveolar type-2",
cell_type,epithelial-like cell,
cell_type,erythroblasts,
cell_type,erythrocyte,CL:0000232
cell_type,erythrocytes,
cell_type,escherichia coli cells,
cell_type,esophageal adenocarcinoma cell,
cell_type,esophageal squamous cell cancer cells,
cell_type,ewing sarcoma cell,
cell_type,ewing sarcoma cells,
cell_type,excitatory cortical neuron,
cell_type,excitatory neuron,
cell_type,excitatory neurons,
cell_type,exosomes,
cell_type,extracellular vesicle,
cell_type,extracellular vesicles,
cell_type,extravillous trophoblasts,
cell_type,fallopian tube epithelial cell,CL:4052018
cell_type,fallopian tube epithelial cells,
cell_type,fallopian tube secretory epithelial cell,CL:4030006
cell_type,fat cell,CL:0000136
cell_type,fibroblast,CL:0000057
cell_type,fibroblasts,
cell_type,fibrotic niche cells,
cell_type,gastric cancer cell,
cell_type,gastric epithelial cell,
cell_type,gbm cells,
cell_type,gbm tumor cells,
cell_type,gcb-like diffuse large b cell lymphomas (gcb-dlbcls),
cell_type,germ cell,CL:0000586
cell_type,germ cells,
cell_type,germinal center (gc) b cells,
cell_type,germinal center b cell,CL:0000844
cell_type,gingival epithelium keratinocytes,
cell_type,gingival fibroblast,
cell_type,gingival fibroblasts,
cell_type,gingival keratinocyte,
cell_type,glial cell,CL:0000125
cell_type,glial cells,
cell_type,glioblastoma,
cell_type,glioblastoma cell,
cell_type,glioblastoma cells,
cell_type,glioblastoma stem cell,
cell_type,glioma cell,
cell_type,glomerular cell,CL:1000746
cell_type,glomerular cells,
cell_type,glomeruli,
cell_type,glutamatergic neuron,CL:0000679
cell_type,goblet cell,CL:0000160
cell_type,goblet cells,
cell_type,granular lymphocyte,
cell_type,guard cells,
cell_type,haploid cell,CL:0000413
cell_type,hcc cells,
cell_type,hdf,
cell_type,head and neck squamous cell carcinoma cell,
cell_type,healthy t cells,
cell_type,hek 293t cells,
cell_type,hek293,
cell_type,hek293f cells,
cell_type,hela,
cell_type,hela cell,
cell_type,hela cells,
cell_type,helper t-lymphocyte,CL:0000912
cell_type,hematopoietic,
cell_type,hematopoietic cell,CL:0000988
cell_type,hematopoietic cell line,
cell_type,hematopoietic cells,
cell_type,hematopoietic stem and progenitor cells,
cell_type,hematopoietic stem cell,CL:0000037
cell_type,hematopoietic stem cells,
cell_type,hepatic cell,
cell_type,hepatic stellate cell,CL:0000632
cell_type,hepatic stellate cells,
cell_type,hepatocellular carcinoma,
cell_type,hepatocellular carcinoma (hcc) is notorious for its early and frequent metastases.,
cell_type,hepatocellular carcinoma cell,
cell_type,hepatocellular carcinoma cells,
cell_type,hepatocyte,CL:0000182
cell_type,hepatocyte-like cell,
cell_type,hepatocytes,
cell_type,hippocampus,
cell_type,hipsc,
cell_type,hipscs,
cell_type,hofbauer cell,CL:3000001
cell_type,host cell,
cell_type,host cells,
cell_type,hrec,
cell_type,hrecs,
cell_type,hspcs,
cell_type,hspcs (lin-c-kit+),
cell_type,huh7 hepatocytes,
cell_type,human cell,
cell_type,human cells,
cell_type,human dermal fibroblasts,
cell_type,human embryonic stem cell,
cell_type,human embryonic stem cells,
cell_type,human foreskin fibroblasts,
cell_type,human induced pluripotent stem cells,
cell_type,human mast cell,
cell_type,human mesenchymal stem cells,
cell_type,human pancreatic β-cells,
cell_type,human proteins,
cell_type,huvecs,
cell_type,hypersegmented neutrophils,
cell_type,i3neuron,
cell_type,iel,CL:0002496
cell_type,immortalized bone marrow-derived macrophage,
cell_type,immortalized endothelial cells,
cell_type,immortalized hsaecs,
cell_type,immortalized human fibroblasts,
cell_type,immortalized mouse macrophages,
cell_type,immune cell,
cell_type,immune cells,
cell_type,induced dopaminergic neurons,
cell_type,induced ecm-supported brain endothelial cells,
cell_type,induced neurons,
cell_type,induced pluripotent stem cell,
cell_type,induced pluripotent stem cells,
cell_type,ineuron,
cell_type,ineurons,
cell_type,interphase cells,
cell_type,interstitial tissue,
cell_type,intervertebral disc cell,
cell_type,intestinal epithelial cell,CL:0002563
cell_type,intestinal epithelial cell maturation,
cell_type,ipn cells,
cell_type,ipsc,
cell_type,ipscs,
cell_type,islet,
cell_type,ivd primary cells,
cell_type,keratinocyte,CL:0000312
cell_type,keratinocyte cells,
cell_type,keratinocytes,
cell_type,kidney,
cell_type,kidney cell,CL:1000497
cell_type,kidney cells,
cell_type,kidney epithelial cell,CL:0002518
cell_type,kidney epithelial cells,
cell_type,kidney tissue,
cell_type,kupffer cell,CL:0000091
cell_type,le/mvbs,
cell_type,leaf cell,
cell_type,leukemia cell,
cell_type,leukemia stem cells,
cell_type,leukemic b lymphocyte,
cell_type,leukemic blast,
cell_type,leukemic blasts,
cell_type,leukemic cell,
cell_type,leukocyte,CL:0000738
cell_type,leukocytes,
cell_type,live cells,
cell_type,liver cell,
cell_type,living cells,
cell_type,lobular epithelium,
cell_type,luminal progenitor,
cell_type,lung adenocarcinoma cell,
cell_type,lung cancer cell,
cell_type,lung cancer cells,
cell_type,lung carcinoma cell,
cell_type,lung carcinoma cells,
cell_type,lung epithelial cell,CL:0000082
cell_type,lung fibroblast,
cell_type,lx2,
cell_type,lymphoblastoid epstein-barr virus–b cells,
cell_type,lymphocyte,CL:0000542
cell_type,lymphocytes,
cell_type,lymphoid cell,
cell_type,lymphoid leukemia cells,
cell_type,macrophage,CL:0000235
cell_type,macrophage-like monocytic cells,
cell_type,macrophages,
cell_type,macrophages and neutrophils,
cell_type,male germ cell,CL:0000015
cell_type,male germ cells,
cell_type,malignant cell,CL:0001064
cell_type,mammalian cells,
cell_type,mammary carcinoma cell,
cell_type,mammary carcinoma cell line,
cell_type,mammary epithelial cell,CL:0002327
cell_type,mammary epithelial cells,
cell_type,mammary fibroblast,
cell_type,mammary fibroblasts,
cell_type,mammary gland epithelial cell,CL:0002327
cell_type,mammary tumor,
cell_type,mammary tumor cell,
cell_type,mast cell,CL:0000097
cell_type,mature adipocytes,
cell_type,mature neutrophil,CL:0000096
cell_type,mature neutrophils,
cell_type,melanocyte,CL:0000148
cell_type,melanocytes,
cell_type,melanoma,
cell_type,melanoma cell,
cell_type,melanoma cells,
cell_type,membrane,
cell_type,membrane fractions,
cell_type,mescs,
cell_type,mesenchymal cell,CL:0008019
cell_type,mesenchymal hsaecs,
cell_type,mesenchymal hsaecs treated with tnfα for 1 h,
cell_type,mesenchymal stem cell,CL:0000134
cell_type,mesenchymal stem cells,
cell_type,mesenchymal stromal cells,
cell_type,mesoderm cell,CL:0000222
cell_type,mesothelial cell,CL:0000077
cell_type,microglia,
cell_type,microvascular endothelium,
cell_type,mitochondria,
cell_type,mitotic cells,
cell_type,monocyte,CL:0000576
cell_type,monocyte-derived cells,
cell_type,monocyte-derived hepatocyte-like cells,
cell_type,monocyte-derived macrophages,
cell_type,monocytes,
cell_type,monocytic cell,
cell_type,monocytic leukaemia cell,
cell_type,mononuclear cells,
cell_type,motor neurons,
cell_type,mouse embryonic fibroblasts,
cell_type,mouse embryonic stem cells,
cell_type,mouse embryonic stem cells (mescs),
cell_type,mouse esc,
cell_type,mucoepidermoid cell,
cell_type,murine adipocytes,
cell_type,muscle cell,CL:0000187
cell_type,muscle fibre,
cell_type,muscle stem cells,
cell_type,mycoplasma-free cell,
cell_type,myeloid,
cell_type,myeloid cell,CL:0000763
cell_type,myoblast,CL:0000056
cell_type,myocyte,CL:0000187
cell_type,myofibers,
cell_type,myofibroblast,
cell_type,myofibroblasts,
cell_type,myotube,CL:0002372
cell_type,myotubes,
cell_type,nasopharyngeal carcinoma cell,
cell_type,natural killer (nk) cells,
cell_type,natural killer cell,CL:0000623
cell_type,naïve human pluripotent stem cell,
cell_type,naïve t cells,
cell_type,neonatal fibroblasts,
cell_type,neoplastic cell,CL:0001063
cell_type,neural cell,CL:0002319
cell_type,neural cells,
cell_type,neural progenitor cell,CL:0011020
cell_type,neural progenitor cells,
cell_type,neural progenitors,
cell_type,neural stem cell,CL:0000047
cell_type,neural stem cells,
cell_type,neuroblast,CL:0000031
cell_type,neuroblastoma,
cell_type,neuroblastoma cell,
cell_type,neuroblastoma cells,
cell_type,neuroblastoma-derived cell,
cell_type,neuroendocrine cells,
cell_type,neuromelanin granules,
cell_type,neuron,CL:0000540
cell_type,neuron of cerebral cortex,CL:0010012
cell_type,neuron-like cell,
cell_type,neuron-like cells,
cell_type,neuronal,
cell_type,neuronal cell,
cell_type,neuronal cells,
cell_type,neuronal counterpart,
cell_type,neuronal cultures,
cell_type,neuronal progenitor cell,
cell_type,neuronal stem cell,CL:0000047
cell_type,neurons,
cell_type,neutrophil,CL:0000775
cell_type,neutrophils,
cell_type,nih/3t3 cells,
cell_type,nk cell,CL:0000623
cell_type,nk cells,
cell_type,non-cancerous lung epithelial cell,
cell_type,non-classical monocytes (ncmonocytes),
cell_type,non-malignant cells,
cell_type,non-small cell lung cancer cells,
cell_type,normal cd34+ bone marrow cells,
cell_type,normal hsaecs,
cell_type,normal hsaecs treated with tnfα for 1 h,
cell_type,normal human articular knee chondrocytes,
cell_type,normal liver cell,
cell_type,nuclear cell,
cell_type,nuclear extract,
cell_type,nucleated bone marrow cells,
cell_type,nucleus pulposus cell of intervertebral disc,CL:0002564
cell_type,nutrient-stimulated cells,
cell_type,oligodendrocyte,CL:0000128
cell_type,oligodendrocyte precursor cells,
cell_type,oligodendrocyte progenitor cells,
cell_type,oligodendrocytic cell,
cell_type,omental tissue,
cell_type,oocyte,CL:0000023
cell_type,oocytes,
cell_type,oral cell,
cell_type,oral keratinocyte,
cell_type,organoid,
cell_type,osteoblast,CL:0000062
cell_type,osteoblast cell,
cell_type,osteoblasts,
cell_type,osteoclast,CL:0000092
cell_type,osteocyte,CL:0000137
cell_type,osteolineage cells,
cell_type,osteosarcoma,
cell_type,osteosarcoma cell,
cell_type,ovarian cancer cell,
cell_type,ovarian cancer cell type,
cell_type,ovarian cancer cells,
cell_type,ovarian cell,
cell_type,ovarian fibroblast,CL:2000063
cell_type,ovarian surface epithelial cell,CL:2000064
cell_type,ovarian surface epithelial cells,
cell_type,ovarian tissue,
cell_type,pan t cells,
cell_type,pancreatic cancer cell,
cell_type,pancreatic cancer cells,
cell_type,pancreatic duct,
cell_type,pancreatic ductal adenocarcinoma,
cell_type,pancreatic ductal adenocarcinoma cell,
cell_type,pancreatic ductal cell,CL:0002079
cell_type,pancreatic islet beta cell,
cell_type,pancreatic islet cell,
cell_type,patient-derived cell lines,
cell_type,patients,
cell_type,pbmc,CL:2000001
cell_type,pbmcs,
cell_type,pdgfrî2+ mesenchymal cells,
cell_type,peri-lobular stroma,
cell_type,peripheral blood monocyte,
cell_type,peripheral blood mononuclear cell,CL:2000001
cell_type,peripheral blood mononuclear cells,
cell_type,peripheral blood mononuclear cells (pbmcs),
cell_type,peripheral neuron cell,
cell_type,peripheral neuron cells,
cell_type,peritoneal mesothelial cells,
cell_type,permanent cell line,
cell_type,permanent cell line cell,
cell_type,phloem,
cell_type,phloem sap,
cell_type,pilocytic astrocytoma,
cell_type,placental villous stromal cell,
cell_type,plant cell,
cell_type,plasma,
cell_type,plasma cell,CL:0000786
cell_type,plasma cells,
cell_type,platelet,CL:0000233
cell_type,platelet sub-cellular fractions,
cell_type,platelets,
cell_type,pluripotent stem cell,CL:0002248
cell_type,pluripotent stem cells,
cell_type,podocyte,CL:0000653
cell_type,podocytes,
cell_type,pre-adipocyte,
cell_type,pre-adipocytes,
cell_type,preadipocyte,CL:0002334
cell_type,preadipocytes,
cell_type,primary aml cells,
cell_type,primary b cells,
cell_type,primary brain endothelial cells,
cell_type,primary cancer-associated myofibroblasts,
cell_type,primary cell,
cell_type,primary cells,
cell_type,primary cilia,
cell_type,primary human endothelial cells,
cell_type,primary human fibroblasts,
cell_type,primary human mammary fibroblasts,
cell_type,primary human umbilical vein endothelial cells,
cell_type,primary keratinocytes,
cell_type,primary macrophage,
cell_type,primary murine adipocyte cultures,
cell_type,primary murine adipocytes,
cell_type,primary myotubes,
cell_type,primary specimens,
cell_type,primordial germ cells,
cell_type,pro-monocytes,
cell_type,progenitor cell,CL:0011026
cell_type,progenitors,
cell_type,promyelocyte,CL:0000836
cell_type,promyelocytic leukemia cell,
cell_type,proneu and preneu progenitors,
cell_type,prostate cancer cell,
cell_type,prostate cancer cell line,
cell_type,prostate cell,
cell_type,prostate epithelial cell,CL:0002231
cell_type,proximal tubule,
cell_type,proximal tubule cell,
cell_type,pulmonary artery endothelial cell,CL:1001568
cell_type,pulmonary microvascular endothelial cells,
cell_type,purkinje cell,CL:0000121
cell_type,purkinje cells,
cell_type,quiescent cells,
cell_type,rbcs,
cell_type,red blood cell,CL:0000232
cell_type,red blood cells,
cell_type,regulatory t (treg) cells,
cell_type,regulatory t cell,CL:0000815
cell_type,renal cancer cell,
cell_type,renal cell,
cell_type,renal epithelial cell,
cell_type,renal epithelial cells,
cell_type,renal glomerular capsule,
cell_type,renal glomerulus,
cell_type,reticulocyte,CL:0000558
cell_type,reticulocytes,
cell_type,retina,
cell_type,retinal cell,CL:0009004
cell_type,retinal cells,
cell_type,retinal organoid,
cell_type,retinal organoids,
cell_type,retinal pigment epithelial cell,CL:0002586
cell_type,retinal pigment epithelial cells,
cell_type,retinal pigment epithelium,
cell_type,retinal pigment epithelium cell,
cell_type,rhabdomyosarcoma cells,
cell_type,ribosomal 60s subunit,
cell_type,ribosome,
cell_type,round spermatid,CL:4030036
cell_type,round spermatids,
cell_type,rpe,CL:0002586
cell_type,salivary gland cells,
cell_type,salivary gland epithelial cell,
cell_type,sarcoma cell,
cell_type,satellite cells,
cell_type,schwann cell,CL:0002573
cell_type,schwann cells,
cell_type,secretory cell,CL:0000151
cell_type,seedling,
cell_type,seedlings,
cell_type,short term hematopoietic stem cell,CL:0002033
cell_type,skeletal muscle,
cell_type,skeletal muscle cell,CL:0000188
cell_type,skeletal muscle cells,
cell_type,skeletal muscle fiber,CL:0008002
cell_type,skin,
cell_type,small airway epithelial cell,
cell_type,small airway epithelial cells,
cell_type,smooth muscle cell,CL:0000192
cell_type,smooth muscle cells,
cell_type,somatic cells,
cell_type,sperm,CL:0000019
cell_type,sperm cell,CL:0000019
cell_type,sperm cells,
cell_type,spermatid,CL:0000018
cell_type,spermatids,
cell_type,spermatocyte,CL:0000017
cell_type,spermatocytes,
cell_type,spermatozoa,
cell_type,spermatozoon,CL:0000019
cell_type,spheroplast,CL:0000524
cell_type,spinal astrocytes,
cell_type,spinal cords,
cell_type,spinal mns,
cell_type,squamous cell,
cell_type,squamous cell carcinoma cell,
cell_type,squamous epithelial cell,CL:0000076
cell_type,stem cell,CL:0000034
cell_type,stem cells,
cell_type,stem cells and epithelial cells,
cell_type,stomatal guard cells,
cell_type,stroma,
cell_type,stromal,
cell_type,stromal cell,CL:0000499
cell_type,stromal cells,
cell_type,stromal vascular fraction,
cell_type,stromal vascular fraction (svf),
cell_type,stromal vascular fraction (svf) cells,
cell_type,stromal vascular fraction cells,
cell_type,supragingival plaque,
cell_type,svf cells,
cell_type,synovial fibroblasts,
cell_type,t and nk-cells,
cell_type,t cell,CL:0000084
cell_type,t cells,
cell_type,t lymphocyte,CL:0000084
cell_type,t lymphocytes,
cell_type,t-all blasts,
cell_type,t-cell,CL:0000084
cell_type,t-cell hybridoma,
cell_type,tachyzoites,
cell_type,tat-fviii peptide-treated rbcs,
cell_type,tconv cell,
cell_type,testicular cell,
cell_type,testicular cells,
cell_type,testis cell,
cell_type,testis cells,
cell_type,tfh cells,
cell_type,tgfβ induced mesenchymal hsaecs,
cell_type,th17 cell,CL:0000899
cell_type,treg cell,
cell_type,triple negative breast cancer cell,
cell_type,trophectoderm,
cell_type,trophectoderm-like cell,
cell_type,trophoblast,
cell_type,trophoblast cell,CL:0000351
cell_type,trophoblastic cell,CL:0000351
cell_type,trophoblasts,
cell_type,tubulointerstitium cell,
cell_type,tumor cell,
cell_type,tumor cells,
cell_type,tumor tissue,
cell_type,tumor-associated macrophages,
cell_type,type b pancreatic cell,CL:0000169
cell_type,type i muscle cell,CL:0002211
cell_type,type ii muscle cell,CL:0002212
cell_type,umbilical vein endothelial cells,
cell_type,urinary cell,
cell_type,urinary epithelial cell,
cell_type,urothelial carcinoma,
cell_type,urothelial cell,CL:0000731
cell_type,uterine lining cell,
cell_type,vacuolar fraction,
cell_type,vaginal epithelial,
cell_type,vaginal epithelial cells,
cell_type,vascular endothelial cell,CL:0002139
cell_type,vascular smooth muscle cells,
cell_type,vessel,
cell_type,villous trophoblasts,
cell_type,vocal fold epithelial cells,
cell_type,vsmc,CL:0000359
cell_type,vγ9vδ2-t cells,
cell_type,white fat cell,
cell_type,yeast,
cell_type,yeast cell,
cell_type,yeast cells,
cleavage_agent,arg-c,MS:1001303
cleavage_agent,argc,
cleavage_agent,arg‐c,
cleavage_agent,asp-n,MS:1001304
cleavage_agent,aspn,
cleavage_agent,calpain,
cleavage_agent,chondroitinase abc,
cleavage_agent,chymotrypsin,MS:1001306
cleavage_agent,elastase,
cleavage_agent,endopeptidase lys c,
cleavage_agent,endoproteinase glu-c,
cleavage_agent,endoproteinase lys-c,
cleavage_agent,endoproteinase lysc,
cleavage_agent,full-trypsin,
cleavage_agent,gel trypsin,
cleavage_agent,gingisrex,
cleavage_agent,glu-c,MS:1001917
cleavage_agent,gluc,
cleavage_agent,high sequencing grade trypsin,
cleavage_agent,lys c,
cleavage_agent,lys c and trypsin,
cleavage_agent,lys-c,MS:1001309
cleavage_agent,lys-c and arg-c,
cleavage_agent,lys-c and trypsin,
cleavage_agent,lys-c endopeptidase,
cleavage_agent,lys-c protease,
cleavage_agent,lys-c/trypsin,
cleavage_agent,lysarginase,MS:1002708
cleavage_agent,lysc,
cleavage_agent,lysc (1:100),
cleavage_agent,lysc and trypsin,
cleavage_agent,lysc endopeptidase,
cleavage_agent,lysc protease,
cleavage_agent,lysc/trypsin,
cleavage_agent,lysil c endopeptidase,
cleavage_agent,lysn,
cleavage_agent,lysozyme c,
cleavage_agent,lysyl endopeptidase,
cleavage_agent,lysyl endopeptidase (lysc),
cleavage_agent,lysyl endopeptidase (wako) at 1:100 (w/w) was added and digestion continued overnight,
cleavage_agent,lys‐c,
cleavage_agent,mmp9,
cleavage_agent,modified porcine trypsin,
cleavage_agent,modified sequencing-grade trypsin,
cleavage_agent,modified trypsin,
cleavage_agent,ms-grade trypsin,
cleavage_agent,mucinase sme,
cleavage_agent,neutrophil elastase,
cleavage_agent,non-tryptic,
cleavage_agent,operator,
cleavage_agent,operatortm,
cleavage_agent,pepsin,
cleavage_agent,pk,
cleavage_agent,porcine trypsin,
cleavage_agent,protease k,
cleavage_agent,proteasome,
cleavage_agent,proteinase k,MS:1003981
cleavage_agent,proteolysis,
cleavage_agent,rapid-digestion trypsin/lys-c,
cleavage_agent,rlys-c,
cleavage_agent,rlysc,
cleavage_agent,semi-argc,
cleavage_agent,sequencing grade modified trypsin,
cleavage_agent,sequencing grade trypsin,
cleavage_agent,sequencing grade-modified trypsin,
cleavage_agent,sequencing-grade modified trypsin,
cleavage_agent,sequencing-grade trypsin,
cleavage_agent,sequencing-grade-modified trypsin,
cleavage_agent,sialexo,
cleavage_agent,smart trypsin,
cleavage_agent,solu-trypsin,
cleavage_agent,solu‐trypsin,
cleavage_agent,tev protease,
cleavage_agent,thermolysin,MS:1003979
cleavage_agent,tlck-trypsin,
cleavage_agent,tpck-treated trypsin,
cleavage_agent,trpysin,
cleavage_agent,trypsin,MS:1001251
cleavage_agent,trypsin (except proline was the next amino acid),
cleavage_agent,trypsin (full),
cleavage_agent,"trypsin (gold, promega)",
cleavage_agent,trypsin (promega),
cleavage_agent,trypsin (promega) was then added at 1:50 (w/w) and digestion was carried out for another 12 h,
cleavage_agent,"trypsin (trypsin gold, mass spectrometry grade, promega v5280)",
cleavage_agent,trypsin and lysc,
cleavage_agent,trypsin and pngase f,
cleavage_agent,trypsin beads,
cleavage_agent,trypsin digestion,
cleavage_agent,trypsin digestion (1:100),
cleavage_agent,trypsin gold,
cleavage_agent,trypsin lys-c,
cleavage_agent,trypsin-tpck,
cleavage_agent,trypsin/lys-c,
cleavage_agent,trypsin/lys-c mix,
cleavage_agent,"trypsin/lys-c mix (promega, v5072)",
cleavage_agent,trypsin/lys-c protease mix,
cleavage_agent,trypsin/lysc,
cleavage_agent,trypsin/lysc mix,
cleavage_agent,trypsin/lys‐c,
cleavage_agent,trypsin/p,MS:1001313
cleavage_agent,trypsine,
cleavage_agent,trypsinization,
cleavage_agent,tryptic,
cleavage_agent,tryptic digestion,
cleavage_agent,tryptic peptides,
cleavage_agent,tryptsin,
cleavage_agent,unspecific enzyme,
cleavage_agent,walp,
cleavage_agent,wild-type alpha-lytic protease,
disease_state,16p11.2 deletion,
disease_state,16p11.2 duplication,
disease_state,3-methylglutaconic aciduria type 9,MONDO:0044724
disease_state,aatd,
disease_state,abdominal aortic aneurysm,MONDO:0005350
disease_state,abdominal aortic aneurysm (aaa) rupture risk,
disease_state,abusive head trauma,
disease_state,actinic keratoses,
disease_state,actinic keratosis,MONDO:0005173
disease_state,acute achilles tendon rupture,
disease_state,acute b-cell/t-cell leukemia and lymphoma,
disease_state,acute inflammation,
disease_state,acute ischemic stroke,
disease_state,acute leukemia,MONDO:0010643
disease_state,acute lymphoblastic leukemia,MONDO:0004967
disease_state,acute lymphoid leukemia,MONDO:0004967
disease_state,acute myeloid leukemia,MONDO:0018874
disease_state,acute myeloid leukemia (aml),MONDO:0018874
disease_state,acute myocardial infarction,MONDO:0004781
disease_state,acute promyelocytic leukemia,MONDO:0012883
disease_state,acute rejection,
disease_state,acute respiratory distress syndrome,MONDO:0006502
disease_state,acute respiratory distress syndrome (ards),
disease_state,acute t cell leukemia,MONDO:0004963
disease_state,ad + cvd,
disease_state,adenocarcinoma,MONDO:0004970
disease_state,adenocarcinoma in situ,MONDO:0003218
disease_state,adenovirus type 2 infection,
disease_state,adpkd,MONDO:0004691
disease_state,adult respiratory distress syndrome,MONDO:0100130
disease_state,aging,
disease_state,alcohol-associated liver disease,
disease_state,algs,
disease_state,alk-driven lung cancer,
disease_state,alkali burns,
disease_state,als,MONDO:0004976
disease_state,alzheimer's disease,MONDO:0004975
disease_state,alzheimer's disease + cerebrovascular disease,
disease_state,alzheimer’s disease,
disease_state,aml,MONDO:0018874
disease_state,amyotrophic lateral sclerosis,MONDO:0004976
disease_state,amyotrophic lateral sclerosis (als),
disease_state,anaplastic thyroid cancer,MONDO:0006468
disease_state,angioimmunoblastic t-cell lymphoma,MONDO:0004977
disease_state,angioimmunoblastic t-cell lymphoma (aitl),
disease_state,anxiety-like behaviour,
disease_state,aortic aneurysm,MONDO:0005160
disease_state,ap-4 deficiency,
disease_state,apoptosis,
disease_state,aqueous-deficient dry eye,
disease_state,asah1 deficiency,
disease_state,ascorbate deficiency,
disease_state,aseptic implant loosening,
disease_state,asthenozoospermia,
disease_state,astrocytoma,MONDO:0019781
disease_state,atherosclerosis,MONDO:0005311
disease_state,atopic dermatitis,MONDO:0004980
disease_state,atrial fibrillation,MONDO:0004981
disease_state,autism spectrum disorder,MONDO:0005258
disease_state,autism spectrum disorder (asd),
disease_state,autoimmune encephalitis,MONDO:0020640
disease_state,autoimmune myositis,
disease_state,autosomal hemophilia a,
disease_state,autosomal recessive disease,MONDO:0006025
disease_state,azoospermia,MONDO:0100459
disease_state,b cell chronic lymphocytic leukemia,MONDO:0004948
disease_state,b cell chronic lymphocytic leukemia (b-cll),
disease_state,b-cell acute lymphoblastic leukemia,MONDO:0004947
disease_state,b-cell precursor acute lymphoblastic leukemia,
disease_state,b-lymphoblastic leukemia/lymphoma,
disease_state,backpain,
disease_state,bacterial infection,MONDO:0005113
disease_state,bacterial sepsis,
disease_state,basal cell carcinoma,MONDO:0020804
disease_state,benign,
disease_state,benign gynaecological conditions,
disease_state,benign lung conditions,
disease_state,benign nodules,
disease_state,benign pulmonary nodules,
disease_state,benign urothelial lesion,
disease_state,biliary atresia,MONDO:0008867
disease_state,bladder cancer,
disease_state,bladder transitional cell carcinoma,MONDO:0005611
disease_state,bladder urothelial carcinoma,MONDO:0005611
disease_state,blast tbi,
disease_state,bone disease,
disease_state,bone marrow,
disease_state,bone osteosarcoma,MONDO:0002629
disease_state,borderline rejection,
disease_state,bowen's disease,
disease_state,brain cancer,MONDO:0001657
disease_state,brain edema caused by lipopolysaccharides,
disease_state,brain glioblastoma multiforme,MONDO:0002501
disease_state,brain injuries,
disease_state,brain tumor,MONDO:0021211
disease_state,brain tumors,
disease_state,breast adenocarcinoma,MONDO:0004988
disease_state,breast cancer,MONDO:0007254
disease_state,breast cancer associated fibroblast,
disease_state,breast carcinoma,MONDO:0004989
disease_state,breast fibrocystic disease,MONDO:0005219
disease_state,c9orf72,
disease_state,c9orf72 hexanucleotide repeat expansion,
disease_state,c9orf72-als,
disease_state,cachexia,
disease_state,cadasil,
disease_state,cancer,MONDO:0004992
disease_state,carcinoma,MONDO:0004993
disease_state,cardiac hypertrophy,
disease_state,cardiac remodelling,
disease_state,cardiometabolic diseases,
disease_state,cardiovascular,
disease_state,cardiovascular disease,MONDO:0004995
disease_state,cardiovascular system disease,MONDO:0004995
disease_state,cataract,MONDO:0005129
disease_state,celiac disease,MONDO:0005130
disease_state,central nervous system relapse,
disease_state,cerebral malaria,MONDO:0005625
disease_state,cervical adenocarcinoma,MONDO:0005153
disease_state,cervical cancer,MONDO:0002974
disease_state,cervical squamous cell cancer,MONDO:0006143
disease_state,cervix cancer,
disease_state,cervix carcinoma,MONDO:0005131
disease_state,charcot-marie-tooth type 2 a,
disease_state,childhood medulloblastoma,MONDO:0002797
disease_state,chlamydia trachomatis infection,
disease_state,cholestasis,MONDO:0001751
disease_state,cholesterol metabolism,
disease_state,chromophobe renal cell carcinoma,MONDO:0017885
disease_state,chronic b cell leukemia,
disease_state,chronic bronchitis,MONDO:0005607
disease_state,chronic hepatitis b,MONDO:0005366
disease_state,chronic inflammation,
disease_state,chronic inflammatory demyelinating polyneuropathy,MONDO:0006702
disease_state,chronic kidney disease,MONDO:0005300
disease_state,chronic liver injury,
disease_state,chronic lymphocytic leukemia,MONDO:0004948
disease_state,chronic lymphocytic leukemia (cll),MONDO:0004948
disease_state,chronic myelogenous leukemia,MONDO:0011996
disease_state,chronic myeloid leukemia,MONDO:0011996
disease_state,chronic myelomonocytic leukemia,MONDO:0020311
disease_state,chronic obstructive pulmonary disease,MONDO:0005002
disease_state,chronic pancreatitis,MONDO:0005003
disease_state,cidp,
disease_state,cidp-variants,
disease_state,cirrhosis,MONDO:0005155
disease_state,clear cell renal cell carcinoma,MONDO:0005005
disease_state,co-morbid ad/pd,
disease_state,cockayne syndrome,MONDO:0016006
disease_state,colitis,MONDO:0005292
disease_state,colon adenocarcinoma,MONDO:0002271
disease_state,colon cancer,MONDO:0021063
disease_state,colon carcinoma,MONDO:0002032
disease_state,colon tumor,MONDO:0005401
disease_state,colorectal adenocarcinoma,MONDO:0005008
disease_state,colorectal adenoma,MONDO:0005484
disease_state,colorectal cancer,MONDO:0005575
disease_state,colorectal carcinoma,MONDO:0024331
disease_state,colorectal liver metastases,
disease_state,colorectal tumor,MONDO:0005335
disease_state,common variable immunodeficiency,MONDO:0015517
disease_state,community-acquired pneumonia,
disease_state,compensated hypertrophy,
disease_state,congenital heart disease,MONDO:0005453
disease_state,corneal neovascularization,MONDO:0006713
disease_state,coronary artery disease,MONDO:0005010
disease_state,covid-19,MONDO:0100096
disease_state,craniosynostosis,MONDO:0015469
disease_state,crc,MONDO:0024331
disease_state,critical covid-19,
disease_state,critical covid-19 who score ≥6,
disease_state,crohn's colitis,MONDO:0005532
disease_state,crohn's disease,MONDO:0005011
disease_state,cscc,
disease_state,cutaneous squamous cell carcinoma,MONDO:0002529
disease_state,cystic fibrosis,MONDO:0009061
disease_state,degenerated cartilage,
disease_state,dementia,MONDO:0001627
disease_state,dementia with lewy bodies,MONDO:0007488
disease_state,dengue,MONDO:0005502
disease_state,dengue disease,MONDO:0005502
disease_state,dengue hemorrhagic fever,MONDO:0005358
disease_state,dengue shock syndrome,MONDO:0000248
disease_state,diabetes,MONDO:0005015
disease_state,diabetes mellitus,MONDO:0005015
disease_state,diabetic nephropathy,MONDO:0005016
disease_state,diabetic retinopathy,MONDO:0005266
disease_state,diclofenac-induced drug-induced liver injury,
disease_state,diffuse large b-cell lymphoma,MONDO:0018905
disease_state,dilated cardiomyopathy,MONDO:0005021
disease_state,disease,MONDO:0000001
disease_state,disease controls,
disease_state,disease free,
disease_state,dnase1l3 deficiency,
disease_state,drug resistance,
disease_state,duodenum disease,MONDO:0002866
disease_state,dysmyelination,
disease_state,early onset breast cancer,
disease_state,early osteoarthritis (oa),
disease_state,embryonal carcinoma,MONDO:0005440
disease_state,end-stage liver disease,MONDO:0100193
disease_state,end-stage renal disease,
disease_state,endocervical adenocarcinoma,MONDO:0000554
disease_state,endometrial cancer,MONDO:0011962
disease_state,endometrial carcinoma,MONDO:0002447
disease_state,endometrioid endometrial carcinomas,
disease_state,endoplasmic reticulum stress,
disease_state,enterohaemorrhagic e. coli infection,
disease_state,epidermoid carcinoma,MONDO:0005096
disease_state,epithelial mesenchymal transition,
disease_state,esophageal cancer,MONDO:0007576
disease_state,esophageal squamous cancer,
disease_state,esophageal squamous cell cancer,MONDO:0005580
disease_state,esophagus adenocarcinoma,MONDO:0005028
disease_state,estrogen receptor negative,
disease_state,ethylmalonic encephalopathy,MONDO:0011229
disease_state,ewing sarcoma,MONDO:0012817
disease_state,fabry disease,MONDO:0010526
disease_state,facioscapulohumeral muscular dystrophy,MONDO:0001347
disease_state,facioscapulohumeral muscular dystrophy (fshd),
disease_state,factor viii deficiency,MONDO:0010602
disease_state,familial ad,
disease_state,familial schwannomatosis,
disease_state,fatty liver,MONDO:0004790
disease_state,female breast cancer,MONDO:0004379
disease_state,female reproductive organ cancer,MONDO:0001416
disease_state,fibromyalgia,MONDO:0005546
disease_state,fibrosis,
disease_state,focal segmental glomerulosclerosis,MONDO:0100313
disease_state,focal-segmental glomerulosclerosis,
disease_state,frontotemporal dementia,MONDO:0017276
disease_state,frontotemporal lobar degeneration,
disease_state,ftdals1,
disease_state,ftld,
disease_state,fus-als,
disease_state,gastric cancer,MONDO:0001056
disease_state,gastritis,MONDO:0004966
disease_state,gastrointestinal stromal tumor,MONDO:0011719
disease_state,gbm,MONDO:0018177
disease_state,gcb-like diffuse large b cell lymphomas,
disease_state,genetic focal-segmental glomerulosclerosis,
disease_state,genetic sclerotic and non-sclerotic proteinuric diseases,
disease_state,germ cell cancer,MONDO:0006290
disease_state,germ cell tumors,
disease_state,glanders,MONDO:0005774
disease_state,glioblastoma,MONDO:0018177
disease_state,glioblastoma multiforme,MONDO:0018177
disease_state,global developmental delay,
disease_state,glomerulonephritis,MONDO:0002462
disease_state,glucocorticoid-induced diabetes,
disease_state,glut1 deficiency syndrome,MONDO:0000188
disease_state,gm1 gangliosidosis,MONDO:0018149
disease_state,ham/tsp,MONDO:0008039
disease_state,hbv induced acute-on-chronic liver failure,
disease_state,hcc,MONDO:0007256
disease_state,head and neck cancer,MONDO:0005627
disease_state,head and neck squamous cell carcinoma,MONDO:0010150
disease_state,healthy,
disease_state,healthy control,
disease_state,healthy controls,
disease_state,heart failure,MONDO:0005252
disease_state,heart failure with preserved ejection fraction,
disease_state,helicobacter pylori infection,
disease_state,hematological cancer,
disease_state,hemophilia a,MONDO:0010602
disease_state,hemophilia a with fviii inhibitors,
disease_state,hepatic cancers,
disease_state,hepatic fibrosis,
disease_state,hepatitis e,
disease_state,hepatocellular carcinoma,MONDO:0007256
disease_state,hepatoma,
disease_state,hereditary neuropathy,
disease_state,herpes simplex virus 1 (hsv-1) infection,
disease_state,herpes virus,
disease_state,herpes zoster oticus,MONDO:0005769
disease_state,hfpef,
disease_state,high grade serous ovarian cancer,
disease_state,high-grade serous ovarian adenocarcinoma,
disease_state,high-grade serous ovarian cancer,
disease_state,high-grade serous ovarian carcinoma,
disease_state,high-risk mds (hr-mds),
disease_state,hiv,
disease_state,hiv-1 infection,
disease_state,hiv-1 latency,
disease_state,hiv-associated neurocognitive disorders,
disease_state,hiv-associated neurocognitive disorders (hand),
disease_state,hnscc,MONDO:0010150
disease_state,hnscc-correlated lung tumors with squamous cell histology,
disease_state,houge-janssens syndrome type 1,
disease_state,hpv-negative,
disease_state,hpv-positive,
disease_state,hsv-1 induced encephalitis (hse),
disease_state,human african trypanosomiasis,MONDO:0005459
disease_state,human immunodeficiency virus (hiv),
disease_state,human immunodeficiency virus infectious disease,MONDO:0005109
disease_state,huntington disease,MONDO:0007739
disease_state,huntington's disease,MONDO:0007739
disease_state,huntington's disease (hd),
disease_state,hyaline fibromatosis syndrome,MONDO:0009229
disease_state,hypertension,
disease_state,hypertrophic cardiomyopathy,MONDO:0005045
disease_state,hypertrophic cardiomyopathy with preserved ejection fraction,
disease_state,hypertrophic cardiomyopathy with reduced ejection fraction,
disease_state,idiopathic erm,
disease_state,idiopathic inflammatory myopathies,MONDO:0020122
disease_state,idiopathic inflammatory myopathy,MONDO:0600023
disease_state,idiopathic male infertility,
disease_state,idiopathic neuropathy,
disease_state,ilyade,
disease_state,immune-related ailments,
disease_state,inborn deficit of myelin,
disease_state,infantile cholestasis,
disease_state,infantile hepatic cholestasis,
disease_state,infection,MONDO:0005550
disease_state,infertility,
disease_state,inflammation,
disease_state,inflammatory activation,
disease_state,inflammatory bowel disease,MONDO:0005265
disease_state,influenza,MONDO:0005812
disease_state,influenza a virus,
disease_state,inherited metabolic disorder,MONDO:0019052
disease_state,inherited retinal degenerations,
disease_state,insulin resistance,
disease_state,intestinal inflammation,
disease_state,intracranial hemorrhage,
disease_state,invasive adenocarcinoma,
disease_state,ischemic cardiomyopathy,
disease_state,isolated atrial amyloidosis,
disease_state,kabuki syndrome,MONDO:0016512
disease_state,kaposi's sarcoma,MONDO:0005055
disease_state,kidney cancer,MONDO:0002367
disease_state,kidney cell carcinoma,
disease_state,kidney disorders,
disease_state,kidney fibrosis,
disease_state,kidney renal cell carcinoma,
disease_state,kidney transplant,
disease_state,kidney transplant rejection,
disease_state,krabbe disease,MONDO:0009499
disease_state,kras-driven tumors,
disease_state,laryngeal carcinoma,MONDO:0002358
disease_state,leber ́s congenital amaurosis type 2,
disease_state,legionellosis,MONDO:0005823
disease_state,legionnaires' disease,MONDO:0005824
disease_state,leishmaniasis,MONDO:0011989
disease_state,lemierre's syndrome,
disease_state,leukemia,MONDO:0005059
disease_state,lewy body dementia,MONDO:0007488
disease_state,lgll,MONDO:0019469
disease_state,limb muscle,
disease_state,lipopolysaccharides,
disease_state,listeria monocytogenes infection,
disease_state,liver cancer,MONDO:0002691
disease_state,liver carcinoma,MONDO:0007256
disease_state,liver disease,MONDO:0005154
disease_state,liver fibrosis,
disease_state,liver malignancies,
disease_state,liver steatosis,
disease_state,locally advanced rectal cancer,
disease_state,low-grade glioma,MONDO:0021637
disease_state,luminal a breast cancer,MONDO:0021116
disease_state,luminal b breast cancer,MONDO:0021115
disease_state,lung adenocarcinoma,MONDO:0005061
disease_state,lung adenocarcinoma with intestinal or mucinous differentiation,
disease_state,lung cancer,MONDO:0008903
disease_state,lung carcinoma,MONDO:0005138
disease_state,lung epidermoid carcinoma,
disease_state,lung metastasis,
disease_state,lung metastatic colorectal cancer,
disease_state,lung non-squamous non-small cell carcinoma,
disease_state,lung small cell carcinoma,MONDO:0008433
disease_state,lung squamous cell carcinoma,MONDO:0005097
disease_state,lung transplant,
disease_state,lyme borreliosis,MONDO:0019632
disease_state,lyme borreliosis without central nervous system involvement,
disease_state,lyme neuroborreliosis,
disease_state,lymph node metastasis,
disease_state,lymphoma,MONDO:0005062
disease_state,lysosomal storage disease,MONDO:0002561
disease_state,lysosomal storage diseases and cancer,
disease_state,male infertility,MONDO:0005372
disease_state,malignancies,
disease_state,malignant melanoma,MONDO:0005105
disease_state,malignant neoplasm of ovary,MONDO:0008170
disease_state,malignant nodules,
disease_state,malignant pleural effusion,
disease_state,mammary tumor,
disease_state,mash,MONDO:0007027
disease_state,masld,MONDO:0013209
disease_state,maternal immune activation,
disease_state,medulloblastoma,MONDO:0007959
disease_state,melanocytic nevi,
disease_state,melanoma,MONDO:0005105
disease_state,melioidosis,MONDO:0017775
disease_state,membranous glomerulonephritis,MONDO:0005376
disease_state,membranous nephropathy (mn),
disease_state,meniere's disease,
disease_state,mesothelioma,MONDO:0005065
disease_state,metabolic dysfunction-associated steatotic liver disease,MONDO:0013209
disease_state,metabolic dysfunction–associated steatohepatitis,
disease_state,metastasis,
disease_state,metastatic crc,
disease_state,metastatic crpc,
disease_state,metastatic melanoma,MONDO:0005191
disease_state,mih,
disease_state,minimal change disease,MONDO:0006835
disease_state,minimally invasive adenocarcinoma,
disease_state,mitochondrial disease,MONDO:0044970
disease_state,mitochondrial diseases,
disease_state,mitochondrial disorders,
disease_state,mitochondrial metabolism disease,
disease_state,mitral valve disease,MONDO:0003767
disease_state,mixed disorder as reaction to stress,
disease_state,moderate covid-19,
disease_state,moderate covid-19 who score ≤2,
disease_state,molar incisor hypomineralization,
disease_state,monoclonal gammopathy of uncertain significance,MONDO:0004225
disease_state,morbid obesity,MONDO:0005139
disease_state,msl3 syndrome,
disease_state,mtb infection,
disease_state,mucoepidermoid carcinoma,MONDO:0003036
disease_state,multiple myeloma,
disease_state,multiple sclerosis,MONDO:0005301
disease_state,murine erythroleukemia,
disease_state,mycobacterium tuberculosis infection,
disease_state,myelodysplastic neoplasms,
disease_state,myelodysplastic neoplasms (mds),
disease_state,myelodysplastic syndrome,MONDO:0018881
disease_state,myeloid malignancies,
disease_state,myocardial infarction,MONDO:0005068
disease_state,ménière's disease,
disease_state,nafld,MONDO:0013209
disease_state,nasopharyngeal cancer,
disease_state,nasopharyngeal carcinoma,MONDO:0015459
disease_state,neonatal brain injury,
disease_state,neovascular glaucoma,MONDO:0019783
disease_state,nephronophthisis,MONDO:0019005
disease_state,nephronophthisis-related ciliopathy,
disease_state,nephrotic syndrome,MONDO:0005377
disease_state,neuroblastoma,MONDO:0005072
disease_state,neurodevelopmental abnormality,
disease_state,neurodevelopmental delay,
disease_state,neurofibromatosis type 2-related schwannomatosis,
disease_state,neurological controls,
disease_state,neuropsychiatric disease,
disease_state,neuropsychiatric disorder,
disease_state,new-onset epilepsy,
disease_state,niemann-pick disease type c2,
disease_state,nk-lgll,MONDO:0004234
disease_state,no rejection,
disease_state,non small cell lung cancer,
disease_state,non-alcoholic fatty liver disease,MONDO:0013209
disease_state,non-muscle invasive bladder cancer,
disease_state,non-neurodegenerative control,
disease_state,non-obstructive azoospermia,
disease_state,non-proliferative diabetic retinopathy,MONDO:0001661
disease_state,non-small cell lung cancer,MONDO:0005233
disease_state,non-small cell lung carcinoma,MONDO:0005233
disease_state,non-small-cell lung cancer,
disease_state,nonobstructive azoospermia,
disease_state,nonsmall cell lung cancer,MONDO:0011282
disease_state,noonan syndrome,MONDO:0018997
disease_state,normal,
disease_state,normal mammary gland,
disease_state,normal omentum,
disease_state,normal sperm,
disease_state,normal weight,
disease_state,nsclc,MONDO:0005233
disease_state,nstemi,
disease_state,obese,
disease_state,obesity,MONDO:0011122
disease_state,obstructive azoospermia,
disease_state,oculocutaneous albinism type vii,
disease_state,oesophageal adenocarcinoma,MONDO:0005028
disease_state,oligospermia,MONDO:0001913
disease_state,open-angle glaucoma,MONDO:0005338
disease_state,opsoclonus myoclonus ataxia syndrome,
disease_state,osteoarthritis,MONDO:0005178
disease_state,osteoarthritis (oa),
disease_state,osteoblastoma,MONDO:0018936
disease_state,osteogenesis imperfecta,MONDO:0019019
disease_state,osteosarcoma,MONDO:0009807
disease_state,ovarian cancer,MONDO:0008170
disease_state,ovary epithelial cancer,
disease_state,overactive bladder,MONDO:0006624
disease_state,overactive bladder syndrome,
disease_state,overweight,
disease_state,oxygen-induced retinopathy,
disease_state,pancreas adenocarcinoma,MONDO:0006047
disease_state,pancreatic adenocarcinoma,MONDO:0006047
disease_state,pancreatic cancer,MONDO:0009831
disease_state,pancreatic carcinoma,
disease_state,pancreatic ductal adenocarcinoma,MONDO:0005184
disease_state,pancreatic ductal carcinoma,MONDO:0005184
disease_state,pancreatic tumor,MONDO:0021040
disease_state,papillary renal cell carcinoma,MONDO:0017884
disease_state,parkinson disease,MONDO:0005180
disease_state,parkinson's disease,MONDO:0005180
disease_state,parkinson's disease with dementia,
disease_state,parkinsonism,
disease_state,parkinson’s disease,
disease_state,pdac,
disease_state,pediatric low-grade glioma,
disease_state,pelvic organ prolapse,MONDO:0000082
disease_state,peripheral primitive neuroectodermal tumor,MONDO:0018271
disease_state,periprosthetic joint infection,MONDO:0800179
disease_state,periprosthetic joint infection (pji),
disease_state,peritoneal dialysis,
disease_state,pfic3,MONDO:0011214
disease_state,pick's disease,
disease_state,pilocytic astrocytoma,MONDO:0016691
disease_state,placental malaria,
disease_state,plasma cell dyscrasias,
disease_state,plasmodium falciparum malaria,MONDO:0005920
disease_state,pneumonia,MONDO:0005249
disease_state,polycystic kidney,
disease_state,polycystic kidney disease,MONDO:0020642
disease_state,pontiac fever,MONDO:0020487
disease_state,poor ovarian response,
disease_state,post traumatic epilepsy,
disease_state,post-hepatectomy liver failure,
disease_state,postherpetic neuralgia,MONDO:0041052
disease_state,postoperative pulmonary infection,
disease_state,potx-induced nerve injury,
disease_state,pre-eclampsia,MONDO:0005081
disease_state,prediabetes,MONDO:0006920
disease_state,preeclampsia,MONDO:0005081
disease_state,preneoplasia,
disease_state,pressure overload-induced cardiac hypertrophy,
disease_state,preterm birth,
disease_state,preterm premature rupture of the membranes,MONDO:0012511
disease_state,primary effusion lymphoma,MONDO:0018842
disease_state,primary immunodeficiency disease,MONDO:0003778
disease_state,primary lung adenocarcinomas with intestinal or mucinous differentiation,
disease_state,primary mitochondrial diseases,
disease_state,primary open angle glaucoma,MONDO:0005338
disease_state,primary retinal detachment,
disease_state,progressive supranuclear palsy,MONDO:0019037
disease_state,proliferative diabetic retinopathy,MONDO:0001660
disease_state,prostate adenocarcinoma,MONDO:0005082
disease_state,prostate cancer,MONDO:0008315
disease_state,prostate carcinoma,MONDO:0005159
disease_state,proteinuria,MONDO:0003634
disease_state,proteinuric diseases,
disease_state,proteinuric glomerular kidney disease,
disease_state,proteinuric kidney disease,
disease_state,proteus syndrome,MONDO:0008318
disease_state,psoriasis,MONDO:0005083
disease_state,pulmonary arterial hypertension,MONDO:0015924
disease_state,pulmonary fibrosis,MONDO:0002771
disease_state,pulmonary hypertension,MONDO:0005149
disease_state,pulmonary tuberculosis,MONDO:0006052
disease_state,radiation toxicity,
disease_state,rasmussen encephalitis,MONDO:0016019
disease_state,rectal adenocarcinoma,MONDO:0002169
disease_state,rectal cancer,MONDO:0006519
disease_state,rectum adenocarcinoma,MONDO:0002169
disease_state,rectum cancer,MONDO:0006519
disease_state,relapsing-remitting multiple sclerosis,MONDO:0005314
disease_state,renal cell carcinoma,MONDO:0005086
disease_state,renal clear cell carcinoma,MONDO:0005005
disease_state,renal fibrosis,MONDO:0000494
disease_state,renal oncocytoma,MONDO:0003825
disease_state,repeated btbi,
disease_state,resistance to palbociclib,
disease_state,respiratory infection,
disease_state,retinal degeneration,MONDO:0004580
disease_state,retinal detachment,MONDO:0008375
disease_state,retinal neovascularization,
disease_state,retinitis pigmentosa,MONDO:0019200
disease_state,retinoblastoma,MONDO:0008380
disease_state,retinopathy of prematurity,MONDO:0006952
disease_state,rheumatic mitral valve disease,
disease_state,rheumatoid arthritis,MONDO:0008383
disease_state,rheumatoid arthritis disease specific synovial fluid,
disease_state,rotator cuff tear,
disease_state,rotator cuff tears,
disease_state,rps6kc1-related neurodevelopmental disorder,
disease_state,ruijs aalfs progeria syndrome,
disease_state,ruijs-aalfs syndrome,MONDO:0014527
disease_state,sarcoma,MONDO:0005089
disease_state,sars-cov-2 infection,
disease_state,schizophrenia,MONDO:0005090
disease_state,schwannoma,MONDO:0002546
disease_state,sciatic nerve injury,
disease_state,sclerotic glomerular disease,
disease_state,scott syndrome,MONDO:0009885
disease_state,seminoma,MONDO:0003001
disease_state,sepn1-related myopathy,MONDO:0100100
disease_state,sepsis,
disease_state,septic implant loosening,
disease_state,septic shock,
disease_state,serous tubal intraepithelial carcinoma,
disease_state,"serous-papillary high-grade, figo stage iiib/c, ovca",
disease_state,severe alcohol-associated hepatitis,
disease_state,severe cardiomyopathy,
disease_state,severe covid-19,
disease_state,severe covid-19 who score 3–5,
disease_state,severe dengue,
disease_state,shiverer,
disease_state,silva-pattern endocervical adenocarcinoma,
disease_state,simpson-golabi-behmel syndrome,MONDO:0010731
disease_state,simpson-golabi-behmel syndrome type 1,MONDO:0020602
disease_state,simpson–golabi–behmel syndrome,
disease_state,sjogren's syndrome,
disease_state,sjögren’s disease,
disease_state,skin cancer,MONDO:0002898
disease_state,skin melanoma,MONDO:0005012
disease_state,skin squamous cell carcinoma,MONDO:0002529
disease_state,sle,MONDO:0007915
disease_state,small-cell lung cancer,
disease_state,smoldering myeloma,MONDO:0005235
disease_state,sod1-als,
disease_state,solid cancer,
disease_state,spinal cord injury,MONDO:0043797
disease_state,spontaneously developed mammary tumors,
disease_state,sporadic als,
disease_state,squamous cell carcinoma,MONDO:0005096
disease_state,squamous cell carcinoma of the lung,MONDO:0005097
disease_state,ssr3-cdg,MONDO:0300000
disease_state,st segment elevation myocardial infarction,MONDO:0041656
disease_state,stemi,MONDO:0041656
disease_state,steroid-resistant nephrotic syndrome,MONDO:0044765
disease_state,stomach cancer,MONDO:0001056
disease_state,stomach carcinoma,MONDO:0004950
disease_state,stroke,MONDO:0005098
disease_state,sudden infant death syndrome,MONDO:1010116
disease_state,susceptibility to dengue virus,
disease_state,synovial sarcoma,MONDO:0010434
disease_state,systemic hypoxia,
disease_state,systemic lupus,
disease_state,systemic lupus erythematosus,MONDO:0007915
disease_state,systemic sclerosis,MONDO:0005100
disease_state,systemic sclerosis (ssc),
disease_state,t cell-mediated rejection,
disease_state,t-cell acute lymphoblastic leukaemia,MONDO:0004963
disease_state,t-cell acute lymphoblastic leukemia,MONDO:0004963
disease_state,t-cell acute lymphoblastic leukemia (t-all),
disease_state,t-cell large granular lymphocyte leukemia,MONDO:0019469
disease_state,t-cell leukemia,MONDO:0005525
disease_state,t-cell lymphoma,MONDO:0015760
disease_state,t-cell mediated rejection,
disease_state,t-lgll,
disease_state,t1d,MONDO:0005147
disease_state,t2d,MONDO:0005148
disease_state,tauopathy,MONDO:0005574
disease_state,tay-sachs and sandhoff diseases,
disease_state,tay-sachs disease,MONDO:0010100
disease_state,tdp-43-als,
disease_state,temporal lobe epilepsy,MONDO:0005115
disease_state,teratoma,MONDO:0002601
disease_state,term birth,
disease_state,thyroid disease,MONDO:0003240
disease_state,traumatic brain injury,MONDO:0858950
disease_state,triple negative breast cancer,
disease_state,triple-negative breast cancer,MONDO:0005494
disease_state,trypanosomiasis,MONDO:0000940
disease_state,tuberculosis,MONDO:0018076
disease_state,tumor,MONDO:0005070
disease_state,type 1 diabetes,MONDO:0005147
disease_state,type 1 diabetes mellitus,MONDO:0005147
disease_state,type 2 diabetes,MONDO:0005148
disease_state,type 2 diabetes mellitus,MONDO:0005148
disease_state,type xv oi,
disease_state,ua,
disease_state,ulcerative colitis,MONDO:0005101
disease_state,unaffected,
disease_state,uncomplicated malaria,
disease_state,urachal carcinoma,MONDO:0003715
disease_state,urgency of urination,
disease_state,urinary bladder cancer,MONDO:0001187
disease_state,urinary frequency,
disease_state,urinary tract infection,MONDO:0100338
disease_state,urinary tract infections,
disease_state,uvb-induced damage,
disease_state,vesicoureteral reflux,MONDO:0006007
disease_state,viral infectious disease,MONDO:0005108
disease_state,viral meningitis,MONDO:0007015
disease_state,visceral leishmaniasis,MONDO:0005445
disease_state,w580s mutation in malt1,
disease_state,wounds and injuries,
disease_state,xeroderma pigmentosum,MONDO:0019600
disease_state,zikv infection,MONDO:0018661
fragmentation_method,cid,MS:1000133
fragmentation_method,cid fragmentation,
fragmentation_method,cid/hcd peptide fragmentation,
fragmentation_method,collision induced dissociation,
fragmentation_method,collision induced dissociation (cid),
fragmentation_method,collision-induced dissociation,MS:1000133
fragmentation_method,collision-induced dissociation (cid,
fragmentation_method,collision-induced dissociation (cid),
fragmentation_method,collision-induced dissociation (cid)-ms2 fragmentation in the linear ion trap,
fragmentation_method,collision-induced dissociation (higher-energy collisonal dissociation,
fragmentation_method,collisional dissociation methods,
fragmentation_method,collisional induced dissociation,
fragmentation_method,complementary collision-induced dissociation (cid),
fragmentation_method,dd-ms2,
fragmentation_method,electron transfer dissociation,MS:1000598
fragmentation_method,electron-based methods,
fragmentation_method,electron-transfer/higher-energy collision dissociation (ethcd),
fragmentation_method,etcid,MS:1003182
fragmentation_method,etd,MS:1000598
fragmentation_method,ethcd,MS:1002631
fragmentation_method,ethcd/etd,
fragmentation_method,hcd,MS:1000422
fragmentation_method,hcd (high energy collisional dissociation,
fragmentation_method,hcd fragmentation,
fragmentation_method,hcd ms/ms fragmentation events,
fragmentation_method,hcd-ms2,
fragmentation_method,hcd-pd-ethcd,
fragmentation_method,high collision dissociation,
fragmentation_method,high collision dissociation (hcd),
fragmentation_method,high collision dissociation fragmentation,
fragmentation_method,high collision induced dissociation,
fragmentation_method,high energy c-trap dissociation,
fragmentation_method,high energy collision dissociation,
fragmentation_method,high energy collision dissociation (hcd),
fragmentation_method,high energy collision dissociation fragmentation,
fragmentation_method,high energy collision-induced dissociation,
fragmentation_method,high energy collisional dissociation (hcd),
fragmentation_method,high energy dissociation,
fragmentation_method,high-collision dissociation,
fragmentation_method,high-collision dissociation fragmentation,
fragmentation_method,high-collision-dissociation,
fragmentation_method,high-energy c-trap dissociation (hcd),
fragmentation_method,high-energy collision dissociation,
fragmentation_method,high-energy collision dissociation (hcd),
fragmentation_method,high-energy collision-induced dissociation (hcd),
fragmentation_method,high-energy collisional dissociation,
fragmentation_method,high-energy collisional dissociation (hcd),
fragmentation_method,"high-energy collisional dissociation (hcd, normalized collision energy of 34%)",
fragmentation_method,"high-energy collisional dissociation (hcd, normalized collision energy of 38%)",
fragmentation_method,higher energy collision dissociation,
fragmentation_method,higher energy collision-induced dissociation,
fragmentation_method,higher energy collisional dissociation,
fragmentation_method,higher energy collisional dissociation (hcd),
fragmentation_method,higher energy collisional dissociation [hcd],
fragmentation_method,higher energy induced collision dissociation,
fragmentation_method,higher-energy c-trap dissociation,
fragmentation_method,higher-energy collision dissociation,
fragmentation_method,higher-energy collision dissociation (hcd),
fragmentation_method,higher-energy collision dissociation (hcd) fragmentation,
fragmentation_method,higher-energy collision-induced dissociation (hcd),
fragmentation_method,higher-energy collisional dissociation,
fragmentation_method,higher-energy collisional dissociation (hcd),
fragmentation_method,"higher-energy collisional dissociation (hcd, 36% normalized collision energy)",
fragmentation_method,higher-energy collisional dissociation fragmentation,
fragmentation_method,higher-energy collisonal dissociation,
fragmentation_method,higher-energy dissociation fragmentation,
fragmentation_method,higher‐energy collisional dissociation,
fragmentation_method,ms2 scans for trigger and target were acquired in the orbitrap with an isolation width of 1.0 m/z using hcd or cid (depending on experiment),
fragmentation_method,nce,
fragmentation_method,normalized collision energy,MS:1000138
fragmentation_method,normalized collision energy of 30%,
fragmentation_method,pasef,
fragmentation_method,sps,MS:1002528
fragmentation_method,sps-ms3,
fragmentation_method,stepped higher-energy collisional dissociation,
instrument,6490 triple-quadrupole,
instrument,6490 triple-quadrupole ms,
instrument,6500 q-trap,
instrument,ab sciex 6600 triple-tof,
instrument,"ab, scie triple tof 5600+",
instrument,agilent 6224 tof,
instrument,astral,MS:1003379
instrument,eclipse,
instrument,exploris 120,
instrument,exploris 240,
instrument,exploris 240 mass spectrometer,
instrument,exploris 480,
instrument,exploris 480 mass spectrometer,
instrument,exploris 480 orbitrap,
instrument,exploris orbitrap,
instrument,exploris orbitrap mass spectrometer,
instrument,exploris480,
instrument,exploris480 mass spectrometer (thermo fisher),
instrument,ft-orbitrap elite,
instrument,fusion,
instrument,fusion lumos,
instrument,fusion lumos mass spectrometer,
instrument,fusion lumos orbitrap,
instrument,fusion lumos orbitrap mass spectrometer (thermo fisher scientific),
instrument,fusion lumos tribrid,
instrument,fusion lumos tribrid ms,
instrument,hf-x hybrid quadrupole-orbitrap,
instrument,"hf-x hybrid quadrupole-orbitrap, easy-nlc1000 system, nano c18 column",
instrument,hfx q-exactive orbitrap,
instrument,hfx q-exactive orbitrap mass spectrometer,
instrument,high-fidelity hybrid quadrupole-orbitrap system (hf-x),
instrument,hybrid linear trap quadrupole (ltq) orbitrap velos mass spectrometer,
instrument,hybrid quadruple-obitrap exploris480,
instrument,hybrid quadrupole-orbitrap system (hf-x),
instrument,lc-coupled orbitrap fusion lumos mass spectrometer,
instrument,linear trap quadrupole (ltq) orbitrap velos pro (thermo fisher scientific),
instrument,ltq,MS:1000447
instrument,ltq orbitrap,MS:1000449
instrument,ltq orbitrap elite,MS:1001910
instrument,ltq orbitrap velos,MS:1001742
instrument,ltq orbitrap xl,MS:1000556
instrument,ltq orbitrap xl hybrid ion trap-orbitrap mass spectrometer,
instrument,ltq orbitrap xl mass spectrometer,
instrument,ltq orbitraptm velos pro,
instrument,ltq velos,MS:1000855
instrument,ltq velos-orbitrap mass spectrometer,
instrument,ltq velos-orbitrap mass spectrometer (thermo scientific),
instrument,ltq xl,MS:1000854
instrument,ltq-orbitrap,
instrument,ltq-orbitrap elite,
instrument,ltq-orbitrap elite (thermo scientific),
instrument,ltq-orbitrap mass spectrometer,
instrument,ltq-orbitrap velos,
instrument,ltq-orbitrap velos mass spectrometer,
instrument,ltq-orbitrap velos pro,
instrument,ltq-orbitrap xl,
instrument,ltq-orbitrap xl mass spectrometer,
instrument,ltq-orbitrap-ms,
instrument,ltq-ot elite,
instrument,lumos,
instrument,maxis,MS:1001541
instrument,maxis uhr-qq-tof,
instrument,nano-esi orbitrap elite mass spectrometer,
instrument,nano-lc-msms,
instrument,orbitrap,MS:1000484
instrument,orbitrap ascend,MS:1003356
instrument,orbitrap ascend tribrid,
instrument,orbitrap ascend tribrid mass spectrometer,
instrument,orbitrap astral,MS:1003378
instrument,orbitrap astral mass spectrometer,
instrument,orbitrap eclipse,MS:1003029
instrument,orbitrap eclipse mass spectrometer,
instrument,orbitrap eclipse tribrid,
instrument,orbitrap eclipse tribrid mass spectrometer,
instrument,orbitrap eclipsetm tribidtm mass spectrometer,
instrument,orbitrap eclipsetm tribridtm mass spectrometer,
instrument,orbitrap eclipsetm tribridtm ms,
instrument,orbitrap elite,MS:1001910
instrument,orbitrap excedion pro,MS:1002994
instrument,orbitrap exploris,
instrument,orbitrap exploris 240,MS:1003094
instrument,orbitrap exploris 240 mass spectrometer,
instrument,orbitrap exploris 480,MS:1003028
instrument,orbitrap exploris 480 (oe480),
instrument,orbitrap exploris 480 mass spectrometer,
instrument,orbitrap exploris-480,
instrument,orbitrap exploristm 480,
instrument,"orbitrap exploristm 480 mass spectrometer (thermofisher scientific, bremen, de) coupled with an lc evosep one system, with a pre‐programmed whisper100 10spd method using an acclaimtm pepmaptm rslc c18 column (1.9 μm, 75 μm × 150 mm, thermofisher scientific).",
instrument,orbitrap fusion,MS:1002416
instrument,orbitrap fusion etd,MS:1002417
instrument,orbitrap fusion lumos,MS:1002732
instrument,orbitrap fusion lumos mass spectrometer,
instrument,orbitrap fusion lumos tribrid,
instrument,orbitrap fusion lumos tribrid mass spectrometer,
instrument,orbitrap fusion lumos tribrid ms,
instrument,orbitrap fusion mass spectrometer,
instrument,orbitrap fusion tribid,
instrument,orbitrap fusion tribrid,
instrument,orbitrap fusion tribrid mass spectrometer,
instrument,"orbitrap fusion tribrid mass spectrometer (thermo fisher scientific, bremen, de) coupled to an easy‐nlctm 1200 chromatography system (thermofisher scientific).",
instrument,orbitrap fusiontm tribridtm mass spectrometer,
instrument,orbitrap lumos,
instrument,orbitrap lumos fusion,
instrument,orbitrap mass spectrometer,
instrument,orbitrap mass spectrometry,
instrument,orbitrap q exactive mass-spectrometer,
instrument,orbitrap q exactive plus,
instrument,orbitrap q exactive plus mass spectrometer,
instrument,orbitrap q-exactive,
instrument,orbitrap q-exactive classic,
instrument,orbitrap q-exactive classic mass spectrometer,
instrument,orbitrap q-exactive hf,
instrument,orbitrap q-exactive plus,
instrument,orbitrap qe hf,
instrument,orbitrap qexactive,
instrument,orbitrap q‐exactive plus mass spectrometer,
instrument,orbitrap velos,
instrument,orbitrap velos pro,MS:1003096
instrument,orbitraptm astraltm,
instrument,orbitraptm astraltm mass spectrometer,
instrument,orbitrap‐fusion,
instrument,oritrap exploris 480,
instrument,q exactive,MS:1001911
instrument,q exactive hf,MS:1002523
instrument,q exactive hf hybrid quadrupole orbitrap mass spectrometer,
instrument,q exactive hf hybrid quadrupole orbitrap mass spectrometer (thermo fisher scientific),
instrument,q exactive hf hybrid quadrupole-orbitrap ms,
instrument,q exactive hf hybrid quadrupole-orbitraptm mass spectrometer,
instrument,q exactive hf mass spectrometer,
instrument,q exactive hf orbitrap,
instrument,q exactive hf orbitrap mass spectrometer,
instrument,q exactive hf orbitrap ms,
instrument,q exactive hf-x,MS:1002877
instrument,q exactive hf-x hybrid quadrupole-orbitrap mass spectrometer,
instrument,q exactive hf-x hybrid quadrupole-orbitrap ms,
instrument,q exactive hf-x orbitrap,
instrument,q exactive hf/hf-x,
instrument,q exactive hfx,
instrument,q exactive hfx mass spectrometer,
instrument,"q exactive hfx, thermo scientific",
instrument,q exactive hf‐x,
instrument,"q exactive hf‐x mass spectrometer (thermofisher, bremen, de) coupled with an lc evosep one system (evosep, odense, dk).",
instrument,q exactive hybrid,
instrument,q exactive hybrid quadrupole-orbitrap mass spectrometer,
instrument,q exactive mass spectrometer,
instrument,"q exactive mass spectrometer (thermofisher scientific, bremen, de) coupled to an easy‐nlctm 1200 chromatography system (thermofisher scientific).",
instrument,q exactive orbitrap,
instrument,q exactive orbitrap mass spectrometer,
instrument,q exactive orbitrap ms,
instrument,q exactive plus,MS:1002634
instrument,q exactive plus hybrid quadrupole-orbitrap,
instrument,q exactive plus hybrid quadrupole-orbitrap mass spectrometer,
instrument,q exactive plus mass spectrometer,
instrument,q exactive plus or hf,
instrument,q exactive spectrometer,
instrument,q exactivetm hf mass spectrometer,
instrument,q exactivetm plus,
instrument,q-exactive,
instrument,q-exactive (thermo scientific),
instrument,q-exactive +,
instrument,q-exactive hf,
instrument,q-exactive hf (thermo scientific),
instrument,q-exactive hf electrospray ionization-hybrid quadrupole-orbitrap mass spectrometer,
instrument,q-exactive hf hybrid quadrupole-orbitrap,
instrument,q-exactive hf mass spectrometer,
instrument,q-exactive hf ms,
instrument,q-exactive hf orbitrap,
instrument,q-exactive hf orbitrap mass spectrometer,
instrument,q-exactive hf quadrupole orbitrap mass spectrometer,
instrument,q-exactive hf quadrupole orbitrap tandem mass spectrometer,
instrument,q-exactive hf-x,
instrument,q-exactive hf-x mass spectrometer,
instrument,q-exactive high field x,
instrument,q-exactive high field x quadrupole-orbitrap mass spectrometer,
instrument,q-exactive hybrid quadrupole orbitrap,
instrument,q-exactive hybrid quadrupole-orbitrap mass spectrometer,
instrument,q-exactive mass spectrometer,
instrument,q-exactive orbitrap,
instrument,q-exactive orbitrap and lumos mass spectrometer,
instrument,q-exactive orbitrap mass spectrometer,
instrument,q-exactive plus,
instrument,q-exactive plus biopharma,
instrument,q-exactive plus hybrid quadrupole-orbitrap,
instrument,q-exactive plus hybrid quadrupole-orbitrap mass spectrometer,
instrument,q-exactive plus mass spectrometer,
instrument,q-exactive plus ms,
instrument,q-exactive plus orbitrap mass spectrometer,
instrument,q-exactive quadrupole orbitrap mass spectrometer,
instrument,q-exactive quadrupole-orbitrap instrument,
instrument,q-exactive-hf,
instrument,q-exactive-orbitrap mass spectrometer,
instrument,q-exactive-plus,
instrument,q-exactivetm plus hybrid-quadrupol orbitraptm mass spectrometer,
instrument,"qe-hf, thermofisher scientific",
instrument,qe-hfx,
instrument,qexactive,
instrument,qexactive exploris,
instrument,qexactive hf,
instrument,qexactive hf mass spectrometer,
instrument,qexactive mass spectrometers,
instrument,qexactive orbitrap,
instrument,qexactive orbitrap mass spectrometer,
instrument,qexactive plus,
instrument,qexactive plus (thermo fisher scientific),
instrument,qexactive plus mass spectrometer,
instrument,qexavtive-hf,
instrument,quadrupole based qexactive instrument,
instrument,quadrupole orbitrap mass spectrometer,
instrument,q‐exactive,
instrument,q‐exactive + mass spectrometer,
instrument,q‐exactive hf,
instrument,q‐exactive hf‐x,
instrument,q‐exactive orbitrap mass spectrometer,
instrument,scie triple tof 5600+,
instrument,sciex 6500+,
instrument,sciex tripletof 5600+,
instrument,thermo electron ltq orbitrap hybrid mass spectrometer system,
instrument,thermo exploris 480,
instrument,thermo fisher qe-hfx,
instrument,thermo fisher scientific q-exactive mass spectrometer,
instrument,thermo fisher velos orbitrap,
instrument,thermo fisher velos orbitrap mass spectrometer,
instrument,thermo ltq-orbitrap elite,
instrument,thermo orbitrap exploris 240,
instrument,thermo orbitrap exploris 480,
instrument,thermo orbitrap fusion,
instrument,thermo orbitrap fusion lumos,
instrument,thermo q exactive hf-x mass spectrometer,
instrument,thermo q exactive hybrid quadrupole-orbitrap plus mass spectrometer,
instrument,thermo q exactive mass spectrometer,
instrument,thermo q-exactive hf,
instrument,thermo q-exactive plus,
instrument,thermo q-exactive plus orbitrap,
instrument,thermo qe plus obritrap,
instrument,thermo scientific fusion,
instrument,thermo scientific orbitrap exploris 480,
instrument,thermo scientific orbitrap fusion tribrid mass spectrometer,
instrument,thermo scientific q exactive,
instrument,thermo scientific q exactive hf,
instrument,thermo scientific q exactive hf mass spectrometer,
instrument,thermo scientific q exactive hf-x,
instrument,thermo scientific q exactive hf-x orbitrap,
instrument,thermo scientific q exactive mass spectrometer,
instrument,thermo scientific q exactive-hf,
instrument,thermofisher scientific qexactive,
instrument,thermoscientifictmorbitraptmexploris480tmmass spectrometer,
instrument,tims quadrupole time-of-flight timstof pro 2 instrument (bruker daltonics),
instrument,tims tof pro,
instrument,tims tof pro mass spectrometer,
instrument,timstof ht,MS:1003404
instrument,timstof ht mass spectrometer (bruker daltonics),
instrument,timstof ht-evosep,
instrument,timstof pro,MS:1003005
instrument,timstof pro 2,MS:1003230
instrument,timstof pro mass spectrometer,
instrument,trapped ion mobility spectrometry time-of-flight pro2,
instrument,triple quadrupole (qqq) 6460 ms from agilent technologies,
instrument,triple-quadrupole mass spectrometer,
instrument,tripletof,
instrument,"tripletof 5,600 ms",
instrument,tripletof 5600,MS:1000932
instrument,tripletof 5600 system,
instrument,tripletof 5600+,MS:1002584
instrument,tsq quantiva,MS:1002418
instrument,tsq vantage triple quadrupole,
instrument,velos orbitrap,
instrument,velos pro elite mass spectrometer,
instrument,waters xevo tq-xs triple quadrupole mass spectrometer,
instrument,xevo g2-xs,
instrument,xevo tq-xs,MS:1002730
instrument,xevo tq-xs triple quadrupole mass spectrometer (waters),
instrument,xevo-tqs,
instrument,zenotrap time-of-flight 7600,
ionization_type,captive spray ion source,
ionization_type,captivespray nanoelectrospray,
ionization_type,captivespray source,
ionization_type,directly electrosprayed,
ionization_type,easy-spray,
ionization_type,easy-spray ion source,
ionization_type,easy-spray source,
ionization_type,easyspray,
ionization_type,easyspray ionization,
ionization_type,easyspray nanospray source,
ionization_type,easyspray source,
ionization_type,easy‐spray column,
ionization_type,easy‐spray esi source,
ionization_type,easy‐spray source,
ionization_type,electro spray ionization,
ionization_type,electrospray,
ionization_type,electrospray ionization,MS:1000073
ionization_type,electrospray ionization (esi),
ionization_type,electrospray-ionized,
ionization_type,electrosprayed,
ionization_type,eletrosprayed,
ionization_type,esi,MS:1000073
ionization_type,faims pro,
ionization_type,ion spray,
ionization_type,lc-esi,
ionization_type,maldi,MS:1000075
ionization_type,nano electrospray,
ionization_type,nano electrospray ion source,
ionization_type,nano electrospray source,
ionization_type,nano electro‐spray,
ionization_type,nano electro‐spray ion source,
ionization_type,nano esi,
ionization_type,nano spray ion source,
ionization_type,nano-electroionization,
ionization_type,nano-electrospray,
ionization_type,nano-electrospray emitter,
ionization_type,nano-electrospray ion source,
ionization_type,nano-electrospray ionisation,
ionization_type,nano-electrospray ionization,
ionization_type,nano-electrospray ionization (nesi),
ionization_type,nano-flow,
ionization_type,nano-hplc interface,
ionization_type,nano-hplc-ms/ms,
ionization_type,nano-spray electroionization,
ionization_type,nano-spray electroionization source,
ionization_type,nanoelectrospray,MS:1000398
ionization_type,nanoelectrospray ion source,
ionization_type,nanoelectrospray ionization,
ionization_type,nanoelectrospray ionization source,
ionization_type,nanoesi,
ionization_type,nanoflex,
ionization_type,nanoflex ion source,
ionization_type,nanoflex source,
ionization_type,nanoflex source interface,
ionization_type,nanoflow,
ionization_type,nanolc,
ionization_type,nanolc-ms/ms,
ionization_type,nanolcms/ms,
ionization_type,nanospray,MS:1000398
ionization_type,nanospray flex,
ionization_type,nanospray flex (nsi) ion source,
ionization_type,nanospray flex ion source,
ionization_type,nanospray flextm,
ionization_type,nanospray ion source,
ionization_type,nanospray ionization,
ionization_type,nanosprayflex,
ionization_type,nanosprayflextm,
ionization_type,nanospray‐flex ion source,
ionization_type,nano‐electrospray,
ionization_type,nano‐electrospray ion source,
ionization_type,nesi,
ionization_type,nesl,
ionization_type,nsi,
ionization_type,picoview ion source,
ionization_type,positive esi,
ionization_type,positive ion mode,
ionization_type,positive ionization,
ionization_type,positive ionization mode,
ionization_type,positive mode,
ionization_type,sprayed,
ionization_type,thermo nanospray flex ion source,
ionization_type,triversa nanomate system,
labeling,(tmtpro)-16plex,
labeling,10-plex tmt,
labeling,11-plex isobaric labeling tmt reagent,
labeling,11-plex tandem mass tag,
labeling,11plex tmt,
labeling,12c3 light,
labeling,13c3 heavy,
labeling,16-plex tandem-mass-tag (tmt) labeling,
labeling,16-plex tmtpro,
labeling,16plex tmt labeling,
labeling,18o,
labeling,18o labeling,
labeling,2x(13)c,
labeling,"2x(13)c,4x(2)h labeled dimethylated l-lysine",
labeling,"2x(13)c,6x(2)h labeled dimethylated l-arginine",
labeling,4-plex itraq,
labeling,8-plex itraq,
labeling,absolute quantification,
labeling,apex - absolute protein expression,
labeling,aqua,
labeling,biotinylated,
labeling,bottom-up proteomics,MS:1003355
labeling,data independent acquisition,
labeling,data-dependent acquisition,MS:1003221
labeling,data-independent acquisition,MS:1003215
labeling,deuterium-labeled,
labeling,dileu,
labeling,dileu labeling,
labeling,dimethyl,
labeling,dimethyl labeled,
labeling,dimethyl labeling,
labeling,dimethyl labelling,
labeling,dimethyl lys 0 and n-term 0,
labeling,dimethyl lys 4 and n-term 4,
labeling,dimethylated l-lysine,
labeling,dimethylated residue,
labeling,dimethylation,
labeling,dimethylation (2plex),
labeling,dynamic silac,
labeling,dynamic silac labeling,
labeling,easi-tag,
labeling,empai,
labeling,heavy formaldehyde (c13d2),
labeling,heavy isotope absolute quantification,
labeling,heavy stable isotope label residue,
labeling,hytane,
labeling,ibaq (intensity based absolute quantitation),
labeling,icat,
labeling,in-gel stable isotope labelling,
labeling,iodoacetamide,
labeling,irtkit,
labeling,isobaric labeling,
labeling,isobaric quantitative protein interaction reporter (iqpir),
labeling,isobaric tagging,
labeling,isobaric tags for relative and absolute quantification,
labeling,isobaric tandem mass tags (tmt)-10plex,
labeling,isobarically labeled,
labeling,isotope labeling,
labeling,isotope ratio mass spectrometry,
labeling,isotopic labeling,
labeling,isotopically labeled biotin,
labeling,itraq,
labeling,itraq 8-plex,
labeling,itraq-8plex,
labeling,itraq-tagged,
labeling,itraq8plex,
labeling,label free,
labeling,label free analysis,
labeling,label free quantification,
labeling,label free quantification (lfq),
labeling,label free quantitation,
labeling,label free sample,MS:1002038
labeling,label-based,
labeling,label-free,
labeling,label-free protein quantification,
labeling,label-free quantification,
labeling,label-free quantification (lfq),
labeling,label-free quantification method,
labeling,label-free quantification mode,
labeling,label-free quantitation (lfq),
labeling,label-free quantitation was set with a retention time alignment window of 3 min.,
labeling,label-free quantitative proteomics,
labeling,label‐free (lfq),
labeling,label‐free quantitation (lfq),
labeling,lf,
labeling,lfq,
labeling,light and heavy iodoacetamide (iaa),
labeling,light formaldehyde (c12h2),
labeling,light/medium dimethylation,
labeling,maxlfq,
labeling,maxquant,MS:1001583
labeling,ms1 based isotope labeling,
labeling,ms1 intensity based label-free quantification method,
labeling,normalized spectral abundance factor - nsaf,
labeling,nsaf,
labeling,parallel reaction monitoring (prm),
labeling,peptide counting,
labeling,protein abundance index - pai,
labeling,pulse silac,
labeling,pulse-silac,
labeling,relative quantification,
labeling,selected ion chromatogram,
labeling,shtmtpro,
labeling,sil,
labeling,silac,
labeling,sis,
labeling,spectral abundance factor - saf,
labeling,spectral counting,
labeling,spectrum count/molecular weight,
labeling,spectrum counting,
labeling,srm-sis,
labeling,stable isotope dimethyl labeling,
labeling,stable isotope dynamic labelling,
labeling,stable isotope labeling with tandem mass tags (tmt-18plex),
labeling,stable isotope labelling,
labeling,stable isotope ratio,
labeling,stable isotope-labeled peptides,
labeling,stable isotope-labeled reference peptides,
labeling,stable isotope-labeled standards,
labeling,super-silac,
labeling,swath ms,
labeling,tails,
labeling,tandem mass tag,
labeling,tandem mass tag (tmt),
labeling,tandem mass tag (tmt) assays,
labeling,tandem mass tag (tmt) labeling approach,
labeling,tandem mass tag (tmt) multiplexes,
labeling,tandem mass tag (tmt)-based proteomics,
labeling,tandem mass tag (tmt10plex) labels (thermo fisher scientific),
labeling,tandem mass tag 10plex kits (thermo fisher scientific),
labeling,tandem mass tag pro reagents,
labeling,terminal isotopic labeling,
labeling,three-state silac,
labeling,three-state silac labeling,
labeling,tic,MS:1000285
labeling,tmt,
labeling,tmt 10-plex,
labeling,tmt 10plex,
labeling,tmt 11plex,
labeling,tmt isobaric tags,
labeling,tmt labeling,
labeling,tmt labels,
labeling,tmt-10-plex,
labeling,tmt-10plex,
labeling,tmt-6-plex,
labeling,tmt10-plex,
labeling,tmt10plex,
labeling,tmt10plex label reagent,
labeling,tmt10plextm isobaric label reagents,
labeling,tmt11,
labeling,tmt11-plex,
labeling,"tmt126–tmt131 (thermo, 90061)",
labeling,tmt16plex,
labeling,tmt18plex,
labeling,tmt6-126 and tmt6-127,
labeling,tmt6plex,
labeling,tmt6plex-126,
labeling,tmt6plex-126 reporter+balance reagent acylated residue,
labeling,tmtpro,
labeling,tmtpro 16 plex,
labeling,tmtpro 16 plex labeling kit,
labeling,tmtpro 16-plex,
labeling,tmtpro 16plex,
labeling,tmtpro 16plex reagents,
labeling,tmtpro 18-plex,
labeling,tmtpro 18-plex label reagent set,
labeling,tmtpro 18-plex labeling,
labeling,tmtpro 18plex,
labeling,tmtpro 18plex reagents,
labeling,tmtpro 18plex reagents (k562) or tmtpro 6plex (nalm-6),
labeling,tmtpro 6plex,
labeling,tmtpro reagents (16plex),
labeling,tmtpro tags,
labeling,tmtpro-16plex,
labeling,tmtprotm 16plex,
labeling,tmtsixplex,
labeling,triplex silac,
mass_analyzer,astral,MS:1003379
mass_analyzer,dual-pressure linear ion trap (itms2),
mass_analyzer,hybrid quadrupole-orbitrap,
mass_analyzer,ion trap,MS:1000264
mass_analyzer,ion trap-orbitrap,
mass_analyzer,ion-routing multipole,
mass_analyzer,ion-trap,
mass_analyzer,iontrap,
mass_analyzer,linear ion trap,MS:1000291
mass_analyzer,ltq ion trap,
mass_analyzer,ltq-orbitrap,
mass_analyzer,orbitrap,MS:1000484
mass_analyzer,orbitrap astral,MS:1003378
mass_analyzer,orbitrap exploris 480,MS:1003028
mass_analyzer,orbitrap positive mode,
mass_analyzer,orbitrap tribrid,
mass_analyzer,orbitraptm astraltm,
mass_analyzer,qtof,
mass_analyzer,quadrupole,MS:1000081
mass_analyzer,quadrupole mass filter,
mass_analyzer,quadrupole orbitrap,
mass_analyzer,quadrupole time-of-flight,
mass_analyzer,quadrupole-orbital ion trap,
mass_analyzer,quadrupole-orbitrap,
mass_analyzer,survey spectra were acquired in the orbitrap,
mass_analyzer,tandem quadrupole,
mass_analyzer,time-of-flight,MS:1000084
mass_analyzer,timstof,MS:1003229
mass_analyzer,tof,MS:1000084
mass_analyzer,tribrid,
mass_analyzer,tribrion,
mass_analyzer,triple quadruple,
mass_analyzer,triple quadrupole,
mass_analyzer,triple-quadrupole,
mass_analyzer,triple-tof,
mass_analyzer,tripletof,
ptm,(r)-5-oxo-1,
ptm,10-plex tmt modifications,
ptm,10-plex tmt modifications on lys and n-terminal amines,
ptm,13c (6) silac label (+ 6.02),
ptm,13c(6) arginine (+6.020 da at arginine),
ptm,13c(6)15n(2) lysine (+8.014 da at lysine),
ptm,13c6-arginine,
ptm,"13c6-arginine and 13c6,15n2-arginine",
ptm,18o labeling of deglycosylated asparagine,
ptm,18o-labeled,
ptm,18o-labelled c-terminus,
ptm,2-hydroxyisobutyryl,
ptm,2-pyrrolidone-5-carboxylic acid (gln),MOD:00040
ptm,2-pyrrolidone-5-carboxylic acid (glu),MOD:00420
ptm,2h4-lysine,
ptm,"2x(13)c,4x(2)h labeled dimethylated l-lysine",MOD:01357
ptm,4-hydroxynonenal addition,
ptm,4-hydroxynonenal and/or 4-oxononenal addition to arginine and lysine residues,
ptm,4-oxononenal addition,
ptm,6x(13)c,
ptm,6x(13)c labeled residue,MOD:00544
ptm,8-plex itraq fixed modifications,
ptm,8-plex itraq labeling of lysines and peptide n-termini,
ptm,acetoacetylation,
ptm,acetyl,
ptm,acetyl (k),
ptm,acetyl (n-term),
ptm,acetyl (n‐term),
ptm,acetyl (protein n terminus),
ptm,acetyl (protein n-term),
ptm,acetyl (protein n-terminus),
ptm,acetyl (protein nterm),
ptm,acetyl (protein n‐term),
ptm,acetyl (protein n‐terminal),
ptm,"acetyl group modification at k, s, t and y residues",
ptm,"acetyl(protein, n-term)",
ptm,"acetyl, met-loss, or met-loss+acetyl (protein n-term)",
ptm,acetyl[k],
ptm,acetyl[k]/+42.011,
ptm,acetylated,
ptm,acetylated protein n-termini,
ptm,acetylated residue,MOD:02078
ptm,acetylation,
ptm,acetylation (k),
ptm,acetylation (lys and protein n-term),
ptm,acetylation (n terminus),
ptm,acetylation (n-term),
ptm,acetylation (protein n-term),
ptm,acetylation (protein n-terminus),
ptm,acetylation (protein n‐term),
ptm,acetylation (r),
ptm,acetylation at lysine,
ptm,acetylation at lysine and serine,
ptm,acetylation at lysine residue,
ptm,acetylation at n-terminal of proteins,
ptm,acetylation at protein n-termini,
ptm,acetylation at protein n-terminus,
ptm,acetylation at serine,
ptm,acetylation at the protein n-terminus,
ptm,acetylation at the protein n‐terminus,
ptm,acetylation of k,
ptm,acetylation of lysine,
ptm,acetylation of lysine (k),
ptm,acetylation of lysines,
ptm,acetylation of n termini,
ptm,acetylation of n-terminal,
ptm,acetylation of n-terminus,
ptm,acetylation of protein n termini,
ptm,acetylation of protein n terminus,
ptm,acetylation of protein n-termini,
ptm,acetylation of protein ntermini,
ptm,acetylation of protein n‐termini,
ptm,acetylation of proteins’ n-termini,
ptm,acetylation of the n-terminus,
ptm,acetylation of the protein n terminus,
ptm,acetylation of the protein n-term,
ptm,acetylation of the protein n-terminal,
ptm,acetylation of the protein n-terminus,
ptm,acetylation of the protein n-terminus (42 da),
ptm,"acetylation on lysine (k, 42.0106)",
ptm,acetylation on protein n-terminal,
ptm,acetylation on protein n‐term,
ptm,acetylation on protein n‐terminus,
ptm,acetylation with methionine loss,
ptm,addition of the tmt mass tag,
ptm,adenosine diphosphoribosyl (adp-ribosyl) modified residue,MOD:02087
ptm,adp-ribosylation,
ptm,adp-ribosylation of aspartic acid (d),
ptm,"adp-ribosylation of aspartic acid (d), glutamic acid (e), asparagine (n), glutamine (q), lysine (k), arginine (r), serine (s), cysteine (c), and histidine (h)",
ptm,"adp-ribosylation of aspartic acid (d), glutamic acid (e), asparagine (n), lysine (k), arginine (r), serine (s), cysteine (c), and histidine (h)",
ptm,"adp-ribosylation on cysteine, aspartic acid, glutamic acid, histidine, lysine, arginine, serine, threonine, and tyrosine residues",
ptm,adpr,
ptm,"adpr on cysteine, aspartic acid, glutamic acid, histidine, lysine, arginine, serine, threonine, and tyrosine residues",
ptm,alexa 488 fluorophore,
ptm,alkylated residue,MOD:00001
ptm,alkylation,
ptm,alkylation on cysteine,
ptm,alpha-amino propanoylated residue,MOD:00451
ptm,amidated,
ptm,amidated (c-term),
ptm,amidated residue,MOD:00674
ptm,ammonia loss of the n terminus,
ptm,ammonia-loss,
ptm,ammonia-loss at the n-terminus,
ptm,ampylation,
ptm,arg10 (r),
ptm,arginine (mono and di),
ptm,arginine (r),
ptm,arginine dimethylated,
ptm,arginine hydroimidazolone derivatives,
ptm,"arginine hydroimidazolone derivatives (g-h1, mg-h1, 3dg-h1)",
ptm,arginine methylation,
ptm,arginine pyrimidine,
ptm,arginine to phosphoserine,
ptm,arginine to serine,
ptm,arginine-methylated,
ptm,arginine-methylation,
ptm,asn deamidation,
ptm,asparagine (n),
ptm,asparagine and glutamine deamidation,
ptm,asparagine deamidation,
ptm,asparagine deamination,
ptm,asparagine/glutamine deamidation,
ptm,asymmetric dimethyl-l-arginine,MOD:00077
ptm,auto-sumoylation,
ptm,benzylpenicillin-modified,
ptm,biotin,
ptm,biotin-phenol conjugation of tyrosine,
ptm,biotin-phenol on tyrosine,
ptm,biotinylated iodoacetamide,
ptm,biotinylated residue,MOD:01885
ptm,biotinylation,MOD:01885
ptm,bp modification on cysteinylated cys (cysbp) (+453.10),
ptm,bp modifications on lys/arg/his/cys (+334.10),
ptm,bs3,
ptm,butyryl (k),
ptm,c carbamidomethylation,
ptm,c-mannose,
ptm,c-terminal amidation,
ptm,carba-midomethylation of cysteines,
ptm,"carbamidimethylation, oxidation, deamidation, phosphorylation",
ptm,carbamido- methyl,
ptm,carbamido-methyl,
ptm,carbamidometheylation,
ptm,carbamidometheylation on cysteinyl residues,
ptm,carbamidomethlylation of cysteines,
ptm,carbamidomethyl,
ptm,carbamidomethyl (+57.021 da) on cysteine,
ptm,carbamidomethyl (c),
ptm,carbamidomethyl (c) (fixed modification),
ptm,carbamidomethyl (cam),
ptm,carbamidomethyl (cys),
ptm,carbamidomethyl +57.021 da (c),
ptm,carbamidomethyl [c],
ptm,carbamidomethyl at cysteine,
ptm,carbamidomethyl at cysteine residues,
ptm,carbamidomethyl cys,
ptm,carbamidomethyl cysteine,
ptm,carbamidomethyl cysteine (+57.0215 on c),
ptm,carbamidomethyl modification,
ptm,carbamidomethyl modifications to cysteine,
ptm,carbamidomethyl of cysteine,
ptm,carbamidomethyl on cys,
ptm,carbamidomethyl on cysteine,
ptm,carbamidomethyl on cysteine residues,
ptm,carbamidomethyl on cysteines,
ptm,carbamidomethyl(c),
ptm,carbamidomethylated,
ptm,carbamidomethylated cysteine,
ptm,carbamidomethylation,
ptm,carbamidomethylation (c),
ptm,carbamidomethylation (cys),
ptm,"carbamidomethylation (cysteine), oxidation (methionine), and pyroglutamic acid (glutamic acid)",
ptm,carbamidomethylation at cys,
ptm,carbamidomethylation at cysteine,
ptm,carbamidomethylation at cysteine residues,
ptm,carbamidomethylation for cysteines,
ptm,carbamidomethylation of c,
ptm,carbamidomethylation of cys,
ptm,carbamidomethylation of cysteine,
ptm,carbamidomethylation of cysteine (+57.02146 da),
ptm,carbamidomethylation of cysteine (c),
ptm,carbamidomethylation of cysteine (c) residues,
ptm,carbamidomethylation of cysteine residues,
ptm,carbamidomethylation of cysteine residues (+57.0215 da),
ptm,carbamidomethylation of cysteine residues was a fixed modification.,
ptm,carbamidomethylation of cysteines,
ptm,carbamidomethylation of cysteines (+57.021 da),
ptm,carbamidomethylation of cysteines (c[160]),
ptm,carbamidomethylation on cysteine,
ptm,"carbamidomethylation on cysteine (c, 57.0215)",
ptm,carbamidomethylation on cysteine residues,
ptm,carbamidomethylation on cysteines,
ptm,carbamidomethylcysteine,
ptm,carbamidometylation,
ptm,carbamindomethyl (c),
ptm,carbaminomethylation,
ptm,carbaminomethylation on cysteine,
ptm,carbamoylated residue,MOD:00398
ptm,carbamydomethylation,
ptm,carbamydomethylation of cysteine,
ptm,carbamyl,
ptm,carbamylated (lys),
ptm,carbamylation,
ptm,carbamylation (k),
ptm,carbamylation c,
ptm,carbidomethylation,
ptm,carbonylation,
ptm,carboxamidomethylation,
ptm,carboxyamidomethylation,
ptm,carboxyethyl lysine,
ptm,carboxylated residue,MOD:01152
ptm,carboxymethyl lysine,
ptm,carboxymethylation,
ptm,carboxymethylation of cysteine residues,
ptm,cenp-a,
ptm,chondroitin sulfate hexasaccharide,
ptm,citrullinated (arg),
ptm,citrullination,
ptm,complex glycosylation,MOD:00725
ptm,compound covalent modification,
ptm,conjugation of isg15 (isgylation),
ptm,conversion of gln (-17.027 da) or glu (- 18.011 da) to pyro-glu at the peptide n-term,
ptm,conversion of glutamine to pyroglutamate,
ptm,cross-linked,
ptm,cross-linking,
ptm,crosslinked l-lysine residue,MOD:02051
ptm,crosslinking,
ptm,cyclisation,
ptm,cyclization,
ptm,cyclization of n-terminal glutamine,
ptm,cyclization of n-terminal glutamine residues to pyroglutamine residues,
ptm,cyclization of n-terminal glutamine to pyro-glutamate,
ptm,cys carbamidomethylation,
ptm,cys carbamidomethylation (+57.021 da),
ptm,cys carbamidomethylation of 57.02146 on cysteine,
ptm,cystein carbamido-methylation,
ptm,cysteine,
ptm,"cysteine (57 da, alkylation with iodoacetamide)",
ptm,cysteine (c),
ptm,cysteine alkylation,
ptm,cysteine carbamidomethyl,
ptm,cysteine carbamidomethylation,
ptm,cysteine carbamidomethylation (cys),
ptm,cysteine carbamidometylation,
ptm,cysteine carbamylation,
ptm,cysteine carboxamidomethylation,
ptm,cysteine carboxamidomethylation (c),
ptm,"cysteine carboxamidomethylation (cys, + 57.021464 da)",
ptm,cysteine methylthiolation,
ptm,cysteine methylthiomethane,
ptm,cysteine oxidation,
ptm,cysteine residue alkylation,
ptm,cysteine residues,
ptm,cysteinyl,
ptm,cysteinylation,MOD:00765
ptm,cysteinylation (disulfide with free l-cysteine),MOD:00765
ptm,cysteinylation of cys (+119.00),
ptm,cystmt6plex reporter+balance reagent cysteine disulfide,MOD:01821
ptm,dbia,
ptm,dbia on cysteine residues,
ptm,dcp-bio1 (+394.1557 da),
ptm,deacetylation,
ptm,deamidated,
ptm,deamidated (nq),
ptm,deamidated asparagine and glutamine,
ptm,deamidated asparagine/glutamine,
ptm,deamidated residue,MOD:00400
ptm,deamidation,
ptm,deamidation (asn and asp),
ptm,deamidation (asn),
ptm,"deamidation (asparagine, glutamine)",
ptm,deamidation (n and q),
ptm,deamidation (n),
ptm,"deamidation (n, q)",
ptm,"deamidation (n,q)",
ptm,deamidation (n/q),
ptm,deamidation (nq),
ptm,"deamidation (q, n)",
ptm,deamidation at asn and glu,
ptm,deamidation at asparagine,
ptm,deamidation at asparagine and glutamine,
ptm,deamidation at glutamine,
ptm,deamidation of asn,
ptm,deamidation of asn/gln,
ptm,deamidation of asn/gln (+0.98),
ptm,deamidation of asp and glu,
ptm,deamidation of asparagine,
ptm,deamidation of asparagine and glutamine,
ptm,deamidation of asparagine and glutamine (nq),
ptm,deamidation of asparagine and glutamine (nq-0.98),
ptm,deamidation of asparagine and glutamine residues,
ptm,deamidation of asparagine or glutamine,
ptm,deamidation of gln and asn,
ptm,deamidation of gln/asn,
ptm,deamidation of glutamine and asparagine,
ptm,deamidation of n or q,
ptm,deamidation of nq,
ptm,deamidation-iso-asp (104.05 da),
ptm,deaminated asn and gln,
ptm,deaminated residue,MOD:01160
ptm,deamination,
ptm,deamination at asparagine and glutamine,
ptm,deammidation of asn to asp residues,
ptm,dehydrated,
ptm,dehydrated residue,MOD:00704
ptm,dehydroalanine (cys),MOD:00793
ptm,dehydroalanine (ser),MOD:00189
ptm,dehydrobutyrine (thr),MOD:00190
ptm,deoxyhexosylated residue,MOD:00736
ptm,desthiobiotinylation,
ptm,dhex,MOD:00736
ptm,di-gly,
ptm,differential modification on the peptide n-terminal glutamic acid residues,
ptm,differential mono-bs3 modification on lysine residue,
ptm,differential oxidation modification on methionines,
ptm,digly remnant,
ptm,dihydroxy tryptophan (w),
ptm,dihydroxylated residue,MOD:00428
ptm,dileu labeling,
ptm,dimethyl,
ptm,dimethyl (k),
ptm,"dimethyl light, intermediate or heavy of (k) and (n-term)",
ptm,dimethyl:2h(4),
ptm,dimethyl[k],
ptm,dimethyl[k]/+28.031,
ptm,dimethylated residue,MOD:00429
ptm,dimethylation,
ptm,dimethylation (lysine),
ptm,dioxidation,
ptm,disulfide bond,
ptm,disulfide bridges,
ptm,disulfide crosslinked residues,MOD:00689
ptm,disulfides,
ptm,dithiomethane,
ptm,dithiomethylation of cysteine,
ptm,e->pyro-e,
ptm,excision on n-term met,
ptm,farnesylated residue,MOD:00437
ptm,farnesylation,
ptm,farnesylation on the c-terminal cysteine,
ptm,fixed carbamidomethyl cysteine,
ptm,fixed carbamidomethyl modification to cysteine,
ptm,fixed carbamidomethyl modifications of cys residues,
ptm,fixed cysteine carbamidomethyl modification,
ptm,fixed tmt modification (229.16293 da) on lysines and the n-terminus,
ptm,formation of pyroglutamate,
ptm,formylated residue,MOD:00493
ptm,formylation,
ptm,formylation (st),
ptm,formylation of the n-terminus,
ptm,geranylgeranylated residue,MOD:00441
ptm,gln to pyro-glu formation (n-term. gln),
ptm,gln->pyro-glu,
ptm,gln->pyro-glu (n-term q),
ptm,gln→pyro-glu,
ptm,gln→pyro-glu(n-term q),
ptm,gln→pyro‐glu of the n terminus,
ptm,glu->pyro-glu,
ptm,glu->pyro-glu (n-term e),
ptm,glutamic acid (e),
ptm,glutamine (q),
ptm,glutamine and asparagine deamidation,
ptm,glutamine deamidation,
ptm,glutamine or glutamic acid conversion to pyroglutamic acid,
ptm,glutamine to pyroglutamate,
ptm,glutamine/asparagine deamidation,
ptm,glutamine/asparagine deamination,
ptm,glu→pyro‐glu of the n terminus,
ptm,glycation,
ptm,glycoproteins,
ptm,glycosaminoglycans,
ptm,glycosylation,
ptm,glygly,
ptm,glygly (k),
ptm,glygly modification of the lysine sidechain,
ptm,glygly of lysine,
ptm,glygly+tmtpro (lys),
ptm,guanidination,
ptm,guanidination (k),
ptm,h2n2,
ptm,h2n2f1,
ptm,h3k27me3,
ptm,h3n2f1,
ptm,h5n2,
ptm,h6n2,
ptm,half cystine,MOD:00798
ptm,"heavy carbamidomethylation (13c2, 2-d2)",
ptm,hex,
ptm,hex(1)hexnac(1),
ptm,hex(1)hexnac(1) (s/t),
ptm,hex-hexnac,MOD:01135
ptm,hex-hexnac-dhex,
ptm,hex9hexnac2 n4-glycosylated asparagine,MOD:02036
ptm,"hexasaccharide structure [hexa(–h2o)hexnachexahexhexxyl-o-] without (c37h55no30, 993.2809 u), with one (c37h55no33s, 1073.2377 u), or with two (c37h55no36s2, 1153.1945 u) sulfate groups attached",
ptm,hexnac,MOD:00436
ptm,hexnac (s/t),
ptm,hexnac and hex(1)hexnac(1) modification of serine and threonine residues,
ptm,hexnac modification,
ptm,hexnac-dhex,
ptm,hexnacylation (n),
ptm,hexosylated residue,MOD:00434
ptm,histidine (h),
ptm,histone acetylation,
ptm,histone methylation,
ptm,histone modifications,
ptm,homoserine,MOD:00403
ptm,homoserine lactone,MOD:00404
ptm,hydrolyzed n-ethylmaleimide cysteine adduct,MOD:01349
ptm,hydrolyzed n-methylmaleimide cysteine adduct,MOD:00939
ptm,hydroxylation,
ptm,hydroxylation of lysine and proline,
ptm,hydroxylation of proline,
ptm,hydroxyproline,MOD:01024
ptm,iodination (y),
ptm,iodoacetamide,
ptm,iodoacetamide derivatized amino-terminal residue,MOD:01090
ptm,iodoacetamide derivatized residue,MOD:00397
ptm,iodoacetic acid derivatized residue,MOD:00399
ptm,iodoacetmaide (m),
ptm,iodotmt (cys),
ptm,iron (ed),
ptm,isgylation,
ptm,iso-asp-tris (103.06 da),
ptm,isobaric ptm,
ptm,isotope labeled residue,MOD:00702
ptm,itraq,
ptm,itraq 8-plex,
ptm,itraq 8-plex modification,
ptm,itraq 8-plex of lysine,
ptm,itraq 8-plex of peptide n-term,
ptm,itraq labeling,
ptm,itraq modification of lysine,
ptm,itraq modification of n-terminal residue,
ptm,itraq on lys and peptide n-term,
ptm,itraq on tyr,
ptm,itraq-8plex (k),
ptm,itraq-8plex (n-term),
ptm,itraq4plex-116 reporter+balance reagent acylated residue,MOD:01499
ptm,itraq8plex (k),
ptm,itraq8plex (n-term),
ptm,itraq8plex-116 reporter+balance reagent acylated residue,MOD:01549
ptm,"l-[13c6,15n2]-lysine",
ptm,"l-[13c6,15n4]-arginine",
ptm,l-citrulline,MOD:00219
ptm,l-cysteine methyl disulfide,MOD:00110
ptm,l-histidine residue,MOD:00018
ptm,l-methionine sulfoxide,MOD:00719
ptm,lactic acid,MOD:00194
ptm,lactylation,
ptm,lewis fucosylation,
ptm,long-chain s-acylation,
ptm,loss,
ptm,loss + acylation,
ptm,loss of methionine,
ptm,loss of protein n-terminal methionine,
ptm,lys,MOD:00021
ptm,lys (k) and peptide terminus biotinylation,
ptm,lys acetylation,
ptm,lys sumoylation,
ptm,lys8 (k),
ptm,lysine (k),
ptm,lysine 2-hydroxyisobutyrylation,
ptm,lysine acetylation,
ptm,lysine desthiobiotinylation,
ptm,lysine dimethylation,
ptm,lysine early glycation,
ptm,lysine lactylation,
ptm,lysine monomethylation,
ptm,lysine pyrraline,
ptm,lysine tmt6plex,
ptm,lysine trimethylation,
ptm,m (oxidation),
ptm,m oxidation,
ptm,m6a modification,
ptm,malonylation,
ptm,met oxidation,
ptm,met oxidation (+15.995 da),
ptm,met oxidation of 15.99492,
ptm,met->anl(m),
ptm,met->anl-biotin (m),
ptm,met-loss,
ptm,met-loss + acetyl,
ptm,met-loss+acetyl,
ptm,met-loss+acetylation,
ptm,methionine (m) oxidation,
ptm,methionine loss,
ptm,methionine loss (n terminus),
ptm,methionine loss + acetylation,
ptm,methionine loss and acetylation (n terminus),
ptm,methionine loss and acetylation of protein n-termini,
ptm,methionine loss at the protein n-terminus,
ptm,methionine loss plus acetylation of the protein n-terminus,
ptm,methionine oxidation,
ptm,methionine oxidation (+15.994915 ma),
ptm,methionine oxidation (+15.995 da),
ptm,methionine oxidation (15.9949 da),
ptm,"methionine oxidation (met, + 15.994915 da)",
ptm,methionine oxidation with neutral loss of 64 da,MOD:00935
ptm,methionine oxidations,
ptm,methionine oxidization,
ptm,"methionine, lysine, proline, arginine, cysteine, and asparagine oxidations",
ptm,"methionine, lysine, proline, arginine, cysteine, and asparagine oxidations (+15.99 on ckmnpr)",
ptm,methyl methanethiosulfonate (mmts),
ptm,methyl_propionyl[k],
ptm,methyl_propionyl[k]/+70.042,
ptm,methylated,
ptm,methylated residue,MOD:00427
ptm,methylation,
ptm,methylation (k),
ptm,methylation at arginine,
ptm,methylation at glutamine,
ptm,methylation at lysine,
ptm,"methylation at lysine, glutamine, and arginine",
ptm,methylation of arginine,
ptm,methylation of arginine (mono and di),
ptm,methylation of aspartic and glutamic acids,
ptm,methylation of histone h3 at lysine 27,
ptm,methylation of lysine,
ptm,"methylation of lysine (mono, di, and tri)",
ptm,"methylation of lysine (mono, di, and tri) and arginine (mono and di) as well as cyclization of n-terminal glutamine to pyro-glutamate",
ptm,methylation of lysine or arginine,
ptm,methylation/dimethylation/trimethylation (k),
ptm,methylmethanethiosulfonate (mmts),
ptm,methylthio (c),
ptm,methylthio of cys,
ptm,methylthiol of cysteine,
ptm,methylthiolated residue,MOD:01153
ptm,methylthiolation,
ptm,mmts,MOD:00110
ptm,modification from glu to pyro-glu at the n-terminus,
ptm,mono n-acetylated residue,MOD:00408
ptm,"mono-, di-, and trimethylation",
ptm,monohydroxylated residue,MOD:00425
ptm,monomethylated residue,MOD:00599
ptm,monomethylation,
ptm,"monomethylation (k, r)",
ptm,monomethylation and dimethylation on arginines,
ptm,monosodium salt,MOD:00423
ptm,monoubiquitination,
ptm,msox,
ptm,myristoylated residue,MOD:00438
ptm,myristoylation,
ptm,"n terminus (mono, di, and tri)",
ptm,n-acetylaminoglucosylated residue,MOD:00733
ptm,n-acetylation,MOD:00408
ptm,n-acetylation of the n-terminus of the protein,
ptm,n-acetylhexosamine (hexnac),
ptm,n-acetylhexosaminylated residue,MOD:00436
ptm,n-ethylmaleimide,
ptm,n-ethylmaleimide + water,
ptm,n-ethylmaleimide + water on c,
ptm,n-ethylmaleimide derivatized cysteine,MOD:00483
ptm,n-ethylmaleimide modification,
ptm,n-ethylmaleimide modification of cysteines,
ptm,n-ethylmaleimide on c,
ptm,n-ethylmaleimide on cysteines,
ptm,n-glycosylation,
ptm,n-linked glycosylation,
ptm,n-term acetylation,
ptm,n-term acetylation (+42.010565 da),
ptm,n-term and lysine tmtpro-label,
ptm,n-term m excision,
ptm,n-term n excision,
ptm,n-terminal acetylated,
ptm,n-terminal acetylation,
ptm,n-terminal acetylation (+42.0106 da),
ptm,n-terminal acetylation of peptides,
ptm,n-terminal acetylation of the protein,
ptm,n-terminal acetylations,
ptm,n-terminal acylation,
ptm,n-terminal and lysine tmtpro-labelling,
ptm,n-terminal carbamylation,
ptm,n-terminal conversion of gln to pyroglu,
ptm,n-terminal cyclisation,
ptm,n-terminal glutamate to pyroglutamate conversion,
ptm,n-terminal glutamine residues,
ptm,n-terminal lysine labelling,
ptm,n-terminal methionine cleavage,
ptm,n-terminal methionine cleavage and acetylation,
ptm,n-terminal methionine excision,
ptm,n-terminal methionine loss,
ptm,n-terminal methionine loss and acetylation,
ptm,n-terminal modification by acetylation,
ptm,n-terminal protein acetylation,
ptm,n-terminal pyro-glu,
ptm,n-terminal pyro-glutamate,
ptm,n-terminal specific acetylation,
ptm,n-terminal tmt6plex,
ptm,n-terminal tmtpro labelling,
ptm,n-terminal tmtpro labelling (+304.20715 da),
ptm,n/q de-amidation,
ptm,n1,
ptm,n1f1,
ptm,n6,
ptm,n6-butanoyl-l-lysine,MOD:01781
ptm,n6-succinyl-l-lysine,MOD:01819
ptm,nbf (+163.0012 da),
ptm,nedd8,
ptm,nedd8 to lysine residues,
ptm,nem:2h(5),
ptm,nem:2h(5) + h2o,
ptm,nem:2h(5) + h2o on c,
ptm,nem:2h(5) on c,
ptm,neuac-hex-hexnac,MOD:00517
ptm,neuac-hex-hexnac-dhex,
ptm,no ptms,
ptm,no ptms are included in the dataset,
ptm,n‐acetylation of proteins,
ptm,n‐terminal acetylation,
ptm,"n‐terminal acetylation (n‐terminal, + 42.010565 da)",
ptm,n‐terminal and lysine tmt‐labeling,
ptm,n‐terminal cyclisation,
ptm,n‐terminal lysine tmt‐labeling,
ptm,n‐terminal methionine excision,
ptm,n‐terminal protein acetylation,
ptm,o-(n-acetylamino)glucosyl-l-serine,MOD:00805
ptm,o-(n-acetylamino)glucosyl-l-threonine,MOD:00806
ptm,o-(n-acetylamino)hexosyl-l-serine,MOD:01675
ptm,o-(n-acetylamino)hexosyl-l-threonine,MOD:01676
ptm,o-fucosylation,
ptm,o-glcnac,
ptm,o-glcnacylation,
ptm,o-glycosylation,
ptm,o-linked glycosylation,
ptm,ox(m),
ptm,oxidation,
ptm,oxidation (15.9949 da) on methionine residues,
ptm,oxidation (m),
ptm,oxidation (m) (variable modification),
ptm,"oxidation (m, +15.99492 da)",
ptm,oxidation (met),
ptm,oxidation (methionine),
ptm,oxidation +15.995 da (m),
ptm,oxidation [m],
ptm,oxidation and dioxidation of methionine,
ptm,oxidation at met,
ptm,oxidation at methionine,
ptm,oxidation modifications,
ptm,oxidation of lysine,
ptm,oxidation of m,
ptm,oxidation of met,
ptm,oxidation of met (+15.99),
ptm,oxidation of methionine,
ptm,oxidation of methionine (+15.9949 da),
ptm,oxidation of methionine (m),
ptm,oxidation of methionine residues,
ptm,oxidation of methionine residues (+15.9949 da),
ptm,oxidation of methionine residues (16 da),
ptm,oxidation of methionine residues (to sulfoxides),
ptm,"oxidation of methionine residues, carbamylation at protein n-termini, pyroglutamic acid and acetylation were dynamic modifications.",
ptm,oxidation of methionines,
ptm,oxidation of proline,
ptm,oxidation on met,
ptm,oxidation on met (+15.995 da),
ptm,oxidation on methionine,
ptm,oxidation on methionine (m),
ptm,"oxidation on methionine (m, 15.9949)",
ptm,oxidation on methionine and n-terminal acetylation,
ptm,oxidation or dioxidation modifications,
ptm,oxidation(m),
ptm,oxidations,
ptm,oxidations (of methionine),
ptm,oxidative modification,
ptm,oxidative modifications,
ptm,oxidization,
ptm,oxidization (m),
ptm,oxidization of methionine,
ptm,oxidized,
ptm,oxidized met,
ptm,oxidized methionine,
ptm,oxidized methionine (met),
ptm,oxidized peroxiredoxins,
ptm,o‐glycosylation,
ptm,o‐glycosylation of thr/ser,
ptm,o‐linked glycosylation,
ptm,palmitoylated residue,MOD:00440
ptm,palmitoylation,
ptm,parylation,
ptm,pent-hex,
ptm,pent-pent-hex,
ptm,peptide n-terminal propionylation,
ptm,peptide n-terminal pyroglutamate,
ptm,peptide n‐terminal acetylation,
ptm,phospho,
ptm,"phospho (s, t, y)",
ptm,phospho (s/t),
ptm,"phospho (ser, thr, tyr)",
ptm,phospho (sty),
ptm,phospho (y),
ptm,"phospho(s,t)",
ptm,phospho(sty),
ptm,phospho-(s/t/y),
ptm,phospho-serine residues,
ptm,phospho-tyrosine/serine/threonine (sty),
ptm,phospho[st],
ptm,phospho[st]/+79.966,
ptm,phosphoribose*,
ptm,phosphorylated residue,MOD:00696
ptm,phosphorylation,
ptm,"phosphorylation (+79.699da) of serine, threonine or tyrosine",
ptm,"phosphorylation (79.9663 da) on seryl, threonyl or tyrosyl residues",
ptm,phosphorylation (ps/pt/py),
ptm,"phosphorylation (s, t, y)",
ptm,"phosphorylation (s,t,y)",
ptm,phosphorylation (st),
ptm,phosphorylation (sty),
ptm,phosphorylation at serine,
ptm,"phosphorylation at serine, threonine and tyrosine",
ptm,"phosphorylation at serine, threonine and tyrosine (+79.966 da)",
ptm,"phosphorylation at serine, threonine, and tyrosine",
ptm,phosphorylation at threonine,
ptm,phosphorylation at tyrosine,
ptm,"phosphorylation of s, t, or y",
ptm,"phosphorylation of ser, thr, and tyr residues",
ptm,phosphorylation of ser/thr or tyr residues,
ptm,phosphorylation of ser/thr/tyr,
ptm,phosphorylation of serine,
ptm,"phosphorylation of serine (s), threonine (t), and tyrosine (y)",
ptm,phosphorylation of serine and threonine,
ptm,"phosphorylation of serine, theronine and tyrosine",
ptm,"phosphorylation of serine, threonine and tyrosine",
ptm,"phosphorylation of serine, threonine and tyrosine residues",
ptm,"phosphorylation of serine, threonine or tyrosine residues",
ptm,"phosphorylation of serine, threonine, and tyrosine",
ptm,"phosphorylation of serine, threonine, and tyrosine residues",
ptm,"phosphorylation of serine, threonine, or tyrosine",
ptm,"phosphorylation of serines, threonines and tyrosines",
ptm,phosphorylation of st,
ptm,phosphorylation of threonine,
ptm,"phosphorylation of threonine, serine, and tyrosine",
ptm,phosphorylation of tyrosine,
ptm,"phosphorylation on ser, thr, and tyr",
ptm,"phosphorylation on serine (s), threonine (t), and tyrosine (y)",
ptm,"phosphorylation on serine, threonine and tyrosine",
ptm,"phosphorylation on serine, threonine, and tyrosine",
ptm,phosphorylation on sty residues,
ptm,phosphorylation on sty residues (79.9663 da),
ptm,"phosphorylation(s,t,y)",
ptm,"phosphorylations (s,t,y)",
ptm,phosphotyrosine,
ptm,poly-ubiquitylation,
ptm,post translational modification,
ptm,post-translational modifications,
ptm,posttranslational modifications,
ptm,prenylation,
ptm,pro6 (p),
ptm,proline hydroxylation,
ptm,proline oxidation,
ptm,proline to alanine,
ptm,proline to phosphoserine,
ptm,proline to serine,
ptm,propionamide,
ptm,propionamide (c),
ptm,propionamide at cysteine,
ptm,propionyl (k),
ptm,propionyl (n-term),
ptm,propionyl-methylation,
ptm,propionyl[k],
ptm,propionyl[k]/+56.026,
ptm,propionyl[peptide n-term],
ptm,propionylation,
ptm,protein acetyl,
ptm,protein acetyl on n-terminus,
ptm,protein acetylation,
ptm,protein c-terminal bi8622,
ptm,protein c-terminal bi8626,
ptm,protein modification categorized by isobaric sets,
ptm,protein n terminus (acetylated),
ptm,protein n terminus acetylation,
ptm,protein n- terminal met loss and acetylation,
ptm,protein n-acetylation,
ptm,protein n-term acetylation,
ptm,protein n-terminal,
ptm,protein n-terminal acetylation,
ptm,protein n-terminal acetylation (+42.011 da),
ptm,protein n-terminal acetylation (42.0106 da),
ptm,protein n-terminal acetylation with biotin,
ptm,protein n-terminal acetylation with bp,
ptm,protein n-terminal acetylation with dbp,
ptm,protein n-terminal met loss,
ptm,protein n-terminal met loss (−131.040 da),
ptm,protein n-terminal met loss and acetylation,
ptm,protein n-terminal methionine loss,
ptm,protein n-termini acetylation,
ptm,protein n-terminus,
ptm,protein n-terminus acetylation,
ptm,protein n‐terminal acetylation,
ptm,proteolytic cleavage,
ptm,pssh,
ptm,pyro-glu,
ptm,pyro-glu (n-term q),
ptm,pyro-glu (q),
ptm,pyro-glu formation from gln or glu,
ptm,pyro-glu from e,
ptm,pyro-glu from glutamine,
ptm,pyro-glu from glutamine (q-18.01 n-term),
ptm,pyro-glu from q,
ptm,pyro-glu/gln,
ptm,pyro-glutamate (n-term q),
ptm,pyro-glutamic acid modification at n-terminal glutamine,
ptm,pyroglu formation,
ptm,pyroglu formation from gln at the n-terminus of a peptide,
ptm,pyroglu on n-terminal gln,
ptm,pyrogluatamte conversion of glu and gln,
ptm,pyroglutamate formation,
ptm,pyroglutamate formation from glutamine,
ptm,pyroglutamate formation from of peptide n-terminal glutamines,
ptm,pyroglutamate formation on n-terminal glutamine,
ptm,pyroglutamic acid,
ptm,pyroglutamic acid for n-terminal glutamine,
ptm,pyrophosphorylation,
ptm,pyroq (n‐term),
ptm,pyrrolidone from q,
ptm,pyrrolidone from q (−17.027 da),
ptm,q ->pyro-e,
ptm,reduced and reversibly oxidized cysteine residues,
ptm,reduction,
ptm,removal of the n-terminal methionine,
ptm,s-carboxamidoethyl-l-cysteine,MOD:00417
ptm,s-nitrosylated sh-groups,
ptm,s-nitrosylation,
ptm,s-pyridylethyl-l-cysteine,MOD:00424
ptm,s-thiolation,MOD:01862
ptm,sdma,
ptm,semi-enzymatic c-terminus,
ptm,ser/thr/tyr phosphorylation,
ptm,serine (s),
ptm,serine phosphorylation,
ptm,"serine, threonine and tyrosine phosphorylation",
ptm,"serine, threonine and tyrosine phosphorylation (79.9663 da)",
ptm,"serine, threonine, and tyrosine phosphorylation",
ptm,"serine, threonine, tyrosine phosphorylation",
ptm,serine/threonine phosphorylation,
ptm,serine/threonine/tyrosine phosphorylation,
ptm,shtmtpro,
ptm,shtmtpro (static +313.231 da) on lysine (k) and amino terminus of the peptide (npep),
ptm,silac arg10/lys8,
ptm,silac heavy amino acid,
ptm,silac labeling (13c6) at lysine and arginine,
ptm,"silac labeling 13c6,15n2-lysine",
ptm,silac labels 13c6-lysine,
ptm,"silac-2plex (r10, k6)",
ptm,sixplex tmt-labeled lysine,
ptm,sixplex tmt-labeled peptide amino terminus,
ptm,static modification on cysteines,
ptm,stripping of methionine initiator,
ptm,succinylated residue,MOD:01029
ptm,succinylation,
ptm,succinylation (lysine),
ptm,sulfate groups attached,
ptm,sulfated residue,MOD:00695
ptm,sulfoxides,
ptm,sumo (k),
ptm,sumo2/3,
ptm,sumoylated lysine,MOD:01149
ptm,sumoylation,
ptm,symmetric dimethyl-l-arginine,MOD:00076
ptm,"tandem mass tag (tmt) reagents +229.163 da (any n-terminal end, k)",
ptm,"the n terminus (mono, di, and tri)",
ptm,threonine,
ptm,threonine phosphorylation,
ptm,tmt,
ptm,tmt 10-plex,
ptm,"tmt 10-plex (k, peptide n-termini)",
ptm,tmt 10-plex modification,
ptm,tmt 18-plex labelling,
ptm,tmt 18-plex labelling of peptide n termini and lysine residues,
ptm,tmt 6-plex modification,
ptm,tmt 6-plex n-terminal,
ptm,tmt 6-plex on lysine residues,
ptm,tmt additions to peptide n-termini and lysine residues,
ptm,tmt labeling,
ptm,tmt labeling at lysine,
ptm,tmt labeling at the n-terminal end,
ptm,tmt labeling at the n-terminal end and lys,
ptm,tmt labeling at the n-terminus of peptides,
ptm,tmt mass tag,
ptm,tmt modifications,
ptm,tmt of lysine and n-terminal,
ptm,tmt on lysine residues and peptide n termini (+304.207 da),
ptm,tmt reagents,
ptm,tmt reagents (+229.163 da) on lysine and n-term of the peptide,
ptm,"tmt reagents +229.163 da (any n-terminal end, k)",
ptm,tmt reporter ion tags,
ptm,tmt reporter ion tags (229.1629 da) on n-termini and lysyl residues,
ptm,tmt tags on lysine residues and peptide n-termini,
ptm,tmt-10plex,
ptm,tmt-label,
ptm,tmt-label at lysine,
ptm,tmt-label at lysine (k),
ptm,tmt-label at the n-terminus,
ptm,tmt-labeled lysine,
ptm,tmt-labeled peptide n-termini,
ptm,tmt10,
ptm,tmt10 (k),
ptm,tmt10 (k) (fixed modification),
ptm,tmt10 (n-term),
ptm,tmt10 (n-term) (variable modifications),
ptm,tmt10plex,
ptm,tmt10plex on lysine,
ptm,tmt10plex on peptide n‐termini,
ptm,tmt16plex labeling of lysine residues and n-terminus of the protein,
ptm,tmt6/10plex (k),
ptm,tmt6/10plex (n-term),
ptm,tmt6plex,
ptm,tmt6plex (sty),
ptm,tmt6plex at lysine,
ptm,tmt6plex at protein n-terminus,
ptm,"tmt6plex of peptide n-terminal, protein n-terminal and lysine",
ptm,tmt6plex on peptide n-terminus and lysine,
ptm,tmt6plex-126 reporter+balance reagent acylated residue,MOD:01720
ptm,tmtpro,
ptm,"tmtpro (+304.207 da) at lys, and n-termini",
ptm,tmtpro (k),
ptm,tmtpro (lys),
ptm,"tmtpro (lys, peptide n-term)",
ptm,"tmtpro (n terminus/lys, + 304.207 da)",
ptm,"tmtpro (n-terminus/ lys, + 304.207 da)",
ptm,tmtpro (n‐term),
ptm,tmtpro (static +304.2071 da) on k and npep,
ptm,tmtpro 16plex,
ptm,tmtpro labeling,
ptm,tmtpro labelling of lysine,
ptm,tmtpro labelling of lysine (+304.20715 da),
ptm,tmtpro labels,
ptm,tmtpro on lysine residues and peptide n termini,
ptm,tmtpro tags on lysine residues and peptide n-termini (+304.207 da),
ptm,tmt‐10plex,
ptm,tmt‐labeling,
ptm,trimethyl (k),
ptm,trimethyl-l-arginine,MOD:01669
ptm,trimethyl[k],
ptm,trimethyl[k]/+42.047,
ptm,trimethylated residue,MOD:00430
ptm,trimethylation,
ptm,trioxidation of cysteine,
ptm,tryptophan nitration,
ptm,"tyr, arg, pro, lys, met oxidations",
ptm,tyrosin phosphorylation,
ptm,tyrosine,
ptm,tyrosine chlorination,
ptm,tyrosine nitration,
ptm,tyrosine phosphorylation,
ptm,tyrosine residues,
ptm,ubiquitination,
ptm,ubiquitination signature dipeptidyl lysine,MOD:00492
ptm,ubiquitinylated lysine,MOD:01148
ptm,ubiquitylation,
ptm,ubiquitylation of lysines and n-termini,
ptm,"variable light, intermediate, and heavy dimethyl label (28.0313, 32.0564 and 36.0757 da, respectively) on lysines and the n-terminus",
ptm,variable met oxidation,
ptm,variable methionine oxidation modification,
ptm,variable modification on lysine and n-termini,
ptm,"variable oxidation of methionine, lysine, and proline",
ptm,α-1-acid-glycoprotein,
reduction_reagent,"1,4-dithiothreiotol",
reduction_reagent,"1,4-dithiothreitol",CHEBI:18320
reduction_reagent,"1,4-dithiothreitol (dtt)",
reduction_reagent,2 mm dtt,
reduction_reagent,4-dithiothreitol,
reduction_reagent,ascorbic acid,CHEBI:22652
reduction_reagent,bond-breakertm tcep,
reduction_reagent,dithiothreitol,
reduction_reagent,dithiothreitol (dtt,
reduction_reagent,dithiothreitol (dtt),
reduction_reagent,dl-dithiothreitol,
reduction_reagent,dl-dithiothreitol (dtt),
reduction_reagent,dtt,
reduction_reagent,dtt (dithiothreitol),
reduction_reagent,ge healthcare),
reduction_reagent,reduction,
reduction_reagent,tcep,CHEBI:63213
reduction_reagent,tcep (tris(2-carboxyethyl) phosphine),
reduction_reagent,tcep (tris(2-carboxyethyl)phosphine hydrochloride),
reduction_reagent,tris (2-carboxyethyl) phosphine (tcep),
reduction_reagent,tris (2carboxyethyl) phosphine (tcep),
reduction_reagent,tris 2-carboxyethyl phosphine,
reduction_reagent,tris(2 carboxyethyl)phosphine (tcep),
reduction_reagent,tris(2-car-boxyethyl)phosphine (tcep),
reduction_reagent,tris(2-carboxyethyl) phosphine,
reduction_reagent,tris(2-carboxyethyl) phosphine (tcep),
reduction_reagent,tris(2-carboxyethyl) phosphine hydrochloride (tcep),
reduction_reagent,tris(2-carboxyethyl)phosphine,
reduction_reagent,tris(2-carboxyethyl)phosphine (tcep),
reduction_reagent,"tris(2-carboxyethyl)phosphine (tcep, sigma)",
reduction_reagent,tris(2-carboxyethyl)phosphine (tris tcep),
reduction_reagent,tris(2-carboxyethyl)phosphine hydrochloride,
reduction_reagent,tris(2-carboxyethyl)phosphine hydrochloride (tcep),
reduction_reagent,tris(2‐carboxyethyl)phosphin hydrochloride,
reduction_reagent,tris(2‐carboxyethyl)phosphine,
reduction_reagent,tris(2‐carboxyethyl)phosphine (tcep),
reduction_reagent,tris-(2-carboxyethyl)-phosphine (tcep),
reduction_reagent,tris-(2-carboxyethyl)phosphine (tcep),
reduction_reagent,tris‐(2‐carboxyethyl)phosphine,
reduction_reagent,tris‐(2‐carboxyethyl)‐phosphine,
sample_source,2d cell culture lysates,
sample_source,4t1 cell culture,
sample_source,a549 cell culture,
sample_source,adipocyte culture medium,
sample_source,adipose tissue,BTO:0001487
sample_source,adipose tissue biopsies,
sample_source,adipose tissue biopsy,
sample_source,adjacent lung tissue,
sample_source,adult blood,
sample_source,adult mice tissue,
sample_source,aesthetic surgery,
sample_source,af patients,
sample_source,aged mice,
sample_source,aged mice and oa patients,
sample_source,aml patients,
sample_source,amniotic fluid,BTO:0000068
sample_source,amniotic membrane,
sample_source,ancient individuals,
sample_source,angolan individuals,
sample_source,animal husbandry,
sample_source,animal tissue,
sample_source,anterior chamber paracentesis,
sample_source,aqueous humor,
sample_source,arabidopsis apoplastic fluid,
sample_source,arabidopsis leaves,
sample_source,arabidopsis mutants,
sample_source,arabidopsis roots,
sample_source,arabidopsis thaliana,
sample_source,archaeological dental calculus,
sample_source,archaeological human dental tissues,
sample_source,arteria mammaria interna,
sample_source,articular chondrocytes,
sample_source,aspc-1 cell,BTO:0001864
sample_source,atherosclerotic patients,
sample_source,autopsy control tissue,
sample_source,autopsy samples,
sample_source,autopsy specimens,
sample_source,autopsy tissue,
sample_source,autopsy tissues,
sample_source,b cell culture,
sample_source,b-cll patients,
sample_source,bacteria,
sample_source,bacteria monoculture,
sample_source,bacterial culture,
sample_source,balf,
sample_source,balf samples,
sample_source,banked placental samples,
sample_source,banked tissue,
sample_source,bile,BTO:0000121
sample_source,biobank platelets,
sample_source,biological fluids,
sample_source,biopsies from tumors,
sample_source,blood,BTO:0000089
sample_source,blood cell,
sample_source,blood circulation,
sample_source,blood donation,
sample_source,blood donor,
sample_source,blood donors,
sample_source,blood plasma,BTO:0000131
sample_source,blood samples,
sample_source,blood serum,BTO:0000133
sample_source,body fluid,
sample_source,bone marrow,BTO:0000141
sample_source,bone marrow aspirate,
sample_source,bone marrow aspirates,
sample_source,bone marrow interstitial fluid,
sample_source,brain,BTO:0000142
sample_source,brain bank tissue,
sample_source,brain donor,
sample_source,brain tissue,
sample_source,brain tissue homogenates,
sample_source,brain tumour,
sample_source,breast biopsy,
sample_source,breast cancer biopsies,
sample_source,breast milk,
sample_source,bronchoalveolar lavage,
sample_source,bronchoscopy balf,
sample_source,brown adipose tissue,BTO:0000156
sample_source,brown fat cell,
sample_source,buccal swab,
sample_source,c57bl/6j mice,
sample_source,cadaver carotid artery,
sample_source,cadaveric islets,
sample_source,cadaveric tissue,
sample_source,cancer patient blood,
sample_source,cancer patients,
sample_source,cancer tissues,
sample_source,cap patients,
sample_source,cardiac cell types,
sample_source,cardiac tissue,
sample_source,cataract surgery,
sample_source,cataract surgery patients,
sample_source,ccrcc cells,
sample_source,cell culture,BTO:0000214
sample_source,cell culture medium,
sample_source,cell culture secretome,
sample_source,cell culture supernatants,
sample_source,cell line,
sample_source,cell line cell,
sample_source,cell lines,
sample_source,cell lysate,BTO:0004304
sample_source,cell suspension culture,BTO:0000221
sample_source,cells lining the urinary tract,
sample_source,cerebrospinal fluid,BTO:0000237
sample_source,cervical tissue,
sample_source,cervical tumor tissue,
sample_source,cervical-vaginal fluid,
sample_source,cervicovaginal fluid,BTO:0003632
sample_source,chb patients,
sample_source,chicken eggs,
sample_source,child saliva,
sample_source,children pbmcs,
sample_source,children saliva,
sample_source,children's saliva,
sample_source,clinical patient diagnostics,
sample_source,clinical specimens,
sample_source,clinical weight management program,
sample_source,cll patient samples,
sample_source,cll patient whole blood,
sample_source,colon aspirate,
sample_source,colon biopsies,
sample_source,colon cancer tissue,
sample_source,colon lesions,
sample_source,colon tissue,
sample_source,colonoscopy sample,
sample_source,colonoscopy tissue,
sample_source,commercial pooled csf,
sample_source,commercial protein,
sample_source,commercial proteins,
sample_source,commercial vendor,
sample_source,conditioned media,
sample_source,contemporary dental patients,
sample_source,control blood,
sample_source,control ligament tissue,
sample_source,control plasma,
sample_source,cord blood,
sample_source,cross-sectional samples,
sample_source,csf from fm patients,
sample_source,csf from non-pain controls,
sample_source,csf samples,
sample_source,degenerated cartilage,
sample_source,delivered human umbilical cords,
sample_source,demineralized blocks of tooth enamel,
sample_source,dental calculus,
sample_source,diabetic patients,
sample_source,distant metastases,
sample_source,donor blood,
sample_source,donor buffy coats,
sample_source,donor csf,
sample_source,donor erythrocyte concentrate,
sample_source,donor liver,
sample_source,donor liver microsomes,
sample_source,donor livers,
sample_source,donor plasma,
sample_source,duodenal biopsy,
sample_source,duodenal biopsy samples,
sample_source,duodenal samples,
sample_source,e. coli cells,
sample_source,e. coli cultures,
sample_source,e. coli expression,
sample_source,e. coli extract,
sample_source,embryonic brain,BTO:0004726
sample_source,embryonic stem cell culture,
sample_source,enrichment culture,BTO:0003810
sample_source,enteroid-derived,
sample_source,epididymal fluid,BTO:0003003
sample_source,epididymal sperm,
sample_source,epithelial cells,
sample_source,er membranes,
sample_source,esophageal cancer cells,
sample_source,ex vivo affinity purification,
sample_source,ex vivo breast tissue,
sample_source,ex vivo cultures,
sample_source,fallopian tube tissue,
sample_source,ffpe cscc material,
sample_source,ffpe gc tissue samples,
sample_source,ffpe tissue,
sample_source,ffpe tissue voxels,
sample_source,ffpe tumor samples,
sample_source,fibroblast-derived ecm,
sample_source,fna biopsies,
sample_source,foreskin cell culture,
sample_source,foreskin of boys,
sample_source,formalin-fixed paraffin embedded tissue,
sample_source,fresh frozen tissue,
sample_source,frozen tissue,
sample_source,full organs,
sample_source,gastrocnemius muscle tissue,
sample_source,gbm patients,
sample_source,gct-derived caf,
sample_source,genetically engineered mice,
sample_source,glacier mummy stomach content,
sample_source,hbv-aclf patients,
sample_source,hd patients,
sample_source,head and neck surgery,
sample_source,healthy adults,
sample_source,healthy and diseased tissues,
sample_source,healthy bladder biopsy,
sample_source,healthy blood donors,
sample_source,healthy bp controls,
sample_source,healthy control blood,
sample_source,healthy control exosomes,
sample_source,healthy controls,
sample_source,healthy donor,
sample_source,healthy donor blood,
sample_source,healthy donor csf,
sample_source,healthy donor fibroblasts,
sample_source,healthy donor kidney,
sample_source,healthy donor plasma,
sample_source,healthy donor serum,
sample_source,healthy donor tonsils,
sample_source,healthy donors,
sample_source,healthy donors urine,
sample_source,healthy female volunteers,
sample_source,healthy gracilis muscle,
sample_source,healthy human omentum and mesentery,
sample_source,healthy human pbmcs,
sample_source,healthy human peripheral blood,
sample_source,healthy human tissue,
sample_source,healthy individuals,
sample_source,healthy leucocyte samples,
sample_source,healthy male patient,
sample_source,healthy men semen,
sample_source,healthy newborns,
sample_source,healthy omental specimens,
sample_source,healthy omental tissue,
sample_source,healthy ovarian tissue,
sample_source,healthy people,
sample_source,healthy plasma,
sample_source,healthy subjects,
sample_source,healthy volunteer blood,
sample_source,healthy volunteer plasma,
sample_source,healthy volunteer urine,
sample_source,healthy volunteers,
sample_source,healthy whole blood,
sample_source,healthy women donors,
sample_source,heart transplantation,
sample_source,hek293t cell culture,
sample_source,hepatocellular carcinoma,
sample_source,hippocampal subregions,
sample_source,hipsc-derived,
sample_source,historic human populations,
sample_source,hrec cell culture,
sample_source,human balf,
sample_source,human blood,
sample_source,human blood plasma,
sample_source,human brain,
sample_source,human brain cortical tissue,
sample_source,human brain microvessels,
sample_source,human brain tissue,
sample_source,human cancer cell lines,
sample_source,human cardiac organoids,
sample_source,human cell culture,
sample_source,human cells,
sample_source,human cerebrospinal fluid,
sample_source,human colon tumor,
sample_source,human donors,
sample_source,human fallopian tube tissue,
sample_source,human fibroblasts,
sample_source,human fingertip amputations,
sample_source,human foreskin fibroblasts,
sample_source,human gingiva,
sample_source,human glioblastoma biopsies,
sample_source,human heart,
sample_source,human invasive carcinomas,
sample_source,human kidney,
sample_source,human liver spheroid,
sample_source,human milk,
sample_source,human muscle biopsy,
sample_source,human myoblasts,
sample_source,human myotubes,
sample_source,human nmp livers,
sample_source,human pancreatic islet,
sample_source,human patient,
sample_source,human plasma,
sample_source,human pooled serum,
sample_source,human primary cells,
sample_source,human remains,
sample_source,human saliva,
sample_source,human samples,
sample_source,human semen,
sample_source,human serum,
sample_source,human sperm,
sample_source,human sperm samples,
sample_source,human superior frontal gyrus,
sample_source,human t cells,
sample_source,human term placenta,
sample_source,human testis,
sample_source,human testis sample,
sample_source,human testis tissue,
sample_source,human tissue,
sample_source,human tissues,
sample_source,human tonsil,
sample_source,human tonsil tissue,
sample_source,human umbilical cords,
sample_source,human whole blood,
sample_source,human whole cell lysate,
sample_source,immortalized cell culture,
sample_source,in vitro,
sample_source,in vitro bsa,
sample_source,in vitro cell culture,
sample_source,in vitro model system,
sample_source,in vitro study,
sample_source,in vivo,
sample_source,individual plasma,
sample_source,infant serum,
sample_source,infected blood,
sample_source,infected cells,
sample_source,intact mammalian cells,
sample_source,ipsc derived motor neurons,
sample_source,ipsc derived npcs,
sample_source,ipsc-derived,
sample_source,ipsc-derived cells,
sample_source,isolated platelets,
sample_source,kidney allograft,
sample_source,kidney allograft tissue,
sample_source,kidney biopsies,
sample_source,kidney biopsy,
sample_source,kidney biopsy samples,
sample_source,kidney donors' biopsies,
sample_source,kidney organoids,
sample_source,kidney tissue,
sample_source,kidney transplant,
sample_source,kidney tumor,
sample_source,knee replacement,
sample_source,knockout mice,
sample_source,leaf tissue,
sample_source,leaves,
sample_source,liver organoid,
sample_source,liver tissue,
sample_source,livers of mice,
sample_source,livers with fibrosis,
sample_source,lumbar puncture,
sample_source,lung tissue,
sample_source,lung transplant,
sample_source,lung transplant biopsy,
sample_source,lung tumor biopsy,
sample_source,lymph node metastases,
sample_source,macrophages,
sample_source,male and female mice,
sample_source,male control subject,
sample_source,male mice,
sample_source,male mouse bat,
sample_source,mali case-control study,
sample_source,malignant melanoma,
sample_source,mammalian cell culture,
sample_source,mammalian cell extract,
sample_source,mammary acini ffpe voxels,
sample_source,mammary tumor biopsy,
sample_source,mb cell lines,
sample_source,mb patients bp,
sample_source,mb patients csf,
sample_source,mdx mice,
sample_source,mdx mouse tissue,
sample_source,medieval danish dental calculus,
sample_source,medieval dental calculus,
sample_source,melanoma patient blood,
sample_source,melanoma patient serum,
sample_source,melanoma patients,
sample_source,metastatic tumors,
sample_source,mice,
sample_source,mice adipose tissue,
sample_source,mice balf,
sample_source,mice brains,
sample_source,mice brown adipose tissue,
sample_source,mice cell culture,
sample_source,mice gastrocnemius muscle,
sample_source,mice hearts,
sample_source,mice muscle,
sample_source,mice spleens,
sample_source,mice tissue,
sample_source,mice tumor,
sample_source,mice with kidney disease,
sample_source,mice with left ventricular (lv) dysfunction and cachexia,
sample_source,mice with proteinuric kidney disease,
sample_source,milk collection,
sample_source,milk collections,
sample_source,modern healthy calculus,
sample_source,modern swiss dental patient controls,
sample_source,mouse aorta,
sample_source,mouse b cells,
sample_source,mouse blood,
sample_source,mouse bone marrow,
sample_source,mouse brain,
sample_source,mouse brain and testis,
sample_source,mouse brain tissue,
sample_source,mouse brain tissues,
sample_source,mouse calvaria,
sample_source,mouse cell culture,
sample_source,mouse cerebrospinal fluid,
sample_source,mouse colon,
sample_source,mouse colon biopsies,
sample_source,mouse cortex,
sample_source,mouse cortex and hippocampus,
sample_source,mouse embryo,
sample_source,mouse embryonic brain,
sample_source,mouse embryonic cortex,
sample_source,mouse embryonic stem cells,
sample_source,mouse embryonic tissues,
sample_source,mouse epididymal fluid,
sample_source,mouse epiwat,
sample_source,mouse eye tissue,
sample_source,mouse fetal forebrain,
sample_source,mouse heart,
sample_source,mouse hippocampus,
sample_source,mouse kidney,
sample_source,mouse lacrimal gland,
sample_source,mouse liver,
sample_source,mouse liver tissue,
sample_source,mouse lung,
sample_source,mouse lung tissue,
sample_source,mouse lymph node,
sample_source,mouse macrophages,
sample_source,mouse model,
sample_source,mouse model prefrontal cortex,
sample_source,mouse models,
sample_source,mouse muscle,
sample_source,mouse muscle tissue,
sample_source,mouse myeloma,
sample_source,mouse nephron segments,
sample_source,mouse nerve,
sample_source,mouse nk cells,
sample_source,mouse pancreas,
sample_source,mouse plasma,
sample_source,mouse pup retina,
sample_source,mouse retina,
sample_source,mouse retinas,
sample_source,mouse serum,
sample_source,mouse skin,
sample_source,mouse skin sccs,
sample_source,mouse spinal cord,
sample_source,mouse spleen,
sample_source,mouse spleens,
sample_source,mouse stem cells,
sample_source,mouse testes,
sample_source,mouse testis,
sample_source,mouse testis and brain,
sample_source,mouse tibialis anterior,
sample_source,mouse tissue,
sample_source,mouse tissues,
sample_source,mouse tumor cells,
sample_source,mouse tumor model,
sample_source,mouse tumor xenograft,
sample_source,mouse vat,
sample_source,mouse ventricle,
sample_source,mucosal layer aspirate,
sample_source,mucus plugs,
sample_source,mummy stomach content,
sample_source,murine adipose tissue,
sample_source,murine allograft,
sample_source,murine bone marrow,
sample_source,murine colons,
sample_source,murine kidney tissue,
sample_source,murine liver,
sample_source,murine model,
sample_source,murine subcutaneous injection,
sample_source,muscle biopsies,
sample_source,muscle biopsy,
sample_source,muscle tissue,
sample_source,myocardial tissue,
sample_source,national disease research interchange,
sample_source,native csf,
sample_source,native human plasma,
sample_source,neonatal mouse retinas,
sample_source,nephrectomy tissue,
sample_source,newborn blood,
sample_source,newborn mouse cartilage,
sample_source,non-cancerous adjacent tissue,
sample_source,non-cancerous tissue,
sample_source,non-disease control,
sample_source,non-malignant fibroblasts,
sample_source,normal colon biopsies,
sample_source,normal controls,
sample_source,normal kidney tissue,
sample_source,normal liver,
sample_source,normal skin tissue,
sample_source,nsclc patients and healthy controls,
sample_source,nude mice,
sample_source,oa patients,
sample_source,obese patients,
sample_source,ocean water,
sample_source,old mice,
sample_source,organ donation,
sample_source,organ donor,
sample_source,organ donor aorta,
sample_source,organ donor pancreas,
sample_source,organ donor tissue,
sample_source,organoid culture,
sample_source,ovarian cancer cells,
sample_source,ovarian tumor biopsy,
sample_source,pancreatic adenocarcinoma cell line,BTO:0001521
sample_source,pancreatic organ donors,
sample_source,pancreatic tumors,
sample_source,panhypopituitarism patients,
sample_source,pap test samples,
sample_source,participant plasma,
sample_source,participants,
sample_source,patient,
sample_source,patient adipose tissue,
sample_source,patient ascites,
sample_source,patient autopsy,
sample_source,patient b-cll cells,
sample_source,patient balf,
sample_source,patient biofluid,
sample_source,patient biopsy,
sample_source,patient blood,
sample_source,patient blood plasma,
sample_source,patient bone marrow,
sample_source,patient brain,
sample_source,patient breast tissue,
sample_source,patient carotid endarterectomy,
sample_source,patient cd4+ t cells,
sample_source,patient cell culture,
sample_source,patient cerebrospinal fluid,
sample_source,patient cranial suture,
sample_source,patient csf,
sample_source,patient donors,
sample_source,patient ejaculate,
sample_source,patient exosomes,
sample_source,patient fallopian tube,
sample_source,patient fibroblast cells,
sample_source,patient fibroblasts,
sample_source,patient glomeruli,
sample_source,patient heart,
sample_source,patient ipscs,
sample_source,patient lavage,
sample_source,patient ligament tissue,
sample_source,patient lung tissue,
sample_source,patient lymph node,
sample_source,patient muscle biopsy,
sample_source,patient neutrophil lysates,
sample_source,patient pbmcs,
sample_source,patient pericardial fluid,
sample_source,patient peritoneal ascites,
sample_source,patient peritoneal fluid,
sample_source,patient plasma,
sample_source,patient platelets,
sample_source,patient pleural fluid,
sample_source,patient prefrontal cortex,
sample_source,patient saliva,
sample_source,patient sample,
sample_source,patient samples,
sample_source,patient semen,
sample_source,patient seminal plasma,
sample_source,patient sera,
sample_source,patient serum,
sample_source,patient skin,
sample_source,patient skin biopsies,
sample_source,patient surgery,
sample_source,patient surgical resection,
sample_source,patient surgical tissue,
sample_source,patient synovial fluid,
sample_source,patient tissue,
sample_source,patient tissue biopsy,
sample_source,patient tissue extracts,
sample_source,patient tissue samples,
sample_source,patient tumor,
sample_source,patient tumor biopsy,
sample_source,patient tumor samples,
sample_source,patient tumor specimens,
sample_source,patient tumors,
sample_source,patient urine,
sample_source,patient-derived,
sample_source,patient-derived 3dcc,
sample_source,patient-derived cell lines,
sample_source,patient-derived ipscs,
sample_source,patient-derived melanoma cell lines,
sample_source,patient-derived neurons,
sample_source,patient-derived organoids,
sample_source,patient-derived samples,
sample_source,patient-derived xenograft,
sample_source,patient-derived xenografts,
sample_source,patients,
sample_source,patients with genetic proteinuric diseases,
sample_source,patients with hcc,
sample_source,patients with kidney disease,
sample_source,pbmc,
sample_source,pbmc culture,
sample_source,pbmcs,
sample_source,pd patients,
sample_source,perfusate,
sample_source,peripheral blood,BTO:0000553
sample_source,peripheral blood monocytes,
sample_source,peritoneal dialysis effluent,
sample_source,peritoneal dialysis fluid,BTO:0003616
sample_source,phloem sap,
sample_source,pichia pastoris extract,
sample_source,placenta tissue,
sample_source,placental samples,
sample_source,placental tissue,
sample_source,plant apoplastic fluid,
sample_source,plant cell,
sample_source,plant leaf,
sample_source,plant leaf material,
sample_source,plant root,
sample_source,plant tissue,
sample_source,plant tissues,
sample_source,plasma,
sample_source,plasma samples,
sample_source,platelet poor plasma,
sample_source,platelet proteins extracts,
sample_source,platelet releasate,
sample_source,platelet-derived,
sample_source,platelets from diabetic patients,
sample_source,pleural fluid,BTO:0003080
sample_source,podocyte cell culture,
sample_source,pooled donors,
sample_source,pooled human serum,
sample_source,pooled plasma,
sample_source,porcine bone,
sample_source,porcine cortical bone,
sample_source,post-mortem brain,
sample_source,post-mortem human brain,
sample_source,postmortem brain,
sample_source,postmortem brain tissue,
sample_source,postmortem brain tissues,
sample_source,postmortem cornea,
sample_source,postmortem tissue,
sample_source,pregnant women,
sample_source,premenopausal women,
sample_source,primary breast tumor specimens,
sample_source,primary cell culture,
sample_source,primary cells,
sample_source,primary cortical cultures,
sample_source,primary culture,BTO:0001127
sample_source,primary fetal neural cells,
sample_source,primary fibroblasts,
sample_source,primary gastric tumour tissues,
sample_source,primary hepatocytes,
sample_source,primary human b-cll cells,
sample_source,primary human cells,
sample_source,primary human islets,
sample_source,primary human medulloblastomas,
sample_source,primary human t-cells,
sample_source,primary human vfe,
sample_source,primary keratinocytes cells,
sample_source,primary neurons,
sample_source,primary patient lung tissue,
sample_source,primary small airway epithelial cells,
sample_source,primary specimens,
sample_source,primary t cells,
sample_source,primary tnbc tumors,
sample_source,prostate cancer tissue,
sample_source,purchased hbmvecs,
sample_source,quadriceps extracellular fluid,
sample_source,ra patients,
sample_source,rabbit heart,
sample_source,rapid autopsy,
sample_source,rapid autopsy samples,
sample_source,rat cerebellum,
sample_source,rat pancreas,
sample_source,rat spleen,
sample_source,rat tissue,
sample_source,recombinant protein,
sample_source,recombinant protein expression,
sample_source,red blood cells (rbcs),
sample_source,resected esophageal cancer tissue,
sample_source,resected human esophageal cancer,
sample_source,resected human hippocampal tissue,
sample_source,resected tumor tissue,
sample_source,resection specimens,
sample_source,residual pap test samples,
sample_source,riyadh cohort,
sample_source,rodent liver,
sample_source,root,BTO:0001188
sample_source,root cultures,
sample_source,root tissue,
sample_source,rotator cuff tear tissue,
sample_source,saliva,BTO:0001202
sample_source,saliva swab,
sample_source,salivary,
sample_source,sci patients,
sample_source,scott patient,
sample_source,screening colonoscopies,
sample_source,seedling tissue,
sample_source,seminal plasma,BTO:0001232
sample_source,serum,BTO:0001239
sample_source,serum from elderly subjects,
sample_source,serum of balb/c mice,
sample_source,sgbs cell culture,
sample_source,skeletal muscle biopsy,
sample_source,skeletal muscle-specific irp1/2 knock-out mice,
sample_source,skin biopsy,
sample_source,skin punch biopsy,
sample_source,skin tape stripping,
sample_source,small intestinal biopsy,
sample_source,small intestine,BTO:0000651
sample_source,sorted mouse cells,
sample_source,sp retrieved from sci patients,
sample_source,sperm samples,
sample_source,spermatozoa,
sample_source,spin cohort,
sample_source,sputum,BTO:0001297
sample_source,sputum sample,
sample_source,src-transformed mammary epithelial cells,
sample_source,stem cell culture,
sample_source,subcutaneous adipose tissue,BTO:0004042
sample_source,subcutaneous fat tissue,
sample_source,substantia nigra,BTO:0000143
sample_source,substantia nigra fractionation,
sample_source,sural nerve biopsy,
sample_source,surgical excisions,
sample_source,surgical repair,
sample_source,surgical resection,
sample_source,surgically resected pdac tumor,
sample_source,surgically resected tissue,
sample_source,surrounding tissue,
sample_source,synovial fluid,
sample_source,synthetic peptides,
sample_source,t-cell hybridoma,
sample_source,tachyzoites,
sample_source,tape strip samples,
sample_source,tcga tumor samples,
sample_source,tear fluid,
sample_source,tear fluid volunteers,
sample_source,tear sample,
sample_source,tendon biopsy,
sample_source,tendon tissue,
sample_source,testicular tissues,
sample_source,testicular tissues and spermatozoa,
sample_source,testis tissue samples,
sample_source,thyroid tissue,
sample_source,thyroid tissues,
sample_source,tissue,
sample_source,tissue biopsy,
sample_source,tissue donors,
sample_source,tissue sample,
sample_source,tissue samples,
sample_source,tissue sections,
sample_source,tooth enamel,BTO:0001844
sample_source,total knee replacement,
sample_source,transgenic mice,
sample_source,transgenic mouse organs,
sample_source,transgenic plant lines,
sample_source,transplant recipients,
sample_source,trauma victims,
sample_source,triple negative breast cancer cells,
sample_source,tumor biopsy,
sample_source,tumor genomes,
sample_source,tumor resections,
sample_source,tumor samples,
sample_source,tumor tissue,
sample_source,tumor tissue from mice,
sample_source,tumor xenograft,
sample_source,tumor xenografts,
sample_source,umbilical cord,BTO:0001415
sample_source,uninfected controls,
sample_source,untreated human plasma,
sample_source,urine,BTO:0001419
sample_source,urine cell culture,
sample_source,urine collection,
sample_source,urine samples,
sample_source,urine-derived cells,
sample_source,vaginal cells,
sample_source,valve replacement surgery,
sample_source,venous blood,BTO:0006187
sample_source,volunteer donors,
sample_source,volunteer firefighters,
sample_source,weight loss study,
sample_source,whole blood,
sample_source,whole plant,BTO:0001461
sample_source,whole rosettes,
sample_source,whole saliva,
sample_source,wild-type mice,
sample_source,wild-type plants,
sample_source,wisdom teeth,
sample_source,wound fluid,BTO:0003114
sample_source,wt naïve mice sperm,
sample_source,yeast cell culture,
sample_source,yeast cells,
sample_source,yeast culture,
sample_source,yeast lysates,
sample_source,yeast whole cell lysate,
species,acinetobacter lwoffi,
species,acyrthosiphon pisum,
species,arabidopsis,NCBITaxon:3702
species,arabidopsis thaliana,NCBITaxon:3702
species,bacillus tropicus,
species,bacteria,
species,bos taurus,NCBITaxon:9913
species,burkholderia thailandensis,
species,c. elegans,NCBITaxon:6239
species,canis familiaris,
species,danio rerio,NCBITaxon:7955
species,drosophila,NCBITaxon:7227
species,drosophila melanogaster,NCBITaxon:7227
species,e. coli,NCBITaxon:562
species,equus caballus,NCBITaxon:9796
species,escherichia coli,NCBITaxon:562
species,felis catus,NCBITaxon:9685
species,gallus gallus,NCBITaxon:9031
species,hepatitis b virus,
species,hepatitis e virus,
species,homo sapiens,NCBITaxon:9606
species,hordeum vulgare,
species,human cytomegalovirus,
species,inferred: mammalian cells,
species,influenza a virus,
species,influenza a virus (a/aichi/68/2007(h3n2)),
species,legionella pneumophila,
species,leishmania major,
species,listeria monocytogenes,
species,macaca mulatta,NCBITaxon:9544
species,mus musculus,NCBITaxon:10090
species,mycobacterium tuberculosis,
species,nicotiana benthamiana,
species,orthomyxoviridae,
species,oryctolagus cuniculus,NCBITaxon:9986
species,oryza sativa,NCBITaxon:4530
species,ovis aries,NCBITaxon:9940
species,pichia pastoris,
species,plasmodium falciparum,
species,pseudomonas syringae,
species,rattus norvegicus,NCBITaxon:10116
species,s. cerevisiae,
species,saccharomyces cerevisiae,NCBITaxon:4932
species,serendipita indica,
species,sus scrofa,NCBITaxon:9823
species,sus scrofa domesticus,NCBITaxon:9825
species,toxoplasma gondii,
species,trypanosoma brucei,
species,xenopus laevis,NCBITaxon:8355
species,zika virus,
species,zika virus zikv/h. sapiens/frenchpolynesia/10087pf/2013,
tissue,abdominal aorta,UBERON:0001516
tissue,achilles tendon,UBERON:0003701
tissue,adipose,
tissue,adipose tissue,UBERON:0001013
tissue,adrenal gland,UBERON:0002369
tissue,airways,
tissue,alveolar bone,UBERON:0004103
tissue,anterior chamber of the eye,
tissue,anterior cingulate gyrus,UBERON:0002756
tissue,anterior lens capsule,
tissue,aorta,UBERON:0000947
tissue,aqueous drainage system,UBERON:0003956
tissue,aqueous humor,UBERON:0001796
tissue,arteria mammaria interna,
tissue,articular cartilage,UBERON:0010996
tissue,ascites,
tissue,atrium,UBERON:0002081
tissue,b cell,
tissue,bile,UBERON:0001970
tissue,bladder,
tissue,blood,UBERON:0000178
tissue,blood plasma,UBERON:0001969
tissue,blood serum,UBERON:0001977
tissue,blood vessel,UBERON:0001981
tissue,bone,
tissue,bone marrow,UBERON:0002371
tissue,brain,UBERON:0000955
tissue,breast,UBERON:0000310
tissue,bronchus,UBERON:0002185
tissue,brown adipose tissue,UBERON:0001348
tissue,brown fat,UBERON:0001348
tissue,buccal mucosa,UBERON:0006956
tissue,carpel,
tissue,cartilage,
tissue,cauline leaf,
tissue,cerebellum,UBERON:0002037
tissue,cerebral cortex,UBERON:0000956
tissue,cerebrospinal fluid,UBERON:0001359
tissue,cervical region,UBERON:0005434
tissue,cervical vaginal fluid,
tissue,cervical-vaginal,
tissue,cervix,
tissue,colon,UBERON:0001155
tissue,colorectal,
tissue,colorectum,UBERON:0012652
tissue,cornea,UBERON:0000964
tissue,cortex,UBERON:0001851
tissue,cortical brain tissue,
tissue,cotyledon,
tissue,cranial suture,UBERON:0003685
tissue,cranium,UBERON:0003128
tissue,dental calculus,
tissue,dental plaque,UBERON:0016482
tissue,dental pulp,UBERON:0001754
tissue,dentine,UBERON:0001751
tissue,dorsolateral prefrontal cortex,UBERON:0009834
tissue,duodenal mucosa,UBERON:0000320
tissue,duodenum,UBERON:0002114
tissue,dura,
tissue,embryo,UBERON:0000922
tissue,embryoid body,UBERON:0014374
tissue,embryonic brain cortex,
tissue,endometrium,UBERON:0001295
tissue,endothelial cell,
tissue,endothelium,UBERON:0001986
tissue,epididymal white adipose tissue,
tissue,epididymis,UBERON:0001301
tissue,epithelial tissue,UBERON:0000483
tissue,esophagus,UBERON:0001043
tissue,eye,UBERON:0000970
tissue,fallopian tube,UBERON:0003889
tissue,fat,UBERON:0001013
tissue,feces,UBERON:0001988
tissue,fetal liver,
tissue,fibroblast,
tissue,fibroblasts,
tissue,flower,
tissue,flower bud,
tissue,forebrain,UBERON:0001890
tissue,foreskin,
tissue,frontal cortex,UBERON:0001870
tissue,frontal lobe,UBERON:0016525
tissue,gall bladder,UBERON:0002110
tissue,gastrocnemius,UBERON:0001388
tissue,gingiva,UBERON:0001828
tissue,glomeruli,
tissue,gracilis muscle,UBERON:0000950
tissue,gum,UBERON:0001828
tissue,gut,
tissue,head,UBERON:0000033
tissue,head and neck,
tissue,heart,UBERON:0000948
tissue,hip,UBERON:0001464
tissue,hippocampus,
tissue,hypocotyl,
tissue,hypothalamus,UBERON:0001898
tissue,intestinal epithelium,UBERON:0001277
tissue,intestine,UBERON:0000160
tissue,joint,
tissue,kidney,UBERON:0002113
tissue,kidney cell,
tissue,knee,UBERON:0001465
tissue,knee joint,UBERON:0001485
tissue,lacrimal gland,UBERON:0001817
tissue,leaf,
tissue,left atria,
tissue,left atrium,UBERON:0002079
tissue,left ventricle,UBERON:0002084
tissue,leukemia,
tissue,limb bud,UBERON:0004347
tissue,limbs,
tissue,liver,UBERON:0002107
tissue,lung,UBERON:0002048
tissue,lymph node,UBERON:0000029
tissue,lymph nodes,
tissue,mammary,
tissue,mammary gland,UBERON:0001911
tissue,mediastinal lymph node,UBERON:0002524
tissue,melanocyte,
tissue,melanoma,
tissue,mesentery,UBERON:0002095
tissue,mesothelium,UBERON:0001136
tissue,mid-brain,
tissue,middle temporal lobe,
tissue,milk,UBERON:0001913
tissue,muscle,
tissue,myocardium,UBERON:0002349
tissue,nasal polyps,
tissue,nasopharynx,UBERON:0001728
tissue,neck,UBERON:0000974
tissue,nerve,UBERON:0001021
tissue,nerve cord,UBERON:0005053
tissue,nerves,UBERON:0001021
tissue,nervous system,UBERON:0001016
tissue,neuroblastoma,
tissue,nipple aspirate fluid,
tissue,nucleus accumbens,UBERON:0001882
tissue,oesophagus,UBERON:0001043
tissue,omentum,UBERON:0003688
tissue,oral,
tissue,oral cavity,UBERON:0000167
tissue,oral mucosa,
tissue,osteosarcoma,
tissue,ovarian gland,
tissue,ovaries,
tissue,ovary,UBERON:0000992
tissue,ovule,
tissue,palatine tonsil,UBERON:0002373
tissue,palatine tonsils,
tissue,pancreas,UBERON:0001264
tissue,pancreatic duct,UBERON:0007329
tissue,parotid gland,UBERON:0001831
tissue,pelvis,UBERON:0002355
tissue,periaortic lymph node,
tissue,pericardial fluid,UBERON:0002409
tissue,peripheral blood lymphocyte,
tissue,peripheral nervous system,UBERON:0000010
tissue,peritoneal cavity,UBERON:0001179
tissue,peritoneal lymph node,
tissue,peritoneum,UBERON:0002358
tissue,petal,
tissue,phaco cassette,
tissue,phloem,
tissue,placenta,UBERON:0001987
tissue,plant,
tissue,plant tissue,
tissue,plasma,
tissue,pleural cavity,UBERON:0002402
tissue,pollen,
tissue,prefrontal cortex,UBERON:0000451
tissue,prostate,UBERON:0002367
tissue,prostate gland,UBERON:0002367
tissue,pulmonary artery,UBERON:0002012
tissue,quadriceps,UBERON:0001377
tissue,rectum,UBERON:0001052
tissue,renal glomerular capsule,UBERON:0001230
tissue,renal glomerulus,UBERON:0000074
tissue,retina,UBERON:0000966
tissue,right atria,
tissue,right atrium,UBERON:0002078
tissue,right lung,UBERON:0002167
tissue,root,
tissue,rosette,
tissue,rotator cuff,UBERON:0003683
tissue,saliva,UBERON:0001836
tissue,salivary gland,UBERON:0001044
tissue,sciatic nerve,UBERON:0001322
tissue,seed,
tissue,semen,UBERON:0001968
tissue,seminal plasma,UBERON:0006530
tissue,seminal vesicle,UBERON:0000998
tissue,sepal,
tissue,serum,UBERON:0001977
tissue,shoot,
tissue,silique,
tissue,skeletal muscle,
tissue,skin,UBERON:0000014
tissue,small intestine,UBERON:0002108
tissue,small intestine epithelium,UBERON:0001902
tissue,soft tissue,
tissue,sperm,
tissue,spermatozoon,
tissue,spinal cord,UBERON:0002240
tissue,spleen,UBERON:0002106
tissue,stamen,
tissue,stomach,UBERON:0000945
tissue,striatum,UBERON:0002435
tissue,subcutaneous (inguinal) adipose tissue,
tissue,subcutaneous adipose tissue,UBERON:0002190
tissue,subcutaneous fat,
tissue,subcutaneous tissue,UBERON:0011818
tissue,substantia nigra,UBERON:0002038
tissue,suprachiasmatic nucleus,UBERON:0002034
tissue,suprachiasmatic nucleus (scn),
tissue,supragingival plaque,
tissue,sural nerve,UBERON:0015488
tissue,sweat,UBERON:0001089
tissue,synovia,
tissue,synovial fluid,UBERON:0001090
tissue,synovial joint,UBERON:0002217
tissue,synovial tissue,
tissue,synovium,UBERON:0007616
tissue,tear,UBERON:0001827
tissue,tear fluid,
tissue,tear gland,
tissue,tendon,UBERON:0000043
tissue,testes,
tissue,testis,UBERON:0000473
tissue,thymus,UBERON:0002370
tissue,thyroid,UBERON:0002046
tissue,thyroid gland,UBERON:0002046
tissue,tibia,UBERON:0000979
tissue,tibialis anterior,UBERON:0001385
tissue,tissue,UBERON:0000479
tissue,tissues,
tissue,tissues and organs,
tissue,tonsil,UBERON:0002372
tissue,tonsils,
tissue,tooth,UBERON:0001091
tissue,tooth enamel,UBERON:0001752
tissue,triceps brachii muscle,UBERON:0001509
tissue,tumor,
tissue,umbilical artery,UBERON:0001310
tissue,umbilical cord,UBERON:0002331
tissue,umbilical vein,UBERON:0002066
tissue,urachus,UBERON:0002068
tissue,urinary bladder,UBERON:0001255
tissue,urinary tract,UBERON:0001008
tissue,urine,UBERON:0001088
tissue,uterine cervix,UBERON:0000002
tissue,uterine endometrium,UBERON:0001295
tissue,uterosacral ligament,
tissue,uterus,UBERON:0000995
tissue,uveal,
tissue,vagina,UBERON:0000996
tissue,various tissues,
tissue,ventricle,
tissue,vestibular nerve,UBERON:0003723
tissue,visceral adipose tissue,
tissue,white adipose tissue,UBERON:0001347
tissue,whole body,
tissue,whole plant,
