pxd	run	tissue_mlm	confidence_mlm	tissue_llm	is_agree	is_in_mlm_vocab	lin_similarity	uberon_distance	concordance_tier	mica_label	disease_state_llm	sample_source_llm
PXD001417	PBMC_1_con_sn1a	Monocytes	0.2631	blood	False	False	0.8311	4	Near-Agreement (Subpart / Secretome)	basophilic cytoplasm	normal	peripheral blood
PXD001417	PBMC_1_con_sn1b	Monocytes	0.2693	blood	False	False	0.8311	4	Near-Agreement (Subpart / Secretome)	basophilic cytoplasm	normal	peripheral blood
PXD001417	PBMC_2_con_sn1a	Bone marrow	0.1184	blood	False	False	0.7688	2	Near-Agreement (Subpart / Secretome)	hematopoietic system	normal	peripheral blood
PXD001417	PBMC_2_con_sn1b	Monocytes	0.1709	blood	False	False	0.8311	4	Near-Agreement (Subpart / Secretome)	basophilic cytoplasm	normal	peripheral blood
PXD001417	PBMC_3_con_sn1a	Monocytes	0.3237	blood	False	False	0.8311	4	Near-Agreement (Subpart / Secretome)	basophilic cytoplasm	normal	peripheral blood
PXD001417	PBMC_3_con_sn1b	Monocytes	0.3741	blood	False	False	0.8311	4	Near-Agreement (Subpart / Secretome)	basophilic cytoplasm	normal	peripheral blood
PXD001418	PBMC_1_stim_ne1a	B-cells	0.4477	blood	False	False	0.6749	5	Distant Concordance (Organ System)	hematopoietic lineage restricted progenitor cell	normal	PBMC culture
PXD001418	PBMC_1_stim_ne1b	B-cells	0.4269	blood	False	False	0.6749	5	Distant Concordance (Organ System)	hematopoietic lineage restricted progenitor cell	normal	PBMC culture
PXD001418	PBMC_1_stim_ne2a	Monocytes	0.1949	blood	False	False	0.8311	4	Near-Agreement (Subpart / Secretome)	basophilic cytoplasm	normal	PBMC culture
PXD001418	PBMC_1_stim_ne2b	Bone marrow	0.1939	blood	False	False	0.7688	2	Near-Agreement (Subpart / Secretome)	hematopoietic system	normal	PBMC culture
PXD001418	PBMC_1_stim_ne3a	Monocytes	0.1514	blood	False	False	0.8311	4	Near-Agreement (Subpart / Secretome)	basophilic cytoplasm	normal	PBMC culture
PXD001418	PBMC_1_stim_ne3b	Monocytes	0.1862	blood	False	False	0.8311	4	Near-Agreement (Subpart / Secretome)	basophilic cytoplasm	normal	PBMC culture
PXD001418	PBMC_1_stim_ne4a	Bone marrow	0.107	blood	False	False	0.7688	2	Near-Agreement (Subpart / Secretome)	hematopoietic system	normal	PBMC culture
PXD001418	PBMC_1_stim_ne4b	Monocytes	0.1382	blood	False	False	0.8311	4	Near-Agreement (Subpart / Secretome)	basophilic cytoplasm	normal	PBMC culture
PXD001418	PBMC_2_stim_ne1a	B-cells	0.3352	blood	False	False	0.6749	5	Distant Concordance (Organ System)	hematopoietic lineage restricted progenitor cell	normal	PBMC culture
PXD001418	PBMC_2_stim_ne1b	B-cells	0.3465	blood	False	False	0.6749	5	Distant Concordance (Organ System)	hematopoietic lineage restricted progenitor cell	normal	PBMC culture
PXD001418	PBMC_2_stim_ne2a	Bone marrow	0.2066	blood	False	False	0.7688	2	Near-Agreement (Subpart / Secretome)	hematopoietic system	normal	PBMC culture
PXD001418	PBMC_2_stim_ne2b	Bone marrow	0.2013	blood	False	False	0.7688	2	Near-Agreement (Subpart / Secretome)	hematopoietic system	normal	PBMC culture
PXD001418	PBMC_2_stim_ne3a	Monocytes	0.1501	blood	False	False	0.8311	4	Near-Agreement (Subpart / Secretome)	basophilic cytoplasm	normal	PBMC culture
PXD001418	PBMC_2_stim_ne3b	Bone marrow	0.1377	blood	False	False	0.7688	2	Near-Agreement (Subpart / Secretome)	hematopoietic system	normal	PBMC culture
PXD001418	PBMC_2_stim_ne4a	Monocytes	0.1895	blood	False	False	0.8311	4	Near-Agreement (Subpart / Secretome)	basophilic cytoplasm	normal	PBMC culture
PXD001418	PBMC_2_stim_ne4b	Monocytes	0.1789	blood	False	False	0.8311	4	Near-Agreement (Subpart / Secretome)	basophilic cytoplasm	normal	PBMC culture
PXD001418	PBMC_3_stim_ne1a	B-cells	0.3124	blood	False	False	0.6749	5	Distant Concordance (Organ System)	hematopoietic lineage restricted progenitor cell	normal	PBMC culture
PXD001418	PBMC_3_stim_ne1b	B-cells	0.3118	blood	False	False	0.6749	5	Distant Concordance (Organ System)	hematopoietic lineage restricted progenitor cell	normal	PBMC culture
PXD001418	PBMC_3_stim_ne2a	Bone marrow	0.1931	blood	False	False	0.7688	2	Near-Agreement (Subpart / Secretome)	hematopoietic system	normal	PBMC culture
PXD001418	PBMC_3_stim_ne2b	Bone marrow	0.2008	blood	False	False	0.7688	2	Near-Agreement (Subpart / Secretome)	hematopoietic system	normal	PBMC culture
PXD001418	PBMC_3_stim_ne3a	Monocytes	0.151	blood	False	False	0.8311	4	Near-Agreement (Subpart / Secretome)	basophilic cytoplasm	normal	PBMC culture
PXD001418	PBMC_3_stim_ne3b	Monocytes	0.1547	blood	False	False	0.8311	4	Near-Agreement (Subpart / Secretome)	basophilic cytoplasm	normal	PBMC culture
PXD001418	PBMC_3_stim_ne4a	B-cells	0.1692	blood	False	False	0.6749	5	Distant Concordance (Organ System)	hematopoietic lineage restricted progenitor cell	normal	PBMC culture
PXD001418	PBMC_3_stim_ne4b	B-cells	0.1906	blood	False	False	0.6749	5	Distant Concordance (Organ System)	hematopoietic lineage restricted progenitor cell	normal	PBMC culture
PXD001422	PBMC_1_stim_dex_cyt1a	Monocytes	0.2087	blood	False	False	0.8311	4	Near-Agreement (Subpart / Secretome)	basophilic cytoplasm	normal	blood
PXD001422	PBMC_1_stim_dex_cyt1b	Bone marrow	0.1992	blood	False	False	0.7688	2	Near-Agreement (Subpart / Secretome)	hematopoietic system	normal	blood
PXD001422	PBMC_1_stim_dex_cyt2a	Monocytes	0.2236	blood	False	False	0.8311	4	Near-Agreement (Subpart / Secretome)	basophilic cytoplasm	normal	blood
PXD001422	PBMC_1_stim_dex_cyt2b	Monocytes	0.1872	blood	False	False	0.8311	4	Near-Agreement (Subpart / Secretome)	basophilic cytoplasm	normal	blood
PXD001422	PBMC_1_stim_dex_cyt3a	Monocytes	0.1925	blood	False	False	0.8311	4	Near-Agreement (Subpart / Secretome)	basophilic cytoplasm	normal	blood
PXD001422	PBMC_1_stim_dex_cyt3b	Monocytes	0.2234	blood	False	False	0.8311	4	Near-Agreement (Subpart / Secretome)	basophilic cytoplasm	normal	blood
PXD001422	PBMC_1_stim_dex_cyt4a	Monocytes	0.1675	blood	False	False	0.8311	4	Near-Agreement (Subpart / Secretome)	basophilic cytoplasm	normal	blood
PXD001422	PBMC_1_stim_dex_cyt4b	Monocytes	0.1551	blood	False	False	0.8311	4	Near-Agreement (Subpart / Secretome)	basophilic cytoplasm	normal	blood
PXD001422	PBMC_2_stim_dex_cyt1a	Bone marrow	0.1652	blood	False	False	0.7688	2	Near-Agreement (Subpart / Secretome)	hematopoietic system	normal	blood
PXD001422	PBMC_2_stim_dex_cyt1b	Bone marrow	0.162	blood	False	False	0.7688	2	Near-Agreement (Subpart / Secretome)	hematopoietic system	normal	blood
PXD001422	PBMC_2_stim_dex_cyt2a	Monocytes	0.1768	blood	False	False	0.8311	4	Near-Agreement (Subpart / Secretome)	basophilic cytoplasm	normal	blood
PXD001422	PBMC_2_stim_dex_cyt2b	Monocytes	0.206	blood	False	False	0.8311	4	Near-Agreement (Subpart / Secretome)	basophilic cytoplasm	normal	blood
PXD001422	PBMC_2_stim_dex_cyt3a	Monocytes	0.2035	blood	False	False	0.8311	4	Near-Agreement (Subpart / Secretome)	basophilic cytoplasm	normal	blood
PXD001422	PBMC_2_stim_dex_cyt3b	Monocytes	0.1907	blood	False	False	0.8311	4	Near-Agreement (Subpart / Secretome)	basophilic cytoplasm	normal	blood
PXD001422	PBMC_2_stim_dex_cyt4a	Ovary	0.1278	blood	False	False	0.2327	5	True Conflict	primordium	normal	blood
PXD001422	PBMC_2_stim_dex_cyt4b	Monocytes	0.1123	blood	False	False	0.8311	4	Near-Agreement (Subpart / Secretome)	basophilic cytoplasm	normal	blood
PXD001422	PBMC_3_stim_dex_cyt1a	Bone marrow	0.1351	blood	False	False	0.7688	2	Near-Agreement (Subpart / Secretome)	hematopoietic system	normal	blood
PXD001422	PBMC_3_stim_dex_cyt1b	Monocytes	0.1207	blood	False	False	0.8311	4	Near-Agreement (Subpart / Secretome)	basophilic cytoplasm	normal	blood
PXD001422	PBMC_3_stim_dex_cyt2a	Monocytes	0.2164	blood	False	False	0.8311	4	Near-Agreement (Subpart / Secretome)	basophilic cytoplasm	normal	blood
PXD001422	PBMC_3_stim_dex_cyt2b	Monocytes	0.2276	blood	False	False	0.8311	4	Near-Agreement (Subpart / Secretome)	basophilic cytoplasm	normal	blood
PXD001422	PBMC_3_stim_dex_cyt3a	Monocytes	0.1989	blood	False	False	0.8311	4	Near-Agreement (Subpart / Secretome)	basophilic cytoplasm	normal	blood
PXD001422	PBMC_3_stim_dex_cyt3b	Monocytes	0.236	blood	False	False	0.8311	4	Near-Agreement (Subpart / Secretome)	basophilic cytoplasm	normal	blood
PXD001422	PBMC_3_stim_dex_cyt4a	Monocytes	0.1686	blood	False	False	0.8311	4	Near-Agreement (Subpart / Secretome)	basophilic cytoplasm	normal	blood
PXD001422	PBMC_3_stim_dex_cyt4b	Monocytes	0.1682	blood	False	False	0.8311	4	Near-Agreement (Subpart / Secretome)	basophilic cytoplasm	normal	blood
PXD002966	Obc08672	Bone marrow	0.2068	blood	False	False	0.7688	2	Near-Agreement (Subpart / Secretome)	hematopoietic system	normal	blood plasma; bovine serum albumin
PXD002966	QHF0006	Bone marrow	0.1327	blood	False	False	0.7688	2	Near-Agreement (Subpart / Secretome)	hematopoietic system	normal	blood plasma; bovine serum albumin
PXD002966	QHF0009	Bone marrow	0.116	blood	False	False	0.7688	2	Near-Agreement (Subpart / Secretome)	hematopoietic system	normal	blood plasma; bovine serum albumin
PXD002966	QHF0012	Adipose tissue	0.1178	blood	False	False	0.2756	5	True Conflict	mesenchymal stem cell	normal	blood plasma; bovine serum albumin
PXD002966	QHF0013	Adipose tissue	0.1568	blood	False	False	0.2756	5	True Conflict	mesenchymal stem cell	normal	blood plasma; bovine serum albumin
PXD002966	QHF0415	Adipose tissue	0.1533	blood	False	False	0.2756	5	True Conflict	mesenchymal stem cell	normal	blood plasma; bovine serum albumin
PXD003028	20141116_QEp1_LC7_PhGe_4_53_M1_2	Adipose tissue	0.2313	saliva	False	False	0.1749	6	True Conflict	acellular anatomical structure	normal	healthy donors
PXD003028	20141116_QEp1_LC7_PhGe_4_53_M1_3	Adipose tissue	0.2138	saliva	False	False	0.1749	6	True Conflict	acellular anatomical structure	normal	healthy donors
PXD003028	20141116_QEp1_LC7_PhGe_4_53_M1_4	Adipose tissue	0.2029	saliva	False	False	0.1749	6	True Conflict	acellular anatomical structure	normal	healthy donors
PXD003028	20141116_QEp1_LC7_PhGe_4_53_M2_1	Adipose tissue	0.2244	saliva	False	False	0.1749	6	True Conflict	acellular anatomical structure	normal	healthy donors
PXD003028	20141116_QEp1_LC7_PhGe_4_53_M2_2	Adipose tissue	0.1624	saliva	False	False	0.1749	6	True Conflict	acellular anatomical structure	normal	healthy donors
PXD003028	20141116_QEp1_LC7_PhGe_4_53_M2_3	Adipose tissue	0.225	saliva	False	False	0.1749	6	True Conflict	acellular anatomical structure	normal	healthy donors
PXD003028	20150414_QEp1_LC7_NiGr_QC_SA_Saliva2_2	Salivary gland	0.2163	saliva	False	False	0.9987	1	Near-Agreement (Subpart / Secretome)	saliva	normal	healthy donors
PXD003028	20150414_QEp1_LC7_NiGr_SA_Saliva_1	Esophagus	0.1984	saliva	False	False	0.1351	3	Distant Concordance (Organ System)	subdivision of tube	normal	healthy donors
PXD003028	20150414_QEp1_LC7_NiGr_SA_Saliva_1_fractionated1	Esophagus	0.2366	saliva	False	False	0.1351	3	Distant Concordance (Organ System)	subdivision of tube	normal	healthy donors
PXD003028	20150414_QEp1_LC7_NiGr_SA_Saliva_1_fractionated2	Esophagus	0.26	saliva	False	False	0.1351	3	Distant Concordance (Organ System)	subdivision of tube	normal	healthy donors
PXD003028	20150414_QEp1_LC7_NiGr_SA_Saliva_1_fractionated3	Esophagus	0.2084	saliva	False	False	0.1351	3	Distant Concordance (Organ System)	subdivision of tube	normal	healthy donors
PXD003028	20150414_QEp1_LC7_NiGr_SA_Saliva_1_fractionated4	Esophagus	0.2146	saliva	False	False	0.1351	3	Distant Concordance (Organ System)	subdivision of tube	normal	healthy donors
PXD003028	20150414_QEp1_LC7_NiGr_SA_Saliva_1_fractionated5	Esophagus	0.2332	saliva	False	False	0.1351	3	Distant Concordance (Organ System)	subdivision of tube	normal	healthy donors
PXD003028	20150414_QEp1_LC7_NiGr_SA_Saliva_1_fractionated6	Salivary gland	0.27	saliva	False	False	0.9987	1	Near-Agreement (Subpart / Secretome)	saliva	normal	healthy donors
PXD003028	20150414_QEp1_LC7_NiGr_SA_Saliva_1_fractionated7	Esophagus	0.245	saliva	False	False	0.1351	3	Distant Concordance (Organ System)	subdivision of tube	normal	healthy donors
PXD003028	20150414_QEp1_LC7_NiGr_SA_Saliva_1_fractionated8	Esophagus	0.2164	saliva	False	False	0.1351	3	Distant Concordance (Organ System)	subdivision of tube	normal	healthy donors
PXD003028	20150414_QEp1_LC7_NiGr_SA_Saliva_1m	Esophagus	0.2491	saliva	False	False	0.1351	3	Distant Concordance (Organ System)	subdivision of tube	normal	healthy donors
PXD003028	20150414_QEp1_LC7_NiGr_SA_Saliva_2_fractionated1	Esophagus	0.2325	saliva	False	False	0.1351	3	Distant Concordance (Organ System)	subdivision of tube	normal	healthy donors
PXD003028	20150414_QEp1_LC7_NiGr_SA_Saliva_2_fractionated2	Esophagus	0.2565	saliva	False	False	0.1351	3	Distant Concordance (Organ System)	subdivision of tube	normal	healthy donors
PXD003028	20150414_QEp1_LC7_NiGr_SA_Saliva_2_fractionated3	Salivary gland	0.2974	saliva	False	False	0.9987	1	Near-Agreement (Subpart / Secretome)	saliva	normal	healthy donors
PXD003028	20150414_QEp1_LC7_NiGr_SA_Saliva_2_fractionated4	Salivary gland	0.2331	saliva	False	False	0.9987	1	Near-Agreement (Subpart / Secretome)	saliva	normal	healthy donors
PXD003028	20150414_QEp1_LC7_NiGr_SA_Saliva_2_fractionated5	Salivary gland	0.2492	saliva	False	False	0.9987	1	Near-Agreement (Subpart / Secretome)	saliva	normal	healthy donors
PXD003028	20150414_QEp1_LC7_NiGr_SA_Saliva_2_fractionated6	Esophagus	0.2304	saliva	False	False	0.1351	3	Distant Concordance (Organ System)	subdivision of tube	normal	healthy donors
PXD003028	20150414_QEp1_LC7_NiGr_SA_Saliva_2_fractionated7	Esophagus	0.2191	saliva	False	False	0.1351	3	Distant Concordance (Organ System)	subdivision of tube	normal	healthy donors
PXD003028	20150414_QEp1_LC7_NiGr_SA_Saliva_2_fractionated8	Esophagus	0.2474	saliva	False	False	0.1351	3	Distant Concordance (Organ System)	subdivision of tube	normal	healthy donors
PXD003028	20150414_QEp1_LC7_NiGr_SA_Saliva_2m	Salivary gland	0.2416	saliva	False	False	0.9987	1	Near-Agreement (Subpart / Secretome)	saliva	normal	healthy donors
PXD003028	20150414_QEp1_LC7_NiGr_SA_Saliva_3	Esophagus	0.2244	saliva	False	False	0.1351	3	Distant Concordance (Organ System)	subdivision of tube	normal	healthy donors
PXD003028	20150414_QEp1_LC7_NiGr_SA_Saliva_3_fractionated1	Esophagus	0.2412	saliva	False	False	0.1351	3	Distant Concordance (Organ System)	subdivision of tube	normal	healthy donors
PXD003028	20150414_QEp1_LC7_NiGr_SA_Saliva_3_fractionated2	Esophagus	0.2241	saliva	False	False	0.1351	3	Distant Concordance (Organ System)	subdivision of tube	normal	healthy donors
PXD003028	20150414_QEp1_LC7_NiGr_SA_Saliva_3_fractionated3	Esophagus	0.2323	saliva	False	False	0.1351	3	Distant Concordance (Organ System)	subdivision of tube	normal	healthy donors
PXD003028	20150414_QEp1_LC7_NiGr_SA_Saliva_3_fractionated4	Esophagus	0.2352	saliva	False	False	0.1351	3	Distant Concordance (Organ System)	subdivision of tube	normal	healthy donors
PXD003028	20150414_QEp1_LC7_NiGr_SA_Saliva_3_fractionated5	Esophagus	0.2149	saliva	False	False	0.1351	3	Distant Concordance (Organ System)	subdivision of tube	normal	healthy donors
PXD003028	20150414_QEp1_LC7_NiGr_SA_Saliva_3_fractionated6	Esophagus	0.2438	saliva	False	False	0.1351	3	Distant Concordance (Organ System)	subdivision of tube	normal	healthy donors
PXD003028	20150414_QEp1_LC7_NiGr_SA_Saliva_3_fractionated7	Esophagus	0.2229	saliva	False	False	0.1351	3	Distant Concordance (Organ System)	subdivision of tube	normal	healthy donors
PXD003028	20150414_QEp1_LC7_NiGr_SA_Saliva_3_fractionated8	Esophagus	0.2845	saliva	False	False	0.1351	3	Distant Concordance (Organ System)	subdivision of tube	normal	healthy donors
PXD003028	20150414_QEp1_LC7_NiGr_SA_Saliva_3m	Salivary gland	0.2413	saliva	False	False	0.9987	1	Near-Agreement (Subpart / Secretome)	saliva	normal	healthy donors
PXD003028	20150414_QEp1_LC7_NiGr_SA_Saliva_4	Esophagus	0.2423	saliva	False	False	0.1351	3	Distant Concordance (Organ System)	subdivision of tube	normal	healthy donors
PXD003028	20150414_QEp1_LC7_NiGr_SA_Saliva_4m	Esophagus	0.2279	saliva	False	False	0.1351	3	Distant Concordance (Organ System)	subdivision of tube	normal	healthy donors
PXD003028	20150414_QEp1_LC7_NiGr_SA_Saliva_5	Esophagus	0.2319	saliva	False	False	0.1351	3	Distant Concordance (Organ System)	subdivision of tube	normal	healthy donors
PXD003028	20150414_QEp1_LC7_NiGr_SA_Saliva_5_fractionated1	Esophagus	0.2408	saliva	False	False	0.1351	3	Distant Concordance (Organ System)	subdivision of tube	normal	healthy donors
PXD003028	20150414_QEp1_LC7_NiGr_SA_Saliva_5_fractionated2	Salivary gland	0.2509	saliva	False	False	0.9987	1	Near-Agreement (Subpart / Secretome)	saliva	normal	healthy donors
PXD003028	20150414_QEp1_LC7_NiGr_SA_Saliva_5_fractionated3	Esophagus	0.2271	saliva	False	False	0.1351	3	Distant Concordance (Organ System)	subdivision of tube	normal	healthy donors
PXD003028	20150414_QEp1_LC7_NiGr_SA_Saliva_5_fractionated4	Salivary gland	0.2445	saliva	False	False	0.9987	1	Near-Agreement (Subpart / Secretome)	saliva	normal	healthy donors
PXD003028	20150414_QEp1_LC7_NiGr_SA_Saliva_5_fractionated5	Esophagus	0.233	saliva	False	False	0.1351	3	Distant Concordance (Organ System)	subdivision of tube	normal	healthy donors
PXD003028	20150414_QEp1_LC7_NiGr_SA_Saliva_5_fractionated6	Esophagus	0.2462	saliva	False	False	0.1351	3	Distant Concordance (Organ System)	subdivision of tube	normal	healthy donors
PXD003028	20150414_QEp1_LC7_NiGr_SA_Saliva_5_fractionated7	Esophagus	0.2166	saliva	False	False	0.1351	3	Distant Concordance (Organ System)	subdivision of tube	normal	healthy donors
PXD003028	20150414_QEp1_LC7_NiGr_SA_Saliva_5_fractionated8	Esophagus	0.2524	saliva	False	False	0.1351	3	Distant Concordance (Organ System)	subdivision of tube	normal	healthy donors
PXD003028	20150414_QEp1_LC7_NiGr_SA_Saliva_5m	Salivary gland	0.2307	saliva	False	False	0.9987	1	Near-Agreement (Subpart / Secretome)	saliva	normal	healthy donors
PXD003028	20150414_QEp1_LC7_NiGr_SA_Saliva_6	Esophagus	0.2378	saliva	False	False	0.1351	3	Distant Concordance (Organ System)	subdivision of tube	normal	healthy donors
PXD003028	20150414_QEp1_LC7_NiGr_SA_Saliva_6_fractionated1	Salivary gland	0.206	saliva	False	False	0.9987	1	Near-Agreement (Subpart / Secretome)	saliva	normal	healthy donors
PXD003028	20150414_QEp1_LC7_NiGr_SA_Saliva_6_fractionated2	Esophagus	0.2351	saliva	False	False	0.1351	3	Distant Concordance (Organ System)	subdivision of tube	normal	healthy donors
PXD003028	20150414_QEp1_LC7_NiGr_SA_Saliva_6_fractionated3	Esophagus	0.2469	saliva	False	False	0.1351	3	Distant Concordance (Organ System)	subdivision of tube	normal	healthy donors
PXD003028	20150414_QEp1_LC7_NiGr_SA_Saliva_6_fractionated4	Salivary gland	0.2814	saliva	False	False	0.9987	1	Near-Agreement (Subpart / Secretome)	saliva	normal	healthy donors
PXD003028	20150414_QEp1_LC7_NiGr_SA_Saliva_6_fractionated5	Salivary gland	0.296	saliva	False	False	0.9987	1	Near-Agreement (Subpart / Secretome)	saliva	normal	healthy donors
PXD003028	20150414_QEp1_LC7_NiGr_SA_Saliva_6_fractionated6	Esophagus	0.2259	saliva	False	False	0.1351	3	Distant Concordance (Organ System)	subdivision of tube	normal	healthy donors
PXD003028	20150414_QEp1_LC7_NiGr_SA_Saliva_6_fractionated7	Esophagus	0.232	saliva	False	False	0.1351	3	Distant Concordance (Organ System)	subdivision of tube	normal	healthy donors
PXD003028	20150414_QEp1_LC7_NiGr_SA_Saliva_6_fractionated8	Esophagus	0.2351	saliva	False	False	0.1351	3	Distant Concordance (Organ System)	subdivision of tube	normal	healthy donors
PXD003028	20150414_QEp1_LC7_NiGr_SA_Saliva_6m	Salivary gland	0.2288	saliva	False	False	0.9987	1	Near-Agreement (Subpart / Secretome)	saliva	normal	healthy donors
PXD003028	20150414_QEp1_LC7_NiGr_SA_Saliva_7	Esophagus	0.2263	saliva	False	False	0.1351	3	Distant Concordance (Organ System)	subdivision of tube	normal	healthy donors
PXD003028	20150414_QEp1_LC7_NiGr_SA_Saliva_7_fractionated1	Salivary gland	0.2351	saliva	False	False	0.9987	1	Near-Agreement (Subpart / Secretome)	saliva	normal	healthy donors
PXD003028	20150414_QEp1_LC7_NiGr_SA_Saliva_7_fractionated2	Salivary gland	0.2518	saliva	False	False	0.9987	1	Near-Agreement (Subpart / Secretome)	saliva	normal	healthy donors
PXD003028	20150414_QEp1_LC7_NiGr_SA_Saliva_7_fractionated3	Salivary gland	0.2336	saliva	False	False	0.9987	1	Near-Agreement (Subpart / Secretome)	saliva	normal	healthy donors
PXD003028	20150414_QEp1_LC7_NiGr_SA_Saliva_7_fractionated4	Salivary gland	0.2111	saliva	False	False	0.9987	1	Near-Agreement (Subpart / Secretome)	saliva	normal	healthy donors
PXD003028	20150414_QEp1_LC7_NiGr_SA_Saliva_7_fractionated5	Esophagus	0.2617	saliva	False	False	0.1351	3	Distant Concordance (Organ System)	subdivision of tube	normal	healthy donors
PXD003028	20150414_QEp1_LC7_NiGr_SA_Saliva_7_fractionated6	Salivary gland	0.2297	saliva	False	False	0.9987	1	Near-Agreement (Subpart / Secretome)	saliva	normal	healthy donors
PXD003028	20150414_QEp1_LC7_NiGr_SA_Saliva_7_fractionated7	Salivary gland	0.2889	saliva	False	False	0.9987	1	Near-Agreement (Subpart / Secretome)	saliva	normal	healthy donors
PXD003028	20150414_QEp1_LC7_NiGr_SA_Saliva_7_fractionated8	Esophagus	0.2321	saliva	False	False	0.1351	3	Distant Concordance (Organ System)	subdivision of tube	normal	healthy donors
PXD003028	20150414_QEp1_LC7_NiGr_SA_Saliva_7m	Esophagus	0.2217	saliva	False	False	0.1351	3	Distant Concordance (Organ System)	subdivision of tube	normal	healthy donors
PXD003028	20150414_QEp1_LC7_NiGr_SA_Saliva_8	Esophagus	0.2219	saliva	False	False	0.1351	3	Distant Concordance (Organ System)	subdivision of tube	normal	healthy donors
PXD003028	20150414_QEp1_LC7_NiGr_SA_Saliva_8_fractionated1	Esophagus	0.2597	saliva	False	False	0.1351	3	Distant Concordance (Organ System)	subdivision of tube	normal	healthy donors
PXD003028	20150414_QEp1_LC7_NiGr_SA_Saliva_8_fractionated2	Esophagus	0.2544	saliva	False	False	0.1351	3	Distant Concordance (Organ System)	subdivision of tube	normal	healthy donors
PXD003028	20150414_QEp1_LC7_NiGr_SA_Saliva_8_fractionated3	Esophagus	0.2324	saliva	False	False	0.1351	3	Distant Concordance (Organ System)	subdivision of tube	normal	healthy donors
PXD003028	20150414_QEp1_LC7_NiGr_SA_Saliva_8_fractionated4	Esophagus	0.2214	saliva	False	False	0.1351	3	Distant Concordance (Organ System)	subdivision of tube	normal	healthy donors
PXD003028	20150414_QEp1_LC7_NiGr_SA_Saliva_8_fractionated5	Salivary gland	0.3006	saliva	False	False	0.9987	1	Near-Agreement (Subpart / Secretome)	saliva	normal	healthy donors
PXD003028	20150414_QEp1_LC7_NiGr_SA_Saliva_8_fractionated6	Esophagus	0.2053	saliva	False	False	0.1351	3	Distant Concordance (Organ System)	subdivision of tube	normal	healthy donors
PXD003028	20150414_QEp1_LC7_NiGr_SA_Saliva_8_fractionated7	Salivary gland	0.2246	saliva	False	False	0.9987	1	Near-Agreement (Subpart / Secretome)	saliva	normal	healthy donors
PXD003028	20150414_QEp1_LC7_NiGr_SA_Saliva_8_fractionated8	Esophagus	0.2122	saliva	False	False	0.1351	3	Distant Concordance (Organ System)	subdivision of tube	normal	healthy donors
PXD003028	20150414_QEp1_LC7_NiGr_SA_Saliva_8m	Salivary gland	0.2525	saliva	False	False	0.9987	1	Near-Agreement (Subpart / Secretome)	saliva	normal	healthy donors
PXD003028	20150513_QEp4_NiGr_SA_workflow_rep1	Esophagus	0.2339	saliva	False	False	0.1351	3	Distant Concordance (Organ System)	subdivision of tube	normal	healthy donors
PXD003028	20150513_QEp4_NiGr_SA_workflow_rep2	Salivary gland	0.2255	saliva	False	False	0.9987	1	Near-Agreement (Subpart / Secretome)	saliva	normal	healthy donors
PXD003028	20150513_QEp4_NiGr_SA_workflow_rep3	Salivary gland	0.2595	saliva	False	False	0.9987	1	Near-Agreement (Subpart / Secretome)	saliva	normal	healthy donors
PXD003028	20150602_QEp3_NiGr_SA_saliva3_4	Esophagus	0.2268	saliva	False	False	0.1351	3	Distant Concordance (Organ System)	subdivision of tube	normal	healthy donors
PXD003657	qeP_09222015_10C	Bone marrow	0.1964	breast	False	False	0.2838	4	Distant Concordance (Organ System)	hemolymphoid system	normal	milk
PXD003657	qeP_09222015_12D	Bone marrow	0.1917	breast	False	False	0.2838	4	Distant Concordance (Organ System)	hemolymphoid system	normal	milk
PXD003657	qeP_09222015_14E	Bone marrow	0.1957	breast	False	False	0.2838	4	Distant Concordance (Organ System)	hemolymphoid system	normal	milk
PXD003657	qeP_09222015_16F	Bone marrow	0.1797	breast	False	False	0.2838	4	Distant Concordance (Organ System)	hemolymphoid system	normal	milk
PXD003657	qeP_09222015_18G	Bone marrow	0.1961	breast	False	False	0.2838	4	Distant Concordance (Organ System)	hemolymphoid system	normal	milk
PXD003657	qeP_09222015_20H	Bone marrow	0.1961	breast	False	False	0.2838	4	Distant Concordance (Organ System)	hemolymphoid system	normal	milk
PXD003657	qeP_09222015_22_I	Testis	0.2517	breast	False	False	0.1817	5	True Conflict	primordium	normal	milk
PXD003657	qeP_09222015_24_l	Bone marrow	0.1962	breast	False	False	0.2838	4	Distant Concordance (Organ System)	hemolymphoid system	normal	milk
PXD003657	qeP_09222015_8B	Bone marrow	0.1911	breast	False	False	0.2838	4	Distant Concordance (Organ System)	hemolymphoid system	normal	milk
PXD003657	qeplus_05202015_27AV1	Bone marrow	0.1964	breast	False	False	0.2838	4	Distant Concordance (Organ System)	hemolymphoid system	normal	milk
PXD003657	qeplus_05202015_29Av2	Bone marrow	0.1964	breast	False	False	0.2838	4	Distant Concordance (Organ System)	hemolymphoid system	normal	milk
PXD005200	20151124_QEp7_JRW_SA_A_O66	Bone marrow	0.1338	blood	False	False	0.7688	2	Near-Agreement (Subpart / Secretome)	hematopoietic system	normal	erythrocyte
PXD005200	20151124_QEp7_JRW_SA_A_O67	Bone marrow	0.1392	blood	False	False	0.7688	2	Near-Agreement (Subpart / Secretome)	hematopoietic system	normal	erythrocyte
PXD005200	20151124_QEp7_JRW_SA_A_O75	Bone marrow	0.1356	blood	False	False	0.7688	2	Near-Agreement (Subpart / Secretome)	hematopoietic system	normal	erythrocyte
PXD005200	20151124_QEp7_JRW_SA_A_O76	Bone marrow	0.1222	blood	False	False	0.7688	2	Near-Agreement (Subpart / Secretome)	hematopoietic system	normal	erythrocyte
PXD005200	20151124_QEp7_JRW_SA_G_O69	Bone marrow	0.1846	blood	False	False	0.7688	2	Near-Agreement (Subpart / Secretome)	hematopoietic system	normal	erythrocyte
PXD005200	20151124_QEp7_JRW_SA_G_O78	Bone marrow	0.1813	blood	False	False	0.7688	2	Near-Agreement (Subpart / Secretome)	hematopoietic system	normal	erythrocyte
PXD005200	20151124_QEp7_JRW_SA_L_O63	Bone marrow	0.1242	blood	False	False	0.7688	2	Near-Agreement (Subpart / Secretome)	hematopoietic system	normal	erythrocyte
PXD005200	20151124_QEp7_JRW_SA_L_O64	Bone marrow	0.1311	blood	False	False	0.7688	2	Near-Agreement (Subpart / Secretome)	hematopoietic system	normal	erythrocyte
PXD005200	20151124_QEp7_JRW_SA_L_O72	Bone marrow	0.0983	blood	False	False	0.7688	2	Near-Agreement (Subpart / Secretome)	hematopoietic system	normal	erythrocyte
PXD005200	20151124_QEp7_JRW_SA_L_O73	Bone marrow	0.1075	blood	False	False	0.7688	2	Near-Agreement (Subpart / Secretome)	hematopoietic system	normal	erythrocyte
PXD005200	20151124_QEp7_JRW_SA_T_O63	Bone marrow	0.1514	blood	False	False	0.7688	2	Near-Agreement (Subpart / Secretome)	hematopoietic system	normal	erythrocyte
PXD005200	20151124_QEp7_JRW_SA_T_O64	Bone marrow	0.1273	blood	False	False	0.7688	2	Near-Agreement (Subpart / Secretome)	hematopoietic system	normal	erythrocyte
PXD005200	20151124_QEp7_JRW_SA_T_O66	Bone marrow	0.1377	blood	False	False	0.7688	2	Near-Agreement (Subpart / Secretome)	hematopoietic system	normal	erythrocyte
PXD005200	20151124_QEp7_JRW_SA_T_O67	Bone marrow	0.1366	blood	False	False	0.7688	2	Near-Agreement (Subpart / Secretome)	hematopoietic system	normal	erythrocyte
PXD005200	20151124_QEp7_JRW_SA_T_O69	Bone marrow	0.1489	blood	False	False	0.7688	2	Near-Agreement (Subpart / Secretome)	hematopoietic system	normal	erythrocyte
PXD005200	20151124_QEp7_JRW_SA_T_O70	Bone marrow	0.1497	blood	False	False	0.7688	2	Near-Agreement (Subpart / Secretome)	hematopoietic system	normal	erythrocyte
PXD005200	20151124_QEp7_JRW_SA_T_O72	Bone marrow	0.1148	blood	False	False	0.7688	2	Near-Agreement (Subpart / Secretome)	hematopoietic system	normal	erythrocyte
PXD005200	20151124_QEp7_JRW_SA_T_O73	Bone marrow	0.1983	blood	False	False	0.7688	2	Near-Agreement (Subpart / Secretome)	hematopoietic system	normal	erythrocyte
PXD005200	20151124_QEp7_JRW_SA_T_O75	Bone marrow	0.1257	blood	False	False	0.7688	2	Near-Agreement (Subpart / Secretome)	hematopoietic system	normal	erythrocyte
PXD005200	20151124_QEp7_JRW_SA_T_O76	Bone marrow	0.1137	blood	False	False	0.7688	2	Near-Agreement (Subpart / Secretome)	hematopoietic system	normal	erythrocyte
PXD005200	20151124_QEp7_JRW_SA_T_O78	Bone marrow	0.1126	blood	False	False	0.7688	2	Near-Agreement (Subpart / Secretome)	hematopoietic system	normal	erythrocyte
PXD005200	20151124_QEp7_JRW_SA_T_O79	Bone marrow	0.1167	blood	False	False	0.7688	2	Near-Agreement (Subpart / Secretome)	hematopoietic system	normal	erythrocyte
PXD005200	20160309_QEp7_JRW_SA_A_O100	Bone marrow	0.1526	blood	False	False	0.7688	2	Near-Agreement (Subpart / Secretome)	hematopoietic system	normal	erythrocyte
PXD005200	20160309_QEp7_JRW_SA_A_O102	Bone marrow	0.135	blood	False	False	0.7688	2	Near-Agreement (Subpart / Secretome)	hematopoietic system	normal	erythrocyte
PXD005200	20160309_QEp7_JRW_SA_A_O103	Bone marrow	0.1371	blood	False	False	0.7688	2	Near-Agreement (Subpart / Secretome)	hematopoietic system	normal	erythrocyte
PXD005200	20160309_QEp7_JRW_SA_A_O105	Bone marrow	0.1491	blood	False	False	0.7688	2	Near-Agreement (Subpart / Secretome)	hematopoietic system	normal	erythrocyte
PXD005200	20160309_QEp7_JRW_SA_A_O106	Bone marrow	0.1369	blood	False	False	0.7688	2	Near-Agreement (Subpart / Secretome)	hematopoietic system	normal	erythrocyte
PXD005200	20160309_QEp7_JRW_SA_A_O99	Bone marrow	0.1361	blood	False	False	0.7688	2	Near-Agreement (Subpart / Secretome)	hematopoietic system	normal	erythrocyte
PXD005200	20160309_QEp7_JRW_SA_A_Q40	Bone marrow	0.1181	blood	False	False	0.7688	2	Near-Agreement (Subpart / Secretome)	hematopoietic system	normal	erythrocyte
PXD005200	20160309_QEp7_JRW_SA_A_Q41	Bone marrow	0.1176	blood	False	False	0.7688	2	Near-Agreement (Subpart / Secretome)	hematopoietic system	normal	erythrocyte
PXD005200	20160309_QEp7_JRW_SA_A_Q42	Bone marrow	0.1281	blood	False	False	0.7688	2	Near-Agreement (Subpart / Secretome)	hematopoietic system	normal	erythrocyte
PXD005200	20160309_QEp7_JRW_SA_A_Q43	Bone marrow	0.1355	blood	False	False	0.7688	2	Near-Agreement (Subpart / Secretome)	hematopoietic system	normal	erythrocyte
PXD005200	20160309_QEp7_JRW_SA_A_Q44	Bone marrow	0.1291	blood	False	False	0.7688	2	Near-Agreement (Subpart / Secretome)	hematopoietic system	normal	erythrocyte
PXD005200	20160309_QEp7_JRW_SA_A_Q45	Bone marrow	0.1294	blood	False	False	0.7688	2	Near-Agreement (Subpart / Secretome)	hematopoietic system	normal	erythrocyte
PXD005200	20160309_QEp7_JRW_SA_G_O117	Bone marrow	0.1948	blood	False	False	0.7688	2	Near-Agreement (Subpart / Secretome)	hematopoietic system	normal	erythrocyte
PXD005200	20160309_QEp7_JRW_SA_G_O118	Bone marrow	0.2045	blood	False	False	0.7688	2	Near-Agreement (Subpart / Secretome)	hematopoietic system	normal	erythrocyte
PXD005200	20160309_QEp7_JRW_SA_G_O124	Bone marrow	0.1882	blood	False	False	0.7688	2	Near-Agreement (Subpart / Secretome)	hematopoietic system	normal	erythrocyte
PXD005200	20160309_QEp7_JRW_SA_G_Q34	Bone marrow	0.2023	blood	False	False	0.7688	2	Near-Agreement (Subpart / Secretome)	hematopoietic system	normal	erythrocyte
PXD005200	20160309_QEp7_JRW_SA_L_O81_160310165033	Bone marrow	0.1368	blood	False	False	0.7688	2	Near-Agreement (Subpart / Secretome)	hematopoietic system	normal	erythrocyte
PXD005200	20160309_QEp7_JRW_SA_L_O82	Bone marrow	0.1278	blood	False	False	0.7688	2	Near-Agreement (Subpart / Secretome)	hematopoietic system	normal	erythrocyte
PXD005200	20160309_QEp7_JRW_SA_L_O84	Bone marrow	0.132	blood	False	False	0.7688	2	Near-Agreement (Subpart / Secretome)	hematopoietic system	normal	erythrocyte
PXD005200	20160309_QEp7_JRW_SA_L_O85	Bone marrow	0.1328	blood	False	False	0.7688	2	Near-Agreement (Subpart / Secretome)	hematopoietic system	normal	erythrocyte
PXD005200	20160309_QEp7_JRW_SA_L_O87	Bone marrow	0.137	blood	False	False	0.7688	2	Near-Agreement (Subpart / Secretome)	hematopoietic system	normal	erythrocyte
PXD005200	20160309_QEp7_JRW_SA_L_O88	Bone marrow	0.136	blood	False	False	0.7688	2	Near-Agreement (Subpart / Secretome)	hematopoietic system	normal	erythrocyte
PXD005200	20160309_QEp7_JRW_SA_L_Q28	Bone marrow	0.118	blood	False	False	0.7688	2	Near-Agreement (Subpart / Secretome)	hematopoietic system	normal	erythrocyte
PXD005200	20160309_QEp7_JRW_SA_L_Q29	Bone marrow	0.1229	blood	False	False	0.7688	2	Near-Agreement (Subpart / Secretome)	hematopoietic system	normal	erythrocyte
PXD005200	20160309_QEp7_JRW_SA_L_Q30	Bone marrow	0.1508	blood	False	False	0.7688	2	Near-Agreement (Subpart / Secretome)	hematopoietic system	normal	erythrocyte
PXD005200	20160309_QEp7_JRW_SA_L_Q31	Bone marrow	0.1402	blood	False	False	0.7688	2	Near-Agreement (Subpart / Secretome)	hematopoietic system	normal	erythrocyte
PXD005200	20160309_QEp7_JRW_SA_L_Q32	Bone marrow	0.1311	blood	False	False	0.7688	2	Near-Agreement (Subpart / Secretome)	hematopoietic system	normal	erythrocyte
PXD005200	20160309_QEp7_JRW_SA_L_Q33	Bone marrow	0.1161	blood	False	False	0.7688	2	Near-Agreement (Subpart / Secretome)	hematopoietic system	normal	erythrocyte
PXD005200	20160309_QEp7_JRW_SA_T_O100	Bone marrow	0.1458	blood	False	False	0.7688	2	Near-Agreement (Subpart / Secretome)	hematopoietic system	normal	erythrocyte
PXD005200	20160309_QEp7_JRW_SA_T_O102	Bone marrow	0.1598	blood	False	False	0.7688	2	Near-Agreement (Subpart / Secretome)	hematopoietic system	normal	erythrocyte
PXD005200	20160309_QEp7_JRW_SA_T_O103	Bone marrow	0.1621	blood	False	False	0.7688	2	Near-Agreement (Subpart / Secretome)	hematopoietic system	normal	erythrocyte
PXD005200	20160309_QEp7_JRW_SA_T_O105	Bone marrow	0.149	blood	False	False	0.7688	2	Near-Agreement (Subpart / Secretome)	hematopoietic system	normal	erythrocyte
PXD005200	20160309_QEp7_JRW_SA_T_O106	Bone marrow	0.1588	blood	False	False	0.7688	2	Near-Agreement (Subpart / Secretome)	hematopoietic system	normal	erythrocyte
PXD005200	20160309_QEp7_JRW_SA_T_O117	Bone marrow	0.1377	blood	False	False	0.7688	2	Near-Agreement (Subpart / Secretome)	hematopoietic system	normal	erythrocyte
PXD005200	20160309_QEp7_JRW_SA_T_O118	Bone marrow	0.1282	blood	False	False	0.7688	2	Near-Agreement (Subpart / Secretome)	hematopoietic system	normal	erythrocyte
PXD005200	20160309_QEp7_JRW_SA_T_O120	Bone marrow	0.1297	blood	False	False	0.7688	2	Near-Agreement (Subpart / Secretome)	hematopoietic system	normal	erythrocyte
PXD005200	20160309_QEp7_JRW_SA_T_O121	Bone marrow	0.1349	blood	False	False	0.7688	2	Near-Agreement (Subpart / Secretome)	hematopoietic system	normal	erythrocyte
PXD005200	20160309_QEp7_JRW_SA_T_O123	Bone marrow	0.1288	blood	False	False	0.7688	2	Near-Agreement (Subpart / Secretome)	hematopoietic system	normal	erythrocyte
PXD005200	20160309_QEp7_JRW_SA_T_O124	Bone marrow	0.1283	blood	False	False	0.7688	2	Near-Agreement (Subpart / Secretome)	hematopoietic system	normal	erythrocyte
PXD005200	20160309_QEp7_JRW_SA_T_O81	Bone marrow	0.1326	blood	False	False	0.7688	2	Near-Agreement (Subpart / Secretome)	hematopoietic system	normal	erythrocyte
PXD005200	20160309_QEp7_JRW_SA_T_O82	Bone marrow	0.1357	blood	False	False	0.7688	2	Near-Agreement (Subpart / Secretome)	hematopoietic system	normal	erythrocyte
PXD005200	20160309_QEp7_JRW_SA_T_O84	Bone marrow	0.1336	blood	False	False	0.7688	2	Near-Agreement (Subpart / Secretome)	hematopoietic system	normal	erythrocyte
PXD005200	20160309_QEp7_JRW_SA_T_O85	Bone marrow	0.1359	blood	False	False	0.7688	2	Near-Agreement (Subpart / Secretome)	hematopoietic system	normal	erythrocyte
PXD005200	20160309_QEp7_JRW_SA_T_O87	Bone marrow	0.1224	blood	False	False	0.7688	2	Near-Agreement (Subpart / Secretome)	hematopoietic system	normal	erythrocyte
PXD005200	20160309_QEp7_JRW_SA_T_O88	Bone marrow	0.1384	blood	False	False	0.7688	2	Near-Agreement (Subpart / Secretome)	hematopoietic system	normal	erythrocyte
PXD005200	20160309_QEp7_JRW_SA_T_O99	Bone marrow	0.1474	blood	False	False	0.7688	2	Near-Agreement (Subpart / Secretome)	hematopoietic system	normal	erythrocyte
PXD005200	20160309_QEp7_JRW_SA_T_Q28	Bone marrow	0.113	blood	False	False	0.7688	2	Near-Agreement (Subpart / Secretome)	hematopoietic system	normal	erythrocyte
PXD005200	20160309_QEp7_JRW_SA_T_Q29	Bone marrow	0.1033	blood	False	False	0.7688	2	Near-Agreement (Subpart / Secretome)	hematopoietic system	normal	erythrocyte
PXD005200	20160309_QEp7_JRW_SA_T_Q30	Bone marrow	0.1301	blood	False	False	0.7688	2	Near-Agreement (Subpart / Secretome)	hematopoietic system	normal	erythrocyte
PXD005200	20160309_QEp7_JRW_SA_T_Q31	Bone marrow	0.1406	blood	False	False	0.7688	2	Near-Agreement (Subpart / Secretome)	hematopoietic system	normal	erythrocyte
PXD005200	20160309_QEp7_JRW_SA_T_Q32	Bone marrow	0.1282	blood	False	False	0.7688	2	Near-Agreement (Subpart / Secretome)	hematopoietic system	normal	erythrocyte
PXD005200	20160309_QEp7_JRW_SA_T_Q33	Bone marrow	0.1226	blood	False	False	0.7688	2	Near-Agreement (Subpart / Secretome)	hematopoietic system	normal	erythrocyte
PXD005200	20160309_QEp7_JRW_SA_T_Q34	Bone marrow	0.1287	blood	False	False	0.7688	2	Near-Agreement (Subpart / Secretome)	hematopoietic system	normal	erythrocyte
PXD005200	20160309_QEp7_JRW_SA_T_Q35	Bone marrow	0.1282	blood	False	False	0.7688	2	Near-Agreement (Subpart / Secretome)	hematopoietic system	normal	erythrocyte
PXD005200	20160309_QEp7_JRW_SA_T_Q36	Bone marrow	0.1261	blood	False	False	0.7688	2	Near-Agreement (Subpart / Secretome)	hematopoietic system	normal	erythrocyte
PXD005200	20160309_QEp7_JRW_SA_T_Q37	Bone marrow	0.1355	blood	False	False	0.7688	2	Near-Agreement (Subpart / Secretome)	hematopoietic system	normal	erythrocyte
PXD005200	20160309_QEp7_JRW_SA_T_Q38	Bone marrow	0.1313	blood	False	False	0.7688	2	Near-Agreement (Subpart / Secretome)	hematopoietic system	normal	erythrocyte
PXD005200	20160309_QEp7_JRW_SA_T_Q39	Bone marrow	0.1225	blood	False	False	0.7688	2	Near-Agreement (Subpart / Secretome)	hematopoietic system	normal	erythrocyte
PXD005200	20160309_QEp7_JRW_SA_T_Q40	Bone marrow	0.1453	blood	False	False	0.7688	2	Near-Agreement (Subpart / Secretome)	hematopoietic system	normal	erythrocyte
PXD005200	20160309_QEp7_JRW_SA_T_Q41	Bone marrow	0.1278	blood	False	False	0.7688	2	Near-Agreement (Subpart / Secretome)	hematopoietic system	normal	erythrocyte
PXD005200	20160309_QEp7_JRW_SA_T_Q42	Bone marrow	0.1409	blood	False	False	0.7688	2	Near-Agreement (Subpart / Secretome)	hematopoietic system	normal	erythrocyte
PXD005200	20160309_QEp7_JRW_SA_T_Q43	Bone marrow	0.1244	blood	False	False	0.7688	2	Near-Agreement (Subpart / Secretome)	hematopoietic system	normal	erythrocyte
PXD005200	20160309_QEp7_JRW_SA_T_Q44	Bone marrow	0.1269	blood	False	False	0.7688	2	Near-Agreement (Subpart / Secretome)	hematopoietic system	normal	erythrocyte
PXD005200	20160309_QEp7_JRW_SA_T_Q45	Bone marrow	0.1384	blood	False	False	0.7688	2	Near-Agreement (Subpart / Secretome)	hematopoietic system	normal	erythrocyte
PXD005465	OR11_20150710_VMG_M3EPC_273_C	Monocytes	0.2387	carotid artery segment	False	False	0.2633	7	True Conflict	hemolymphoid system	atherosclerosis; normal	healthy individuals; atherosclerotic plaque
PXD005465	OR11_20150710_VMG_M3EPC_274_C	Monocytes	0.2534	carotid artery segment	False	False	0.2633	7	True Conflict	hemolymphoid system	atherosclerosis; normal	healthy individuals; atherosclerotic plaque
PXD005465	OR11_20150710_VMG_M3EPC_275_C	Monocytes	0.2139	carotid artery segment	False	False	0.2633	7	True Conflict	hemolymphoid system	atherosclerosis; normal	healthy individuals; atherosclerotic plaque
PXD006371	Lanlach1	Brain	0.0733	peritoneum	False	False	0.0714	5	True Conflict	eukaryotic cell	normal	healthy PD patients
PXD006371	Lanlach10	Testis	0.0924	peritoneum	False	False	0.0641	4	Distant Concordance (Organ System)	embryo	normal	healthy PD patients
PXD006371	Lanlach11	Adipose tissue	0.0831	peritoneum	False	False	0.162	4	Distant Concordance (Organ System)	mesenchymal stem cell	normal	healthy PD patients
PXD006371	Lanlach12	Bone marrow	0.0853	peritoneum	False	False	0.2031	6	True Conflict	lateral plate mesoderm	normal	healthy PD patients
PXD006371	Lanlach13	Bone marrow	0.1114	peritoneum	False	False	0.2031	6	True Conflict	lateral plate mesoderm	normal	healthy PD patients
PXD006371	Lanlach14	Bone marrow	0.0928	peritoneum	False	False	0.2031	6	True Conflict	lateral plate mesoderm	normal	healthy PD patients
PXD006371	Lanlach15	Bone marrow	0.1217	peritoneum	False	False	0.2031	6	True Conflict	lateral plate mesoderm	normal	healthy PD patients
PXD006371	Lanlach16	Bone marrow	0.1025	peritoneum	False	False	0.2031	6	True Conflict	lateral plate mesoderm	normal	healthy PD patients
PXD006371	Lanlach17	Lung	0.0862	peritoneum	False	False	0.226	5	True Conflict	viscus	normal	healthy PD patients
PXD006371	Lanlach18	Bone marrow	0.1129	peritoneum	False	False	0.2031	6	True Conflict	lateral plate mesoderm	normal	healthy PD patients
PXD006371	Lanlach19	Testis	0.0958	peritoneum	False	False	0.0641	4	Distant Concordance (Organ System)	embryo	normal	healthy PD patients
PXD006371	Lanlach2	Ovary	0.3532	peritoneum	False	False	0.0682	5	True Conflict	embryo	normal	healthy PD patients
PXD006371	Lanlach20	Monocytes	0.0973	peritoneum	False	False	0.1951	5	True Conflict	lateral plate mesoderm	normal	healthy PD patients
PXD006371	Lanlach21	Monocytes	0.1261	peritoneum	False	False	0.1951	5	True Conflict	lateral plate mesoderm	normal	healthy PD patients
PXD006371	Lanlach22	Ovary	0.1245	peritoneum	False	False	0.0682	5	True Conflict	embryo	normal	healthy PD patients
PXD006371	Lanlach23	Bone marrow	0.1251	peritoneum	False	False	0.2031	6	True Conflict	lateral plate mesoderm	normal	healthy PD patients
PXD006371	Lanlach24	Ovary	0.1457	peritoneum	False	False	0.0682	5	True Conflict	embryo	normal	healthy PD patients
PXD006371	Lanlach25	Ovary	0.1907	peritoneum	False	False	0.0682	5	True Conflict	embryo	normal	healthy PD patients
PXD006371	Lanlach26	Ovary	0.1799	peritoneum	False	False	0.0682	5	True Conflict	embryo	normal	healthy PD patients
PXD006371	Lanlach27	Ovary	0.0838	peritoneum	False	False	0.0682	5	True Conflict	embryo	normal	healthy PD patients
PXD006371	Lanlach3	Thyroid	0.154	peritoneum	False	False	0.1511	6	True Conflict	unilaminar epithelium	normal	healthy PD patients
PXD006371	Lanlach30	Adipose tissue	0.1847	peritoneum	False	False	0.162	4	Distant Concordance (Organ System)	mesenchymal stem cell	normal	healthy PD patients
PXD006371	Lanlach31	Adipose tissue	0.1218	peritoneum	False	False	0.162	4	Distant Concordance (Organ System)	mesenchymal stem cell	normal	healthy PD patients
PXD006371	Lanlach32	Bone marrow	0.1026	peritoneum	False	False	0.2031	6	True Conflict	lateral plate mesoderm	normal	healthy PD patients
PXD006371	Lanlach33	Bone marrow	0.1207	peritoneum	False	False	0.2031	6	True Conflict	lateral plate mesoderm	normal	healthy PD patients
PXD006371	Lanlach34	Bone marrow	0.111	peritoneum	False	False	0.2031	6	True Conflict	lateral plate mesoderm	normal	healthy PD patients
PXD006371	Lanlach35	Bone marrow	0.1153	peritoneum	False	False	0.2031	6	True Conflict	lateral plate mesoderm	normal	healthy PD patients
PXD006371	Lanlach37	Bone marrow	0.1281	peritoneum	False	False	0.2031	6	True Conflict	lateral plate mesoderm	normal	healthy PD patients
PXD006371	Lanlach38	Bone marrow	0.1436	peritoneum	False	False	0.2031	6	True Conflict	lateral plate mesoderm	normal	healthy PD patients
PXD006371	Lanlach39	Bone marrow	0.1034	peritoneum	False	False	0.2031	6	True Conflict	lateral plate mesoderm	normal	healthy PD patients
PXD006371	Lanlach4	Adipose tissue	0.1299	peritoneum	False	False	0.162	4	Distant Concordance (Organ System)	mesenchymal stem cell	normal	healthy PD patients
PXD006371	Lanlach47	Testis	0.0937	peritoneum	False	False	0.0641	4	Distant Concordance (Organ System)	embryo	normal	healthy PD patients
PXD006371	Lanlach48	Ovary	0.1668	peritoneum	False	False	0.0682	5	True Conflict	embryo	normal	healthy PD patients
PXD006371	Lanlach49	Ovary	0.161	peritoneum	False	False	0.0682	5	True Conflict	embryo	normal	healthy PD patients
PXD006371	Lanlach5	Ovary	0.0961	peritoneum	False	False	0.0682	5	True Conflict	embryo	normal	healthy PD patients
PXD006371	Lanlach6	Ovary	0.1267	peritoneum	False	False	0.0682	5	True Conflict	embryo	normal	healthy PD patients
PXD006371	Lanlach7	Placenta	0.1346	peritoneum	False	False	0.1892	5	True Conflict	lateral plate mesoderm	normal	healthy PD patients
PXD006371	Lanlach8	Adipose tissue	0.0979	peritoneum	False	False	0.162	4	Distant Concordance (Organ System)	mesenchymal stem cell	normal	healthy PD patients
PXD006371	Lanlach9	Ovary	0.0879	peritoneum	False	False	0.0682	5	True Conflict	embryo	normal	healthy PD patients
PXD006371	sample1	Bone marrow	0.097	peritoneum	False	False	0.2031	6	True Conflict	lateral plate mesoderm	normal	healthy PD patients
PXD006371	sample10	Adipose tissue	0.1374	peritoneum	False	False	0.162	4	Distant Concordance (Organ System)	mesenchymal stem cell	normal	healthy PD patients
PXD006371	sample2	Adipose tissue	0.1169	peritoneum	False	False	0.162	4	Distant Concordance (Organ System)	mesenchymal stem cell	normal	healthy PD patients
PXD006371	sample3	Adipose tissue	0.1415	peritoneum	False	False	0.162	4	Distant Concordance (Organ System)	mesenchymal stem cell	normal	healthy PD patients
PXD006371	sample4	Adipose tissue	0.1583	peritoneum	False	False	0.162	4	Distant Concordance (Organ System)	mesenchymal stem cell	normal	healthy PD patients
PXD006371	sample5	Adipose tissue	0.1345	peritoneum	False	False	0.162	4	Distant Concordance (Organ System)	mesenchymal stem cell	normal	healthy PD patients
PXD006371	sample6	Adipose tissue	0.1274	peritoneum	False	False	0.162	4	Distant Concordance (Organ System)	mesenchymal stem cell	normal	healthy PD patients
PXD006371	sample7	Adipose tissue	0.1416	peritoneum	False	False	0.162	4	Distant Concordance (Organ System)	mesenchymal stem cell	normal	healthy PD patients
PXD006371	sample8	Adipose tissue	0.1659	peritoneum	False	False	0.162	4	Distant Concordance (Organ System)	mesenchymal stem cell	normal	healthy PD patients
PXD006371	sample9	Adipose tissue	0.1479	peritoneum	False	False	0.162	4	Distant Concordance (Organ System)	mesenchymal stem cell	normal	healthy PD patients
PXD006371	sampleice11	Adipose tissue	0.1472	peritoneum	False	False	0.162	4	Distant Concordance (Organ System)	mesenchymal stem cell	normal	healthy PD patients
PXD006371	sampleice12	Bone marrow	0.1333	peritoneum	False	False	0.2031	6	True Conflict	lateral plate mesoderm	normal	healthy PD patients
PXD006371	sampleice13	Adipose tissue	0.1468	peritoneum	False	False	0.162	4	Distant Concordance (Organ System)	mesenchymal stem cell	normal	healthy PD patients
PXD006371	sampleice14	Bone marrow	0.1357	peritoneum	False	False	0.2031	6	True Conflict	lateral plate mesoderm	normal	healthy PD patients
PXD006371	sampleice15	Bone marrow	0.149	peritoneum	False	False	0.2031	6	True Conflict	lateral plate mesoderm	normal	healthy PD patients
PXD006371	sampleice16	Bone marrow	0.1323	peritoneum	False	False	0.2031	6	True Conflict	lateral plate mesoderm	normal	healthy PD patients
PXD006371	sampleice17	Bone marrow	0.1254	peritoneum	False	False	0.2031	6	True Conflict	lateral plate mesoderm	normal	healthy PD patients
PXD006371	sampleice19	Bone marrow	0.1174	peritoneum	False	False	0.2031	6	True Conflict	lateral plate mesoderm	normal	healthy PD patients
PXD006371	sampleice20	Bone marrow	0.1105	peritoneum	False	False	0.2031	6	True Conflict	lateral plate mesoderm	normal	healthy PD patients
PXD006371	sampleice21	Bone marrow	0.1118	peritoneum	False	False	0.2031	6	True Conflict	lateral plate mesoderm	normal	healthy PD patients
PXD006371	sampleice22	Bone marrow	0.1354	peritoneum	False	False	0.2031	6	True Conflict	lateral plate mesoderm	normal	healthy PD patients
PXD006371	sampleice23	Bone marrow	0.1573	peritoneum	False	False	0.2031	6	True Conflict	lateral plate mesoderm	normal	healthy PD patients
PXD006371	sampleice24	Bone marrow	0.1181	peritoneum	False	False	0.2031	6	True Conflict	lateral plate mesoderm	normal	healthy PD patients
PXD006371	sampleice25	Bone marrow	0.151	peritoneum	False	False	0.2031	6	True Conflict	lateral plate mesoderm	normal	healthy PD patients
PXD006371	sampleice26	Bone marrow	0.1341	peritoneum	False	False	0.2031	6	True Conflict	lateral plate mesoderm	normal	healthy PD patients
PXD006371	sampleice27	Bone marrow	0.1061	peritoneum	False	False	0.2031	6	True Conflict	lateral plate mesoderm	normal	healthy PD patients
PXD006371	sampleice28	Bone marrow	0.1397	peritoneum	False	False	0.2031	6	True Conflict	lateral plate mesoderm	normal	healthy PD patients
PXD006371	sampleice29	Bone marrow	0.1023	peritoneum	False	False	0.2031	6	True Conflict	lateral plate mesoderm	normal	healthy PD patients
PXD006371	sampleice30	Bone marrow	0.1598	peritoneum	False	False	0.2031	6	True Conflict	lateral plate mesoderm	normal	healthy PD patients
PXD006371	sampleice31	Bone marrow	0.1355	peritoneum	False	False	0.2031	6	True Conflict	lateral plate mesoderm	normal	healthy PD patients
PXD006371	sampleice32	Bone marrow	0.1652	peritoneum	False	False	0.2031	6	True Conflict	lateral plate mesoderm	normal	healthy PD patients
PXD006371	sampleice34	Bone marrow	0.1309	peritoneum	False	False	0.2031	6	True Conflict	lateral plate mesoderm	normal	healthy PD patients
PXD006371	sampleice35	Bone marrow	0.134	peritoneum	False	False	0.2031	6	True Conflict	lateral plate mesoderm	normal	healthy PD patients
PXD006371	sampleice38	Bone marrow	0.1029	peritoneum	False	False	0.2031	6	True Conflict	lateral plate mesoderm	normal	healthy PD patients
PXD006371	sampleice39	Bone marrow	0.1198	peritoneum	False	False	0.2031	6	True Conflict	lateral plate mesoderm	normal	healthy PD patients
PXD006371	sampleice40	Monocytes	0.116	peritoneum	False	False	0.1951	5	True Conflict	lateral plate mesoderm	normal	healthy PD patients
PXD006401	10_FASP30k_2	Kidney	0.1956	tonsil; kidney	True	True	1.0	0	Exact Match	kidney	normal	
PXD006401	10_HE2_2	Tonsil	0.2136	tonsil; kidney	True	True	1.0	0	Exact Match	tonsil	normal	
PXD006401	11_FASP30k_3	Kidney	0.2586	tonsil; kidney	True	True	1.0	0	Exact Match	kidney	normal	
PXD006401	11_hematoxylin2_1	Tonsil	0.1792	tonsil; kidney	True	True	1.0	0	Exact Match	tonsil	normal	
PXD006401	12_FASP30k_4	Kidney	0.2042	tonsil; kidney	True	True	1.0	0	Exact Match	kidney	normal	
PXD006401	12_hematoxylin2_2	Tonsil	0.2149	tonsil; kidney	True	True	1.0	0	Exact Match	tonsil	normal	
PXD006401	13_hemalaun2_1	Tonsil	0.1829	tonsil; kidney	True	True	1.0	0	Exact Match	tonsil	normal	
PXD006401	14_hemalaun2_2	Tonsil	0.2267	tonsil; kidney	True	True	1.0	0	Exact Match	tonsil	normal	
PXD006401	15_unstained2_1	Tonsil	0.2244	tonsil; kidney	True	True	1.0	0	Exact Match	tonsil	normal	
PXD006401	16_unstained2_2	Tonsil	0.1922	tonsil; kidney	True	True	1.0	0	Exact Match	tonsil	normal	
PXD006401	1_DTR1	Kidney	0.2506	tonsil; kidney	True	True	1.0	0	Exact Match	kidney	normal	
PXD006401	1_HE1_1	Tonsil	0.1966	tonsil; kidney	True	True	1.0	0	Exact Match	tonsil	normal	
PXD006401	2_DTR2	Kidney	0.259	tonsil; kidney	True	True	1.0	0	Exact Match	kidney	normal	
PXD006401	2_HE1_2	Tonsil	0.2495	tonsil; kidney	True	True	1.0	0	Exact Match	tonsil	normal	
PXD006401	3_DTR3	Kidney	0.2671	tonsil; kidney	True	True	1.0	0	Exact Match	kidney	normal	
PXD006401	3_hematoxylin1_1	Tonsil	0.2489	tonsil; kidney	True	True	1.0	0	Exact Match	tonsil	normal	
PXD006401	4_DTR4	Kidney	0.214	tonsil; kidney	True	True	1.0	0	Exact Match	kidney	normal	
PXD006401	4_hematoxylin1_2	Tonsil	0.1913	tonsil; kidney	True	True	1.0	0	Exact Match	tonsil	normal	
PXD006401	5_FASP10k_1	Kidney	0.2081	tonsil; kidney	True	True	1.0	0	Exact Match	kidney	normal	
PXD006401	5_hemalaun1_1	Tonsil	0.239	tonsil; kidney	True	True	1.0	0	Exact Match	tonsil	normal	
PXD006401	6_FASP10k_2	Kidney	0.2326	tonsil; kidney	True	True	1.0	0	Exact Match	kidney	normal	
PXD006401	6_hemalaun1_2	Tonsil	0.2215	tonsil; kidney	True	True	1.0	0	Exact Match	tonsil	normal	
PXD006401	7_FASP10k_3	Kidney	0.1596	tonsil; kidney	True	True	1.0	0	Exact Match	kidney	normal	
PXD006401	9_HE2_1	Tonsil	0.2417	tonsil; kidney	True	True	1.0	0	Exact Match	tonsil	normal	
PXD007515	556_SP_01-rerun	Prostate	0.4164	testis	False	True	0.7307	4	Near-Agreement (Subpart / Secretome)	male reproductive system	normal	testis; semen
PXD007515	556_SP_02-rerun	Prostate	0.404	testis	False	True	0.7307	4	Near-Agreement (Subpart / Secretome)	male reproductive system	normal	testis; semen
PXD007515	556_cells_01-rerun	Prostate	0.3786	testis	False	True	0.7307	4	Near-Agreement (Subpart / Secretome)	male reproductive system	normal	testis; semen
PXD007515	556_cells_02-rerun	Prostate	0.3842	testis	False	True	0.7307	4	Near-Agreement (Subpart / Secretome)	male reproductive system	normal	testis; semen
PXD007515	556_tissue_01	Testis	0.2893	testis	True	True	1.0	0	Exact Match	testis	normal	testis; semen
PXD007515	556_tissue_02	Testis	0.1691	testis	True	True	1.0	0	Exact Match	testis	normal	testis; semen
PXD007515	Cells_556_01	Prostate	0.3697	testis	False	True	0.7307	4	Near-Agreement (Subpart / Secretome)	male reproductive system	normal	testis; semen
PXD007515	Cells_556_02	Prostate	0.3892	testis	False	True	0.7307	4	Near-Agreement (Subpart / Secretome)	male reproductive system	normal	testis; semen
PXD007515	Cells_556_03	Prostate	0.3911	testis	False	True	0.7307	4	Near-Agreement (Subpart / Secretome)	male reproductive system	normal	testis; semen
PXD007515	Cells_IgG_01	Prostate	0.1865	testis	False	True	0.7307	4	Near-Agreement (Subpart / Secretome)	male reproductive system	normal	testis; semen
PXD007515	Cells_IgG_02	Prostate	0.1955	testis	False	True	0.7307	4	Near-Agreement (Subpart / Secretome)	male reproductive system	normal	testis; semen
PXD007515	Cells_IgG_03	Prostate	0.1816	testis	False	True	0.7307	4	Near-Agreement (Subpart / Secretome)	male reproductive system	normal	testis; semen
PXD007515	DPEP_PH95_A	Bone marrow	0.1684	testis	False	True	0.0935	5	True Conflict	embryo	normal	testis; semen
PXD007515	IgG_SP_01_new-rerun	Prostate	0.428	testis	False	True	0.7307	4	Near-Agreement (Subpart / Secretome)	male reproductive system	normal	testis; semen
PXD007515	IgG_SP_02_new-rerun	Prostate	0.4154	testis	False	True	0.7307	4	Near-Agreement (Subpart / Secretome)	male reproductive system	normal	testis; semen
PXD007515	IgG_cells_01_new-rerun	Prostate	0.3749	testis	False	True	0.7307	4	Near-Agreement (Subpart / Secretome)	male reproductive system	normal	testis; semen
PXD007515	IgG_cells_02_new-rerun	Prostate	0.3782	testis	False	True	0.7307	4	Near-Agreement (Subpart / Secretome)	male reproductive system	normal	testis; semen
PXD007515	IgG_tissue_01	Testis	0.2468	testis	True	True	1.0	0	Exact Match	testis	normal	testis; semen
PXD007515	IgG_tissue_02	Testis	0.2358	testis	True	True	1.0	0	Exact Match	testis	normal	testis; semen
PXD007515	SP_556_03	Prostate	0.3688	testis	False	True	0.7307	4	Near-Agreement (Subpart / Secretome)	male reproductive system	normal	testis; semen
PXD007515	SP_IgG_01	Prostate	0.3609	testis	False	True	0.7307	4	Near-Agreement (Subpart / Secretome)	male reproductive system	normal	testis; semen
PXD007515	SP_IgG_02	Prostate	0.4191	testis	False	True	0.7307	4	Near-Agreement (Subpart / Secretome)	male reproductive system	normal	testis; semen
PXD007515	SP_IgG_03	Prostate	0.3834	testis	False	True	0.7307	4	Near-Agreement (Subpart / Secretome)	male reproductive system	normal	testis; semen
PXD007515	Sulfo_SP_01	Prostate	0.4122	testis	False	True	0.7307	4	Near-Agreement (Subpart / Secretome)	male reproductive system	normal	testis; semen
PXD007515	Sulfo_SP_02	Prostate	0.4102	testis	False	True	0.7307	4	Near-Agreement (Subpart / Secretome)	male reproductive system	normal	testis; semen
PXD007515	Sulfo_cells_01	Prostate	0.381	testis	False	True	0.7307	4	Near-Agreement (Subpart / Secretome)	male reproductive system	normal	testis; semen
PXD007515	Sulfo_cells_02	Prostate	0.3253	testis	False	True	0.7307	4	Near-Agreement (Subpart / Secretome)	male reproductive system	normal	testis; semen
PXD007515	Sulfo_tissue_01	Testis	0.2776	testis	True	True	1.0	0	Exact Match	testis	normal	testis; semen
PXD007515	Sulfo_tissue_02	Testis	0.2551	testis	True	True	1.0	0	Exact Match	testis	normal	testis; semen
PXD007515	TEX101_Expi_Band20K	Esophagus	0.1687	testis	False	True	0.0753	5	True Conflict	anatomical system	normal	testis; semen
PXD007515	TEX101_Expi_Band29K	Bone marrow	0.1462	testis	False	True	0.0935	5	True Conflict	embryo	normal	testis; semen
PXD007515	TEX101_Expi_Band35K	Monocytes	0.1372	testis	False	True	0.0888	5	True Conflict	embryo	normal	testis; semen
PXD007515	Tissue_229_01	Testis	0.2124	testis	True	True	1.0	0	Exact Match	testis	normal	testis; semen
PXD007515	Tissue_229_02	Testis	0.3236	testis	True	True	1.0	0	Exact Match	testis	normal	testis; semen
PXD007515	Tissue_229_03	Testis	0.3524	testis	True	True	1.0	0	Exact Match	testis	normal	testis; semen
PXD007515	Tissue_556_01	Testis	0.3941	testis	True	True	1.0	0	Exact Match	testis	normal	testis; semen
PXD007515	Tissue_556_02	Testis	0.3157	testis	True	True	1.0	0	Exact Match	testis	normal	testis; semen
PXD007515	Tissue_556_03	Testis	0.4285	testis	True	True	1.0	0	Exact Match	testis	normal	testis; semen
PXD007515	Tissue_IgG_01	Testis	0.2872	testis	True	True	1.0	0	Exact Match	testis	normal	testis; semen
PXD007515	Tissue_IgG_02	Testis	0.2332	testis	True	True	1.0	0	Exact Match	testis	normal	testis; semen
PXD007515	Tissue_IgG_03	Testis	0.246	testis	True	True	1.0	0	Exact Match	testis	normal	testis; semen
PXD007921	Experiment1_TMT_10plex_BRP_IMAC	Bone marrow	0.2267	blood	False	False	0.7688	2	Near-Agreement (Subpart / Secretome)	hematopoietic system	normal	healthy donors
PXD007921	Experiment1_TMT_10plex_pY	Bone marrow	0.1778	blood	False	False	0.7688	2	Near-Agreement (Subpart / Secretome)	hematopoietic system	normal	healthy donors
PXD007921	Experiment2_TMT_10plex_BRP_IMAC	Bone marrow	0.1707	blood	False	False	0.7688	2	Near-Agreement (Subpart / Secretome)	hematopoietic system	normal	healthy donors
PXD007921	Experiment2_TMT_10plex_pY	Bone marrow	0.1798	blood	False	False	0.7688	2	Near-Agreement (Subpart / Secretome)	hematopoietic system	normal	healthy donors
PXD007921	Experiment3_TMT_10plex_BRP_IMAC	Testis	0.1835	blood	False	False	0.2126	5	True Conflict	primordium	normal	healthy donors
PXD007921	Experiment3_TMT_10plex_pY	Bone marrow	0.1543	blood	False	False	0.7688	2	Near-Agreement (Subpart / Secretome)	hematopoietic system	normal	healthy donors
PXD008217	2007-10a_z225	Salivary gland	0.2796	dental plaque	False	False	0.408	3	Distant Concordance (Organ System)	mouth	normal	dental calculus
PXD008217	2007-14_Z584	Bone marrow	0.2059	dental plaque	False	False	0.1384	5	True Conflict	presumptive structure	normal	dental calculus
PXD008217	2007-18_Z578	Ovary	0.1578	dental plaque	False	False	0.0733	5	True Conflict	embryo	normal	dental calculus
PXD008217	2007-22c_z222	Bone marrow	0.1882	dental plaque	False	False	0.1384	5	True Conflict	presumptive structure	normal	dental calculus
PXD008217	2007-24-1_z221	Bone marrow	0.2059	dental plaque	False	False	0.1384	5	True Conflict	presumptive structure	normal	dental calculus
PXD008217	2007-24-2_z220	Bone marrow	0.1853	dental plaque	False	False	0.1384	5	True Conflict	presumptive structure	normal	dental calculus
PXD008217	2007-24-3_z226	Bone marrow	0.2555	dental plaque	False	False	0.1384	5	True Conflict	presumptive structure	normal	dental calculus
PXD008217	2007-25_Z579	Bone marrow	0.193	dental plaque	False	False	0.1384	5	True Conflict	presumptive structure	normal	dental calculus
PXD008217	2007-27_Z583	Bone marrow	0.1941	dental plaque	False	False	0.1384	5	True Conflict	presumptive structure	normal	dental calculus
PXD008217	20171208_10_autoQC01_Injection_Blank	Bone marrow	0.2469	dental plaque	False	False	0.1384	5	True Conflict	presumptive structure	normal	dental calculus
PXD008217	20171208_12_autoQC01	Bone marrow	0.2066	dental plaque	False	False	0.1384	5	True Conflict	presumptive structure	normal	dental calculus
PXD008217	20171208_18_autoQC01_Injection_Blank	Bone marrow	0.1744	dental plaque	False	False	0.1384	5	True Conflict	presumptive structure	normal	dental calculus
PXD009500	GEN8134A10RW3_B2	Kidney	0.0993	bone marrow	False	True	0.3601	4	Distant Concordance (Organ System)	skeletal element	normal	bone marrow aspirates
PXD009500	GEN8134A10RW4_B2	Kidney	0.0997	bone marrow	False	True	0.3601	4	Distant Concordance (Organ System)	skeletal element	normal	bone marrow aspirates
PXD009500	GEN8134A11RW3_C2	Kidney	0.0924	bone marrow	False	True	0.3601	4	Distant Concordance (Organ System)	skeletal element	normal	bone marrow aspirates
PXD009500	GEN8134A11RW4_C2	Lung	0.0851	bone marrow	False	True	0.3044	5	True Conflict	anatomical collection	normal	bone marrow aspirates
PXD009500	GEN8134A12RW3_D2	Bone marrow	0.1283	bone marrow	True	True	1.0	0	Exact Match	bone marrow	normal	bone marrow aspirates
PXD009500	GEN8134A12RW4_D2	Bone marrow	0.1528	bone marrow	True	True	1.0	0	Exact Match	bone marrow	normal	bone marrow aspirates
PXD009500	GEN8134A13RW3_E2	Kidney	0.1015	bone marrow	False	True	0.3601	4	Distant Concordance (Organ System)	skeletal element	normal	bone marrow aspirates
PXD009500	GEN8134A13RW4_E2	Kidney	0.1122	bone marrow	False	True	0.3601	4	Distant Concordance (Organ System)	skeletal element	normal	bone marrow aspirates
PXD009500	GEN8134A14RW3_F2	Kidney	0.1079	bone marrow	False	True	0.3601	4	Distant Concordance (Organ System)	skeletal element	normal	bone marrow aspirates
PXD009500	GEN8134A14RW4_F2	Kidney	0.1075	bone marrow	False	True	0.3601	4	Distant Concordance (Organ System)	skeletal element	normal	bone marrow aspirates
PXD009500	GEN8134A15RW3_G2	Kidney	0.0946	bone marrow	False	True	0.3601	4	Distant Concordance (Organ System)	skeletal element	normal	bone marrow aspirates
PXD009500	GEN8134A15RW4_G2	Kidney	0.0933	bone marrow	False	True	0.3601	4	Distant Concordance (Organ System)	skeletal element	normal	bone marrow aspirates
PXD009500	GEN8134A16RW3_H2	Lung	0.0893	bone marrow	False	True	0.3044	5	True Conflict	anatomical collection	normal	bone marrow aspirates
PXD009500	GEN8134A16RW4_H2	Kidney	0.0989	bone marrow	False	True	0.3601	4	Distant Concordance (Organ System)	skeletal element	normal	bone marrow aspirates
PXD009500	GEN8134A17RW3_A3	Kidney	0.0879	bone marrow	False	True	0.3601	4	Distant Concordance (Organ System)	skeletal element	normal	bone marrow aspirates
PXD009500	GEN8134A17RW4_A3	Bone marrow	0.0919	bone marrow	True	True	1.0	0	Exact Match	bone marrow	normal	bone marrow aspirates
PXD009500	GEN8134A18RW3_B3	Bone marrow	0.1404	bone marrow	True	True	1.0	0	Exact Match	bone marrow	normal	bone marrow aspirates
PXD009500	GEN8134A18RW4_B3	Bone marrow	0.1698	bone marrow	True	True	1.0	0	Exact Match	bone marrow	normal	bone marrow aspirates
PXD009500	GEN8134A1RW3_A1	Kidney	0.1101	bone marrow	False	True	0.3601	4	Distant Concordance (Organ System)	skeletal element	normal	bone marrow aspirates
PXD009500	GEN8134A1RW4_A1	Kidney	0.1078	bone marrow	False	True	0.3601	4	Distant Concordance (Organ System)	skeletal element	normal	bone marrow aspirates
PXD009500	GEN8134A2RW3_B1	Kidney	0.114	bone marrow	False	True	0.3601	4	Distant Concordance (Organ System)	skeletal element	normal	bone marrow aspirates
PXD009500	GEN8134A2RW4_B1	Kidney	0.1226	bone marrow	False	True	0.3601	4	Distant Concordance (Organ System)	skeletal element	normal	bone marrow aspirates
PXD009500	GEN8134A3RW3_C1	Kidney	0.1062	bone marrow	False	True	0.3601	4	Distant Concordance (Organ System)	skeletal element	normal	bone marrow aspirates
PXD009500	GEN8134A3RW4_C1	Kidney	0.1005	bone marrow	False	True	0.3601	4	Distant Concordance (Organ System)	skeletal element	normal	bone marrow aspirates
PXD009500	GEN8134A4RW3_D1	Kidney	0.0893	bone marrow	False	True	0.3601	4	Distant Concordance (Organ System)	skeletal element	normal	bone marrow aspirates
PXD009500	GEN8134A4RW4_D1	Kidney	0.0844	bone marrow	False	True	0.3601	4	Distant Concordance (Organ System)	skeletal element	normal	bone marrow aspirates
PXD009500	GEN8134A5RW3_E1	Kidney	0.0924	bone marrow	False	True	0.3601	4	Distant Concordance (Organ System)	skeletal element	normal	bone marrow aspirates
PXD009500	GEN8134A5RW4_E1	Endometrium	0.0826	bone marrow	False	True	0.1516	4	Distant Concordance (Organ System)	connective tissue	normal	bone marrow aspirates
PXD009500	GEN8134A6RW3_F1	Bone marrow	0.2142	bone marrow	True	True	1.0	0	Exact Match	bone marrow	normal	bone marrow aspirates
PXD009500	GEN8134A6RW4_F1	Bone marrow	0.2045	bone marrow	True	True	1.0	0	Exact Match	bone marrow	normal	bone marrow aspirates
PXD009500	GEN8134A7RW3_G1	Kidney	0.1175	bone marrow	False	True	0.3601	4	Distant Concordance (Organ System)	skeletal element	normal	bone marrow aspirates
PXD009500	GEN8134A7RW4_G1	Kidney	0.107	bone marrow	False	True	0.3601	4	Distant Concordance (Organ System)	skeletal element	normal	bone marrow aspirates
PXD009500	GEN8134A8RW3_H1	Kidney	0.1019	bone marrow	False	True	0.3601	4	Distant Concordance (Organ System)	skeletal element	normal	bone marrow aspirates
PXD009500	GEN8134A8RW4_H1	Kidney	0.1068	bone marrow	False	True	0.3601	4	Distant Concordance (Organ System)	skeletal element	normal	bone marrow aspirates
PXD009500	GEN8134A9RW3_A2	Bone marrow	0.1143	bone marrow	True	True	1.0	0	Exact Match	bone marrow	normal	bone marrow aspirates
PXD009500	GEN8134A9RW4_A2	Kidney	0.0947	bone marrow	False	True	0.3601	4	Distant Concordance (Organ System)	skeletal element	normal	bone marrow aspirates
PXD009565	011613-Oetzi1051L-TFE-OGE-03	Bone marrow	0.1749	stomach	False	True	0.1006	5	True Conflict	anatomical system	normal	stomach content samples
PXD009565	011613-Oetzi1051L-TFE-OGE-04	Bone marrow	0.207	stomach	False	True	0.1006	5	True Conflict	anatomical system	normal	stomach content samples
PXD009565	011613-Oetzi1051L-TFE-OGE-06	Bone marrow	0.2003	stomach	False	True	0.1006	5	True Conflict	anatomical system	normal	stomach content samples
PXD009565	011613-Oetzi1051L-TFE-OGE-09	Bone marrow	0.1956	stomach	False	True	0.1006	5	True Conflict	anatomical system	normal	stomach content samples
PXD009565	011613-Oetzi1051L-TFE-OGE-10	Bone marrow	0.198	stomach	False	True	0.1006	5	True Conflict	anatomical system	normal	stomach content samples
PXD009565	011613-Oetzi1051L-TFE-OGE-12	Bone marrow	0.1687	stomach	False	True	0.1006	5	True Conflict	anatomical system	normal	stomach content samples
PXD009565	011613-Oetzi1051L-TFE-OGE-13	Bone marrow	0.1876	stomach	False	True	0.1006	5	True Conflict	anatomical system	normal	stomach content samples
PXD009565	011613-Oetzi1051L-TFE-OGE-22	Bone marrow	0.1603	stomach	False	True	0.1006	5	True Conflict	anatomical system	normal	stomach content samples
PXD009565	011613-Oetzi1051L-TFE-OGE-23	Bone marrow	0.1571	stomach	False	True	0.1006	5	True Conflict	anatomical system	normal	stomach content samples
PXD009565	011613-Oetzi1051L-TFE-OGE-24	Bone marrow	0.1273	stomach	False	True	0.1006	5	True Conflict	anatomical system	normal	stomach content samples
PXD009565	012313-Oetzi1051M-TFE-OGE-08	Bone marrow	0.2003	stomach	False	True	0.1006	5	True Conflict	anatomical system	normal	stomach content samples
PXD009565	012313-Oetzi1051M-TFE-OGE-11	Bone marrow	0.2003	stomach	False	True	0.1006	5	True Conflict	anatomical system	normal	stomach content samples
PXD009565	012313-Oetzi1051M-TFE-OGE-13	Bone marrow	0.1846	stomach	False	True	0.1006	5	True Conflict	anatomical system	normal	stomach content samples
PXD009565	012313-Oetzi1051M-TFE-OGE-14	Bone marrow	0.1846	stomach	False	True	0.1006	5	True Conflict	anatomical system	normal	stomach content samples
PXD009565	012313-Oetzi1051M-TFE-OGE-21_130128175204	Bone marrow	0.2022	stomach	False	True	0.1006	5	True Conflict	anatomical system	normal	stomach content samples
PXD009565	012313-Oetzi1051M-TFE-OGE-23	Bone marrow	0.1684	stomach	False	True	0.1006	5	True Conflict	anatomical system	normal	stomach content samples
PXD009565	012313-Oetzi1051M-TFE-OGE-23_130128234252	Bone marrow	0.1893	stomach	False	True	0.1006	5	True Conflict	anatomical system	normal	stomach content samples
PXD009565	013113-Oetzi1054L-TFE-OGE-08	Bone marrow	0.2003	stomach	False	True	0.1006	5	True Conflict	anatomical system	normal	stomach content samples
PXD009565	013113-Oetzi1054L-TFE-OGE-09	Bone marrow	0.2006	stomach	False	True	0.1006	5	True Conflict	anatomical system	normal	stomach content samples
PXD009565	013113-Oetzi1054L-TFE-OGE-10	Bone marrow	0.2056	stomach	False	True	0.1006	5	True Conflict	anatomical system	normal	stomach content samples
PXD009565	013113-Oetzi1054L-TFE-OGE-11	Bone marrow	0.1949	stomach	False	True	0.1006	5	True Conflict	anatomical system	normal	stomach content samples
PXD009565	013113-Oetzi1054L-TFE-OGE-12	Bone marrow	0.1616	stomach	False	True	0.1006	5	True Conflict	anatomical system	normal	stomach content samples
PXD009565	013113-Oetzi1054L-TFE-OGE-13	Bone marrow	0.1807	stomach	False	True	0.1006	5	True Conflict	anatomical system	normal	stomach content samples
PXD009565	013113-Oetzi1054L-TFE-OGE-14	Bone marrow	0.205	stomach	False	True	0.1006	5	True Conflict	anatomical system	normal	stomach content samples
PXD009565	013113-Oetzi1054L-TFE-OGE-22	Bone marrow	0.1853	stomach	False	True	0.1006	5	True Conflict	anatomical system	normal	stomach content samples
PXD009565	013113-Oetzi1054L-TFE-OGE-23	Bone marrow	0.1848	stomach	False	True	0.1006	5	True Conflict	anatomical system	normal	stomach content samples
PXD009565	013113-Oetzi1054L-TFE-OGE-24	Bone marrow	0.2068	stomach	False	True	0.1006	5	True Conflict	anatomical system	normal	stomach content samples
PXD009565	020213-Oetzi1054M-TFE-OGE-10	Bone marrow	0.1369	stomach	False	True	0.1006	5	True Conflict	anatomical system	normal	stomach content samples
PXD009565	020213-Oetzi1054M-TFE-OGE-13	Bone marrow	0.1793	stomach	False	True	0.1006	5	True Conflict	anatomical system	normal	stomach content samples
PXD009565	020213-Oetzi1054M-TFE-OGE-22	Bone marrow	0.1926	stomach	False	True	0.1006	5	True Conflict	anatomical system	normal	stomach content samples
PXD009565	020213-Oetzi1054M-TFE-OGE-23	Bone marrow	0.1786	stomach	False	True	0.1006	5	True Conflict	anatomical system	normal	stomach content samples
PXD009565	020213-Oetzi1054M-TFE-OGE-24	Bone marrow	0.2108	stomach	False	True	0.1006	5	True Conflict	anatomical system	normal	stomach content samples
PXD009565	050312_Otzi_1051lipid1_1AB	Bone marrow	0.133	stomach	False	True	0.1006	5	True Conflict	anatomical system	normal	stomach content samples
PXD009565	050312_Otzi_1051lipid1_1CD	Bone marrow	0.1804	stomach	False	True	0.1006	5	True Conflict	anatomical system	normal	stomach content samples
PXD009565	050312_Otzi_1051lipid1_1EF	Bone marrow	0.1674	stomach	False	True	0.1006	5	True Conflict	anatomical system	normal	stomach content samples
PXD009565	050312_Otzi_1051lipid1_1GH	Ovary	0.1103	stomach	False	True	0.0916	5	True Conflict	anatomical system	normal	stomach content samples
PXD009565	050312_Otzi_1051lipid1_2AB	Bone marrow	0.1698	stomach	False	True	0.1006	5	True Conflict	anatomical system	normal	stomach content samples
PXD009565	050312_Otzi_1051lipid1_2CD	Bone marrow	0.1753	stomach	False	True	0.1006	5	True Conflict	anatomical system	normal	stomach content samples
PXD009565	050312_Otzi_1051lipid1_2GH	Bone marrow	0.1527	stomach	False	True	0.1006	5	True Conflict	anatomical system	normal	stomach content samples
PXD009565	050312_Otzi_1051lipid1_3EF	Bone marrow	0.1877	stomach	False	True	0.1006	5	True Conflict	anatomical system	normal	stomach content samples
PXD009565	050312_Otzi_1051lipid1_3GH	Bone marrow	0.1701	stomach	False	True	0.1006	5	True Conflict	anatomical system	normal	stomach content samples
PXD009565	050312_Otzi_1051lipid1_4AB	Bone marrow	0.1737	stomach	False	True	0.1006	5	True Conflict	anatomical system	normal	stomach content samples
PXD009565	050312_Otzi_1051lipid1_4EF	Bone marrow	0.1601	stomach	False	True	0.1006	5	True Conflict	anatomical system	normal	stomach content samples
PXD009565	050312_Otzi_1051lipid1_5AB	Bone marrow	0.1758	stomach	False	True	0.1006	5	True Conflict	anatomical system	normal	stomach content samples
PXD009565	050312_Otzi_1051lipid1_5CD	Bone marrow	0.1709	stomach	False	True	0.1006	5	True Conflict	anatomical system	normal	stomach content samples
PXD009565	050312_Otzi_1051lipid2_5EF	Bone marrow	0.1696	stomach	False	True	0.1006	5	True Conflict	anatomical system	normal	stomach content samples
PXD009565	050312_Otzi_1051lipid2_5GH	Bone marrow	0.1708	stomach	False	True	0.1006	5	True Conflict	anatomical system	normal	stomach content samples
PXD009565	050312_Otzi_1051lipid2_6AB	Bone marrow	0.1958	stomach	False	True	0.1006	5	True Conflict	anatomical system	normal	stomach content samples
PXD009565	050312_Otzi_1051lipid2_6CD	Bone marrow	0.1792	stomach	False	True	0.1006	5	True Conflict	anatomical system	normal	stomach content samples
PXD009565	050312_Otzi_1051lipid2_6EF	Bone marrow	0.181	stomach	False	True	0.1006	5	True Conflict	anatomical system	normal	stomach content samples
PXD009565	050312_Otzi_1051lipid2_7AB	Bone marrow	0.1701	stomach	False	True	0.1006	5	True Conflict	anatomical system	normal	stomach content samples
PXD009565	050312_Otzi_1051lipid2_7GH	Bone marrow	0.1756	stomach	False	True	0.1006	5	True Conflict	anatomical system	normal	stomach content samples
PXD009565	050312_Otzi_1051lipid2_8AB	Bone marrow	0.1857	stomach	False	True	0.1006	5	True Conflict	anatomical system	normal	stomach content samples
PXD009565	050312_Otzi_1051lipid2_8CD	Bone marrow	0.1826	stomach	False	True	0.1006	5	True Conflict	anatomical system	normal	stomach content samples
PXD009565	050312_Otzi_1051lipid2_8EF	Bone marrow	0.1816	stomach	False	True	0.1006	5	True Conflict	anatomical system	normal	stomach content samples
PXD009565	050312_Otzi_1051lipid2_9AB	Bone marrow	0.1857	stomach	False	True	0.1006	5	True Conflict	anatomical system	normal	stomach content samples
PXD009565	050312_Otzi_1054lipid1_1AB	Bone marrow	0.1596	stomach	False	True	0.1006	5	True Conflict	anatomical system	normal	stomach content samples
PXD009565	050312_Otzi_1054lipid1_1EF	Bone marrow	0.1698	stomach	False	True	0.1006	5	True Conflict	anatomical system	normal	stomach content samples
PXD009565	050312_Otzi_1054lipid1_1GH	Bone marrow	0.1751	stomach	False	True	0.1006	5	True Conflict	anatomical system	normal	stomach content samples
PXD009565	050312_Otzi_1054lipid1_2CD	Bone marrow	0.1811	stomach	False	True	0.1006	5	True Conflict	anatomical system	normal	stomach content samples
PXD009565	050312_Otzi_1054lipid1_2EF	Bone marrow	0.1751	stomach	False	True	0.1006	5	True Conflict	anatomical system	normal	stomach content samples
PXD009565	050312_Otzi_1054lipid1_2GH	Bone marrow	0.165	stomach	False	True	0.1006	5	True Conflict	anatomical system	normal	stomach content samples
PXD009565	050312_Otzi_1054lipid1_3AB	Bone marrow	0.171	stomach	False	True	0.1006	5	True Conflict	anatomical system	normal	stomach content samples
PXD009565	050312_Otzi_1054lipid1_3CD	Bone marrow	0.1816	stomach	False	True	0.1006	5	True Conflict	anatomical system	normal	stomach content samples
PXD009565	050312_Otzi_1054lipid1_3GH	Bone marrow	0.1888	stomach	False	True	0.1006	5	True Conflict	anatomical system	normal	stomach content samples
PXD009565	050312_Otzi_1054lipid1_4AB	Bone marrow	0.1233	stomach	False	True	0.1006	5	True Conflict	anatomical system	normal	stomach content samples
PXD009565	050312_Otzi_1054lipid1_4CD	Bone marrow	0.1595	stomach	False	True	0.1006	5	True Conflict	anatomical system	normal	stomach content samples
PXD009565	050312_Otzi_1054lipid1_4EF	Bone marrow	0.1648	stomach	False	True	0.1006	5	True Conflict	anatomical system	normal	stomach content samples
PXD009565	050312_Otzi_1054lipid1_5AB	Bone marrow	0.171	stomach	False	True	0.1006	5	True Conflict	anatomical system	normal	stomach content samples
PXD009565	050312_Otzi_1054lipid2_5EF	Bone marrow	0.1697	stomach	False	True	0.1006	5	True Conflict	anatomical system	normal	stomach content samples
PXD009565	050312_Otzi_1054lipid2_5GH	Bone marrow	0.1748	stomach	False	True	0.1006	5	True Conflict	anatomical system	normal	stomach content samples
PXD009565	050312_Otzi_1054lipid2_6AB	Bone marrow	0.1763	stomach	False	True	0.1006	5	True Conflict	anatomical system	normal	stomach content samples
PXD009565	050312_Otzi_1054lipid2_6CD	Bone marrow	0.1748	stomach	False	True	0.1006	5	True Conflict	anatomical system	normal	stomach content samples
PXD009565	050312_Otzi_1054lipid2_6GH	Bone marrow	0.2067	stomach	False	True	0.1006	5	True Conflict	anatomical system	normal	stomach content samples
PXD009565	050312_Otzi_1054lipid2_7AB	Bone marrow	0.1763	stomach	False	True	0.1006	5	True Conflict	anatomical system	normal	stomach content samples
PXD009565	050312_Otzi_1054lipid2_7CD	Bone marrow	0.1707	stomach	False	True	0.1006	5	True Conflict	anatomical system	normal	stomach content samples
PXD009565	050312_Otzi_1054lipid2_7GH	Bone marrow	0.154	stomach	False	True	0.1006	5	True Conflict	anatomical system	normal	stomach content samples
PXD009565	050312_Otzi_1054lipid2_8AB	Bone marrow	0.1764	stomach	False	True	0.1006	5	True Conflict	anatomical system	normal	stomach content samples
PXD009565	050312_Otzi_1054lipid2_9AB	Bone marrow	0.166	stomach	False	True	0.1006	5	True Conflict	anatomical system	normal	stomach content samples
PXD009565	050312_Otzi_1054lipid2_9EF	Bone marrow	0.1559	stomach	False	True	0.1006	5	True Conflict	anatomical system	normal	stomach content samples
PXD009565	050312_Otzi_1054lipid2_9GH	Bone marrow	0.1398	stomach	False	True	0.1006	5	True Conflict	anatomical system	normal	stomach content samples
PXD009565	060312_Otzi_1051mix1_1AB	Bone marrow	0.1875	stomach	False	True	0.1006	5	True Conflict	anatomical system	normal	stomach content samples
PXD009565	060312_Otzi_1051mix1_3CD	Bone marrow	0.1779	stomach	False	True	0.1006	5	True Conflict	anatomical system	normal	stomach content samples
PXD009565	060312_Otzi_1051mix2_5EF	Bone marrow	0.2023	stomach	False	True	0.1006	5	True Conflict	anatomical system	normal	stomach content samples
PXD009565	060312_Otzi_1054mix1_1AB	Bone marrow	0.162	stomach	False	True	0.1006	5	True Conflict	anatomical system	normal	stomach content samples
PXD009565	060312_Otzi_1054mix1_1CD	Bone marrow	0.1595	stomach	False	True	0.1006	5	True Conflict	anatomical system	normal	stomach content samples
PXD009565	060312_Otzi_1054mix1_1EF	Bone marrow	0.1634	stomach	False	True	0.1006	5	True Conflict	anatomical system	normal	stomach content samples
PXD009565	060312_Otzi_1054mix1_2CD	Bone marrow	0.1698	stomach	False	True	0.1006	5	True Conflict	anatomical system	normal	stomach content samples
PXD009565	060312_Otzi_1054mix1_2GH	Bone marrow	0.1758	stomach	False	True	0.1006	5	True Conflict	anatomical system	normal	stomach content samples
PXD009565	060312_Otzi_1054mix1_3AB	Bone marrow	0.1708	stomach	False	True	0.1006	5	True Conflict	anatomical system	normal	stomach content samples
PXD009565	060312_Otzi_1054mix1_3CD_2	Bone marrow	0.1816	stomach	False	True	0.1006	5	True Conflict	anatomical system	normal	stomach content samples
PXD009565	060312_Otzi_1054mix1_3EF	Bone marrow	0.1645	stomach	False	True	0.1006	5	True Conflict	anatomical system	normal	stomach content samples
PXD009565	060312_Otzi_1054mix1_3GH	Bone marrow	0.1582	stomach	False	True	0.1006	5	True Conflict	anatomical system	normal	stomach content samples
PXD009565	060312_Otzi_1054mix1_4CD	Bone marrow	0.1654	stomach	False	True	0.1006	5	True Conflict	anatomical system	normal	stomach content samples
PXD009565	060312_Otzi_1054mix1_4EF	Bone marrow	0.1589	stomach	False	True	0.1006	5	True Conflict	anatomical system	normal	stomach content samples
PXD009565	060312_Otzi_1054mix1_5AB	Bone marrow	0.171	stomach	False	True	0.1006	5	True Conflict	anatomical system	normal	stomach content samples
PXD009565	060312_Otzi_1054mix1_5CD	Bone marrow	0.1645	stomach	False	True	0.1006	5	True Conflict	anatomical system	normal	stomach content samples
PXD009565	060312_Otzi_1054mix2_5EF	Bone marrow	0.1645	stomach	False	True	0.1006	5	True Conflict	anatomical system	normal	stomach content samples
PXD009565	060312_Otzi_1054mix2_5GH	Bone marrow	0.1413	stomach	False	True	0.1006	5	True Conflict	anatomical system	normal	stomach content samples
PXD009565	060312_Otzi_1054mix2_6AB	Bone marrow	0.1618	stomach	False	True	0.1006	5	True Conflict	anatomical system	normal	stomach content samples
PXD009565	060312_Otzi_1054mix2_6CD	Bone marrow	0.1653	stomach	False	True	0.1006	5	True Conflict	anatomical system	normal	stomach content samples
PXD009565	060312_Otzi_1054mix2_6EF	Bone marrow	0.171	stomach	False	True	0.1006	5	True Conflict	anatomical system	normal	stomach content samples
PXD009565	060312_Otzi_1054mix2_6GH	Bone marrow	0.1763	stomach	False	True	0.1006	5	True Conflict	anatomical system	normal	stomach content samples
PXD009565	060312_Otzi_1054mix2_7AB	Bone marrow	0.157	stomach	False	True	0.1006	5	True Conflict	anatomical system	normal	stomach content samples
PXD009565	060312_Otzi_1054mix2_7CD	Bone marrow	0.1701	stomach	False	True	0.1006	5	True Conflict	anatomical system	normal	stomach content samples
PXD009565	060312_Otzi_1054mix2_7EF	Bone marrow	0.1763	stomach	False	True	0.1006	5	True Conflict	anatomical system	normal	stomach content samples
PXD009565	060312_Otzi_1054mix2_7GH	Bone marrow	0.17	stomach	False	True	0.1006	5	True Conflict	anatomical system	normal	stomach content samples
PXD009565	060312_Otzi_1054mix2_8CD	Bone marrow	0.176	stomach	False	True	0.1006	5	True Conflict	anatomical system	normal	stomach content samples
PXD009565	060312_Otzi_1054mix2_8EF	Bone marrow	0.1762	stomach	False	True	0.1006	5	True Conflict	anatomical system	normal	stomach content samples
PXD009565	060312_Otzi_1054mix2_9AB	Bone marrow	0.171	stomach	False	True	0.1006	5	True Conflict	anatomical system	normal	stomach content samples
PXD009565	060312_Otzi_1054mix2_9CD	Bone marrow	0.1699	stomach	False	True	0.1006	5	True Conflict	anatomical system	normal	stomach content samples
PXD009565	060312_Otzi_1054mix2_9EF	Bone marrow	0.1696	stomach	False	True	0.1006	5	True Conflict	anatomical system	normal	stomach content samples
PXD009565	060312_Otzi_blankA_1AB	Bone marrow	0.1457	stomach	False	True	0.1006	5	True Conflict	anatomical system	normal	stomach content samples
PXD009565	060312_Otzi_blankA_1CD	Ovary	0.1666	stomach	False	True	0.0916	5	True Conflict	anatomical system	normal	stomach content samples
PXD009565	060312_Otzi_blankA_1EF	Bone marrow	0.1646	stomach	False	True	0.1006	5	True Conflict	anatomical system	normal	stomach content samples
PXD009565	060312_Otzi_blankA_2AB	Bone marrow	0.171	stomach	False	True	0.1006	5	True Conflict	anatomical system	normal	stomach content samples
PXD009565	060312_Otzi_blankA_2EF	Bone marrow	0.171	stomach	False	True	0.1006	5	True Conflict	anatomical system	normal	stomach content samples
PXD009565	060312_Otzi_blankA_2GH	Bone marrow	0.1652	stomach	False	True	0.1006	5	True Conflict	anatomical system	normal	stomach content samples
PXD009565	060312_Otzi_blankA_3CD	Bone marrow	0.1657	stomach	False	True	0.1006	5	True Conflict	anatomical system	normal	stomach content samples
PXD009565	060312_Otzi_blankA_3EF	Bone marrow	0.171	stomach	False	True	0.1006	5	True Conflict	anatomical system	normal	stomach content samples
PXD009565	060312_Otzi_blankA_4CD	Bone marrow	0.1646	stomach	False	True	0.1006	5	True Conflict	anatomical system	normal	stomach content samples
PXD009565	060312_Otzi_blankA_4EF	Bone marrow	0.171	stomach	False	True	0.1006	5	True Conflict	anatomical system	normal	stomach content samples
PXD009565	060312_Otzi_blankB_5EF	Bone marrow	0.1708	stomach	False	True	0.1006	5	True Conflict	anatomical system	normal	stomach content samples
PXD009565	060312_Otzi_blankB_5GH	Bone marrow	0.171	stomach	False	True	0.1006	5	True Conflict	anatomical system	normal	stomach content samples
PXD009565	060312_Otzi_blankB_6CD	Bone marrow	0.1657	stomach	False	True	0.1006	5	True Conflict	anatomical system	normal	stomach content samples
PXD009565	060312_Otzi_blankB_6GH	Bone marrow	0.171	stomach	False	True	0.1006	5	True Conflict	anatomical system	normal	stomach content samples
PXD009565	060312_Otzi_blankB_7AB	Bone marrow	0.171	stomach	False	True	0.1006	5	True Conflict	anatomical system	normal	stomach content samples
PXD009565	060312_Otzi_blankB_7CD	Bone marrow	0.1642	stomach	False	True	0.1006	5	True Conflict	anatomical system	normal	stomach content samples
PXD009565	060312_Otzi_blankB_7GH	Bone marrow	0.171	stomach	False	True	0.1006	5	True Conflict	anatomical system	normal	stomach content samples
PXD009565	060312_Otzi_blankB_8AB	Bone marrow	0.171	stomach	False	True	0.1006	5	True Conflict	anatomical system	normal	stomach content samples
PXD009565	060312_Otzi_blankB_8EF	Bone marrow	0.171	stomach	False	True	0.1006	5	True Conflict	anatomical system	normal	stomach content samples
PXD009565	060312_Otzi_blankB_9AB	Bone marrow	0.1731	stomach	False	True	0.1006	5	True Conflict	anatomical system	normal	stomach content samples
PXD009565	121412-OetziRG-1051L-01	Bone marrow	0.1631	stomach	False	True	0.1006	5	True Conflict	anatomical system	normal	stomach content samples
PXD009565	121412-OetziRG-1051L-02	Bone marrow	0.1912	stomach	False	True	0.1006	5	True Conflict	anatomical system	normal	stomach content samples
PXD009565	121412-OetziRG-1051M-01	Bone marrow	0.1776	stomach	False	True	0.1006	5	True Conflict	anatomical system	normal	stomach content samples
PXD009565	121412-OetziRG-1051M-02	Bone marrow	0.1922	stomach	False	True	0.1006	5	True Conflict	anatomical system	normal	stomach content samples
PXD009565	121412-OetziRG-1054L-01	Bone marrow	0.1764	stomach	False	True	0.1006	5	True Conflict	anatomical system	normal	stomach content samples
PXD009565	121412-OetziRG-1054L-02	Bone marrow	0.1714	stomach	False	True	0.1006	5	True Conflict	anatomical system	normal	stomach content samples
PXD009565	121412-OetziRG-1054M-01	Bone marrow	0.151	stomach	False	True	0.1006	5	True Conflict	anatomical system	normal	stomach content samples
PXD009565	121412-OetziRG-1054M-02	Bone marrow	0.2001	stomach	False	True	0.1006	5	True Conflict	anatomical system	normal	stomach content samples
PXD009565	121412-OetziRG-Blank-01	Bone marrow	0.1884	stomach	False	True	0.1006	5	True Conflict	anatomical system	normal	stomach content samples
PXD009565	121412-OetziRG-Blank-02	Bone marrow	0.1263	stomach	False	True	0.1006	5	True Conflict	anatomical system	normal	stomach content samples
PXD009565	121412-OetziSDS-1051L-01	Bone marrow	0.1605	stomach	False	True	0.1006	5	True Conflict	anatomical system	normal	stomach content samples
PXD009565	121412-OetziSDS-1051L-02	Bone marrow	0.1816	stomach	False	True	0.1006	5	True Conflict	anatomical system	normal	stomach content samples
PXD009565	121412-OetziSDS-1051M-01	Bone marrow	0.1773	stomach	False	True	0.1006	5	True Conflict	anatomical system	normal	stomach content samples
PXD009565	121412-OetziSDS-1051M-02	Bone marrow	0.1833	stomach	False	True	0.1006	5	True Conflict	anatomical system	normal	stomach content samples
PXD009565	121412-OetziSDS-1054L-01	Bone marrow	0.1825	stomach	False	True	0.1006	5	True Conflict	anatomical system	normal	stomach content samples
PXD009565	121412-OetziSDS-1054L-02	Bone marrow	0.1498	stomach	False	True	0.1006	5	True Conflict	anatomical system	normal	stomach content samples
PXD009565	121412-OetziSDS-1054M-01	Bone marrow	0.1407	stomach	False	True	0.1006	5	True Conflict	anatomical system	normal	stomach content samples
PXD009565	121412-OetziSDS-1054M-02	Bone marrow	0.1767	stomach	False	True	0.1006	5	True Conflict	anatomical system	normal	stomach content samples
PXD009565	121412-OetziSDS-Blank-01	Bone marrow	0.1343	stomach	False	True	0.1006	5	True Conflict	anatomical system	normal	stomach content samples
PXD009565	121412-OetziTFE-1051L-01	Bone marrow	0.1361	stomach	False	True	0.1006	5	True Conflict	anatomical system	normal	stomach content samples
PXD009565	121412-OetziTFE-1051L-02	Bone marrow	0.2084	stomach	False	True	0.1006	5	True Conflict	anatomical system	normal	stomach content samples
PXD009565	121412-OetziTFE-1051M-01	Bone marrow	0.1822	stomach	False	True	0.1006	5	True Conflict	anatomical system	normal	stomach content samples
PXD009565	121412-OetziTFE-1051M-02	Bone marrow	0.1988	stomach	False	True	0.1006	5	True Conflict	anatomical system	normal	stomach content samples
PXD009565	121412-OetziTFE-1054L-01	Bone marrow	0.1488	stomach	False	True	0.1006	5	True Conflict	anatomical system	normal	stomach content samples
PXD009565	121412-OetziTFE-1054M-01	Bone marrow	0.1715	stomach	False	True	0.1006	5	True Conflict	anatomical system	normal	stomach content samples
PXD009565	121412-OetziTFE-Blank-01	Bone marrow	0.1577	stomach	False	True	0.1006	5	True Conflict	anatomical system	normal	stomach content samples
PXD009565	121412-OetziTFE-Blank-02	Bone marrow	0.1522	stomach	False	True	0.1006	5	True Conflict	anatomical system	normal	stomach content samples
PXD009596	Npap134-1	Bone marrow	0.1435	cervix	False	False	0.1832	4	Distant Concordance (Organ System)	disconnected anatomical group	normal	cell-free Pap test fixative
PXD009596	Npap134-10	Esophagus	0.1282	cervix	False	False	0.235	5	True Conflict	digestive tract	normal	cell-free Pap test fixative
PXD009596	Npap134-11	Bone marrow	0.1099	cervix	False	False	0.1832	4	Distant Concordance (Organ System)	disconnected anatomical group	normal	cell-free Pap test fixative
PXD009596	Npap134-12	Bone marrow	0.2059	cervix	False	False	0.1832	4	Distant Concordance (Organ System)	disconnected anatomical group	normal	cell-free Pap test fixative
PXD009596	Npap134-13	Bone marrow	0.2169	cervix	False	False	0.1832	4	Distant Concordance (Organ System)	disconnected anatomical group	normal	cell-free Pap test fixative
PXD009596	Npap134-14	Bone marrow	0.1692	cervix	False	False	0.1832	4	Distant Concordance (Organ System)	disconnected anatomical group	normal	cell-free Pap test fixative
PXD009596	Npap134-2	Bone marrow	0.1568	cervix	False	False	0.1832	4	Distant Concordance (Organ System)	disconnected anatomical group	normal	cell-free Pap test fixative
PXD009596	Npap134-3	Bone marrow	0.1404	cervix	False	False	0.1832	4	Distant Concordance (Organ System)	disconnected anatomical group	normal	cell-free Pap test fixative
PXD009596	Npap134-4	Bone marrow	0.1104	cervix	False	False	0.1832	4	Distant Concordance (Organ System)	disconnected anatomical group	normal	cell-free Pap test fixative
PXD009596	Npap134-5	Ovary	0.1258	cervix	False	False	0.771	3	Near-Agreement (Subpart / Secretome)	female reproductive organ	normal	cell-free Pap test fixative
PXD009596	Npap134-6	Stomach	0.154	cervix	False	False	0.2602	4	Distant Concordance (Organ System)	digestive tract	normal	cell-free Pap test fixative
PXD009596	Npap134-7	Esophagus	0.1279	cervix	False	False	0.235	5	True Conflict	digestive tract	normal	cell-free Pap test fixative
PXD009596	Npap134-8	Stomach	0.1329	cervix	False	False	0.2602	4	Distant Concordance (Organ System)	digestive tract	normal	cell-free Pap test fixative
PXD009596	Npap134-9	Stomach	0.1339	cervix	False	False	0.2602	4	Distant Concordance (Organ System)	digestive tract	normal	cell-free Pap test fixative
PXD009596	Npap137-1	Esophagus	0.1644	cervix	False	False	0.235	5	True Conflict	digestive tract	normal	cell-free Pap test fixative
PXD009596	Npap137-10	Bone marrow	0.1212	cervix	False	False	0.1832	4	Distant Concordance (Organ System)	disconnected anatomical group	normal	cell-free Pap test fixative
PXD009596	Npap137-11	Esophagus	0.1652	cervix	False	False	0.235	5	True Conflict	digestive tract	normal	cell-free Pap test fixative
PXD009596	Npap137-12	Esophagus	0.1113	cervix	False	False	0.235	5	True Conflict	digestive tract	normal	cell-free Pap test fixative
PXD009596	Npap137-13	Esophagus	0.1117	cervix	False	False	0.235	5	True Conflict	digestive tract	normal	cell-free Pap test fixative
PXD009596	Npap137-14	Monocytes	0.1258	cervix	False	False	0.1742	5	True Conflict	disconnected anatomical group	normal	cell-free Pap test fixative
PXD009596	Npap137-15	Bone marrow	0.1401	cervix	False	False	0.1832	4	Distant Concordance (Organ System)	disconnected anatomical group	normal	cell-free Pap test fixative
PXD009596	Npap137-2	Esophagus	0.2194	cervix	False	False	0.235	5	True Conflict	digestive tract	normal	cell-free Pap test fixative
PXD009596	Npap137-3	Esophagus	0.1176	cervix	False	False	0.235	5	True Conflict	digestive tract	normal	cell-free Pap test fixative
PXD009596	Npap137-4	Stomach	0.1238	cervix	False	False	0.2602	4	Distant Concordance (Organ System)	digestive tract	normal	cell-free Pap test fixative
PXD009596	Npap137-5	Esophagus	0.1616	cervix	False	False	0.235	5	True Conflict	digestive tract	normal	cell-free Pap test fixative
PXD009596	Npap137-6	Esophagus	0.1397	cervix	False	False	0.235	5	True Conflict	digestive tract	normal	cell-free Pap test fixative
PXD009596	Npap137-7	Esophagus	0.2049	cervix	False	False	0.235	5	True Conflict	digestive tract	normal	cell-free Pap test fixative
PXD009596	Npap137-8	Monocytes	0.146	cervix	False	False	0.1742	5	True Conflict	disconnected anatomical group	normal	cell-free Pap test fixative
PXD009596	Npap137-9	Esophagus	0.2034	cervix	False	False	0.235	5	True Conflict	digestive tract	normal	cell-free Pap test fixative
PXD009596	Npap929-1	Bone marrow	0.0998	cervix	False	False	0.1832	4	Distant Concordance (Organ System)	disconnected anatomical group	normal	cell-free Pap test fixative
PXD009596	Npap929-10	Liver	0.1142	cervix	False	False	0.2549	4	Distant Concordance (Organ System)	digestive tract	normal	cell-free Pap test fixative
PXD009596	Npap929-11	Liver	0.1724	cervix	False	False	0.2549	4	Distant Concordance (Organ System)	digestive tract	normal	cell-free Pap test fixative
PXD009596	Npap929-12	Bone marrow	0.0973	cervix	False	False	0.1832	4	Distant Concordance (Organ System)	disconnected anatomical group	normal	cell-free Pap test fixative
PXD009596	Npap929-13	Bone marrow	0.1016	cervix	False	False	0.1832	4	Distant Concordance (Organ System)	disconnected anatomical group	normal	cell-free Pap test fixative
PXD009596	Npap929-14	Nasal Polyps	0.1421	cervix	False	False	0.2105	4	Distant Concordance (Organ System)	zone of organ	normal	cell-free Pap test fixative
PXD009596	Npap929-2	Urinary bladder	0.0929	cervix	False	False	0.7642	3	Near-Agreement (Subpart / Secretome)	primitive urogenital sinus	normal	cell-free Pap test fixative
PXD009596	Npap929-3	Testis	0.0928	cervix	False	False	0.4342	3	Distant Concordance (Organ System)	reproductive organ	normal	cell-free Pap test fixative
PXD009596	Npap929-4	Testis	0.1024	cervix	False	False	0.4342	3	Distant Concordance (Organ System)	reproductive organ	normal	cell-free Pap test fixative
PXD009596	Npap929-5	Ovary	0.0942	cervix	False	False	0.771	3	Near-Agreement (Subpart / Secretome)	female reproductive organ	normal	cell-free Pap test fixative
PXD009596	Npap929-6	Stomach	0.1422	cervix	False	False	0.2602	4	Distant Concordance (Organ System)	digestive tract	normal	cell-free Pap test fixative
PXD009596	Npap929-7	Stomach	0.1532	cervix	False	False	0.2602	4	Distant Concordance (Organ System)	digestive tract	normal	cell-free Pap test fixative
PXD009596	Npap929-8	Bone marrow	0.0924	cervix	False	False	0.1832	4	Distant Concordance (Organ System)	disconnected anatomical group	normal	cell-free Pap test fixative
PXD009596	Npap929-9	Testis	0.0941	cervix	False	False	0.4342	3	Distant Concordance (Organ System)	reproductive organ	normal	cell-free Pap test fixative
PXD009596	Npap933-1	Esophagus	0.1659	cervix	False	False	0.235	5	True Conflict	digestive tract	normal	cell-free Pap test fixative
PXD009596	Npap933-10	Esophagus	0.1912	cervix	False	False	0.235	5	True Conflict	digestive tract	normal	cell-free Pap test fixative
PXD009596	Npap933-11	Esophagus	0.2078	cervix	False	False	0.235	5	True Conflict	digestive tract	normal	cell-free Pap test fixative
PXD009596	Npap933-12	Esophagus	0.1918	cervix	False	False	0.235	5	True Conflict	digestive tract	normal	cell-free Pap test fixative
PXD009596	Npap933-13	Esophagus	0.1693	cervix	False	False	0.235	5	True Conflict	digestive tract	normal	cell-free Pap test fixative
PXD009596	Npap933-14	Esophagus	0.1425	cervix	False	False	0.235	5	True Conflict	digestive tract	normal	cell-free Pap test fixative
PXD009596	Npap933-15	Liver	0.1919	cervix	False	False	0.2549	4	Distant Concordance (Organ System)	digestive tract	normal	cell-free Pap test fixative
PXD009596	Npap933-2	Esophagus	0.181	cervix	False	False	0.235	5	True Conflict	digestive tract	normal	cell-free Pap test fixative
PXD009596	Npap933-3	Esophagus	0.2136	cervix	False	False	0.235	5	True Conflict	digestive tract	normal	cell-free Pap test fixative
PXD009596	Npap933-4	Esophagus	0.1781	cervix	False	False	0.235	5	True Conflict	digestive tract	normal	cell-free Pap test fixative
PXD009596	Npap933-5	Esophagus	0.1982	cervix	False	False	0.235	5	True Conflict	digestive tract	normal	cell-free Pap test fixative
PXD009596	Npap933-6	Esophagus	0.1722	cervix	False	False	0.235	5	True Conflict	digestive tract	normal	cell-free Pap test fixative
PXD009596	Npap933-7	Esophagus	0.1682	cervix	False	False	0.235	5	True Conflict	digestive tract	normal	cell-free Pap test fixative
PXD009596	Npap933-8	Esophagus	0.1857	cervix	False	False	0.235	5	True Conflict	digestive tract	normal	cell-free Pap test fixative
PXD009596	Npap933-9	Esophagus	0.1633	cervix	False	False	0.235	5	True Conflict	digestive tract	normal	cell-free Pap test fixative
PXD009596	Npap94-1	Stomach	0.1258	cervix	False	False	0.2602	4	Distant Concordance (Organ System)	digestive tract	normal	cell-free Pap test fixative
PXD009596	Npap94-10	Esophagus	0.1804	cervix	False	False	0.235	5	True Conflict	digestive tract	normal	cell-free Pap test fixative
PXD009596	Npap94-11	Ovary	0.1449	cervix	False	False	0.771	3	Near-Agreement (Subpart / Secretome)	female reproductive organ	normal	cell-free Pap test fixative
PXD009596	Npap94-2	Nasal Polyps	0.1526	cervix	False	False	0.2105	4	Distant Concordance (Organ System)	zone of organ	normal	cell-free Pap test fixative
PXD009596	Npap94-3	Stomach	0.1277	cervix	False	False	0.2602	4	Distant Concordance (Organ System)	digestive tract	normal	cell-free Pap test fixative
PXD009596	Npap94-4	Esophagus	0.1541	cervix	False	False	0.235	5	True Conflict	digestive tract	normal	cell-free Pap test fixative
PXD009596	Npap94-5	Esophagus	0.1971	cervix	False	False	0.235	5	True Conflict	digestive tract	normal	cell-free Pap test fixative
PXD009596	Npap94-6	Esophagus	0.1895	cervix	False	False	0.235	5	True Conflict	digestive tract	normal	cell-free Pap test fixative
PXD009596	Npap94-7	Esophagus	0.2023	cervix	False	False	0.235	5	True Conflict	digestive tract	normal	cell-free Pap test fixative
PXD009596	Npap94-8	Nasal Polyps	0.1328	cervix	False	False	0.2105	4	Distant Concordance (Organ System)	zone of organ	normal	cell-free Pap test fixative
PXD009596	Npap94-9	Stomach	0.1418	cervix	False	False	0.2602	4	Distant Concordance (Organ System)	digestive tract	normal	cell-free Pap test fixative
PXD009596	Pool2-1	Esophagus	0.1751	cervix	False	False	0.235	5	True Conflict	digestive tract	normal	cell-free Pap test fixative
PXD009596	Pool2-10	Esophagus	0.1748	cervix	False	False	0.235	5	True Conflict	digestive tract	normal	cell-free Pap test fixative
PXD009596	Pool2-11	Esophagus	0.1517	cervix	False	False	0.235	5	True Conflict	digestive tract	normal	cell-free Pap test fixative
PXD009596	Pool2-12	Esophagus	0.1794	cervix	False	False	0.235	5	True Conflict	digestive tract	normal	cell-free Pap test fixative
PXD009596	Pool2-13	Esophagus	0.2056	cervix	False	False	0.235	5	True Conflict	digestive tract	normal	cell-free Pap test fixative
PXD009596	Pool2-14	Esophagus	0.1948	cervix	False	False	0.235	5	True Conflict	digestive tract	normal	cell-free Pap test fixative
PXD009596	Pool2-15	Esophagus	0.2629	cervix	False	False	0.235	5	True Conflict	digestive tract	normal	cell-free Pap test fixative
PXD009596	Pool2-16	Esophagus	0.1816	cervix	False	False	0.235	5	True Conflict	digestive tract	normal	cell-free Pap test fixative
PXD009596	Pool2-17	Esophagus	0.2125	cervix	False	False	0.235	5	True Conflict	digestive tract	normal	cell-free Pap test fixative
PXD009596	Pool2-2	Nasal Polyps	0.1478	cervix	False	False	0.2105	4	Distant Concordance (Organ System)	zone of organ	normal	cell-free Pap test fixative
PXD009596	Pool2-3	Esophagus	0.2119	cervix	False	False	0.235	5	True Conflict	digestive tract	normal	cell-free Pap test fixative
PXD009596	Pool2-4	Esophagus	0.1882	cervix	False	False	0.235	5	True Conflict	digestive tract	normal	cell-free Pap test fixative
PXD009596	Pool2-5	Esophagus	0.2484	cervix	False	False	0.235	5	True Conflict	digestive tract	normal	cell-free Pap test fixative
PXD009596	Pool2-6	Esophagus	0.2051	cervix	False	False	0.235	5	True Conflict	digestive tract	normal	cell-free Pap test fixative
PXD009596	Pool2-7	Esophagus	0.2361	cervix	False	False	0.235	5	True Conflict	digestive tract	normal	cell-free Pap test fixative
PXD009596	Pool2-8	Esophagus	0.122	cervix	False	False	0.235	5	True Conflict	digestive tract	normal	cell-free Pap test fixative
PXD009596	Pool2-9	Bone marrow	0.1246	cervix	False	False	0.1832	4	Distant Concordance (Organ System)	disconnected anatomical group	normal	cell-free Pap test fixative
PXD009596	Pool3-10	Esophagus	0.1929	cervix	False	False	0.235	5	True Conflict	digestive tract	normal	cell-free Pap test fixative
PXD009596	Pool3-11	Esophagus	0.1809	cervix	False	False	0.235	5	True Conflict	digestive tract	normal	cell-free Pap test fixative
PXD009596	Pool3-12	Esophagus	0.2186	cervix	False	False	0.235	5	True Conflict	digestive tract	normal	cell-free Pap test fixative
PXD009596	Pool3-13	Esophagus	0.2261	cervix	False	False	0.235	5	True Conflict	digestive tract	normal	cell-free Pap test fixative
PXD009596	Pool3-14	Esophagus	0.2089	cervix	False	False	0.235	5	True Conflict	digestive tract	normal	cell-free Pap test fixative
PXD009596	Pool3-15	Esophagus	0.1895	cervix	False	False	0.235	5	True Conflict	digestive tract	normal	cell-free Pap test fixative
PXD009596	Pool3-16	Esophagus	0.1628	cervix	False	False	0.235	5	True Conflict	digestive tract	normal	cell-free Pap test fixative
PXD009596	Pool3-17	Stomach	0.1252	cervix	False	False	0.2602	4	Distant Concordance (Organ System)	digestive tract	normal	cell-free Pap test fixative
PXD009596	Pool3-2	Esophagus	0.1533	cervix	False	False	0.235	5	True Conflict	digestive tract	normal	cell-free Pap test fixative
PXD009596	Pool3-6	Esophagus	0.223	cervix	False	False	0.235	5	True Conflict	digestive tract	normal	cell-free Pap test fixative
PXD009596	Pool3-7	Esophagus	0.2077	cervix	False	False	0.235	5	True Conflict	digestive tract	normal	cell-free Pap test fixative
PXD009596	Pool3-8	Esophagus	0.2302	cervix	False	False	0.235	5	True Conflict	digestive tract	normal	cell-free Pap test fixative
PXD009596	Pool3-9	Esophagus	0.2041	cervix	False	False	0.235	5	True Conflict	digestive tract	normal	cell-free Pap test fixative
PXD009603	20160229_07_Z90	Bone marrow	0.1251	dental plaque; dental calculus	False	False	0.1384	5	True Conflict	presumptive structure	normal	archaeological dental calculus; contemporary dental patients; recently deceased individuals
PXD009603	20160229_10_Z100	Salivary gland	0.1774	dental plaque; dental calculus	False	False	0.408	3	Distant Concordance (Organ System)	mouth	normal	archaeological dental calculus; contemporary dental patients; recently deceased individuals
PXD009603	20160321_02_Z84	Bone marrow	0.1246	dental plaque; dental calculus	False	False	0.1384	5	True Conflict	presumptive structure	normal	archaeological dental calculus; contemporary dental patients; recently deceased individuals
PXD009603	20160321_04_Z85	Salivary gland	0.3213	dental plaque; dental calculus	False	False	0.408	3	Distant Concordance (Organ System)	mouth	normal	archaeological dental calculus; contemporary dental patients; recently deceased individuals
PXD009603	20160321_07_Z86	Salivary gland	0.2027	dental plaque; dental calculus	False	False	0.408	3	Distant Concordance (Organ System)	mouth	normal	archaeological dental calculus; contemporary dental patients; recently deceased individuals
PXD009603	20160321_13_Z82	Salivary gland	0.1297	dental plaque; dental calculus	False	False	0.408	3	Distant Concordance (Organ System)	mouth	normal	archaeological dental calculus; contemporary dental patients; recently deceased individuals
PXD009603	20160321_16_Z83	Esophagus	0.105	dental plaque; dental calculus	False	False	0.2118	3	Distant Concordance (Organ System)	subdivision of digestive tract	normal	archaeological dental calculus; contemporary dental patients; recently deceased individuals
PXD009603	20160321_19_Z87	Bone marrow	0.1951	dental plaque; dental calculus	False	False	0.1384	5	True Conflict	presumptive structure	normal	archaeological dental calculus; contemporary dental patients; recently deceased individuals
PXD009603	20160321_22_Z88	Salivary gland	0.1371	dental plaque; dental calculus	False	False	0.408	3	Distant Concordance (Organ System)	mouth	normal	archaeological dental calculus; contemporary dental patients; recently deceased individuals
PXD009603	20160321_48_Z94	Salivary gland	0.2735	dental plaque; dental calculus	False	False	0.408	3	Distant Concordance (Organ System)	mouth	normal	archaeological dental calculus; contemporary dental patients; recently deceased individuals
PXD009603	QE0096CSpeller_CS19	Bone marrow	0.2809	dental plaque; dental calculus	False	False	0.1384	5	True Conflict	presumptive structure	normal	archaeological dental calculus; contemporary dental patients; recently deceased individuals
PXD009603	QE0096CSpeller_CS22	Bone marrow	0.2255	dental plaque; dental calculus	False	False	0.1384	5	True Conflict	presumptive structure	normal	archaeological dental calculus; contemporary dental patients; recently deceased individuals
PXD009603	QE558_JHendy_101215_SP2182c_2	Bone marrow	0.2456	dental plaque; dental calculus	False	False	0.1384	5	True Conflict	presumptive structure	normal	archaeological dental calculus; contemporary dental patients; recently deceased individuals
PXD009603	QE558_JHendy_101215_SP2295c_5	Bone marrow	0.1902	dental plaque; dental calculus	False	False	0.1384	5	True Conflict	presumptive structure	normal	archaeological dental calculus; contemporary dental patients; recently deceased individuals
PXD009603	QE558_JHendy_101215_SP2300c_7	Bone marrow	0.1733	dental plaque; dental calculus	False	False	0.1384	5	True Conflict	presumptive structure	normal	archaeological dental calculus; contemporary dental patients; recently deceased individuals
PXD009603	QE558_JHendy_101215_SP2301c_8	Bone marrow	0.2217	dental plaque; dental calculus	False	False	0.1384	5	True Conflict	presumptive structure	normal	archaeological dental calculus; contemporary dental patients; recently deceased individuals
PXD009603	QE558_JHendy_101215_SP2369c_11	Bone marrow	0.2831	dental plaque; dental calculus	False	False	0.1384	5	True Conflict	presumptive structure	normal	archaeological dental calculus; contemporary dental patients; recently deceased individuals
PXD009603	QE558_JHendy_101215_SP2468c_9	Bone marrow	0.2136	dental plaque; dental calculus	False	False	0.1384	5	True Conflict	presumptive structure	normal	archaeological dental calculus; contemporary dental patients; recently deceased individuals
PXD009603	QE558_JHendy_101215_SP2477c_4	Bone marrow	0.2222	dental plaque; dental calculus	False	False	0.1384	5	True Conflict	presumptive structure	normal	archaeological dental calculus; contemporary dental patients; recently deceased individuals
PXD009603	QE558_JHendy_101215_SP2484c_6	Bone marrow	0.2186	dental plaque; dental calculus	False	False	0.1384	5	True Conflict	presumptive structure	normal	archaeological dental calculus; contemporary dental patients; recently deceased individuals
PXD009603	QE558_JHendy_101215_SP2647c_3	Bone marrow	0.2167	dental plaque; dental calculus	False	False	0.1384	5	True Conflict	presumptive structure	normal	archaeological dental calculus; contemporary dental patients; recently deceased individuals
PXD009603	QE558_JHendy_101215_SP2748c_12	Bone marrow	0.2756	dental plaque; dental calculus	False	False	0.1384	5	True Conflict	presumptive structure	normal	archaeological dental calculus; contemporary dental patients; recently deceased individuals
PXD009603	QE558_JHendy_101215_SP2860c_10	Bone marrow	0.2355	dental plaque; dental calculus	False	False	0.1384	5	True Conflict	presumptive structure	normal	archaeological dental calculus; contemporary dental patients; recently deceased individuals
PXD009603	QE594c_MSQ523_1_JHendy_FW192	Bone marrow	0.2071	dental plaque; dental calculus	False	False	0.1384	5	True Conflict	presumptive structure	normal	archaeological dental calculus; contemporary dental patients; recently deceased individuals
PXD009603	QE594c_MSQ523_1_JHendy_FW268	Bone marrow	0.1948	dental plaque; dental calculus	False	False	0.1384	5	True Conflict	presumptive structure	normal	archaeological dental calculus; contemporary dental patients; recently deceased individuals
PXD009603	QE594c_MSQ523_1_JHendy_FW303	Ovary	0.1438	dental plaque; dental calculus	False	False	0.0733	5	True Conflict	embryo	normal	archaeological dental calculus; contemporary dental patients; recently deceased individuals
PXD009603	QE594c_MSQ523_1_JHendy_FW331	Bone marrow	0.2114	dental plaque; dental calculus	False	False	0.1384	5	True Conflict	presumptive structure	normal	archaeological dental calculus; contemporary dental patients; recently deceased individuals
PXD009603	QE594c_MSQ523_1_JHendy_FW450	Bone marrow	0.1765	dental plaque; dental calculus	False	False	0.1384	5	True Conflict	presumptive structure	normal	archaeological dental calculus; contemporary dental patients; recently deceased individuals
PXD009603	QE594c_MSQ523_1_JHendy_FW68	Bone marrow	0.1796	dental plaque; dental calculus	False	False	0.1384	5	True Conflict	presumptive structure	normal	archaeological dental calculus; contemporary dental patients; recently deceased individuals
PXD009603	QE594c_MSQ523_1_JHendy_FW88	Bone marrow	0.2222	dental plaque; dental calculus	False	False	0.1384	5	True Conflict	presumptive structure	normal	archaeological dental calculus; contemporary dental patients; recently deceased individuals
PXD009603	QE594c_MSQ523_1_JHendy_FW98	Bone marrow	0.1595	dental plaque; dental calculus	False	False	0.1384	5	True Conflict	presumptive structure	normal	archaeological dental calculus; contemporary dental patients; recently deceased individuals
PXD009603	QE613_MSQ592_JHerdy_20160413_STB21	Bone marrow	0.2429	dental plaque; dental calculus	False	False	0.1384	5	True Conflict	presumptive structure	normal	archaeological dental calculus; contemporary dental patients; recently deceased individuals
PXD009603	QE665_MSQ686_IrinaVelsko_CS40	Bone marrow	0.2424	dental plaque; dental calculus	False	False	0.1384	5	True Conflict	presumptive structure	normal	archaeological dental calculus; contemporary dental patients; recently deceased individuals
PXD009603	QE665_MSQ686_IrineVelsko_20160818_CS18	Bone marrow	0.1924	dental plaque; dental calculus	False	False	0.1384	5	True Conflict	presumptive structure	normal	archaeological dental calculus; contemporary dental patients; recently deceased individuals
PXD009603	QE665_MSQ686_IrineVelsko_20160818_CS21	Bone marrow	0.2076	dental plaque; dental calculus	False	False	0.1384	5	True Conflict	presumptive structure	normal	archaeological dental calculus; contemporary dental patients; recently deceased individuals
PXD009603	QE665_MSQ686_IrineVelsko_20160818_CS31	Bone marrow	0.2424	dental plaque; dental calculus	False	False	0.1384	5	True Conflict	presumptive structure	normal	archaeological dental calculus; contemporary dental patients; recently deceased individuals
PXD009603	QE665_MSQ686_IrineVelsko_20160818_CS46	Bone marrow	0.1716	dental plaque; dental calculus	False	False	0.1384	5	True Conflict	presumptive structure	normal	archaeological dental calculus; contemporary dental patients; recently deceased individuals
PXD009603	QE665_MSQ686_IrineVelsko_20160818_CS6	Bone marrow	0.1893	dental plaque; dental calculus	False	False	0.1384	5	True Conflict	presumptive structure	normal	archaeological dental calculus; contemporary dental patients; recently deceased individuals
PXD009603	QE665_MSQ686_IrineVelsko_20160818_CSPN2	Bone marrow	0.1562	dental plaque; dental calculus	False	False	0.1384	5	True Conflict	presumptive structure	normal	archaeological dental calculus; contemporary dental patients; recently deceased individuals
PXD009603	QE689_MSQ819_KristaMGrath_20161019_FAO_1	Bone marrow	0.1908	dental plaque; dental calculus	False	False	0.1384	5	True Conflict	presumptive structure	normal	archaeological dental calculus; contemporary dental patients; recently deceased individuals
PXD009603	QE689_MSQ819_KristaMGrath_20161019_FAO_10	Bone marrow	0.2014	dental plaque; dental calculus	False	False	0.1384	5	True Conflict	presumptive structure	normal	archaeological dental calculus; contemporary dental patients; recently deceased individuals
PXD009603	QE689_MSQ819_KristaMGrath_20161019_FAO_11	Bone marrow	0.2005	dental plaque; dental calculus	False	False	0.1384	5	True Conflict	presumptive structure	normal	archaeological dental calculus; contemporary dental patients; recently deceased individuals
PXD009603	QE689_MSQ819_KristaMGrath_20161019_FAO_12	Bone marrow	0.2415	dental plaque; dental calculus	False	False	0.1384	5	True Conflict	presumptive structure	normal	archaeological dental calculus; contemporary dental patients; recently deceased individuals
PXD009603	QE689_MSQ819_KristaMGrath_20161019_FAO_13	Bone marrow	0.2353	dental plaque; dental calculus	False	False	0.1384	5	True Conflict	presumptive structure	normal	archaeological dental calculus; contemporary dental patients; recently deceased individuals
PXD009603	QE689_MSQ819_KristaMGrath_20161019_FAO_14	Bone marrow	0.2113	dental plaque; dental calculus	False	False	0.1384	5	True Conflict	presumptive structure	normal	archaeological dental calculus; contemporary dental patients; recently deceased individuals
PXD009603	QE689_MSQ819_KristaMGrath_20161019_FAO_15	Bone marrow	0.2086	dental plaque; dental calculus	False	False	0.1384	5	True Conflict	presumptive structure	normal	archaeological dental calculus; contemporary dental patients; recently deceased individuals
PXD009603	QE689_MSQ819_KristaMGrath_20161019_FAO_16	Bone marrow	0.2421	dental plaque; dental calculus	False	False	0.1384	5	True Conflict	presumptive structure	normal	archaeological dental calculus; contemporary dental patients; recently deceased individuals
PXD009603	QE689_MSQ819_KristaMGrath_20161019_FAO_17	Bone marrow	0.2196	dental plaque; dental calculus	False	False	0.1384	5	True Conflict	presumptive structure	normal	archaeological dental calculus; contemporary dental patients; recently deceased individuals
PXD009603	QE689_MSQ819_KristaMGrath_20161019_FAO_18	Bone marrow	0.2115	dental plaque; dental calculus	False	False	0.1384	5	True Conflict	presumptive structure	normal	archaeological dental calculus; contemporary dental patients; recently deceased individuals
PXD009603	QE689_MSQ819_KristaMGrath_20161019_FAO_2	Bone marrow	0.2215	dental plaque; dental calculus	False	False	0.1384	5	True Conflict	presumptive structure	normal	archaeological dental calculus; contemporary dental patients; recently deceased individuals
PXD009603	QE689_MSQ819_KristaMGrath_20161019_FAO_3	Bone marrow	0.214	dental plaque; dental calculus	False	False	0.1384	5	True Conflict	presumptive structure	normal	archaeological dental calculus; contemporary dental patients; recently deceased individuals
PXD009603	QE689_MSQ819_KristaMGrath_20161019_FAO_4	Bone marrow	0.2441	dental plaque; dental calculus	False	False	0.1384	5	True Conflict	presumptive structure	normal	archaeological dental calculus; contemporary dental patients; recently deceased individuals
PXD009603	QE689_MSQ819_KristaMGrath_20161019_FAO_5	Bone marrow	0.2809	dental plaque; dental calculus	False	False	0.1384	5	True Conflict	presumptive structure	normal	archaeological dental calculus; contemporary dental patients; recently deceased individuals
PXD009603	QE689_MSQ819_KristaMGrath_20161019_FAO_6	Bone marrow	0.214	dental plaque; dental calculus	False	False	0.1384	5	True Conflict	presumptive structure	normal	archaeological dental calculus; contemporary dental patients; recently deceased individuals
PXD009603	QE689_MSQ819_KristaMGrath_20161019_FAO_7	Bone marrow	0.1919	dental plaque; dental calculus	False	False	0.1384	5	True Conflict	presumptive structure	normal	archaeological dental calculus; contemporary dental patients; recently deceased individuals
PXD009603	QE689_MSQ819_KristaMGrath_20161019_FAO_8	Bone marrow	0.1966	dental plaque; dental calculus	False	False	0.1384	5	True Conflict	presumptive structure	normal	archaeological dental calculus; contemporary dental patients; recently deceased individuals
PXD009603	QE689_MSQ819_KristaMGrath_20161019_FAO_9	Bone marrow	0.221	dental plaque; dental calculus	False	False	0.1384	5	True Conflict	presumptive structure	normal	archaeological dental calculus; contemporary dental patients; recently deceased individuals
PXD009603	QE689_MSQ819_KristaMGrath_20161019_FAO_BL	Bone marrow	0.1568	dental plaque; dental calculus	False	False	0.1384	5	True Conflict	presumptive structure	normal	archaeological dental calculus; contemporary dental patients; recently deceased individuals
PXD009603	QE689_MSQ819_KristaMGrath_20161019_RLH_103	Bone marrow	0.2759	dental plaque; dental calculus	False	False	0.1384	5	True Conflict	presumptive structure	normal	archaeological dental calculus; contemporary dental patients; recently deceased individuals
PXD009603	QE689_MSQ819_KristaMGrath_20161019_RLH_135	Bone marrow	0.2712	dental plaque; dental calculus	False	False	0.1384	5	True Conflict	presumptive structure	normal	archaeological dental calculus; contemporary dental patients; recently deceased individuals
PXD009603	QE689_MSQ819_KristaMGrath_20161019_RLH_365	Bone marrow	0.2866	dental plaque; dental calculus	False	False	0.1384	5	True Conflict	presumptive structure	normal	archaeological dental calculus; contemporary dental patients; recently deceased individuals
PXD009603	QE689_MSQ819_KristaMGrath_20161019_RLH_386	Bone marrow	0.253	dental plaque; dental calculus	False	False	0.1384	5	True Conflict	presumptive structure	normal	archaeological dental calculus; contemporary dental patients; recently deceased individuals
PXD009603	QE689_MSQ819_KristaMGrath_20161019_RLH_bk	Bone marrow	0.2068	dental plaque; dental calculus	False	False	0.1384	5	True Conflict	presumptive structure	normal	archaeological dental calculus; contemporary dental patients; recently deceased individuals
PXD010516	20170602_QEp1_Easy12-11_SoDo_SA_SAP-PUFA-mice-1	Bone marrow	0.1287	liver	False	True	0.4121	4	Distant Concordance (Organ System)	non-connected functional system	normal	healthy men
PXD010516	20170602_QEp1_Easy12-11_SoDo_SA_SAP-PUFA-mice-1_170603003824	Lung	0.1093	liver	False	True	0.6776	4	Distant Concordance (Organ System)	simple columnar epithelium	normal	healthy men
PXD010516	20170602_QEp1_Easy12-11_SoDo_SA_SAP-PUFA-mice-3	Bone marrow	0.1367	liver	False	True	0.4121	4	Distant Concordance (Organ System)	non-connected functional system	normal	healthy men
PXD010516	20170602_QEp1_Easy12-11_SoDo_SA_SAP-PUFA-mice-3_170603014551	Lung	0.1262	liver	False	True	0.6776	4	Distant Concordance (Organ System)	simple columnar epithelium	normal	healthy men
PXD010516	20170602_QEp1_Easy12-11_SoDo_SA_SAP-PUFA-mice-3b	Lung	0.1248	liver	False	True	0.6776	4	Distant Concordance (Organ System)	simple columnar epithelium	normal	healthy men
PXD010516	20170602_QEp1_Easy12-11_SoDo_SA_SAP-PUFA-mice-3c	Lung	0.1256	liver	False	True	0.6776	4	Distant Concordance (Organ System)	simple columnar epithelium	normal	healthy men
PXD010516	20170602_QEp1_Easy12-11_SoDo_SA_SAP-PUFA-mice-4a	Lung	0.1037	liver	False	True	0.6776	4	Distant Concordance (Organ System)	simple columnar epithelium	normal	healthy men
PXD010516	20170602_QEp1_Easy12-11_SoDo_SA_SAP-PUFA-mice-5a	Bone marrow	0.1155	liver	False	True	0.4121	4	Distant Concordance (Organ System)	non-connected functional system	normal	healthy men
PXD010516	20170602_QEp1_Easy12-11_SoDo_SA_SAP-PUFA-mice-7a	Lung	0.1179	liver	False	True	0.6776	4	Distant Concordance (Organ System)	simple columnar epithelium	normal	healthy men
PXD010516	20170602_QEp1_Easy12-11_SoDo_SA_SAP-PUFA-mice-7b	Bone marrow	0.1486	liver	False	True	0.4121	4	Distant Concordance (Organ System)	non-connected functional system	normal	healthy men
PXD010516	20170602_QEp1_Easy12-11_SoDo_SA_SAP-PUFA-mice-7b35test	Bone marrow	0.1154	liver	False	True	0.4121	4	Distant Concordance (Organ System)	non-connected functional system	normal	healthy men
PXD010516	20170602_QEp1_Easy12-11_SoDo_SA_SAP-PUFA-mice-8a	Bone marrow	0.1243	liver	False	True	0.4121	4	Distant Concordance (Organ System)	non-connected functional system	normal	healthy men
PXD010516	20170602_QEp1_Easy12-11_SoDo_SA_SAP-PUFA-mice-8atest	Lung	0.149	liver	False	True	0.6776	4	Distant Concordance (Organ System)	simple columnar epithelium	normal	healthy men
PXD010516	20170602_QEp1_Easy12-11_SoDo_SA_SFA-PUFA-mice-1	Lung	0.1419	liver	False	True	0.6776	4	Distant Concordance (Organ System)	simple columnar epithelium	normal	healthy men
PXD010516	20170602_QEp1_Easy12-11_SoDo_SA_SFA-PUFA-mice-11a	Lung	0.1198	liver	False	True	0.6776	4	Distant Concordance (Organ System)	simple columnar epithelium	normal	healthy men
PXD010516	20170602_QEp1_Easy12-11_SoDo_SA_SFA-PUFA-mice-11a_170605030404	Bone marrow	0.1491	liver	False	True	0.4121	4	Distant Concordance (Organ System)	non-connected functional system	normal	healthy men
PXD010516	20170602_QEp1_Easy12-11_SoDo_SA_SFA-PUFA-mice-12a	Bone marrow	0.1235	liver	False	True	0.4121	4	Distant Concordance (Organ System)	non-connected functional system	normal	healthy men
PXD010516	20170602_QEp1_Easy12-11_SoDo_SA_SFA-PUFA-mice-13a	Bone marrow	0.1178	liver	False	True	0.4121	4	Distant Concordance (Organ System)	non-connected functional system	normal	healthy men
PXD010516	20170602_QEp1_Easy12-11_SoDo_SA_SFA-PUFA-mice-15a	Lung	0.1428	liver	False	True	0.6776	4	Distant Concordance (Organ System)	simple columnar epithelium	normal	healthy men
PXD010516	20170602_QEp1_Easy12-11_SoDo_SA_SFA-PUFA-mice-16a	Lung	0.126	liver	False	True	0.6776	4	Distant Concordance (Organ System)	simple columnar epithelium	normal	healthy men
PXD010516	20170602_QEp1_Easy12-11_SoDo_SA_SFA-PUFA-mice-17a	Bone marrow	0.13	liver	False	True	0.4121	4	Distant Concordance (Organ System)	non-connected functional system	normal	healthy men
PXD010516	20170602_QEp1_Easy12-11_SoDo_SA_SFA-PUFA-mice-1b	Bone marrow	0.1159	liver	False	True	0.4121	4	Distant Concordance (Organ System)	non-connected functional system	normal	healthy men
PXD010516	20170602_QEp1_Easy12-11_SoDo_SA_SFA-PUFA-mice-20a	Lung	0.139	liver	False	True	0.6776	4	Distant Concordance (Organ System)	simple columnar epithelium	normal	healthy men
PXD010516	20170602_QEp1_Easy12-11_SoDo_SA_SFA-PUFA-mice-21a	Lung	0.1506	liver	False	True	0.6776	4	Distant Concordance (Organ System)	simple columnar epithelium	normal	healthy men
PXD010516	20170602_QEp1_Easy12-11_SoDo_SA_SFA-PUFA-mice-23a	Bone marrow	0.1155	liver	False	True	0.4121	4	Distant Concordance (Organ System)	non-connected functional system	normal	healthy men
PXD010516	20170602_QEp1_Easy12-11_SoDo_SA_SFA-PUFA-mice-24a	Bone marrow	0.1172	liver	False	True	0.4121	4	Distant Concordance (Organ System)	non-connected functional system	normal	healthy men
PXD010516	20170602_QEp1_Easy12-11_SoDo_SA_SFA-PUFA-mice-25a	Bone marrow	0.1223	liver	False	True	0.4121	4	Distant Concordance (Organ System)	non-connected functional system	normal	healthy men
PXD010516	20170602_QEp1_Easy12-11_SoDo_SA_SFA-PUFA-mice-27a	Lung	0.109	liver	False	True	0.6776	4	Distant Concordance (Organ System)	simple columnar epithelium	normal	healthy men
PXD010516	20170602_QEp1_Easy12-11_SoDo_SA_SFA-PUFA-mice-28a	Bone marrow	0.1233	liver	False	True	0.4121	4	Distant Concordance (Organ System)	non-connected functional system	normal	healthy men
PXD010516	20170602_QEp1_Easy12-11_SoDo_SA_SFA-PUFA-mice-3	Oviduct	0.1269	liver	False	True	0.2551	3	Distant Concordance (Organ System)	primordium	normal	healthy men
PXD010516	20170602_QEp1_Easy12-11_SoDo_SA_SFA-PUFA-mice-31a	Bone marrow	0.1221	liver	False	True	0.4121	4	Distant Concordance (Organ System)	non-connected functional system	normal	healthy men
PXD010516	20170602_QEp1_Easy12-11_SoDo_SA_SFA-PUFA-mice-31a_170605040828	Bone marrow	0.1217	liver	False	True	0.4121	4	Distant Concordance (Organ System)	non-connected functional system	normal	healthy men
PXD010516	20170602_QEp1_Easy12-11_SoDo_SA_SFA-PUFA-mice-31a_170605121743	Bone marrow	0.1217	liver	False	True	0.4121	4	Distant Concordance (Organ System)	non-connected functional system	normal	healthy men
PXD010516	20170602_QEp1_Easy12-11_SoDo_SA_SFA-PUFA-mice-32a	Bone marrow	0.1288	liver	False	True	0.4121	4	Distant Concordance (Organ System)	non-connected functional system	normal	healthy men
PXD010516	20170602_QEp1_Easy12-11_SoDo_SA_SFA-PUFA-mice-33a	Bone marrow	0.1287	liver	False	True	0.4121	4	Distant Concordance (Organ System)	non-connected functional system	normal	healthy men
PXD010516	20170602_QEp1_Easy12-11_SoDo_SA_SFA-PUFA-mice-35a_170604182609	Bone marrow	0.1333	liver	False	True	0.4121	4	Distant Concordance (Organ System)	non-connected functional system	normal	healthy men
PXD010516	20170602_QEp1_Easy12-11_SoDo_SA_SFA-PUFA-mice-35a_170604193004	Bone marrow	0.1323	liver	False	True	0.4121	4	Distant Concordance (Organ System)	non-connected functional system	normal	healthy men
PXD010516	20170602_QEp1_Easy12-11_SoDo_SA_SFA-PUFA-mice-35a_170605051300	Bone marrow	0.1274	liver	False	True	0.4121	4	Distant Concordance (Organ System)	non-connected functional system	normal	healthy men
PXD010516	20170602_QEp1_Easy12-11_SoDo_SA_SFA-PUFA-mice-36a_170605132233	Bone marrow	0.1028	liver	False	True	0.4121	4	Distant Concordance (Organ System)	non-connected functional system	normal	healthy men
PXD010516	20170602_QEp1_Easy12-11_SoDo_SA_SFA-PUFA-mice-37a	Bone marrow	0.147	liver	False	True	0.4121	4	Distant Concordance (Organ System)	non-connected functional system	normal	healthy men
PXD010516	20170602_QEp1_Easy12-11_SoDo_SA_SFA-PUFA-mice-39a	Bone marrow	0.1275	liver	False	True	0.4121	4	Distant Concordance (Organ System)	non-connected functional system	normal	healthy men
PXD010516	20170602_QEp1_Easy12-11_SoDo_SA_SFA-PUFA-mice-39a_170605061738	Bone marrow	0.1288	liver	False	True	0.4121	4	Distant Concordance (Organ System)	non-connected functional system	normal	healthy men
PXD010516	20170602_QEp1_Easy12-11_SoDo_SA_SFA-PUFA-mice-39a_170605153215	Bone marrow	0.1236	liver	False	True	0.4121	4	Distant Concordance (Organ System)	non-connected functional system	normal	healthy men
PXD010516	20170602_QEp1_Easy12-11_SoDo_SA_SFA-PUFA-mice-40a_170605163713	Bone marrow	0.1376	liver	False	True	0.4121	4	Distant Concordance (Organ System)	non-connected functional system	normal	healthy men
PXD010516	20170602_QEp1_Easy12-11_SoDo_SA_SFA-PUFA-mice-4a	Lung	0.1329	liver	False	True	0.6776	4	Distant Concordance (Organ System)	simple columnar epithelium	normal	healthy men
PXD010516	20170602_QEp1_Easy12-11_SoDo_SA_SFA-PUFA-mice-5a	Bone marrow	0.1406	liver	False	True	0.4121	4	Distant Concordance (Organ System)	non-connected functional system	normal	healthy men
PXD010516	20170602_QEp1_Easy12-11_SoDo_SA_SFA-PUFA-mice-7a	Lung	0.1522	liver	False	True	0.6776	4	Distant Concordance (Organ System)	simple columnar epithelium	normal	healthy men
PXD010516	20170602_QEp1_Easy12-11_SoDo_SA_SFA-PUFA-mice-8a	Lung	0.1167	liver	False	True	0.6776	4	Distant Concordance (Organ System)	simple columnar epithelium	normal	healthy men
PXD010516	20170602_QEp1_Easy12-11_SoDo_SA_SFA-PUFA-mice-9a	Bone marrow	0.1251	liver	False	True	0.4121	4	Distant Concordance (Organ System)	non-connected functional system	normal	healthy men
PXD010516	20180529_QX2_SoDo_QC_SA_EasyLC15_highlowfat-human-1	Adipose tissue	0.1749	liver	False	True	0.2736	5	True Conflict	mesenchymal stem cell	normal	healthy men
PXD010516	20180529_QX2_SoDo_QC_SA_EasyLC15_highlowfat-human-10	Adipose tissue	0.1705	liver	False	True	0.2736	5	True Conflict	mesenchymal stem cell	normal	healthy men
PXD010516	20180529_QX2_SoDo_QC_SA_EasyLC15_highlowfat-human-11	Adipose tissue	0.1632	liver	False	True	0.2736	5	True Conflict	mesenchymal stem cell	normal	healthy men
PXD010516	20180529_QX2_SoDo_QC_SA_EasyLC15_highlowfat-human-12	Adipose tissue	0.2392	liver	False	True	0.2736	5	True Conflict	mesenchymal stem cell	normal	healthy men
PXD010516	20180529_QX2_SoDo_QC_SA_EasyLC15_highlowfat-human-13	Adipose tissue	0.2216	liver	False	True	0.2736	5	True Conflict	mesenchymal stem cell	normal	healthy men
PXD010516	20180529_QX2_SoDo_QC_SA_EasyLC15_highlowfat-human-14	Adipose tissue	0.2194	liver	False	True	0.2736	5	True Conflict	mesenchymal stem cell	normal	healthy men
PXD010516	20180529_QX2_SoDo_QC_SA_EasyLC15_highlowfat-human-15	Adipose tissue	0.1894	liver	False	True	0.2736	5	True Conflict	mesenchymal stem cell	normal	healthy men
PXD010516	20180529_QX2_SoDo_QC_SA_EasyLC15_highlowfat-human-16	Adipose tissue	0.1884	liver	False	True	0.2736	5	True Conflict	mesenchymal stem cell	normal	healthy men
PXD010516	20180529_QX2_SoDo_QC_SA_EasyLC15_highlowfat-human-17	Adipose tissue	0.186	liver	False	True	0.2736	5	True Conflict	mesenchymal stem cell	normal	healthy men
PXD010516	20180529_QX2_SoDo_QC_SA_EasyLC15_highlowfat-human-18	Adipose tissue	0.2137	liver	False	True	0.2736	5	True Conflict	mesenchymal stem cell	normal	healthy men
PXD010516	20180529_QX2_SoDo_QC_SA_EasyLC15_highlowfat-human-19	Adipose tissue	0.2065	liver	False	True	0.2736	5	True Conflict	mesenchymal stem cell	normal	healthy men
PXD010516	20180529_QX2_SoDo_QC_SA_EasyLC15_highlowfat-human-1_180531015059	Adipose tissue	0.2087	liver	False	True	0.2736	5	True Conflict	mesenchymal stem cell	normal	healthy men
PXD010516	20180529_QX2_SoDo_QC_SA_EasyLC15_highlowfat-human-2	Adipose tissue	0.1875	liver	False	True	0.2736	5	True Conflict	mesenchymal stem cell	normal	healthy men
PXD010516	20180529_QX2_SoDo_QC_SA_EasyLC15_highlowfat-human-20	Adipose tissue	0.197	liver	False	True	0.2736	5	True Conflict	mesenchymal stem cell	normal	healthy men
PXD010516	20180529_QX2_SoDo_QC_SA_EasyLC15_highlowfat-human-21	Adipose tissue	0.2072	liver	False	True	0.2736	5	True Conflict	mesenchymal stem cell	normal	healthy men
PXD010516	20180529_QX2_SoDo_QC_SA_EasyLC15_highlowfat-human-22	Adipose tissue	0.2067	liver	False	True	0.2736	5	True Conflict	mesenchymal stem cell	normal	healthy men
PXD010516	20180529_QX2_SoDo_QC_SA_EasyLC15_highlowfat-human-23	Adipose tissue	0.2048	liver	False	True	0.2736	5	True Conflict	mesenchymal stem cell	normal	healthy men
PXD010516	20180529_QX2_SoDo_QC_SA_EasyLC15_highlowfat-human-24	Adipose tissue	0.1814	liver	False	True	0.2736	5	True Conflict	mesenchymal stem cell	normal	healthy men
PXD010516	20180529_QX2_SoDo_QC_SA_EasyLC15_highlowfat-human-25	Adipose tissue	0.224	liver	False	True	0.2736	5	True Conflict	mesenchymal stem cell	normal	healthy men
PXD010516	20180529_QX2_SoDo_QC_SA_EasyLC15_highlowfat-human-26	Adipose tissue	0.2052	liver	False	True	0.2736	5	True Conflict	mesenchymal stem cell	normal	healthy men
PXD010516	20180529_QX2_SoDo_QC_SA_EasyLC15_highlowfat-human-27	Adipose tissue	0.2237	liver	False	True	0.2736	5	True Conflict	mesenchymal stem cell	normal	healthy men
PXD010516	20180529_QX2_SoDo_QC_SA_EasyLC15_highlowfat-human-28	Adipose tissue	0.1962	liver	False	True	0.2736	5	True Conflict	mesenchymal stem cell	normal	healthy men
PXD010516	20180529_QX2_SoDo_QC_SA_EasyLC15_highlowfat-human-29	Adipose tissue	0.1866	liver	False	True	0.2736	5	True Conflict	mesenchymal stem cell	normal	healthy men
PXD010516	20180529_QX2_SoDo_QC_SA_EasyLC15_highlowfat-human-3	Adipose tissue	0.1981	liver	False	True	0.2736	5	True Conflict	mesenchymal stem cell	normal	healthy men
PXD010516	20180529_QX2_SoDo_QC_SA_EasyLC15_highlowfat-human-30	Adipose tissue	0.2136	liver	False	True	0.2736	5	True Conflict	mesenchymal stem cell	normal	healthy men
PXD010516	20180529_QX2_SoDo_QC_SA_EasyLC15_highlowfat-human-31	Adipose tissue	0.2147	liver	False	True	0.2736	5	True Conflict	mesenchymal stem cell	normal	healthy men
PXD010516	20180529_QX2_SoDo_QC_SA_EasyLC15_highlowfat-human-32	Adipose tissue	0.2229	liver	False	True	0.2736	5	True Conflict	mesenchymal stem cell	normal	healthy men
PXD010516	20180529_QX2_SoDo_QC_SA_EasyLC15_highlowfat-human-33	Adipose tissue	0.1986	liver	False	True	0.2736	5	True Conflict	mesenchymal stem cell	normal	healthy men
PXD010516	20180529_QX2_SoDo_QC_SA_EasyLC15_highlowfat-human-34	Adipose tissue	0.2101	liver	False	True	0.2736	5	True Conflict	mesenchymal stem cell	normal	healthy men
PXD010516	20180529_QX2_SoDo_QC_SA_EasyLC15_highlowfat-human-35	Adipose tissue	0.1905	liver	False	True	0.2736	5	True Conflict	mesenchymal stem cell	normal	healthy men
PXD010516	20180529_QX2_SoDo_QC_SA_EasyLC15_highlowfat-human-36	Adipose tissue	0.2092	liver	False	True	0.2736	5	True Conflict	mesenchymal stem cell	normal	healthy men
PXD010516	20180529_QX2_SoDo_QC_SA_EasyLC15_highlowfat-human-4	Adipose tissue	0.1888	liver	False	True	0.2736	5	True Conflict	mesenchymal stem cell	normal	healthy men
PXD010516	20180529_QX2_SoDo_QC_SA_EasyLC15_highlowfat-human-5	Adipose tissue	0.185	liver	False	True	0.2736	5	True Conflict	mesenchymal stem cell	normal	healthy men
PXD010516	20180529_QX2_SoDo_QC_SA_EasyLC15_highlowfat-human-6	Adipose tissue	0.2013	liver	False	True	0.2736	5	True Conflict	mesenchymal stem cell	normal	healthy men
PXD010516	20180529_QX2_SoDo_QC_SA_EasyLC15_highlowfat-human-7	Adipose tissue	0.1844	liver	False	True	0.2736	5	True Conflict	mesenchymal stem cell	normal	healthy men
PXD010516	20180529_QX2_SoDo_QC_SA_EasyLC15_highlowfat-human-8	Adipose tissue	0.1837	liver	False	True	0.2736	5	True Conflict	mesenchymal stem cell	normal	healthy men
PXD010516	20180529_QX2_SoDo_QC_SA_EasyLC15_highlowfat-human-9	Adipose tissue	0.1783	liver	False	True	0.2736	5	True Conflict	mesenchymal stem cell	normal	healthy men
PXD011467	1	Esophagus	0.2176	uterus	False	False	0.1447	4	Distant Concordance (Organ System)	subdivision of tube	pelvic organ prolapse; normal	uterine ligament tissue
PXD011467	10	Esophagus	0.2272	uterus	False	False	0.1447	4	Distant Concordance (Organ System)	subdivision of tube	pelvic organ prolapse; normal	uterine ligament tissue
PXD011467	2	Lung	0.0979	uterus	False	False	0.2525	5	True Conflict	primordium	pelvic organ prolapse; normal	uterine ligament tissue
PXD011467	3	Esophagus	0.1534	uterus	False	False	0.1447	4	Distant Concordance (Organ System)	subdivision of tube	pelvic organ prolapse; normal	uterine ligament tissue
PXD011467	4	Esophagus	0.1089	uterus	False	False	0.1447	4	Distant Concordance (Organ System)	subdivision of tube	pelvic organ prolapse; normal	uterine ligament tissue
PXD011467	5	Lung	0.1043	uterus	False	False	0.2525	5	True Conflict	primordium	pelvic organ prolapse; normal	uterine ligament tissue
PXD011467	6	Lung	0.0846	uterus	False	False	0.2525	5	True Conflict	primordium	pelvic organ prolapse; normal	uterine ligament tissue
PXD011467	7	Bone marrow	0.1514	uterus	False	False	0.1067	5	True Conflict	developing anatomical structure	pelvic organ prolapse; normal	uterine ligament tissue
PXD011467	8	Esophagus	0.0948	uterus	False	False	0.1447	4	Distant Concordance (Organ System)	subdivision of tube	pelvic organ prolapse; normal	uterine ligament tissue
PXD011467	9	Esophagus	0.2472	uterus	False	False	0.1447	4	Distant Concordance (Organ System)	subdivision of tube	pelvic organ prolapse; normal	uterine ligament tissue
PXD012792	20171120_PGL1	Salivary gland	0.2899	saliva-secreting gland	True	False	1.0	0	Exact Match	saliva-secreting gland	normal	dried saliva spot
PXD012792	20171120_PGL2	Salivary gland	0.3794	saliva-secreting gland	True	False	1.0	0	Exact Match	saliva-secreting gland	normal	dried saliva spot
PXD012792	20171120_PGL3	Salivary gland	0.3155	saliva-secreting gland	True	False	1.0	0	Exact Match	saliva-secreting gland	normal	dried saliva spot
PXD012792	20171120_PGR1	Salivary gland	0.3844	saliva-secreting gland	True	False	1.0	0	Exact Match	saliva-secreting gland	normal	dried saliva spot
PXD012792	20171120_PGR2	Salivary gland	0.3444	saliva-secreting gland	True	False	1.0	0	Exact Match	saliva-secreting gland	normal	dried saliva spot
PXD012792	20171120_PGR3	Salivary gland	0.4539	saliva-secreting gland	True	False	1.0	0	Exact Match	saliva-secreting gland	normal	dried saliva spot
PXD012792	20171120_SGL1	Salivary gland	0.3468	saliva-secreting gland	True	False	1.0	0	Exact Match	saliva-secreting gland	normal	dried saliva spot
PXD012792	20171120_SGL2	Salivary gland	0.3633	saliva-secreting gland	True	False	1.0	0	Exact Match	saliva-secreting gland	normal	dried saliva spot
PXD012792	20171120_SGL3	Salivary gland	0.4904	saliva-secreting gland	True	False	1.0	0	Exact Match	saliva-secreting gland	normal	dried saliva spot
PXD012792	20171120_SGR1	Salivary gland	0.5226	saliva-secreting gland	True	False	1.0	0	Exact Match	saliva-secreting gland	normal	dried saliva spot
PXD012792	20171120_SGR2	Salivary gland	0.4796	saliva-secreting gland	True	False	1.0	0	Exact Match	saliva-secreting gland	normal	dried saliva spot
PXD012792	20171120_SGR3	Salivary gland	0.512	saliva-secreting gland	True	False	1.0	0	Exact Match	saliva-secreting gland	normal	dried saliva spot
PXD012792	20180110_PGL1	Salivary gland	0.4062	saliva-secreting gland	True	False	1.0	0	Exact Match	saliva-secreting gland	normal	dried saliva spot
PXD012792	20180110_PGL2	Salivary gland	0.3951	saliva-secreting gland	True	False	1.0	0	Exact Match	saliva-secreting gland	normal	dried saliva spot
PXD012792	20180110_PGL3	Salivary gland	0.3928	saliva-secreting gland	True	False	1.0	0	Exact Match	saliva-secreting gland	normal	dried saliva spot
PXD012792	20180110_PGR1	Salivary gland	0.3687	saliva-secreting gland	True	False	1.0	0	Exact Match	saliva-secreting gland	normal	dried saliva spot
PXD012792	20180110_PGR2	Salivary gland	0.3021	saliva-secreting gland	True	False	1.0	0	Exact Match	saliva-secreting gland	normal	dried saliva spot
PXD012792	20180110_PGR3	Salivary gland	0.2944	saliva-secreting gland	True	False	1.0	0	Exact Match	saliva-secreting gland	normal	dried saliva spot
PXD012792	20180110_SGL1	Salivary gland	0.489	saliva-secreting gland	True	False	1.0	0	Exact Match	saliva-secreting gland	normal	dried saliva spot
PXD012792	20180110_SGL2	Salivary gland	0.4549	saliva-secreting gland	True	False	1.0	0	Exact Match	saliva-secreting gland	normal	dried saliva spot
PXD012792	20180110_SGL3	Salivary gland	0.3678	saliva-secreting gland	True	False	1.0	0	Exact Match	saliva-secreting gland	normal	dried saliva spot
PXD012792	20180110_SGR1	Salivary gland	0.5222	saliva-secreting gland	True	False	1.0	0	Exact Match	saliva-secreting gland	normal	dried saliva spot
PXD012792	20180110_SGR2	Salivary gland	0.4684	saliva-secreting gland	True	False	1.0	0	Exact Match	saliva-secreting gland	normal	dried saliva spot
PXD012792	20180110_SGR3	Salivary gland	0.4958	saliva-secreting gland	True	False	1.0	0	Exact Match	saliva-secreting gland	normal	dried saliva spot
PXD012792	20180202_PGL1	Salivary gland	0.2896	saliva-secreting gland	True	False	1.0	0	Exact Match	saliva-secreting gland	normal	dried saliva spot
PXD012792	20180202_PGL2	Salivary gland	0.2839	saliva-secreting gland	True	False	1.0	0	Exact Match	saliva-secreting gland	normal	dried saliva spot
PXD012792	20180202_PGL3	Salivary gland	0.2689	saliva-secreting gland	True	False	1.0	0	Exact Match	saliva-secreting gland	normal	dried saliva spot
PXD012792	20180202_PGR1	Esophagus	0.2772	saliva-secreting gland	False	False	0.4782	4	Distant Concordance (Organ System)	digestive system element	normal	dried saliva spot
PXD012792	20180202_PGR2	Esophagus	0.2765	saliva-secreting gland	False	False	0.4782	4	Distant Concordance (Organ System)	digestive system element	normal	dried saliva spot
PXD012792	20180202_PGR3	Salivary gland	0.3005	saliva-secreting gland	True	False	1.0	0	Exact Match	saliva-secreting gland	normal	dried saliva spot
PXD012792	20180202_SGL1	Salivary gland	0.4377	saliva-secreting gland	True	False	1.0	0	Exact Match	saliva-secreting gland	normal	dried saliva spot
PXD012792	20180202_SGL2	Salivary gland	0.4625	saliva-secreting gland	True	False	1.0	0	Exact Match	saliva-secreting gland	normal	dried saliva spot
PXD012792	20180202_SGL3	Salivary gland	0.4802	saliva-secreting gland	True	False	1.0	0	Exact Match	saliva-secreting gland	normal	dried saliva spot
PXD012792	20180202_SGR1	Salivary gland	0.5065	saliva-secreting gland	True	False	1.0	0	Exact Match	saliva-secreting gland	normal	dried saliva spot
PXD012792	20180202_SGR2	Salivary gland	0.4907	saliva-secreting gland	True	False	1.0	0	Exact Match	saliva-secreting gland	normal	dried saliva spot
PXD012792	20180202_SGR3	Salivary gland	0.5222	saliva-secreting gland	True	False	1.0	0	Exact Match	saliva-secreting gland	normal	dried saliva spot
PXD020122	BRAVE_FF_HPlas_101_P_01_QEP_Bane_12Sept19_19-05-06	Adipose tissue	0.1724	blood plasma	False	False	0.2756	6	True Conflict	mesenchymal stem cell	normal	volunteer firefighters
PXD020122	BRAVE_FF_HPlas_104_P_03_QEP_Bane_12Sept19_19-05-06	Adipose tissue	0.1807	blood plasma	False	False	0.2756	6	True Conflict	mesenchymal stem cell	normal	volunteer firefighters
PXD020122	BRAVE_FF_HPlas_105_P_04_QEP_Bane_12Sept19_19-05-06	Adipose tissue	0.2072	blood plasma	False	False	0.2756	6	True Conflict	mesenchymal stem cell	normal	volunteer firefighters
PXD020122	BRAVE_FF_HPlas_108_P_06_QEP_Bane_12Sept19_19-05-06	Adipose tissue	0.2039	blood plasma	False	False	0.2756	6	True Conflict	mesenchymal stem cell	normal	volunteer firefighters
PXD020122	BRAVE_FF_HPlas_109_P_07_QEP_Bane_12Sept19_19-05-06	Adipose tissue	0.1413	blood plasma	False	False	0.2756	6	True Conflict	mesenchymal stem cell	normal	volunteer firefighters
PXD020122	BRAVE_FF_HPlas_110_P_08_QEP_Bane_12Sept19_19-05-06	Adipose tissue	0.1897	blood plasma	False	False	0.2756	6	True Conflict	mesenchymal stem cell	normal	volunteer firefighters
PXD020122	BRAVE_FF_HPlas_111_P_09_QEP_Bane_12Sept19_19-05-06	Adipose tissue	0.2051	blood plasma	False	False	0.2756	6	True Conflict	mesenchymal stem cell	normal	volunteer firefighters
PXD020122	BRAVE_FF_HPlas_112_P_10_QEP_Bane_12Sept19_19-05-06	Adipose tissue	0.155	blood plasma	False	False	0.2756	6	True Conflict	mesenchymal stem cell	normal	volunteer firefighters
PXD020122	BRAVE_FF_HPlas_113_P_11_QEP_Bane_12Sept19_19-05-06	Adipose tissue	0.208	blood plasma	False	False	0.2756	6	True Conflict	mesenchymal stem cell	normal	volunteer firefighters
PXD020122	BRAVE_FF_HPlas_202_P_13_QEP_Bane_12Sept19_19-05-06	Adipose tissue	0.1894	blood plasma	False	False	0.2756	6	True Conflict	mesenchymal stem cell	normal	volunteer firefighters
PXD020122	BRAVE_FF_HPlas_204_P_14_QEP_Bane_12Sept19_19-05-06	Adipose tissue	0.1854	blood plasma	False	False	0.2756	6	True Conflict	mesenchymal stem cell	normal	volunteer firefighters
PXD020122	BRAVE_FF_HPlas_205_P_15_QEP_Bane_12Sept19_19-05-06	Adipose tissue	0.1887	blood plasma	False	False	0.2756	6	True Conflict	mesenchymal stem cell	normal	volunteer firefighters
PXD020122	BRAVE_FF_HPlas_207_P_16_QEP_Bane_12Sept19_19-05-06	Adipose tissue	0.1759	blood plasma	False	False	0.2756	6	True Conflict	mesenchymal stem cell	normal	volunteer firefighters
PXD020122	BRAVE_FF_HPlas_208_P_17_QEP_Bane_12Sept19_19-05-06	Adipose tissue	0.1658	blood plasma	False	False	0.2756	6	True Conflict	mesenchymal stem cell	normal	volunteer firefighters
PXD020122	BRAVE_FF_HPlas_209_P_18_QEP_Bane_12Sept19_19-05-06	Adipose tissue	0.1847	blood plasma	False	False	0.2756	6	True Conflict	mesenchymal stem cell	normal	volunteer firefighters
PXD020122	BRAVE_FF_HPlas_209_P_18_rr_QEP_Bane_19Sept19_19-05-06	Adipose tissue	0.1908	blood plasma	False	False	0.2756	6	True Conflict	mesenchymal stem cell	normal	volunteer firefighters
PXD020122	BRAVE_FF_HPlas_210_P_19_QEP_Bane_12Sept19_19-05-06	Adipose tissue	0.1801	blood plasma	False	False	0.2756	6	True Conflict	mesenchymal stem cell	normal	volunteer firefighters
PXD020122	BRAVE_FF_HPlas_211_P_20_QEP_Bane_12Sept19_19-05-06	Adipose tissue	0.2124	blood plasma	False	False	0.2756	6	True Conflict	mesenchymal stem cell	normal	volunteer firefighters
PXD020122	BRAVE_FF_HPlas_212_P_21_QEP_Bane_12Sept19_19-05-06	Adipose tissue	0.2017	blood plasma	False	False	0.2756	6	True Conflict	mesenchymal stem cell	normal	volunteer firefighters
PXD020122	BRAVE_FF_HPlas_213_P_22_QEP_Bane_12Sept19_19-05-06	Adipose tissue	0.2006	blood plasma	False	False	0.2756	6	True Conflict	mesenchymal stem cell	normal	volunteer firefighters
PXD020164	BRAVE_FF_Saliva_102_P_16Nov19_Merry_19-09-02	Esophagus	0.2419	saliva	False	False	0.1351	3	Distant Concordance (Organ System)	subdivision of tube	normal	volunteer firefighters
PXD020164	BRAVE_FF_Saliva_104_P_16Nov19_Merry_19-09-02	Esophagus	0.2214	saliva	False	False	0.1351	3	Distant Concordance (Organ System)	subdivision of tube	normal	volunteer firefighters
PXD020164	BRAVE_FF_Saliva_105_P_16Nov19_Merry_19-09-02	Esophagus	0.2234	saliva	False	False	0.1351	3	Distant Concordance (Organ System)	subdivision of tube	normal	volunteer firefighters
PXD020164	BRAVE_FF_Saliva_107_P_16Nov19_Merry_19-09-02	Esophagus	0.228	saliva	False	False	0.1351	3	Distant Concordance (Organ System)	subdivision of tube	normal	volunteer firefighters
PXD020164	BRAVE_FF_Saliva_108_P_16Nov19_Merry_19-09-02	Esophagus	0.244	saliva	False	False	0.1351	3	Distant Concordance (Organ System)	subdivision of tube	normal	volunteer firefighters
PXD020164	BRAVE_FF_Saliva_109_P_16Nov19_Merry_19-09-02	Esophagus	0.2514	saliva	False	False	0.1351	3	Distant Concordance (Organ System)	subdivision of tube	normal	volunteer firefighters
PXD020164	BRAVE_FF_Saliva_110_P_16Nov19_Merry_19-09-02	Salivary gland	0.2326	saliva	False	False	0.9987	1	Near-Agreement (Subpart / Secretome)	saliva	normal	volunteer firefighters
PXD020164	BRAVE_FF_Saliva_111_P_16Nov19_Merry_19-09-02	Salivary gland	0.2344	saliva	False	False	0.9987	1	Near-Agreement (Subpart / Secretome)	saliva	normal	volunteer firefighters
PXD020164	BRAVE_FF_Saliva_112_P_16Nov19_Merry_19-09-02	Esophagus	0.2518	saliva	False	False	0.1351	3	Distant Concordance (Organ System)	subdivision of tube	normal	volunteer firefighters
PXD020164	BRAVE_FF_Saliva_113_P_16Nov19_Merry_19-09-02	Salivary gland	0.2709	saliva	False	False	0.9987	1	Near-Agreement (Subpart / Secretome)	saliva	normal	volunteer firefighters
PXD020164	BRAVE_FF_Saliva_201_P_16Nov19_Merry_19-09-02	Esophagus	0.235	saliva	False	False	0.1351	3	Distant Concordance (Organ System)	subdivision of tube	normal	volunteer firefighters
PXD020164	BRAVE_FF_Saliva_202_P_16Nov19_Merry_19-09-02	Esophagus	0.2407	saliva	False	False	0.1351	3	Distant Concordance (Organ System)	subdivision of tube	normal	volunteer firefighters
PXD020164	BRAVE_FF_Saliva_204_P_16Nov19_Merry_19-09-02	Esophagus	0.2185	saliva	False	False	0.1351	3	Distant Concordance (Organ System)	subdivision of tube	normal	volunteer firefighters
PXD020164	BRAVE_FF_Saliva_205_P_16Nov19_Merry_19-09-02	Esophagus	0.2449	saliva	False	False	0.1351	3	Distant Concordance (Organ System)	subdivision of tube	normal	volunteer firefighters
PXD020164	BRAVE_FF_Saliva_207_P_16Nov19_Merry_19-09-02	Esophagus	0.2434	saliva	False	False	0.1351	3	Distant Concordance (Organ System)	subdivision of tube	normal	volunteer firefighters
PXD020164	BRAVE_FF_Saliva_208_P_16Nov19_Merry_19-09-02	Esophagus	0.2509	saliva	False	False	0.1351	3	Distant Concordance (Organ System)	subdivision of tube	normal	volunteer firefighters
PXD020164	BRAVE_FF_Saliva_209_P_16Nov19_Merry_19-09-02	Esophagus	0.2492	saliva	False	False	0.1351	3	Distant Concordance (Organ System)	subdivision of tube	normal	volunteer firefighters
PXD020164	BRAVE_FF_Saliva_210_P_16Nov19_Merry_19-09-02	Esophagus	0.2614	saliva	False	False	0.1351	3	Distant Concordance (Organ System)	subdivision of tube	normal	volunteer firefighters
PXD020164	BRAVE_FF_Saliva_212_P_16Nov19_Merry_19-09-02	Esophagus	0.2276	saliva	False	False	0.1351	3	Distant Concordance (Organ System)	subdivision of tube	normal	volunteer firefighters
PXD020352	BRAVE_FF_HPlasD_Plex01_f01_Bane_24Aug19_19-05-06	Adipose tissue	0.1376	blood	False	False	0.2756	5	True Conflict	mesenchymal stem cell	normal	volunteer firefighters
PXD020352	BRAVE_FF_HPlasD_Plex01_f02_Bane_24Aug19_19-05-06	Adipose tissue	0.1069	blood	False	False	0.2756	5	True Conflict	mesenchymal stem cell	normal	volunteer firefighters
PXD020352	BRAVE_FF_HPlasD_Plex01_f03_Bane_24Aug19_19-05-06	Adipose tissue	0.1187	blood	False	False	0.2756	5	True Conflict	mesenchymal stem cell	normal	volunteer firefighters
PXD020352	BRAVE_FF_HPlasD_Plex01_f04_Bane_24Aug19_19-05-06	Adipose tissue	0.1347	blood	False	False	0.2756	5	True Conflict	mesenchymal stem cell	normal	volunteer firefighters
PXD020352	BRAVE_FF_HPlasD_Plex01_f05_Bane_24Aug19_19-05-06	Adrenal gland	0.1314	blood	False	False	0.2587	4	Distant Concordance (Organ System)	trunk region element	normal	volunteer firefighters
PXD020352	BRAVE_FF_HPlasD_Plex01_f06_Bane_24Aug19_19-05-06	Adipose tissue	0.1169	blood	False	False	0.2756	5	True Conflict	mesenchymal stem cell	normal	volunteer firefighters
PXD020352	BRAVE_FF_HPlasD_Plex01_f07_Bane_24Aug19_19-05-06	Brain	0.1343	blood	False	False	0.1343	4	Distant Concordance (Organ System)	anatomical system	normal	volunteer firefighters
PXD020352	BRAVE_FF_HPlasD_Plex01_f08_Bane_24Aug19_19-05-06	Adipose tissue	0.1318	blood	False	False	0.2756	5	True Conflict	mesenchymal stem cell	normal	volunteer firefighters
PXD020352	BRAVE_FF_HPlasD_Plex01_f09_Bane_24Aug19_19-05-06	Adipose tissue	0.1191	blood	False	False	0.2756	5	True Conflict	mesenchymal stem cell	normal	volunteer firefighters
PXD020352	BRAVE_FF_HPlasD_Plex01_f10_Bane_24Aug19_19-05-06	Monocytes	0.1151	blood	False	False	0.8311	4	Near-Agreement (Subpart / Secretome)	basophilic cytoplasm	normal	volunteer firefighters
PXD020352	BRAVE_FF_HPlasD_Plex01_f11_Bane_24Aug19_19-05-06	Adipose tissue	0.1378	blood	False	False	0.2756	5	True Conflict	mesenchymal stem cell	normal	volunteer firefighters
PXD020352	BRAVE_FF_HPlasD_Plex01_f12_Bane_24Aug19_19-05-06	Adipose tissue	0.1364	blood	False	False	0.2756	5	True Conflict	mesenchymal stem cell	normal	volunteer firefighters
PXD020352	BRAVE_FF_HPlasD_Plex01_f13_Bane_30Aug19_19-05-06	Adipose tissue	0.1291	blood	False	False	0.2756	5	True Conflict	mesenchymal stem cell	normal	volunteer firefighters
PXD020352	BRAVE_FF_HPlasD_Plex01_f14_Bane_30Aug19_19-05-06	Adipose tissue	0.106	blood	False	False	0.2756	5	True Conflict	mesenchymal stem cell	normal	volunteer firefighters
PXD020352	BRAVE_FF_HPlasD_Plex01_f15_Bane_30Aug19_19-05-06	Adipose tissue	0.1768	blood	False	False	0.2756	5	True Conflict	mesenchymal stem cell	normal	volunteer firefighters
PXD020352	BRAVE_FF_HPlasD_Plex01_f16_Bane_30Aug19_19-05-06	Adipose tissue	0.1413	blood	False	False	0.2756	5	True Conflict	mesenchymal stem cell	normal	volunteer firefighters
PXD020352	BRAVE_FF_HPlasD_Plex01_f17_Bane_30Aug19_19-05-06	Adipose tissue	0.1428	blood	False	False	0.2756	5	True Conflict	mesenchymal stem cell	normal	volunteer firefighters
PXD020352	BRAVE_FF_HPlasD_Plex01_f18_Bane_30Aug19_19-05-06	Adipose tissue	0.1576	blood	False	False	0.2756	5	True Conflict	mesenchymal stem cell	normal	volunteer firefighters
PXD020352	BRAVE_FF_HPlasD_Plex01_f19_Bane_30Aug19_19-05-06	Adipose tissue	0.1623	blood	False	False	0.2756	5	True Conflict	mesenchymal stem cell	normal	volunteer firefighters
PXD020352	BRAVE_FF_HPlasD_Plex01_f20_Bane_30Aug19_19-05-06	Adipose tissue	0.1453	blood	False	False	0.2756	5	True Conflict	mesenchymal stem cell	normal	volunteer firefighters
PXD020352	BRAVE_FF_HPlasD_Plex01_f21_Bane_30Aug19_19-05-06	Adipose tissue	0.1146	blood	False	False	0.2756	5	True Conflict	mesenchymal stem cell	normal	volunteer firefighters
PXD020352	BRAVE_FF_HPlasD_Plex01_f22_Bane_30Aug19_19-05-06	Adipose tissue	0.1203	blood	False	False	0.2756	5	True Conflict	mesenchymal stem cell	normal	volunteer firefighters
PXD020352	BRAVE_FF_HPlasD_Plex01_f23_Bane_30Aug19_19-05-06	Adipose tissue	0.1449	blood	False	False	0.2756	5	True Conflict	mesenchymal stem cell	normal	volunteer firefighters
PXD020352	BRAVE_FF_HPlasD_Plex01_f24_Bane_30Aug19_19-05-06	Adipose tissue	0.1541	blood	False	False	0.2756	5	True Conflict	mesenchymal stem cell	normal	volunteer firefighters
PXD020352	BRAVE_FF_HPlasD_Plex02_f01_Bane_24Aug19_19-05-06	Adipose tissue	0.1553	blood	False	False	0.2756	5	True Conflict	mesenchymal stem cell	normal	volunteer firefighters
PXD020352	BRAVE_FF_HPlasD_Plex02_f02_Bane_24Aug19_19-05-06	Adipose tissue	0.1167	blood	False	False	0.2756	5	True Conflict	mesenchymal stem cell	normal	volunteer firefighters
PXD020352	BRAVE_FF_HPlasD_Plex02_f03_Bane_24Aug19_19-05-06	Adrenal gland	0.1064	blood	False	False	0.2587	4	Distant Concordance (Organ System)	trunk region element	normal	volunteer firefighters
PXD020352	BRAVE_FF_HPlasD_Plex02_f04_Bane_24Aug19_19-05-06	Adipose tissue	0.1229	blood	False	False	0.2756	5	True Conflict	mesenchymal stem cell	normal	volunteer firefighters
PXD020352	BRAVE_FF_HPlasD_Plex02_f05_Bane_24Aug19_19-05-06	Adipose tissue	0.1488	blood	False	False	0.2756	5	True Conflict	mesenchymal stem cell	normal	volunteer firefighters
PXD020352	BRAVE_FF_HPlasD_Plex02_f06_Bane_24Aug19_19-05-06	Adipose tissue	0.1312	blood	False	False	0.2756	5	True Conflict	mesenchymal stem cell	normal	volunteer firefighters
PXD020352	BRAVE_FF_HPlasD_Plex02_f07_Bane_24Aug19_19-05-06	Brain	0.1383	blood	False	False	0.1343	4	Distant Concordance (Organ System)	anatomical system	normal	volunteer firefighters
PXD020352	BRAVE_FF_HPlasD_Plex02_f08_Bane_24Aug19_19-05-06	Adipose tissue	0.147	blood	False	False	0.2756	5	True Conflict	mesenchymal stem cell	normal	volunteer firefighters
PXD020352	BRAVE_FF_HPlasD_Plex02_f09_Bane_24Aug19_19-05-06	Bone marrow	0.1513	blood	False	False	0.7688	2	Near-Agreement (Subpart / Secretome)	hematopoietic system	normal	volunteer firefighters
PXD020352	BRAVE_FF_HPlasD_Plex02_f10_Bane_24Aug19_19-05-06	Monocytes	0.1043	blood	False	False	0.8311	4	Near-Agreement (Subpart / Secretome)	basophilic cytoplasm	normal	volunteer firefighters
PXD020352	BRAVE_FF_HPlasD_Plex02_f11_Bane_24Aug19_19-05-06	Adipose tissue	0.1744	blood	False	False	0.2756	5	True Conflict	mesenchymal stem cell	normal	volunteer firefighters
PXD020352	BRAVE_FF_HPlasD_Plex02_f12_Bane_24Aug19_19-05-06	Adipose tissue	0.1391	blood	False	False	0.2756	5	True Conflict	mesenchymal stem cell	normal	volunteer firefighters
PXD020352	BRAVE_FF_HPlasD_Plex02_f13_Bane_30Aug19_19-05-06	Bone marrow	0.1197	blood	False	False	0.7688	2	Near-Agreement (Subpart / Secretome)	hematopoietic system	normal	volunteer firefighters
PXD020352	BRAVE_FF_HPlasD_Plex02_f14_Bane_30Aug19_19-05-06	Adipose tissue	0.1262	blood	False	False	0.2756	5	True Conflict	mesenchymal stem cell	normal	volunteer firefighters
PXD020352	BRAVE_FF_HPlasD_Plex02_f15_Bane_30Aug19_19-05-06	Adipose tissue	0.1391	blood	False	False	0.2756	5	True Conflict	mesenchymal stem cell	normal	volunteer firefighters
PXD020352	BRAVE_FF_HPlasD_Plex02_f16_Bane_30Aug19_19-05-06	Brain	0.1292	blood	False	False	0.1343	4	Distant Concordance (Organ System)	anatomical system	normal	volunteer firefighters
PXD020352	BRAVE_FF_HPlasD_Plex02_f17_Bane_30Aug19_19-05-06	Adipose tissue	0.1539	blood	False	False	0.2756	5	True Conflict	mesenchymal stem cell	normal	volunteer firefighters
PXD020352	BRAVE_FF_HPlasD_Plex02_f18_Bane_30Aug19_19-05-06	Adipose tissue	0.1714	blood	False	False	0.2756	5	True Conflict	mesenchymal stem cell	normal	volunteer firefighters
PXD020352	BRAVE_FF_HPlasD_Plex02_f19_Bane_30Aug19_19-05-06	Adipose tissue	0.1454	blood	False	False	0.2756	5	True Conflict	mesenchymal stem cell	normal	volunteer firefighters
PXD020352	BRAVE_FF_HPlasD_Plex02_f20_Bane_30Aug19_19-05-06	Adipose tissue	0.1407	blood	False	False	0.2756	5	True Conflict	mesenchymal stem cell	normal	volunteer firefighters
PXD020352	BRAVE_FF_HPlasD_Plex02_f21_Bane_30Aug19_19-05-06	Adipose tissue	0.1468	blood	False	False	0.2756	5	True Conflict	mesenchymal stem cell	normal	volunteer firefighters
PXD020352	BRAVE_FF_HPlasD_Plex02_f22_Bane_30Aug19_19-05-06	Adipose tissue	0.1455	blood	False	False	0.2756	5	True Conflict	mesenchymal stem cell	normal	volunteer firefighters
PXD020352	BRAVE_FF_HPlasD_Plex02_f23_Bane_30Aug19_19-05-06	Adipose tissue	0.1224	blood	False	False	0.2756	5	True Conflict	mesenchymal stem cell	normal	volunteer firefighters
PXD020352	BRAVE_FF_HPlasD_Plex02_f24_Bane_30Aug19_19-05-06	Adipose tissue	0.1423	blood	False	False	0.2756	5	True Conflict	mesenchymal stem cell	normal	volunteer firefighters
PXD020352	BRAVE_FF_HPlasD_Plex03_f01_Bane_24Aug19_19-05-06	Testis	0.1397	blood	False	False	0.2126	5	True Conflict	primordium	normal	volunteer firefighters
PXD020352	BRAVE_FF_HPlasD_Plex03_f02_Bane_24Aug19_19-05-06	Bone marrow	0.1088	blood	False	False	0.7688	2	Near-Agreement (Subpart / Secretome)	hematopoietic system	normal	volunteer firefighters
PXD020352	BRAVE_FF_HPlasD_Plex03_f03_Bane_24Aug19_19-05-06	Adipose tissue	0.1114	blood	False	False	0.2756	5	True Conflict	mesenchymal stem cell	normal	volunteer firefighters
PXD020352	BRAVE_FF_HPlasD_Plex03_f04_Bane_24Aug19_19-05-06	Adipose tissue	0.1329	blood	False	False	0.2756	5	True Conflict	mesenchymal stem cell	normal	volunteer firefighters
PXD020352	BRAVE_FF_HPlasD_Plex03_f05_Bane_24Aug19_19-05-06	Adipose tissue	0.1402	blood	False	False	0.2756	5	True Conflict	mesenchymal stem cell	normal	volunteer firefighters
PXD020352	BRAVE_FF_HPlasD_Plex03_f06_Bane_24Aug19_19-05-06	Adipose tissue	0.0965	blood	False	False	0.2756	5	True Conflict	mesenchymal stem cell	normal	volunteer firefighters
PXD020352	BRAVE_FF_HPlasD_Plex03_f07_Bane_24Aug19_19-05-06	Brain	0.1228	blood	False	False	0.1343	4	Distant Concordance (Organ System)	anatomical system	normal	volunteer firefighters
PXD020352	BRAVE_FF_HPlasD_Plex03_f08_Bane_24Aug19_19-05-06	Adipose tissue	0.1328	blood	False	False	0.2756	5	True Conflict	mesenchymal stem cell	normal	volunteer firefighters
PXD020352	BRAVE_FF_HPlasD_Plex03_f09_Bane_24Aug19_19-05-06	Thyroid	0.1056	blood	False	False	0.2139	4	Distant Concordance (Organ System)	unilaminar epithelium	normal	volunteer firefighters
PXD020352	BRAVE_FF_HPlasD_Plex03_f10_Bane_24Aug19_19-05-06	Adipose tissue	0.122	blood	False	False	0.2756	5	True Conflict	mesenchymal stem cell	normal	volunteer firefighters
PXD020352	BRAVE_FF_HPlasD_Plex03_f11_Bane_24Aug19_19-05-06	Adipose tissue	0.1765	blood	False	False	0.2756	5	True Conflict	mesenchymal stem cell	normal	volunteer firefighters
PXD020352	BRAVE_FF_HPlasD_Plex03_f12_Bane_24Aug19_19-05-06	Adipose tissue	0.1209	blood	False	False	0.2756	5	True Conflict	mesenchymal stem cell	normal	volunteer firefighters
PXD020352	BRAVE_FF_HPlasD_Plex03_f13_Bane_30Aug19_19-05-06	Adipose tissue	0.1435	blood	False	False	0.2756	5	True Conflict	mesenchymal stem cell	normal	volunteer firefighters
PXD020352	BRAVE_FF_HPlasD_Plex03_f14_Bane_30Aug19_19-05-06	Adipose tissue	0.1247	blood	False	False	0.2756	5	True Conflict	mesenchymal stem cell	normal	volunteer firefighters
PXD020352	BRAVE_FF_HPlasD_Plex03_f15_Bane_30Aug19_19-05-06	Adipose tissue	0.1504	blood	False	False	0.2756	5	True Conflict	mesenchymal stem cell	normal	volunteer firefighters
PXD020352	BRAVE_FF_HPlasD_Plex03_f16_Bane_30Aug19_19-05-06	Adipose tissue	0.163	blood	False	False	0.2756	5	True Conflict	mesenchymal stem cell	normal	volunteer firefighters
PXD020352	BRAVE_FF_HPlasD_Plex03_f17_Bane_30Aug19_19-05-06	Adipose tissue	0.1528	blood	False	False	0.2756	5	True Conflict	mesenchymal stem cell	normal	volunteer firefighters
PXD020352	BRAVE_FF_HPlasD_Plex03_f18_Bane_30Aug19_19-05-06	Adipose tissue	0.1474	blood	False	False	0.2756	5	True Conflict	mesenchymal stem cell	normal	volunteer firefighters
PXD020352	BRAVE_FF_HPlasD_Plex03_f19_Bane_30Aug19_19-05-06	Adipose tissue	0.1217	blood	False	False	0.2756	5	True Conflict	mesenchymal stem cell	normal	volunteer firefighters
PXD020352	BRAVE_FF_HPlasD_Plex03_f20_Bane_30Aug19_19-05-06	Adrenal gland	0.1199	blood	False	False	0.2587	4	Distant Concordance (Organ System)	trunk region element	normal	volunteer firefighters
PXD020352	BRAVE_FF_HPlasD_Plex03_f21_Bane_30Aug19_19-05-06	Thyroid	0.1972	blood	False	False	0.2139	4	Distant Concordance (Organ System)	unilaminar epithelium	normal	volunteer firefighters
PXD020352	BRAVE_FF_HPlasD_Plex03_f22_Bane_30Aug19_19-05-06	Adipose tissue	0.1307	blood	False	False	0.2756	5	True Conflict	mesenchymal stem cell	normal	volunteer firefighters
PXD020352	BRAVE_FF_HPlasD_Plex03_f23_Bane_30Aug19_19-05-06	Adipose tissue	0.1103	blood	False	False	0.2756	5	True Conflict	mesenchymal stem cell	normal	volunteer firefighters
PXD020352	BRAVE_FF_HPlasD_Plex03_f24_Bane_30Aug19_19-05-06	Adipose tissue	0.107	blood	False	False	0.2756	5	True Conflict	mesenchymal stem cell	normal	volunteer firefighters
PXD022843	TMT_HS_sEV_G1_95min_frac10_20200113	Prostate	0.3366	seminal vesicle	False	False	0.8041	4	Near-Agreement (Subpart / Secretome)	male reproductive gland	normal; azoospermia	seminal plasma
PXD022843	TMT_HS_sEV_G1_95min_frac1_20200111	Prostate	0.2467	seminal vesicle	False	False	0.8041	4	Near-Agreement (Subpart / Secretome)	male reproductive gland	normal; azoospermia	seminal plasma
PXD022843	TMT_HS_sEV_G1_95min_frac2_20200111	Prostate	0.3595	seminal vesicle	False	False	0.8041	4	Near-Agreement (Subpart / Secretome)	male reproductive gland	normal; azoospermia	seminal plasma
PXD022843	TMT_HS_sEV_G1_95min_frac3_20200111	Prostate	0.4481	seminal vesicle	False	False	0.8041	4	Near-Agreement (Subpart / Secretome)	male reproductive gland	normal; azoospermia	seminal plasma
PXD022843	TMT_HS_sEV_G1_95min_frac4_20200111	Prostate	0.3695	seminal vesicle	False	False	0.8041	4	Near-Agreement (Subpart / Secretome)	male reproductive gland	normal; azoospermia	seminal plasma
PXD022843	TMT_HS_sEV_G1_95min_frac5_20200111	Prostate	0.1933	seminal vesicle	False	False	0.8041	4	Near-Agreement (Subpart / Secretome)	male reproductive gland	normal; azoospermia	seminal plasma
PXD022843	TMT_HS_sEV_G1_95min_frac6_20200111	Prostate	0.394	seminal vesicle	False	False	0.8041	4	Near-Agreement (Subpart / Secretome)	male reproductive gland	normal; azoospermia	seminal plasma
PXD022843	TMT_HS_sEV_G1_95min_frac7_20200111	Prostate	0.2102	seminal vesicle	False	False	0.8041	4	Near-Agreement (Subpart / Secretome)	male reproductive gland	normal; azoospermia	seminal plasma
PXD022843	TMT_HS_sEV_G1_95min_frac8_20200111	Prostate	0.3333	seminal vesicle	False	False	0.8041	4	Near-Agreement (Subpart / Secretome)	male reproductive gland	normal; azoospermia	seminal plasma
PXD022843	TMT_HS_sEV_G1_95min_frac9_20200113	Duodenum	0.1133	seminal vesicle	False	False	0.5219	5	Distant Concordance (Organ System)	secretion of exocrine gland	normal; azoospermia	seminal plasma
PXD022843	TMT_HS_sEV_G2_95min_frac10_20200114	Prostate	0.3586	seminal vesicle	False	False	0.8041	4	Near-Agreement (Subpart / Secretome)	male reproductive gland	normal; azoospermia	seminal plasma
PXD022843	TMT_HS_sEV_G2_95min_frac1_20200113	Prostate	0.4284	seminal vesicle	False	False	0.8041	4	Near-Agreement (Subpart / Secretome)	male reproductive gland	normal; azoospermia	seminal plasma
PXD022843	TMT_HS_sEV_G2_95min_frac2_20200113	Prostate	0.2504	seminal vesicle	False	False	0.8041	4	Near-Agreement (Subpart / Secretome)	male reproductive gland	normal; azoospermia	seminal plasma
PXD022843	TMT_HS_sEV_G2_95min_frac3_20200113	Prostate	0.4003	seminal vesicle	False	False	0.8041	4	Near-Agreement (Subpart / Secretome)	male reproductive gland	normal; azoospermia	seminal plasma
PXD022843	TMT_HS_sEV_G2_95min_frac4_20200113	Prostate	0.3753	seminal vesicle	False	False	0.8041	4	Near-Agreement (Subpart / Secretome)	male reproductive gland	normal; azoospermia	seminal plasma
PXD022843	TMT_HS_sEV_G2_95min_frac5_20200113	Prostate	0.1541	seminal vesicle	False	False	0.8041	4	Near-Agreement (Subpart / Secretome)	male reproductive gland	normal; azoospermia	seminal plasma
PXD022843	TMT_HS_sEV_G2_95min_frac6_20200113	Prostate	0.2528	seminal vesicle	False	False	0.8041	4	Near-Agreement (Subpart / Secretome)	male reproductive gland	normal; azoospermia	seminal plasma
PXD022843	TMT_HS_sEV_G2_95min_frac7_20200114	Prostate	0.1853	seminal vesicle	False	False	0.8041	4	Near-Agreement (Subpart / Secretome)	male reproductive gland	normal; azoospermia	seminal plasma
PXD022843	TMT_HS_sEV_G2_95min_frac8_20200114	Prostate	0.2009	seminal vesicle	False	False	0.8041	4	Near-Agreement (Subpart / Secretome)	male reproductive gland	normal; azoospermia	seminal plasma
PXD022843	TMT_HS_sEV_G2_95min_frac9_20200114	Duodenum	0.1186	seminal vesicle	False	False	0.5219	5	Distant Concordance (Organ System)	secretion of exocrine gland	normal; azoospermia	seminal plasma
PXD022843	TMT_HS_sEV_G3_95min_frac10_20200119	Prostate	0.3491	seminal vesicle	False	False	0.8041	4	Near-Agreement (Subpart / Secretome)	male reproductive gland	normal; azoospermia	seminal plasma
PXD022843	TMT_HS_sEV_G3_95min_frac1_20200114	Prostate	0.2479	seminal vesicle	False	False	0.8041	4	Near-Agreement (Subpart / Secretome)	male reproductive gland	normal; azoospermia	seminal plasma
PXD022843	TMT_HS_sEV_G3_95min_frac2_20200118	Prostate	0.3154	seminal vesicle	False	False	0.8041	4	Near-Agreement (Subpart / Secretome)	male reproductive gland	normal; azoospermia	seminal plasma
PXD022843	TMT_HS_sEV_G3_95min_frac3_20200118	Prostate	0.3654	seminal vesicle	False	False	0.8041	4	Near-Agreement (Subpart / Secretome)	male reproductive gland	normal; azoospermia	seminal plasma
PXD022843	TMT_HS_sEV_G3_95min_frac4_20200118	Prostate	0.3802	seminal vesicle	False	False	0.8041	4	Near-Agreement (Subpart / Secretome)	male reproductive gland	normal; azoospermia	seminal plasma
PXD022843	TMT_HS_sEV_G3_95min_frac5_20200118	Prostate	0.3065	seminal vesicle	False	False	0.8041	4	Near-Agreement (Subpart / Secretome)	male reproductive gland	normal; azoospermia	seminal plasma
PXD022843	TMT_HS_sEV_G3_95min_frac6_20200118	Prostate	0.4107	seminal vesicle	False	False	0.8041	4	Near-Agreement (Subpart / Secretome)	male reproductive gland	normal; azoospermia	seminal plasma
PXD022843	TMT_HS_sEV_G3_95min_frac7_20200119	Prostate	0.2697	seminal vesicle	False	False	0.8041	4	Near-Agreement (Subpart / Secretome)	male reproductive gland	normal; azoospermia	seminal plasma
PXD022843	TMT_HS_sEV_G3_95min_frac8_20200119	Prostate	0.2168	seminal vesicle	False	False	0.8041	4	Near-Agreement (Subpart / Secretome)	male reproductive gland	normal; azoospermia	seminal plasma
PXD022843	TMT_HS_sEV_G3_95min_frac9_20200119	Prostate	0.2096	seminal vesicle	False	False	0.8041	4	Near-Agreement (Subpart / Secretome)	male reproductive gland	normal; azoospermia	seminal plasma
PXD022843	TMT_phosph_HS_sEV_F1_20200119	Bone marrow	0.1339	seminal vesicle	False	False	0.2451	5	True Conflict	skeletal element	normal; azoospermia	seminal plasma
PXD022843	TMT_phosph_HS_sEV_F2_20200119	Prostate	0.2187	seminal vesicle	False	False	0.8041	4	Near-Agreement (Subpart / Secretome)	male reproductive gland	normal; azoospermia	seminal plasma
PXD022843	TMT_phosph_HS_sEV_F3_20200119	Prostate	0.2685	seminal vesicle	False	False	0.8041	4	Near-Agreement (Subpart / Secretome)	male reproductive gland	normal; azoospermia	seminal plasma
PXD022843	TMT_phosph_HS_sEV_F4_20200119	Prostate	0.2479	seminal vesicle	False	False	0.8041	4	Near-Agreement (Subpart / Secretome)	male reproductive gland	normal; azoospermia	seminal plasma
PXD022843	TMT_phosph_HS_sEV_F5_20200119	Prostate	0.4275	seminal vesicle	False	False	0.8041	4	Near-Agreement (Subpart / Secretome)	male reproductive gland	normal; azoospermia	seminal plasma
PXD030804	sp_cotton_fraction10_IGP1_xin_20210101	Salivary gland	0.129	testis	False	True	0.0849	4	Distant Concordance (Organ System)	embryo	normal	seminal plasma
PXD030804	sp_cotton_fraction10_IGP2_xin_20210101	Bone marrow	0.1755	testis	False	True	0.0935	5	True Conflict	embryo	normal	seminal plasma
PXD030804	sp_cotton_fraction10_IGP3_xin_20210101	Bone marrow	0.1394	testis	False	True	0.0935	5	True Conflict	embryo	normal	seminal plasma
PXD030804	sp_cotton_fraction11_IGP1_xin_20210101	Bone marrow	0.1654	testis	False	True	0.0935	5	True Conflict	embryo	normal	seminal plasma
PXD030804	sp_cotton_fraction11_IGP2_xin_20210101	Bone marrow	0.139	testis	False	True	0.0935	5	True Conflict	embryo	normal	seminal plasma
PXD030804	sp_cotton_fraction11_IGP3_xin_20210101	Prostate	0.2082	testis	False	True	0.7307	4	Near-Agreement (Subpart / Secretome)	male reproductive system	normal	seminal plasma
PXD030804	sp_cotton_fraction12_IGP1_xin_20210101	Prostate	0.2098	testis	False	True	0.7307	4	Near-Agreement (Subpart / Secretome)	male reproductive system	normal	seminal plasma
PXD030804	sp_cotton_fraction12_IGP2_xin_20210101	Bone marrow	0.2086	testis	False	True	0.0935	5	True Conflict	embryo	normal	seminal plasma
PXD030804	sp_cotton_fraction12_IGP3_xin_20210101	Bone marrow	0.1708	testis	False	True	0.0935	5	True Conflict	embryo	normal	seminal plasma
PXD030804	sp_cotton_fraction1_IGP1_xin_20210101	Prostate	0.2634	testis	False	True	0.7307	4	Near-Agreement (Subpart / Secretome)	male reproductive system	normal	seminal plasma
PXD030804	sp_cotton_fraction1_IGP2_xin_20210101	Prostate	0.2418	testis	False	True	0.7307	4	Near-Agreement (Subpart / Secretome)	male reproductive system	normal	seminal plasma
PXD030804	sp_cotton_fraction1_IGP3_xin_20210101	Prostate	0.4072	testis	False	True	0.7307	4	Near-Agreement (Subpart / Secretome)	male reproductive system	normal	seminal plasma
PXD030804	sp_cotton_fraction2_IGP2_xin_20210101	Prostate	0.2564	testis	False	True	0.7307	4	Near-Agreement (Subpart / Secretome)	male reproductive system	normal	seminal plasma
PXD030804	sp_cotton_fraction2_IGP3_xin_20210101	Bone marrow	0.1312	testis	False	True	0.0935	5	True Conflict	embryo	normal	seminal plasma
PXD030804	sp_cotton_fraction2_IGP_1xin_20210101	Prostate	0.2101	testis	False	True	0.7307	4	Near-Agreement (Subpart / Secretome)	male reproductive system	normal	seminal plasma
PXD030804	sp_cotton_fraction3_IGP2_xin_20210101	Prostate	0.2133	testis	False	True	0.7307	4	Near-Agreement (Subpart / Secretome)	male reproductive system	normal	seminal plasma
PXD030804	sp_cotton_fraction3_IGP3_xin_20210101	Prostate	0.2188	testis	False	True	0.7307	4	Near-Agreement (Subpart / Secretome)	male reproductive system	normal	seminal plasma
PXD030804	sp_cotton_fraction3_IGP_1xin_20210101	Prostate	0.2187	testis	False	True	0.7307	4	Near-Agreement (Subpart / Secretome)	male reproductive system	normal	seminal plasma
PXD030804	sp_cotton_fraction4_IGP1_xin_20210101	Prostate	0.2289	testis	False	True	0.7307	4	Near-Agreement (Subpart / Secretome)	male reproductive system	normal	seminal plasma
PXD030804	sp_cotton_fraction4_IGP2_xin_20210101	Prostate	0.2283	testis	False	True	0.7307	4	Near-Agreement (Subpart / Secretome)	male reproductive system	normal	seminal plasma
PXD030804	sp_cotton_fraction4_IGP3_xin_20210101	Prostate	0.2397	testis	False	True	0.7307	4	Near-Agreement (Subpart / Secretome)	male reproductive system	normal	seminal plasma
PXD030804	sp_cotton_fraction5_IGP1_xin_20210101	Prostate	0.2243	testis	False	True	0.7307	4	Near-Agreement (Subpart / Secretome)	male reproductive system	normal	seminal plasma
PXD030804	sp_cotton_fraction5_IGP2_xin_20210101	Prostate	0.2214	testis	False	True	0.7307	4	Near-Agreement (Subpart / Secretome)	male reproductive system	normal	seminal plasma
PXD030804	sp_cotton_fraction5_IGP3_xin_20210101	Prostate	0.246	testis	False	True	0.7307	4	Near-Agreement (Subpart / Secretome)	male reproductive system	normal	seminal plasma
PXD030804	sp_cotton_fraction6_IGP1_xin_20210101	Prostate	0.1997	testis	False	True	0.7307	4	Near-Agreement (Subpart / Secretome)	male reproductive system	normal	seminal plasma
PXD030804	sp_cotton_fraction6_IGP2_xin_20210101	Prostate	0.2145	testis	False	True	0.7307	4	Near-Agreement (Subpart / Secretome)	male reproductive system	normal	seminal plasma
PXD030804	sp_cotton_fraction6_IGP3_xin_20210101	Prostate	0.2139	testis	False	True	0.7307	4	Near-Agreement (Subpart / Secretome)	male reproductive system	normal	seminal plasma
PXD030804	sp_cotton_fraction7_IGP1_xin_20210101	Bone marrow	0.1887	testis	False	True	0.0935	5	True Conflict	embryo	normal	seminal plasma
PXD030804	sp_cotton_fraction7_IGP2_xin_20210101	Bone marrow	0.204	testis	False	True	0.0935	5	True Conflict	embryo	normal	seminal plasma
PXD030804	sp_cotton_fraction7_IGP3_xin_20210101	Bone marrow	0.1976	testis	False	True	0.0935	5	True Conflict	embryo	normal	seminal plasma
PXD030804	sp_cotton_fraction8_IGP1_xin_20210101	Bone marrow	0.1832	testis	False	True	0.0935	5	True Conflict	embryo	normal	seminal plasma
PXD030804	sp_cotton_fraction8_IGP2_xin_20210101	Bone marrow	0.1557	testis	False	True	0.0935	5	True Conflict	embryo	normal	seminal plasma
PXD030804	sp_cotton_fraction8_IGP3_xin_20210101	Bone marrow	0.1758	testis	False	True	0.0935	5	True Conflict	embryo	normal	seminal plasma
PXD030804	sp_cotton_fraction9_IGP1_xin_20210101	Salivary gland	0.1478	testis	False	True	0.0849	4	Distant Concordance (Organ System)	embryo	normal	seminal plasma
PXD030804	sp_cotton_fraction9_IGP2_xin_20210101	Prostate	0.2182	testis	False	True	0.7307	4	Near-Agreement (Subpart / Secretome)	male reproductive system	normal	seminal plasma
PXD030804	sp_cotton_fraction9_IGP3_xin_20210101	Salivary gland	0.1485	testis	False	True	0.0849	4	Distant Concordance (Organ System)	embryo	normal	seminal plasma
PXD046405	211104_AC_serumCBG_1	Bone marrow	0.1596	liver; gallbladder	False	True	0.4121	4	Distant Concordance (Organ System)	non-connected functional system	normal	blood serum
PXD046405	220414_AC_serumCBG_2	Bone marrow	0.1555	liver; gallbladder	False	True	0.4121	4	Distant Concordance (Organ System)	non-connected functional system	normal	blood serum
PXD046405	Asialo_rCBG_NE_120s_1	Bone marrow	0.1736	liver; gallbladder	False	True	0.4121	4	Distant Concordance (Organ System)	non-connected functional system	normal	blood serum
PXD046405	Asialo_rCBG_NE_120s_2	Bone marrow	0.1567	liver; gallbladder	False	True	0.4121	4	Distant Concordance (Organ System)	non-connected functional system	normal	blood serum
PXD046405	Asialo_rCBG_NE_120s_3	Bone marrow	0.1612	liver; gallbladder	False	True	0.4121	4	Distant Concordance (Organ System)	non-connected functional system	normal	blood serum
PXD046405	Asialo_rCBG_NE_15s_1	Bone marrow	0.1485	liver; gallbladder	False	True	0.4121	4	Distant Concordance (Organ System)	non-connected functional system	normal	blood serum
PXD046405	Asialo_rCBG_NE_15s_2	Bone marrow	0.1455	liver; gallbladder	False	True	0.4121	4	Distant Concordance (Organ System)	non-connected functional system	normal	blood serum
PXD046405	Asialo_rCBG_NE_15s_3	Bone marrow	0.1419	liver; gallbladder	False	True	0.4121	4	Distant Concordance (Organ System)	non-connected functional system	normal	blood serum
PXD046405	Asialo_rCBG_NE_240s_1	Bone marrow	0.1561	liver; gallbladder	False	True	0.4121	4	Distant Concordance (Organ System)	non-connected functional system	normal	blood serum
PXD046405	Asialo_rCBG_NE_240s_2	Bone marrow	0.1883	liver; gallbladder	False	True	0.4121	4	Distant Concordance (Organ System)	non-connected functional system	normal	blood serum
PXD046405	Asialo_rCBG_NE_240s_3	Bone marrow	0.157	liver; gallbladder	False	True	0.4121	4	Distant Concordance (Organ System)	non-connected functional system	normal	blood serum
PXD046405	Asialo_rCBG_NE_30s_1	Bone marrow	0.1573	liver; gallbladder	False	True	0.4121	4	Distant Concordance (Organ System)	non-connected functional system	normal	blood serum
PXD046405	Asialo_rCBG_NE_30s_2	Bone marrow	0.1539	liver; gallbladder	False	True	0.4121	4	Distant Concordance (Organ System)	non-connected functional system	normal	blood serum
PXD046405	Asialo_rCBG_NE_30s_3	Bone marrow	0.1582	liver; gallbladder	False	True	0.4121	4	Distant Concordance (Organ System)	non-connected functional system	normal	blood serum
PXD046405	Asialo_rCBG_NE_480s_1	Bone marrow	0.1872	liver; gallbladder	False	True	0.4121	4	Distant Concordance (Organ System)	non-connected functional system	normal	blood serum
PXD046405	Asialo_rCBG_NE_480s_2	Bone marrow	0.1514	liver; gallbladder	False	True	0.4121	4	Distant Concordance (Organ System)	non-connected functional system	normal	blood serum
PXD046405	Asialo_rCBG_NE_480s_3	Bone marrow	0.1628	liver; gallbladder	False	True	0.4121	4	Distant Concordance (Organ System)	non-connected functional system	normal	blood serum
PXD046405	Asialo_rCBG_NE_60s_1	Bone marrow	0.1358	liver; gallbladder	False	True	0.4121	4	Distant Concordance (Organ System)	non-connected functional system	normal	blood serum
PXD046405	Asialo_rCBG_NE_60s_2	Bone marrow	0.1477	liver; gallbladder	False	True	0.4121	4	Distant Concordance (Organ System)	non-connected functional system	normal	blood serum
PXD046405	Asialo_rCBG_NE_60s_3	Bone marrow	0.1593	liver; gallbladder	False	True	0.4121	4	Distant Concordance (Organ System)	non-connected functional system	normal	blood serum
PXD046405	Asialo_rCBG_control_1	Bone marrow	0.1304	liver; gallbladder	False	True	0.4121	4	Distant Concordance (Organ System)	non-connected functional system	normal	blood serum
PXD046405	Asialo_rCBG_control_2	Bone marrow	0.1303	liver; gallbladder	False	True	0.4121	4	Distant Concordance (Organ System)	non-connected functional system	normal	blood serum
PXD046405	Asialo_rCBG_control_3	Bone marrow	0.1346	liver; gallbladder	False	True	0.4121	4	Distant Concordance (Organ System)	non-connected functional system	normal	blood serum
PXD046405	EThcD_RCL_GalNAc_T2	Bone marrow	0.1968	liver; gallbladder	False	True	0.4121	4	Distant Concordance (Organ System)	non-connected functional system	normal	blood serum
PXD046405	EThcD_RCL_GalNAc_T3	Bone marrow	0.1968	liver; gallbladder	False	True	0.4121	4	Distant Concordance (Organ System)	non-connected functional system	normal	blood serum
PXD046405	Eclipse_serumCBG_1	Bone marrow	0.184	liver; gallbladder	False	True	0.4121	4	Distant Concordance (Organ System)	non-connected functional system	normal	blood serum
PXD046405	Eclipse_serumCBG_2	Bone marrow	0.1779	liver; gallbladder	False	True	0.4121	4	Distant Concordance (Organ System)	non-connected functional system	normal	blood serum
PXD046405	Eclipse_serumCBG_3	Bone marrow	0.1815	liver; gallbladder	False	True	0.4121	4	Distant Concordance (Organ System)	non-connected functional system	normal	blood serum
PXD046405	Eclipse_serumCBG_PNGaseF_1	Bone marrow	0.1502	liver; gallbladder	False	True	0.4121	4	Distant Concordance (Organ System)	non-connected functional system	normal	blood serum
PXD046405	Eclipse_serumCBG_PNGaseF_2	Bone marrow	0.1619	liver; gallbladder	False	True	0.4121	4	Distant Concordance (Organ System)	non-connected functional system	normal	blood serum
PXD046405	Eclipse_serumCBG_PNGaseF_3	Bone marrow	0.1421	liver; gallbladder	False	True	0.4121	4	Distant Concordance (Organ System)	non-connected functional system	normal	blood serum
PXD046405	Lumos_rCBG	Bone marrow	0.1582	liver; gallbladder	False	True	0.4121	4	Distant Concordance (Organ System)	non-connected functional system	normal	blood serum
PXD046405	rCBG_NE_120s_1	Bone marrow	0.1737	liver; gallbladder	False	True	0.4121	4	Distant Concordance (Organ System)	non-connected functional system	normal	blood serum
PXD046405	rCBG_NE_120s_2	Bone marrow	0.1408	liver; gallbladder	False	True	0.4121	4	Distant Concordance (Organ System)	non-connected functional system	normal	blood serum
PXD046405	rCBG_NE_120s_3	Bone marrow	0.1559	liver; gallbladder	False	True	0.4121	4	Distant Concordance (Organ System)	non-connected functional system	normal	blood serum
PXD046405	rCBG_NE_15s_1	Bone marrow	0.1635	liver; gallbladder	False	True	0.4121	4	Distant Concordance (Organ System)	non-connected functional system	normal	blood serum
PXD046405	rCBG_NE_15s_2	Bone marrow	0.133	liver; gallbladder	False	True	0.4121	4	Distant Concordance (Organ System)	non-connected functional system	normal	blood serum
PXD046405	rCBG_NE_15s_3	Bone marrow	0.154	liver; gallbladder	False	True	0.4121	4	Distant Concordance (Organ System)	non-connected functional system	normal	blood serum
PXD046405	rCBG_NE_240s_1	Bone marrow	0.1855	liver; gallbladder	False	True	0.4121	4	Distant Concordance (Organ System)	non-connected functional system	normal	blood serum
PXD046405	rCBG_NE_240s_2	Bone marrow	0.1471	liver; gallbladder	False	True	0.4121	4	Distant Concordance (Organ System)	non-connected functional system	normal	blood serum
PXD046405	rCBG_NE_240s_3	Bone marrow	0.1547	liver; gallbladder	False	True	0.4121	4	Distant Concordance (Organ System)	non-connected functional system	normal	blood serum
PXD046405	rCBG_NE_30s_1	Bone marrow	0.1734	liver; gallbladder	False	True	0.4121	4	Distant Concordance (Organ System)	non-connected functional system	normal	blood serum
PXD046405	rCBG_NE_30s_2	Bone marrow	0.1334	liver; gallbladder	False	True	0.4121	4	Distant Concordance (Organ System)	non-connected functional system	normal	blood serum
PXD046405	rCBG_NE_30s_3	Bone marrow	0.1613	liver; gallbladder	False	True	0.4121	4	Distant Concordance (Organ System)	non-connected functional system	normal	blood serum
PXD046405	rCBG_NE_480s_1	Bone marrow	0.1888	liver; gallbladder	False	True	0.4121	4	Distant Concordance (Organ System)	non-connected functional system	normal	blood serum
PXD046405	rCBG_NE_480s_2	Bone marrow	0.1585	liver; gallbladder	False	True	0.4121	4	Distant Concordance (Organ System)	non-connected functional system	normal	blood serum
PXD046405	rCBG_NE_480s_3	Bone marrow	0.1438	liver; gallbladder	False	True	0.4121	4	Distant Concordance (Organ System)	non-connected functional system	normal	blood serum
PXD046405	rCBG_NE_60s_1	Bone marrow	0.1755	liver; gallbladder	False	True	0.4121	4	Distant Concordance (Organ System)	non-connected functional system	normal	blood serum
PXD046405	rCBG_NE_60s_2	Bone marrow	0.1522	liver; gallbladder	False	True	0.4121	4	Distant Concordance (Organ System)	non-connected functional system	normal	blood serum
PXD046405	rCBG_NE_60s_3	Bone marrow	0.1592	liver; gallbladder	False	True	0.4121	4	Distant Concordance (Organ System)	non-connected functional system	normal	blood serum
PXD046405	rCBG_control_1	Bone marrow	0.1497	liver; gallbladder	False	True	0.4121	4	Distant Concordance (Organ System)	non-connected functional system	normal	blood serum
PXD046405	rCBG_control_2	Ovary	0.297	liver; gallbladder	False	True	0.2315	4	Distant Concordance (Organ System)	primordium	normal	blood serum
PXD046405	rCBG_control_3	Bone marrow	0.1366	liver; gallbladder	False	True	0.4121	4	Distant Concordance (Organ System)	non-connected functional system	normal	blood serum
PXD046417	/public/conode53/AIRFLOW/temp/PXD046417/diann/20230803_AST1_Neo1_UHG_7min_DIA_RR_1_4th_001	Brain	0.4773	brain	True	True	1.0	0	Exact Match	brain	normal	
PXD046417	/public/conode53/AIRFLOW/temp/PXD046417/diann/20230803_AST1_Neo1_UHG_7min_DIA_RR_1_4th_002	Brain	0.4658	brain	True	True	1.0	0	Exact Match	brain	normal	
PXD046417	/public/conode53/AIRFLOW/temp/PXD046417/diann/20230803_AST1_Neo1_UHG_7min_DIA_RR_1_4th_003	Brain	0.6272	brain	True	True	1.0	0	Exact Match	brain	normal	
PXD046417	/public/conode53/AIRFLOW/temp/PXD046417/diann/20230803_AST1_Neo1_UHG_7min_DIA_RR_1_4th_004	Brain	0.3478	brain	True	True	1.0	0	Exact Match	brain	normal	
PXD046417	/public/conode53/AIRFLOW/temp/PXD046417/diann/20230803_AST1_Neo1_UHG_7min_DIA_RR_1_4th_005	Brain	0.5742	brain	True	True	1.0	0	Exact Match	brain	normal	
PXD046417	/public/conode53/AIRFLOW/temp/PXD046417/diann/20230803_AST1_Neo1_UHG_7min_DIA_RR_1_4th_006	Brain	0.2642	brain	True	True	1.0	0	Exact Match	brain	normal	
PXD046417	/public/conode53/AIRFLOW/temp/PXD046417/diann/20230803_AST1_Neo1_UHG_7min_DIA_RR_1_4th_007	Brain	0.472	brain	True	True	1.0	0	Exact Match	brain	normal	
PXD046417	/public/conode53/AIRFLOW/temp/PXD046417/diann/20230803_AST1_Neo1_UHG_7min_DIA_RR_1_4th_008	Brain	0.3621	brain	True	True	1.0	0	Exact Match	brain	normal	
PXD046417	/public/conode53/AIRFLOW/temp/PXD046417/diann/20230803_AST1_Neo1_UHG_7min_DIA_RR_1_4th_009	Brain	0.5876	brain	True	True	1.0	0	Exact Match	brain	normal	
PXD046417	/public/conode53/AIRFLOW/temp/PXD046417/diann/20230803_AST1_Neo1_UHG_7min_DIA_RR_1_4th_010	Brain	0.5256	brain	True	True	1.0	0	Exact Match	brain	normal	
PXD046417	/public/conode53/AIRFLOW/temp/PXD046417/diann/20230803_AST1_Neo1_UHG_7min_DIA_RR_1_4th_011	Brain	0.5803	brain	True	True	1.0	0	Exact Match	brain	normal	
PXD046417	/public/conode53/AIRFLOW/temp/PXD046417/diann/20230803_AST1_Neo1_UHG_7min_DIA_RR_1_4th_012	Brain	0.3588	brain	True	True	1.0	0	Exact Match	brain	normal	
PXD046417	/public/conode53/AIRFLOW/temp/PXD046417/diann/20230803_AST1_Neo1_UHG_7min_DIA_RR_1_4th_013	Brain	0.5935	brain	True	True	1.0	0	Exact Match	brain	normal	
PXD046417	/public/conode53/AIRFLOW/temp/PXD046417/diann/20230803_AST1_Neo1_UHG_7min_DIA_RR_1_4th_014	Brain	0.4773	brain	True	True	1.0	0	Exact Match	brain	normal	
PXD046417	/public/conode53/AIRFLOW/temp/PXD046417/diann/20230803_AST1_Neo1_UHG_7min_DIA_RR_1_4th_015	Brain	0.6423	brain	True	True	1.0	0	Exact Match	brain	normal	
PXD046417	/public/conode53/AIRFLOW/temp/PXD046417/diann/20230803_AST1_Neo1_UHG_7min_DIA_RR_1_4th_016	Brain	0.4588	brain	True	True	1.0	0	Exact Match	brain	normal	
PXD046417	/public/conode53/AIRFLOW/temp/PXD046417/diann/20230803_AST1_Neo1_UHG_7min_DIA_RR_1_4th_017	Brain	0.5614	brain	True	True	1.0	0	Exact Match	brain	normal	
PXD046417	/public/conode53/AIRFLOW/temp/PXD046417/diann/20230803_AST1_Neo1_UHG_7min_DIA_RR_1_4th_018	Brain	0.6395	brain	True	True	1.0	0	Exact Match	brain	normal	
PXD046417	/public/conode53/AIRFLOW/temp/PXD046417/diann/20230803_AST1_Neo1_UHG_7min_DIA_RR_1_4th_019	Brain	0.3483	brain	True	True	1.0	0	Exact Match	brain	normal	
PXD046417	/public/conode53/AIRFLOW/temp/PXD046417/diann/20230803_AST1_Neo1_UHG_7min_DIA_RR_1_4th_020	Brain	0.5914	brain	True	True	1.0	0	Exact Match	brain	normal	
PXD046417	/public/conode53/AIRFLOW/temp/PXD046417/diann/20230803_AST1_Neo1_UHG_7min_DIA_RR_1_4th_021	Brain	0.3413	brain	True	True	1.0	0	Exact Match	brain	normal	
PXD046417	/public/conode53/AIRFLOW/temp/PXD046417/diann/20230803_AST1_Neo1_UHG_7min_DIA_RR_1_4th_022	Brain	0.4599	brain	True	True	1.0	0	Exact Match	brain	normal	
PXD046417	/public/conode53/AIRFLOW/temp/PXD046417/diann/20230803_AST1_Neo1_UHG_7min_DIA_RR_1_4th_023	Brain	0.5842	brain	True	True	1.0	0	Exact Match	brain	normal	
PXD046417	/public/conode53/AIRFLOW/temp/PXD046417/diann/20230803_AST1_Neo1_UHG_7min_DIA_RR_1_4th_024	Brain	0.6141	brain	True	True	1.0	0	Exact Match	brain	normal	
PXD046417	/public/conode53/AIRFLOW/temp/PXD046417/diann/20230803_AST1_Neo1_UHG_7min_DIA_RR_1_4th_025	Brain	0.461	brain	True	True	1.0	0	Exact Match	brain	normal	
PXD046417	/public/conode53/AIRFLOW/temp/PXD046417/diann/20230803_AST1_Neo1_UHG_7min_DIA_RR_1_4th_026	Brain	0.3457	brain	True	True	1.0	0	Exact Match	brain	normal	
PXD046417	/public/conode53/AIRFLOW/temp/PXD046417/diann/20230803_AST1_Neo1_UHG_7min_DIA_RR_1_4th_027	Brain	0.6453	brain	True	True	1.0	0	Exact Match	brain	normal	
PXD046417	/public/conode53/AIRFLOW/temp/PXD046417/diann/20230803_AST1_Neo1_UHG_7min_DIA_RR_1_4th_028	Brain	0.6524	brain	True	True	1.0	0	Exact Match	brain	normal	
PXD046417	/public/conode53/AIRFLOW/temp/PXD046417/diann/20230803_AST1_Neo1_UHG_7min_DIA_RR_1_4th_029	Brain	0.3997	brain	True	True	1.0	0	Exact Match	brain	normal	
PXD046417	/public/conode53/AIRFLOW/temp/PXD046417/diann/20230803_AST1_Neo1_UHG_7min_DIA_RR_1_4th_030	Brain	0.4708	brain	True	True	1.0	0	Exact Match	brain	normal	
PXD046417	/public/conode53/AIRFLOW/temp/PXD046417/diann/20230803_AST1_Neo1_UHG_7min_DIA_RR_1_4th_031	Brain	0.4978	brain	True	True	1.0	0	Exact Match	brain	normal	
PXD046417	/public/conode53/AIRFLOW/temp/PXD046417/diann/20230803_AST1_Neo1_UHG_7min_DIA_RR_1_4th_033	Brain	0.5663	brain	True	True	1.0	0	Exact Match	brain	normal	
PXD046417	/public/conode53/AIRFLOW/temp/PXD046417/diann/20230803_AST1_Neo1_UHG_7min_DIA_RR_1_4th_034	Brain	0.4985	brain	True	True	1.0	0	Exact Match	brain	normal	
PXD046417	/public/conode53/AIRFLOW/temp/PXD046417/diann/20230803_AST1_Neo1_UHG_7min_DIA_RR_1_4th_035	Brain	0.4407	brain	True	True	1.0	0	Exact Match	brain	normal	
PXD046417	/public/conode53/AIRFLOW/temp/PXD046417/diann/20230803_AST1_Neo1_UHG_7min_DIA_RR_1_4th_036	Brain	0.4831	brain	True	True	1.0	0	Exact Match	brain	normal	
PXD046417	/public/conode53/AIRFLOW/temp/PXD046417/diann/20230803_AST1_Neo1_UHG_7min_DIA_RR_1_4th_037	Brain	0.5061	brain	True	True	1.0	0	Exact Match	brain	normal	
PXD046417	/public/conode53/AIRFLOW/temp/PXD046417/diann/20230803_AST1_Neo1_UHG_7min_DIA_RR_1_4th_038	Brain	0.5743	brain	True	True	1.0	0	Exact Match	brain	normal	
PXD046417	/public/conode53/AIRFLOW/temp/PXD046417/diann/20230803_AST1_Neo1_UHG_7min_DIA_RR_1_4th_039	Brain	0.3034	brain	True	True	1.0	0	Exact Match	brain	normal	
PXD046417	/public/conode53/AIRFLOW/temp/PXD046417/diann/20230803_AST1_Neo1_UHG_7min_DIA_RR_1_4th_040	Brain	0.368	brain	True	True	1.0	0	Exact Match	brain	normal	
PXD046417	/public/conode53/AIRFLOW/temp/PXD046417/diann/20230803_AST1_Neo1_UHG_7min_DIA_RR_1_4th_041	Brain	0.6031	brain	True	True	1.0	0	Exact Match	brain	normal	
PXD046417	/public/conode53/AIRFLOW/temp/PXD046417/diann/20230803_AST1_Neo1_UHG_7min_DIA_RR_1_4th_042	Brain	0.469	brain	True	True	1.0	0	Exact Match	brain	normal	
PXD046417	/public/conode53/AIRFLOW/temp/PXD046417/diann/20230803_AST1_Neo1_UHG_7min_DIA_RR_1_4th_043	Brain	0.4842	brain	True	True	1.0	0	Exact Match	brain	normal	
PXD046417	/public/conode53/AIRFLOW/temp/PXD046417/diann/20230803_AST1_Neo1_UHG_7min_DIA_RR_1_4th_044	Brain	0.5683	brain	True	True	1.0	0	Exact Match	brain	normal	
PXD046417	/public/conode53/AIRFLOW/temp/PXD046417/diann/20230803_AST1_Neo1_UHG_7min_DIA_RR_1_4th_045	Brain	0.435	brain	True	True	1.0	0	Exact Match	brain	normal	
PXD046417	/public/conode53/AIRFLOW/temp/PXD046417/diann/20230803_AST1_Neo1_UHG_7min_DIA_RR_1_4th_046	Brain	0.4901	brain	True	True	1.0	0	Exact Match	brain	normal	
PXD046417	/public/conode53/AIRFLOW/temp/PXD046417/diann/20230803_AST1_Neo1_UHG_7min_DIA_RR_1_4th_047	Brain	0.3478	brain	True	True	1.0	0	Exact Match	brain	normal	
PXD046417	/public/conode53/AIRFLOW/temp/PXD046417/diann/20230803_AST1_Neo1_UHG_7min_DIA_RR_1_4th_048	Brain	0.4822	brain	True	True	1.0	0	Exact Match	brain	normal	
PXD046417	/public/conode53/AIRFLOW/temp/PXD046417/diann/20230803_AST1_Neo1_UHG_7min_DIA_RR_1_4th_049	Brain	0.2308	brain	True	True	1.0	0	Exact Match	brain	normal	
PXD046417	/public/conode53/AIRFLOW/temp/PXD046417/diann/20230803_AST1_Neo1_UHG_7min_DIA_RR_1_4th_050	Brain	0.4604	brain	True	True	1.0	0	Exact Match	brain	normal	
PXD046417	/public/conode53/AIRFLOW/temp/PXD046417/diann/20230803_AST1_Neo1_UHG_7min_DIA_RR_1_4th_051	Brain	0.6629	brain	True	True	1.0	0	Exact Match	brain	normal	
PXD046417	/public/conode53/AIRFLOW/temp/PXD046417/diann/20230803_AST1_Neo1_UHG_7min_DIA_RR_1_4th_052	Brain	0.346	brain	True	True	1.0	0	Exact Match	brain	normal	
PXD046417	/public/conode53/AIRFLOW/temp/PXD046417/diann/20230803_AST1_Neo1_UHG_7min_DIA_RR_1_4th_053	Brain	0.4757	brain	True	True	1.0	0	Exact Match	brain	normal	
PXD046417	/public/conode53/AIRFLOW/temp/PXD046417/diann/20230803_AST1_Neo1_UHG_7min_DIA_RR_1_4th_054	Brain	0.5881	brain	True	True	1.0	0	Exact Match	brain	normal	
PXD046417	/public/conode53/AIRFLOW/temp/PXD046417/diann/20230803_AST1_Neo1_UHG_7min_DIA_RR_1_4th_055	Brain	0.4662	brain	True	True	1.0	0	Exact Match	brain	normal	
PXD046417	/public/conode53/AIRFLOW/temp/PXD046417/diann/20230803_AST1_Neo1_UHG_7min_DIA_RR_1_4th_056	Brain	0.5728	brain	True	True	1.0	0	Exact Match	brain	normal	
PXD046417	/public/conode53/AIRFLOW/temp/PXD046417/diann/20230803_AST1_Neo1_UHG_7min_DIA_RR_1_4th_057	Brain	0.4874	brain	True	True	1.0	0	Exact Match	brain	normal	
PXD046417	/public/conode53/AIRFLOW/temp/PXD046417/diann/20230803_AST1_Neo1_UHG_7min_DIA_RR_1_4th_058	Brain	0.4979	brain	True	True	1.0	0	Exact Match	brain	normal	
PXD046417	/public/conode53/AIRFLOW/temp/PXD046417/diann/20230803_AST1_Neo1_UHG_7min_DIA_RR_1_4th_059	Brain	0.473	brain	True	True	1.0	0	Exact Match	brain	normal	
PXD046417	/public/conode53/AIRFLOW/temp/PXD046417/diann/20230803_AST1_Neo1_UHG_7min_DIA_RR_1_4th_060	Brain	0.4978	brain	True	True	1.0	0	Exact Match	brain	normal	
PXD046417	/public/conode53/AIRFLOW/temp/PXD046417/diann/20230803_AST1_Neo1_UHG_7min_DIA_RR_1_4th_061	Brain	0.3185	brain	True	True	1.0	0	Exact Match	brain	normal	
PXD046417	/public/conode53/AIRFLOW/temp/PXD046417/diann/20230803_AST1_Neo1_UHG_7min_DIA_RR_1_4th_062	Brain	0.3376	brain	True	True	1.0	0	Exact Match	brain	normal	
PXD046417	/public/conode53/AIRFLOW/temp/PXD046417/diann/20230803_AST1_Neo1_UHG_7min_DIA_RR_1_4th_063	Brain	0.6312	brain	True	True	1.0	0	Exact Match	brain	normal	
PXD046417	/public/conode53/AIRFLOW/temp/PXD046417/diann/20230803_AST1_Neo1_UHG_7min_DIA_RR_1_4th_064	Brain	0.3661	brain	True	True	1.0	0	Exact Match	brain	normal	
PXD046417	/public/conode53/AIRFLOW/temp/PXD046417/diann/20230803_AST1_Neo1_UHG_7min_DIA_RR_1_4th_065	Brain	0.4983	brain	True	True	1.0	0	Exact Match	brain	normal	
PXD046417	/public/conode53/AIRFLOW/temp/PXD046417/diann/20230803_AST1_Neo1_UHG_7min_DIA_RR_1_4th_066	Brain	0.3734	brain	True	True	1.0	0	Exact Match	brain	normal	
PXD046417	/public/conode53/AIRFLOW/temp/PXD046417/diann/20230803_AST1_Neo1_UHG_7min_DIA_RR_1_4th_067	Brain	0.3717	brain	True	True	1.0	0	Exact Match	brain	normal	
PXD046417	/public/conode53/AIRFLOW/temp/PXD046417/diann/20230803_AST1_Neo1_UHG_7min_DIA_RR_1_4th_068	Brain	0.5846	brain	True	True	1.0	0	Exact Match	brain	normal	
PXD046417	/public/conode53/AIRFLOW/temp/PXD046417/diann/20230803_AST1_Neo1_UHG_7min_DIA_RR_1_4th_069	Brain	0.632	brain	True	True	1.0	0	Exact Match	brain	normal	
PXD046417	/public/conode53/AIRFLOW/temp/PXD046417/diann/20230803_AST1_Neo1_UHG_7min_DIA_RR_1_4th_070	Brain	0.5432	brain	True	True	1.0	0	Exact Match	brain	normal	
PXD046417	/public/conode53/AIRFLOW/temp/PXD046417/diann/20230803_AST1_Neo1_UHG_7min_DIA_RR_1_4th_071	Brain	0.4269	brain	True	True	1.0	0	Exact Match	brain	normal	
PXD046417	/public/conode53/AIRFLOW/temp/PXD046417/diann/20230803_AST1_Neo1_UHG_7min_DIA_RR_1_4th_072	Brain	0.3422	brain	True	True	1.0	0	Exact Match	brain	normal	
PXD046417	/public/conode53/AIRFLOW/temp/PXD046417/diann/20230803_AST1_Neo1_UHG_7min_DIA_RR_1_4th_073	Brain	0.4515	brain	True	True	1.0	0	Exact Match	brain	normal	
PXD046417	/public/conode53/AIRFLOW/temp/PXD046417/diann/20230803_AST1_Neo1_UHG_7min_DIA_RR_1_4th_074	Brain	0.3526	brain	True	True	1.0	0	Exact Match	brain	normal	
PXD046417	/public/conode53/AIRFLOW/temp/PXD046417/diann/20230803_AST1_Neo1_UHG_7min_DIA_RR_1_4th_075	Brain	0.3231	brain	True	True	1.0	0	Exact Match	brain	normal	
PXD046417	/public/conode53/AIRFLOW/temp/PXD046417/diann/20230803_AST1_Neo1_UHG_7min_DIA_RR_2_4th_001	Brain	0.5796	brain	True	True	1.0	0	Exact Match	brain	normal	
PXD046417	/public/conode53/AIRFLOW/temp/PXD046417/diann/20230803_AST1_Neo1_UHG_7min_DIA_RR_2_4th_002	Brain	0.4682	brain	True	True	1.0	0	Exact Match	brain	normal	
PXD046417	/public/conode53/AIRFLOW/temp/PXD046417/diann/20230803_AST1_Neo1_UHG_7min_DIA_RR_2_4th_003	Brain	0.6275	brain	True	True	1.0	0	Exact Match	brain	normal	
PXD046417	/public/conode53/AIRFLOW/temp/PXD046417/diann/20230803_AST1_Neo1_UHG_7min_DIA_RR_2_4th_004	Brain	0.3514	brain	True	True	1.0	0	Exact Match	brain	normal	
PXD046417	/public/conode53/AIRFLOW/temp/PXD046417/diann/20230803_AST1_Neo1_UHG_7min_DIA_RR_2_4th_005	Brain	0.5393	brain	True	True	1.0	0	Exact Match	brain	normal	
PXD046417	/public/conode53/AIRFLOW/temp/PXD046417/diann/20230803_AST1_Neo1_UHG_7min_DIA_RR_2_4th_006	Brain	0.2736	brain	True	True	1.0	0	Exact Match	brain	normal	
PXD046417	/public/conode53/AIRFLOW/temp/PXD046417/diann/20230803_AST1_Neo1_UHG_7min_DIA_RR_2_4th_007	Brain	0.3753	brain	True	True	1.0	0	Exact Match	brain	normal	
PXD046417	/public/conode53/AIRFLOW/temp/PXD046417/diann/20230803_AST1_Neo1_UHG_7min_DIA_RR_2_4th_008	Brain	0.4926	brain	True	True	1.0	0	Exact Match	brain	normal	
PXD046417	/public/conode53/AIRFLOW/temp/PXD046417/diann/20230803_AST1_Neo1_UHG_7min_DIA_RR_2_4th_009	Brain	0.5078	brain	True	True	1.0	0	Exact Match	brain	normal	
PXD046417	/public/conode53/AIRFLOW/temp/PXD046417/diann/20230803_AST1_Neo1_UHG_7min_DIA_RR_2_4th_010	Brain	0.6096	brain	True	True	1.0	0	Exact Match	brain	normal	
PXD046417	/public/conode53/AIRFLOW/temp/PXD046417/diann/20230803_AST1_Neo1_UHG_7min_DIA_RR_2_4th_011	Brain	0.5818	brain	True	True	1.0	0	Exact Match	brain	normal	
PXD046417	/public/conode53/AIRFLOW/temp/PXD046417/diann/20230803_AST1_Neo1_UHG_7min_DIA_RR_2_4th_012	Brain	0.3492	brain	True	True	1.0	0	Exact Match	brain	normal	
PXD046417	/public/conode53/AIRFLOW/temp/PXD046417/diann/20230803_AST1_Neo1_UHG_7min_DIA_RR_2_4th_013	Brain	0.5809	brain	True	True	1.0	0	Exact Match	brain	normal	
PXD046417	/public/conode53/AIRFLOW/temp/PXD046417/diann/20230803_AST1_Neo1_UHG_7min_DIA_RR_2_4th_014	Brain	0.5803	brain	True	True	1.0	0	Exact Match	brain	normal	
PXD046417	/public/conode53/AIRFLOW/temp/PXD046417/diann/20230803_AST1_Neo1_UHG_7min_DIA_RR_2_4th_015	Brain	0.6421	brain	True	True	1.0	0	Exact Match	brain	normal	
PXD046417	/public/conode53/AIRFLOW/temp/PXD046417/diann/20230803_AST1_Neo1_UHG_7min_DIA_RR_2_4th_016	Brain	0.4653	brain	True	True	1.0	0	Exact Match	brain	normal	
PXD046417	/public/conode53/AIRFLOW/temp/PXD046417/diann/20230803_AST1_Neo1_UHG_7min_DIA_RR_2_4th_017	Brain	0.5382	brain	True	True	1.0	0	Exact Match	brain	normal	
PXD046417	/public/conode53/AIRFLOW/temp/PXD046417/diann/20230803_AST1_Neo1_UHG_7min_DIA_RR_2_4th_018	Brain	0.5778	brain	True	True	1.0	0	Exact Match	brain	normal	
PXD046417	/public/conode53/AIRFLOW/temp/PXD046417/diann/20230803_AST1_Neo1_UHG_7min_DIA_RR_2_4th_019	Brain	0.3427	brain	True	True	1.0	0	Exact Match	brain	normal	
PXD046417	/public/conode53/AIRFLOW/temp/PXD046417/diann/20230803_AST1_Neo1_UHG_7min_DIA_RR_2_4th_020	Brain	0.5817	brain	True	True	1.0	0	Exact Match	brain	normal	
PXD046417	/public/conode53/AIRFLOW/temp/PXD046417/diann/20230803_AST1_Neo1_UHG_7min_DIA_RR_2_4th_021	Brain	0.3438	brain	True	True	1.0	0	Exact Match	brain	normal	
PXD046417	/public/conode53/AIRFLOW/temp/PXD046417/diann/20230803_AST1_Neo1_UHG_7min_DIA_RR_2_4th_022	Brain	0.462	brain	True	True	1.0	0	Exact Match	brain	normal	
PXD046417	/public/conode53/AIRFLOW/temp/PXD046417/diann/20230803_AST1_Neo1_UHG_7min_DIA_RR_2_4th_023	Brain	0.5911	brain	True	True	1.0	0	Exact Match	brain	normal	
PXD046417	/public/conode53/AIRFLOW/temp/PXD046417/diann/20230803_AST1_Neo1_UHG_7min_DIA_RR_2_4th_024	Brain	0.622	brain	True	True	1.0	0	Exact Match	brain	normal	
PXD046417	/public/conode53/AIRFLOW/temp/PXD046417/diann/20230803_AST1_Neo1_UHG_7min_DIA_RR_2_4th_025	Brain	0.4542	brain	True	True	1.0	0	Exact Match	brain	normal	
PXD046417	/public/conode53/AIRFLOW/temp/PXD046417/diann/20230803_AST1_Neo1_UHG_7min_DIA_RR_2_4th_026	Brain	0.3535	brain	True	True	1.0	0	Exact Match	brain	normal	
PXD046417	/public/conode53/AIRFLOW/temp/PXD046417/diann/20230803_AST1_Neo1_UHG_7min_DIA_RR_2_4th_027	Brain	0.6357	brain	True	True	1.0	0	Exact Match	brain	normal	
PXD046417	/public/conode53/AIRFLOW/temp/PXD046417/diann/20230803_AST1_Neo1_UHG_7min_DIA_RR_2_4th_028	Brain	0.6468	brain	True	True	1.0	0	Exact Match	brain	normal	
PXD046417	/public/conode53/AIRFLOW/temp/PXD046417/diann/20230803_AST1_Neo1_UHG_7min_DIA_RR_2_4th_029	Brain	0.4121	brain	True	True	1.0	0	Exact Match	brain	normal	
PXD046417	/public/conode53/AIRFLOW/temp/PXD046417/diann/20230803_AST1_Neo1_UHG_7min_DIA_RR_2_4th_030	Brain	0.5855	brain	True	True	1.0	0	Exact Match	brain	normal	
PXD046417	/public/conode53/AIRFLOW/temp/PXD046417/diann/20230803_AST1_Neo1_UHG_7min_DIA_RR_2_4th_031	Brain	0.5062	brain	True	True	1.0	0	Exact Match	brain	normal	
PXD046417	/public/conode53/AIRFLOW/temp/PXD046417/diann/20230803_AST1_Neo1_UHG_7min_DIA_RR_2_4th_033	Brain	0.5373	brain	True	True	1.0	0	Exact Match	brain	normal	
PXD046417	/public/conode53/AIRFLOW/temp/PXD046417/diann/20230803_AST1_Neo1_UHG_7min_DIA_RR_2_4th_034	Brain	0.6026	brain	True	True	1.0	0	Exact Match	brain	normal	
PXD046417	/public/conode53/AIRFLOW/temp/PXD046417/diann/20230803_AST1_Neo1_UHG_7min_DIA_RR_2_4th_035	Brain	0.4294	brain	True	True	1.0	0	Exact Match	brain	normal	
PXD046417	/public/conode53/AIRFLOW/temp/PXD046417/diann/20230803_AST1_Neo1_UHG_7min_DIA_RR_2_4th_036	Brain	0.5971	brain	True	True	1.0	0	Exact Match	brain	normal	
PXD046417	/public/conode53/AIRFLOW/temp/PXD046417/diann/20230803_AST1_Neo1_UHG_7min_DIA_RR_2_4th_037	Brain	0.5117	brain	True	True	1.0	0	Exact Match	brain	normal	
PXD046417	/public/conode53/AIRFLOW/temp/PXD046417/diann/20230803_AST1_Neo1_UHG_7min_DIA_RR_2_4th_038	Brain	0.6327	brain	True	True	1.0	0	Exact Match	brain	normal	
PXD046417	/public/conode53/AIRFLOW/temp/PXD046417/diann/20230803_AST1_Neo1_UHG_7min_DIA_RR_2_4th_039	Brain	0.2929	brain	True	True	1.0	0	Exact Match	brain	normal	
PXD046417	/public/conode53/AIRFLOW/temp/PXD046417/diann/20230803_AST1_Neo1_UHG_7min_DIA_RR_2_4th_040	Brain	0.4746	brain	True	True	1.0	0	Exact Match	brain	normal	
PXD046417	/public/conode53/AIRFLOW/temp/PXD046417/diann/20230803_AST1_Neo1_UHG_7min_DIA_RR_2_4th_041	Brain	0.5701	brain	True	True	1.0	0	Exact Match	brain	normal	
PXD046417	/public/conode53/AIRFLOW/temp/PXD046417/diann/20230803_AST1_Neo1_UHG_7min_DIA_RR_2_4th_042	Brain	0.4627	brain	True	True	1.0	0	Exact Match	brain	normal	
PXD046417	/public/conode53/AIRFLOW/temp/PXD046417/diann/20230803_AST1_Neo1_UHG_7min_DIA_RR_2_4th_043	Brain	0.4706	brain	True	True	1.0	0	Exact Match	brain	normal	
PXD046417	/public/conode53/AIRFLOW/temp/PXD046417/diann/20230803_AST1_Neo1_UHG_7min_DIA_RR_2_4th_044	Brain	0.4925	brain	True	True	1.0	0	Exact Match	brain	normal	
PXD046417	/public/conode53/AIRFLOW/temp/PXD046417/diann/20230803_AST1_Neo1_UHG_7min_DIA_RR_2_4th_045	Brain	0.6262	brain	True	True	1.0	0	Exact Match	brain	normal	
PXD046417	/public/conode53/AIRFLOW/temp/PXD046417/diann/20230803_AST1_Neo1_UHG_7min_DIA_RR_2_4th_046	Brain	0.4991	brain	True	True	1.0	0	Exact Match	brain	normal	
PXD046417	/public/conode53/AIRFLOW/temp/PXD046417/diann/20230803_AST1_Neo1_UHG_7min_DIA_RR_2_4th_047	Brain	0.3206	brain	True	True	1.0	0	Exact Match	brain	normal	
PXD046417	/public/conode53/AIRFLOW/temp/PXD046417/diann/20230803_AST1_Neo1_UHG_7min_DIA_RR_2_4th_048	Brain	0.4942	brain	True	True	1.0	0	Exact Match	brain	normal	
PXD046417	/public/conode53/AIRFLOW/temp/PXD046417/diann/20230803_AST1_Neo1_UHG_7min_DIA_RR_2_4th_049	Brain	0.223	brain	True	True	1.0	0	Exact Match	brain	normal	
PXD046417	/public/conode53/AIRFLOW/temp/PXD046417/diann/20230803_AST1_Neo1_UHG_7min_DIA_RR_2_4th_050	Brain	0.47	brain	True	True	1.0	0	Exact Match	brain	normal	
PXD046417	/public/conode53/AIRFLOW/temp/PXD046417/diann/20230803_AST1_Neo1_UHG_7min_DIA_RR_2_4th_051	Brain	0.6576	brain	True	True	1.0	0	Exact Match	brain	normal	
PXD046417	/public/conode53/AIRFLOW/temp/PXD046417/diann/20230803_AST1_Neo1_UHG_7min_DIA_RR_2_4th_052	Brain	0.3257	brain	True	True	1.0	0	Exact Match	brain	normal	
PXD046417	/public/conode53/AIRFLOW/temp/PXD046417/diann/20230803_AST1_Neo1_UHG_7min_DIA_RR_2_4th_053	Brain	0.4635	brain	True	True	1.0	0	Exact Match	brain	normal	
PXD046417	/public/conode53/AIRFLOW/temp/PXD046417/diann/20230803_AST1_Neo1_UHG_7min_DIA_RR_2_4th_054	Brain	0.5928	brain	True	True	1.0	0	Exact Match	brain	normal	
PXD046417	/public/conode53/AIRFLOW/temp/PXD046417/diann/20230803_AST1_Neo1_UHG_7min_DIA_RR_2_4th_055	Brain	0.4999	brain	True	True	1.0	0	Exact Match	brain	normal	
PXD046417	/public/conode53/AIRFLOW/temp/PXD046417/diann/20230803_AST1_Neo1_UHG_7min_DIA_RR_2_4th_056	Brain	0.4704	brain	True	True	1.0	0	Exact Match	brain	normal	
PXD046417	/public/conode53/AIRFLOW/temp/PXD046417/diann/20230803_AST1_Neo1_UHG_7min_DIA_RR_2_4th_057	Brain	0.5145	brain	True	True	1.0	0	Exact Match	brain	normal	
PXD046417	/public/conode53/AIRFLOW/temp/PXD046417/diann/20230803_AST1_Neo1_UHG_7min_DIA_RR_2_4th_058	Brain	0.4963	brain	True	True	1.0	0	Exact Match	brain	normal	
PXD046417	/public/conode53/AIRFLOW/temp/PXD046417/diann/20230803_AST1_Neo1_UHG_7min_DIA_RR_2_4th_059	Brain	0.5537	brain	True	True	1.0	0	Exact Match	brain	normal	
PXD046417	/public/conode53/AIRFLOW/temp/PXD046417/diann/20230803_AST1_Neo1_UHG_7min_DIA_RR_2_4th_060	Brain	0.463	brain	True	True	1.0	0	Exact Match	brain	normal	
PXD046417	/public/conode53/AIRFLOW/temp/PXD046417/diann/20230803_AST1_Neo1_UHG_7min_DIA_RR_2_4th_061	Brain	0.3137	brain	True	True	1.0	0	Exact Match	brain	normal	
PXD046417	/public/conode53/AIRFLOW/temp/PXD046417/diann/20230803_AST1_Neo1_UHG_7min_DIA_RR_2_4th_062	Brain	0.37	brain	True	True	1.0	0	Exact Match	brain	normal	
PXD046417	/public/conode53/AIRFLOW/temp/PXD046417/diann/20230803_AST1_Neo1_UHG_7min_DIA_RR_2_4th_063	Brain	0.6344	brain	True	True	1.0	0	Exact Match	brain	normal	
PXD046417	/public/conode53/AIRFLOW/temp/PXD046417/diann/20230803_AST1_Neo1_UHG_7min_DIA_RR_2_4th_064	Brain	0.467	brain	True	True	1.0	0	Exact Match	brain	normal	
PXD046417	/public/conode53/AIRFLOW/temp/PXD046417/diann/20230803_AST1_Neo1_UHG_7min_DIA_RR_2_4th_065	Brain	0.5036	brain	True	True	1.0	0	Exact Match	brain	normal	
PXD046417	/public/conode53/AIRFLOW/temp/PXD046417/diann/20230803_AST1_Neo1_UHG_7min_DIA_RR_2_4th_066	Brain	0.5014	brain	True	True	1.0	0	Exact Match	brain	normal	
PXD046417	/public/conode53/AIRFLOW/temp/PXD046417/diann/20230803_AST1_Neo1_UHG_7min_DIA_RR_2_4th_067	Brain	0.3743	brain	True	True	1.0	0	Exact Match	brain	normal	
PXD046417	/public/conode53/AIRFLOW/temp/PXD046417/diann/20230803_AST1_Neo1_UHG_7min_DIA_RR_2_4th_068	Brain	0.5774	brain	True	True	1.0	0	Exact Match	brain	normal	
PXD046417	/public/conode53/AIRFLOW/temp/PXD046417/diann/20230803_AST1_Neo1_UHG_7min_DIA_RR_2_4th_069	Brain	0.6285	brain	True	True	1.0	0	Exact Match	brain	normal	
PXD046417	/public/conode53/AIRFLOW/temp/PXD046417/diann/20230803_AST1_Neo1_UHG_7min_DIA_RR_2_4th_070	Brain	0.546	brain	True	True	1.0	0	Exact Match	brain	normal	
PXD046417	/public/conode53/AIRFLOW/temp/PXD046417/diann/20230803_AST1_Neo1_UHG_7min_DIA_RR_2_4th_071	Brain	0.4663	brain	True	True	1.0	0	Exact Match	brain	normal	
PXD046417	/public/conode53/AIRFLOW/temp/PXD046417/diann/20230803_AST1_Neo1_UHG_7min_DIA_RR_2_4th_072	Brain	0.3401	brain	True	True	1.0	0	Exact Match	brain	normal	
PXD046417	/public/conode53/AIRFLOW/temp/PXD046417/diann/20230803_AST1_Neo1_UHG_7min_DIA_RR_2_4th_073	Brain	0.4472	brain	True	True	1.0	0	Exact Match	brain	normal	
PXD046417	/public/conode53/AIRFLOW/temp/PXD046417/diann/20230803_AST1_Neo1_UHG_7min_DIA_RR_2_4th_074	Brain	0.3692	brain	True	True	1.0	0	Exact Match	brain	normal	
PXD046417	/public/conode53/AIRFLOW/temp/PXD046417/diann/20230803_AST1_Neo1_UHG_7min_DIA_RR_2_4th_075	Brain	0.33	brain	True	True	1.0	0	Exact Match	brain	normal	
PXD046417	/public/conode53/AIRFLOW/temp/PXD046417/diann/20230803_AST1_Neo1_UHG_7min_DIA_RR_4th_001	Brain	0.4611	brain	True	True	1.0	0	Exact Match	brain	normal	
PXD046417	/public/conode53/AIRFLOW/temp/PXD046417/diann/20230803_AST1_Neo1_UHG_7min_DIA_RR_4th_002	Brain	0.4843	brain	True	True	1.0	0	Exact Match	brain	normal	
PXD046417	/public/conode53/AIRFLOW/temp/PXD046417/diann/20230803_AST1_Neo1_UHG_7min_DIA_RR_4th_003	Brain	0.5182	brain	True	True	1.0	0	Exact Match	brain	normal	
PXD046417	/public/conode53/AIRFLOW/temp/PXD046417/diann/20230803_AST1_Neo1_UHG_7min_DIA_RR_4th_004	Brain	0.3459	brain	True	True	1.0	0	Exact Match	brain	normal	
PXD046417	/public/conode53/AIRFLOW/temp/PXD046417/diann/20230803_AST1_Neo1_UHG_7min_DIA_RR_4th_005	Brain	0.5253	brain	True	True	1.0	0	Exact Match	brain	normal	
PXD046417	/public/conode53/AIRFLOW/temp/PXD046417/diann/20230803_AST1_Neo1_UHG_7min_DIA_RR_4th_006	Brain	0.2789	brain	True	True	1.0	0	Exact Match	brain	normal	
PXD046417	/public/conode53/AIRFLOW/temp/PXD046417/diann/20230803_AST1_Neo1_UHG_7min_DIA_RR_4th_007	Brain	0.3835	brain	True	True	1.0	0	Exact Match	brain	normal	
PXD046417	/public/conode53/AIRFLOW/temp/PXD046417/diann/20230803_AST1_Neo1_UHG_7min_DIA_RR_4th_008	Brain	0.5771	brain	True	True	1.0	0	Exact Match	brain	normal	
PXD046417	/public/conode53/AIRFLOW/temp/PXD046417/diann/20230803_AST1_Neo1_UHG_7min_DIA_RR_4th_009	Brain	0.5085	brain	True	True	1.0	0	Exact Match	brain	normal	
PXD046417	/public/conode53/AIRFLOW/temp/PXD046417/diann/20230803_AST1_Neo1_UHG_7min_DIA_RR_4th_010	Brain	0.6119	brain	True	True	1.0	0	Exact Match	brain	normal	
PXD046417	/public/conode53/AIRFLOW/temp/PXD046417/diann/20230803_AST1_Neo1_UHG_7min_DIA_RR_4th_011	Brain	0.5774	brain	True	True	1.0	0	Exact Match	brain	normal	
PXD046417	/public/conode53/AIRFLOW/temp/PXD046417/diann/20230803_AST1_Neo1_UHG_7min_DIA_RR_4th_012	Brain	0.3331	brain	True	True	1.0	0	Exact Match	brain	normal	
PXD046417	/public/conode53/AIRFLOW/temp/PXD046417/diann/20230803_AST1_Neo1_UHG_7min_DIA_RR_4th_013	Brain	0.6665	brain	True	True	1.0	0	Exact Match	brain	normal	
PXD046417	/public/conode53/AIRFLOW/temp/PXD046417/diann/20230803_AST1_Neo1_UHG_7min_DIA_RR_4th_014	Brain	0.5811	brain	True	True	1.0	0	Exact Match	brain	normal	
PXD046417	/public/conode53/AIRFLOW/temp/PXD046417/diann/20230803_AST1_Neo1_UHG_7min_DIA_RR_4th_015	Brain	0.659	brain	True	True	1.0	0	Exact Match	brain	normal	
PXD046417	/public/conode53/AIRFLOW/temp/PXD046417/diann/20230803_AST1_Neo1_UHG_7min_DIA_RR_4th_016	Brain	0.434	brain	True	True	1.0	0	Exact Match	brain	normal	
PXD046417	/public/conode53/AIRFLOW/temp/PXD046417/diann/20230803_AST1_Neo1_UHG_7min_DIA_RR_4th_017	Brain	0.5529	brain	True	True	1.0	0	Exact Match	brain	normal	
PXD046417	/public/conode53/AIRFLOW/temp/PXD046417/diann/20230803_AST1_Neo1_UHG_7min_DIA_RR_4th_018	Brain	0.6503	brain	True	True	1.0	0	Exact Match	brain	normal	
PXD046417	/public/conode53/AIRFLOW/temp/PXD046417/diann/20230803_AST1_Neo1_UHG_7min_DIA_RR_4th_019	Brain	0.3519	brain	True	True	1.0	0	Exact Match	brain	normal	
PXD046417	/public/conode53/AIRFLOW/temp/PXD046417/diann/20230803_AST1_Neo1_UHG_7min_DIA_RR_4th_020	Brain	0.4859	brain	True	True	1.0	0	Exact Match	brain	normal	
PXD046417	/public/conode53/AIRFLOW/temp/PXD046417/diann/20230803_AST1_Neo1_UHG_7min_DIA_RR_4th_021	Brain	0.3674	brain	True	True	1.0	0	Exact Match	brain	normal	
PXD046417	/public/conode53/AIRFLOW/temp/PXD046417/diann/20230803_AST1_Neo1_UHG_7min_DIA_RR_4th_022	Brain	0.462	brain	True	True	1.0	0	Exact Match	brain	normal	
PXD046417	/public/conode53/AIRFLOW/temp/PXD046417/diann/20230803_AST1_Neo1_UHG_7min_DIA_RR_4th_023	Brain	0.5901	brain	True	True	1.0	0	Exact Match	brain	normal	
PXD046417	/public/conode53/AIRFLOW/temp/PXD046417/diann/20230803_AST1_Neo1_UHG_7min_DIA_RR_4th_024	Brain	0.5363	brain	True	True	1.0	0	Exact Match	brain	normal	
PXD046417	/public/conode53/AIRFLOW/temp/PXD046417/diann/20230803_AST1_Neo1_UHG_7min_DIA_RR_4th_025	Brain	0.3763	brain	True	True	1.0	0	Exact Match	brain	normal	
PXD046417	/public/conode53/AIRFLOW/temp/PXD046417/diann/20230803_AST1_Neo1_UHG_7min_DIA_RR_4th_026	Brain	0.3582	brain	True	True	1.0	0	Exact Match	brain	normal	
PXD046417	/public/conode53/AIRFLOW/temp/PXD046417/diann/20230803_AST1_Neo1_UHG_7min_DIA_RR_4th_027	Brain	0.5484	brain	True	True	1.0	0	Exact Match	brain	normal	
PXD046417	/public/conode53/AIRFLOW/temp/PXD046417/diann/20230803_AST1_Neo1_UHG_7min_DIA_RR_4th_028	Brain	0.5757	brain	True	True	1.0	0	Exact Match	brain	normal	
PXD046417	/public/conode53/AIRFLOW/temp/PXD046417/diann/20230803_AST1_Neo1_UHG_7min_DIA_RR_4th_029	Brain	0.4036	brain	True	True	1.0	0	Exact Match	brain	normal	
PXD046417	/public/conode53/AIRFLOW/temp/PXD046417/diann/20230803_AST1_Neo1_UHG_7min_DIA_RR_4th_030	Brain	0.4825	brain	True	True	1.0	0	Exact Match	brain	normal	
PXD046417	/public/conode53/AIRFLOW/temp/PXD046417/diann/20230803_AST1_Neo1_UHG_7min_DIA_RR_4th_031	Brain	0.4899	brain	True	True	1.0	0	Exact Match	brain	normal	
PXD046417	/public/conode53/AIRFLOW/temp/PXD046417/diann/20230803_AST1_Neo1_UHG_7min_DIA_RR_4th_033	Brain	0.5514	brain	True	True	1.0	0	Exact Match	brain	normal	
PXD046417	/public/conode53/AIRFLOW/temp/PXD046417/diann/20230803_AST1_Neo1_UHG_7min_DIA_RR_4th_034	Brain	0.5925	brain	True	True	1.0	0	Exact Match	brain	normal	
PXD046417	/public/conode53/AIRFLOW/temp/PXD046417/diann/20230803_AST1_Neo1_UHG_7min_DIA_RR_4th_035	Brain	0.6239	brain	True	True	1.0	0	Exact Match	brain	normal	
PXD046417	/public/conode53/AIRFLOW/temp/PXD046417/diann/20230803_AST1_Neo1_UHG_7min_DIA_RR_4th_036	Brain	0.5824	brain	True	True	1.0	0	Exact Match	brain	normal	
PXD046417	/public/conode53/AIRFLOW/temp/PXD046417/diann/20230803_AST1_Neo1_UHG_7min_DIA_RR_4th_037	Brain	0.5087	brain	True	True	1.0	0	Exact Match	brain	normal	
PXD046417	/public/conode53/AIRFLOW/temp/PXD046417/diann/20230803_AST1_Neo1_UHG_7min_DIA_RR_4th_038	Brain	0.4844	brain	True	True	1.0	0	Exact Match	brain	normal	
PXD046417	/public/conode53/AIRFLOW/temp/PXD046417/diann/20230803_AST1_Neo1_UHG_7min_DIA_RR_4th_039	Brain	0.3006	brain	True	True	1.0	0	Exact Match	brain	normal	
PXD046417	/public/conode53/AIRFLOW/temp/PXD046417/diann/20230803_AST1_Neo1_UHG_7min_DIA_RR_4th_040	Brain	0.4668	brain	True	True	1.0	0	Exact Match	brain	normal	
PXD046417	/public/conode53/AIRFLOW/temp/PXD046417/diann/20230803_AST1_Neo1_UHG_7min_DIA_RR_4th_041	Brain	0.4758	brain	True	True	1.0	0	Exact Match	brain	normal	
PXD046417	/public/conode53/AIRFLOW/temp/PXD046417/diann/20230803_AST1_Neo1_UHG_7min_DIA_RR_4th_042	Brain	0.4505	brain	True	True	1.0	0	Exact Match	brain	normal	
PXD046417	/public/conode53/AIRFLOW/temp/PXD046417/diann/20230803_AST1_Neo1_UHG_7min_DIA_RR_4th_043	Brain	0.4791	brain	True	True	1.0	0	Exact Match	brain	normal	
PXD046417	/public/conode53/AIRFLOW/temp/PXD046417/diann/20230803_AST1_Neo1_UHG_7min_DIA_RR_4th_044	Brain	0.494	brain	True	True	1.0	0	Exact Match	brain	normal	
PXD046417	/public/conode53/AIRFLOW/temp/PXD046417/diann/20230803_AST1_Neo1_UHG_7min_DIA_RR_4th_045	Brain	0.5374	brain	True	True	1.0	0	Exact Match	brain	normal	
PXD046417	/public/conode53/AIRFLOW/temp/PXD046417/diann/20230803_AST1_Neo1_UHG_7min_DIA_RR_4th_046	Brain	0.4673	brain	True	True	1.0	0	Exact Match	brain	normal	
PXD046417	/public/conode53/AIRFLOW/temp/PXD046417/diann/20230803_AST1_Neo1_UHG_7min_DIA_RR_4th_047	Brain	0.3306	brain	True	True	1.0	0	Exact Match	brain	normal	
PXD046417	/public/conode53/AIRFLOW/temp/PXD046417/diann/20230803_AST1_Neo1_UHG_7min_DIA_RR_4th_048	Brain	0.472	brain	True	True	1.0	0	Exact Match	brain	normal	
PXD046417	/public/conode53/AIRFLOW/temp/PXD046417/diann/20230803_AST1_Neo1_UHG_7min_DIA_RR_4th_049	Brain	0.2343	brain	True	True	1.0	0	Exact Match	brain	normal	
PXD046417	/public/conode53/AIRFLOW/temp/PXD046417/diann/20230803_AST1_Neo1_UHG_7min_DIA_RR_4th_050	Brain	0.4734	brain	True	True	1.0	0	Exact Match	brain	normal	
PXD046417	/public/conode53/AIRFLOW/temp/PXD046417/diann/20230803_AST1_Neo1_UHG_7min_DIA_RR_4th_051	Brain	0.6723	brain	True	True	1.0	0	Exact Match	brain	normal	
PXD046417	/public/conode53/AIRFLOW/temp/PXD046417/diann/20230803_AST1_Neo1_UHG_7min_DIA_RR_4th_052	Brain	0.3381	brain	True	True	1.0	0	Exact Match	brain	normal	
PXD046417	/public/conode53/AIRFLOW/temp/PXD046417/diann/20230803_AST1_Neo1_UHG_7min_DIA_RR_4th_053	Brain	0.4758	brain	True	True	1.0	0	Exact Match	brain	normal	
PXD046417	/public/conode53/AIRFLOW/temp/PXD046417/diann/20230803_AST1_Neo1_UHG_7min_DIA_RR_4th_054	Brain	0.5912	brain	True	True	1.0	0	Exact Match	brain	normal	
PXD046417	/public/conode53/AIRFLOW/temp/PXD046417/diann/20230803_AST1_Neo1_UHG_7min_DIA_RR_4th_055	Brain	0.4785	brain	True	True	1.0	0	Exact Match	brain	normal	
PXD046417	/public/conode53/AIRFLOW/temp/PXD046417/diann/20230803_AST1_Neo1_UHG_7min_DIA_RR_4th_056	Brain	0.4857	brain	True	True	1.0	0	Exact Match	brain	normal	
PXD046417	/public/conode53/AIRFLOW/temp/PXD046417/diann/20230803_AST1_Neo1_UHG_7min_DIA_RR_4th_057	Brain	0.4712	brain	True	True	1.0	0	Exact Match	brain	normal	
PXD046417	/public/conode53/AIRFLOW/temp/PXD046417/diann/20230803_AST1_Neo1_UHG_7min_DIA_RR_4th_058	Brain	0.4998	brain	True	True	1.0	0	Exact Match	brain	normal	
PXD046417	/public/conode53/AIRFLOW/temp/PXD046417/diann/20230803_AST1_Neo1_UHG_7min_DIA_RR_4th_059	Brain	0.4802	brain	True	True	1.0	0	Exact Match	brain	normal	
PXD046417	/public/conode53/AIRFLOW/temp/PXD046417/diann/20230803_AST1_Neo1_UHG_7min_DIA_RR_4th_060	Brain	0.5681	brain	True	True	1.0	0	Exact Match	brain	normal	
PXD046417	/public/conode53/AIRFLOW/temp/PXD046417/diann/20230803_AST1_Neo1_UHG_7min_DIA_RR_4th_061	Brain	0.3257	brain	True	True	1.0	0	Exact Match	brain	normal	
PXD046417	/public/conode53/AIRFLOW/temp/PXD046417/diann/20230803_AST1_Neo1_UHG_7min_DIA_RR_4th_062	Brain	0.3704	brain	True	True	1.0	0	Exact Match	brain	normal	
PXD046417	/public/conode53/AIRFLOW/temp/PXD046417/diann/20230803_AST1_Neo1_UHG_7min_DIA_RR_4th_063	Brain	0.6309	brain	True	True	1.0	0	Exact Match	brain	normal	
PXD046417	/public/conode53/AIRFLOW/temp/PXD046417/diann/20230803_AST1_Neo1_UHG_7min_DIA_RR_4th_064	Brain	0.3821	brain	True	True	1.0	0	Exact Match	brain	normal	
PXD046417	/public/conode53/AIRFLOW/temp/PXD046417/diann/20230803_AST1_Neo1_UHG_7min_DIA_RR_4th_065	Brain	0.4817	brain	True	True	1.0	0	Exact Match	brain	normal	
PXD046417	/public/conode53/AIRFLOW/temp/PXD046417/diann/20230803_AST1_Neo1_UHG_7min_DIA_RR_4th_066	Brain	0.3574	brain	True	True	1.0	0	Exact Match	brain	normal	
PXD046417	/public/conode53/AIRFLOW/temp/PXD046417/diann/20230803_AST1_Neo1_UHG_7min_DIA_RR_4th_067	Brain	0.3554	brain	True	True	1.0	0	Exact Match	brain	normal	
PXD046417	/public/conode53/AIRFLOW/temp/PXD046417/diann/20230803_AST1_Neo1_UHG_7min_DIA_RR_4th_068	Brain	0.3848	brain	True	True	1.0	0	Exact Match	brain	normal	
PXD046417	/public/conode53/AIRFLOW/temp/PXD046417/diann/20230803_AST1_Neo1_UHG_7min_DIA_RR_4th_069	Brain	0.5374	brain	True	True	1.0	0	Exact Match	brain	normal	
PXD046417	/public/conode53/AIRFLOW/temp/PXD046417/diann/20230803_AST1_Neo1_UHG_7min_DIA_RR_4th_070	Brain	0.5254	brain	True	True	1.0	0	Exact Match	brain	normal	
PXD046417	/public/conode53/AIRFLOW/temp/PXD046417/diann/20230803_AST1_Neo1_UHG_7min_DIA_RR_4th_071	Brain	0.4479	brain	True	True	1.0	0	Exact Match	brain	normal	
PXD046417	/public/conode53/AIRFLOW/temp/PXD046417/diann/20230803_AST1_Neo1_UHG_7min_DIA_RR_4th_072	Brain	0.3412	brain	True	True	1.0	0	Exact Match	brain	normal	
PXD046417	/public/conode53/AIRFLOW/temp/PXD046417/diann/20230803_AST1_Neo1_UHG_7min_DIA_RR_4th_073	Brain	0.4534	brain	True	True	1.0	0	Exact Match	brain	normal	
PXD046417	/public/conode53/AIRFLOW/temp/PXD046417/diann/20230803_AST1_Neo1_UHG_7min_DIA_RR_4th_074	Brain	0.3612	brain	True	True	1.0	0	Exact Match	brain	normal	
PXD046417	/public/conode53/AIRFLOW/temp/PXD046417/diann/20230803_AST1_Neo1_UHG_7min_DIA_RR_4th_075	Brain	0.3357	brain	True	True	1.0	0	Exact Match	brain	normal	
PXD046417	/public/conode53/AIRFLOW/temp/PXD046417/diann/20230803_AST1_Neo1_UHG_7min_DIA_RR_Rep01_001_20230805011629	Brain	0.438	brain	True	True	1.0	0	Exact Match	brain	normal	
PXD046417	/public/conode53/AIRFLOW/temp/PXD046417/diann/20230803_AST1_Neo1_UHG_7min_DIA_RR_Rep01_002_20230805062041	Brain	0.4725	brain	True	True	1.0	0	Exact Match	brain	normal	
PXD046417	/public/conode53/AIRFLOW/temp/PXD046417/diann/20230803_AST1_Neo1_UHG_7min_DIA_RR_Rep01_003_20230805042647	Brain	0.5208	brain	True	True	1.0	0	Exact Match	brain	normal	
PXD046417	/public/conode53/AIRFLOW/temp/PXD046417/diann/20230803_AST1_Neo1_UHG_7min_DIA_RR_Rep01_004_20230804220614	Brain	0.3657	brain	True	True	1.0	0	Exact Match	brain	normal	
PXD046417	/public/conode53/AIRFLOW/temp/PXD046417/diann/20230803_AST1_Neo1_UHG_7min_DIA_RR_Rep01_005_20230805104648	Brain	0.5301	brain	True	True	1.0	0	Exact Match	brain	normal	
PXD046417	/public/conode53/AIRFLOW/temp/PXD046417/diann/20230803_AST1_Neo1_UHG_7min_DIA_RR_Rep01_006_20230805004759	Brain	0.2611	brain	True	True	1.0	0	Exact Match	brain	normal	
PXD046417	/public/conode53/AIRFLOW/temp/PXD046417/diann/20230803_AST1_Neo1_UHG_7min_DIA_RR_Rep01_007_20230805043618	Brain	0.3791	brain	True	True	1.0	0	Exact Match	brain	normal	
PXD046417	/public/conode53/AIRFLOW/temp/PXD046417/diann/20230803_AST1_Neo1_UHG_7min_DIA_RR_Rep01_008_20230804230323	Brain	0.3729	brain	True	True	1.0	0	Exact Match	brain	normal	
PXD046417	/public/conode53/AIRFLOW/temp/PXD046417/diann/20230803_AST1_Neo1_UHG_7min_DIA_RR_Rep01_009_20230805005730	Brain	0.5009	brain	True	True	1.0	0	Exact Match	brain	normal	
PXD046417	/public/conode53/AIRFLOW/temp/PXD046417/diann/20230803_AST1_Neo1_UHG_7min_DIA_RR_Rep01_010_20230805063943	Brain	0.5134	brain	True	True	1.0	0	Exact Match	brain	normal	
PXD046417	/public/conode53/AIRFLOW/temp/PXD046417/diann/20230803_AST1_Neo1_UHG_7min_DIA_RR_Rep01_011_20230805111519	Brain	0.5749	brain	True	True	1.0	0	Exact Match	brain	normal	
PXD046417	/public/conode53/AIRFLOW/temp/PXD046417/diann/20230803_AST1_Neo1_UHG_7min_DIA_RR_Rep01_012_20230805013531	Brain	0.3692	brain	True	True	1.0	0	Exact Match	brain	normal	
PXD046417	/public/conode53/AIRFLOW/temp/PXD046417/diann/20230803_AST1_Neo1_UHG_7min_DIA_RR_Rep01_013_20230805052346	Brain	0.4693	brain	True	True	1.0	0	Exact Match	brain	normal	
PXD046417	/public/conode53/AIRFLOW/temp/PXD046417/diann/20230803_AST1_Neo1_UHG_7min_DIA_RR_Rep01_014_20230805032940	Brain	0.5696	brain	True	True	1.0	0	Exact Match	brain	normal	
PXD046417	/public/conode53/AIRFLOW/temp/PXD046417/diann/20230803_AST1_Neo1_UHG_7min_DIA_RR_Rep01_015_20230805053317	Brain	0.5696	brain	True	True	1.0	0	Exact Match	brain	normal	
PXD046417	/public/conode53/AIRFLOW/temp/PXD046417/diann/20230803_AST1_Neo1_UHG_7min_DIA_RR_Rep01_016_20230805105619	Brain	0.5042	brain	True	True	1.0	0	Exact Match	brain	normal	
PXD046417	/public/conode53/AIRFLOW/temp/PXD046417/diann/20230803_AST1_Neo1_UHG_7min_DIA_RR_Rep01_017_20230805041716	Brain	0.489	brain	True	True	1.0	0	Exact Match	brain	normal	
PXD046417	/public/conode53/AIRFLOW/temp/PXD046417/diann/20230803_AST1_Neo1_UHG_7min_DIA_RR_Rep01_018_20230804213740	Brain	0.5675	brain	True	True	1.0	0	Exact Match	brain	normal	
PXD046417	/public/conode53/AIRFLOW/temp/PXD046417/diann/20230803_AST1_Neo1_UHG_7min_DIA_RR_Rep01_019_20230805060141	Brain	0.3389	brain	True	True	1.0	0	Exact Match	brain	normal	
PXD046417	/public/conode53/AIRFLOW/temp/PXD046417/diann/20230803_AST1_Neo1_UHG_7min_DIA_RR_Rep01_020_20230804225351	Brain	0.491	brain	True	True	1.0	0	Exact Match	brain	normal	
PXD046417	/public/conode53/AIRFLOW/temp/PXD046417/diann/20230803_AST1_Neo1_UHG_7min_DIA_RR_Rep01_021_20230804214711	Brain	0.3415	brain	True	True	1.0	0	Exact Match	brain	normal	
PXD046417	/public/conode53/AIRFLOW/temp/PXD046417/diann/20230803_AST1_Neo1_UHG_7min_DIA_RR_Rep01_022_20230805091136	Brain	0.3613	brain	True	True	1.0	0	Exact Match	brain	normal	
PXD046417	/public/conode53/AIRFLOW/temp/PXD046417/diann/20230803_AST1_Neo1_UHG_7min_DIA_RR_Rep01_023_20230805075541	Brain	0.5006	brain	True	True	1.0	0	Exact Match	brain	normal	
PXD046417	/public/conode53/AIRFLOW/temp/PXD046417/diann/20230803_AST1_Neo1_UHG_7min_DIA_RR_Rep01_024_20230805015430	Brain	0.5342	brain	True	True	1.0	0	Exact Match	brain	normal	
PXD046417	/public/conode53/AIRFLOW/temp/PXD046417/diann/20230803_AST1_Neo1_UHG_7min_DIA_RR_Rep01_025_20230805031037	Brain	0.3742	brain	True	True	1.0	0	Exact Match	brain	normal	
PXD046417	/public/conode53/AIRFLOW/temp/PXD046417/diann/20230803_AST1_Neo1_UHG_7min_DIA_RR_Rep01_026_20230805085237	Brain	0.3289	brain	True	True	1.0	0	Exact Match	brain	normal	
PXD046417	/public/conode53/AIRFLOW/temp/PXD046417/diann/20230803_AST1_Neo1_UHG_7min_DIA_RR_Rep01_027_20230805000027	Brain	0.4473	brain	True	True	1.0	0	Exact Match	brain	normal	
PXD046417	/public/conode53/AIRFLOW/temp/PXD046417/diann/20230803_AST1_Neo1_UHG_7min_DIA_RR_Rep01_028_20230805025135	Brain	0.4856	brain	True	True	1.0	0	Exact Match	brain	normal	
PXD046417	/public/conode53/AIRFLOW/temp/PXD046417/diann/20230803_AST1_Neo1_UHG_7min_DIA_RR_Rep01_029_20230805051415	Brain	0.3855	brain	True	True	1.0	0	Exact Match	brain	normal	
PXD046417	/public/conode53/AIRFLOW/temp/PXD046417/diann/20230803_AST1_Neo1_UHG_7min_DIA_RR_Rep01_030_20230805110548	Brain	0.4803	brain	True	True	1.0	0	Exact Match	brain	normal	
PXD046417	/public/conode53/AIRFLOW/temp/PXD046417/diann/20230803_AST1_Neo1_UHG_7min_DIA_RR_Rep01_031_20230805071739	Brain	0.4833	brain	True	True	1.0	0	Exact Match	brain	normal	
PXD046417	/public/conode53/AIRFLOW/temp/PXD046417/diann/20230803_AST1_Neo1_UHG_7min_DIA_RR_Rep01_032_20230805102742	Brain	0.5788	brain	True	True	1.0	0	Exact Match	brain	normal	
PXD046417	/public/conode53/AIRFLOW/temp/PXD046417/diann/20230803_AST1_Neo1_UHG_7min_DIA_RR_Rep01_033_20230805044547	Brain	0.5705	brain	True	True	1.0	0	Exact Match	brain	normal	
PXD046417	/public/conode53/AIRFLOW/temp/PXD046417/diann/20230803_AST1_Neo1_UHG_7min_DIA_RR_Rep01_034_20230805001926	Brain	0.5005	brain	True	True	1.0	0	Exact Match	brain	normal	
PXD046417	/public/conode53/AIRFLOW/temp/PXD046417/diann/20230803_AST1_Neo1_UHG_7min_DIA_RR_Rep01_035_20230805003828	Brain	0.546	brain	True	True	1.0	0	Exact Match	brain	normal	
PXD046417	/public/conode53/AIRFLOW/temp/PXD046417/diann/20230803_AST1_Neo1_UHG_7min_DIA_RR_Rep01_036_20230805090206	Brain	0.5984	brain	True	True	1.0	0	Exact Match	brain	normal	
PXD046417	/public/conode53/AIRFLOW/temp/PXD046417/diann/20230803_AST1_Neo1_UHG_7min_DIA_RR_Rep01_037_20230805072710	Brain	0.4655	brain	True	True	1.0	0	Exact Match	brain	normal	
PXD046417	/public/conode53/AIRFLOW/temp/PXD046417/diann/20230803_AST1_Neo1_UHG_7min_DIA_RR_Rep01_038_20230805061112	Brain	0.552	brain	True	True	1.0	0	Exact Match	brain	normal	
PXD046417	/public/conode53/AIRFLOW/temp/PXD046417/diann/20230803_AST1_Neo1_UHG_7min_DIA_RR_Rep01_039_20230805034844	Brain	0.3095	brain	True	True	1.0	0	Exact Match	brain	normal	
PXD046417	/public/conode53/AIRFLOW/temp/PXD046417/diann/20230803_AST1_Neo1_UHG_7min_DIA_RR_Rep01_040_20230804215641	Brain	0.3446	brain	True	True	1.0	0	Exact Match	brain	normal	
PXD046417	/public/conode53/AIRFLOW/temp/PXD046417/diann/20230803_AST1_Neo1_UHG_7min_DIA_RR_Rep01_041_20230805054246	Brain	0.4867	brain	True	True	1.0	0	Exact Match	brain	normal	
PXD046417	/public/conode53/AIRFLOW/temp/PXD046417/diann/20230803_AST1_Neo1_UHG_7min_DIA_RR_Rep01_042_20230805063012	Brain	0.4908	brain	True	True	1.0	0	Exact Match	brain	normal	
PXD046417	/public/conode53/AIRFLOW/temp/PXD046417/diann/20230803_AST1_Neo1_UHG_7min_DIA_RR_Rep01_043_20230805080513	Brain	0.3663	brain	True	True	1.0	0	Exact Match	brain	normal	
PXD046417	/public/conode53/AIRFLOW/temp/PXD046417/diann/20230803_AST1_Neo1_UHG_7min_DIA_RR_Rep01_044_20230805012600	Brain	0.4447	brain	True	True	1.0	0	Exact Match	brain	normal	
PXD046417	/public/conode53/AIRFLOW/temp/PXD046417/diann/20230803_AST1_Neo1_UHG_7min_DIA_RR_Rep01_045_20230804223445	Brain	0.5348	brain	True	True	1.0	0	Exact Match	brain	normal	
PXD046417	/public/conode53/AIRFLOW/temp/PXD046417/diann/20230803_AST1_Neo1_UHG_7min_DIA_RR_Rep01_046_20230805033911	Brain	0.4618	brain	True	True	1.0	0	Exact Match	brain	normal	
PXD046417	/public/conode53/AIRFLOW/temp/PXD046417/diann/20230803_AST1_Neo1_UHG_7min_DIA_RR_Rep01_047_20230804232223	Brain	0.3129	brain	True	True	1.0	0	Exact Match	brain	normal	
PXD046417	/public/conode53/AIRFLOW/temp/PXD046417/diann/20230803_AST1_Neo1_UHG_7min_DIA_RR_Rep01_048_20230805014500	Brain	0.3362	brain	True	True	1.0	0	Exact Match	brain	normal	
PXD046417	/public/conode53/AIRFLOW/temp/PXD046417/diann/20230803_AST1_Neo1_UHG_7min_DIA_RR_Rep01_049_20230805021332	Brain	0.2517	brain	True	True	1.0	0	Exact Match	brain	normal	
PXD046417	/public/conode53/AIRFLOW/temp/PXD046417/diann/20230803_AST1_Neo1_UHG_7min_DIA_RR_Rep01_050_20230805082411	Brain	0.4522	brain	True	True	1.0	0	Exact Match	brain	normal	
PXD046417	/public/conode53/AIRFLOW/temp/PXD046417/diann/20230803_AST1_Neo1_UHG_7min_DIA_RR_Rep01_051_20230805093042	Brain	0.6554	brain	True	True	1.0	0	Exact Match	brain	normal	
PXD046417	/public/conode53/AIRFLOW/temp/PXD046417/diann/20230803_AST1_Neo1_UHG_7min_DIA_RR_Rep01_052_20230805065840	Brain	0.3392	brain	True	True	1.0	0	Exact Match	brain	normal	
PXD046417	/public/conode53/AIRFLOW/temp/PXD046417/diann/20230803_AST1_Neo1_UHG_7min_DIA_RR_Rep01_053_20230805081442	Brain	0.4673	brain	True	True	1.0	0	Exact Match	brain	normal	
PXD046417	/public/conode53/AIRFLOW/temp/PXD046417/diann/20230803_AST1_Neo1_UHG_7min_DIA_RR_Rep01_054_20230805024206	Brain	0.4887	brain	True	True	1.0	0	Exact Match	brain	normal	
PXD046417	/public/conode53/AIRFLOW/temp/PXD046417/diann/20230803_AST1_Neo1_UHG_7min_DIA_RR_Rep01_055_20230804224418	Brain	0.4683	brain	True	True	1.0	0	Exact Match	brain	normal	
PXD046417	/public/conode53/AIRFLOW/temp/PXD046417/diann/20230803_AST1_Neo1_UHG_7min_DIA_RR_Rep01_056_20230805002857	Brain	0.4554	brain	True	True	1.0	0	Exact Match	brain	normal	
PXD046417	/public/conode53/AIRFLOW/temp/PXD046417/diann/20230803_AST1_Neo1_UHG_7min_DIA_RR_Rep01_057_20230805022303	Brain	0.4725	brain	True	True	1.0	0	Exact Match	brain	normal	
PXD046417	/public/conode53/AIRFLOW/temp/PXD046417/diann/20230803_AST1_Neo1_UHG_7min_DIA_RR_Rep01_058_20230805083340	Brain	0.379	brain	True	True	1.0	0	Exact Match	brain	normal	
PXD046417	/public/conode53/AIRFLOW/temp/PXD046417/diann/20230803_AST1_Neo1_UHG_7min_DIA_RR_Rep01_059_20230805073641	Brain	0.3984	brain	True	True	1.0	0	Exact Match	brain	normal	
PXD046417	/public/conode53/AIRFLOW/temp/PXD046417/diann/20230803_AST1_Neo1_UHG_7min_DIA_RR_Rep01_060_20230805092109	Brain	0.4663	brain	True	True	1.0	0	Exact Match	brain	normal	
PXD046417	/public/conode53/AIRFLOW/temp/PXD046417/diann/20230803_AST1_Neo1_UHG_7min_DIA_RR_Rep01_061_20230805032007	Brain	0.3292	brain	True	True	1.0	0	Exact Match	brain	normal	
PXD046417	/public/conode53/AIRFLOW/temp/PXD046417/diann/20230803_AST1_Neo1_UHG_7min_DIA_RR_Rep01_062_20230805070809	Brain	0.3362	brain	True	True	1.0	0	Exact Match	brain	normal	
PXD046417	/public/conode53/AIRFLOW/temp/PXD046417/diann/20230803_AST1_Neo1_UHG_7min_DIA_RR_Rep01_063_20230804234125	Brain	0.4644	brain	True	True	1.0	0	Exact Match	brain	normal	
PXD046417	/public/conode53/AIRFLOW/temp/PXD046417/diann/20230803_AST1_Neo1_UHG_7min_DIA_RR_Rep01_064_20230805023235	Brain	0.3759	brain	True	True	1.0	0	Exact Match	brain	normal	
PXD046417	/public/conode53/AIRFLOW/temp/PXD046417/diann/20230803_AST1_Neo1_UHG_7min_DIA_RR_Rep01_065_20230805050446	Brain	0.3811	brain	True	True	1.0	0	Exact Match	brain	normal	
PXD046417	/public/conode53/AIRFLOW/temp/PXD046417/diann/20230803_AST1_Neo1_UHG_7min_DIA_RR_Rep01_066_20230804212807	Brain	0.3632	brain	True	True	1.0	0	Exact Match	brain	normal	
PXD046417	/public/conode53/AIRFLOW/temp/PXD046417/diann/20230803_AST1_Neo1_UHG_7min_DIA_RR_Rep01_067_20230805040744	Brain	0.3585	brain	True	True	1.0	0	Exact Match	brain	normal	
PXD046417	/public/conode53/AIRFLOW/temp/PXD046417/diann/20230803_AST1_Neo1_UHG_7min_DIA_RR_Rep01_068_20230805112448	Brain	0.3661	brain	True	True	1.0	0	Exact Match	brain	normal	
PXD046417	/public/conode53/AIRFLOW/temp/PXD046417/diann/20230803_AST1_Neo1_UHG_7min_DIA_RR_Rep01_069_20230805101811	Brain	0.5541	brain	True	True	1.0	0	Exact Match	brain	normal	
PXD046417	/public/conode53/AIRFLOW/temp/PXD046417/diann/20230803_AST1_Neo1_UHG_7min_DIA_RR_Rep01_070_20230805100840	Brain	0.4813	brain	True	True	1.0	0	Exact Match	brain	normal	
PXD046417	/public/conode53/AIRFLOW/temp/PXD046417/diann/20230803_AST1_Neo1_UHG_7min_DIA_RR_Rep01_071_20230805094941	Brain	0.4241	brain	True	True	1.0	0	Exact Match	brain	normal	
PXD046417	/public/conode53/AIRFLOW/temp/PXD046417/diann/20230803_AST1_Neo1_UHG_7min_DIA_RR_Rep01_072_20230804235056	Brain	0.3483	brain	True	True	1.0	0	Exact Match	brain	normal	
PXD046417	/public/conode53/AIRFLOW/temp/PXD046417/diann/20230803_AST1_Neo1_UHG_7min_DIA_RR_Rep01_073_20230804233154	Brain	0.3397	brain	True	True	1.0	0	Exact Match	brain	normal	
PXD046417	/public/conode53/AIRFLOW/temp/PXD046417/diann/20230803_AST1_Neo1_UHG_7min_DIA_RR_Rep01_074_20230805095911	Brain	0.3635	brain	True	True	1.0	0	Exact Match	brain	normal	
PXD046417	/public/conode53/AIRFLOW/temp/PXD046417/diann/20230803_AST1_Neo1_UHG_7min_DIA_RR_Rep01_075_20230804222512	Brain	0.3315	brain	True	True	1.0	0	Exact Match	brain	normal	
PXD046417	/public/conode53/AIRFLOW/temp/PXD046417/diann/2023115_Astral03_Evo5_UHG_SA_DIA_MSA_RR-073_250ng_01	Brain	0.5957	brain	True	True	1.0	0	Exact Match	brain	normal	
PXD046417	/public/conode53/AIRFLOW/temp/PXD046417/diann/2023115_Astral03_Evo5_UHG_SA_DIA_MSA_RR-074_250ng_01	Brain	0.5908	brain	True	True	1.0	0	Exact Match	brain	normal	
PXD046417	/public/conode53/AIRFLOW/temp/PXD046417/diann/2023115_Astral03_Evo5_UHG_SA_DIA_MSA_RR-075_250ng_01	Brain	0.6746	brain	True	True	1.0	0	Exact Match	brain	normal	
PXD046417	/public/conode53/AIRFLOW/temp/PXD046417/diann/2023115_Astral03_Evo5_UHG_SA_DIA_MSA_RR-076_250ng_01	Brain	0.5015	brain	True	True	1.0	0	Exact Match	brain	normal	
PXD046417	/public/conode53/AIRFLOW/temp/PXD046417/diann/2023115_Astral03_Evo5_UHG_SA_DIA_MSA_RR-077_250ng_01	Brain	0.6061	brain	True	True	1.0	0	Exact Match	brain	normal	
PXD046417	/public/conode53/AIRFLOW/temp/PXD046417/diann/2023115_Astral03_Evo5_UHG_SA_DIA_MSA_RR-078_250ng_01	Brain	0.3591	brain	True	True	1.0	0	Exact Match	brain	normal	
PXD046417	/public/conode53/AIRFLOW/temp/PXD046417/diann/2023115_Astral03_Evo5_UHG_SA_DIA_MSA_RR-080_250ng_01	Brain	0.5828	brain	True	True	1.0	0	Exact Match	brain	normal	
PXD046417	/public/conode53/AIRFLOW/temp/PXD046417/diann/2023115_Astral03_Evo5_UHG_SA_DIA_MSA_RR-081_250ng_01	Brain	0.57	brain	True	True	1.0	0	Exact Match	brain	normal	
PXD046417	/public/conode53/AIRFLOW/temp/PXD046417/diann/2023115_Astral03_Evo5_UHG_SA_DIA_MSA_RR-082_250ng_01	Brain	0.7127	brain	True	True	1.0	0	Exact Match	brain	normal	
PXD046417	/public/conode53/AIRFLOW/temp/PXD046417/diann/2023115_Astral03_Evo5_UHG_SA_DIA_MSA_RR-083_250ng_01	Brain	0.5973	brain	True	True	1.0	0	Exact Match	brain	normal	
PXD046417	/public/conode53/AIRFLOW/temp/PXD046417/diann/2023115_Astral03_Evo5_UHG_SA_DIA_MSA_RR-084_250ng_01	Brain	0.5716	brain	True	True	1.0	0	Exact Match	brain	normal	
PXD046417	/public/conode53/AIRFLOW/temp/PXD046417/diann/2023115_Astral03_Evo5_UHG_SA_DIA_MSA_RR-085_250ng_01	Brain	0.6684	brain	True	True	1.0	0	Exact Match	brain	normal	
PXD046417	/public/conode53/AIRFLOW/temp/PXD046417/diann/2023115_Astral03_Evo5_UHG_SA_DIA_MSA_RR-086_250ng_01	Brain	0.6602	brain	True	True	1.0	0	Exact Match	brain	normal	
PXD046417	/public/conode53/AIRFLOW/temp/PXD046417/diann/2023115_Astral03_Evo5_UHG_SA_DIA_MSA_RR-088_250ng_01	Brain	0.6152	brain	True	True	1.0	0	Exact Match	brain	normal	
PXD046417	/public/conode53/AIRFLOW/temp/PXD046417/diann/2023115_Astral03_Evo5_UHG_SA_DIA_MSA_RR-089_250ng_01	Brain	0.6467	brain	True	True	1.0	0	Exact Match	brain	normal	
PXD046417	/public/conode53/AIRFLOW/temp/PXD046417/diann/2023115_Astral03_Evo5_UHG_SA_DIA_MSA_RR-090_250ng_01	Brain	0.6919	brain	True	True	1.0	0	Exact Match	brain	normal	
PXD046417	/public/conode53/AIRFLOW/temp/PXD046417/diann/2023115_Astral03_Evo5_UHG_SA_DIA_MSA_RR-091_250ng_01	Brain	0.4962	brain	True	True	1.0	0	Exact Match	brain	normal	
PXD046417	/public/conode53/AIRFLOW/temp/PXD046417/diann/2023115_Astral03_Evo5_UHG_SA_DIA_MSA_RR-092_250ng_01	Brain	0.5852	brain	True	True	1.0	0	Exact Match	brain	normal	
PXD046417	/public/conode53/AIRFLOW/temp/PXD046417/diann/2023115_Astral03_Evo5_UHG_SA_DIA_MSA_RR-093_250ng_01	Brain	0.5889	brain	True	True	1.0	0	Exact Match	brain	normal	
PXD046417	/public/conode53/AIRFLOW/temp/PXD046417/diann/2023115_Astral03_Evo5_UHG_SA_DIA_MSA_RR-095_250ng_01	Brain	0.6797	brain	True	True	1.0	0	Exact Match	brain	normal	
PXD046417	/public/conode53/AIRFLOW/temp/PXD046417/diann/2023115_Astral03_Evo5_UHG_SA_DIA_MSA_RR-096_250ng_01	Brain	0.6185	brain	True	True	1.0	0	Exact Match	brain	normal	
PXD046417	/public/conode53/AIRFLOW/temp/PXD046417/diann/2023115_Astral03_Evo5_UHG_SA_DIA_MSA_RR-097_250ng_01	Brain	0.4679	brain	True	True	1.0	0	Exact Match	brain	normal	
PXD046417	/public/conode53/AIRFLOW/temp/PXD046417/diann/2023115_Astral03_Evo5_UHG_SA_DIA_MSA_RR-099_250ng_01	Brain	0.6145	brain	True	True	1.0	0	Exact Match	brain	normal	
PXD046417	/public/conode53/AIRFLOW/temp/PXD046417/diann/2023115_Astral03_Evo5_UHG_SA_DIA_MSA_RR-100_250ng_01	Brain	0.6851	brain	True	True	1.0	0	Exact Match	brain	normal	
PXD046417	/public/conode53/AIRFLOW/temp/PXD046417/diann/2023115_Astral03_Evo5_UHG_SA_DIA_MSA_RR-101_250ng_01	Brain	0.683	brain	True	True	1.0	0	Exact Match	brain	normal	
PXD046417	/public/conode53/AIRFLOW/temp/PXD046417/diann/2023115_Astral03_Evo5_UHG_SA_DIA_MSA_RR-102_250ng_01	Brain	0.5831	brain	True	True	1.0	0	Exact Match	brain	normal	
PXD046417	/public/conode53/AIRFLOW/temp/PXD046417/diann/2023115_Astral03_Evo5_UHG_SA_DIA_MSA_RR-103_250ng_01	Brain	0.5385	brain	True	True	1.0	0	Exact Match	brain	normal	
PXD046417	/public/conode53/AIRFLOW/temp/PXD046417/diann/2023115_Astral03_Evo5_UHG_SA_DIA_MSA_RR-105_250ng_01	Brain	0.6444	brain	True	True	1.0	0	Exact Match	brain	normal	
PXD046417	/public/conode53/AIRFLOW/temp/PXD046417/diann/2023115_Astral03_Evo5_UHG_SA_DIA_MSA_RR-106_250ng_01	Brain	0.6086	brain	True	True	1.0	0	Exact Match	brain	normal	
PXD046417	/public/conode53/AIRFLOW/temp/PXD046417/diann/2023115_Astral03_Evo5_UHG_SA_DIA_MSA_RR-107_250ng_01	Brain	0.6216	brain	True	True	1.0	0	Exact Match	brain	normal	
PXD046417	/public/conode53/AIRFLOW/temp/PXD046417/diann/2023115_Astral03_Evo5_UHG_SA_DIA_MSA_RR-108_250ng_01	Brain	0.6831	brain	True	True	1.0	0	Exact Match	brain	normal	
PXD046417	/public/conode53/AIRFLOW/temp/PXD046417/diann/2023115_Astral03_Evo5_UHG_SA_DIA_MSA_RR-109_250ng_01	Brain	0.6365	brain	True	True	1.0	0	Exact Match	brain	normal	
PXD046417	/public/conode53/AIRFLOW/temp/PXD046417/diann/2023115_Astral03_Evo5_UHG_SA_DIA_MSA_RR-110_250ng_01	Brain	0.6422	brain	True	True	1.0	0	Exact Match	brain	normal	
PXD046417	/public/conode53/AIRFLOW/temp/PXD046417/diann/2023115_Astral03_Evo5_UHG_SA_DIA_MSA_RR-111_250ng_01	Brain	0.3062	brain	True	True	1.0	0	Exact Match	brain	normal	
PXD046417	/public/conode53/AIRFLOW/temp/PXD046417/diann/2023115_Astral03_Evo5_UHG_SA_DIA_MSA_RR-112_250ng_01	Brain	0.5429	brain	True	True	1.0	0	Exact Match	brain	normal	
PXD046417	/public/conode53/AIRFLOW/temp/PXD046417/diann/2023115_Astral03_Evo5_UHG_SA_DIA_MSA_RR-113_250ng_01	Brain	0.7003	brain	True	True	1.0	0	Exact Match	brain	normal	
PXD046417	/public/conode53/AIRFLOW/temp/PXD046417/diann/2023115_Astral03_Evo5_UHG_SA_DIA_MSA_RR-114_250ng_01	Brain	0.596	brain	True	True	1.0	0	Exact Match	brain	normal	
PXD046417	/public/conode53/AIRFLOW/temp/PXD046417/diann/2023115_Astral03_Evo5_UHG_SA_DIA_MSA_RR-115_250ng_01	Brain	0.6052	brain	True	True	1.0	0	Exact Match	brain	normal	
PXD046417	/public/conode53/AIRFLOW/temp/PXD046417/diann/2023115_Astral03_Evo5_UHG_SA_DIA_MSA_RR-116_250ng_01	Brain	0.5924	brain	True	True	1.0	0	Exact Match	brain	normal	
PXD046417	/public/conode53/AIRFLOW/temp/PXD046417/diann/2023115_Astral03_Evo5_UHG_SA_DIA_MSA_RR-117_250ng_01	Brain	0.614	brain	True	True	1.0	0	Exact Match	brain	normal	
PXD046417	/public/conode53/AIRFLOW/temp/PXD046417/diann/2023115_Astral03_Evo5_UHG_SA_DIA_MSA_RR-118_250ng_01	Brain	0.592	brain	True	True	1.0	0	Exact Match	brain	normal	
PXD046417	/public/conode53/AIRFLOW/temp/PXD046417/diann/2023115_Astral03_Evo5_UHG_SA_DIA_MSA_RR-119_250ng_01	Brain	0.506	brain	True	True	1.0	0	Exact Match	brain	normal	
PXD046417	/public/conode53/AIRFLOW/temp/PXD046417/diann/2023115_Astral03_Evo5_UHG_SA_DIA_MSA_RR-120_250ng_01	Brain	0.6057	brain	True	True	1.0	0	Exact Match	brain	normal	
PXD046417	/public/conode53/AIRFLOW/temp/PXD046417/diann/2023115_Astral03_Evo5_UHG_SA_DIA_MSA_RR-121_250ng_01	Brain	0.3265	brain	True	True	1.0	0	Exact Match	brain	normal	
PXD046417	/public/conode53/AIRFLOW/temp/PXD046417/diann/2023115_Astral03_Evo5_UHG_SA_DIA_MSA_RR-122_250ng_01	Brain	0.5657	brain	True	True	1.0	0	Exact Match	brain	normal	
PXD046417	/public/conode53/AIRFLOW/temp/PXD046417/diann/2023115_Astral03_Evo5_UHG_SA_DIA_MSA_RR-123_250ng_01	Brain	0.724	brain	True	True	1.0	0	Exact Match	brain	normal	
PXD046417	/public/conode53/AIRFLOW/temp/PXD046417/diann/2023115_Astral03_Evo5_UHG_SA_DIA_MSA_RR-124_250ng_01	Brain	0.3955	brain	True	True	1.0	0	Exact Match	brain	normal	
PXD046417	/public/conode53/AIRFLOW/temp/PXD046417/diann/2023115_Astral03_Evo5_UHG_SA_DIA_MSA_RR-125_250ng_01	Brain	0.5664	brain	True	True	1.0	0	Exact Match	brain	normal	
PXD046417	/public/conode53/AIRFLOW/temp/PXD046417/diann/2023115_Astral03_Evo5_UHG_SA_DIA_MSA_RR-126_250ng_01	Brain	0.6131	brain	True	True	1.0	0	Exact Match	brain	normal	
PXD046417	/public/conode53/AIRFLOW/temp/PXD046417/diann/2023115_Astral03_Evo5_UHG_SA_DIA_MSA_RR-127_250ng_01	Brain	0.6086	brain	True	True	1.0	0	Exact Match	brain	normal	
PXD046417	/public/conode53/AIRFLOW/temp/PXD046417/diann/2023115_Astral03_Evo5_UHG_SA_DIA_MSA_RR-128_250ng_01	Brain	0.6749	brain	True	True	1.0	0	Exact Match	brain	normal	
PXD046417	/public/conode53/AIRFLOW/temp/PXD046417/diann/2023115_Astral03_Evo5_UHG_SA_DIA_MSA_RR-129_250ng_01	Brain	0.5921	brain	True	True	1.0	0	Exact Match	brain	normal	
PXD046417	/public/conode53/AIRFLOW/temp/PXD046417/diann/2023115_Astral03_Evo5_UHG_SA_DIA_MSA_RR-130_250ng_01	Brain	0.5902	brain	True	True	1.0	0	Exact Match	brain	normal	
PXD046417	/public/conode53/AIRFLOW/temp/PXD046417/diann/2023115_Astral03_Evo5_UHG_SA_DIA_MSA_RR-131_250ng_01	Brain	0.5923	brain	True	True	1.0	0	Exact Match	brain	normal	
PXD046417	/public/conode53/AIRFLOW/temp/PXD046417/diann/2023115_Astral03_Evo5_UHG_SA_DIA_MSA_RR-132_250ng_01	Brain	0.4864	brain	True	True	1.0	0	Exact Match	brain	normal	
PXD046417	/public/conode53/AIRFLOW/temp/PXD046417/diann/2023115_Astral03_Evo5_UHG_SA_DIA_MSA_RR-133_250ng_01	Brain	0.5849	brain	True	True	1.0	0	Exact Match	brain	normal	
PXD046417	/public/conode53/AIRFLOW/temp/PXD046417/diann/2023115_Astral03_Evo5_UHG_SA_DIA_MSA_RR-134_250ng_01	Brain	0.6421	brain	True	True	1.0	0	Exact Match	brain	normal	
PXD046417	/public/conode53/AIRFLOW/temp/PXD046417/diann/2023115_Astral03_Evo5_UHG_SA_DIA_MSA_RR-135_250ng_01	Brain	0.5264	brain	True	True	1.0	0	Exact Match	brain	normal	
PXD046417	/public/conode53/AIRFLOW/temp/PXD046417/diann/2023115_Astral03_Evo5_UHG_SA_DIA_MSA_RR-136_250ng_01	Brain	0.3798	brain	True	True	1.0	0	Exact Match	brain	normal	
PXD046417	/public/conode53/AIRFLOW/temp/PXD046417/diann/2023115_Astral03_Evo5_UHG_SA_DIA_MSA_RR-137_250ng_01	Brain	0.4727	brain	True	True	1.0	0	Exact Match	brain	normal	
PXD046417	/public/conode53/AIRFLOW/temp/PXD046417/diann/2023115_Astral03_Evo5_UHG_SA_DIA_MSA_RR-138_250ng_01	Brain	0.5511	brain	True	True	1.0	0	Exact Match	brain	normal	
PXD046417	/public/conode53/AIRFLOW/temp/PXD046417/diann/2023115_Astral03_Evo5_UHG_SA_DIA_MSA_RR-139_250ng_01	Brain	0.4089	brain	True	True	1.0	0	Exact Match	brain	normal	
PXD046417	/public/conode53/AIRFLOW/temp/PXD046417/diann/2023115_Astral03_Evo5_UHG_SA_DIA_MSA_RR-140_250ng_01	Brain	0.6286	brain	True	True	1.0	0	Exact Match	brain	normal	
PXD046417	/public/conode53/AIRFLOW/temp/PXD046417/diann/2023115_Astral03_Evo5_UHG_SA_DIA_MSA_RR-141_250ng_01	Brain	0.6182	brain	True	True	1.0	0	Exact Match	brain	normal	
PXD046417	/public/conode53/AIRFLOW/temp/PXD046417/diann/2023115_Astral03_Evo5_UHG_SA_DIA_MSA_RR-143_250ng_01	Brain	0.6079	brain	True	True	1.0	0	Exact Match	brain	normal	
PXD046417	/public/conode53/AIRFLOW/temp/PXD046417/diann/2023115_Astral03_Evo5_UHG_SA_DIA_MSA_RR-144_250ng_01	Brain	0.5724	brain	True	True	1.0	0	Exact Match	brain	normal	
PXD046417	/public/conode53/AIRFLOW/temp/PXD046417/diann/2023115_Astral03_Evo5_UHG_SA_DIA_MSA_RR-145_250ng_01	Brain	0.3493	brain	True	True	1.0	0	Exact Match	brain	normal	
PXD046417	/public/conode53/AIRFLOW/temp/PXD046417/diann/2023115_Astral03_Evo5_UHG_SA_DIA_MSA_RR-146_250ng_01	Brain	0.5881	brain	True	True	1.0	0	Exact Match	brain	normal	
PXD046417	/public/conode53/AIRFLOW/temp/PXD046417/diann/2023115_Astral03_Evo5_UHG_SA_DIA_MSA_RR-147_250ng_01	Brain	0.4776	brain	True	True	1.0	0	Exact Match	brain	normal	
PXD046417	/public/conode53/AIRFLOW/temp/PXD046417/diann/2023115_Astral03_Evo5_UHG_SA_DIA_MSA_RR-148_250ng_01	Brain	0.5717	brain	True	True	1.0	0	Exact Match	brain	normal	
PXD046417	N.Proteotypic.Sequences	Brain	0.4806	brain	True	True	1.0	0	Exact Match	brain	normal	
PXD046417	N.Sequences	Brain	0.4723	brain	True	True	1.0	0	Exact Match	brain	normal	
PXD046550	/public/conode53/AIRFLOW/temp/PXD046550/diann/20210830_EX1_UM8_Vollm004_SA_EXT00_kidneytransplant_serum_CTRL_P3_V1_inj3_20210830225505	Bone marrow	0.1368	blood	False	False	0.7688	2	Near-Agreement (Subpart / Secretome)	hematopoietic system	kidney transplant; normal	blood plasma
PXD046550	/public/conode53/AIRFLOW/temp/PXD046550/diann/20210830_EX1_UM8_Vollm004_SA_EXT00_kidneytransplant_serum_CTRL_P3_V1_inj4	Bone marrow	0.1374	blood	False	False	0.7688	2	Near-Agreement (Subpart / Secretome)	hematopoietic system	kidney transplant; normal	blood plasma
PXD046550	/public/conode53/AIRFLOW/temp/PXD046550/diann/20210830_EX1_UM8_Vollm004_SA_EXT00_kidneytransplant_serum_CTRL_P3_V1_inj5	Bone marrow	0.1321	blood	False	False	0.7688	2	Near-Agreement (Subpart / Secretome)	hematopoietic system	kidney transplant; normal	blood plasma
PXD046550	/public/conode53/AIRFLOW/temp/PXD046550/diann/20210830_EX1_UM8_Vollm004_SA_EXT00_kidneytransplant_serum_CTRL_P3_V2_inj1	Bone marrow	0.1421	blood	False	False	0.7688	2	Near-Agreement (Subpart / Secretome)	hematopoietic system	kidney transplant; normal	blood plasma
PXD046550	/public/conode53/AIRFLOW/temp/PXD046550/diann/20210830_EX1_UM8_Vollm004_SA_EXT00_kidneytransplant_serum_CTRL_P3_V2_inj2	Bone marrow	0.1421	blood	False	False	0.7688	2	Near-Agreement (Subpart / Secretome)	hematopoietic system	kidney transplant; normal	blood plasma
PXD046550	/public/conode53/AIRFLOW/temp/PXD046550/diann/20210830_EX1_UM8_Vollm004_SA_EXT00_kidneytransplant_serum_CTRL_P3_V2_inj3	Bone marrow	0.1421	blood	False	False	0.7688	2	Near-Agreement (Subpart / Secretome)	hematopoietic system	kidney transplant; normal	blood plasma
PXD046550	/public/conode53/AIRFLOW/temp/PXD046550/diann/20210830_EX1_UM8_Vollm004_SA_EXT00_kidneytransplant_serum_CTRL_P3_V3_inj1	Bone marrow	0.1474	blood	False	False	0.7688	2	Near-Agreement (Subpart / Secretome)	hematopoietic system	kidney transplant; normal	blood plasma
PXD046550	/public/conode53/AIRFLOW/temp/PXD046550/diann/20210830_EX1_UM8_Vollm004_SA_EXT00_kidneytransplant_serum_CTRL_P3_V3_inj2	Bone marrow	0.1369	blood	False	False	0.7688	2	Near-Agreement (Subpart / Secretome)	hematopoietic system	kidney transplant; normal	blood plasma
PXD046550	/public/conode53/AIRFLOW/temp/PXD046550/diann/20210830_EX1_UM8_Vollm004_SA_EXT00_kidneytransplant_serum_CTRL_P3_V3_inj3	Bone marrow	0.1369	blood	False	False	0.7688	2	Near-Agreement (Subpart / Secretome)	hematopoietic system	kidney transplant; normal	blood plasma
PXD046550	/public/conode53/AIRFLOW/temp/PXD046550/diann/20210830_EX1_UM8_Vollm004_SA_EXT00_kidneytransplant_serum_CTRL_P4_V1_inj1	Bone marrow	0.1406	blood	False	False	0.7688	2	Near-Agreement (Subpart / Secretome)	hematopoietic system	kidney transplant; normal	blood plasma
PXD046550	/public/conode53/AIRFLOW/temp/PXD046550/diann/20210830_EX1_UM8_Vollm004_SA_EXT00_kidneytransplant_serum_CTRL_P4_V1_inj2	Bone marrow	0.1453	blood	False	False	0.7688	2	Near-Agreement (Subpart / Secretome)	hematopoietic system	kidney transplant; normal	blood plasma
PXD046550	/public/conode53/AIRFLOW/temp/PXD046550/diann/20210830_EX1_UM8_Vollm004_SA_EXT00_kidneytransplant_serum_CTRL_P4_V1_inj3	Bone marrow	0.145	blood	False	False	0.7688	2	Near-Agreement (Subpart / Secretome)	hematopoietic system	kidney transplant; normal	blood plasma
PXD046550	/public/conode53/AIRFLOW/temp/PXD046550/diann/20210830_EX1_UM8_Vollm004_SA_EXT00_kidneytransplant_serum_CTRL_P4_V2_inj1	Bone marrow	0.1445	blood	False	False	0.7688	2	Near-Agreement (Subpart / Secretome)	hematopoietic system	kidney transplant; normal	blood plasma
PXD046550	/public/conode53/AIRFLOW/temp/PXD046550/diann/20210830_EX1_UM8_Vollm004_SA_EXT00_kidneytransplant_serum_CTRL_P4_V2_inj2	Bone marrow	0.1374	blood	False	False	0.7688	2	Near-Agreement (Subpart / Secretome)	hematopoietic system	kidney transplant; normal	blood plasma
PXD046550	/public/conode53/AIRFLOW/temp/PXD046550/diann/20210830_EX1_UM8_Vollm004_SA_EXT00_kidneytransplant_serum_CTRL_P4_V2_inj3	Bone marrow	0.1374	blood	False	False	0.7688	2	Near-Agreement (Subpart / Secretome)	hematopoietic system	kidney transplant; normal	blood plasma
PXD046550	/public/conode53/AIRFLOW/temp/PXD046550/diann/20210830_EX1_UM8_Vollm004_SA_EXT00_kidneytransplant_serum_CTRL_P4_V3_inj1	Bone marrow	0.145	blood	False	False	0.7688	2	Near-Agreement (Subpart / Secretome)	hematopoietic system	kidney transplant; normal	blood plasma
PXD046550	/public/conode53/AIRFLOW/temp/PXD046550/diann/20210830_EX1_UM8_Vollm004_SA_EXT00_kidneytransplant_serum_CTRL_P4_V3_inj2	Bone marrow	0.1445	blood	False	False	0.7688	2	Near-Agreement (Subpart / Secretome)	hematopoietic system	kidney transplant; normal	blood plasma
PXD046550	/public/conode53/AIRFLOW/temp/PXD046550/diann/20210830_EX1_UM8_Vollm004_SA_EXT00_kidneytransplant_serum_CTRL_P4_V3_inj3	Bone marrow	0.1397	blood	False	False	0.7688	2	Near-Agreement (Subpart / Secretome)	hematopoietic system	kidney transplant; normal	blood plasma
PXD046550	/public/conode53/AIRFLOW/temp/PXD046550/diann/20210830_EX1_UM8_Vollm004_SA_EXT00_kidneytransplant_serum_P1_FT_inj1	Bone marrow	0.1267	blood	False	False	0.7688	2	Near-Agreement (Subpart / Secretome)	hematopoietic system	kidney transplant; normal	blood plasma
PXD046550	/public/conode53/AIRFLOW/temp/PXD046550/diann/20210830_EX1_UM8_Vollm004_SA_EXT00_kidneytransplant_serum_P1_FT_inj2	Bone marrow	0.127	blood	False	False	0.7688	2	Near-Agreement (Subpart / Secretome)	hematopoietic system	kidney transplant; normal	blood plasma
PXD046550	/public/conode53/AIRFLOW/temp/PXD046550/diann/20210830_EX1_UM8_Vollm004_SA_EXT00_kidneytransplant_serum_P1_FT_inj3	Bone marrow	0.1229	blood	False	False	0.7688	2	Near-Agreement (Subpart / Secretome)	hematopoietic system	kidney transplant; normal	blood plasma
PXD046550	/public/conode53/AIRFLOW/temp/PXD046550/diann/20210830_EX1_UM8_Vollm004_SA_EXT00_kidneytransplant_serum_P1_T0_inj1	Bone marrow	0.1223	blood	False	False	0.7688	2	Near-Agreement (Subpart / Secretome)	hematopoietic system	kidney transplant; normal	blood plasma
PXD046550	/public/conode53/AIRFLOW/temp/PXD046550/diann/20210830_EX1_UM8_Vollm004_SA_EXT00_kidneytransplant_serum_P1_T0_inj2	Bone marrow	0.1381	blood	False	False	0.7688	2	Near-Agreement (Subpart / Secretome)	hematopoietic system	kidney transplant; normal	blood plasma
PXD046550	/public/conode53/AIRFLOW/temp/PXD046550/diann/20210830_EX1_UM8_Vollm004_SA_EXT00_kidneytransplant_serum_P1_T0_inj3	Bone marrow	0.1427	blood	False	False	0.7688	2	Near-Agreement (Subpart / Secretome)	hematopoietic system	kidney transplant; normal	blood plasma
PXD046550	/public/conode53/AIRFLOW/temp/PXD046550/diann/20210830_EX1_UM8_Vollm004_SA_EXT00_kidneytransplant_serum_P1_T10_inj1	Bone marrow	0.1281	blood	False	False	0.7688	2	Near-Agreement (Subpart / Secretome)	hematopoietic system	kidney transplant; normal	blood plasma
PXD046550	/public/conode53/AIRFLOW/temp/PXD046550/diann/20210830_EX1_UM8_Vollm004_SA_EXT00_kidneytransplant_serum_P1_T10_inj2	Bone marrow	0.1387	blood	False	False	0.7688	2	Near-Agreement (Subpart / Secretome)	hematopoietic system	kidney transplant; normal	blood plasma
PXD046550	/public/conode53/AIRFLOW/temp/PXD046550/diann/20210830_EX1_UM8_Vollm004_SA_EXT00_kidneytransplant_serum_P1_T10_inj3	Bone marrow	0.1388	blood	False	False	0.7688	2	Near-Agreement (Subpart / Secretome)	hematopoietic system	kidney transplant; normal	blood plasma
PXD046550	/public/conode53/AIRFLOW/temp/PXD046550/diann/20210830_EX1_UM8_Vollm004_SA_EXT00_kidneytransplant_serum_P1_T1_inj1_CORRECT	Bone marrow	0.1354	blood	False	False	0.7688	2	Near-Agreement (Subpart / Secretome)	hematopoietic system	kidney transplant; normal	blood plasma
PXD046550	/public/conode53/AIRFLOW/temp/PXD046550/diann/20210830_EX1_UM8_Vollm004_SA_EXT00_kidneytransplant_serum_P1_T1_inj2	Bone marrow	0.1266	blood	False	False	0.7688	2	Near-Agreement (Subpart / Secretome)	hematopoietic system	kidney transplant; normal	blood plasma
PXD046550	/public/conode53/AIRFLOW/temp/PXD046550/diann/20210830_EX1_UM8_Vollm004_SA_EXT00_kidneytransplant_serum_P1_T1_inj2_CORRECT	Bone marrow	0.1412	blood	False	False	0.7688	2	Near-Agreement (Subpart / Secretome)	hematopoietic system	kidney transplant; normal	blood plasma
PXD046550	/public/conode53/AIRFLOW/temp/PXD046550/diann/20210830_EX1_UM8_Vollm004_SA_EXT00_kidneytransplant_serum_P1_T1_inj3_CORRECT	Bone marrow	0.1359	blood	False	False	0.7688	2	Near-Agreement (Subpart / Secretome)	hematopoietic system	kidney transplant; normal	blood plasma
PXD046550	/public/conode53/AIRFLOW/temp/PXD046550/diann/20210830_EX1_UM8_Vollm004_SA_EXT00_kidneytransplant_serum_P1_T2_inj1_20210901214144	Bone marrow	0.1404	blood	False	False	0.7688	2	Near-Agreement (Subpart / Secretome)	hematopoietic system	kidney transplant; normal	blood plasma
PXD046550	/public/conode53/AIRFLOW/temp/PXD046550/diann/20210830_EX1_UM8_Vollm004_SA_EXT00_kidneytransplant_serum_P1_T2_inj2	Bone marrow	0.1452	blood	False	False	0.7688	2	Near-Agreement (Subpart / Secretome)	hematopoietic system	kidney transplant; normal	blood plasma
PXD046550	/public/conode53/AIRFLOW/temp/PXD046550/diann/20210830_EX1_UM8_Vollm004_SA_EXT00_kidneytransplant_serum_P1_T2_inj3	Bone marrow	0.1456	blood	False	False	0.7688	2	Near-Agreement (Subpart / Secretome)	hematopoietic system	kidney transplant; normal	blood plasma
PXD046550	/public/conode53/AIRFLOW/temp/PXD046550/diann/20210830_EX1_UM8_Vollm004_SA_EXT00_kidneytransplant_serum_P1_T3_inj1	Bone marrow	0.1395	blood	False	False	0.7688	2	Near-Agreement (Subpart / Secretome)	hematopoietic system	kidney transplant; normal	blood plasma
PXD046550	/public/conode53/AIRFLOW/temp/PXD046550/diann/20210830_EX1_UM8_Vollm004_SA_EXT00_kidneytransplant_serum_P1_T3_inj2	Bone marrow	0.1398	blood	False	False	0.7688	2	Near-Agreement (Subpart / Secretome)	hematopoietic system	kidney transplant; normal	blood plasma
PXD046550	/public/conode53/AIRFLOW/temp/PXD046550/diann/20210830_EX1_UM8_Vollm004_SA_EXT00_kidneytransplant_serum_P1_T3_inj3	Bone marrow	0.1396	blood	False	False	0.7688	2	Near-Agreement (Subpart / Secretome)	hematopoietic system	kidney transplant; normal	blood plasma
PXD046550	/public/conode53/AIRFLOW/temp/PXD046550/diann/20210830_EX1_UM8_Vollm004_SA_EXT00_kidneytransplant_serum_P1_T4_inj1	Bone marrow	0.1399	blood	False	False	0.7688	2	Near-Agreement (Subpart / Secretome)	hematopoietic system	kidney transplant; normal	blood plasma
PXD046550	/public/conode53/AIRFLOW/temp/PXD046550/diann/20210830_EX1_UM8_Vollm004_SA_EXT00_kidneytransplant_serum_P1_T4_inj2	Bone marrow	0.1404	blood	False	False	0.7688	2	Near-Agreement (Subpart / Secretome)	hematopoietic system	kidney transplant; normal	blood plasma
PXD046550	/public/conode53/AIRFLOW/temp/PXD046550/diann/20210830_EX1_UM8_Vollm004_SA_EXT00_kidneytransplant_serum_P1_T4_inj3	Bone marrow	0.1299	blood	False	False	0.7688	2	Near-Agreement (Subpart / Secretome)	hematopoietic system	kidney transplant; normal	blood plasma
PXD046550	/public/conode53/AIRFLOW/temp/PXD046550/diann/20210830_EX1_UM8_Vollm004_SA_EXT00_kidneytransplant_serum_P1_T5_inj1	Bone marrow	0.1403	blood	False	False	0.7688	2	Near-Agreement (Subpart / Secretome)	hematopoietic system	kidney transplant; normal	blood plasma
PXD046550	/public/conode53/AIRFLOW/temp/PXD046550/diann/20210830_EX1_UM8_Vollm004_SA_EXT00_kidneytransplant_serum_P1_T5_inj2	Bone marrow	0.1399	blood	False	False	0.7688	2	Near-Agreement (Subpart / Secretome)	hematopoietic system	kidney transplant; normal	blood plasma
PXD046550	/public/conode53/AIRFLOW/temp/PXD046550/diann/20210830_EX1_UM8_Vollm004_SA_EXT00_kidneytransplant_serum_P1_T5_inj3	Bone marrow	0.1398	blood	False	False	0.7688	2	Near-Agreement (Subpart / Secretome)	hematopoietic system	kidney transplant; normal	blood plasma
PXD046550	/public/conode53/AIRFLOW/temp/PXD046550/diann/20210830_EX1_UM8_Vollm004_SA_EXT00_kidneytransplant_serum_P1_T6_inj1	Bone marrow	0.1337	blood	False	False	0.7688	2	Near-Agreement (Subpart / Secretome)	hematopoietic system	kidney transplant; normal	blood plasma
PXD046550	/public/conode53/AIRFLOW/temp/PXD046550/diann/20210830_EX1_UM8_Vollm004_SA_EXT00_kidneytransplant_serum_P1_T6_inj2	Bone marrow	0.1339	blood	False	False	0.7688	2	Near-Agreement (Subpart / Secretome)	hematopoietic system	kidney transplant; normal	blood plasma
PXD046550	/public/conode53/AIRFLOW/temp/PXD046550/diann/20210830_EX1_UM8_Vollm004_SA_EXT00_kidneytransplant_serum_P1_T6_inj3	Bone marrow	0.1342	blood	False	False	0.7688	2	Near-Agreement (Subpart / Secretome)	hematopoietic system	kidney transplant; normal	blood plasma
PXD046550	/public/conode53/AIRFLOW/temp/PXD046550/diann/20210830_EX1_UM8_Vollm004_SA_EXT00_kidneytransplant_serum_P1_T7_inj1	Bone marrow	0.1335	blood	False	False	0.7688	2	Near-Agreement (Subpart / Secretome)	hematopoietic system	kidney transplant; normal	blood plasma
PXD046550	/public/conode53/AIRFLOW/temp/PXD046550/diann/20210830_EX1_UM8_Vollm004_SA_EXT00_kidneytransplant_serum_P1_T7_inj2	Bone marrow	0.139	blood	False	False	0.7688	2	Near-Agreement (Subpart / Secretome)	hematopoietic system	kidney transplant; normal	blood plasma
PXD046550	/public/conode53/AIRFLOW/temp/PXD046550/diann/20210830_EX1_UM8_Vollm004_SA_EXT00_kidneytransplant_serum_P1_T7_inj3	Bone marrow	0.1391	blood	False	False	0.7688	2	Near-Agreement (Subpart / Secretome)	hematopoietic system	kidney transplant; normal	blood plasma
PXD046550	/public/conode53/AIRFLOW/temp/PXD046550/diann/20210830_EX1_UM8_Vollm004_SA_EXT00_kidneytransplant_serum_P1_T8_inj1	Bone marrow	0.141	blood	False	False	0.7688	2	Near-Agreement (Subpart / Secretome)	hematopoietic system	kidney transplant; normal	blood plasma
PXD046550	/public/conode53/AIRFLOW/temp/PXD046550/diann/20210830_EX1_UM8_Vollm004_SA_EXT00_kidneytransplant_serum_P1_T8_inj2	Bone marrow	0.1351	blood	False	False	0.7688	2	Near-Agreement (Subpart / Secretome)	hematopoietic system	kidney transplant; normal	blood plasma
PXD046550	/public/conode53/AIRFLOW/temp/PXD046550/diann/20210830_EX1_UM8_Vollm004_SA_EXT00_kidneytransplant_serum_P1_T8_inj3	Bone marrow	0.1359	blood	False	False	0.7688	2	Near-Agreement (Subpart / Secretome)	hematopoietic system	kidney transplant; normal	blood plasma
PXD046550	/public/conode53/AIRFLOW/temp/PXD046550/diann/20210830_EX1_UM8_Vollm004_SA_EXT00_kidneytransplant_serum_P1_T9_inj1	Bone marrow	0.1345	blood	False	False	0.7688	2	Near-Agreement (Subpart / Secretome)	hematopoietic system	kidney transplant; normal	blood plasma
PXD046550	/public/conode53/AIRFLOW/temp/PXD046550/diann/20210830_EX1_UM8_Vollm004_SA_EXT00_kidneytransplant_serum_P1_T9_inj2	Bone marrow	0.1398	blood	False	False	0.7688	2	Near-Agreement (Subpart / Secretome)	hematopoietic system	kidney transplant; normal	blood plasma
PXD046550	/public/conode53/AIRFLOW/temp/PXD046550/diann/20210830_EX1_UM8_Vollm004_SA_EXT00_kidneytransplant_serum_P1_T9_inj3	Bone marrow	0.1404	blood	False	False	0.7688	2	Near-Agreement (Subpart / Secretome)	hematopoietic system	kidney transplant; normal	blood plasma
PXD046550	/public/conode53/AIRFLOW/temp/PXD046550/diann/20210830_EX1_UM8_Vollm004_SA_EXT00_kidneytransplant_serum_P2_FT_inj1	Bone marrow	0.1237	blood	False	False	0.7688	2	Near-Agreement (Subpart / Secretome)	hematopoietic system	kidney transplant; normal	blood plasma
PXD046550	/public/conode53/AIRFLOW/temp/PXD046550/diann/20210830_EX1_UM8_Vollm004_SA_EXT00_kidneytransplant_serum_P2_FT_inj2	Bone marrow	0.129	blood	False	False	0.7688	2	Near-Agreement (Subpart / Secretome)	hematopoietic system	kidney transplant; normal	blood plasma
PXD046550	/public/conode53/AIRFLOW/temp/PXD046550/diann/20210830_EX1_UM8_Vollm004_SA_EXT00_kidneytransplant_serum_P2_FT_inj3	Bone marrow	0.1237	blood	False	False	0.7688	2	Near-Agreement (Subpart / Secretome)	hematopoietic system	kidney transplant; normal	blood plasma
PXD046550	/public/conode53/AIRFLOW/temp/PXD046550/diann/20210830_EX1_UM8_Vollm004_SA_EXT00_kidneytransplant_serum_P2_T0_inj1	Bone marrow	0.1288	blood	False	False	0.7688	2	Near-Agreement (Subpart / Secretome)	hematopoietic system	kidney transplant; normal	blood plasma
PXD046550	/public/conode53/AIRFLOW/temp/PXD046550/diann/20210830_EX1_UM8_Vollm004_SA_EXT00_kidneytransplant_serum_P2_T0_inj2	Bone marrow	0.1338	blood	False	False	0.7688	2	Near-Agreement (Subpart / Secretome)	hematopoietic system	kidney transplant; normal	blood plasma
PXD046550	/public/conode53/AIRFLOW/temp/PXD046550/diann/20210830_EX1_UM8_Vollm004_SA_EXT00_kidneytransplant_serum_P2_T0_inj3	Bone marrow	0.1237	blood	False	False	0.7688	2	Near-Agreement (Subpart / Secretome)	hematopoietic system	kidney transplant; normal	blood plasma
PXD046550	/public/conode53/AIRFLOW/temp/PXD046550/diann/20210830_EX1_UM8_Vollm004_SA_EXT00_kidneytransplant_serum_P2_T1_inj1	Bone marrow	0.1346	blood	False	False	0.7688	2	Near-Agreement (Subpart / Secretome)	hematopoietic system	kidney transplant; normal	blood plasma
PXD046550	/public/conode53/AIRFLOW/temp/PXD046550/diann/20210830_EX1_UM8_Vollm004_SA_EXT00_kidneytransplant_serum_P2_T1_inj2	Bone marrow	0.1397	blood	False	False	0.7688	2	Near-Agreement (Subpart / Secretome)	hematopoietic system	kidney transplant; normal	blood plasma
PXD046550	/public/conode53/AIRFLOW/temp/PXD046550/diann/20210830_EX1_UM8_Vollm004_SA_EXT00_kidneytransplant_serum_P2_T1_inj3	Bone marrow	0.1397	blood	False	False	0.7688	2	Near-Agreement (Subpart / Secretome)	hematopoietic system	kidney transplant; normal	blood plasma
PXD046550	/public/conode53/AIRFLOW/temp/PXD046550/diann/20210830_EX1_UM8_Vollm004_SA_EXT00_kidneytransplant_serum_P2_T2_inj1	Bone marrow	0.1415	blood	False	False	0.7688	2	Near-Agreement (Subpart / Secretome)	hematopoietic system	kidney transplant; normal	blood plasma
PXD046550	/public/conode53/AIRFLOW/temp/PXD046550/diann/20210830_EX1_UM8_Vollm004_SA_EXT00_kidneytransplant_serum_P2_T2_inj2	Bone marrow	0.1477	blood	False	False	0.7688	2	Near-Agreement (Subpart / Secretome)	hematopoietic system	kidney transplant; normal	blood plasma
PXD046550	/public/conode53/AIRFLOW/temp/PXD046550/diann/20210830_EX1_UM8_Vollm004_SA_EXT00_kidneytransplant_serum_P2_T2_inj3	Bone marrow	0.1413	blood	False	False	0.7688	2	Near-Agreement (Subpart / Secretome)	hematopoietic system	kidney transplant; normal	blood plasma
PXD046550	/public/conode53/AIRFLOW/temp/PXD046550/diann/20210830_EX1_UM8_Vollm004_SA_EXT00_kidneytransplant_serum_P2_T3_inj1	Bone marrow	0.1275	blood	False	False	0.7688	2	Near-Agreement (Subpart / Secretome)	hematopoietic system	kidney transplant; normal	blood plasma
PXD046550	/public/conode53/AIRFLOW/temp/PXD046550/diann/20210830_EX1_UM8_Vollm004_SA_EXT00_kidneytransplant_serum_P2_T3_inj2	Bone marrow	0.1324	blood	False	False	0.7688	2	Near-Agreement (Subpart / Secretome)	hematopoietic system	kidney transplant; normal	blood plasma
PXD046550	/public/conode53/AIRFLOW/temp/PXD046550/diann/20210830_EX1_UM8_Vollm004_SA_EXT00_kidneytransplant_serum_P2_T3_inj3	Bone marrow	0.1362	blood	False	False	0.7688	2	Near-Agreement (Subpart / Secretome)	hematopoietic system	kidney transplant; normal	blood plasma
PXD046550	/public/conode53/AIRFLOW/temp/PXD046550/diann/20210830_EX1_UM8_Vollm004_SA_EXT00_kidneytransplant_serum_P2_T4_inj1	Bone marrow	0.1374	blood	False	False	0.7688	2	Near-Agreement (Subpart / Secretome)	hematopoietic system	kidney transplant; normal	blood plasma
PXD046550	/public/conode53/AIRFLOW/temp/PXD046550/diann/20210830_EX1_UM8_Vollm004_SA_EXT00_kidneytransplant_serum_P2_T4_inj2	Bone marrow	0.1426	blood	False	False	0.7688	2	Near-Agreement (Subpart / Secretome)	hematopoietic system	kidney transplant; normal	blood plasma
PXD046550	/public/conode53/AIRFLOW/temp/PXD046550/diann/20210830_EX1_UM8_Vollm004_SA_EXT00_kidneytransplant_serum_P2_T4_inj3	Bone marrow	0.1382	blood	False	False	0.7688	2	Near-Agreement (Subpart / Secretome)	hematopoietic system	kidney transplant; normal	blood plasma
PXD046550	20220818_EX1_EV_kalai002_SA_EXT00_SerumKid_P2_t0	Bone marrow	0.1781	blood	False	False	0.7688	2	Near-Agreement (Subpart / Secretome)	hematopoietic system	kidney transplant; normal	blood plasma
PXD046550	20220818_EX1_EV_kalai002_SA_EXT00_SerumKid_P2_t1	Bone marrow	0.1692	blood	False	False	0.7688	2	Near-Agreement (Subpart / Secretome)	hematopoietic system	kidney transplant; normal	blood plasma
PXD046550	20220825_EX1_EV_kalai002_SA_EXT00_SerumKid_P2_t2	Bone marrow	0.179	blood	False	False	0.7688	2	Near-Agreement (Subpart / Secretome)	hematopoietic system	kidney transplant; normal	blood plasma
PXD046550	20220828_EX1_EV_kalai002_SA_EXT00_SerumKid_P2_t3	Bone marrow	0.1733	blood	False	False	0.7688	2	Near-Agreement (Subpart / Secretome)	hematopoietic system	kidney transplant; normal	blood plasma
PXD046550	20220830_EX1_EV_kalai002_SA_EXT00_SerumKid_P2_t4	Bone marrow	0.1644	blood	False	False	0.7688	2	Near-Agreement (Subpart / Secretome)	hematopoietic system	kidney transplant; normal	blood plasma
PXD046550	N.Proteotypic.Sequences	Adipose tissue	0.2316	blood	False	False	0.2756	5	True Conflict	mesenchymal stem cell	kidney transplant; normal	blood plasma
PXD046550	N.Sequences	Adipose tissue	0.2336	blood	False	False	0.2756	5	True Conflict	mesenchymal stem cell	kidney transplant; normal	blood plasma
PXD047674	20190807_QEP_LC1000_P003S_Shahnaz_Exosomes_Control_01	Adipose tissue	0.1624	blood	False	False	0.2756	5	True Conflict	mesenchymal stem cell	type 2 diabetes mellitus; stroke disorder; normal	blood serum; blood cell
PXD047674	20190807_QEP_LC1000_P003S_Shahnaz_Exosomes_Control_02	Adipose tissue	0.1667	blood	False	False	0.2756	5	True Conflict	mesenchymal stem cell	type 2 diabetes mellitus; stroke disorder; normal	blood serum; blood cell
PXD047674	20190807_QEP_LC1000_P003S_Shahnaz_Exosomes_Control_03	Adipose tissue	0.1361	blood	False	False	0.2756	5	True Conflict	mesenchymal stem cell	type 2 diabetes mellitus; stroke disorder; normal	blood serum; blood cell
PXD047674	20190807_QEP_LC1000_P003S_Shahnaz_Exosomes_Control_04	Adipose tissue	0.1849	blood	False	False	0.2756	5	True Conflict	mesenchymal stem cell	type 2 diabetes mellitus; stroke disorder; normal	blood serum; blood cell
PXD047674	20190807_QEP_LC1000_P003S_Shahnaz_Exosomes_Control_05	Adipose tissue	0.181	blood	False	False	0.2756	5	True Conflict	mesenchymal stem cell	type 2 diabetes mellitus; stroke disorder; normal	blood serum; blood cell
PXD047674	20190807_QEP_LC1000_P003S_Shahnaz_Exosomes_Control_06	Adipose tissue	0.1656	blood	False	False	0.2756	5	True Conflict	mesenchymal stem cell	type 2 diabetes mellitus; stroke disorder; normal	blood serum; blood cell
PXD047674	20190807_QEP_LC1000_P003S_Shahnaz_Exosomes_Control_07	Adipose tissue	0.1698	blood	False	False	0.2756	5	True Conflict	mesenchymal stem cell	type 2 diabetes mellitus; stroke disorder; normal	blood serum; blood cell
PXD047674	20190807_QEP_LC1000_P003S_Shahnaz_Exosomes_Control_08	Adipose tissue	0.1843	blood	False	False	0.2756	5	True Conflict	mesenchymal stem cell	type 2 diabetes mellitus; stroke disorder; normal	blood serum; blood cell
PXD047674	20190807_QEP_LC1000_P003S_Shahnaz_Exosomes_Control_09	Adipose tissue	0.1945	blood	False	False	0.2756	5	True Conflict	mesenchymal stem cell	type 2 diabetes mellitus; stroke disorder; normal	blood serum; blood cell
PXD047674	20190807_QEP_LC1000_P003S_Shahnaz_Exosomes_Control_10	Adipose tissue	0.1223	blood	False	False	0.2756	5	True Conflict	mesenchymal stem cell	type 2 diabetes mellitus; stroke disorder; normal	blood serum; blood cell
PXD047674	20190807_QEP_LC1000_P003S_Shahnaz_Exosomes_Control_11	Adipose tissue	0.1	blood	False	False	0.2756	5	True Conflict	mesenchymal stem cell	type 2 diabetes mellitus; stroke disorder; normal	blood serum; blood cell
PXD047674	20190807_QEP_LC1000_P003S_Shahnaz_Exosomes_Control_12	Adipose tissue	0.1884	blood	False	False	0.2756	5	True Conflict	mesenchymal stem cell	type 2 diabetes mellitus; stroke disorder; normal	blood serum; blood cell
PXD047674	20190807_QEP_LC1000_P003S_Shahnaz_Exosomes_Group1_Stroke_NonDiabeteic01	Adipose tissue	0.1602	blood	False	False	0.2756	5	True Conflict	mesenchymal stem cell	type 2 diabetes mellitus; stroke disorder; normal	blood serum; blood cell
PXD047674	20190807_QEP_LC1000_P003S_Shahnaz_Exosomes_Group1_Stroke_NonDiabeteic01_repeat	Adipose tissue	0.1165	blood	False	False	0.2756	5	True Conflict	mesenchymal stem cell	type 2 diabetes mellitus; stroke disorder; normal	blood serum; blood cell
PXD047674	20190807_QEP_LC1000_P003S_Shahnaz_Exosomes_Group1_Stroke_NonDiabeteic02	Adipose tissue	0.1941	blood	False	False	0.2756	5	True Conflict	mesenchymal stem cell	type 2 diabetes mellitus; stroke disorder; normal	blood serum; blood cell
PXD047674	20190807_QEP_LC1000_P003S_Shahnaz_Exosomes_Group1_Stroke_NonDiabeteic03	Adipose tissue	0.1749	blood	False	False	0.2756	5	True Conflict	mesenchymal stem cell	type 2 diabetes mellitus; stroke disorder; normal	blood serum; blood cell
PXD047674	20190807_QEP_LC1000_P003S_Shahnaz_Exosomes_Group1_Stroke_NonDiabeteic04	Adipose tissue	0.1687	blood	False	False	0.2756	5	True Conflict	mesenchymal stem cell	type 2 diabetes mellitus; stroke disorder; normal	blood serum; blood cell
PXD047674	20190807_QEP_LC1000_P003S_Shahnaz_Exosomes_Group1_Stroke_NonDiabeteic05	Adipose tissue	0.1649	blood	False	False	0.2756	5	True Conflict	mesenchymal stem cell	type 2 diabetes mellitus; stroke disorder; normal	blood serum; blood cell
PXD047674	20190807_QEP_LC1000_P003S_Shahnaz_Exosomes_Group1_Stroke_NonDiabeteic06	Adipose tissue	0.1891	blood	False	False	0.2756	5	True Conflict	mesenchymal stem cell	type 2 diabetes mellitus; stroke disorder; normal	blood serum; blood cell
PXD047674	20190807_QEP_LC1000_P003S_Shahnaz_Exosomes_Group1_Stroke_NonDiabeteic07	Adipose tissue	0.1948	blood	False	False	0.2756	5	True Conflict	mesenchymal stem cell	type 2 diabetes mellitus; stroke disorder; normal	blood serum; blood cell
PXD047674	20190807_QEP_LC1000_P003S_Shahnaz_Exosomes_Group1_Stroke_NonDiabeteic08	Adipose tissue	0.1788	blood	False	False	0.2756	5	True Conflict	mesenchymal stem cell	type 2 diabetes mellitus; stroke disorder; normal	blood serum; blood cell
PXD047674	20190807_QEP_LC1000_P003S_Shahnaz_Exosomes_Group1_Stroke_NonDiabeteic09	Adipose tissue	0.1635	blood	False	False	0.2756	5	True Conflict	mesenchymal stem cell	type 2 diabetes mellitus; stroke disorder; normal	blood serum; blood cell
PXD047674	20190807_QEP_LC1000_P003S_Shahnaz_Exosomes_Group1_Stroke_NonDiabeteic10	Adipose tissue	0.1964	blood	False	False	0.2756	5	True Conflict	mesenchymal stem cell	type 2 diabetes mellitus; stroke disorder; normal	blood serum; blood cell
PXD047674	20190807_QEP_LC1000_P003S_Shahnaz_Exosomes_Group1_Stroke_NonDiabeteic11	Adipose tissue	0.1784	blood	False	False	0.2756	5	True Conflict	mesenchymal stem cell	type 2 diabetes mellitus; stroke disorder; normal	blood serum; blood cell
PXD047674	20190807_QEP_LC1000_P003S_Shahnaz_Exosomes_Group1_Stroke_NonDiabeteic12	Adipose tissue	0.1902	blood	False	False	0.2756	5	True Conflict	mesenchymal stem cell	type 2 diabetes mellitus; stroke disorder; normal	blood serum; blood cell
PXD047674	20190807_QEP_LC1000_P003S_Shahnaz_Exosomes_Group1_Stroke_NonDiabeteic13	Adipose tissue	0.1643	blood	False	False	0.2756	5	True Conflict	mesenchymal stem cell	type 2 diabetes mellitus; stroke disorder; normal	blood serum; blood cell
PXD047674	20190807_QEP_LC1000_P003S_Shahnaz_Exosomes_Group1_Stroke_NonDiabeteic14	Adipose tissue	0.1843	blood	False	False	0.2756	5	True Conflict	mesenchymal stem cell	type 2 diabetes mellitus; stroke disorder; normal	blood serum; blood cell
PXD047674	20190807_QEP_LC1000_P003S_Shahnaz_Exosomes_Group2_Stroke_Diabeteic01	Adipose tissue	0.173	blood	False	False	0.2756	5	True Conflict	mesenchymal stem cell	type 2 diabetes mellitus; stroke disorder; normal	blood serum; blood cell
PXD047674	20190807_QEP_LC1000_P003S_Shahnaz_Exosomes_Group2_Stroke_Diabeteic02	Adipose tissue	0.1672	blood	False	False	0.2756	5	True Conflict	mesenchymal stem cell	type 2 diabetes mellitus; stroke disorder; normal	blood serum; blood cell
PXD047674	20190807_QEP_LC1000_P003S_Shahnaz_Exosomes_Group2_Stroke_Diabeteic03	Adipose tissue	0.2081	blood	False	False	0.2756	5	True Conflict	mesenchymal stem cell	type 2 diabetes mellitus; stroke disorder; normal	blood serum; blood cell
PXD047674	20190807_QEP_LC1000_P003S_Shahnaz_Exosomes_Group2_Stroke_Diabeteic04	Adipose tissue	0.1606	blood	False	False	0.2756	5	True Conflict	mesenchymal stem cell	type 2 diabetes mellitus; stroke disorder; normal	blood serum; blood cell
PXD047674	20190807_QEP_LC1000_P003S_Shahnaz_Exosomes_Group2_Stroke_Diabeteic05	Adipose tissue	0.1883	blood	False	False	0.2756	5	True Conflict	mesenchymal stem cell	type 2 diabetes mellitus; stroke disorder; normal	blood serum; blood cell
PXD047674	20190807_QEP_LC1000_P003S_Shahnaz_Exosomes_Group2_Stroke_Diabeteic06	Adipose tissue	0.1769	blood	False	False	0.2756	5	True Conflict	mesenchymal stem cell	type 2 diabetes mellitus; stroke disorder; normal	blood serum; blood cell
PXD047674	20190807_QEP_LC1000_P003S_Shahnaz_Exosomes_Group2_Stroke_Diabeteic07	Adipose tissue	0.2062	blood	False	False	0.2756	5	True Conflict	mesenchymal stem cell	type 2 diabetes mellitus; stroke disorder; normal	blood serum; blood cell
PXD047674	20190807_QEP_LC1000_P003S_Shahnaz_Exosomes_Group2_Stroke_Diabeteic08	Adipose tissue	0.1814	blood	False	False	0.2756	5	True Conflict	mesenchymal stem cell	type 2 diabetes mellitus; stroke disorder; normal	blood serum; blood cell
PXD047674	20190807_QEP_LC1000_P003S_Shahnaz_Exosomes_Group2_Stroke_Diabeteic09	Adipose tissue	0.1559	blood	False	False	0.2756	5	True Conflict	mesenchymal stem cell	type 2 diabetes mellitus; stroke disorder; normal	blood serum; blood cell
PXD047674	20190807_QEP_LC1000_P003S_Shahnaz_Exosomes_Group2_Stroke_Diabeteic10	Adipose tissue	0.1732	blood	False	False	0.2756	5	True Conflict	mesenchymal stem cell	type 2 diabetes mellitus; stroke disorder; normal	blood serum; blood cell
PXD047674	20190807_QEP_LC1000_P003S_Shahnaz_Exosomes_Group2_Stroke_Diabeteic11	Adipose tissue	0.1293	blood	False	False	0.2756	5	True Conflict	mesenchymal stem cell	type 2 diabetes mellitus; stroke disorder; normal	blood serum; blood cell
PXD047674	20190807_QEP_LC1000_P003S_Shahnaz_Exosomes_Group2_Stroke_Diabeteic12	Adipose tissue	0.2072	blood	False	False	0.2756	5	True Conflict	mesenchymal stem cell	type 2 diabetes mellitus; stroke disorder; normal	blood serum; blood cell
PXD047674	20190807_QEP_LC1000_P003S_Shahnaz_Exosomes_Group2_Stroke_Diabeteic13	Adipose tissue	0.156	blood	False	False	0.2756	5	True Conflict	mesenchymal stem cell	type 2 diabetes mellitus; stroke disorder; normal	blood serum; blood cell
PXD047766	/public/conode53/AIRFLOW/temp/PXD047766/diann/2164_Porter_221118_Ts024_A-180_01	Placenta	0.1589	placenta	True	True	1.0	0	Exact Match	placenta	normal	storage tissue
PXD047766	/public/conode53/AIRFLOW/temp/PXD047766/diann/2164_Porter_221118_Ts024_A-180_02	Placenta	0.1902	placenta	True	True	1.0	0	Exact Match	placenta	normal	storage tissue
PXD047766	/public/conode53/AIRFLOW/temp/PXD047766/diann/2164_Porter_221118_Ts024_A-90_01	Bone marrow	0.1693	placenta	False	True	0.2831	4	Distant Concordance (Organ System)	lateral plate mesoderm	normal	storage tissue
PXD047766	/public/conode53/AIRFLOW/temp/PXD047766/diann/2164_Porter_221118_Ts024_A-90_02	Bone marrow	0.1662	placenta	False	True	0.2831	4	Distant Concordance (Organ System)	lateral plate mesoderm	normal	storage tissue
PXD047766	/public/conode53/AIRFLOW/temp/PXD047766/diann/2164_Porter_221118_Ts024_B-180_01	Placenta	0.2011	placenta	True	True	1.0	0	Exact Match	placenta	normal	storage tissue
PXD047766	/public/conode53/AIRFLOW/temp/PXD047766/diann/2164_Porter_221118_Ts024_B-180_02	Placenta	0.196	placenta	True	True	1.0	0	Exact Match	placenta	normal	storage tissue
PXD047766	/public/conode53/AIRFLOW/temp/PXD047766/diann/2164_Porter_221118_Ts024_B-90_02	Placenta	0.1016	placenta	True	True	1.0	0	Exact Match	placenta	normal	storage tissue
PXD047766	/public/conode53/AIRFLOW/temp/PXD047766/diann/2164_Porter_221118_Ts024_C-180_01	Bone marrow	0.1508	placenta	False	True	0.2831	4	Distant Concordance (Organ System)	lateral plate mesoderm	normal	storage tissue
PXD047766	/public/conode53/AIRFLOW/temp/PXD047766/diann/2178_Porter_230309_Ts025_1-180_01	Bone marrow	0.1453	placenta	False	True	0.2831	4	Distant Concordance (Organ System)	lateral plate mesoderm	normal	storage tissue
PXD047766	/public/conode53/AIRFLOW/temp/PXD047766/diann/2178_Porter_230309_Ts025_1-180_02	Bone marrow	0.1453	placenta	False	True	0.2831	4	Distant Concordance (Organ System)	lateral plate mesoderm	normal	storage tissue
PXD047766	/public/conode53/AIRFLOW/temp/PXD047766/diann/2178_Porter_230309_Ts025_1-90_02	Bone marrow	0.1676	placenta	False	True	0.2831	4	Distant Concordance (Organ System)	lateral plate mesoderm	normal	storage tissue
PXD047766	/public/conode53/AIRFLOW/temp/PXD047766/diann/2178_Porter_230309_Ts025_3-180_01	Placenta	0.2581	placenta	True	True	1.0	0	Exact Match	placenta	normal	storage tissue
PXD047766	/public/conode53/AIRFLOW/temp/PXD047766/diann/2178_Porter_230309_Ts025_3-180_02	Placenta	0.2197	placenta	True	True	1.0	0	Exact Match	placenta	normal	storage tissue
PXD047766	/public/conode53/AIRFLOW/temp/PXD047766/diann/2178_Porter_230309_Ts025_3-90_01	Lung	0.1051	placenta	False	True	0.29	4	Distant Concordance (Organ System)	digestive tract	normal	storage tissue
PXD047766	/public/conode53/AIRFLOW/temp/PXD047766/diann/2178_Porter_230309_Ts025_3-90_02	Lung	0.1065	placenta	False	True	0.29	4	Distant Concordance (Organ System)	digestive tract	normal	storage tissue
PXD047766	N.Proteotypic.Sequences	Placenta	0.6686	placenta	True	True	1.0	0	Exact Match	placenta	normal	storage tissue
PXD047766	N.Sequences	Placenta	0.6769	placenta	True	True	1.0	0	Exact Match	placenta	normal	storage tissue
PXD049366	DF6A_600ug_CW_C2312_081	Brain	0.1989	nerve	False	False	0.486	4	Distant Concordance (Organ System)	neuron	normal	surgical resection
PXD049366	DF6B_1200ug_CW_C2312_083	Brain	0.1115	nerve	False	False	0.486	4	Distant Concordance (Organ System)	neuron	normal	surgical resection
PXD049366	DF6C_3400ug_CW_C2312_085	Brain	0.2227	nerve	False	False	0.486	4	Distant Concordance (Organ System)	neuron	normal	surgical resection
PXD049366	DF6D_2200ug_CW_C2312_087	Brain	0.1184	nerve	False	False	0.486	4	Distant Concordance (Organ System)	neuron	normal	surgical resection
PXD049366	DF6E_6500ug_CW_C2312_089	Lung	0.0929	nerve	False	False	0.1093	4	Distant Concordance (Organ System)	anatomical system	normal	surgical resection
PXD049366	DF6F_4700ug_CW_C2312_091	Lung	0.1116	nerve	False	False	0.1093	4	Distant Concordance (Organ System)	anatomical system	normal	surgical resection
PXD049366	DF6G_2700ug_CW_C2312_093	Lung	0.0915	nerve	False	False	0.1093	4	Distant Concordance (Organ System)	anatomical system	normal	surgical resection
PXD049366	DF6H_5500ug_CW_C2312_095	Brain	0.121	nerve	False	False	0.486	4	Distant Concordance (Organ System)	neuron	normal	surgical resection
PXD049366	DF6I_8600ug_CW_C2312_097	Brain	0.1157	nerve	False	False	0.486	4	Distant Concordance (Organ System)	neuron	normal	surgical resection
PXD049366	DF6J_10000ug_CW_C2312_099	Lung	0.0813	nerve	False	False	0.1093	4	Distant Concordance (Organ System)	anatomical system	normal	surgical resection
PXD049366	DF_Method1_CW_C2308_250	Lung	0.1107	nerve	False	False	0.1093	4	Distant Concordance (Organ System)	anatomical system	normal	surgical resection
PXD049366	DF_Method2_CW_C2308_252	Lung	0.095	nerve	False	False	0.1093	4	Distant Concordance (Organ System)	anatomical system	normal	surgical resection
PXD049366	DF_Method3_CW_C2308_254	Ovary	0.1081	nerve	False	False	0.0984	5	True Conflict	anatomical system	normal	surgical resection
PXD049366	DF_Method4_CW_C2308_256	Oviduct	0.0908	nerve	False	False	0.1095	4	Distant Concordance (Organ System)	anatomical system	normal	surgical resection
PXD051062	/public/conode53/AIRFLOW/temp/PXD051062/diann/EasyPep_sample_1	Liver	0.0942	liver	True	True	1.0	0	Exact Match	liver	normal	human donor livers
PXD051062	/public/conode53/AIRFLOW/temp/PXD051062/diann/EasyPep_sample_10	Liver	0.2327	liver	True	True	1.0	0	Exact Match	liver	normal	human donor livers
PXD051062	/public/conode53/AIRFLOW/temp/PXD051062/diann/EasyPep_sample_11	Bone marrow	0.1202	liver	False	True	0.4121	4	Distant Concordance (Organ System)	non-connected functional system	normal	human donor livers
PXD051062	/public/conode53/AIRFLOW/temp/PXD051062/diann/EasyPep_sample_2	Bone marrow	0.1371	liver	False	True	0.4121	4	Distant Concordance (Organ System)	non-connected functional system	normal	human donor livers
PXD051062	/public/conode53/AIRFLOW/temp/PXD051062/diann/EasyPep_sample_3	Bone marrow	0.1312	liver	False	True	0.4121	4	Distant Concordance (Organ System)	non-connected functional system	normal	human donor livers
PXD051062	/public/conode53/AIRFLOW/temp/PXD051062/diann/EasyPep_sample_4	Lung	0.0987	liver	False	True	0.6776	4	Distant Concordance (Organ System)	simple columnar epithelium	normal	human donor livers
PXD051062	/public/conode53/AIRFLOW/temp/PXD051062/diann/EasyPep_sample_5	Testis	0.0927	liver	False	True	0.2116	4	Distant Concordance (Organ System)	primordium	normal	human donor livers
PXD051062	/public/conode53/AIRFLOW/temp/PXD051062/diann/EasyPep_sample_6	Lung	0.0997	liver	False	True	0.6776	4	Distant Concordance (Organ System)	simple columnar epithelium	normal	human donor livers
PXD051062	/public/conode53/AIRFLOW/temp/PXD051062/diann/EasyPep_sample_7	Lung	0.0959	liver	False	True	0.6776	4	Distant Concordance (Organ System)	simple columnar epithelium	normal	human donor livers
PXD051062	/public/conode53/AIRFLOW/temp/PXD051062/diann/EasyPep_sample_8	Lung	0.0948	liver	False	True	0.6776	4	Distant Concordance (Organ System)	simple columnar epithelium	normal	human donor livers
PXD051062	/public/conode53/AIRFLOW/temp/PXD051062/diann/EasyPep_sample_9	Liver	0.1132	liver	True	True	1.0	0	Exact Match	liver	normal	human donor livers
PXD051062	/public/conode53/AIRFLOW/temp/PXD051062/diann/FASP_crude_sample_1	Bone marrow	0.1251	liver	False	True	0.4121	4	Distant Concordance (Organ System)	non-connected functional system	normal	human donor livers
PXD051062	/public/conode53/AIRFLOW/temp/PXD051062/diann/FASP_crude_sample_11	Bone marrow	0.1266	liver	False	True	0.4121	4	Distant Concordance (Organ System)	non-connected functional system	normal	human donor livers
PXD051062	/public/conode53/AIRFLOW/temp/PXD051062/diann/FASP_crude_sample_12	Bone marrow	0.144	liver	False	True	0.4121	4	Distant Concordance (Organ System)	non-connected functional system	normal	human donor livers
PXD051062	/public/conode53/AIRFLOW/temp/PXD051062/diann/FASP_crude_sample_2	Bone marrow	0.1454	liver	False	True	0.4121	4	Distant Concordance (Organ System)	non-connected functional system	normal	human donor livers
PXD051062	/public/conode53/AIRFLOW/temp/PXD051062/diann/FASP_crude_sample_3	Bone marrow	0.1323	liver	False	True	0.4121	4	Distant Concordance (Organ System)	non-connected functional system	normal	human donor livers
PXD051062	/public/conode53/AIRFLOW/temp/PXD051062/diann/FASP_crude_sample_4	Bone marrow	0.1064	liver	False	True	0.4121	4	Distant Concordance (Organ System)	non-connected functional system	normal	human donor livers
PXD051062	/public/conode53/AIRFLOW/temp/PXD051062/diann/FASP_crude_sample_5	Liver	0.1753	liver	True	True	1.0	0	Exact Match	liver	normal	human donor livers
PXD051062	/public/conode53/AIRFLOW/temp/PXD051062/diann/FASP_crude_sample_6	Kidney	0.0974	liver	False	True	0.7611	2	Near-Agreement (Subpart / Secretome)	abdomen element	normal	human donor livers
PXD051062	/public/conode53/AIRFLOW/temp/PXD051062/diann/FASP_crude_sample_7	Kidney	0.102	liver	False	True	0.7611	2	Near-Agreement (Subpart / Secretome)	abdomen element	normal	human donor livers
PXD051062	/public/conode53/AIRFLOW/temp/PXD051062/diann/FASP_crude_sample_8	Bone marrow	0.0918	liver	False	True	0.4121	4	Distant Concordance (Organ System)	non-connected functional system	normal	human donor livers
PXD051062	/public/conode53/AIRFLOW/temp/PXD051062/diann/FASP_crude_sample_9	Liver	0.1741	liver	True	True	1.0	0	Exact Match	liver	normal	human donor livers
PXD051062	/public/conode53/AIRFLOW/temp/PXD051062/diann/FASP_precipitated_sample_1	Liver	0.1239	liver	True	True	1.0	0	Exact Match	liver	normal	human donor livers
PXD051062	/public/conode53/AIRFLOW/temp/PXD051062/diann/FASP_precipitated_sample_10	Bone marrow	0.1019	liver	False	True	0.4121	4	Distant Concordance (Organ System)	non-connected functional system	normal	human donor livers
PXD051062	/public/conode53/AIRFLOW/temp/PXD051062/diann/FASP_precipitated_sample_11	Lung	0.1129	liver	False	True	0.6776	4	Distant Concordance (Organ System)	simple columnar epithelium	normal	human donor livers
PXD051062	/public/conode53/AIRFLOW/temp/PXD051062/diann/FASP_precipitated_sample_2	Bone marrow	0.1269	liver	False	True	0.4121	4	Distant Concordance (Organ System)	non-connected functional system	normal	human donor livers
PXD051062	/public/conode53/AIRFLOW/temp/PXD051062/diann/FASP_precipitated_sample_3	Bone marrow	0.1376	liver	False	True	0.4121	4	Distant Concordance (Organ System)	non-connected functional system	normal	human donor livers
PXD051062	/public/conode53/AIRFLOW/temp/PXD051062/diann/FASP_precipitated_sample_4	Liver	0.0928	liver	True	True	1.0	0	Exact Match	liver	normal	human donor livers
PXD051062	/public/conode53/AIRFLOW/temp/PXD051062/diann/FASP_precipitated_sample_5	Kidney	0.1075	liver	False	True	0.7611	2	Near-Agreement (Subpart / Secretome)	abdomen element	normal	human donor livers
PXD051062	/public/conode53/AIRFLOW/temp/PXD051062/diann/FASP_precipitated_sample_6	Bone marrow	0.1151	liver	False	True	0.4121	4	Distant Concordance (Organ System)	non-connected functional system	normal	human donor livers
PXD051062	/public/conode53/AIRFLOW/temp/PXD051062/diann/FASP_precipitated_sample_7	Liver	0.0954	liver	True	True	1.0	0	Exact Match	liver	normal	human donor livers
PXD051062	/public/conode53/AIRFLOW/temp/PXD051062/diann/FASP_precipitated_sample_8	Lung	0.1	liver	False	True	0.6776	4	Distant Concordance (Organ System)	simple columnar epithelium	normal	human donor livers
PXD051062	/public/conode53/AIRFLOW/temp/PXD051062/diann/FASP_precipitated_sample_9	Bone marrow	0.1147	liver	False	True	0.4121	4	Distant Concordance (Organ System)	non-connected functional system	normal	human donor livers
PXD051062	/public/conode53/AIRFLOW/temp/PXD051062/diann/In_gel_crude_sample_1	Liver	0.1502	liver	True	True	1.0	0	Exact Match	liver	normal	human donor livers
PXD051062	/public/conode53/AIRFLOW/temp/PXD051062/diann/In_gel_crude_sample_10	Liver	0.2711	liver	True	True	1.0	0	Exact Match	liver	normal	human donor livers
PXD051062	/public/conode53/AIRFLOW/temp/PXD051062/diann/In_gel_crude_sample_11	Lung	0.1066	liver	False	True	0.6776	4	Distant Concordance (Organ System)	simple columnar epithelium	normal	human donor livers
PXD051062	/public/conode53/AIRFLOW/temp/PXD051062/diann/In_gel_crude_sample_12	Liver	0.4204	liver	True	True	1.0	0	Exact Match	liver	normal	human donor livers
PXD051062	/public/conode53/AIRFLOW/temp/PXD051062/diann/In_gel_crude_sample_2	Bone marrow	0.1352	liver	False	True	0.4121	4	Distant Concordance (Organ System)	non-connected functional system	normal	human donor livers
PXD051062	/public/conode53/AIRFLOW/temp/PXD051062/diann/In_gel_crude_sample_3	Bone marrow	0.137	liver	False	True	0.4121	4	Distant Concordance (Organ System)	non-connected functional system	normal	human donor livers
PXD051062	/public/conode53/AIRFLOW/temp/PXD051062/diann/In_gel_crude_sample_4	Lung	0.0869	liver	False	True	0.6776	4	Distant Concordance (Organ System)	simple columnar epithelium	normal	human donor livers
PXD051062	/public/conode53/AIRFLOW/temp/PXD051062/diann/In_gel_crude_sample_5	Liver	0.2003	liver	True	True	1.0	0	Exact Match	liver	normal	human donor livers
PXD051062	/public/conode53/AIRFLOW/temp/PXD051062/diann/In_gel_crude_sample_6	Liver	0.0931	liver	True	True	1.0	0	Exact Match	liver	normal	human donor livers
PXD051062	/public/conode53/AIRFLOW/temp/PXD051062/diann/In_gel_crude_sample_7	Liver	0.1114	liver	True	True	1.0	0	Exact Match	liver	normal	human donor livers
PXD051062	/public/conode53/AIRFLOW/temp/PXD051062/diann/In_gel_crude_sample_8	Liver	0.1046	liver	True	True	1.0	0	Exact Match	liver	normal	human donor livers
PXD051062	/public/conode53/AIRFLOW/temp/PXD051062/diann/In_gel_crude_sample_9	Liver	0.1866	liver	True	True	1.0	0	Exact Match	liver	normal	human donor livers
PXD051062	/public/conode53/AIRFLOW/temp/PXD051062/diann/In_gel_precipitated_sample_1	Bone marrow	0.0993	liver	False	True	0.4121	4	Distant Concordance (Organ System)	non-connected functional system	normal	human donor livers
PXD051062	/public/conode53/AIRFLOW/temp/PXD051062/diann/In_gel_precipitated_sample_10	Liver	0.2537	liver	True	True	1.0	0	Exact Match	liver	normal	human donor livers
PXD051062	/public/conode53/AIRFLOW/temp/PXD051062/diann/In_gel_precipitated_sample_11	Lung	0.0945	liver	False	True	0.6776	4	Distant Concordance (Organ System)	simple columnar epithelium	normal	human donor livers
PXD051062	/public/conode53/AIRFLOW/temp/PXD051062/diann/In_gel_precipitated_sample_12	Liver	0.2761	liver	True	True	1.0	0	Exact Match	liver	normal	human donor livers
PXD051062	/public/conode53/AIRFLOW/temp/PXD051062/diann/In_gel_precipitated_sample_2	Bone marrow	0.1384	liver	False	True	0.4121	4	Distant Concordance (Organ System)	non-connected functional system	normal	human donor livers
PXD051062	/public/conode53/AIRFLOW/temp/PXD051062/diann/In_gel_precipitated_sample_3	Bone marrow	0.1289	liver	False	True	0.4121	4	Distant Concordance (Organ System)	non-connected functional system	normal	human donor livers
PXD051062	/public/conode53/AIRFLOW/temp/PXD051062/diann/In_gel_precipitated_sample_4	Testis	0.0835	liver	False	True	0.2116	4	Distant Concordance (Organ System)	primordium	normal	human donor livers
PXD051062	/public/conode53/AIRFLOW/temp/PXD051062/diann/In_gel_precipitated_sample_5	Liver	0.1463	liver	True	True	1.0	0	Exact Match	liver	normal	human donor livers
PXD051062	/public/conode53/AIRFLOW/temp/PXD051062/diann/In_gel_precipitated_sample_6	Bone marrow	0.0884	liver	False	True	0.4121	4	Distant Concordance (Organ System)	non-connected functional system	normal	human donor livers
PXD051062	/public/conode53/AIRFLOW/temp/PXD051062/diann/In_gel_precipitated_sample_7	Liver	0.0994	liver	True	True	1.0	0	Exact Match	liver	normal	human donor livers
PXD051062	/public/conode53/AIRFLOW/temp/PXD051062/diann/In_gel_precipitated_sample_8	Monocytes	0.1015	liver	False	True	0.3882	3	Distant Concordance (Organ System)	non-connected functional system	normal	human donor livers
PXD051062	/public/conode53/AIRFLOW/temp/PXD051062/diann/In_gel_precipitated_sample_9	Liver	0.1277	liver	True	True	1.0	0	Exact Match	liver	normal	human donor livers
PXD051062	/public/conode53/AIRFLOW/temp/PXD051062/diann/In_solution_sample_1	Liver	0.1178	liver	True	True	1.0	0	Exact Match	liver	normal	human donor livers
PXD051062	/public/conode53/AIRFLOW/temp/PXD051062/diann/In_solution_sample_10	Liver	0.2726	liver	True	True	1.0	0	Exact Match	liver	normal	human donor livers
PXD051062	/public/conode53/AIRFLOW/temp/PXD051062/diann/In_solution_sample_11	Bone marrow	0.1098	liver	False	True	0.4121	4	Distant Concordance (Organ System)	non-connected functional system	normal	human donor livers
PXD051062	/public/conode53/AIRFLOW/temp/PXD051062/diann/In_solution_sample_12	Liver	0.2337	liver	True	True	1.0	0	Exact Match	liver	normal	human donor livers
PXD051062	/public/conode53/AIRFLOW/temp/PXD051062/diann/In_solution_sample_2	Bone marrow	0.1436	liver	False	True	0.4121	4	Distant Concordance (Organ System)	non-connected functional system	normal	human donor livers
PXD051062	/public/conode53/AIRFLOW/temp/PXD051062/diann/In_solution_sample_3	Bone marrow	0.131	liver	False	True	0.4121	4	Distant Concordance (Organ System)	non-connected functional system	normal	human donor livers
PXD051062	/public/conode53/AIRFLOW/temp/PXD051062/diann/In_solution_sample_4	Liver	0.1457	liver	True	True	1.0	0	Exact Match	liver	normal	human donor livers
PXD051062	/public/conode53/AIRFLOW/temp/PXD051062/diann/In_solution_sample_5	Liver	0.1531	liver	True	True	1.0	0	Exact Match	liver	normal	human donor livers
PXD051062	/public/conode53/AIRFLOW/temp/PXD051062/diann/In_solution_sample_6	Lung	0.0841	liver	False	True	0.6776	4	Distant Concordance (Organ System)	simple columnar epithelium	normal	human donor livers
PXD051062	/public/conode53/AIRFLOW/temp/PXD051062/diann/In_solution_sample_7	Liver	0.1278	liver	True	True	1.0	0	Exact Match	liver	normal	human donor livers
PXD051062	/public/conode53/AIRFLOW/temp/PXD051062/diann/In_solution_sample_8	Monocytes	0.0965	liver	False	True	0.3882	3	Distant Concordance (Organ System)	non-connected functional system	normal	human donor livers
PXD051062	/public/conode53/AIRFLOW/temp/PXD051062/diann/In_solution_sample_9	Liver	0.1151	liver	True	True	1.0	0	Exact Match	liver	normal	human donor livers
PXD051062	/public/conode53/AIRFLOW/temp/PXD051062/diann/SMART_crude_sample_1	Bone marrow	0.1587	liver	False	True	0.4121	4	Distant Concordance (Organ System)	non-connected functional system	normal	human donor livers
PXD051062	/public/conode53/AIRFLOW/temp/PXD051062/diann/SMART_crude_sample_10	Liver	0.1225	liver	True	True	1.0	0	Exact Match	liver	normal	human donor livers
PXD051062	/public/conode53/AIRFLOW/temp/PXD051062/diann/SMART_crude_sample_11	Bone marrow	0.1401	liver	False	True	0.4121	4	Distant Concordance (Organ System)	non-connected functional system	normal	human donor livers
PXD051062	/public/conode53/AIRFLOW/temp/PXD051062/diann/SMART_crude_sample_12	Liver	0.21	liver	True	True	1.0	0	Exact Match	liver	normal	human donor livers
PXD051062	/public/conode53/AIRFLOW/temp/PXD051062/diann/SMART_crude_sample_2	Bone marrow	0.1553	liver	False	True	0.4121	4	Distant Concordance (Organ System)	non-connected functional system	normal	human donor livers
PXD051062	/public/conode53/AIRFLOW/temp/PXD051062/diann/SMART_crude_sample_3	Bone marrow	0.1461	liver	False	True	0.4121	4	Distant Concordance (Organ System)	non-connected functional system	normal	human donor livers
PXD051062	/public/conode53/AIRFLOW/temp/PXD051062/diann/SMART_crude_sample_4	Bone marrow	0.1311	liver	False	True	0.4121	4	Distant Concordance (Organ System)	non-connected functional system	normal	human donor livers
PXD051062	/public/conode53/AIRFLOW/temp/PXD051062/diann/SMART_crude_sample_5	Bone marrow	0.1243	liver	False	True	0.4121	4	Distant Concordance (Organ System)	non-connected functional system	normal	human donor livers
PXD051062	/public/conode53/AIRFLOW/temp/PXD051062/diann/SMART_crude_sample_7	Bone marrow	0.135	liver	False	True	0.4121	4	Distant Concordance (Organ System)	non-connected functional system	normal	human donor livers
PXD051062	/public/conode53/AIRFLOW/temp/PXD051062/diann/SMART_crude_sample_8	Monocytes	0.076	liver	False	True	0.3882	3	Distant Concordance (Organ System)	non-connected functional system	normal	human donor livers
PXD051062	/public/conode53/AIRFLOW/temp/PXD051062/diann/SMART_crude_sample_9	Bone marrow	0.1434	liver	False	True	0.4121	4	Distant Concordance (Organ System)	non-connected functional system	normal	human donor livers
PXD051062	/public/conode53/AIRFLOW/temp/PXD051062/diann/SMART_precipitated_sample_1	Lung	0.1056	liver	False	True	0.6776	4	Distant Concordance (Organ System)	simple columnar epithelium	normal	human donor livers
PXD051062	/public/conode53/AIRFLOW/temp/PXD051062/diann/SMART_precipitated_sample_10	Bone marrow	0.1336	liver	False	True	0.4121	4	Distant Concordance (Organ System)	non-connected functional system	normal	human donor livers
PXD051062	/public/conode53/AIRFLOW/temp/PXD051062/diann/SMART_precipitated_sample_11	Bone marrow	0.1192	liver	False	True	0.4121	4	Distant Concordance (Organ System)	non-connected functional system	normal	human donor livers
PXD051062	/public/conode53/AIRFLOW/temp/PXD051062/diann/SMART_precipitated_sample_12	Kidney	0.0804	liver	False	True	0.7611	2	Near-Agreement (Subpart / Secretome)	abdomen element	normal	human donor livers
PXD051062	/public/conode53/AIRFLOW/temp/PXD051062/diann/SMART_precipitated_sample_2	Bone marrow	0.1379	liver	False	True	0.4121	4	Distant Concordance (Organ System)	non-connected functional system	normal	human donor livers
PXD051062	/public/conode53/AIRFLOW/temp/PXD051062/diann/SMART_precipitated_sample_3	Bone marrow	0.1442	liver	False	True	0.4121	4	Distant Concordance (Organ System)	non-connected functional system	normal	human donor livers
PXD051062	/public/conode53/AIRFLOW/temp/PXD051062/diann/SMART_precipitated_sample_4	Bone marrow	0.1239	liver	False	True	0.4121	4	Distant Concordance (Organ System)	non-connected functional system	normal	human donor livers
PXD051062	/public/conode53/AIRFLOW/temp/PXD051062/diann/SMART_precipitated_sample_5	Lung	0.1069	liver	False	True	0.6776	4	Distant Concordance (Organ System)	simple columnar epithelium	normal	human donor livers
PXD051062	/public/conode53/AIRFLOW/temp/PXD051062/diann/SMART_precipitated_sample_6	Bone marrow	0.1251	liver	False	True	0.4121	4	Distant Concordance (Organ System)	non-connected functional system	normal	human donor livers
PXD051062	/public/conode53/AIRFLOW/temp/PXD051062/diann/SMART_precipitated_sample_7	Bone marrow	0.1088	liver	False	True	0.4121	4	Distant Concordance (Organ System)	non-connected functional system	normal	human donor livers
PXD051062	/public/conode53/AIRFLOW/temp/PXD051062/diann/SMART_precipitated_sample_8	Monocytes	0.1161	liver	False	True	0.3882	3	Distant Concordance (Organ System)	non-connected functional system	normal	human donor livers
PXD051062	/public/conode53/AIRFLOW/temp/PXD051062/diann/SMART_precipitated_sample_9	Bone marrow	0.1325	liver	False	True	0.4121	4	Distant Concordance (Organ System)	non-connected functional system	normal	human donor livers
PXD051062	/public/conode53/AIRFLOW/temp/PXD051062/diann/S_Trap_crude_sample_1	Liver	0.1427	liver	True	True	1.0	0	Exact Match	liver	normal	human donor livers
PXD051062	/public/conode53/AIRFLOW/temp/PXD051062/diann/S_Trap_crude_sample_10	Kidney	0.0999	liver	False	True	0.7611	2	Near-Agreement (Subpart / Secretome)	abdomen element	normal	human donor livers
PXD051062	/public/conode53/AIRFLOW/temp/PXD051062/diann/S_Trap_crude_sample_12	Liver	0.2513	liver	True	True	1.0	0	Exact Match	liver	normal	human donor livers
PXD051062	/public/conode53/AIRFLOW/temp/PXD051062/diann/S_Trap_crude_sample_2	Bone marrow	0.1284	liver	False	True	0.4121	4	Distant Concordance (Organ System)	non-connected functional system	normal	human donor livers
PXD051062	/public/conode53/AIRFLOW/temp/PXD051062/diann/S_Trap_crude_sample_3	Bone marrow	0.1256	liver	False	True	0.4121	4	Distant Concordance (Organ System)	non-connected functional system	normal	human donor livers
PXD051062	/public/conode53/AIRFLOW/temp/PXD051062/diann/S_Trap_crude_sample_4	Kidney	0.1038	liver	False	True	0.7611	2	Near-Agreement (Subpart / Secretome)	abdomen element	normal	human donor livers
PXD051062	/public/conode53/AIRFLOW/temp/PXD051062/diann/S_Trap_crude_sample_5	Testis	0.0964	liver	False	True	0.2116	4	Distant Concordance (Organ System)	primordium	normal	human donor livers
PXD051062	/public/conode53/AIRFLOW/temp/PXD051062/diann/S_Trap_crude_sample_6	Bone marrow	0.1052	liver	False	True	0.4121	4	Distant Concordance (Organ System)	non-connected functional system	normal	human donor livers
PXD051062	/public/conode53/AIRFLOW/temp/PXD051062/diann/S_Trap_crude_sample_7	Kidney	0.1135	liver	False	True	0.7611	2	Near-Agreement (Subpart / Secretome)	abdomen element	normal	human donor livers
PXD051062	/public/conode53/AIRFLOW/temp/PXD051062/diann/S_Trap_crude_sample_8	Bone marrow	0.1018	liver	False	True	0.4121	4	Distant Concordance (Organ System)	non-connected functional system	normal	human donor livers
PXD051062	/public/conode53/AIRFLOW/temp/PXD051062/diann/S_Trap_crude_sample_9	Liver	0.1273	liver	True	True	1.0	0	Exact Match	liver	normal	human donor livers
PXD051062	/public/conode53/AIRFLOW/temp/PXD051062/diann/S_Trap_precipitated_sample_1	Liver	0.1243	liver	True	True	1.0	0	Exact Match	liver	normal	human donor livers
PXD051062	/public/conode53/AIRFLOW/temp/PXD051062/diann/S_Trap_precipitated_sample_10	Liver	0.1207	liver	True	True	1.0	0	Exact Match	liver	normal	human donor livers
PXD051062	/public/conode53/AIRFLOW/temp/PXD051062/diann/S_Trap_precipitated_sample_11	Lung	0.0978	liver	False	True	0.6776	4	Distant Concordance (Organ System)	simple columnar epithelium	normal	human donor livers
PXD051062	/public/conode53/AIRFLOW/temp/PXD051062/diann/S_Trap_precipitated_sample_12	Liver	0.1646	liver	True	True	1.0	0	Exact Match	liver	normal	human donor livers
PXD051062	/public/conode53/AIRFLOW/temp/PXD051062/diann/S_Trap_precipitated_sample_2	Bone marrow	0.1114	liver	False	True	0.4121	4	Distant Concordance (Organ System)	non-connected functional system	normal	human donor livers
PXD051062	/public/conode53/AIRFLOW/temp/PXD051062/diann/S_Trap_precipitated_sample_3	Bone marrow	0.1223	liver	False	True	0.4121	4	Distant Concordance (Organ System)	non-connected functional system	normal	human donor livers
PXD051062	/public/conode53/AIRFLOW/temp/PXD051062/diann/S_Trap_precipitated_sample_4	Ovary	0.1212	liver	False	True	0.2315	4	Distant Concordance (Organ System)	primordium	normal	human donor livers
PXD051062	/public/conode53/AIRFLOW/temp/PXD051062/diann/S_Trap_precipitated_sample_5	Liver	0.1522	liver	True	True	1.0	0	Exact Match	liver	normal	human donor livers
PXD051062	/public/conode53/AIRFLOW/temp/PXD051062/diann/S_Trap_precipitated_sample_6	Liver	0.1017	liver	True	True	1.0	0	Exact Match	liver	normal	human donor livers
PXD051062	/public/conode53/AIRFLOW/temp/PXD051062/diann/S_Trap_precipitated_sample_7	Liver	0.1263	liver	True	True	1.0	0	Exact Match	liver	normal	human donor livers
PXD051062	/public/conode53/AIRFLOW/temp/PXD051062/diann/S_Trap_precipitated_sample_8	Testis	0.084	liver	False	True	0.2116	4	Distant Concordance (Organ System)	primordium	normal	human donor livers
PXD051062	/public/conode53/AIRFLOW/temp/PXD051062/diann/S_Trap_precipitated_sample_9	Liver	0.215	liver	True	True	1.0	0	Exact Match	liver	normal	human donor livers
PXD051062	N.Proteotypic.Sequences	Liver	0.3832	liver	True	True	1.0	0	Exact Match	liver	normal	human donor livers
PXD051062	N.Sequences	Liver	0.3837	liver	True	True	1.0	0	Exact Match	liver	normal	human donor livers
PXD051174	N1-E1-1	Bone marrow	0.1485	placenta	False	True	0.2831	4	Distant Concordance (Organ System)	lateral plate mesoderm	preeclampsia; normal	plant placenta
PXD051174	N1-E1-2	Bone marrow	0.1551	placenta	False	True	0.2831	4	Distant Concordance (Organ System)	lateral plate mesoderm	preeclampsia; normal	plant placenta
PXD051174	N1-E1-3	Bone marrow	0.1148	placenta	False	True	0.2831	4	Distant Concordance (Organ System)	lateral plate mesoderm	preeclampsia; normal	plant placenta
PXD051174	N1-E1-4	Bone marrow	0.1038	placenta	False	True	0.2831	4	Distant Concordance (Organ System)	lateral plate mesoderm	preeclampsia; normal	plant placenta
PXD051174	N1-E2-1	Bone marrow	0.1285	placenta	False	True	0.2831	4	Distant Concordance (Organ System)	lateral plate mesoderm	preeclampsia; normal	plant placenta
PXD051174	N1-E2-2	Bone marrow	0.1503	placenta	False	True	0.2831	4	Distant Concordance (Organ System)	lateral plate mesoderm	preeclampsia; normal	plant placenta
PXD051174	N1-E2-3	Testis	0.0967	placenta	False	True	0.4735	3	Distant Concordance (Organ System)	reproductive organ	preeclampsia; normal	plant placenta
PXD051174	N1-E2-4	Placenta	0.1235	placenta	True	True	1.0	0	Exact Match	placenta	preeclampsia; normal	plant placenta
PXD051174	N1-E3-1	Placenta	0.2672	placenta	True	True	1.0	0	Exact Match	placenta	preeclampsia; normal	plant placenta
PXD051174	N1-E3-2	Bone marrow	0.125	placenta	False	True	0.2831	4	Distant Concordance (Organ System)	lateral plate mesoderm	preeclampsia; normal	plant placenta
PXD051174	N1-E3-3	Testis	0.0926	placenta	False	True	0.4735	3	Distant Concordance (Organ System)	reproductive organ	preeclampsia; normal	plant placenta
PXD051174	N1-E3-4	Placenta	0.2072	placenta	True	True	1.0	0	Exact Match	placenta	preeclampsia; normal	plant placenta
PXD051174	NO2-E1-1	Bone marrow	0.1891	placenta	False	True	0.2831	4	Distant Concordance (Organ System)	lateral plate mesoderm	preeclampsia; normal	plant placenta
PXD051174	NO2-E1-2	Testis	0.105	placenta	False	True	0.4735	3	Distant Concordance (Organ System)	reproductive organ	preeclampsia; normal	plant placenta
PXD051174	NO2-E1-3	Bone marrow	0.126	placenta	False	True	0.2831	4	Distant Concordance (Organ System)	lateral plate mesoderm	preeclampsia; normal	plant placenta
PXD051174	NO2-E1-4	Bone marrow	0.1111	placenta	False	True	0.2831	4	Distant Concordance (Organ System)	lateral plate mesoderm	preeclampsia; normal	plant placenta
PXD051174	NO2-E2-1	Bone marrow	0.1597	placenta	False	True	0.2831	4	Distant Concordance (Organ System)	lateral plate mesoderm	preeclampsia; normal	plant placenta
PXD051174	NO2-E2-2	Bone marrow	0.1182	placenta	False	True	0.2831	4	Distant Concordance (Organ System)	lateral plate mesoderm	preeclampsia; normal	plant placenta
PXD051174	NO2-E2-3	Bone marrow	0.0933	placenta	False	True	0.2831	4	Distant Concordance (Organ System)	lateral plate mesoderm	preeclampsia; normal	plant placenta
PXD051174	NO2-E2-4	Placenta	0.1971	placenta	True	True	1.0	0	Exact Match	placenta	preeclampsia; normal	plant placenta
PXD051174	NO2-E3-1	Bone marrow	0.1439	placenta	False	True	0.2831	4	Distant Concordance (Organ System)	lateral plate mesoderm	preeclampsia; normal	plant placenta
PXD051174	NO2-E3-2	Bone marrow	0.1079	placenta	False	True	0.2831	4	Distant Concordance (Organ System)	lateral plate mesoderm	preeclampsia; normal	plant placenta
PXD051174	NO2-E3-3	Testis	0.1048	placenta	False	True	0.4735	3	Distant Concordance (Organ System)	reproductive organ	preeclampsia; normal	plant placenta
PXD051174	NO2-E3-4	Placenta	0.2322	placenta	True	True	1.0	0	Exact Match	placenta	preeclampsia; normal	plant placenta
PXD051174	PE1-E1-1	Bone marrow	0.1859	placenta	False	True	0.2831	4	Distant Concordance (Organ System)	lateral plate mesoderm	preeclampsia; normal	plant placenta
PXD051174	PE1-E1-2	Bone marrow	0.1716	placenta	False	True	0.2831	4	Distant Concordance (Organ System)	lateral plate mesoderm	preeclampsia; normal	plant placenta
PXD051174	PE1-E1-3	Bone marrow	0.1511	placenta	False	True	0.2831	4	Distant Concordance (Organ System)	lateral plate mesoderm	preeclampsia; normal	plant placenta
PXD051174	PE1-E1-4	Bone marrow	0.122	placenta	False	True	0.2831	4	Distant Concordance (Organ System)	lateral plate mesoderm	preeclampsia; normal	plant placenta
PXD051174	PE1-E2-1	Bone marrow	0.1636	placenta	False	True	0.2831	4	Distant Concordance (Organ System)	lateral plate mesoderm	preeclampsia; normal	plant placenta
PXD051174	PE1-E2-2	Bone marrow	0.1446	placenta	False	True	0.2831	4	Distant Concordance (Organ System)	lateral plate mesoderm	preeclampsia; normal	plant placenta
PXD051174	PE1-E2-3	Bone marrow	0.1487	placenta	False	True	0.2831	4	Distant Concordance (Organ System)	lateral plate mesoderm	preeclampsia; normal	plant placenta
PXD051174	PE1-E2-4	Placenta	0.0927	placenta	True	True	1.0	0	Exact Match	placenta	preeclampsia; normal	plant placenta
PXD051174	PE1-E3-1	Bone marrow	0.1753	placenta	False	True	0.2831	4	Distant Concordance (Organ System)	lateral plate mesoderm	preeclampsia; normal	plant placenta
PXD051174	PE1-E3-2	Bone marrow	0.1473	placenta	False	True	0.2831	4	Distant Concordance (Organ System)	lateral plate mesoderm	preeclampsia; normal	plant placenta
PXD051174	PE1-E3-3	Bone marrow	0.0936	placenta	False	True	0.2831	4	Distant Concordance (Organ System)	lateral plate mesoderm	preeclampsia; normal	plant placenta
PXD051174	PE1-E3-4	Placenta	0.1399	placenta	True	True	1.0	0	Exact Match	placenta	preeclampsia; normal	plant placenta
PXD051174	PE2-E1-1	Bone marrow	0.1887	placenta	False	True	0.2831	4	Distant Concordance (Organ System)	lateral plate mesoderm	preeclampsia; normal	plant placenta
PXD051174	PE2-E1-2	Bone marrow	0.1601	placenta	False	True	0.2831	4	Distant Concordance (Organ System)	lateral plate mesoderm	preeclampsia; normal	plant placenta
PXD051174	PE2-E1-3	Bone marrow	0.1383	placenta	False	True	0.2831	4	Distant Concordance (Organ System)	lateral plate mesoderm	preeclampsia; normal	plant placenta
PXD051174	PE2-E1-4	Bone marrow	0.1347	placenta	False	True	0.2831	4	Distant Concordance (Organ System)	lateral plate mesoderm	preeclampsia; normal	plant placenta
PXD051174	PE2-E2-1	Bone marrow	0.1225	placenta	False	True	0.2831	4	Distant Concordance (Organ System)	lateral plate mesoderm	preeclampsia; normal	plant placenta
PXD051174	PE2-E2-2	Bone marrow	0.1545	placenta	False	True	0.2831	4	Distant Concordance (Organ System)	lateral plate mesoderm	preeclampsia; normal	plant placenta
PXD051174	PE2-E2-3	Placenta	0.162	placenta	True	True	1.0	0	Exact Match	placenta	preeclampsia; normal	plant placenta
PXD051174	PE2-E2-4	Placenta	0.1239	placenta	True	True	1.0	0	Exact Match	placenta	preeclampsia; normal	plant placenta
PXD051174	PE2-E3-1	Bone marrow	0.1382	placenta	False	True	0.2831	4	Distant Concordance (Organ System)	lateral plate mesoderm	preeclampsia; normal	plant placenta
PXD051174	PE2-E3-2	Bone marrow	0.1455	placenta	False	True	0.2831	4	Distant Concordance (Organ System)	lateral plate mesoderm	preeclampsia; normal	plant placenta
PXD051174	PE2-E3-3	Bone marrow	0.0941	placenta	False	True	0.2831	4	Distant Concordance (Organ System)	lateral plate mesoderm	preeclampsia; normal	plant placenta
PXD051174	PE2-E3-4	Placenta	0.1598	placenta	True	True	1.0	0	Exact Match	placenta	preeclampsia; normal	plant placenta
PXD051689	H3K4-1	Bone marrow	0.1079	liver	False	True	0.4121	4	Distant Concordance (Organ System)	non-connected functional system	normal	
PXD051689	H3K4-2	Bone marrow	0.1012	liver	False	True	0.4121	4	Distant Concordance (Organ System)	non-connected functional system	normal	
PXD051689	H3K4-3	Bone marrow	0.0937	liver	False	True	0.4121	4	Distant Concordance (Organ System)	non-connected functional system	normal	
PXD051689	H3K4me3-1	Bone marrow	0.1004	liver	False	True	0.4121	4	Distant Concordance (Organ System)	non-connected functional system	normal	
PXD051689	H3K4me3-2	Bone marrow	0.0926	liver	False	True	0.4121	4	Distant Concordance (Organ System)	non-connected functional system	normal	
PXD051689	H3K4me3-3	Bone marrow	0.1088	liver	False	True	0.4121	4	Distant Concordance (Organ System)	non-connected functional system	normal	
PXD051689	H3K9-1	Bone marrow	0.1242	liver	False	True	0.4121	4	Distant Concordance (Organ System)	non-connected functional system	normal	
PXD051689	H3K9-2	Bone marrow	0.0969	liver	False	True	0.4121	4	Distant Concordance (Organ System)	non-connected functional system	normal	
PXD051689	H3K9-3	Bone marrow	0.1096	liver	False	True	0.4121	4	Distant Concordance (Organ System)	non-connected functional system	normal	
PXD051689	H3K9bhb-1	Bone marrow	0.1643	liver	False	True	0.4121	4	Distant Concordance (Organ System)	non-connected functional system	normal	
PXD051689	H3K9bhb-2	Bone marrow	0.1705	liver	False	True	0.4121	4	Distant Concordance (Organ System)	non-connected functional system	normal	
PXD051689	H3K9bhb-3	Bone marrow	0.1128	liver	False	True	0.4121	4	Distant Concordance (Organ System)	non-connected functional system	normal	
PXD053929	A20240330xiaoq_lichuanyun90min_DDA_ingel_634	Testis	0.1205	brain	False	True	0.1083	5	True Conflict	anatomical system	normal	embryonic brain
PXD053929	A20240330xiaoq_lichuanyun90min_DDA_ingel_IgG	Bone marrow	0.113	brain	False	True	0.2266	4	Distant Concordance (Organ System)	electrically responsive cell	normal	embryonic brain
PXD053929	A20240330xiaoq_lichuanyun90min_DDA_ingel_input	Bone marrow	0.1134	brain	False	True	0.2266	4	Distant Concordance (Organ System)	electrically responsive cell	normal	embryonic brain
PXD054717	EXP002242022_33_DM45	Bone marrow	0.151	enamel	False	False	0.2889	5	True Conflict	skeletal tissue	normal	tooth enamel
PXD054717	EXP002242022_39_DM40	Bone marrow	0.1578	enamel	False	False	0.2889	5	True Conflict	skeletal tissue	normal	tooth enamel
PXD054717	EXP002242022_41_DM41	Bone marrow	0.1457	enamel	False	False	0.2889	5	True Conflict	skeletal tissue	normal	tooth enamel
PXD054717	EXP002242022_43_DM42	Bone marrow	0.155	enamel	False	False	0.2889	5	True Conflict	skeletal tissue	normal	tooth enamel
PXD054717	EXP002242022_45_DM43	Bone marrow	0.1541	enamel	False	False	0.2889	5	True Conflict	skeletal tissue	normal	tooth enamel
PXD054717	EXP002242022_53_DM39	Bone marrow	0.1257	enamel	False	False	0.2889	5	True Conflict	skeletal tissue	normal	tooth enamel
PXD054717	EXP002242022_55_DM44	Bone marrow	0.1547	enamel	False	False	0.2889	5	True Conflict	skeletal tissue	normal	tooth enamel
PXD054717	EXP01282022_11_DM24	Bone marrow	0.1702	enamel	False	False	0.2889	5	True Conflict	skeletal tissue	normal	tooth enamel
PXD054717	EXP01282022_13_DM29	Ovary	0.133	enamel	False	False	0.1699	5	True Conflict	primordium	normal	tooth enamel
PXD054717	EXP01282022_15_DM23	Bone marrow	0.1249	enamel	False	False	0.2889	5	True Conflict	skeletal tissue	normal	tooth enamel
PXD054717	EXP01282022_17_DM25	Ovary	0.1305	enamel	False	False	0.1699	5	True Conflict	primordium	normal	tooth enamel
PXD054717	EXP01282022_19_DM28	Bone marrow	0.1309	enamel	False	False	0.2889	5	True Conflict	skeletal tissue	normal	tooth enamel
PXD054717	EXP01282022_23_DM22	Bone marrow	0.1385	enamel	False	False	0.2889	5	True Conflict	skeletal tissue	normal	tooth enamel
PXD054717	EXP01282022_25_DM27	Bone marrow	0.1383	enamel	False	False	0.2889	5	True Conflict	skeletal tissue	normal	tooth enamel
PXD054717	EXP01282022_7_DM32	Bone marrow	0.1649	enamel	False	False	0.2889	5	True Conflict	skeletal tissue	normal	tooth enamel
PXD054717	EXP01282022_9_DM21	Bone marrow	0.1537	enamel	False	False	0.2889	5	True Conflict	skeletal tissue	normal	tooth enamel
PXD054717	Ex07202022_100_TYB_238	Brain	0.2007	enamel	False	False	0.1414	5	True Conflict	electrically responsive cell	normal	tooth enamel
PXD054717	Ex07202022_106_TYB_223	Bone marrow	0.1515	enamel	False	False	0.2889	5	True Conflict	skeletal tissue	normal	tooth enamel
PXD054717	Ex07202022_114_TYB_224	Bone marrow	0.1645	enamel	False	False	0.2889	5	True Conflict	skeletal tissue	normal	tooth enamel
PXD054717	Ex07202022_126_TYB_222	Bone marrow	0.1489	enamel	False	False	0.2889	5	True Conflict	skeletal tissue	normal	tooth enamel
PXD054717	Ex11142022_123_DM76	Bone marrow	0.1525	enamel	False	False	0.2889	5	True Conflict	skeletal tissue	normal	tooth enamel
PXD054717	Ex11142022_129_DM72	Bone marrow	0.1227	enamel	False	False	0.2889	5	True Conflict	skeletal tissue	normal	tooth enamel
PXD054717	Ex11142022_131_DM73	Bone marrow	0.1223	enamel	False	False	0.2889	5	True Conflict	skeletal tissue	normal	tooth enamel
PXD054717	Ex11142022_133_DM74	Bone marrow	0.1467	enamel	False	False	0.2889	5	True Conflict	skeletal tissue	normal	tooth enamel
PXD054717	Ex11142022_83_DM63	Bone marrow	0.1346	enamel	False	False	0.2889	5	True Conflict	skeletal tissue	normal	tooth enamel
PXD054717	Ex11142022_87_DM68	Bone marrow	0.1869	enamel	False	False	0.2889	5	True Conflict	skeletal tissue	normal	tooth enamel
PXD054717	QEPlus2_01092020_18_TYB129	Bone marrow	0.1558	enamel	False	False	0.2889	5	True Conflict	skeletal tissue	normal	tooth enamel
PXD054717	QEPlus2_10042019_39_TYB93	Bone marrow	0.1506	enamel	False	False	0.2889	5	True Conflict	skeletal tissue	normal	tooth enamel
PXD054717	QEPlus2_10042019_69_TYB102	Bone marrow	0.1689	enamel	False	False	0.2889	5	True Conflict	skeletal tissue	normal	tooth enamel
PXD054717	QEPlus2_10042019_75_TYB99	Bone marrow	0.1838	enamel	False	False	0.2889	5	True Conflict	skeletal tissue	normal	tooth enamel
PXD054717	QEPlus2_12030219_26_TYB122	Bone marrow	0.1351	enamel	False	False	0.2889	5	True Conflict	skeletal tissue	normal	tooth enamel
PXD054717	QEplus2_06142020_31_Tyb142	Bone marrow	0.1499	enamel	False	False	0.2889	5	True Conflict	skeletal tissue	normal	tooth enamel
PXD054717	QEplus2_06142020_33_TYB143	Bone marrow	0.1369	enamel	False	False	0.2889	5	True Conflict	skeletal tissue	normal	tooth enamel
PXD054717	QEplus2_07142020_19_TYB178	Bone marrow	0.1683	enamel	False	False	0.2889	5	True Conflict	skeletal tissue	normal	tooth enamel
PXD054717	QEplus2_07142020_29_TYB179	Bone marrow	0.1574	enamel	False	False	0.2889	5	True Conflict	skeletal tissue	normal	tooth enamel
PXD055623	Pool_I_CFASP_TD_run1	Bone marrow	0.2095	placenta	False	True	0.2831	4	Distant Concordance (Organ System)	lateral plate mesoderm	normal	decidua parietalis
PXD055623	Pool_I_CFASP_TD_run2	Bone marrow	0.2125	placenta	False	True	0.2831	4	Distant Concordance (Organ System)	lateral plate mesoderm	normal	decidua parietalis
PXD055623	Pool_I_CFASP_TD_run3	Bone marrow	0.2384	placenta	False	True	0.2831	4	Distant Concordance (Organ System)	lateral plate mesoderm	normal	decidua parietalis
PXD055973	/public/conode53/AIRFLOW/temp/PXD055973/diann/20221018_EXPL11_Evo8_CovidRerun_Cohort1_Plate1_1	Bone marrow	0.1273	blood	False	False	0.7688	2	Near-Agreement (Subpart / Secretome)	hematopoietic system	normal; COVID-19	
PXD055973	/public/conode53/AIRFLOW/temp/PXD055973/diann/20221018_EXPL11_Evo8_CovidRerun_Cohort1_Plate1_10	Bone marrow	0.1297	blood	False	False	0.7688	2	Near-Agreement (Subpart / Secretome)	hematopoietic system	normal; COVID-19	
PXD055973	/public/conode53/AIRFLOW/temp/PXD055973/diann/20221018_EXPL11_Evo8_CovidRerun_Cohort1_Plate1_11	Bone marrow	0.1343	blood	False	False	0.7688	2	Near-Agreement (Subpart / Secretome)	hematopoietic system	normal; COVID-19	
PXD055973	/public/conode53/AIRFLOW/temp/PXD055973/diann/20221018_EXPL11_Evo8_CovidRerun_Cohort1_Plate1_12	Bone marrow	0.1387	blood	False	False	0.7688	2	Near-Agreement (Subpart / Secretome)	hematopoietic system	normal; COVID-19	
PXD055973	/public/conode53/AIRFLOW/temp/PXD055973/diann/20221018_EXPL11_Evo8_CovidRerun_Cohort1_Plate1_13	Bone marrow	0.1387	blood	False	False	0.7688	2	Near-Agreement (Subpart / Secretome)	hematopoietic system	normal; COVID-19	
PXD055973	/public/conode53/AIRFLOW/temp/PXD055973/diann/20221018_EXPL11_Evo8_CovidRerun_Cohort1_Plate1_14	Bone marrow	0.1211	blood	False	False	0.7688	2	Near-Agreement (Subpart / Secretome)	hematopoietic system	normal; COVID-19	
PXD055973	/public/conode53/AIRFLOW/temp/PXD055973/diann/20221018_EXPL11_Evo8_CovidRerun_Cohort1_Plate1_15	Bone marrow	0.1233	blood	False	False	0.7688	2	Near-Agreement (Subpart / Secretome)	hematopoietic system	normal; COVID-19	
PXD055973	/public/conode53/AIRFLOW/temp/PXD055973/diann/20221018_EXPL11_Evo8_CovidRerun_Cohort1_Plate1_16	Bone marrow	0.1318	blood	False	False	0.7688	2	Near-Agreement (Subpart / Secretome)	hematopoietic system	normal; COVID-19	
PXD055973	/public/conode53/AIRFLOW/temp/PXD055973/diann/20221018_EXPL11_Evo8_CovidRerun_Cohort1_Plate1_17	Bone marrow	0.1398	blood	False	False	0.7688	2	Near-Agreement (Subpart / Secretome)	hematopoietic system	normal; COVID-19	
PXD055973	/public/conode53/AIRFLOW/temp/PXD055973/diann/20221018_EXPL11_Evo8_CovidRerun_Cohort1_Plate1_18	Bone marrow	0.1279	blood	False	False	0.7688	2	Near-Agreement (Subpart / Secretome)	hematopoietic system	normal; COVID-19	
PXD055973	/public/conode53/AIRFLOW/temp/PXD055973/diann/20221018_EXPL11_Evo8_CovidRerun_Cohort1_Plate1_19	Bone marrow	0.131	blood	False	False	0.7688	2	Near-Agreement (Subpart / Secretome)	hematopoietic system	normal; COVID-19	
PXD055973	/public/conode53/AIRFLOW/temp/PXD055973/diann/20221018_EXPL11_Evo8_CovidRerun_Cohort1_Plate1_2	Bone marrow	0.1356	blood	False	False	0.7688	2	Near-Agreement (Subpart / Secretome)	hematopoietic system	normal; COVID-19	
PXD055973	/public/conode53/AIRFLOW/temp/PXD055973/diann/20221018_EXPL11_Evo8_CovidRerun_Cohort1_Plate1_20	Bone marrow	0.1332	blood	False	False	0.7688	2	Near-Agreement (Subpart / Secretome)	hematopoietic system	normal; COVID-19	
PXD055973	/public/conode53/AIRFLOW/temp/PXD055973/diann/20221018_EXPL11_Evo8_CovidRerun_Cohort1_Plate1_21	Bone marrow	0.1457	blood	False	False	0.7688	2	Near-Agreement (Subpart / Secretome)	hematopoietic system	normal; COVID-19	
PXD055973	/public/conode53/AIRFLOW/temp/PXD055973/diann/20221018_EXPL11_Evo8_CovidRerun_Cohort1_Plate1_22	Bone marrow	0.1401	blood	False	False	0.7688	2	Near-Agreement (Subpart / Secretome)	hematopoietic system	normal; COVID-19	
PXD055973	/public/conode53/AIRFLOW/temp/PXD055973/diann/20221018_EXPL11_Evo8_CovidRerun_Cohort1_Plate1_23	Bone marrow	0.1279	blood	False	False	0.7688	2	Near-Agreement (Subpart / Secretome)	hematopoietic system	normal; COVID-19	
PXD055973	/public/conode53/AIRFLOW/temp/PXD055973/diann/20221018_EXPL11_Evo8_CovidRerun_Cohort1_Plate1_25	Bone marrow	0.1288	blood	False	False	0.7688	2	Near-Agreement (Subpart / Secretome)	hematopoietic system	normal; COVID-19	
PXD055973	/public/conode53/AIRFLOW/temp/PXD055973/diann/20221018_EXPL11_Evo8_CovidRerun_Cohort1_Plate1_26	Bone marrow	0.1292	blood	False	False	0.7688	2	Near-Agreement (Subpart / Secretome)	hematopoietic system	normal; COVID-19	
PXD055973	/public/conode53/AIRFLOW/temp/PXD055973/diann/20221018_EXPL11_Evo8_CovidRerun_Cohort1_Plate1_27	Bone marrow	0.1294	blood	False	False	0.7688	2	Near-Agreement (Subpart / Secretome)	hematopoietic system	normal; COVID-19	
PXD055973	/public/conode53/AIRFLOW/temp/PXD055973/diann/20221018_EXPL11_Evo8_CovidRerun_Cohort1_Plate1_28	Bone marrow	0.1386	blood	False	False	0.7688	2	Near-Agreement (Subpart / Secretome)	hematopoietic system	normal; COVID-19	
PXD055973	/public/conode53/AIRFLOW/temp/PXD055973/diann/20221018_EXPL11_Evo8_CovidRerun_Cohort1_Plate1_29	Bone marrow	0.1393	blood	False	False	0.7688	2	Near-Agreement (Subpart / Secretome)	hematopoietic system	normal; COVID-19	
PXD055973	/public/conode53/AIRFLOW/temp/PXD055973/diann/20221018_EXPL11_Evo8_CovidRerun_Cohort1_Plate1_3	Bone marrow	0.135	blood	False	False	0.7688	2	Near-Agreement (Subpart / Secretome)	hematopoietic system	normal; COVID-19	
PXD055973	/public/conode53/AIRFLOW/temp/PXD055973/diann/20221018_EXPL11_Evo8_CovidRerun_Cohort1_Plate1_30	Bone marrow	0.114	blood	False	False	0.7688	2	Near-Agreement (Subpart / Secretome)	hematopoietic system	normal; COVID-19	
PXD055973	/public/conode53/AIRFLOW/temp/PXD055973/diann/20221018_EXPL11_Evo8_CovidRerun_Cohort1_Plate1_31	Bone marrow	0.1408	blood	False	False	0.7688	2	Near-Agreement (Subpart / Secretome)	hematopoietic system	normal; COVID-19	
PXD055973	/public/conode53/AIRFLOW/temp/PXD055973/diann/20221018_EXPL11_Evo8_CovidRerun_Cohort1_Plate1_32	Bone marrow	0.1347	blood	False	False	0.7688	2	Near-Agreement (Subpart / Secretome)	hematopoietic system	normal; COVID-19	
PXD055973	/public/conode53/AIRFLOW/temp/PXD055973/diann/20221018_EXPL11_Evo8_CovidRerun_Cohort1_Plate1_33	Bone marrow	0.1216	blood	False	False	0.7688	2	Near-Agreement (Subpart / Secretome)	hematopoietic system	normal; COVID-19	
PXD055973	/public/conode53/AIRFLOW/temp/PXD055973/diann/20221018_EXPL11_Evo8_CovidRerun_Cohort1_Plate1_34	Bone marrow	0.1332	blood	False	False	0.7688	2	Near-Agreement (Subpart / Secretome)	hematopoietic system	normal; COVID-19	
PXD055973	/public/conode53/AIRFLOW/temp/PXD055973/diann/20221018_EXPL11_Evo8_CovidRerun_Cohort1_Plate1_35	Bone marrow	0.1183	blood	False	False	0.7688	2	Near-Agreement (Subpart / Secretome)	hematopoietic system	normal; COVID-19	
PXD055973	/public/conode53/AIRFLOW/temp/PXD055973/diann/20221018_EXPL11_Evo8_CovidRerun_Cohort1_Plate1_36	Bone marrow	0.1443	blood	False	False	0.7688	2	Near-Agreement (Subpart / Secretome)	hematopoietic system	normal; COVID-19	
PXD055973	/public/conode53/AIRFLOW/temp/PXD055973/diann/20221018_EXPL11_Evo8_CovidRerun_Cohort1_Plate1_37	Bone marrow	0.1452	blood	False	False	0.7688	2	Near-Agreement (Subpart / Secretome)	hematopoietic system	normal; COVID-19	
PXD055973	/public/conode53/AIRFLOW/temp/PXD055973/diann/20221018_EXPL11_Evo8_CovidRerun_Cohort1_Plate1_38	Bone marrow	0.1379	blood	False	False	0.7688	2	Near-Agreement (Subpart / Secretome)	hematopoietic system	normal; COVID-19	
PXD055973	/public/conode53/AIRFLOW/temp/PXD055973/diann/20221018_EXPL11_Evo8_CovidRerun_Cohort1_Plate1_39	Bone marrow	0.1335	blood	False	False	0.7688	2	Near-Agreement (Subpart / Secretome)	hematopoietic system	normal; COVID-19	
PXD055973	/public/conode53/AIRFLOW/temp/PXD055973/diann/20221018_EXPL11_Evo8_CovidRerun_Cohort1_Plate1_4	Bone marrow	0.1402	blood	False	False	0.7688	2	Near-Agreement (Subpart / Secretome)	hematopoietic system	normal; COVID-19	
PXD055973	/public/conode53/AIRFLOW/temp/PXD055973/diann/20221018_EXPL11_Evo8_CovidRerun_Cohort1_Plate1_40	Bone marrow	0.1407	blood	False	False	0.7688	2	Near-Agreement (Subpart / Secretome)	hematopoietic system	normal; COVID-19	
PXD055973	/public/conode53/AIRFLOW/temp/PXD055973/diann/20221018_EXPL11_Evo8_CovidRerun_Cohort1_Plate1_41	Bone marrow	0.1404	blood	False	False	0.7688	2	Near-Agreement (Subpart / Secretome)	hematopoietic system	normal; COVID-19	
PXD055973	/public/conode53/AIRFLOW/temp/PXD055973/diann/20221018_EXPL11_Evo8_CovidRerun_Cohort1_Plate1_42	Bone marrow	0.1346	blood	False	False	0.7688	2	Near-Agreement (Subpart / Secretome)	hematopoietic system	normal; COVID-19	
PXD055973	/public/conode53/AIRFLOW/temp/PXD055973/diann/20221018_EXPL11_Evo8_CovidRerun_Cohort1_Plate1_5	Bone marrow	0.1289	blood	False	False	0.7688	2	Near-Agreement (Subpart / Secretome)	hematopoietic system	normal; COVID-19	
PXD055973	/public/conode53/AIRFLOW/temp/PXD055973/diann/20221018_EXPL11_Evo8_CovidRerun_Cohort1_Plate1_6	Bone marrow	0.1334	blood	False	False	0.7688	2	Near-Agreement (Subpart / Secretome)	hematopoietic system	normal; COVID-19	
PXD055973	/public/conode53/AIRFLOW/temp/PXD055973/diann/20221018_EXPL11_Evo8_CovidRerun_Cohort1_Plate1_7	Bone marrow	0.1438	blood	False	False	0.7688	2	Near-Agreement (Subpart / Secretome)	hematopoietic system	normal; COVID-19	
PXD055973	/public/conode53/AIRFLOW/temp/PXD055973/diann/20221018_EXPL11_Evo8_CovidRerun_Cohort1_Plate1_8	Bone marrow	0.1447	blood	False	False	0.7688	2	Near-Agreement (Subpart / Secretome)	hematopoietic system	normal; COVID-19	
PXD055973	/public/conode53/AIRFLOW/temp/PXD055973/diann/20221018_EXPL11_Evo8_CovidRerun_Cohort1_Plate1_9	Bone marrow	0.1343	blood	False	False	0.7688	2	Near-Agreement (Subpart / Secretome)	hematopoietic system	normal; COVID-19	
PXD055973	/public/conode53/AIRFLOW/temp/PXD055973/diann/20221018_EXPL11_Evo8_CovidRerun_Cohort1_Plate1_HD-1510	Bone marrow	0.134	blood	False	False	0.7688	2	Near-Agreement (Subpart / Secretome)	hematopoietic system	normal; COVID-19	
PXD055973	/public/conode53/AIRFLOW/temp/PXD055973/diann/20221018_EXPL11_Evo8_CovidRerun_Cohort1_Plate1_HD-1511	Bone marrow	0.1349	blood	False	False	0.7688	2	Near-Agreement (Subpart / Secretome)	hematopoietic system	normal; COVID-19	
PXD055973	/public/conode53/AIRFLOW/temp/PXD055973/diann/20221018_EXPL11_Evo8_CovidRerun_Cohort1_Plate1_HD-1512	Bone marrow	0.1342	blood	False	False	0.7688	2	Near-Agreement (Subpart / Secretome)	hematopoietic system	normal; COVID-19	
PXD055973	/public/conode53/AIRFLOW/temp/PXD055973/diann/20221018_EXPL11_Evo8_CovidRerun_Cohort1_Plate1_HD-1513	Bone marrow	0.1414	blood	False	False	0.7688	2	Near-Agreement (Subpart / Secretome)	hematopoietic system	normal; COVID-19	
PXD055973	/public/conode53/AIRFLOW/temp/PXD055973/diann/20221018_EXPL11_Evo8_CovidRerun_Cohort1_Plate1_HD-1514	Bone marrow	0.1188	blood	False	False	0.7688	2	Near-Agreement (Subpart / Secretome)	hematopoietic system	normal; COVID-19	
PXD055973	/public/conode53/AIRFLOW/temp/PXD055973/diann/20221018_EXPL11_Evo8_CovidRerun_Cohort1_Plate1_HD-1515	Bone marrow	0.141	blood	False	False	0.7688	2	Near-Agreement (Subpart / Secretome)	hematopoietic system	normal; COVID-19	
PXD055973	/public/conode53/AIRFLOW/temp/PXD055973/diann/20221018_EXPL11_Evo8_CovidRerun_Cohort1_Plate1_HD-1516	Bone marrow	0.1407	blood	False	False	0.7688	2	Near-Agreement (Subpart / Secretome)	hematopoietic system	normal; COVID-19	
PXD055973	/public/conode53/AIRFLOW/temp/PXD055973/diann/20221018_EXPL11_Evo8_CovidRerun_Cohort1_Plate1_HD-1517	Bone marrow	0.1313	blood	False	False	0.7688	2	Near-Agreement (Subpart / Secretome)	hematopoietic system	normal; COVID-19	
PXD055973	/public/conode53/AIRFLOW/temp/PXD055973/diann/20221018_EXPL11_Evo8_CovidRerun_Cohort1_Plate1_HD-1518	Bone marrow	0.1467	blood	False	False	0.7688	2	Near-Agreement (Subpart / Secretome)	hematopoietic system	normal; COVID-19	
PXD055973	/public/conode53/AIRFLOW/temp/PXD055973/diann/20221018_EXPL11_Evo8_CovidRerun_Cohort1_Plate1_HD-1519	Bone marrow	0.1373	blood	False	False	0.7688	2	Near-Agreement (Subpart / Secretome)	hematopoietic system	normal; COVID-19	
PXD055973	/public/conode53/AIRFLOW/temp/PXD055973/diann/20221018_EXPL11_Evo8_CovidRerun_Cohort1_Plate1_HD-1901	Bone marrow	0.1109	blood	False	False	0.7688	2	Near-Agreement (Subpart / Secretome)	hematopoietic system	normal; COVID-19	
PXD055973	/public/conode53/AIRFLOW/temp/PXD055973/diann/20221018_EXPL11_Evo8_CovidRerun_Cohort1_Plate1_HD-1902	Bone marrow	0.1357	blood	False	False	0.7688	2	Near-Agreement (Subpart / Secretome)	hematopoietic system	normal; COVID-19	
PXD055973	/public/conode53/AIRFLOW/temp/PXD055973/diann/20221018_EXPL11_Evo8_CovidRerun_Cohort1_Plate1_HD-1903	Bone marrow	0.1517	blood	False	False	0.7688	2	Near-Agreement (Subpart / Secretome)	hematopoietic system	normal; COVID-19	
PXD055973	/public/conode53/AIRFLOW/temp/PXD055973/diann/20221018_EXPL11_Evo8_CovidRerun_Cohort1_Plate1_HD-1904	Bone marrow	0.1427	blood	False	False	0.7688	2	Near-Agreement (Subpart / Secretome)	hematopoietic system	normal; COVID-19	
PXD055973	/public/conode53/AIRFLOW/temp/PXD055973/diann/20221018_EXPL11_Evo8_CovidRerun_Cohort1_Plate1_HD-1905	Bone marrow	0.1418	blood	False	False	0.7688	2	Near-Agreement (Subpart / Secretome)	hematopoietic system	normal; COVID-19	
PXD055973	/public/conode53/AIRFLOW/temp/PXD055973/diann/20221018_EXPL11_Evo8_CovidRerun_Cohort1_Plate1_HD-1906	Bone marrow	0.1328	blood	False	False	0.7688	2	Near-Agreement (Subpart / Secretome)	hematopoietic system	normal; COVID-19	
PXD055973	/public/conode53/AIRFLOW/temp/PXD055973/diann/20221018_EXPL11_Evo8_CovidRerun_Cohort1_Plate1_HD-1907	Bone marrow	0.1435	blood	False	False	0.7688	2	Near-Agreement (Subpart / Secretome)	hematopoietic system	normal; COVID-19	
PXD055973	/public/conode53/AIRFLOW/temp/PXD055973/diann/20221018_EXPL11_Evo8_CovidRerun_Cohort1_Plate1_HD-1908	Bone marrow	0.1284	blood	False	False	0.7688	2	Near-Agreement (Subpart / Secretome)	hematopoietic system	normal; COVID-19	
PXD055973	/public/conode53/AIRFLOW/temp/PXD055973/diann/20221018_EXPL11_Evo8_CovidRerun_Cohort1_Plate1_HD-1909	Bone marrow	0.1382	blood	False	False	0.7688	2	Near-Agreement (Subpart / Secretome)	hematopoietic system	normal; COVID-19	
PXD055973	/public/conode53/AIRFLOW/temp/PXD055973/diann/20221018_EXPL11_Evo8_CovidRerun_Cohort1_Plate1_HD-1910	Bone marrow	0.1357	blood	False	False	0.7688	2	Near-Agreement (Subpart / Secretome)	hematopoietic system	normal; COVID-19	
PXD055973	/public/conode53/AIRFLOW/temp/PXD055973/diann/20221018_EXPL11_Evo8_CovidRerun_Cohort1_Plate1_HD-2187	Bone marrow	0.1347	blood	False	False	0.7688	2	Near-Agreement (Subpart / Secretome)	hematopoietic system	normal; COVID-19	
PXD055973	/public/conode53/AIRFLOW/temp/PXD055973/diann/20221018_EXPL11_Evo8_CovidRerun_Cohort1_Plate2_43	Bone marrow	0.1407	blood	False	False	0.7688	2	Near-Agreement (Subpart / Secretome)	hematopoietic system	normal; COVID-19	
PXD055973	/public/conode53/AIRFLOW/temp/PXD055973/diann/20221018_EXPL11_Evo8_CovidRerun_Cohort1_Plate2_45	Bone marrow	0.1235	blood	False	False	0.7688	2	Near-Agreement (Subpart / Secretome)	hematopoietic system	normal; COVID-19	
PXD055973	/public/conode53/AIRFLOW/temp/PXD055973/diann/20221018_EXPL11_Evo8_CovidRerun_Cohort1_Plate2_46	Bone marrow	0.1292	blood	False	False	0.7688	2	Near-Agreement (Subpart / Secretome)	hematopoietic system	normal; COVID-19	
PXD055973	/public/conode53/AIRFLOW/temp/PXD055973/diann/20221018_EXPL11_Evo8_CovidRerun_Cohort1_Plate2_47	Bone marrow	0.1296	blood	False	False	0.7688	2	Near-Agreement (Subpart / Secretome)	hematopoietic system	normal; COVID-19	
PXD055973	/public/conode53/AIRFLOW/temp/PXD055973/diann/20221018_EXPL11_Evo8_CovidRerun_Cohort1_Plate2_48	Bone marrow	0.1288	blood	False	False	0.7688	2	Near-Agreement (Subpart / Secretome)	hematopoietic system	normal; COVID-19	
PXD055973	/public/conode53/AIRFLOW/temp/PXD055973/diann/20221018_EXPL11_Evo8_CovidRerun_Cohort1_Plate2_49	Bone marrow	0.1347	blood	False	False	0.7688	2	Near-Agreement (Subpart / Secretome)	hematopoietic system	normal; COVID-19	
PXD055973	/public/conode53/AIRFLOW/temp/PXD055973/diann/20221018_EXPL11_Evo8_CovidRerun_Cohort1_Plate2_50	Bone marrow	0.1471	blood	False	False	0.7688	2	Near-Agreement (Subpart / Secretome)	hematopoietic system	normal; COVID-19	
PXD055973	/public/conode53/AIRFLOW/temp/PXD055973/diann/20221018_EXPL11_Evo8_CovidRerun_Cohort1_Plate2_51	Bone marrow	0.1404	blood	False	False	0.7688	2	Near-Agreement (Subpart / Secretome)	hematopoietic system	normal; COVID-19	
PXD055973	/public/conode53/AIRFLOW/temp/PXD055973/diann/20221018_EXPL11_Evo8_CovidRerun_Cohort1_Plate2_52	Bone marrow	0.1347	blood	False	False	0.7688	2	Near-Agreement (Subpart / Secretome)	hematopoietic system	normal; COVID-19	
PXD055973	/public/conode53/AIRFLOW/temp/PXD055973/diann/20221018_EXPL11_Evo8_CovidRerun_Cohort1_Plate2_53	Bone marrow	0.129	blood	False	False	0.7688	2	Near-Agreement (Subpart / Secretome)	hematopoietic system	normal; COVID-19	
PXD055973	/public/conode53/AIRFLOW/temp/PXD055973/diann/20221018_EXPL11_Evo8_CovidRerun_Cohort1_Plate2_54	Bone marrow	0.1332	blood	False	False	0.7688	2	Near-Agreement (Subpart / Secretome)	hematopoietic system	normal; COVID-19	
PXD055973	/public/conode53/AIRFLOW/temp/PXD055973/diann/20221018_EXPL11_Evo8_CovidRerun_Cohort1_Plate2_55	Bone marrow	0.1493	blood	False	False	0.7688	2	Near-Agreement (Subpart / Secretome)	hematopoietic system	normal; COVID-19	
PXD055973	/public/conode53/AIRFLOW/temp/PXD055973/diann/20221018_EXPL11_Evo8_CovidRerun_Cohort1_Plate2_56	Bone marrow	0.1246	blood	False	False	0.7688	2	Near-Agreement (Subpart / Secretome)	hematopoietic system	normal; COVID-19	
PXD055973	/public/conode53/AIRFLOW/temp/PXD055973/diann/20221018_EXPL11_Evo8_CovidRerun_Cohort1_Plate2_57	Bone marrow	0.1383	blood	False	False	0.7688	2	Near-Agreement (Subpart / Secretome)	hematopoietic system	normal; COVID-19	
PXD055973	/public/conode53/AIRFLOW/temp/PXD055973/diann/20221018_EXPL11_Evo8_CovidRerun_Cohort1_Plate2_58	Bone marrow	0.1385	blood	False	False	0.7688	2	Near-Agreement (Subpart / Secretome)	hematopoietic system	normal; COVID-19	
PXD055973	/public/conode53/AIRFLOW/temp/PXD055973/diann/20221018_EXPL11_Evo8_CovidRerun_Cohort1_Plate2_59	Bone marrow	0.1495	blood	False	False	0.7688	2	Near-Agreement (Subpart / Secretome)	hematopoietic system	normal; COVID-19	
PXD055973	/public/conode53/AIRFLOW/temp/PXD055973/diann/20221018_EXPL11_Evo8_CovidRerun_Cohort1_Plate2_60	Bone marrow	0.1235	blood	False	False	0.7688	2	Near-Agreement (Subpart / Secretome)	hematopoietic system	normal; COVID-19	
PXD055973	/public/conode53/AIRFLOW/temp/PXD055973/diann/20221018_EXPL11_Evo8_CovidRerun_Cohort1_Plate2_61	Bone marrow	0.1339	blood	False	False	0.7688	2	Near-Agreement (Subpart / Secretome)	hematopoietic system	normal; COVID-19	
PXD055973	/public/conode53/AIRFLOW/temp/PXD055973/diann/20221018_EXPL11_Evo8_CovidRerun_Cohort1_Plate2_62	Bone marrow	0.1283	blood	False	False	0.7688	2	Near-Agreement (Subpart / Secretome)	hematopoietic system	normal; COVID-19	
PXD055973	/public/conode53/AIRFLOW/temp/PXD055973/diann/20221018_EXPL11_Evo8_CovidRerun_Cohort1_Plate2_63	Bone marrow	0.1224	blood	False	False	0.7688	2	Near-Agreement (Subpart / Secretome)	hematopoietic system	normal; COVID-19	
PXD055973	/public/conode53/AIRFLOW/temp/PXD055973/diann/20221018_EXPL11_Evo8_CovidRerun_Cohort1_Plate2_64	Bone marrow	0.1279	blood	False	False	0.7688	2	Near-Agreement (Subpart / Secretome)	hematopoietic system	normal; COVID-19	
PXD055973	/public/conode53/AIRFLOW/temp/PXD055973/diann/20221018_EXPL11_Evo8_CovidRerun_Cohort1_Plate2_65	Bone marrow	0.1236	blood	False	False	0.7688	2	Near-Agreement (Subpart / Secretome)	hematopoietic system	normal; COVID-19	
PXD055973	/public/conode53/AIRFLOW/temp/PXD055973/diann/20221018_EXPL11_Evo8_CovidRerun_Cohort1_Plate2_66	Bone marrow	0.1392	blood	False	False	0.7688	2	Near-Agreement (Subpart / Secretome)	hematopoietic system	normal; COVID-19	
PXD055973	/public/conode53/AIRFLOW/temp/PXD055973/diann/20221018_EXPL11_Evo8_CovidRerun_Cohort1_Plate2_67	Bone marrow	0.14	blood	False	False	0.7688	2	Near-Agreement (Subpart / Secretome)	hematopoietic system	normal; COVID-19	
PXD055973	/public/conode53/AIRFLOW/temp/PXD055973/diann/20221018_EXPL11_Evo8_CovidRerun_Cohort1_Plate2_68	Bone marrow	0.1516	blood	False	False	0.7688	2	Near-Agreement (Subpart / Secretome)	hematopoietic system	normal; COVID-19	
PXD055973	/public/conode53/AIRFLOW/temp/PXD055973/diann/20221018_EXPL11_Evo8_CovidRerun_Cohort1_Plate2_69	Bone marrow	0.1236	blood	False	False	0.7688	2	Near-Agreement (Subpart / Secretome)	hematopoietic system	normal; COVID-19	
PXD055973	/public/conode53/AIRFLOW/temp/PXD055973/diann/20221018_EXPL11_Evo8_CovidRerun_Cohort1_Plate2_70	Bone marrow	0.1391	blood	False	False	0.7688	2	Near-Agreement (Subpart / Secretome)	hematopoietic system	normal; COVID-19	
PXD055973	/public/conode53/AIRFLOW/temp/PXD055973/diann/20221018_EXPL11_Evo8_CovidRerun_Cohort1_Plate2_71	Bone marrow	0.124	blood	False	False	0.7688	2	Near-Agreement (Subpart / Secretome)	hematopoietic system	normal; COVID-19	
PXD055973	/public/conode53/AIRFLOW/temp/PXD055973/diann/20221018_EXPL11_Evo8_CovidRerun_Cohort1_Plate2_72	Bone marrow	0.1336	blood	False	False	0.7688	2	Near-Agreement (Subpart / Secretome)	hematopoietic system	normal; COVID-19	
PXD055973	/public/conode53/AIRFLOW/temp/PXD055973/diann/20221018_EXPL11_Evo8_CovidRerun_Cohort1_Plate2_73	Bone marrow	0.1387	blood	False	False	0.7688	2	Near-Agreement (Subpart / Secretome)	hematopoietic system	normal; COVID-19	
PXD055973	/public/conode53/AIRFLOW/temp/PXD055973/diann/20221018_EXPL11_Evo8_CovidRerun_Cohort1_Plate2_74	Bone marrow	0.1285	blood	False	False	0.7688	2	Near-Agreement (Subpart / Secretome)	hematopoietic system	normal; COVID-19	
PXD055973	/public/conode53/AIRFLOW/temp/PXD055973/diann/20221018_EXPL11_Evo8_CovidRerun_Cohort1_Plate2_75	Bone marrow	0.1338	blood	False	False	0.7688	2	Near-Agreement (Subpart / Secretome)	hematopoietic system	normal; COVID-19	
PXD055973	/public/conode53/AIRFLOW/temp/PXD055973/diann/20221018_EXPL11_Evo8_CovidRerun_Cohort1_Plate2_76	Bone marrow	0.1235	blood	False	False	0.7688	2	Near-Agreement (Subpart / Secretome)	hematopoietic system	normal; COVID-19	
PXD055973	/public/conode53/AIRFLOW/temp/PXD055973/diann/20221018_EXPL11_Evo8_CovidRerun_Cohort1_Plate2_77	Bone marrow	0.1117	blood	False	False	0.7688	2	Near-Agreement (Subpart / Secretome)	hematopoietic system	normal; COVID-19	
PXD055973	/public/conode53/AIRFLOW/temp/PXD055973/diann/20221018_EXPL11_Evo8_CovidRerun_Cohort1_Plate2_78	Bone marrow	0.1377	blood	False	False	0.7688	2	Near-Agreement (Subpart / Secretome)	hematopoietic system	normal; COVID-19	
PXD055973	/public/conode53/AIRFLOW/temp/PXD055973/diann/20221018_EXPL11_Evo8_CovidRerun_Cohort1_Plate2_79	Bone marrow	0.1403	blood	False	False	0.7688	2	Near-Agreement (Subpart / Secretome)	hematopoietic system	normal; COVID-19	
PXD055973	/public/conode53/AIRFLOW/temp/PXD055973/diann/20221018_EXPL11_Evo8_CovidRerun_Cohort1_Plate2_80	Bone marrow	0.1299	blood	False	False	0.7688	2	Near-Agreement (Subpart / Secretome)	hematopoietic system	normal; COVID-19	
PXD055973	/public/conode53/AIRFLOW/temp/PXD055973/diann/20221018_EXPL11_Evo8_CovidRerun_Cohort1_Plate2_81	Bone marrow	0.146	blood	False	False	0.7688	2	Near-Agreement (Subpart / Secretome)	hematopoietic system	normal; COVID-19	
PXD055973	/public/conode53/AIRFLOW/temp/PXD055973/diann/20221018_EXPL11_Evo8_CovidRerun_Cohort1_Plate2_82	Bone marrow	0.1349	blood	False	False	0.7688	2	Near-Agreement (Subpart / Secretome)	hematopoietic system	normal; COVID-19	
PXD055973	/public/conode53/AIRFLOW/temp/PXD055973/diann/20221018_EXPL11_Evo8_CovidRerun_Cohort1_Plate2_83	Adipose tissue	0.12	blood	False	False	0.2756	5	True Conflict	mesenchymal stem cell	normal; COVID-19	
PXD055973	/public/conode53/AIRFLOW/temp/PXD055973/diann/20221018_EXPL11_Evo8_CovidRerun_Cohort1_Plate2_84	Bone marrow	0.1357	blood	False	False	0.7688	2	Near-Agreement (Subpart / Secretome)	hematopoietic system	normal; COVID-19	
PXD055973	/public/conode53/AIRFLOW/temp/PXD055973/diann/20221018_EXPL11_Evo8_CovidRerun_Cohort1_Plate2_85	Bone marrow	0.1189	blood	False	False	0.7688	2	Near-Agreement (Subpart / Secretome)	hematopoietic system	normal; COVID-19	
PXD055973	/public/conode53/AIRFLOW/temp/PXD055973/diann/20221018_EXPL11_Evo8_CovidRerun_Cohort1_Plate2_86	Bone marrow	0.135	blood	False	False	0.7688	2	Near-Agreement (Subpart / Secretome)	hematopoietic system	normal; COVID-19	
PXD055973	/public/conode53/AIRFLOW/temp/PXD055973/diann/20221018_EXPL11_Evo8_CovidRerun_Cohort1_Plate2_87	Bone marrow	0.1385	blood	False	False	0.7688	2	Near-Agreement (Subpart / Secretome)	hematopoietic system	normal; COVID-19	
PXD055973	/public/conode53/AIRFLOW/temp/PXD055973/diann/20221018_EXPL11_Evo8_CovidRerun_Cohort1_Plate2_88	Bone marrow	0.1403	blood	False	False	0.7688	2	Near-Agreement (Subpart / Secretome)	hematopoietic system	normal; COVID-19	
PXD055973	/public/conode53/AIRFLOW/temp/PXD055973/diann/20221018_EXPL11_Evo8_CovidRerun_Cohort1_Plate2_89	Bone marrow	0.1342	blood	False	False	0.7688	2	Near-Agreement (Subpart / Secretome)	hematopoietic system	normal; COVID-19	
PXD055973	/public/conode53/AIRFLOW/temp/PXD055973/diann/20221018_EXPL11_Evo8_CovidRerun_Cohort1_Plate2_90	Bone marrow	0.1268	blood	False	False	0.7688	2	Near-Agreement (Subpart / Secretome)	hematopoietic system	normal; COVID-19	
PXD055973	/public/conode53/AIRFLOW/temp/PXD055973/diann/20221018_EXPL11_Evo8_CovidRerun_Cohort1_Plate2_91	Bone marrow	0.1633	blood	False	False	0.7688	2	Near-Agreement (Subpart / Secretome)	hematopoietic system	normal; COVID-19	
PXD055973	/public/conode53/AIRFLOW/temp/PXD055973/diann/20221018_EXPL11_Evo8_CovidRerun_Cohort1_Plate2_92	Bone marrow	0.1285	blood	False	False	0.7688	2	Near-Agreement (Subpart / Secretome)	hematopoietic system	normal; COVID-19	
PXD055973	/public/conode53/AIRFLOW/temp/PXD055973/diann/20221018_EXPL11_Evo8_CovidRerun_Cohort1_Plate2_93	Bone marrow	0.1285	blood	False	False	0.7688	2	Near-Agreement (Subpart / Secretome)	hematopoietic system	normal; COVID-19	
PXD055973	/public/conode53/AIRFLOW/temp/PXD055973/diann/20221018_EXPL11_Evo8_CovidRerun_Cohort1_Plate2_HD-2188	Bone marrow	0.1329	blood	False	False	0.7688	2	Near-Agreement (Subpart / Secretome)	hematopoietic system	normal; COVID-19	
PXD055973	/public/conode53/AIRFLOW/temp/PXD055973/diann/20221018_EXPL11_Evo8_CovidRerun_Cohort1_Plate2_HD-2189	Bone marrow	0.1404	blood	False	False	0.7688	2	Near-Agreement (Subpart / Secretome)	hematopoietic system	normal; COVID-19	
PXD055973	/public/conode53/AIRFLOW/temp/PXD055973/diann/20221018_EXPL11_Evo8_CovidRerun_Cohort1_Plate2_HD-2190	Bone marrow	0.1497	blood	False	False	0.7688	2	Near-Agreement (Subpart / Secretome)	hematopoietic system	normal; COVID-19	
PXD055973	/public/conode53/AIRFLOW/temp/PXD055973/diann/20221018_EXPL11_Evo8_CovidRerun_Cohort1_Plate2_HD-2191	Bone marrow	0.144	blood	False	False	0.7688	2	Near-Agreement (Subpart / Secretome)	hematopoietic system	normal; COVID-19	
PXD055973	/public/conode53/AIRFLOW/temp/PXD055973/diann/20221018_EXPL11_Evo8_CovidRerun_Cohort1_Plate2_HD-2192	Bone marrow	0.1399	blood	False	False	0.7688	2	Near-Agreement (Subpart / Secretome)	hematopoietic system	normal; COVID-19	
PXD055973	/public/conode53/AIRFLOW/temp/PXD055973/diann/20221018_EXPL11_Evo8_CovidRerun_Cohort1_Plate2_HD-2193	Bone marrow	0.1447	blood	False	False	0.7688	2	Near-Agreement (Subpart / Secretome)	hematopoietic system	normal; COVID-19	
PXD055973	/public/conode53/AIRFLOW/temp/PXD055973/diann/20221018_EXPL11_Evo8_CovidRerun_Cohort1_Plate2_HD-2194	Bone marrow	0.1333	blood	False	False	0.7688	2	Near-Agreement (Subpart / Secretome)	hematopoietic system	normal; COVID-19	
PXD055973	/public/conode53/AIRFLOW/temp/PXD055973/diann/20221018_EXPL11_Evo8_CovidRerun_Cohort1_Plate2_HD-2195	Bone marrow	0.1288	blood	False	False	0.7688	2	Near-Agreement (Subpart / Secretome)	hematopoietic system	normal; COVID-19	
PXD055973	/public/conode53/AIRFLOW/temp/PXD055973/diann/20221018_EXPL11_Evo8_CovidRerun_Cohort1_Plate2_HD-2196	Bone marrow	0.151	blood	False	False	0.7688	2	Near-Agreement (Subpart / Secretome)	hematopoietic system	normal; COVID-19	
PXD055973	/public/conode53/AIRFLOW/temp/PXD055973/diann/20221018_EXPL11_Evo8_CovidRerun_Cohort1_Plate2_HD-2634	Bone marrow	0.1351	blood	False	False	0.7688	2	Near-Agreement (Subpart / Secretome)	hematopoietic system	normal; COVID-19	
PXD055973	/public/conode53/AIRFLOW/temp/PXD055973/diann/20221018_EXPL11_Evo8_CovidRerun_Cohort1_Plate2_HD-2635	Bone marrow	0.1323	blood	False	False	0.7688	2	Near-Agreement (Subpart / Secretome)	hematopoietic system	normal; COVID-19	
PXD055973	/public/conode53/AIRFLOW/temp/PXD055973/diann/20221018_EXPL11_Evo8_CovidRerun_Cohort1_Plate2_HD-2636	Bone marrow	0.1397	blood	False	False	0.7688	2	Near-Agreement (Subpart / Secretome)	hematopoietic system	normal; COVID-19	
PXD055973	/public/conode53/AIRFLOW/temp/PXD055973/diann/20221018_EXPL11_Evo8_CovidRerun_Cohort1_Plate3_105	Bone marrow	0.1269	blood	False	False	0.7688	2	Near-Agreement (Subpart / Secretome)	hematopoietic system	normal; COVID-19	
PXD055973	/public/conode53/AIRFLOW/temp/PXD055973/diann/20221018_EXPL11_Evo8_CovidRerun_Cohort1_Plate3_106	Bone marrow	0.1289	blood	False	False	0.7688	2	Near-Agreement (Subpart / Secretome)	hematopoietic system	normal; COVID-19	
PXD055973	/public/conode53/AIRFLOW/temp/PXD055973/diann/20221018_EXPL11_Evo8_CovidRerun_Cohort1_Plate3_107	Bone marrow	0.1439	blood	False	False	0.7688	2	Near-Agreement (Subpart / Secretome)	hematopoietic system	normal; COVID-19	
PXD055973	/public/conode53/AIRFLOW/temp/PXD055973/diann/20221018_EXPL11_Evo8_CovidRerun_Cohort1_Plate3_108	Bone marrow	0.1053	blood	False	False	0.7688	2	Near-Agreement (Subpart / Secretome)	hematopoietic system	normal; COVID-19	
PXD055973	/public/conode53/AIRFLOW/temp/PXD055973/diann/20221018_EXPL11_Evo8_CovidRerun_Cohort1_Plate3_109	Bone marrow	0.1294	blood	False	False	0.7688	2	Near-Agreement (Subpart / Secretome)	hematopoietic system	normal; COVID-19	
PXD055973	/public/conode53/AIRFLOW/temp/PXD055973/diann/20221018_EXPL11_Evo8_CovidRerun_Cohort1_Plate3_110	Bone marrow	0.1227	blood	False	False	0.7688	2	Near-Agreement (Subpart / Secretome)	hematopoietic system	normal; COVID-19	
PXD055973	/public/conode53/AIRFLOW/temp/PXD055973/diann/20221018_EXPL11_Evo8_CovidRerun_Cohort1_Plate3_111	Bone marrow	0.1106	blood	False	False	0.7688	2	Near-Agreement (Subpart / Secretome)	hematopoietic system	normal; COVID-19	
PXD055973	/public/conode53/AIRFLOW/temp/PXD055973/diann/20221018_EXPL11_Evo8_CovidRerun_Cohort1_Plate3_112	Bone marrow	0.1283	blood	False	False	0.7688	2	Near-Agreement (Subpart / Secretome)	hematopoietic system	normal; COVID-19	
PXD055973	/public/conode53/AIRFLOW/temp/PXD055973/diann/20221018_EXPL11_Evo8_CovidRerun_Cohort1_Plate3_113	Bone marrow	0.1392	blood	False	False	0.7688	2	Near-Agreement (Subpart / Secretome)	hematopoietic system	normal; COVID-19	
PXD055973	/public/conode53/AIRFLOW/temp/PXD055973/diann/20221018_EXPL11_Evo8_CovidRerun_Cohort1_Plate3_114	Bone marrow	0.1289	blood	False	False	0.7688	2	Near-Agreement (Subpart / Secretome)	hematopoietic system	normal; COVID-19	
PXD055973	/public/conode53/AIRFLOW/temp/PXD055973/diann/20221018_EXPL11_Evo8_CovidRerun_Cohort1_Plate3_115	Bone marrow	0.1127	blood	False	False	0.7688	2	Near-Agreement (Subpart / Secretome)	hematopoietic system	normal; COVID-19	
PXD055973	/public/conode53/AIRFLOW/temp/PXD055973/diann/20221018_EXPL11_Evo8_CovidRerun_Cohort1_Plate3_116	Bone marrow	0.1324	blood	False	False	0.7688	2	Near-Agreement (Subpart / Secretome)	hematopoietic system	normal; COVID-19	
PXD055973	/public/conode53/AIRFLOW/temp/PXD055973/diann/20221018_EXPL11_Evo8_CovidRerun_Cohort1_Plate3_117	Bone marrow	0.1363	blood	False	False	0.7688	2	Near-Agreement (Subpart / Secretome)	hematopoietic system	normal; COVID-19	
PXD055973	/public/conode53/AIRFLOW/temp/PXD055973/diann/20221018_EXPL11_Evo8_CovidRerun_Cohort1_Plate3_119	Bone marrow	0.1217	blood	False	False	0.7688	2	Near-Agreement (Subpart / Secretome)	hematopoietic system	normal; COVID-19	
PXD055973	/public/conode53/AIRFLOW/temp/PXD055973/diann/20221018_EXPL11_Evo8_CovidRerun_Cohort1_Plate3_120	Bone marrow	0.134	blood	False	False	0.7688	2	Near-Agreement (Subpart / Secretome)	hematopoietic system	normal; COVID-19	
PXD055973	/public/conode53/AIRFLOW/temp/PXD055973/diann/20221018_EXPL11_Evo8_CovidRerun_Cohort1_Plate3_121	Bone marrow	0.1298	blood	False	False	0.7688	2	Near-Agreement (Subpart / Secretome)	hematopoietic system	normal; COVID-19	
PXD055973	/public/conode53/AIRFLOW/temp/PXD055973/diann/20221018_EXPL11_Evo8_CovidRerun_Cohort1_Plate3_122	Bone marrow	0.1317	blood	False	False	0.7688	2	Near-Agreement (Subpart / Secretome)	hematopoietic system	normal; COVID-19	
PXD055973	/public/conode53/AIRFLOW/temp/PXD055973/diann/20221018_EXPL11_Evo8_CovidRerun_Cohort1_Plate3_124	Bone marrow	0.1343	blood	False	False	0.7688	2	Near-Agreement (Subpart / Secretome)	hematopoietic system	normal; COVID-19	
PXD055973	/public/conode53/AIRFLOW/temp/PXD055973/diann/20221018_EXPL11_Evo8_CovidRerun_Cohort1_Plate3_125	Bone marrow	0.1197	blood	False	False	0.7688	2	Near-Agreement (Subpart / Secretome)	hematopoietic system	normal; COVID-19	
PXD055973	/public/conode53/AIRFLOW/temp/PXD055973/diann/20221018_EXPL11_Evo8_CovidRerun_Cohort1_Plate3_126	Bone marrow	0.1331	blood	False	False	0.7688	2	Near-Agreement (Subpart / Secretome)	hematopoietic system	normal; COVID-19	
PXD055973	/public/conode53/AIRFLOW/temp/PXD055973/diann/20221018_EXPL11_Evo8_CovidRerun_Cohort1_Plate3_127	Bone marrow	0.129	blood	False	False	0.7688	2	Near-Agreement (Subpart / Secretome)	hematopoietic system	normal; COVID-19	
PXD055973	/public/conode53/AIRFLOW/temp/PXD055973/diann/20221018_EXPL11_Evo8_CovidRerun_Cohort1_Plate3_128	Bone marrow	0.1243	blood	False	False	0.7688	2	Near-Agreement (Subpart / Secretome)	hematopoietic system	normal; COVID-19	
PXD055973	/public/conode53/AIRFLOW/temp/PXD055973/diann/20221018_EXPL11_Evo8_CovidRerun_Cohort1_Plate3_129	Bone marrow	0.1273	blood	False	False	0.7688	2	Near-Agreement (Subpart / Secretome)	hematopoietic system	normal; COVID-19	
PXD055973	/public/conode53/AIRFLOW/temp/PXD055973/diann/20221018_EXPL11_Evo8_CovidRerun_Cohort1_Plate3_130	Bone marrow	0.1168	blood	False	False	0.7688	2	Near-Agreement (Subpart / Secretome)	hematopoietic system	normal; COVID-19	
PXD055973	/public/conode53/AIRFLOW/temp/PXD055973/diann/20221018_EXPL11_Evo8_CovidRerun_Cohort1_Plate3_131	Bone marrow	0.1323	blood	False	False	0.7688	2	Near-Agreement (Subpart / Secretome)	hematopoietic system	normal; COVID-19	
PXD055973	/public/conode53/AIRFLOW/temp/PXD055973/diann/20221018_EXPL11_Evo8_CovidRerun_Cohort1_Plate3_132	Bone marrow	0.1233	blood	False	False	0.7688	2	Near-Agreement (Subpart / Secretome)	hematopoietic system	normal; COVID-19	
PXD055973	/public/conode53/AIRFLOW/temp/PXD055973/diann/20221018_EXPL11_Evo8_CovidRerun_Cohort1_Plate3_133	Bone marrow	0.1237	blood	False	False	0.7688	2	Near-Agreement (Subpart / Secretome)	hematopoietic system	normal; COVID-19	
PXD055973	/public/conode53/AIRFLOW/temp/PXD055973/diann/20221018_EXPL11_Evo8_CovidRerun_Cohort1_Plate3_134	Bone marrow	0.1268	blood	False	False	0.7688	2	Near-Agreement (Subpart / Secretome)	hematopoietic system	normal; COVID-19	
PXD055973	/public/conode53/AIRFLOW/temp/PXD055973/diann/20221018_EXPL11_Evo8_CovidRerun_Cohort1_Plate3_135	Bone marrow	0.129	blood	False	False	0.7688	2	Near-Agreement (Subpart / Secretome)	hematopoietic system	normal; COVID-19	
PXD055973	/public/conode53/AIRFLOW/temp/PXD055973/diann/20221018_EXPL11_Evo8_CovidRerun_Cohort1_Plate3_136	Bone marrow	0.1219	blood	False	False	0.7688	2	Near-Agreement (Subpart / Secretome)	hematopoietic system	normal; COVID-19	
PXD055973	/public/conode53/AIRFLOW/temp/PXD055973/diann/20221018_EXPL11_Evo8_CovidRerun_Cohort1_Plate3_137	Bone marrow	0.1177	blood	False	False	0.7688	2	Near-Agreement (Subpart / Secretome)	hematopoietic system	normal; COVID-19	
PXD055973	/public/conode53/AIRFLOW/temp/PXD055973/diann/20221018_EXPL11_Evo8_CovidRerun_Cohort1_Plate3_138	Bone marrow	0.128	blood	False	False	0.7688	2	Near-Agreement (Subpart / Secretome)	hematopoietic system	normal; COVID-19	
PXD055973	/public/conode53/AIRFLOW/temp/PXD055973/diann/20221018_EXPL11_Evo8_CovidRerun_Cohort1_Plate3_139	Bone marrow	0.1374	blood	False	False	0.7688	2	Near-Agreement (Subpart / Secretome)	hematopoietic system	normal; COVID-19	
PXD055973	/public/conode53/AIRFLOW/temp/PXD055973/diann/20221018_EXPL11_Evo8_CovidRerun_Cohort1_Plate3_140	Bone marrow	0.1275	blood	False	False	0.7688	2	Near-Agreement (Subpart / Secretome)	hematopoietic system	normal; COVID-19	
PXD055973	/public/conode53/AIRFLOW/temp/PXD055973/diann/20221018_EXPL11_Evo8_CovidRerun_Cohort1_Plate3_141	Bone marrow	0.1334	blood	False	False	0.7688	2	Near-Agreement (Subpart / Secretome)	hematopoietic system	normal; COVID-19	
PXD055973	/public/conode53/AIRFLOW/temp/PXD055973/diann/20221018_EXPL11_Evo8_CovidRerun_Cohort1_Plate3_142	Bone marrow	0.1267	blood	False	False	0.7688	2	Near-Agreement (Subpart / Secretome)	hematopoietic system	normal; COVID-19	
PXD055973	/public/conode53/AIRFLOW/temp/PXD055973/diann/20221018_EXPL11_Evo8_CovidRerun_Cohort1_Plate3_143	Bone marrow	0.1335	blood	False	False	0.7688	2	Near-Agreement (Subpart / Secretome)	hematopoietic system	normal; COVID-19	
PXD055973	/public/conode53/AIRFLOW/temp/PXD055973/diann/20221018_EXPL11_Evo8_CovidRerun_Cohort1_Plate3_144	Bone marrow	0.1339	blood	False	False	0.7688	2	Near-Agreement (Subpart / Secretome)	hematopoietic system	normal; COVID-19	
PXD055973	/public/conode53/AIRFLOW/temp/PXD055973/diann/20221018_EXPL11_Evo8_CovidRerun_Cohort1_Plate3_145	Bone marrow	0.1277	blood	False	False	0.7688	2	Near-Agreement (Subpart / Secretome)	hematopoietic system	normal; COVID-19	
PXD055973	/public/conode53/AIRFLOW/temp/PXD055973/diann/20221018_EXPL11_Evo8_CovidRerun_Cohort1_Plate3_94	Bone marrow	0.1178	blood	False	False	0.7688	2	Near-Agreement (Subpart / Secretome)	hematopoietic system	normal; COVID-19	
PXD055973	/public/conode53/AIRFLOW/temp/PXD055973/diann/20221018_EXPL11_Evo8_CovidRerun_Cohort1_Plate3_95	Bone marrow	0.1212	blood	False	False	0.7688	2	Near-Agreement (Subpart / Secretome)	hematopoietic system	normal; COVID-19	
PXD055973	/public/conode53/AIRFLOW/temp/PXD055973/diann/20221018_EXPL11_Evo8_CovidRerun_Cohort1_Plate3_97	Bone marrow	0.123	blood	False	False	0.7688	2	Near-Agreement (Subpart / Secretome)	hematopoietic system	normal; COVID-19	
PXD055973	/public/conode53/AIRFLOW/temp/PXD055973/diann/20221018_EXPL11_Evo8_CovidRerun_Cohort1_Plate3_98	Bone marrow	0.1302	blood	False	False	0.7688	2	Near-Agreement (Subpart / Secretome)	hematopoietic system	normal; COVID-19	
PXD055973	/public/conode53/AIRFLOW/temp/PXD055973/diann/20221018_EXPL11_Evo8_CovidRerun_Cohort1_Plate3_99	Bone marrow	0.1373	blood	False	False	0.7688	2	Near-Agreement (Subpart / Secretome)	hematopoietic system	normal; COVID-19	
PXD055973	/public/conode53/AIRFLOW/temp/PXD055973/diann/20221018_EXPL11_Evo8_CovidRerun_Cohort1_Plate3_HD-2637	Bone marrow	0.1421	blood	False	False	0.7688	2	Near-Agreement (Subpart / Secretome)	hematopoietic system	normal; COVID-19	
PXD055973	/public/conode53/AIRFLOW/temp/PXD055973/diann/20221018_EXPL11_Evo8_CovidRerun_Cohort1_Plate3_HD-2638	Bone marrow	0.1394	blood	False	False	0.7688	2	Near-Agreement (Subpart / Secretome)	hematopoietic system	normal; COVID-19	
PXD055973	/public/conode53/AIRFLOW/temp/PXD055973/diann/20221018_EXPL11_Evo8_CovidRerun_Cohort1_Plate3_HD-2639	Bone marrow	0.134	blood	False	False	0.7688	2	Near-Agreement (Subpart / Secretome)	hematopoietic system	normal; COVID-19	
PXD055973	/public/conode53/AIRFLOW/temp/PXD055973/diann/20221018_EXPL11_Evo8_CovidRerun_Cohort1_Plate3_HD-2640	Bone marrow	0.1213	blood	False	False	0.7688	2	Near-Agreement (Subpart / Secretome)	hematopoietic system	normal; COVID-19	
PXD055973	/public/conode53/AIRFLOW/temp/PXD055973/diann/20221018_EXPL11_Evo8_CovidRerun_Cohort1_Plate3_HD-2641	Bone marrow	0.1446	blood	False	False	0.7688	2	Near-Agreement (Subpart / Secretome)	hematopoietic system	normal; COVID-19	
PXD055973	/public/conode53/AIRFLOW/temp/PXD055973/diann/20221018_EXPL11_Evo8_CovidRerun_Cohort1_Plate3_HD-2642	Bone marrow	0.1413	blood	False	False	0.7688	2	Near-Agreement (Subpart / Secretome)	hematopoietic system	normal; COVID-19	
PXD055973	/public/conode53/AIRFLOW/temp/PXD055973/diann/20221018_EXPL11_Evo8_CovidRerun_Cohort1_Plate3_HD-2643	Bone marrow	0.1319	blood	False	False	0.7688	2	Near-Agreement (Subpart / Secretome)	hematopoietic system	normal; COVID-19	
PXD055973	/public/conode53/AIRFLOW/temp/PXD055973/diann/20221018_EXPL11_Evo8_CovidRerun_Cohort1_Plate3_HD-3031	Bone marrow	0.1319	blood	False	False	0.7688	2	Near-Agreement (Subpart / Secretome)	hematopoietic system	normal; COVID-19	
PXD055973	/public/conode53/AIRFLOW/temp/PXD055973/diann/20221018_EXPL11_Evo8_CovidRerun_Cohort1_Plate3_HD-3032	Bone marrow	0.1314	blood	False	False	0.7688	2	Near-Agreement (Subpart / Secretome)	hematopoietic system	normal; COVID-19	
PXD055973	/public/conode53/AIRFLOW/temp/PXD055973/diann/20221018_EXPL11_Evo8_CovidRerun_Cohort1_Plate3_HD-3033	Bone marrow	0.1318	blood	False	False	0.7688	2	Near-Agreement (Subpart / Secretome)	hematopoietic system	normal; COVID-19	
PXD055973	/public/conode53/AIRFLOW/temp/PXD055973/diann/20221018_EXPL11_Evo8_CovidRerun_Cohort1_Plate3_HD-3034	Bone marrow	0.133	blood	False	False	0.7688	2	Near-Agreement (Subpart / Secretome)	hematopoietic system	normal; COVID-19	
PXD055973	/public/conode53/AIRFLOW/temp/PXD055973/diann/20221018_EXPL11_Evo8_CovidRerun_Cohort1_Plate3_HD-3035	Bone marrow	0.1379	blood	False	False	0.7688	2	Near-Agreement (Subpart / Secretome)	hematopoietic system	normal; COVID-19	
PXD055973	/public/conode53/AIRFLOW/temp/PXD055973/diann/20221018_EXPL11_Evo8_CovidRerun_Cohort1_Plate3_HD-3036	Bone marrow	0.1345	blood	False	False	0.7688	2	Near-Agreement (Subpart / Secretome)	hematopoietic system	normal; COVID-19	
PXD055973	/public/conode53/AIRFLOW/temp/PXD055973/diann/20221018_EXPL11_Evo8_CovidRerun_Cohort1_Plate3_HD-3037	Bone marrow	0.1328	blood	False	False	0.7688	2	Near-Agreement (Subpart / Secretome)	hematopoietic system	normal; COVID-19	
PXD055973	/public/conode53/AIRFLOW/temp/PXD055973/diann/20221018_EXPL11_Evo8_CovidRerun_Cohort1_Plate3_HD-3038	Bone marrow	0.1424	blood	False	False	0.7688	2	Near-Agreement (Subpart / Secretome)	hematopoietic system	normal; COVID-19	
PXD055973	/public/conode53/AIRFLOW/temp/PXD055973/diann/20221018_EXPL11_Evo8_CovidRerun_Cohort1_Plate4_HD-3039	Bone marrow	0.1391	blood	False	False	0.7688	2	Near-Agreement (Subpart / Secretome)	hematopoietic system	normal; COVID-19	
PXD055973	/public/conode53/AIRFLOW/temp/PXD055973/diann/20221018_EXPL11_Evo8_CovidRerun_Cohort1_Plate4_HD-3040	Bone marrow	0.1207	blood	False	False	0.7688	2	Near-Agreement (Subpart / Secretome)	hematopoietic system	normal; COVID-19	
PXD055973	/public/conode53/AIRFLOW/temp/PXD055973/diann/20221018_EXPL11_Evo8_CovidRerun_Cohort2_Plate1_12	Bone marrow	0.1287	blood	False	False	0.7688	2	Near-Agreement (Subpart / Secretome)	hematopoietic system	normal; COVID-19	
PXD055973	/public/conode53/AIRFLOW/temp/PXD055973/diann/20221018_EXPL11_Evo8_CovidRerun_Cohort2_Plate1_14	Bone marrow	0.1358	blood	False	False	0.7688	2	Near-Agreement (Subpart / Secretome)	hematopoietic system	normal; COVID-19	
PXD055973	/public/conode53/AIRFLOW/temp/PXD055973/diann/20221018_EXPL11_Evo8_CovidRerun_Cohort2_Plate1_15	Bone marrow	0.1398	blood	False	False	0.7688	2	Near-Agreement (Subpart / Secretome)	hematopoietic system	normal; COVID-19	
PXD055973	/public/conode53/AIRFLOW/temp/PXD055973/diann/20221018_EXPL11_Evo8_CovidRerun_Cohort2_Plate1_16	Bone marrow	0.1391	blood	False	False	0.7688	2	Near-Agreement (Subpart / Secretome)	hematopoietic system	normal; COVID-19	
PXD055973	/public/conode53/AIRFLOW/temp/PXD055973/diann/20221018_EXPL11_Evo8_CovidRerun_Cohort2_Plate1_18	Bone marrow	0.1341	blood	False	False	0.7688	2	Near-Agreement (Subpart / Secretome)	hematopoietic system	normal; COVID-19	
PXD055973	/public/conode53/AIRFLOW/temp/PXD055973/diann/20221018_EXPL11_Evo8_CovidRerun_Cohort2_Plate1_21	Bone marrow	0.1341	blood	False	False	0.7688	2	Near-Agreement (Subpart / Secretome)	hematopoietic system	normal; COVID-19	
PXD055973	/public/conode53/AIRFLOW/temp/PXD055973/diann/20221018_EXPL11_Evo8_CovidRerun_Cohort2_Plate1_22	Bone marrow	0.1524	blood	False	False	0.7688	2	Near-Agreement (Subpart / Secretome)	hematopoietic system	normal; COVID-19	
PXD055973	/public/conode53/AIRFLOW/temp/PXD055973/diann/20221018_EXPL11_Evo8_CovidRerun_Cohort2_Plate1_25	Bone marrow	0.1433	blood	False	False	0.7688	2	Near-Agreement (Subpart / Secretome)	hematopoietic system	normal; COVID-19	
PXD055973	/public/conode53/AIRFLOW/temp/PXD055973/diann/20221018_EXPL11_Evo8_CovidRerun_Cohort2_Plate1_26	Bone marrow	0.1308	blood	False	False	0.7688	2	Near-Agreement (Subpart / Secretome)	hematopoietic system	normal; COVID-19	
PXD055973	/public/conode53/AIRFLOW/temp/PXD055973/diann/20221018_EXPL11_Evo8_CovidRerun_Cohort2_Plate1_27	Bone marrow	0.1189	blood	False	False	0.7688	2	Near-Agreement (Subpart / Secretome)	hematopoietic system	normal; COVID-19	
PXD055973	/public/conode53/AIRFLOW/temp/PXD055973/diann/20221018_EXPL11_Evo8_CovidRerun_Cohort2_Plate1_28	Bone marrow	0.1188	blood	False	False	0.7688	2	Near-Agreement (Subpart / Secretome)	hematopoietic system	normal; COVID-19	
PXD055973	/public/conode53/AIRFLOW/temp/PXD055973/diann/20221018_EXPL11_Evo8_CovidRerun_Cohort2_Plate1_39	Bone marrow	0.1332	blood	False	False	0.7688	2	Near-Agreement (Subpart / Secretome)	hematopoietic system	normal; COVID-19	
PXD055973	/public/conode53/AIRFLOW/temp/PXD055973/diann/20221018_EXPL11_Evo8_CovidRerun_Cohort2_Plate1_40	Bone marrow	0.1134	blood	False	False	0.7688	2	Near-Agreement (Subpart / Secretome)	hematopoietic system	normal; COVID-19	
PXD055973	/public/conode53/AIRFLOW/temp/PXD055973/diann/20221018_EXPL11_Evo8_CovidRerun_Cohort2_Plate1_45	Bone marrow	0.1183	blood	False	False	0.7688	2	Near-Agreement (Subpart / Secretome)	hematopoietic system	normal; COVID-19	
PXD055973	/public/conode53/AIRFLOW/temp/PXD055973/diann/20221018_EXPL11_Evo8_CovidRerun_Cohort2_Plate1_53	Bone marrow	0.1447	blood	False	False	0.7688	2	Near-Agreement (Subpart / Secretome)	hematopoietic system	normal; COVID-19	
PXD055973	/public/conode53/AIRFLOW/temp/PXD055973/diann/20221018_EXPL11_Evo8_CovidRerun_Cohort2_Plate1_54	Bone marrow	0.1344	blood	False	False	0.7688	2	Near-Agreement (Subpart / Secretome)	hematopoietic system	normal; COVID-19	
PXD055973	/public/conode53/AIRFLOW/temp/PXD055973/diann/20221018_EXPL11_Evo8_CovidRerun_Cohort2_Plate1_55	Bone marrow	0.1229	blood	False	False	0.7688	2	Near-Agreement (Subpart / Secretome)	hematopoietic system	normal; COVID-19	
PXD055973	/public/conode53/AIRFLOW/temp/PXD055973/diann/20221018_EXPL11_Evo8_CovidRerun_Cohort2_Plate1_6	Bone marrow	0.1296	blood	False	False	0.7688	2	Near-Agreement (Subpart / Secretome)	hematopoietic system	normal; COVID-19	
PXD055973	/public/conode53/AIRFLOW/temp/PXD055973/diann/20221018_EXPL11_Evo8_CovidRerun_Cohort2_Plate1_60	Bone marrow	0.1282	blood	False	False	0.7688	2	Near-Agreement (Subpart / Secretome)	hematopoietic system	normal; COVID-19	
PXD055973	/public/conode53/AIRFLOW/temp/PXD055973/diann/20221018_EXPL11_Evo8_CovidRerun_Cohort2_Plate1_61	Bone marrow	0.1149	blood	False	False	0.7688	2	Near-Agreement (Subpart / Secretome)	hematopoietic system	normal; COVID-19	
PXD055973	/public/conode53/AIRFLOW/temp/PXD055973/diann/20221018_EXPL11_Evo8_CovidRerun_Cohort2_Plate1_67	Bone marrow	0.1249	blood	False	False	0.7688	2	Near-Agreement (Subpart / Secretome)	hematopoietic system	normal; COVID-19	
PXD055973	/public/conode53/AIRFLOW/temp/PXD055973/diann/20221018_EXPL11_Evo8_CovidRerun_Cohort2_Plate1_69	Bone marrow	0.1442	blood	False	False	0.7688	2	Near-Agreement (Subpart / Secretome)	hematopoietic system	normal; COVID-19	
PXD055973	/public/conode53/AIRFLOW/temp/PXD055973/diann/20221018_EXPL11_Evo8_CovidRerun_Cohort2_Plate1_71	Bone marrow	0.146	blood	False	False	0.7688	2	Near-Agreement (Subpart / Secretome)	hematopoietic system	normal; COVID-19	
PXD055973	/public/conode53/AIRFLOW/temp/PXD055973/diann/20221018_EXPL11_Evo8_CovidRerun_Cohort2_Plate1_72	Bone marrow	0.1307	blood	False	False	0.7688	2	Near-Agreement (Subpart / Secretome)	hematopoietic system	normal; COVID-19	
PXD055973	/public/conode53/AIRFLOW/temp/PXD055973/diann/20221018_EXPL11_Evo8_CovidRerun_Cohort2_Plate1_78	Bone marrow	0.1235	blood	False	False	0.7688	2	Near-Agreement (Subpart / Secretome)	hematopoietic system	normal; COVID-19	
PXD055973	/public/conode53/AIRFLOW/temp/PXD055973/diann/20221018_EXPL11_Evo8_CovidRerun_Cohort2_Plate2_102	Bone marrow	0.1325	blood	False	False	0.7688	2	Near-Agreement (Subpart / Secretome)	hematopoietic system	normal; COVID-19	
PXD055973	/public/conode53/AIRFLOW/temp/PXD055973/diann/20221018_EXPL11_Evo8_CovidRerun_Cohort2_Plate2_105	Bone marrow	0.1233	blood	False	False	0.7688	2	Near-Agreement (Subpart / Secretome)	hematopoietic system	normal; COVID-19	
PXD055973	/public/conode53/AIRFLOW/temp/PXD055973/diann/20221018_EXPL11_Evo8_CovidRerun_Cohort2_Plate2_108	Bone marrow	0.1234	blood	False	False	0.7688	2	Near-Agreement (Subpart / Secretome)	hematopoietic system	normal; COVID-19	
PXD055973	/public/conode53/AIRFLOW/temp/PXD055973/diann/20221018_EXPL11_Evo8_CovidRerun_Cohort2_Plate2_110	Bone marrow	0.1254	blood	False	False	0.7688	2	Near-Agreement (Subpart / Secretome)	hematopoietic system	normal; COVID-19	
PXD055973	/public/conode53/AIRFLOW/temp/PXD055973/diann/20221018_EXPL11_Evo8_CovidRerun_Cohort2_Plate2_112	Bone marrow	0.1354	blood	False	False	0.7688	2	Near-Agreement (Subpart / Secretome)	hematopoietic system	normal; COVID-19	
PXD055973	/public/conode53/AIRFLOW/temp/PXD055973/diann/20221018_EXPL11_Evo8_CovidRerun_Cohort2_Plate2_113	Bone marrow	0.1394	blood	False	False	0.7688	2	Near-Agreement (Subpart / Secretome)	hematopoietic system	normal; COVID-19	
PXD055973	/public/conode53/AIRFLOW/temp/PXD055973/diann/20221018_EXPL11_Evo8_CovidRerun_Cohort2_Plate2_114	Bone marrow	0.11	blood	False	False	0.7688	2	Near-Agreement (Subpart / Secretome)	hematopoietic system	normal; COVID-19	
PXD055973	/public/conode53/AIRFLOW/temp/PXD055973/diann/20221018_EXPL11_Evo8_CovidRerun_Cohort2_Plate2_115	Bone marrow	0.1396	blood	False	False	0.7688	2	Near-Agreement (Subpart / Secretome)	hematopoietic system	normal; COVID-19	
PXD055973	/public/conode53/AIRFLOW/temp/PXD055973/diann/20221018_EXPL11_Evo8_CovidRerun_Cohort2_Plate2_119	Bone marrow	0.145	blood	False	False	0.7688	2	Near-Agreement (Subpart / Secretome)	hematopoietic system	normal; COVID-19	
PXD055973	/public/conode53/AIRFLOW/temp/PXD055973/diann/20221018_EXPL11_Evo8_CovidRerun_Cohort2_Plate2_120	Bone marrow	0.1338	blood	False	False	0.7688	2	Near-Agreement (Subpart / Secretome)	hematopoietic system	normal; COVID-19	
PXD055973	/public/conode53/AIRFLOW/temp/PXD055973/diann/20221018_EXPL11_Evo8_CovidRerun_Cohort2_Plate2_121	Bone marrow	0.1396	blood	False	False	0.7688	2	Near-Agreement (Subpart / Secretome)	hematopoietic system	normal; COVID-19	
PXD055973	/public/conode53/AIRFLOW/temp/PXD055973/diann/20221018_EXPL11_Evo8_CovidRerun_Cohort2_Plate2_122	Bone marrow	0.1296	blood	False	False	0.7688	2	Near-Agreement (Subpart / Secretome)	hematopoietic system	normal; COVID-19	
PXD055973	/public/conode53/AIRFLOW/temp/PXD055973/diann/20221018_EXPL11_Evo8_CovidRerun_Cohort2_Plate2_135	Bone marrow	0.1387	blood	False	False	0.7688	2	Near-Agreement (Subpart / Secretome)	hematopoietic system	normal; COVID-19	
PXD055973	/public/conode53/AIRFLOW/temp/PXD055973/diann/20221018_EXPL11_Evo8_CovidRerun_Cohort2_Plate2_136	Bone marrow	0.1295	blood	False	False	0.7688	2	Near-Agreement (Subpart / Secretome)	hematopoietic system	normal; COVID-19	
PXD055973	/public/conode53/AIRFLOW/temp/PXD055973/diann/20221018_EXPL11_Evo8_CovidRerun_Cohort2_Plate2_137	Bone marrow	0.1272	blood	False	False	0.7688	2	Near-Agreement (Subpart / Secretome)	hematopoietic system	normal; COVID-19	
PXD055973	/public/conode53/AIRFLOW/temp/PXD055973/diann/20221018_EXPL11_Evo8_CovidRerun_Cohort2_Plate2_139	Bone marrow	0.1351	blood	False	False	0.7688	2	Near-Agreement (Subpart / Secretome)	hematopoietic system	normal; COVID-19	
PXD055973	/public/conode53/AIRFLOW/temp/PXD055973/diann/20221018_EXPL11_Evo8_CovidRerun_Cohort2_Plate2_140	Bone marrow	0.1456	blood	False	False	0.7688	2	Near-Agreement (Subpart / Secretome)	hematopoietic system	normal; COVID-19	
PXD055973	/public/conode53/AIRFLOW/temp/PXD055973/diann/20221018_EXPL11_Evo8_CovidRerun_Cohort2_Plate2_84	Bone marrow	0.1218	blood	False	False	0.7688	2	Near-Agreement (Subpart / Secretome)	hematopoietic system	normal; COVID-19	
PXD055973	/public/conode53/AIRFLOW/temp/PXD055973/diann/20221018_EXPL11_Evo8_CovidRerun_Cohort2_Plate2_87	Bone marrow	0.1173	blood	False	False	0.7688	2	Near-Agreement (Subpart / Secretome)	hematopoietic system	normal; COVID-19	
PXD055973	/public/conode53/AIRFLOW/temp/PXD055973/diann/20221018_EXPL11_Evo8_CovidRerun_Cohort2_Plate2_88	Bone marrow	0.1279	blood	False	False	0.7688	2	Near-Agreement (Subpart / Secretome)	hematopoietic system	normal; COVID-19	
PXD055973	/public/conode53/AIRFLOW/temp/PXD055973/diann/20221018_EXPL11_Evo8_CovidRerun_Cohort2_Plate2_92	Bone marrow	0.1302	blood	False	False	0.7688	2	Near-Agreement (Subpart / Secretome)	hematopoietic system	normal; COVID-19	
PXD055973	/public/conode53/AIRFLOW/temp/PXD055973/diann/20221018_EXPL11_Evo8_CovidRerun_Cohort2_Plate2_93	Bone marrow	0.1411	blood	False	False	0.7688	2	Near-Agreement (Subpart / Secretome)	hematopoietic system	normal; COVID-19	
PXD055973	/public/conode53/AIRFLOW/temp/PXD055973/diann/20221018_EXPL11_Evo8_CovidRerun_Cohort2_Plate2_94	Bone marrow	0.1317	blood	False	False	0.7688	2	Near-Agreement (Subpart / Secretome)	hematopoietic system	normal; COVID-19	
PXD055973	/public/conode53/AIRFLOW/temp/PXD055973/diann/20221018_EXPL11_Evo8_CovidRerun_Cohort2_Plate2_97	Bone marrow	0.146	blood	False	False	0.7688	2	Near-Agreement (Subpart / Secretome)	hematopoietic system	normal; COVID-19	
PXD055973	/public/conode53/AIRFLOW/temp/PXD055973/diann/20221018_EXPL11_Evo8_CovidRerun_Cohort2_Plate2_99	Bone marrow	0.1501	blood	False	False	0.7688	2	Near-Agreement (Subpart / Secretome)	hematopoietic system	normal; COVID-19	
PXD055973	/public/conode53/AIRFLOW/temp/PXD055973/diann/20221018_EXPL11_Evo8_CovidRerun_Cohort2_Plate3_143	Bone marrow	0.1283	blood	False	False	0.7688	2	Near-Agreement (Subpart / Secretome)	hematopoietic system	normal; COVID-19	
PXD055973	/public/conode53/AIRFLOW/temp/PXD055973/diann/20221018_EXPL11_Evo8_CovidRerun_Cohort2_Plate3_145	Bone marrow	0.1284	blood	False	False	0.7688	2	Near-Agreement (Subpart / Secretome)	hematopoietic system	normal; COVID-19	
PXD055973	/public/conode53/AIRFLOW/temp/PXD055973/diann/20221018_EXPL11_Evo8_CovidRerun_Cohort2_Plate3_146	Bone marrow	0.1343	blood	False	False	0.7688	2	Near-Agreement (Subpart / Secretome)	hematopoietic system	normal; COVID-19	
PXD055973	/public/conode53/AIRFLOW/temp/PXD055973/diann/20221018_EXPL11_Evo8_CovidRerun_Cohort2_Plate3_148	Bone marrow	0.1406	blood	False	False	0.7688	2	Near-Agreement (Subpart / Secretome)	hematopoietic system	normal; COVID-19	
PXD055973	/public/conode53/AIRFLOW/temp/PXD055973/diann/20221018_EXPL11_Evo8_CovidRerun_Cohort2_Plate3_152	Bone marrow	0.1392	blood	False	False	0.7688	2	Near-Agreement (Subpart / Secretome)	hematopoietic system	normal; COVID-19	
PXD055973	/public/conode53/AIRFLOW/temp/PXD055973/diann/20221018_EXPL11_Evo8_CovidRerun_Cohort2_Plate3_153	Bone marrow	0.1125	blood	False	False	0.7688	2	Near-Agreement (Subpart / Secretome)	hematopoietic system	normal; COVID-19	
PXD055973	/public/conode53/AIRFLOW/temp/PXD055973/diann/20221018_EXPL11_Evo8_CovidRerun_Cohort2_Plate3_156	Bone marrow	0.1204	blood	False	False	0.7688	2	Near-Agreement (Subpart / Secretome)	hematopoietic system	normal; COVID-19	
PXD055973	/public/conode53/AIRFLOW/temp/PXD055973/diann/20221018_EXPL11_Evo8_CovidRerun_Cohort2_Plate3_157	Bone marrow	0.1394	blood	False	False	0.7688	2	Near-Agreement (Subpart / Secretome)	hematopoietic system	normal; COVID-19	
PXD055973	/public/conode53/AIRFLOW/temp/PXD055973/diann/20221018_EXPL11_Evo8_CovidRerun_Cohort2_Plate3_158	Bone marrow	0.1402	blood	False	False	0.7688	2	Near-Agreement (Subpart / Secretome)	hematopoietic system	normal; COVID-19	
PXD055973	/public/conode53/AIRFLOW/temp/PXD055973/diann/20221018_EXPL11_Evo8_CovidRerun_Cohort2_Plate3_160	Bone marrow	0.1297	blood	False	False	0.7688	2	Near-Agreement (Subpart / Secretome)	hematopoietic system	normal; COVID-19	
PXD055973	/public/conode53/AIRFLOW/temp/PXD055973/diann/20221018_EXPL11_Evo8_CovidRerun_Cohort2_Plate3_162	Bone marrow	0.1317	blood	False	False	0.7688	2	Near-Agreement (Subpart / Secretome)	hematopoietic system	normal; COVID-19	
PXD055973	/public/conode53/AIRFLOW/temp/PXD055973/diann/20221018_EXPL11_Evo8_CovidRerun_Cohort2_Plate3_165	Bone marrow	0.1211	blood	False	False	0.7688	2	Near-Agreement (Subpart / Secretome)	hematopoietic system	normal; COVID-19	
PXD055973	/public/conode53/AIRFLOW/temp/PXD055973/diann/20221018_EXPL11_Evo8_CovidRerun_Cohort2_Plate3_167	Bone marrow	0.137	blood	False	False	0.7688	2	Near-Agreement (Subpart / Secretome)	hematopoietic system	normal; COVID-19	
PXD055973	/public/conode53/AIRFLOW/temp/PXD055973/diann/20221018_EXPL11_Evo8_CovidRerun_Cohort2_Plate3_173	Bone marrow	0.1262	blood	False	False	0.7688	2	Near-Agreement (Subpart / Secretome)	hematopoietic system	normal; COVID-19	
PXD055973	/public/conode53/AIRFLOW/temp/PXD055973/diann/20221018_EXPL11_Evo8_CovidRerun_Cohort2_Plate3_174	Bone marrow	0.1344	blood	False	False	0.7688	2	Near-Agreement (Subpart / Secretome)	hematopoietic system	normal; COVID-19	
PXD055973	/public/conode53/AIRFLOW/temp/PXD055973/diann/20221018_EXPL11_Evo8_CovidRerun_Cohort2_Plate3_179	Bone marrow	0.1233	blood	False	False	0.7688	2	Near-Agreement (Subpart / Secretome)	hematopoietic system	normal; COVID-19	
PXD055973	/public/conode53/AIRFLOW/temp/PXD055973/diann/20221018_EXPL11_Evo8_CovidRerun_Cohort2_Plate3_184	Bone marrow	0.1256	blood	False	False	0.7688	2	Near-Agreement (Subpart / Secretome)	hematopoietic system	normal; COVID-19	
PXD055973	/public/conode53/AIRFLOW/temp/PXD055973/diann/20221018_EXPL11_Evo8_CovidRerun_Cohort2_Plate3_185	Bone marrow	0.1241	blood	False	False	0.7688	2	Near-Agreement (Subpart / Secretome)	hematopoietic system	normal; COVID-19	
PXD055973	/public/conode53/AIRFLOW/temp/PXD055973/diann/20221018_EXPL11_Evo8_CovidRerun_Cohort2_Plate3_187	Bone marrow	0.1294	blood	False	False	0.7688	2	Near-Agreement (Subpart / Secretome)	hematopoietic system	normal; COVID-19	
PXD055973	/public/conode53/AIRFLOW/temp/PXD055973/diann/20221018_EXPL11_Evo8_CovidRerun_Cohort2_Plate3_188	Bone marrow	0.1296	blood	False	False	0.7688	2	Near-Agreement (Subpart / Secretome)	hematopoietic system	normal; COVID-19	
PXD055973	/public/conode53/AIRFLOW/temp/PXD055973/diann/20221018_EXPL11_Evo8_CovidRerun_Cohort2_Plate3_189	Bone marrow	0.1321	blood	False	False	0.7688	2	Near-Agreement (Subpart / Secretome)	hematopoietic system	normal; COVID-19	
PXD055973	/public/conode53/AIRFLOW/temp/PXD055973/diann/20221018_EXPL11_Evo8_CovidRerun_Cohort2_Plate3_211	Bone marrow	0.1302	blood	False	False	0.7688	2	Near-Agreement (Subpart / Secretome)	hematopoietic system	normal; COVID-19	
PXD055973	/public/conode53/AIRFLOW/temp/PXD055973/diann/20221018_EXPL11_Evo8_CovidRerun_Cohort2_Plate3_213	Bone marrow	0.1444	blood	False	False	0.7688	2	Near-Agreement (Subpart / Secretome)	hematopoietic system	normal; COVID-19	
PXD055973	/public/conode53/AIRFLOW/temp/PXD055973/diann/20221018_EXPL11_Evo8_CovidRerun_Cohort2_Plate3_214	Bone marrow	0.129	blood	False	False	0.7688	2	Near-Agreement (Subpart / Secretome)	hematopoietic system	normal; COVID-19	
PXD055973	/public/conode53/AIRFLOW/temp/PXD055973/diann/20221018_EXPL11_Evo8_CovidRerun_Cohort2_Plate3_215	Bone marrow	0.1113	blood	False	False	0.7688	2	Near-Agreement (Subpart / Secretome)	hematopoietic system	normal; COVID-19	
PXD055973	/public/conode53/AIRFLOW/temp/PXD055973/diann/20221018_EXPL11_Evo8_CovidRerun_Cohort2_Plate3_216	Bone marrow	0.1146	blood	False	False	0.7688	2	Near-Agreement (Subpart / Secretome)	hematopoietic system	normal; COVID-19	
PXD055973	/public/conode53/AIRFLOW/temp/PXD055973/diann/20221018_EXPL11_Evo8_CovidRerun_Cohort2_Plate3_217	Bone marrow	0.1312	blood	False	False	0.7688	2	Near-Agreement (Subpart / Secretome)	hematopoietic system	normal; COVID-19	
PXD055973	/public/conode53/AIRFLOW/temp/PXD055973/diann/20221018_EXPL11_Evo8_CovidRerun_Cohort2_Plate3_218	Bone marrow	0.1276	blood	False	False	0.7688	2	Near-Agreement (Subpart / Secretome)	hematopoietic system	normal; COVID-19	
PXD055973	/public/conode53/AIRFLOW/temp/PXD055973/diann/20221018_EXPL11_Evo8_CovidRerun_Cohort2_Plate4_219	Bone marrow	0.1293	blood	False	False	0.7688	2	Near-Agreement (Subpart / Secretome)	hematopoietic system	normal; COVID-19	
PXD055973	/public/conode53/AIRFLOW/temp/PXD055973/diann/20221018_EXPL11_Evo8_CovidRerun_Cohort2_Plate4_231	Bone marrow	0.1347	blood	False	False	0.7688	2	Near-Agreement (Subpart / Secretome)	hematopoietic system	normal; COVID-19	
PXD055973	/public/conode53/AIRFLOW/temp/PXD055973/diann/20221018_EXPL11_Evo8_CovidRerun_Cohort_Plate1_Empty	Bone marrow	0.1306	blood	False	False	0.7688	2	Near-Agreement (Subpart / Secretome)	hematopoietic system	normal; COVID-19	
PXD055973	/public/conode53/AIRFLOW/temp/PXD055973/diann/20221018_EXPL11_Evo8_CovidRerun_Cohort_Plate1_Empty_20221019020025	Bone marrow	0.1582	blood	False	False	0.7688	2	Near-Agreement (Subpart / Secretome)	hematopoietic system	normal; COVID-19	
PXD055973	/public/conode53/AIRFLOW/temp/PXD055973/diann/20221018_EXPL11_Evo8_CovidRerun_Cohort_Plate1_Empty_20221019064512	Bone marrow	0.1489	blood	False	False	0.7688	2	Near-Agreement (Subpart / Secretome)	hematopoietic system	normal; COVID-19	
PXD055973	/public/conode53/AIRFLOW/temp/PXD055973/diann/20221018_EXPL11_Evo8_CovidRerun_Cohort_Plate1_Empty_20221019113001	Bone marrow	0.1573	blood	False	False	0.7688	2	Near-Agreement (Subpart / Secretome)	hematopoietic system	normal; COVID-19	
PXD055973	/public/conode53/AIRFLOW/temp/PXD055973/diann/20221018_EXPL11_Evo8_CovidRerun_Cohort_Plate1_Empty_20221019161448	Bone marrow	0.144	blood	False	False	0.7688	2	Near-Agreement (Subpart / Secretome)	hematopoietic system	normal; COVID-19	
PXD055973	/public/conode53/AIRFLOW/temp/PXD055973/diann/20221018_EXPL11_Evo8_CovidRerun_Cohort_Plate1_Empty_20221019205928	Bone marrow	0.1062	blood	False	False	0.7688	2	Near-Agreement (Subpart / Secretome)	hematopoietic system	normal; COVID-19	
PXD055973	/public/conode53/AIRFLOW/temp/PXD055973/diann/20221018_EXPL11_Evo8_CovidRerun_Cohort_Plate1_Empty_20221020014417	Bone marrow	0.1637	blood	False	False	0.7688	2	Near-Agreement (Subpart / Secretome)	hematopoietic system	normal; COVID-19	
PXD055973	/public/conode53/AIRFLOW/temp/PXD055973/diann/20221018_EXPL11_Evo8_CovidRerun_Cohort_Plate1_Empty_20221020062905	Bone marrow	0.149	blood	False	False	0.7688	2	Near-Agreement (Subpart / Secretome)	hematopoietic system	normal; COVID-19	
PXD055973	/public/conode53/AIRFLOW/temp/PXD055973/diann/20221018_EXPL11_Evo8_CovidRerun_Cohort_Plate1_SerumPool	Bone marrow	0.1388	blood	False	False	0.7688	2	Near-Agreement (Subpart / Secretome)	hematopoietic system	normal; COVID-19	
PXD055973	/public/conode53/AIRFLOW/temp/PXD055973/diann/20221018_EXPL11_Evo8_CovidRerun_Cohort_Plate2_Empty	Bone marrow	0.1438	blood	False	False	0.7688	2	Near-Agreement (Subpart / Secretome)	hematopoietic system	normal; COVID-19	
PXD055973	/public/conode53/AIRFLOW/temp/PXD055973/diann/20221018_EXPL11_Evo8_CovidRerun_Cohort_Plate2_Empty_20221020155842	Bone marrow	0.1387	blood	False	False	0.7688	2	Near-Agreement (Subpart / Secretome)	hematopoietic system	normal; COVID-19	
PXD055973	/public/conode53/AIRFLOW/temp/PXD055973/diann/20221018_EXPL11_Evo8_CovidRerun_Cohort_Plate2_Empty_20221020204333	Bone marrow	0.129	blood	False	False	0.7688	2	Near-Agreement (Subpart / Secretome)	hematopoietic system	normal; COVID-19	
PXD055973	/public/conode53/AIRFLOW/temp/PXD055973/diann/20221018_EXPL11_Evo8_CovidRerun_Cohort_Plate2_Empty_20221021012824	Bone marrow	0.158	blood	False	False	0.7688	2	Near-Agreement (Subpart / Secretome)	hematopoietic system	normal; COVID-19	
PXD055973	/public/conode53/AIRFLOW/temp/PXD055973/diann/20221018_EXPL11_Evo8_CovidRerun_Cohort_Plate2_Empty_20221021061309	Bone marrow	0.1686	blood	False	False	0.7688	2	Near-Agreement (Subpart / Secretome)	hematopoietic system	normal; COVID-19	
PXD055973	/public/conode53/AIRFLOW/temp/PXD055973/diann/20221018_EXPL11_Evo8_CovidRerun_Cohort_Plate2_Empty_20221021105755	Bone marrow	0.1802	blood	False	False	0.7688	2	Near-Agreement (Subpart / Secretome)	hematopoietic system	normal; COVID-19	
PXD055973	/public/conode53/AIRFLOW/temp/PXD055973/diann/20221018_EXPL11_Evo8_CovidRerun_Cohort_Plate2_Empty_20221021154244	Bone marrow	0.163	blood	False	False	0.7688	2	Near-Agreement (Subpart / Secretome)	hematopoietic system	normal; COVID-19	
PXD055973	/public/conode53/AIRFLOW/temp/PXD055973/diann/20221018_EXPL11_Evo8_CovidRerun_Cohort_Plate2_Empty_20221021202734	Bone marrow	0.1388	blood	False	False	0.7688	2	Near-Agreement (Subpart / Secretome)	hematopoietic system	normal; COVID-19	
PXD055973	/public/conode53/AIRFLOW/temp/PXD055973/diann/20221018_EXPL11_Evo8_CovidRerun_Cohort_Plate2_SerumPool	Bone marrow	0.1124	blood	False	False	0.7688	2	Near-Agreement (Subpart / Secretome)	hematopoietic system	normal; COVID-19	
PXD055973	/public/conode53/AIRFLOW/temp/PXD055973/diann/20221018_EXPL11_Evo8_CovidRerun_Cohort_Plate3_Empty	Bone marrow	0.149	blood	False	False	0.7688	2	Near-Agreement (Subpart / Secretome)	hematopoietic system	normal; COVID-19	
PXD055973	/public/conode53/AIRFLOW/temp/PXD055973/diann/20221018_EXPL11_Evo8_CovidRerun_Cohort_Plate3_Empty_20221022055714	Bone marrow	0.1395	blood	False	False	0.7688	2	Near-Agreement (Subpart / Secretome)	hematopoietic system	normal; COVID-19	
PXD055973	/public/conode53/AIRFLOW/temp/PXD055973/diann/20221018_EXPL11_Evo8_CovidRerun_Cohort_Plate3_Empty_20221022104200	Bone marrow	0.1514	blood	False	False	0.7688	2	Near-Agreement (Subpart / Secretome)	hematopoietic system	normal; COVID-19	
PXD055973	/public/conode53/AIRFLOW/temp/PXD055973/diann/20221018_EXPL11_Evo8_CovidRerun_Cohort_Plate3_Empty_20221022201144	Bone marrow	0.1407	blood	False	False	0.7688	2	Near-Agreement (Subpart / Secretome)	hematopoietic system	normal; COVID-19	
PXD055973	/public/conode53/AIRFLOW/temp/PXD055973/diann/20221018_EXPL11_Evo8_CovidRerun_Cohort_Plate3_Empty_20221023005632	Bone marrow	0.1392	blood	False	False	0.7688	2	Near-Agreement (Subpart / Secretome)	hematopoietic system	normal; COVID-19	
PXD055973	/public/conode53/AIRFLOW/temp/PXD055973/diann/20221018_EXPL11_Evo8_CovidRerun_Cohort_Plate3_Empty_20221023054121	Bone marrow	0.1291	blood	False	False	0.7688	2	Near-Agreement (Subpart / Secretome)	hematopoietic system	normal; COVID-19	
PXD055973	/public/conode53/AIRFLOW/temp/PXD055973/diann/20221018_EXPL11_Evo8_CovidRerun_Cohort_Plate3_Empty_20221023102613	Bone marrow	0.1233	blood	False	False	0.7688	2	Near-Agreement (Subpart / Secretome)	hematopoietic system	normal; COVID-19	
PXD055973	/public/conode53/AIRFLOW/temp/PXD055973/diann/20221018_EXPL11_Evo8_CovidRerun_Cohort_Plate3_SerumPool	Bone marrow	0.1326	blood	False	False	0.7688	2	Near-Agreement (Subpart / Secretome)	hematopoietic system	normal; COVID-19	
PXD055973	/public/conode53/AIRFLOW/temp/PXD055973/diann/20221018_EXPL11_Evo8_CovidRerun_Cohort_Plate4_Empty	Bone marrow	0.1533	blood	False	False	0.7688	2	Near-Agreement (Subpart / Secretome)	hematopoietic system	normal; COVID-19	
PXD055973	/public/conode53/AIRFLOW/temp/PXD055973/diann/20221018_EXPL11_Evo8_CovidRerun_Cohort_Plate4_Empty_20221023120109	Bone marrow	0.1511	blood	False	False	0.7688	2	Near-Agreement (Subpart / Secretome)	hematopoietic system	normal; COVID-19	
PXD055973	/public/conode53/AIRFLOW/temp/PXD055973/diann/20221018_EXPL11_Evo8_CovidRerun_Cohort_Plate4_Empty_20221023124838	Bone marrow	0.1584	blood	False	False	0.7688	2	Near-Agreement (Subpart / Secretome)	hematopoietic system	normal; COVID-19	
PXD055973	/public/conode53/AIRFLOW/temp/PXD055973/diann/20221018_EXPL11_Evo8_CovidRerun_Cohort_Plate4_Empty_20221023133608	Bone marrow	0.1494	blood	False	False	0.7688	2	Near-Agreement (Subpart / Secretome)	hematopoietic system	normal; COVID-19	
PXD055973	/public/conode53/AIRFLOW/temp/PXD055973/diann/20221018_EXPL11_Evo8_CovidRerun_Cohort_Plate4_Empty_20221023142337	Bone marrow	0.1331	blood	False	False	0.7688	2	Near-Agreement (Subpart / Secretome)	hematopoietic system	normal; COVID-19	
PXD055973	/public/conode53/AIRFLOW/temp/PXD055973/diann/20221018_EXPL11_Evo8_CovidRerun_Cohort_Plate4_Empty_20221023153450	Bone marrow	0.141	blood	False	False	0.7688	2	Near-Agreement (Subpart / Secretome)	hematopoietic system	normal; COVID-19	
PXD055973	/public/conode53/AIRFLOW/temp/PXD055973/diann/20221018_EXPL11_Evo8_CovidRerun_Cohort_Plate4_SerumPool	Bone marrow	0.1282	blood	False	False	0.7688	2	Near-Agreement (Subpart / Secretome)	hematopoietic system	normal; COVID-19	
PXD055973	N.Proteotypic.Sequences	Adipose tissue	0.2283	blood	False	False	0.2756	5	True Conflict	mesenchymal stem cell	normal; COVID-19	
PXD055973	N.Sequences	Adipose tissue	0.21	blood	False	False	0.2756	5	True Conflict	mesenchymal stem cell	normal; COVID-19	
PXD056736	/public/conode53/AIRFLOW/temp/PXD056736/diann/PCLS_Sample_10	Liver	0.796	liver; blood	True	True	1.0	0	Exact Match	liver	normal	donor livers; whole organ perfusion
PXD056736	/public/conode53/AIRFLOW/temp/PXD056736/diann/PCLS_Sample_100	Liver	0.7892	liver; blood	True	True	1.0	0	Exact Match	liver	normal	donor livers; whole organ perfusion
PXD056736	/public/conode53/AIRFLOW/temp/PXD056736/diann/PCLS_Sample_101	Liver	0.7585	liver; blood	True	True	1.0	0	Exact Match	liver	normal	donor livers; whole organ perfusion
PXD056736	/public/conode53/AIRFLOW/temp/PXD056736/diann/PCLS_Sample_102	Liver	0.8253	liver; blood	True	True	1.0	0	Exact Match	liver	normal	donor livers; whole organ perfusion
PXD056736	/public/conode53/AIRFLOW/temp/PXD056736/diann/PCLS_Sample_103	Liver	0.6754	liver; blood	True	True	1.0	0	Exact Match	liver	normal	donor livers; whole organ perfusion
PXD056736	/public/conode53/AIRFLOW/temp/PXD056736/diann/PCLS_Sample_104	Liver	0.7656	liver; blood	True	True	1.0	0	Exact Match	liver	normal	donor livers; whole organ perfusion
PXD056736	/public/conode53/AIRFLOW/temp/PXD056736/diann/PCLS_Sample_105	Liver	0.7602	liver; blood	True	True	1.0	0	Exact Match	liver	normal	donor livers; whole organ perfusion
PXD056736	/public/conode53/AIRFLOW/temp/PXD056736/diann/PCLS_Sample_106	Liver	0.7281	liver; blood	True	True	1.0	0	Exact Match	liver	normal	donor livers; whole organ perfusion
PXD056736	/public/conode53/AIRFLOW/temp/PXD056736/diann/PCLS_Sample_107	Liver	0.8561	liver; blood	True	True	1.0	0	Exact Match	liver	normal	donor livers; whole organ perfusion
PXD056736	/public/conode53/AIRFLOW/temp/PXD056736/diann/PCLS_Sample_108	Liver	0.809	liver; blood	True	True	1.0	0	Exact Match	liver	normal	donor livers; whole organ perfusion
PXD056736	/public/conode53/AIRFLOW/temp/PXD056736/diann/PCLS_Sample_109	Liver	0.8096	liver; blood	True	True	1.0	0	Exact Match	liver	normal	donor livers; whole organ perfusion
PXD056736	/public/conode53/AIRFLOW/temp/PXD056736/diann/PCLS_Sample_11	Liver	0.8093	liver; blood	True	True	1.0	0	Exact Match	liver	normal	donor livers; whole organ perfusion
PXD056736	/public/conode53/AIRFLOW/temp/PXD056736/diann/PCLS_Sample_110	Liver	0.8029	liver; blood	True	True	1.0	0	Exact Match	liver	normal	donor livers; whole organ perfusion
PXD056736	/public/conode53/AIRFLOW/temp/PXD056736/diann/PCLS_Sample_111	Liver	0.8361	liver; blood	True	True	1.0	0	Exact Match	liver	normal	donor livers; whole organ perfusion
PXD056736	/public/conode53/AIRFLOW/temp/PXD056736/diann/PCLS_Sample_112	Liver	0.8148	liver; blood	True	True	1.0	0	Exact Match	liver	normal	donor livers; whole organ perfusion
PXD056736	/public/conode53/AIRFLOW/temp/PXD056736/diann/PCLS_Sample_113	Liver	0.8152	liver; blood	True	True	1.0	0	Exact Match	liver	normal	donor livers; whole organ perfusion
PXD056736	/public/conode53/AIRFLOW/temp/PXD056736/diann/PCLS_Sample_114	Liver	0.8266	liver; blood	True	True	1.0	0	Exact Match	liver	normal	donor livers; whole organ perfusion
PXD056736	/public/conode53/AIRFLOW/temp/PXD056736/diann/PCLS_Sample_115	Liver	0.8384	liver; blood	True	True	1.0	0	Exact Match	liver	normal	donor livers; whole organ perfusion
PXD056736	/public/conode53/AIRFLOW/temp/PXD056736/diann/PCLS_Sample_116	Liver	0.7949	liver; blood	True	True	1.0	0	Exact Match	liver	normal	donor livers; whole organ perfusion
PXD056736	/public/conode53/AIRFLOW/temp/PXD056736/diann/PCLS_Sample_117	Liver	0.7943	liver; blood	True	True	1.0	0	Exact Match	liver	normal	donor livers; whole organ perfusion
PXD056736	/public/conode53/AIRFLOW/temp/PXD056736/diann/PCLS_Sample_118	Liver	0.8288	liver; blood	True	True	1.0	0	Exact Match	liver	normal	donor livers; whole organ perfusion
PXD056736	/public/conode53/AIRFLOW/temp/PXD056736/diann/PCLS_Sample_119	Liver	0.7709	liver; blood	True	True	1.0	0	Exact Match	liver	normal	donor livers; whole organ perfusion
PXD056736	/public/conode53/AIRFLOW/temp/PXD056736/diann/PCLS_Sample_12	Liver	0.8145	liver; blood	True	True	1.0	0	Exact Match	liver	normal	donor livers; whole organ perfusion
PXD056736	/public/conode53/AIRFLOW/temp/PXD056736/diann/PCLS_Sample_120	Liver	0.753	liver; blood	True	True	1.0	0	Exact Match	liver	normal	donor livers; whole organ perfusion
PXD056736	/public/conode53/AIRFLOW/temp/PXD056736/diann/PCLS_Sample_121	Liver	0.8358	liver; blood	True	True	1.0	0	Exact Match	liver	normal	donor livers; whole organ perfusion
PXD056736	/public/conode53/AIRFLOW/temp/PXD056736/diann/PCLS_Sample_122	Liver	0.8038	liver; blood	True	True	1.0	0	Exact Match	liver	normal	donor livers; whole organ perfusion
PXD056736	/public/conode53/AIRFLOW/temp/PXD056736/diann/PCLS_Sample_123	Liver	0.8231	liver; blood	True	True	1.0	0	Exact Match	liver	normal	donor livers; whole organ perfusion
PXD056736	/public/conode53/AIRFLOW/temp/PXD056736/diann/PCLS_Sample_124	Liver	0.7304	liver; blood	True	True	1.0	0	Exact Match	liver	normal	donor livers; whole organ perfusion
PXD056736	/public/conode53/AIRFLOW/temp/PXD056736/diann/PCLS_Sample_125	Liver	0.8092	liver; blood	True	True	1.0	0	Exact Match	liver	normal	donor livers; whole organ perfusion
PXD056736	/public/conode53/AIRFLOW/temp/PXD056736/diann/PCLS_Sample_126	Liver	0.7595	liver; blood	True	True	1.0	0	Exact Match	liver	normal	donor livers; whole organ perfusion
PXD056736	/public/conode53/AIRFLOW/temp/PXD056736/diann/PCLS_Sample_127	Liver	0.6412	liver; blood	True	True	1.0	0	Exact Match	liver	normal	donor livers; whole organ perfusion
PXD056736	/public/conode53/AIRFLOW/temp/PXD056736/diann/PCLS_Sample_128	Liver	0.8119	liver; blood	True	True	1.0	0	Exact Match	liver	normal	donor livers; whole organ perfusion
PXD056736	/public/conode53/AIRFLOW/temp/PXD056736/diann/PCLS_Sample_129	Liver	0.7337	liver; blood	True	True	1.0	0	Exact Match	liver	normal	donor livers; whole organ perfusion
PXD056736	/public/conode53/AIRFLOW/temp/PXD056736/diann/PCLS_Sample_13	Liver	0.7688	liver; blood	True	True	1.0	0	Exact Match	liver	normal	donor livers; whole organ perfusion
PXD056736	/public/conode53/AIRFLOW/temp/PXD056736/diann/PCLS_Sample_130	Liver	0.8576	liver; blood	True	True	1.0	0	Exact Match	liver	normal	donor livers; whole organ perfusion
PXD056736	/public/conode53/AIRFLOW/temp/PXD056736/diann/PCLS_Sample_131	Liver	0.7285	liver; blood	True	True	1.0	0	Exact Match	liver	normal	donor livers; whole organ perfusion
PXD056736	/public/conode53/AIRFLOW/temp/PXD056736/diann/PCLS_Sample_132	Liver	0.8483	liver; blood	True	True	1.0	0	Exact Match	liver	normal	donor livers; whole organ perfusion
PXD056736	/public/conode53/AIRFLOW/temp/PXD056736/diann/PCLS_Sample_133	Liver	0.7654	liver; blood	True	True	1.0	0	Exact Match	liver	normal	donor livers; whole organ perfusion
PXD056736	/public/conode53/AIRFLOW/temp/PXD056736/diann/PCLS_Sample_134	Liver	0.5402	liver; blood	True	True	1.0	0	Exact Match	liver	normal	donor livers; whole organ perfusion
PXD056736	/public/conode53/AIRFLOW/temp/PXD056736/diann/PCLS_Sample_135	Liver	0.8086	liver; blood	True	True	1.0	0	Exact Match	liver	normal	donor livers; whole organ perfusion
PXD056736	/public/conode53/AIRFLOW/temp/PXD056736/diann/PCLS_Sample_136	Liver	0.7923	liver; blood	True	True	1.0	0	Exact Match	liver	normal	donor livers; whole organ perfusion
PXD056736	/public/conode53/AIRFLOW/temp/PXD056736/diann/PCLS_Sample_137	Liver	0.7453	liver; blood	True	True	1.0	0	Exact Match	liver	normal	donor livers; whole organ perfusion
PXD056736	/public/conode53/AIRFLOW/temp/PXD056736/diann/PCLS_Sample_138	Liver	0.6504	liver; blood	True	True	1.0	0	Exact Match	liver	normal	donor livers; whole organ perfusion
PXD056736	/public/conode53/AIRFLOW/temp/PXD056736/diann/PCLS_Sample_139	Liver	0.7863	liver; blood	True	True	1.0	0	Exact Match	liver	normal	donor livers; whole organ perfusion
PXD056736	/public/conode53/AIRFLOW/temp/PXD056736/diann/PCLS_Sample_14	Liver	0.8008	liver; blood	True	True	1.0	0	Exact Match	liver	normal	donor livers; whole organ perfusion
PXD056736	/public/conode53/AIRFLOW/temp/PXD056736/diann/PCLS_Sample_140	Liver	0.6186	liver; blood	True	True	1.0	0	Exact Match	liver	normal	donor livers; whole organ perfusion
PXD056736	/public/conode53/AIRFLOW/temp/PXD056736/diann/PCLS_Sample_141	Liver	0.6092	liver; blood	True	True	1.0	0	Exact Match	liver	normal	donor livers; whole organ perfusion
PXD056736	/public/conode53/AIRFLOW/temp/PXD056736/diann/PCLS_Sample_15	Liver	0.7079	liver; blood	True	True	1.0	0	Exact Match	liver	normal	donor livers; whole organ perfusion
PXD056736	/public/conode53/AIRFLOW/temp/PXD056736/diann/PCLS_Sample_27	Liver	0.7579	liver; blood	True	True	1.0	0	Exact Match	liver	normal	donor livers; whole organ perfusion
PXD056736	/public/conode53/AIRFLOW/temp/PXD056736/diann/PCLS_Sample_28	Liver	0.7588	liver; blood	True	True	1.0	0	Exact Match	liver	normal	donor livers; whole organ perfusion
PXD056736	/public/conode53/AIRFLOW/temp/PXD056736/diann/PCLS_Sample_29	Liver	0.7753	liver; blood	True	True	1.0	0	Exact Match	liver	normal	donor livers; whole organ perfusion
PXD056736	/public/conode53/AIRFLOW/temp/PXD056736/diann/PCLS_Sample_30	Liver	0.7963	liver; blood	True	True	1.0	0	Exact Match	liver	normal	donor livers; whole organ perfusion
PXD056736	/public/conode53/AIRFLOW/temp/PXD056736/diann/PCLS_Sample_31	Liver	0.7725	liver; blood	True	True	1.0	0	Exact Match	liver	normal	donor livers; whole organ perfusion
PXD056736	/public/conode53/AIRFLOW/temp/PXD056736/diann/PCLS_Sample_32	Liver	0.8066	liver; blood	True	True	1.0	0	Exact Match	liver	normal	donor livers; whole organ perfusion
PXD056736	/public/conode53/AIRFLOW/temp/PXD056736/diann/PCLS_Sample_33	Liver	0.8024	liver; blood	True	True	1.0	0	Exact Match	liver	normal	donor livers; whole organ perfusion
PXD056736	/public/conode53/AIRFLOW/temp/PXD056736/diann/PCLS_Sample_34	Liver	0.8383	liver; blood	True	True	1.0	0	Exact Match	liver	normal	donor livers; whole organ perfusion
PXD056736	/public/conode53/AIRFLOW/temp/PXD056736/diann/PCLS_Sample_35	Liver	0.8065	liver; blood	True	True	1.0	0	Exact Match	liver	normal	donor livers; whole organ perfusion
PXD056736	/public/conode53/AIRFLOW/temp/PXD056736/diann/PCLS_Sample_36	Liver	0.7306	liver; blood	True	True	1.0	0	Exact Match	liver	normal	donor livers; whole organ perfusion
PXD056736	/public/conode53/AIRFLOW/temp/PXD056736/diann/PCLS_Sample_37	Liver	0.8327	liver; blood	True	True	1.0	0	Exact Match	liver	normal	donor livers; whole organ perfusion
PXD056736	/public/conode53/AIRFLOW/temp/PXD056736/diann/PCLS_Sample_38	Liver	0.7977	liver; blood	True	True	1.0	0	Exact Match	liver	normal	donor livers; whole organ perfusion
PXD056736	/public/conode53/AIRFLOW/temp/PXD056736/diann/PCLS_Sample_39	Liver	0.825	liver; blood	True	True	1.0	0	Exact Match	liver	normal	donor livers; whole organ perfusion
PXD056736	/public/conode53/AIRFLOW/temp/PXD056736/diann/PCLS_Sample_40	Liver	0.7961	liver; blood	True	True	1.0	0	Exact Match	liver	normal	donor livers; whole organ perfusion
PXD056736	/public/conode53/AIRFLOW/temp/PXD056736/diann/PCLS_Sample_41	Liver	0.8181	liver; blood	True	True	1.0	0	Exact Match	liver	normal	donor livers; whole organ perfusion
PXD056736	/public/conode53/AIRFLOW/temp/PXD056736/diann/PCLS_Sample_42	Liver	0.8012	liver; blood	True	True	1.0	0	Exact Match	liver	normal	donor livers; whole organ perfusion
PXD056736	/public/conode53/AIRFLOW/temp/PXD056736/diann/PCLS_Sample_43	Liver	0.6945	liver; blood	True	True	1.0	0	Exact Match	liver	normal	donor livers; whole organ perfusion
PXD056736	/public/conode53/AIRFLOW/temp/PXD056736/diann/PCLS_Sample_44	Liver	0.878	liver; blood	True	True	1.0	0	Exact Match	liver	normal	donor livers; whole organ perfusion
PXD056736	/public/conode53/AIRFLOW/temp/PXD056736/diann/PCLS_Sample_45	Liver	0.874	liver; blood	True	True	1.0	0	Exact Match	liver	normal	donor livers; whole organ perfusion
PXD056736	/public/conode53/AIRFLOW/temp/PXD056736/diann/PCLS_Sample_46	Liver	0.7765	liver; blood	True	True	1.0	0	Exact Match	liver	normal	donor livers; whole organ perfusion
PXD056736	/public/conode53/AIRFLOW/temp/PXD056736/diann/PCLS_Sample_47	Liver	0.8101	liver; blood	True	True	1.0	0	Exact Match	liver	normal	donor livers; whole organ perfusion
PXD056736	/public/conode53/AIRFLOW/temp/PXD056736/diann/PCLS_Sample_48	Liver	0.8663	liver; blood	True	True	1.0	0	Exact Match	liver	normal	donor livers; whole organ perfusion
PXD056736	/public/conode53/AIRFLOW/temp/PXD056736/diann/PCLS_Sample_49	Liver	0.8767	liver; blood	True	True	1.0	0	Exact Match	liver	normal	donor livers; whole organ perfusion
PXD056736	/public/conode53/AIRFLOW/temp/PXD056736/diann/PCLS_Sample_50	Liver	0.8505	liver; blood	True	True	1.0	0	Exact Match	liver	normal	donor livers; whole organ perfusion
PXD056736	/public/conode53/AIRFLOW/temp/PXD056736/diann/PCLS_Sample_51	Liver	0.8002	liver; blood	True	True	1.0	0	Exact Match	liver	normal	donor livers; whole organ perfusion
PXD056736	/public/conode53/AIRFLOW/temp/PXD056736/diann/PCLS_Sample_52	Liver	0.8156	liver; blood	True	True	1.0	0	Exact Match	liver	normal	donor livers; whole organ perfusion
PXD056736	/public/conode53/AIRFLOW/temp/PXD056736/diann/PCLS_Sample_53	Liver	0.8081	liver; blood	True	True	1.0	0	Exact Match	liver	normal	donor livers; whole organ perfusion
PXD056736	/public/conode53/AIRFLOW/temp/PXD056736/diann/PCLS_Sample_54	Liver	0.7635	liver; blood	True	True	1.0	0	Exact Match	liver	normal	donor livers; whole organ perfusion
PXD056736	/public/conode53/AIRFLOW/temp/PXD056736/diann/PCLS_Sample_55	Liver	0.813	liver; blood	True	True	1.0	0	Exact Match	liver	normal	donor livers; whole organ perfusion
PXD056736	/public/conode53/AIRFLOW/temp/PXD056736/diann/PCLS_Sample_56	Liver	0.7648	liver; blood	True	True	1.0	0	Exact Match	liver	normal	donor livers; whole organ perfusion
PXD056736	/public/conode53/AIRFLOW/temp/PXD056736/diann/PCLS_Sample_57	Liver	0.7391	liver; blood	True	True	1.0	0	Exact Match	liver	normal	donor livers; whole organ perfusion
PXD056736	/public/conode53/AIRFLOW/temp/PXD056736/diann/PCLS_Sample_58	Liver	0.7854	liver; blood	True	True	1.0	0	Exact Match	liver	normal	donor livers; whole organ perfusion
PXD056736	/public/conode53/AIRFLOW/temp/PXD056736/diann/PCLS_Sample_59	Liver	0.8131	liver; blood	True	True	1.0	0	Exact Match	liver	normal	donor livers; whole organ perfusion
PXD056736	/public/conode53/AIRFLOW/temp/PXD056736/diann/PCLS_Sample_6	Liver	0.8171	liver; blood	True	True	1.0	0	Exact Match	liver	normal	donor livers; whole organ perfusion
PXD056736	/public/conode53/AIRFLOW/temp/PXD056736/diann/PCLS_Sample_60	Liver	0.775	liver; blood	True	True	1.0	0	Exact Match	liver	normal	donor livers; whole organ perfusion
PXD056736	/public/conode53/AIRFLOW/temp/PXD056736/diann/PCLS_Sample_61	Liver	0.718	liver; blood	True	True	1.0	0	Exact Match	liver	normal	donor livers; whole organ perfusion
PXD056736	/public/conode53/AIRFLOW/temp/PXD056736/diann/PCLS_Sample_62	Liver	0.7574	liver; blood	True	True	1.0	0	Exact Match	liver	normal	donor livers; whole organ perfusion
PXD056736	/public/conode53/AIRFLOW/temp/PXD056736/diann/PCLS_Sample_63	Liver	0.7596	liver; blood	True	True	1.0	0	Exact Match	liver	normal	donor livers; whole organ perfusion
PXD056736	/public/conode53/AIRFLOW/temp/PXD056736/diann/PCLS_Sample_64	Liver	0.6707	liver; blood	True	True	1.0	0	Exact Match	liver	normal	donor livers; whole organ perfusion
PXD056736	/public/conode53/AIRFLOW/temp/PXD056736/diann/PCLS_Sample_65	Liver	0.8268	liver; blood	True	True	1.0	0	Exact Match	liver	normal	donor livers; whole organ perfusion
PXD056736	/public/conode53/AIRFLOW/temp/PXD056736/diann/PCLS_Sample_66	Liver	0.8762	liver; blood	True	True	1.0	0	Exact Match	liver	normal	donor livers; whole organ perfusion
PXD056736	/public/conode53/AIRFLOW/temp/PXD056736/diann/PCLS_Sample_67	Liver	0.8594	liver; blood	True	True	1.0	0	Exact Match	liver	normal	donor livers; whole organ perfusion
PXD056736	/public/conode53/AIRFLOW/temp/PXD056736/diann/PCLS_Sample_68	Liver	0.8428	liver; blood	True	True	1.0	0	Exact Match	liver	normal	donor livers; whole organ perfusion
PXD056736	/public/conode53/AIRFLOW/temp/PXD056736/diann/PCLS_Sample_69	Liver	0.8906	liver; blood	True	True	1.0	0	Exact Match	liver	normal	donor livers; whole organ perfusion
PXD056736	/public/conode53/AIRFLOW/temp/PXD056736/diann/PCLS_Sample_7	Liver	0.8427	liver; blood	True	True	1.0	0	Exact Match	liver	normal	donor livers; whole organ perfusion
PXD056736	/public/conode53/AIRFLOW/temp/PXD056736/diann/PCLS_Sample_70	Liver	0.8313	liver; blood	True	True	1.0	0	Exact Match	liver	normal	donor livers; whole organ perfusion
PXD056736	/public/conode53/AIRFLOW/temp/PXD056736/diann/PCLS_Sample_71	Liver	0.7846	liver; blood	True	True	1.0	0	Exact Match	liver	normal	donor livers; whole organ perfusion
PXD056736	/public/conode53/AIRFLOW/temp/PXD056736/diann/PCLS_Sample_79	Liver	0.7936	liver; blood	True	True	1.0	0	Exact Match	liver	normal	donor livers; whole organ perfusion
PXD056736	/public/conode53/AIRFLOW/temp/PXD056736/diann/PCLS_Sample_8	Liver	0.8012	liver; blood	True	True	1.0	0	Exact Match	liver	normal	donor livers; whole organ perfusion
PXD056736	/public/conode53/AIRFLOW/temp/PXD056736/diann/PCLS_Sample_80	Liver	0.7733	liver; blood	True	True	1.0	0	Exact Match	liver	normal	donor livers; whole organ perfusion
PXD056736	/public/conode53/AIRFLOW/temp/PXD056736/diann/PCLS_Sample_81	Liver	0.7469	liver; blood	True	True	1.0	0	Exact Match	liver	normal	donor livers; whole organ perfusion
PXD056736	/public/conode53/AIRFLOW/temp/PXD056736/diann/PCLS_Sample_82	Liver	0.6701	liver; blood	True	True	1.0	0	Exact Match	liver	normal	donor livers; whole organ perfusion
PXD056736	/public/conode53/AIRFLOW/temp/PXD056736/diann/PCLS_Sample_83	Liver	0.7677	liver; blood	True	True	1.0	0	Exact Match	liver	normal	donor livers; whole organ perfusion
PXD056736	/public/conode53/AIRFLOW/temp/PXD056736/diann/PCLS_Sample_84	Liver	0.7602	liver; blood	True	True	1.0	0	Exact Match	liver	normal	donor livers; whole organ perfusion
PXD056736	/public/conode53/AIRFLOW/temp/PXD056736/diann/PCLS_Sample_85	Liver	0.7174	liver; blood	True	True	1.0	0	Exact Match	liver	normal	donor livers; whole organ perfusion
PXD056736	/public/conode53/AIRFLOW/temp/PXD056736/diann/PCLS_Sample_86	Liver	0.7916	liver; blood	True	True	1.0	0	Exact Match	liver	normal	donor livers; whole organ perfusion
PXD056736	/public/conode53/AIRFLOW/temp/PXD056736/diann/PCLS_Sample_87	Liver	0.7576	liver; blood	True	True	1.0	0	Exact Match	liver	normal	donor livers; whole organ perfusion
PXD056736	/public/conode53/AIRFLOW/temp/PXD056736/diann/PCLS_Sample_88	Liver	0.7121	liver; blood	True	True	1.0	0	Exact Match	liver	normal	donor livers; whole organ perfusion
PXD056736	/public/conode53/AIRFLOW/temp/PXD056736/diann/PCLS_Sample_89	Liver	0.6179	liver; blood	True	True	1.0	0	Exact Match	liver	normal	donor livers; whole organ perfusion
PXD056736	/public/conode53/AIRFLOW/temp/PXD056736/diann/PCLS_Sample_9	Liver	0.7939	liver; blood	True	True	1.0	0	Exact Match	liver	normal	donor livers; whole organ perfusion
PXD056736	/public/conode53/AIRFLOW/temp/PXD056736/diann/PCLS_Sample_90	Liver	0.8018	liver; blood	True	True	1.0	0	Exact Match	liver	normal	donor livers; whole organ perfusion
PXD056736	/public/conode53/AIRFLOW/temp/PXD056736/diann/PCLS_Sample_91	Liver	0.6353	liver; blood	True	True	1.0	0	Exact Match	liver	normal	donor livers; whole organ perfusion
PXD056736	/public/conode53/AIRFLOW/temp/PXD056736/diann/PCLS_Sample_92	Liver	0.7486	liver; blood	True	True	1.0	0	Exact Match	liver	normal	donor livers; whole organ perfusion
PXD056736	/public/conode53/AIRFLOW/temp/PXD056736/diann/PCLS_Sample_93	Liver	0.803	liver; blood	True	True	1.0	0	Exact Match	liver	normal	donor livers; whole organ perfusion
PXD056736	/public/conode53/AIRFLOW/temp/PXD056736/diann/PCLS_Sample_94	Liver	0.8085	liver; blood	True	True	1.0	0	Exact Match	liver	normal	donor livers; whole organ perfusion
PXD056736	/public/conode53/AIRFLOW/temp/PXD056736/diann/PCLS_Sample_95	Liver	0.7944	liver; blood	True	True	1.0	0	Exact Match	liver	normal	donor livers; whole organ perfusion
PXD056736	/public/conode53/AIRFLOW/temp/PXD056736/diann/PCLS_Sample_96	Liver	0.8093	liver; blood	True	True	1.0	0	Exact Match	liver	normal	donor livers; whole organ perfusion
PXD056736	/public/conode53/AIRFLOW/temp/PXD056736/diann/PCLS_Sample_97	Liver	0.8179	liver; blood	True	True	1.0	0	Exact Match	liver	normal	donor livers; whole organ perfusion
PXD056736	/public/conode53/AIRFLOW/temp/PXD056736/diann/PCLS_Sample_98	Liver	0.7753	liver; blood	True	True	1.0	0	Exact Match	liver	normal	donor livers; whole organ perfusion
PXD056736	/public/conode53/AIRFLOW/temp/PXD056736/diann/PCLS_Sample_99	Liver	0.7789	liver; blood	True	True	1.0	0	Exact Match	liver	normal	donor livers; whole organ perfusion
PXD056736	/public/conode53/AIRFLOW/temp/PXD056736/diann/Whole_organ_perfusate_Sample_200	Liver	0.1065	liver; blood	True	True	1.0	0	Exact Match	liver	normal	donor livers; whole organ perfusion
PXD056736	/public/conode53/AIRFLOW/temp/PXD056736/diann/Whole_organ_perfusate_Sample_201	Liver	0.1935	liver; blood	True	True	1.0	0	Exact Match	liver	normal	donor livers; whole organ perfusion
PXD056736	/public/conode53/AIRFLOW/temp/PXD056736/diann/Whole_organ_perfusate_Sample_202	Adipose tissue	0.129	liver; blood	False	True	0.2756	5	True Conflict	mesenchymal stem cell	normal	donor livers; whole organ perfusion
PXD056736	/public/conode53/AIRFLOW/temp/PXD056736/diann/Whole_organ_perfusate_Sample_203	Adipose tissue	0.1299	liver; blood	False	True	0.2756	5	True Conflict	mesenchymal stem cell	normal	donor livers; whole organ perfusion
PXD056736	/public/conode53/AIRFLOW/temp/PXD056736/diann/Whole_organ_perfusate_Sample_204	Liver	0.2582	liver; blood	True	True	1.0	0	Exact Match	liver	normal	donor livers; whole organ perfusion
PXD056736	/public/conode53/AIRFLOW/temp/PXD056736/diann/Whole_organ_perfusate_Sample_205	Liver	0.2703	liver; blood	True	True	1.0	0	Exact Match	liver	normal	donor livers; whole organ perfusion
PXD056736	/public/conode53/AIRFLOW/temp/PXD056736/diann/Whole_organ_perfusate_Sample_206	Liver	0.2643	liver; blood	True	True	1.0	0	Exact Match	liver	normal	donor livers; whole organ perfusion
PXD056736	/public/conode53/AIRFLOW/temp/PXD056736/diann/Whole_organ_perfusate_Sample_207	Liver	0.2397	liver; blood	True	True	1.0	0	Exact Match	liver	normal	donor livers; whole organ perfusion
PXD056736	/public/conode53/AIRFLOW/temp/PXD056736/diann/Whole_organ_perfusate_Sample_208	Liver	0.1859	liver; blood	True	True	1.0	0	Exact Match	liver	normal	donor livers; whole organ perfusion
PXD056736	/public/conode53/AIRFLOW/temp/PXD056736/diann/Whole_organ_perfusate_Sample_209	Adipose tissue	0.1316	liver; blood	False	True	0.2756	5	True Conflict	mesenchymal stem cell	normal	donor livers; whole organ perfusion
PXD056736	/public/conode53/AIRFLOW/temp/PXD056736/diann/Whole_organ_perfusate_Sample_210	Adipose tissue	0.1302	liver; blood	False	True	0.2756	5	True Conflict	mesenchymal stem cell	normal	donor livers; whole organ perfusion
PXD056736	/public/conode53/AIRFLOW/temp/PXD056736/diann/Whole_organ_perfusate_Sample_211	Adipose tissue	0.124	liver; blood	False	True	0.2756	5	True Conflict	mesenchymal stem cell	normal	donor livers; whole organ perfusion
PXD056736	/public/conode53/AIRFLOW/temp/PXD056736/diann/Whole_organ_perfusate_Sample_212	Liver	0.2504	liver; blood	True	True	1.0	0	Exact Match	liver	normal	donor livers; whole organ perfusion
PXD056736	/public/conode53/AIRFLOW/temp/PXD056736/diann/Whole_organ_perfusate_Sample_213	Liver	0.2803	liver; blood	True	True	1.0	0	Exact Match	liver	normal	donor livers; whole organ perfusion
PXD056736	/public/conode53/AIRFLOW/temp/PXD056736/diann/Whole_organ_perfusate_Sample_214	Liver	0.2815	liver; blood	True	True	1.0	0	Exact Match	liver	normal	donor livers; whole organ perfusion
PXD056736	/public/conode53/AIRFLOW/temp/PXD056736/diann/Whole_organ_perfusate_Sample_215	Liver	0.2335	liver; blood	True	True	1.0	0	Exact Match	liver	normal	donor livers; whole organ perfusion
PXD056736	/public/conode53/AIRFLOW/temp/PXD056736/diann/Whole_organ_perfusate_Sample_216	Adipose tissue	0.1205	liver; blood	False	True	0.2756	5	True Conflict	mesenchymal stem cell	normal	donor livers; whole organ perfusion
PXD056736	/public/conode53/AIRFLOW/temp/PXD056736/diann/Whole_organ_perfusate_Sample_217	Adipose tissue	0.1512	liver; blood	False	True	0.2756	5	True Conflict	mesenchymal stem cell	normal	donor livers; whole organ perfusion
PXD056736	/public/conode53/AIRFLOW/temp/PXD056736/diann/Whole_organ_perfusate_Sample_218	Bone marrow	0.1068	liver; blood	False	True	0.7688	2	Near-Agreement (Subpart / Secretome)	hematopoietic system	normal	donor livers; whole organ perfusion
PXD056736	/public/conode53/AIRFLOW/temp/PXD056736/diann/Whole_organ_perfusate_Sample_219	Bone marrow	0.0986	liver; blood	False	True	0.7688	2	Near-Agreement (Subpart / Secretome)	hematopoietic system	normal	donor livers; whole organ perfusion
PXD056736	/public/conode53/AIRFLOW/temp/PXD056736/diann/Whole_organ_perfusate_Sample_220	Adipose tissue	0.1259	liver; blood	False	True	0.2756	5	True Conflict	mesenchymal stem cell	normal	donor livers; whole organ perfusion
PXD056736	/public/conode53/AIRFLOW/temp/PXD056736/diann/Whole_organ_perfusate_Sample_221	Adipose tissue	0.1082	liver; blood	False	True	0.2756	5	True Conflict	mesenchymal stem cell	normal	donor livers; whole organ perfusion
PXD056736	/public/conode53/AIRFLOW/temp/PXD056736/diann/Whole_organ_perfusate_Sample_222	Adipose tissue	0.1274	liver; blood	False	True	0.2756	5	True Conflict	mesenchymal stem cell	normal	donor livers; whole organ perfusion
PXD056736	/public/conode53/AIRFLOW/temp/PXD056736/diann/Whole_organ_perfusate_Sample_223	Adipose tissue	0.1188	liver; blood	False	True	0.2756	5	True Conflict	mesenchymal stem cell	normal	donor livers; whole organ perfusion
PXD056736	/public/conode53/AIRFLOW/temp/PXD056736/diann/Whole_organ_perfusate_Sample_224	Liver	0.2782	liver; blood	True	True	1.0	0	Exact Match	liver	normal	donor livers; whole organ perfusion
PXD056736	/public/conode53/AIRFLOW/temp/PXD056736/diann/Whole_organ_perfusate_Sample_225	Liver	0.2729	liver; blood	True	True	1.0	0	Exact Match	liver	normal	donor livers; whole organ perfusion
PXD056736	/public/conode53/AIRFLOW/temp/PXD056736/diann/Whole_organ_perfusate_Sample_226	Liver	0.2889	liver; blood	True	True	1.0	0	Exact Match	liver	normal	donor livers; whole organ perfusion
PXD056736	/public/conode53/AIRFLOW/temp/PXD056736/diann/Whole_organ_perfusate_Sample_227	Liver	0.2728	liver; blood	True	True	1.0	0	Exact Match	liver	normal	donor livers; whole organ perfusion
PXD056736	/public/conode53/AIRFLOW/temp/PXD056736/diann/Whole_organ_perfusate_Sample_228	Liver	0.2571	liver; blood	True	True	1.0	0	Exact Match	liver	normal	donor livers; whole organ perfusion
PXD056736	/public/conode53/AIRFLOW/temp/PXD056736/diann/Whole_organ_perfusate_Sample_229	Liver	0.2118	liver; blood	True	True	1.0	0	Exact Match	liver	normal	donor livers; whole organ perfusion
PXD056736	/public/conode53/AIRFLOW/temp/PXD056736/diann/Whole_organ_perfusate_Sample_230	Liver	0.1899	liver; blood	True	True	1.0	0	Exact Match	liver	normal	donor livers; whole organ perfusion
PXD056736	/public/conode53/AIRFLOW/temp/PXD056736/diann/Whole_organ_perfusate_Sample_231	Liver	0.1932	liver; blood	True	True	1.0	0	Exact Match	liver	normal	donor livers; whole organ perfusion
PXD056736	/public/conode53/AIRFLOW/temp/PXD056736/diann/Whole_organ_tissue_Sample_142	Liver	0.8502	liver; blood	True	True	1.0	0	Exact Match	liver	normal	donor livers; whole organ perfusion
PXD056736	/public/conode53/AIRFLOW/temp/PXD056736/diann/Whole_organ_tissue_Sample_143	Liver	0.8963	liver; blood	True	True	1.0	0	Exact Match	liver	normal	donor livers; whole organ perfusion
PXD056736	/public/conode53/AIRFLOW/temp/PXD056736/diann/Whole_organ_tissue_Sample_144	Liver	0.8443	liver; blood	True	True	1.0	0	Exact Match	liver	normal	donor livers; whole organ perfusion
PXD056736	/public/conode53/AIRFLOW/temp/PXD056736/diann/Whole_organ_tissue_Sample_145	Liver	0.863	liver; blood	True	True	1.0	0	Exact Match	liver	normal	donor livers; whole organ perfusion
PXD056736	/public/conode53/AIRFLOW/temp/PXD056736/diann/Whole_organ_tissue_Sample_147	Liver	0.8524	liver; blood	True	True	1.0	0	Exact Match	liver	normal	donor livers; whole organ perfusion
PXD056736	/public/conode53/AIRFLOW/temp/PXD056736/diann/Whole_organ_tissue_Sample_148	Liver	0.8664	liver; blood	True	True	1.0	0	Exact Match	liver	normal	donor livers; whole organ perfusion
PXD056736	/public/conode53/AIRFLOW/temp/PXD056736/diann/Whole_organ_tissue_Sample_149	Liver	0.8739	liver; blood	True	True	1.0	0	Exact Match	liver	normal	donor livers; whole organ perfusion
PXD056736	/public/conode53/AIRFLOW/temp/PXD056736/diann/Whole_organ_tissue_Sample_150	Liver	0.687	liver; blood	True	True	1.0	0	Exact Match	liver	normal	donor livers; whole organ perfusion
PXD056736	/public/conode53/AIRFLOW/temp/PXD056736/diann/Whole_organ_tissue_Sample_151	Liver	0.7896	liver; blood	True	True	1.0	0	Exact Match	liver	normal	donor livers; whole organ perfusion
PXD056736	/public/conode53/AIRFLOW/temp/PXD056736/diann/Whole_organ_tissue_Sample_152	Liver	0.8456	liver; blood	True	True	1.0	0	Exact Match	liver	normal	donor livers; whole organ perfusion
PXD056736	/public/conode53/AIRFLOW/temp/PXD056736/diann/Whole_organ_tissue_Sample_153	Liver	0.8374	liver; blood	True	True	1.0	0	Exact Match	liver	normal	donor livers; whole organ perfusion
PXD056736	/public/conode53/AIRFLOW/temp/PXD056736/diann/Whole_organ_tissue_Sample_154	Liver	0.9078	liver; blood	True	True	1.0	0	Exact Match	liver	normal	donor livers; whole organ perfusion
PXD056736	/public/conode53/AIRFLOW/temp/PXD056736/diann/Whole_organ_tissue_Sample_155	Liver	0.8866	liver; blood	True	True	1.0	0	Exact Match	liver	normal	donor livers; whole organ perfusion
PXD056736	/public/conode53/AIRFLOW/temp/PXD056736/diann/Whole_organ_tissue_Sample_156	Liver	0.8101	liver; blood	True	True	1.0	0	Exact Match	liver	normal	donor livers; whole organ perfusion
PXD056736	/public/conode53/AIRFLOW/temp/PXD056736/diann/Whole_organ_tissue_Sample_157	Liver	0.8764	liver; blood	True	True	1.0	0	Exact Match	liver	normal	donor livers; whole organ perfusion
PXD056736	/public/conode53/AIRFLOW/temp/PXD056736/diann/Whole_organ_tissue_Sample_159	Liver	0.8282	liver; blood	True	True	1.0	0	Exact Match	liver	normal	donor livers; whole organ perfusion
PXD056736	/public/conode53/AIRFLOW/temp/PXD056736/diann/Whole_organ_tissue_Sample_160	Liver	0.7895	liver; blood	True	True	1.0	0	Exact Match	liver	normal	donor livers; whole organ perfusion
PXD056736	/public/conode53/AIRFLOW/temp/PXD056736/diann/Whole_organ_tissue_Sample_161	Liver	0.8387	liver; blood	True	True	1.0	0	Exact Match	liver	normal	donor livers; whole organ perfusion
PXD056736	/public/conode53/AIRFLOW/temp/PXD056736/diann/Whole_organ_tissue_Sample_162	Liver	0.8425	liver; blood	True	True	1.0	0	Exact Match	liver	normal	donor livers; whole organ perfusion
PXD056736	/public/conode53/AIRFLOW/temp/PXD056736/diann/Whole_organ_tissue_Sample_163	Liver	0.8321	liver; blood	True	True	1.0	0	Exact Match	liver	normal	donor livers; whole organ perfusion
PXD056736	/public/conode53/AIRFLOW/temp/PXD056736/diann/Whole_organ_tissue_Sample_164	Liver	0.8653	liver; blood	True	True	1.0	0	Exact Match	liver	normal	donor livers; whole organ perfusion
PXD056736	/public/conode53/AIRFLOW/temp/PXD056736/diann/Whole_organ_tissue_Sample_165	Liver	0.7877	liver; blood	True	True	1.0	0	Exact Match	liver	normal	donor livers; whole organ perfusion
PXD056736	/public/conode53/AIRFLOW/temp/PXD056736/diann/Whole_organ_tissue_Sample_166	Liver	0.8949	liver; blood	True	True	1.0	0	Exact Match	liver	normal	donor livers; whole organ perfusion
PXD056736	/public/conode53/AIRFLOW/temp/PXD056736/diann/Whole_organ_tissue_Sample_167	Liver	0.8803	liver; blood	True	True	1.0	0	Exact Match	liver	normal	donor livers; whole organ perfusion
PXD056736	/public/conode53/AIRFLOW/temp/PXD056736/diann/Whole_organ_tissue_Sample_168	Liver	0.8095	liver; blood	True	True	1.0	0	Exact Match	liver	normal	donor livers; whole organ perfusion
PXD056736	/public/conode53/AIRFLOW/temp/PXD056736/diann/Whole_organ_tissue_Sample_169	Liver	0.8942	liver; blood	True	True	1.0	0	Exact Match	liver	normal	donor livers; whole organ perfusion
PXD056736	/public/conode53/AIRFLOW/temp/PXD056736/diann/Whole_organ_tissue_Sample_170	Liver	0.8472	liver; blood	True	True	1.0	0	Exact Match	liver	normal	donor livers; whole organ perfusion
PXD056736	/public/conode53/AIRFLOW/temp/PXD056736/diann/Whole_organ_tissue_Sample_171	Liver	0.8838	liver; blood	True	True	1.0	0	Exact Match	liver	normal	donor livers; whole organ perfusion
PXD056736	/public/conode53/AIRFLOW/temp/PXD056736/diann/Whole_organ_tissue_Sample_172	Liver	0.8328	liver; blood	True	True	1.0	0	Exact Match	liver	normal	donor livers; whole organ perfusion
PXD056736	/public/conode53/AIRFLOW/temp/PXD056736/diann/Whole_organ_tissue_Sample_173	Liver	0.8737	liver; blood	True	True	1.0	0	Exact Match	liver	normal	donor livers; whole organ perfusion
PXD056736	N.Proteotypic.Sequences	Liver	0.8276	liver; blood	True	True	1.0	0	Exact Match	liver	normal	donor livers; whole organ perfusion
PXD056736	N.Sequences	Liver	0.8119	liver; blood	True	True	1.0	0	Exact Match	liver	normal	donor livers; whole organ perfusion
PXD057096	20231003_HMEV	Bone marrow	0.1366	intestine	False	False	0.1103	4	Distant Concordance (Organ System)	anatomical system	normal	milk
PXD057096	PR756_Luo_20240402_2	Bone marrow	0.199	intestine	False	False	0.1103	4	Distant Concordance (Organ System)	anatomical system	normal	milk
PXD057096	PR756_Luo_20240613_EA2	Bone marrow	0.1281	intestine	False	False	0.1103	4	Distant Concordance (Organ System)	anatomical system	normal	milk
PXD057096	PR756_Luo_20240613_EA5	Bone marrow	0.1037	intestine	False	False	0.1103	4	Distant Concordance (Organ System)	anatomical system	normal	milk
PXD057096	PR756_Luo_20240613_EB1	Bone marrow	0.1552	intestine	False	False	0.1103	4	Distant Concordance (Organ System)	anatomical system	normal	milk
PXD057096	PR756_Luo_20240613_EB3	Bone marrow	0.1464	intestine	False	False	0.1103	4	Distant Concordance (Organ System)	anatomical system	normal	milk
PXD057155	11_DDA_1	Pituitary gland	0.1063	eye	False	False	0.3885	4	Distant Concordance (Organ System)	non-connected functional system	retinal detachment; normal	vitreous fluid; vitreous humor
PXD057155	11_DDA_2	Bone marrow	0.0923	eye	False	False	0.4695	5	Distant Concordance (Organ System)	non-connected functional system	retinal detachment; normal	vitreous fluid; vitreous humor
PXD057155	12_DDA_1	Bone marrow	0.1529	eye	False	False	0.4695	5	Distant Concordance (Organ System)	non-connected functional system	retinal detachment; normal	vitreous fluid; vitreous humor
PXD057155	12_DDA_2	Bone marrow	0.1517	eye	False	False	0.4695	5	Distant Concordance (Organ System)	non-connected functional system	retinal detachment; normal	vitreous fluid; vitreous humor
PXD057155	13_DDA_1	Bone marrow	0.1302	eye	False	False	0.4695	5	Distant Concordance (Organ System)	non-connected functional system	retinal detachment; normal	vitreous fluid; vitreous humor
PXD057155	13_DDA_2	Bone marrow	0.1377	eye	False	False	0.4695	5	Distant Concordance (Organ System)	non-connected functional system	retinal detachment; normal	vitreous fluid; vitreous humor
PXD057155	14_DDA_1	Bone marrow	0.1172	eye	False	False	0.4695	5	Distant Concordance (Organ System)	non-connected functional system	retinal detachment; normal	vitreous fluid; vitreous humor
PXD057155	14_DDA_2	Bone marrow	0.1278	eye	False	False	0.4695	5	Distant Concordance (Organ System)	non-connected functional system	retinal detachment; normal	vitreous fluid; vitreous humor
PXD057155	15_DDA_1	Bone marrow	0.1404	eye	False	False	0.4695	5	Distant Concordance (Organ System)	non-connected functional system	retinal detachment; normal	vitreous fluid; vitreous humor
PXD057155	15_DDA_2	Lung	0.1025	eye	False	False	0.1122	5	True Conflict	anatomical system	retinal detachment; normal	vitreous fluid; vitreous humor
PXD057155	16_DDA_1	Bone marrow	0.1198	eye	False	False	0.4695	5	Distant Concordance (Organ System)	non-connected functional system	retinal detachment; normal	vitreous fluid; vitreous humor
PXD057155	16_DDA_2	Bone marrow	0.1217	eye	False	False	0.4695	5	Distant Concordance (Organ System)	non-connected functional system	retinal detachment; normal	vitreous fluid; vitreous humor
PXD057155	17_DDA_1	Pituitary gland	0.0889	eye	False	False	0.3885	4	Distant Concordance (Organ System)	non-connected functional system	retinal detachment; normal	vitreous fluid; vitreous humor
PXD057155	17_DDA_2	Thyroid	0.0849	eye	False	False	0.3683	4	Distant Concordance (Organ System)	non-connected functional system	retinal detachment; normal	vitreous fluid; vitreous humor
PXD057155	18_DDA_1	Pituitary gland	0.1106	eye	False	False	0.3885	4	Distant Concordance (Organ System)	non-connected functional system	retinal detachment; normal	vitreous fluid; vitreous humor
PXD057155	18_DDA_2	Pituitary gland	0.1132	eye	False	False	0.3885	4	Distant Concordance (Organ System)	non-connected functional system	retinal detachment; normal	vitreous fluid; vitreous humor
PXD057155	19_DDA_1	Bone marrow	0.1164	eye	False	False	0.4695	5	Distant Concordance (Organ System)	non-connected functional system	retinal detachment; normal	vitreous fluid; vitreous humor
PXD057155	19_DDA_2	Bone marrow	0.1362	eye	False	False	0.4695	5	Distant Concordance (Organ System)	non-connected functional system	retinal detachment; normal	vitreous fluid; vitreous humor
PXD057155	1_DDA_1	Bone marrow	0.1241	eye	False	False	0.4695	5	Distant Concordance (Organ System)	non-connected functional system	retinal detachment; normal	vitreous fluid; vitreous humor
PXD057155	1_DDA_2	Bone marrow	0.1167	eye	False	False	0.4695	5	Distant Concordance (Organ System)	non-connected functional system	retinal detachment; normal	vitreous fluid; vitreous humor
PXD057155	2_DDA_1	Bone marrow	0.1325	eye	False	False	0.4695	5	Distant Concordance (Organ System)	non-connected functional system	retinal detachment; normal	vitreous fluid; vitreous humor
PXD057155	2_DDA_2	Bone marrow	0.1343	eye	False	False	0.4695	5	Distant Concordance (Organ System)	non-connected functional system	retinal detachment; normal	vitreous fluid; vitreous humor
PXD057155	3_DDA_1	Bone marrow	0.1334	eye	False	False	0.4695	5	Distant Concordance (Organ System)	non-connected functional system	retinal detachment; normal	vitreous fluid; vitreous humor
PXD057155	3_DDA_2	Bone marrow	0.1312	eye	False	False	0.4695	5	Distant Concordance (Organ System)	non-connected functional system	retinal detachment; normal	vitreous fluid; vitreous humor
PXD057155	4_DDA_1	Bone marrow	0.1268	eye	False	False	0.4695	5	Distant Concordance (Organ System)	non-connected functional system	retinal detachment; normal	vitreous fluid; vitreous humor
PXD057155	4_DDA_2	Bone marrow	0.1221	eye	False	False	0.4695	5	Distant Concordance (Organ System)	non-connected functional system	retinal detachment; normal	vitreous fluid; vitreous humor
PXD057155	5_DDA_1	Bone marrow	0.1241	eye	False	False	0.4695	5	Distant Concordance (Organ System)	non-connected functional system	retinal detachment; normal	vitreous fluid; vitreous humor
PXD057155	5_DDA_2	Bone marrow	0.1218	eye	False	False	0.4695	5	Distant Concordance (Organ System)	non-connected functional system	retinal detachment; normal	vitreous fluid; vitreous humor
PXD057155	6_DDA_1	Brain	0.1483	eye	False	False	0.5047	4	Distant Concordance (Organ System)	neuron	retinal detachment; normal	vitreous fluid; vitreous humor
PXD057155	6_DDA_2	Pituitary gland	0.1581	eye	False	False	0.3885	4	Distant Concordance (Organ System)	non-connected functional system	retinal detachment; normal	vitreous fluid; vitreous humor
PXD057155	7_DDA_1	Bone marrow	0.1481	eye	False	False	0.4695	5	Distant Concordance (Organ System)	non-connected functional system	retinal detachment; normal	vitreous fluid; vitreous humor
PXD057155	7_DDA_2	Bone marrow	0.1323	eye	False	False	0.4695	5	Distant Concordance (Organ System)	non-connected functional system	retinal detachment; normal	vitreous fluid; vitreous humor
PXD057155	8_DDA_1	Bone marrow	0.1324	eye	False	False	0.4695	5	Distant Concordance (Organ System)	non-connected functional system	retinal detachment; normal	vitreous fluid; vitreous humor
PXD057155	8_DDA_2	Bone marrow	0.1086	eye	False	False	0.4695	5	Distant Concordance (Organ System)	non-connected functional system	retinal detachment; normal	vitreous fluid; vitreous humor
PXD057155	9_DDA_1	Bone marrow	0.13	eye	False	False	0.4695	5	Distant Concordance (Organ System)	non-connected functional system	retinal detachment; normal	vitreous fluid; vitreous humor
PXD057155	9_DDA_2	Bone marrow	0.1322	eye	False	False	0.4695	5	Distant Concordance (Organ System)	non-connected functional system	retinal detachment; normal	vitreous fluid; vitreous humor
PXD057253	Sample_1_Replicate_1	Bone marrow	0.1315	blood	False	False	0.7688	2	Near-Agreement (Subpart / Secretome)	hematopoietic system	normal	blood plasma
PXD057253	Sample_1_Replicate_2	Bone marrow	0.1217	blood	False	False	0.7688	2	Near-Agreement (Subpart / Secretome)	hematopoietic system	normal	blood plasma
PXD057601	/public/conode53/AIRFLOW/temp/PXD057601/diann/Fresh_DIA_R1	Prostate	0.2004	semen	False	False	0.8594	3	Near-Agreement (Subpart / Secretome)	male reproductive gland	normal	semen
PXD057601	/public/conode53/AIRFLOW/temp/PXD057601/diann/Fresh_DIA_R2	Prostate	0.1889	semen	False	False	0.8594	3	Near-Agreement (Subpart / Secretome)	male reproductive gland	normal	semen
PXD057601	/public/conode53/AIRFLOW/temp/PXD057601/diann/Fresh_DIA_R3	Prostate	0.1907	semen	False	False	0.8594	3	Near-Agreement (Subpart / Secretome)	male reproductive gland	normal	semen
PXD057601	/public/conode53/AIRFLOW/temp/PXD057601/diann/Rapid_freezing_DIA_R1	Prostate	0.1656	semen	False	False	0.8594	3	Near-Agreement (Subpart / Secretome)	male reproductive gland	normal	semen
PXD057601	/public/conode53/AIRFLOW/temp/PXD057601/diann/Rapid_freezing_DIA_R2	Prostate	0.1533	semen	False	False	0.8594	3	Near-Agreement (Subpart / Secretome)	male reproductive gland	normal	semen
PXD057601	/public/conode53/AIRFLOW/temp/PXD057601/diann/Rapid_freezing_DIA_R3	Prostate	0.277	semen	False	False	0.8594	3	Near-Agreement (Subpart / Secretome)	male reproductive gland	normal	semen
PXD057601	/public/conode53/AIRFLOW/temp/PXD057601/diann/Vitrification_DIA_R1	Testis	0.1621	semen	False	False	0.6752	4	Distant Concordance (Organ System)	male reproductive system	normal	semen
PXD057601	/public/conode53/AIRFLOW/temp/PXD057601/diann/Vitrification_DIA_R2	Testis	0.1741	semen	False	False	0.6752	4	Distant Concordance (Organ System)	male reproductive system	normal	semen
PXD057601	/public/conode53/AIRFLOW/temp/PXD057601/diann/Vitrification_DIA_R3	Testis	0.181	semen	False	False	0.6752	4	Distant Concordance (Organ System)	male reproductive system	normal	semen
PXD057601	N.Proteotypic.Sequences	Testis	0.3071	semen	False	False	0.6752	4	Distant Concordance (Organ System)	male reproductive system	normal	semen
PXD057601	N.Sequences	Testis	0.2912	semen	False	False	0.6752	4	Distant Concordance (Organ System)	male reproductive system	normal	semen
PXD057842	/public/conode53/AIRFLOW/temp/PXD057842/diann/Tasso_RBC_EVs_E1_03	Bone marrow	0.1756	blood	False	False	0.7688	2	Near-Agreement (Subpart / Secretome)	hematopoietic system	normal	donor blood
PXD057842	/public/conode53/AIRFLOW/temp/PXD057842/diann/Tasso_RBC_EVs_E2_04	Bone marrow	0.1861	blood	False	False	0.7688	2	Near-Agreement (Subpart / Secretome)	hematopoietic system	normal	donor blood
PXD057842	/public/conode53/AIRFLOW/temp/PXD057842/diann/Tasso_RBC_EVs_E3_05	Bone marrow	0.1817	blood	False	False	0.7688	2	Near-Agreement (Subpart / Secretome)	hematopoietic system	normal	donor blood
PXD057842	/public/conode53/AIRFLOW/temp/PXD057842/diann/Tasso_RBC_EVs_E4_06	Bone marrow	0.1794	blood	False	False	0.7688	2	Near-Agreement (Subpart / Secretome)	hematopoietic system	normal	donor blood
PXD057842	/public/conode53/AIRFLOW/temp/PXD057842/diann/Tasso_RBC_EVs_E5_07	Bone marrow	0.183	blood	False	False	0.7688	2	Near-Agreement (Subpart / Secretome)	hematopoietic system	normal	donor blood
PXD057842	/public/conode53/AIRFLOW/temp/PXD057842/diann/Tasso_RBC_EVs_E6_08	Bone marrow	0.1793	blood	False	False	0.7688	2	Near-Agreement (Subpart / Secretome)	hematopoietic system	normal	donor blood
PXD057842	/public/conode53/AIRFLOW/temp/PXD057842/diann/Tasso_RBC_EVs_N1_09	Bone marrow	0.1837	blood	False	False	0.7688	2	Near-Agreement (Subpart / Secretome)	hematopoietic system	normal	donor blood
PXD057842	/public/conode53/AIRFLOW/temp/PXD057842/diann/Tasso_RBC_EVs_N2_10	Bone marrow	0.1914	blood	False	False	0.7688	2	Near-Agreement (Subpart / Secretome)	hematopoietic system	normal	donor blood
PXD057842	/public/conode53/AIRFLOW/temp/PXD057842/diann/Tasso_RBC_EVs_N3_11	Bone marrow	0.1848	blood	False	False	0.7688	2	Near-Agreement (Subpart / Secretome)	hematopoietic system	normal	donor blood
PXD057842	/public/conode53/AIRFLOW/temp/PXD057842/diann/Tasso_RBC_EVs_N4_12	Bone marrow	0.1877	blood	False	False	0.7688	2	Near-Agreement (Subpart / Secretome)	hematopoietic system	normal	donor blood
PXD057842	/public/conode53/AIRFLOW/temp/PXD057842/diann/Tasso_RBC_EVs_N5_13	Bone marrow	0.1914	blood	False	False	0.7688	2	Near-Agreement (Subpart / Secretome)	hematopoietic system	normal	donor blood
PXD057842	/public/conode53/AIRFLOW/temp/PXD057842/diann/Tasso_RBC_EVs_N6_14	Bone marrow	0.1901	blood	False	False	0.7688	2	Near-Agreement (Subpart / Secretome)	hematopoietic system	normal	donor blood
PXD057842	/public/conode53/AIRFLOW/temp/PXD057842/diann/Tasso_RBC_EVs_R1_15	Bone marrow	0.1846	blood	False	False	0.7688	2	Near-Agreement (Subpart / Secretome)	hematopoietic system	normal	donor blood
PXD057842	/public/conode53/AIRFLOW/temp/PXD057842/diann/Tasso_RBC_EVs_R2_16	Bone marrow	0.1857	blood	False	False	0.7688	2	Near-Agreement (Subpart / Secretome)	hematopoietic system	normal	donor blood
PXD057842	/public/conode53/AIRFLOW/temp/PXD057842/diann/Tasso_RBC_EVs_R3_17	Bone marrow	0.1788	blood	False	False	0.7688	2	Near-Agreement (Subpart / Secretome)	hematopoietic system	normal	donor blood
PXD057842	/public/conode53/AIRFLOW/temp/PXD057842/diann/Tasso_RBC_EVs_R4_18	Bone marrow	0.1846	blood	False	False	0.7688	2	Near-Agreement (Subpart / Secretome)	hematopoietic system	normal	donor blood
PXD057842	/public/conode53/AIRFLOW/temp/PXD057842/diann/Tasso_RBC_EVs_R5_19	Bone marrow	0.1864	blood	False	False	0.7688	2	Near-Agreement (Subpart / Secretome)	hematopoietic system	normal	donor blood
PXD057842	/public/conode53/AIRFLOW/temp/PXD057842/diann/Tasso_RBC_EVs_R6_20	Bone marrow	0.1846	blood	False	False	0.7688	2	Near-Agreement (Subpart / Secretome)	hematopoietic system	normal	donor blood
PXD057842	N.Proteotypic.Sequences	Bone marrow	0.1286	blood	False	False	0.7688	2	Near-Agreement (Subpart / Secretome)	hematopoietic system	normal	donor blood
PXD057842	N.Sequences	Bone marrow	0.1186	blood	False	False	0.7688	2	Near-Agreement (Subpart / Secretome)	hematopoietic system	normal	donor blood
PXD057848	/public/conode53/AIRFLOW/temp/PXD057848/diann/240400_Has_Post02	Bone marrow	0.1131	blood	False	False	0.7688	2	Near-Agreement (Subpart / Secretome)	hematopoietic system	obesity disorder; normal	blood plasma
PXD057848	/public/conode53/AIRFLOW/temp/PXD057848/diann/240400_Has_Post03	Bone marrow	0.1006	blood	False	False	0.7688	2	Near-Agreement (Subpart / Secretome)	hematopoietic system	obesity disorder; normal	blood plasma
PXD057848	/public/conode53/AIRFLOW/temp/PXD057848/diann/240400_Has_Post05	Bone marrow	0.1073	blood	False	False	0.7688	2	Near-Agreement (Subpart / Secretome)	hematopoietic system	obesity disorder; normal	blood plasma
PXD057848	/public/conode53/AIRFLOW/temp/PXD057848/diann/240400_Has_Post06	Bone marrow	0.1165	blood	False	False	0.7688	2	Near-Agreement (Subpart / Secretome)	hematopoietic system	obesity disorder; normal	blood plasma
PXD057848	/public/conode53/AIRFLOW/temp/PXD057848/diann/240400_Has_Post08	Bone marrow	0.1065	blood	False	False	0.7688	2	Near-Agreement (Subpart / Secretome)	hematopoietic system	obesity disorder; normal	blood plasma
PXD057848	/public/conode53/AIRFLOW/temp/PXD057848/diann/240400_Has_Post09	Bone marrow	0.1177	blood	False	False	0.7688	2	Near-Agreement (Subpart / Secretome)	hematopoietic system	obesity disorder; normal	blood plasma
PXD057848	/public/conode53/AIRFLOW/temp/PXD057848/diann/240400_Has_Post14	Bone marrow	0.1202	blood	False	False	0.7688	2	Near-Agreement (Subpart / Secretome)	hematopoietic system	obesity disorder; normal	blood plasma
PXD057848	/public/conode53/AIRFLOW/temp/PXD057848/diann/240400_Has_Post17	Bone marrow	0.1087	blood	False	False	0.7688	2	Near-Agreement (Subpart / Secretome)	hematopoietic system	obesity disorder; normal	blood plasma
PXD057848	/public/conode53/AIRFLOW/temp/PXD057848/diann/240400_Has_Post18	Bone marrow	0.1112	blood	False	False	0.7688	2	Near-Agreement (Subpart / Secretome)	hematopoietic system	obesity disorder; normal	blood plasma
PXD057848	/public/conode53/AIRFLOW/temp/PXD057848/diann/240400_Has_Post25	Bone marrow	0.1174	blood	False	False	0.7688	2	Near-Agreement (Subpart / Secretome)	hematopoietic system	obesity disorder; normal	blood plasma
PXD057848	/public/conode53/AIRFLOW/temp/PXD057848/diann/240400_Has_Post27	Bone marrow	0.1114	blood	False	False	0.7688	2	Near-Agreement (Subpart / Secretome)	hematopoietic system	obesity disorder; normal	blood plasma
PXD057848	/public/conode53/AIRFLOW/temp/PXD057848/diann/240400_Has_Post28	Bone marrow	0.1271	blood	False	False	0.7688	2	Near-Agreement (Subpart / Secretome)	hematopoietic system	obesity disorder; normal	blood plasma
PXD057848	/public/conode53/AIRFLOW/temp/PXD057848/diann/240400_Has_Post29	Bone marrow	0.1192	blood	False	False	0.7688	2	Near-Agreement (Subpart / Secretome)	hematopoietic system	obesity disorder; normal	blood plasma
PXD057848	/public/conode53/AIRFLOW/temp/PXD057848/diann/240400_Has_Post30	Bone marrow	0.122	blood	False	False	0.7688	2	Near-Agreement (Subpart / Secretome)	hematopoietic system	obesity disorder; normal	blood plasma
PXD057848	/public/conode53/AIRFLOW/temp/PXD057848/diann/240400_Has_Post32	Bone marrow	0.1032	blood	False	False	0.7688	2	Near-Agreement (Subpart / Secretome)	hematopoietic system	obesity disorder; normal	blood plasma
PXD057848	/public/conode53/AIRFLOW/temp/PXD057848/diann/240400_Has_Post37	Bone marrow	0.1249	blood	False	False	0.7688	2	Near-Agreement (Subpart / Secretome)	hematopoietic system	obesity disorder; normal	blood plasma
PXD057848	/public/conode53/AIRFLOW/temp/PXD057848/diann/240400_Has_Post38	Bone marrow	0.1127	blood	False	False	0.7688	2	Near-Agreement (Subpart / Secretome)	hematopoietic system	obesity disorder; normal	blood plasma
PXD057848	/public/conode53/AIRFLOW/temp/PXD057848/diann/240400_Has_Post40	Bone marrow	0.1283	blood	False	False	0.7688	2	Near-Agreement (Subpart / Secretome)	hematopoietic system	obesity disorder; normal	blood plasma
PXD057848	/public/conode53/AIRFLOW/temp/PXD057848/diann/240400_Has_Post41	Bone marrow	0.1237	blood	False	False	0.7688	2	Near-Agreement (Subpart / Secretome)	hematopoietic system	obesity disorder; normal	blood plasma
PXD057848	/public/conode53/AIRFLOW/temp/PXD057848/diann/240400_Has_Post42	Bone marrow	0.1092	blood	False	False	0.7688	2	Near-Agreement (Subpart / Secretome)	hematopoietic system	obesity disorder; normal	blood plasma
PXD057848	/public/conode53/AIRFLOW/temp/PXD057848/diann/240400_Has_Post43	Bone marrow	0.1067	blood	False	False	0.7688	2	Near-Agreement (Subpart / Secretome)	hematopoietic system	obesity disorder; normal	blood plasma
PXD057848	/public/conode53/AIRFLOW/temp/PXD057848/diann/240400_Has_Post44	Bone marrow	0.1172	blood	False	False	0.7688	2	Near-Agreement (Subpart / Secretome)	hematopoietic system	obesity disorder; normal	blood plasma
PXD057848	/public/conode53/AIRFLOW/temp/PXD057848/diann/240400_Has_Post51	Bone marrow	0.1063	blood	False	False	0.7688	2	Near-Agreement (Subpart / Secretome)	hematopoietic system	obesity disorder; normal	blood plasma
PXD057848	/public/conode53/AIRFLOW/temp/PXD057848/diann/240400_Has_Post61	Bone marrow	0.1144	blood	False	False	0.7688	2	Near-Agreement (Subpart / Secretome)	hematopoietic system	obesity disorder; normal	blood plasma
PXD057848	/public/conode53/AIRFLOW/temp/PXD057848/diann/240400_Has_Post62	Bone marrow	0.1133	blood	False	False	0.7688	2	Near-Agreement (Subpart / Secretome)	hematopoietic system	obesity disorder; normal	blood plasma
PXD057848	/public/conode53/AIRFLOW/temp/PXD057848/diann/240400_Has_Pre02	Bone marrow	0.1375	blood	False	False	0.7688	2	Near-Agreement (Subpart / Secretome)	hematopoietic system	obesity disorder; normal	blood plasma
PXD057848	/public/conode53/AIRFLOW/temp/PXD057848/diann/240400_Has_Pre03	Bone marrow	0.1268	blood	False	False	0.7688	2	Near-Agreement (Subpart / Secretome)	hematopoietic system	obesity disorder; normal	blood plasma
PXD057848	/public/conode53/AIRFLOW/temp/PXD057848/diann/240400_Has_Pre05	Bone marrow	0.1187	blood	False	False	0.7688	2	Near-Agreement (Subpart / Secretome)	hematopoietic system	obesity disorder; normal	blood plasma
PXD057848	/public/conode53/AIRFLOW/temp/PXD057848/diann/240400_Has_Pre06	Bone marrow	0.1271	blood	False	False	0.7688	2	Near-Agreement (Subpart / Secretome)	hematopoietic system	obesity disorder; normal	blood plasma
PXD057848	/public/conode53/AIRFLOW/temp/PXD057848/diann/240400_Has_Pre08	Bone marrow	0.1138	blood	False	False	0.7688	2	Near-Agreement (Subpart / Secretome)	hematopoietic system	obesity disorder; normal	blood plasma
PXD057848	/public/conode53/AIRFLOW/temp/PXD057848/diann/240400_Has_Pre09	Bone marrow	0.1121	blood	False	False	0.7688	2	Near-Agreement (Subpart / Secretome)	hematopoietic system	obesity disorder; normal	blood plasma
PXD057848	/public/conode53/AIRFLOW/temp/PXD057848/diann/240400_Has_Pre14	Bone marrow	0.1321	blood	False	False	0.7688	2	Near-Agreement (Subpart / Secretome)	hematopoietic system	obesity disorder; normal	blood plasma
PXD057848	/public/conode53/AIRFLOW/temp/PXD057848/diann/240400_Has_Pre17	Bone marrow	0.1305	blood	False	False	0.7688	2	Near-Agreement (Subpart / Secretome)	hematopoietic system	obesity disorder; normal	blood plasma
PXD057848	/public/conode53/AIRFLOW/temp/PXD057848/diann/240400_Has_Pre18	Bone marrow	0.1261	blood	False	False	0.7688	2	Near-Agreement (Subpart / Secretome)	hematopoietic system	obesity disorder; normal	blood plasma
PXD057848	/public/conode53/AIRFLOW/temp/PXD057848/diann/240400_Has_Pre25	Bone marrow	0.1271	blood	False	False	0.7688	2	Near-Agreement (Subpart / Secretome)	hematopoietic system	obesity disorder; normal	blood plasma
PXD057848	/public/conode53/AIRFLOW/temp/PXD057848/diann/240400_Has_Pre27	Bone marrow	0.1045	blood	False	False	0.7688	2	Near-Agreement (Subpart / Secretome)	hematopoietic system	obesity disorder; normal	blood plasma
PXD057848	/public/conode53/AIRFLOW/temp/PXD057848/diann/240400_Has_Pre28	Bone marrow	0.1019	blood	False	False	0.7688	2	Near-Agreement (Subpart / Secretome)	hematopoietic system	obesity disorder; normal	blood plasma
PXD057848	/public/conode53/AIRFLOW/temp/PXD057848/diann/240400_Has_Pre29	Bone marrow	0.1236	blood	False	False	0.7688	2	Near-Agreement (Subpart / Secretome)	hematopoietic system	obesity disorder; normal	blood plasma
PXD057848	/public/conode53/AIRFLOW/temp/PXD057848/diann/240400_Has_Pre30	Bone marrow	0.122	blood	False	False	0.7688	2	Near-Agreement (Subpart / Secretome)	hematopoietic system	obesity disorder; normal	blood plasma
PXD057848	/public/conode53/AIRFLOW/temp/PXD057848/diann/240400_Has_Pre32	Bone marrow	0.1141	blood	False	False	0.7688	2	Near-Agreement (Subpart / Secretome)	hematopoietic system	obesity disorder; normal	blood plasma
PXD057848	/public/conode53/AIRFLOW/temp/PXD057848/diann/240400_Has_Pre37	Bone marrow	0.1226	blood	False	False	0.7688	2	Near-Agreement (Subpart / Secretome)	hematopoietic system	obesity disorder; normal	blood plasma
PXD057848	/public/conode53/AIRFLOW/temp/PXD057848/diann/240400_Has_Pre38	Bone marrow	0.1216	blood	False	False	0.7688	2	Near-Agreement (Subpart / Secretome)	hematopoietic system	obesity disorder; normal	blood plasma
PXD057848	/public/conode53/AIRFLOW/temp/PXD057848/diann/240400_Has_Pre40	Bone marrow	0.1285	blood	False	False	0.7688	2	Near-Agreement (Subpart / Secretome)	hematopoietic system	obesity disorder; normal	blood plasma
PXD057848	/public/conode53/AIRFLOW/temp/PXD057848/diann/240400_Has_Pre41	Bone marrow	0.1261	blood	False	False	0.7688	2	Near-Agreement (Subpart / Secretome)	hematopoietic system	obesity disorder; normal	blood plasma
PXD057848	/public/conode53/AIRFLOW/temp/PXD057848/diann/240400_Has_Pre42	Bone marrow	0.1225	blood	False	False	0.7688	2	Near-Agreement (Subpart / Secretome)	hematopoietic system	obesity disorder; normal	blood plasma
PXD057848	/public/conode53/AIRFLOW/temp/PXD057848/diann/240400_Has_Pre43	Bone marrow	0.1272	blood	False	False	0.7688	2	Near-Agreement (Subpart / Secretome)	hematopoietic system	obesity disorder; normal	blood plasma
PXD057848	/public/conode53/AIRFLOW/temp/PXD057848/diann/240400_Has_Pre44	Bone marrow	0.116	blood	False	False	0.7688	2	Near-Agreement (Subpart / Secretome)	hematopoietic system	obesity disorder; normal	blood plasma
PXD057848	/public/conode53/AIRFLOW/temp/PXD057848/diann/240400_Has_Pre51	Bone marrow	0.1155	blood	False	False	0.7688	2	Near-Agreement (Subpart / Secretome)	hematopoietic system	obesity disorder; normal	blood plasma
PXD057848	/public/conode53/AIRFLOW/temp/PXD057848/diann/240400_Has_Pre61	Bone marrow	0.1313	blood	False	False	0.7688	2	Near-Agreement (Subpart / Secretome)	hematopoietic system	obesity disorder; normal	blood plasma
PXD057848	/public/conode53/AIRFLOW/temp/PXD057848/diann/240400_Has_Pre62	Lung	0.1019	blood	False	False	0.3545	4	Distant Concordance (Organ System)	thoracic cavity element	obesity disorder; normal	blood plasma
PXD057848	N.Proteotypic.Sequences	Adipose tissue	0.1992	blood	False	False	0.2756	5	True Conflict	mesenchymal stem cell	obesity disorder; normal	blood plasma
PXD057848	N.Sequences	Adipose tissue	0.1736	blood	False	False	0.2756	5	True Conflict	mesenchymal stem cell	obesity disorder; normal	blood plasma
PXD057968	Ind1_220823_Lysate_Control_1_30min	Bone marrow	0.2823	blood	False	False	0.7688	2	Near-Agreement (Subpart / Secretome)	hematopoietic system	normal	hematopoietic cell
PXD057968	Ind1_220823_Lysate_Control_1_90min	Bone marrow	0.3079	blood	False	False	0.7688	2	Near-Agreement (Subpart / Secretome)	hematopoietic system	normal	hematopoietic cell
PXD057968	Ind1_220823_Lysate_Control_2_30min	Bone marrow	0.2926	blood	False	False	0.7688	2	Near-Agreement (Subpart / Secretome)	hematopoietic system	normal	hematopoietic cell
PXD057968	Ind1_220823_Lysate_Control_2_90min	Bone marrow	0.2843	blood	False	False	0.7688	2	Near-Agreement (Subpart / Secretome)	hematopoietic system	normal	hematopoietic cell
PXD057968	Ind1_220823_Lysate_Control_3_30min	Bone marrow	0.2877	blood	False	False	0.7688	2	Near-Agreement (Subpart / Secretome)	hematopoietic system	normal	hematopoietic cell
PXD057968	Ind1_220823_Lysate_Control_3_90min	Bone marrow	0.3092	blood	False	False	0.7688	2	Near-Agreement (Subpart / Secretome)	hematopoietic system	normal	hematopoietic cell
PXD057968	Ind1_220823_Lysate_Control_4_30min	Bone marrow	0.3118	blood	False	False	0.7688	2	Near-Agreement (Subpart / Secretome)	hematopoietic system	normal	hematopoietic cell
PXD057968	Ind1_220823_Lysate_Control_4_90min	Bone marrow	0.3037	blood	False	False	0.7688	2	Near-Agreement (Subpart / Secretome)	hematopoietic system	normal	hematopoietic cell
PXD057968	Ind1_220823_Lysate_Ionomycin_1_30min	Bone marrow	0.2704	blood	False	False	0.7688	2	Near-Agreement (Subpart / Secretome)	hematopoietic system	normal	hematopoietic cell
PXD057968	Ind1_220823_Lysate_Ionomycin_1_90min	Bone marrow	0.2802	blood	False	False	0.7688	2	Near-Agreement (Subpart / Secretome)	hematopoietic system	normal	hematopoietic cell
PXD057968	Ind1_220823_Lysate_Ionomycin_2_30min	Bone marrow	0.2599	blood	False	False	0.7688	2	Near-Agreement (Subpart / Secretome)	hematopoietic system	normal	hematopoietic cell
PXD057968	Ind1_220823_Lysate_Ionomycin_2_90min	Bone marrow	0.3318	blood	False	False	0.7688	2	Near-Agreement (Subpart / Secretome)	hematopoietic system	normal	hematopoietic cell
PXD057968	Ind1_220823_Lysate_Ionomycin_3_30min	Bone marrow	0.3153	blood	False	False	0.7688	2	Near-Agreement (Subpart / Secretome)	hematopoietic system	normal	hematopoietic cell
PXD057968	Ind1_220823_Lysate_Ionomycin_3_90min	Bone marrow	0.2764	blood	False	False	0.7688	2	Near-Agreement (Subpart / Secretome)	hematopoietic system	normal	hematopoietic cell
PXD057968	Ind1_220823_Lysate_Ionomycin_4_30min	Bone marrow	0.2966	blood	False	False	0.7688	2	Near-Agreement (Subpart / Secretome)	hematopoietic system	normal	hematopoietic cell
PXD057968	Ind1_220823_Lysate_Ionomycin_4_90min	Bone marrow	0.2832	blood	False	False	0.7688	2	Near-Agreement (Subpart / Secretome)	hematopoietic system	normal	hematopoietic cell
PXD057968	Ind1_220823_Lysate_PMA_1_30min	Bone marrow	0.3215	blood	False	False	0.7688	2	Near-Agreement (Subpart / Secretome)	hematopoietic system	normal	hematopoietic cell
PXD057968	Ind1_220823_Lysate_PMA_1_90min	Bone marrow	0.2385	blood	False	False	0.7688	2	Near-Agreement (Subpart / Secretome)	hematopoietic system	normal	hematopoietic cell
PXD057968	Ind1_220823_Lysate_PMA_2_30min	Bone marrow	0.2488	blood	False	False	0.7688	2	Near-Agreement (Subpart / Secretome)	hematopoietic system	normal	hematopoietic cell
PXD057968	Ind1_220823_Lysate_PMA_2_90min	Bone marrow	0.2658	blood	False	False	0.7688	2	Near-Agreement (Subpart / Secretome)	hematopoietic system	normal	hematopoietic cell
PXD057968	Ind1_220823_Lysate_PMA_3_30min	Bone marrow	0.2728	blood	False	False	0.7688	2	Near-Agreement (Subpart / Secretome)	hematopoietic system	normal	hematopoietic cell
PXD057968	Ind1_220823_Lysate_PMA_3_90min	Bone marrow	0.2511	blood	False	False	0.7688	2	Near-Agreement (Subpart / Secretome)	hematopoietic system	normal	hematopoietic cell
PXD057968	Ind1_220823_Lysate_PMA_4_30min	Bone marrow	0.2362	blood	False	False	0.7688	2	Near-Agreement (Subpart / Secretome)	hematopoietic system	normal	hematopoietic cell
PXD057968	Ind1_220823_Lysate_PMA_4_90min	Bone marrow	0.2561	blood	False	False	0.7688	2	Near-Agreement (Subpart / Secretome)	hematopoietic system	normal	hematopoietic cell
PXD057968	Ind1_220823_Secretome_Control_1_30min	Bone marrow	0.2844	blood	False	False	0.7688	2	Near-Agreement (Subpart / Secretome)	hematopoietic system	normal	hematopoietic cell
PXD057968	Ind1_220823_Secretome_Control_1_90min	Monocytes	0.2732	blood	False	False	0.8311	4	Near-Agreement (Subpart / Secretome)	basophilic cytoplasm	normal	hematopoietic cell
PXD057968	Ind1_220823_Secretome_Control_2_30min	Bone marrow	0.2752	blood	False	False	0.7688	2	Near-Agreement (Subpart / Secretome)	hematopoietic system	normal	hematopoietic cell
PXD057968	Ind1_220823_Secretome_Control_2_90min	Bone marrow	0.2644	blood	False	False	0.7688	2	Near-Agreement (Subpart / Secretome)	hematopoietic system	normal	hematopoietic cell
PXD057968	Ind1_220823_Secretome_Control_3_30min	Bone marrow	0.3121	blood	False	False	0.7688	2	Near-Agreement (Subpart / Secretome)	hematopoietic system	normal	hematopoietic cell
PXD057968	Ind1_220823_Secretome_Control_3_90min	Bone marrow	0.2483	blood	False	False	0.7688	2	Near-Agreement (Subpart / Secretome)	hematopoietic system	normal	hematopoietic cell
PXD057968	Ind1_220823_Secretome_Control_4_30min	Bone marrow	0.2527	blood	False	False	0.7688	2	Near-Agreement (Subpart / Secretome)	hematopoietic system	normal	hematopoietic cell
PXD057968	Ind1_220823_Secretome_Control_4_90min	Bone marrow	0.2644	blood	False	False	0.7688	2	Near-Agreement (Subpart / Secretome)	hematopoietic system	normal	hematopoietic cell
PXD057968	Ind1_220823_Secretome_Ionomycin_1_30min	Bone marrow	0.2925	blood	False	False	0.7688	2	Near-Agreement (Subpart / Secretome)	hematopoietic system	normal	hematopoietic cell
PXD057968	Ind1_220823_Secretome_Ionomycin_1_90min	Bone marrow	0.3031	blood	False	False	0.7688	2	Near-Agreement (Subpart / Secretome)	hematopoietic system	normal	hematopoietic cell
PXD057968	Ind1_220823_Secretome_Ionomycin_2_30min	Bone marrow	0.2746	blood	False	False	0.7688	2	Near-Agreement (Subpart / Secretome)	hematopoietic system	normal	hematopoietic cell
PXD057968	Ind1_220823_Secretome_Ionomycin_2_90min	Bone marrow	0.2644	blood	False	False	0.7688	2	Near-Agreement (Subpart / Secretome)	hematopoietic system	normal	hematopoietic cell
PXD057968	Ind1_220823_Secretome_Ionomycin_3_30min	Bone marrow	0.2467	blood	False	False	0.7688	2	Near-Agreement (Subpart / Secretome)	hematopoietic system	normal	hematopoietic cell
PXD057968	Ind1_220823_Secretome_Ionomycin_3_90min	Bone marrow	0.3262	blood	False	False	0.7688	2	Near-Agreement (Subpart / Secretome)	hematopoietic system	normal	hematopoietic cell
PXD057968	Ind1_220823_Secretome_Ionomycin_4_30min	Bone marrow	0.3106	blood	False	False	0.7688	2	Near-Agreement (Subpart / Secretome)	hematopoietic system	normal	hematopoietic cell
PXD057968	Ind1_220823_Secretome_Ionomycin_4_90min	Bone marrow	0.2747	blood	False	False	0.7688	2	Near-Agreement (Subpart / Secretome)	hematopoietic system	normal	hematopoietic cell
PXD057968	Ind1_220823_Secretome_PMA_1_30min	Bone marrow	0.2793	blood	False	False	0.7688	2	Near-Agreement (Subpart / Secretome)	hematopoietic system	normal	hematopoietic cell
PXD057968	Ind1_220823_Secretome_PMA_1_90min	Bone marrow	0.2664	blood	False	False	0.7688	2	Near-Agreement (Subpart / Secretome)	hematopoietic system	normal	hematopoietic cell
PXD057968	Ind1_220823_Secretome_PMA_2_30min	Bone marrow	0.2371	blood	False	False	0.7688	2	Near-Agreement (Subpart / Secretome)	hematopoietic system	normal	hematopoietic cell
PXD057968	Ind1_220823_Secretome_PMA_2_90min	Bone marrow	0.2396	blood	False	False	0.7688	2	Near-Agreement (Subpart / Secretome)	hematopoietic system	normal	hematopoietic cell
PXD057968	Ind1_220823_Secretome_PMA_3_30min	Bone marrow	0.2543	blood	False	False	0.7688	2	Near-Agreement (Subpart / Secretome)	hematopoietic system	normal	hematopoietic cell
PXD057968	Ind1_220823_Secretome_PMA_3_90min	Bone marrow	0.2943	blood	False	False	0.7688	2	Near-Agreement (Subpart / Secretome)	hematopoietic system	normal	hematopoietic cell
PXD057968	Ind1_220823_Secretome_PMA_4_30min	Bone marrow	0.2622	blood	False	False	0.7688	2	Near-Agreement (Subpart / Secretome)	hematopoietic system	normal	hematopoietic cell
PXD057968	Ind1_220823_Secretome_PMA_4_90min	Bone marrow	0.2709	blood	False	False	0.7688	2	Near-Agreement (Subpart / Secretome)	hematopoietic system	normal	hematopoietic cell
PXD057968	Ind2_220930_Lysate_Control_1_30min	Monocytes	0.3992	blood	False	False	0.8311	4	Near-Agreement (Subpart / Secretome)	basophilic cytoplasm	normal	hematopoietic cell
PXD057968	Ind2_220930_Lysate_Control_1_90min	Monocytes	0.3288	blood	False	False	0.8311	4	Near-Agreement (Subpart / Secretome)	basophilic cytoplasm	normal	hematopoietic cell
PXD057968	Ind2_220930_Lysate_Control_2_30min	Monocytes	0.3617	blood	False	False	0.8311	4	Near-Agreement (Subpart / Secretome)	basophilic cytoplasm	normal	hematopoietic cell
PXD057968	Ind2_220930_Lysate_Control_2_90min	Monocytes	0.3334	blood	False	False	0.8311	4	Near-Agreement (Subpart / Secretome)	basophilic cytoplasm	normal	hematopoietic cell
PXD057968	Ind2_220930_Lysate_Control_3_30min	Monocytes	0.3176	blood	False	False	0.8311	4	Near-Agreement (Subpart / Secretome)	basophilic cytoplasm	normal	hematopoietic cell
PXD057968	Ind2_220930_Lysate_Control_3_90min	Monocytes	0.3455	blood	False	False	0.8311	4	Near-Agreement (Subpart / Secretome)	basophilic cytoplasm	normal	hematopoietic cell
PXD057968	Ind2_220930_Lysate_Ionomycin_1_30min	Monocytes	0.3505	blood	False	False	0.8311	4	Near-Agreement (Subpart / Secretome)	basophilic cytoplasm	normal	hematopoietic cell
PXD057968	Ind2_220930_Lysate_Ionomycin_1_90min	Monocytes	0.3102	blood	False	False	0.8311	4	Near-Agreement (Subpart / Secretome)	basophilic cytoplasm	normal	hematopoietic cell
PXD057968	Ind2_220930_Lysate_Ionomycin_2_30min	Monocytes	0.3959	blood	False	False	0.8311	4	Near-Agreement (Subpart / Secretome)	basophilic cytoplasm	normal	hematopoietic cell
PXD057968	Ind2_220930_Lysate_Ionomycin_2_90min	Monocytes	0.4115	blood	False	False	0.8311	4	Near-Agreement (Subpart / Secretome)	basophilic cytoplasm	normal	hematopoietic cell
PXD057968	Ind2_220930_Lysate_Ionomycin_3_30min	Monocytes	0.3354	blood	False	False	0.8311	4	Near-Agreement (Subpart / Secretome)	basophilic cytoplasm	normal	hematopoietic cell
PXD057968	Ind2_220930_Lysate_Ionomycin_3_90min	Monocytes	0.3806	blood	False	False	0.8311	4	Near-Agreement (Subpart / Secretome)	basophilic cytoplasm	normal	hematopoietic cell
PXD057968	Ind2_220930_Lysate_PMA_1_30min	Monocytes	0.3989	blood	False	False	0.8311	4	Near-Agreement (Subpart / Secretome)	basophilic cytoplasm	normal	hematopoietic cell
PXD057968	Ind2_220930_Lysate_PMA_1_90min	Monocytes	0.3643	blood	False	False	0.8311	4	Near-Agreement (Subpart / Secretome)	basophilic cytoplasm	normal	hematopoietic cell
PXD057968	Ind2_220930_Lysate_PMA_2_30min	Monocytes	0.3922	blood	False	False	0.8311	4	Near-Agreement (Subpart / Secretome)	basophilic cytoplasm	normal	hematopoietic cell
PXD057968	Ind2_220930_Lysate_PMA_2_90min	Monocytes	0.4188	blood	False	False	0.8311	4	Near-Agreement (Subpart / Secretome)	basophilic cytoplasm	normal	hematopoietic cell
PXD057968	Ind2_220930_Lysate_PMA_3_30min	Monocytes	0.2956	blood	False	False	0.8311	4	Near-Agreement (Subpart / Secretome)	basophilic cytoplasm	normal	hematopoietic cell
PXD057968	Ind2_220930_Lysate_PMA_3_90min	Monocytes	0.4051	blood	False	False	0.8311	4	Near-Agreement (Subpart / Secretome)	basophilic cytoplasm	normal	hematopoietic cell
PXD057968	Ind2_220930_Secretome_Control_1_30min	Monocytes	0.2816	blood	False	False	0.8311	4	Near-Agreement (Subpart / Secretome)	basophilic cytoplasm	normal	hematopoietic cell
PXD057968	Ind2_220930_Secretome_Control_1_90min	Monocytes	0.2706	blood	False	False	0.8311	4	Near-Agreement (Subpart / Secretome)	basophilic cytoplasm	normal	hematopoietic cell
PXD057968	Ind2_220930_Secretome_Control_2_30min	Monocytes	0.266	blood	False	False	0.8311	4	Near-Agreement (Subpart / Secretome)	basophilic cytoplasm	normal	hematopoietic cell
PXD057968	Ind2_220930_Secretome_Control_2_90min	Monocytes	0.2936	blood	False	False	0.8311	4	Near-Agreement (Subpart / Secretome)	basophilic cytoplasm	normal	hematopoietic cell
PXD057968	Ind2_220930_Secretome_Control_3_30min	Monocytes	0.2404	blood	False	False	0.8311	4	Near-Agreement (Subpart / Secretome)	basophilic cytoplasm	normal	hematopoietic cell
PXD057968	Ind2_220930_Secretome_Control_3_90min	Monocytes	0.3293	blood	False	False	0.8311	4	Near-Agreement (Subpart / Secretome)	basophilic cytoplasm	normal	hematopoietic cell
PXD057968	Ind2_220930_Secretome_Ionomycin_1_30min	Monocytes	0.2773	blood	False	False	0.8311	4	Near-Agreement (Subpart / Secretome)	basophilic cytoplasm	normal	hematopoietic cell
PXD057968	Ind2_220930_Secretome_Ionomycin_1_90min	Monocytes	0.3743	blood	False	False	0.8311	4	Near-Agreement (Subpart / Secretome)	basophilic cytoplasm	normal	hematopoietic cell
PXD057968	Ind2_220930_Secretome_Ionomycin_2_30min	Monocytes	0.2552	blood	False	False	0.8311	4	Near-Agreement (Subpart / Secretome)	basophilic cytoplasm	normal	hematopoietic cell
PXD057968	Ind2_220930_Secretome_Ionomycin_2_90min	Monocytes	0.3133	blood	False	False	0.8311	4	Near-Agreement (Subpart / Secretome)	basophilic cytoplasm	normal	hematopoietic cell
PXD057968	Ind2_220930_Secretome_Ionomycin_3_30min	Monocytes	0.2574	blood	False	False	0.8311	4	Near-Agreement (Subpart / Secretome)	basophilic cytoplasm	normal	hematopoietic cell
PXD057968	Ind2_220930_Secretome_Ionomycin_3_90min	Monocytes	0.2234	blood	False	False	0.8311	4	Near-Agreement (Subpart / Secretome)	basophilic cytoplasm	normal	hematopoietic cell
PXD057968	Ind2_220930_Secretome_PMA_1_30min	Monocytes	0.2103	blood	False	False	0.8311	4	Near-Agreement (Subpart / Secretome)	basophilic cytoplasm	normal	hematopoietic cell
PXD057968	Ind2_220930_Secretome_PMA_1_90min	Monocytes	0.2099	blood	False	False	0.8311	4	Near-Agreement (Subpart / Secretome)	basophilic cytoplasm	normal	hematopoietic cell
PXD057968	Ind2_220930_Secretome_PMA_2_30min	Bone marrow	0.2369	blood	False	False	0.7688	2	Near-Agreement (Subpart / Secretome)	hematopoietic system	normal	hematopoietic cell
PXD057968	Ind2_220930_Secretome_PMA_2_90min	Bone marrow	0.2441	blood	False	False	0.7688	2	Near-Agreement (Subpart / Secretome)	hematopoietic system	normal	hematopoietic cell
PXD057968	Ind2_220930_Secretome_PMA_3_30min	Bone marrow	0.2261	blood	False	False	0.7688	2	Near-Agreement (Subpart / Secretome)	hematopoietic system	normal	hematopoietic cell
PXD057968	Ind2_220930_Secretome_PMA_3_90min	Monocytes	0.2205	blood	False	False	0.8311	4	Near-Agreement (Subpart / Secretome)	basophilic cytoplasm	normal	hematopoietic cell
PXD057968	Ind3_221010_Lysate_Control_1_30min	Monocytes	0.3918	blood	False	False	0.8311	4	Near-Agreement (Subpart / Secretome)	basophilic cytoplasm	normal	hematopoietic cell
PXD057968	Ind3_221010_Lysate_Control_1_90min	Monocytes	0.3326	blood	False	False	0.8311	4	Near-Agreement (Subpart / Secretome)	basophilic cytoplasm	normal	hematopoietic cell
PXD057968	Ind3_221010_Lysate_Control_2_30min	Monocytes	0.3838	blood	False	False	0.8311	4	Near-Agreement (Subpart / Secretome)	basophilic cytoplasm	normal	hematopoietic cell
PXD057968	Ind3_221010_Lysate_Control_3_30min	Monocytes	0.4196	blood	False	False	0.8311	4	Near-Agreement (Subpart / Secretome)	basophilic cytoplasm	normal	hematopoietic cell
PXD057968	Ind3_221010_Lysate_Control_3_90min	Monocytes	0.3288	blood	False	False	0.8311	4	Near-Agreement (Subpart / Secretome)	basophilic cytoplasm	normal	hematopoietic cell
PXD057968	Ind3_221010_Lysate_Ionomycin_1_30min	Monocytes	0.4489	blood	False	False	0.8311	4	Near-Agreement (Subpart / Secretome)	basophilic cytoplasm	normal	hematopoietic cell
PXD057968	Ind3_221010_Lysate_Ionomycin_1_90min	Monocytes	0.3497	blood	False	False	0.8311	4	Near-Agreement (Subpart / Secretome)	basophilic cytoplasm	normal	hematopoietic cell
PXD057968	Ind3_221010_Lysate_Ionomycin_2_30min	Monocytes	0.3787	blood	False	False	0.8311	4	Near-Agreement (Subpart / Secretome)	basophilic cytoplasm	normal	hematopoietic cell
PXD057968	Ind3_221010_Lysate_Ionomycin_2_90min	Monocytes	0.2968	blood	False	False	0.8311	4	Near-Agreement (Subpart / Secretome)	basophilic cytoplasm	normal	hematopoietic cell
PXD057968	Ind3_221010_Lysate_Ionomycin_3_30min	Monocytes	0.395	blood	False	False	0.8311	4	Near-Agreement (Subpart / Secretome)	basophilic cytoplasm	normal	hematopoietic cell
PXD057968	Ind3_221010_Lysate_Ionomycin_3_90min	Monocytes	0.3622	blood	False	False	0.8311	4	Near-Agreement (Subpart / Secretome)	basophilic cytoplasm	normal	hematopoietic cell
PXD057968	Ind3_221010_Lysate_PMA_1_30min	Monocytes	0.3639	blood	False	False	0.8311	4	Near-Agreement (Subpart / Secretome)	basophilic cytoplasm	normal	hematopoietic cell
PXD057968	Ind3_221010_Lysate_PMA_1_90min	Monocytes	0.4144	blood	False	False	0.8311	4	Near-Agreement (Subpart / Secretome)	basophilic cytoplasm	normal	hematopoietic cell
PXD057968	Ind3_221010_Lysate_PMA_2_30min	Monocytes	0.4005	blood	False	False	0.8311	4	Near-Agreement (Subpart / Secretome)	basophilic cytoplasm	normal	hematopoietic cell
PXD057968	Ind3_221010_Lysate_PMA_2_90min	Monocytes	0.3505	blood	False	False	0.8311	4	Near-Agreement (Subpart / Secretome)	basophilic cytoplasm	normal	hematopoietic cell
PXD057968	Ind3_221010_Lysate_PMA_3_30min	Monocytes	0.4098	blood	False	False	0.8311	4	Near-Agreement (Subpart / Secretome)	basophilic cytoplasm	normal	hematopoietic cell
PXD057968	Ind3_221010_Lysate_PMA_3_90min	Monocytes	0.2522	blood	False	False	0.8311	4	Near-Agreement (Subpart / Secretome)	basophilic cytoplasm	normal	hematopoietic cell
PXD057968	Ind3_221010_Secretome_Control_1_30min	Monocytes	0.3188	blood	False	False	0.8311	4	Near-Agreement (Subpart / Secretome)	basophilic cytoplasm	normal	hematopoietic cell
PXD057968	Ind3_221010_Secretome_Control_1_90min	Monocytes	0.3119	blood	False	False	0.8311	4	Near-Agreement (Subpart / Secretome)	basophilic cytoplasm	normal	hematopoietic cell
PXD057968	Ind3_221010_Secretome_Control_2_30min	Monocytes	0.2807	blood	False	False	0.8311	4	Near-Agreement (Subpart / Secretome)	basophilic cytoplasm	normal	hematopoietic cell
PXD057968	Ind3_221010_Secretome_Control_2_90min	Monocytes	0.3837	blood	False	False	0.8311	4	Near-Agreement (Subpart / Secretome)	basophilic cytoplasm	normal	hematopoietic cell
PXD057968	Ind3_221010_Secretome_Control_3_30min	Monocytes	0.2929	blood	False	False	0.8311	4	Near-Agreement (Subpart / Secretome)	basophilic cytoplasm	normal	hematopoietic cell
PXD057968	Ind3_221010_Secretome_Control_3_90min	Monocytes	0.3996	blood	False	False	0.8311	4	Near-Agreement (Subpart / Secretome)	basophilic cytoplasm	normal	hematopoietic cell
PXD057968	Ind3_221010_Secretome_Ionomycin_1_30min	Monocytes	0.2888	blood	False	False	0.8311	4	Near-Agreement (Subpart / Secretome)	basophilic cytoplasm	normal	hematopoietic cell
PXD057968	Ind3_221010_Secretome_Ionomycin_1_90min	Monocytes	0.3843	blood	False	False	0.8311	4	Near-Agreement (Subpart / Secretome)	basophilic cytoplasm	normal	hematopoietic cell
PXD057968	Ind3_221010_Secretome_Ionomycin_2_30min	Monocytes	0.2759	blood	False	False	0.8311	4	Near-Agreement (Subpart / Secretome)	basophilic cytoplasm	normal	hematopoietic cell
PXD057968	Ind3_221010_Secretome_Ionomycin_2_90min	Monocytes	0.3418	blood	False	False	0.8311	4	Near-Agreement (Subpart / Secretome)	basophilic cytoplasm	normal	hematopoietic cell
PXD057968	Ind3_221010_Secretome_Ionomycin_3_30min	Monocytes	0.3197	blood	False	False	0.8311	4	Near-Agreement (Subpart / Secretome)	basophilic cytoplasm	normal	hematopoietic cell
PXD057968	Ind3_221010_Secretome_Ionomycin_3_90min	Monocytes	0.3666	blood	False	False	0.8311	4	Near-Agreement (Subpart / Secretome)	basophilic cytoplasm	normal	hematopoietic cell
PXD057968	Ind3_221010_Secretome_PMA_1_30min	Monocytes	0.2905	blood	False	False	0.8311	4	Near-Agreement (Subpart / Secretome)	basophilic cytoplasm	normal	hematopoietic cell
PXD057968	Ind3_221010_Secretome_PMA_1_90min	Monocytes	0.3252	blood	False	False	0.8311	4	Near-Agreement (Subpart / Secretome)	basophilic cytoplasm	normal	hematopoietic cell
PXD057968	Ind3_221010_Secretome_PMA_2_30min	Monocytes	0.272	blood	False	False	0.8311	4	Near-Agreement (Subpart / Secretome)	basophilic cytoplasm	normal	hematopoietic cell
PXD057968	Ind3_221010_Secretome_PMA_2_90min	Monocytes	0.3545	blood	False	False	0.8311	4	Near-Agreement (Subpart / Secretome)	basophilic cytoplasm	normal	hematopoietic cell
PXD057968	Ind3_221010_Secretome_PMA_3_30min	Monocytes	0.2164	blood	False	False	0.8311	4	Near-Agreement (Subpart / Secretome)	basophilic cytoplasm	normal	hematopoietic cell
PXD057968	Ind3_221010_Secretome_PMA_3_90min	Monocytes	0.3109	blood	False	False	0.8311	4	Near-Agreement (Subpart / Secretome)	basophilic cytoplasm	normal	hematopoietic cell
PXD058661	/public/conode53/AIRFLOW/temp/PXD058661/diann/AF4_I_A_Pro	Bone marrow	0.0942	blood	False	False	0.7688	2	Near-Agreement (Subpart / Secretome)	hematopoietic system	normal	healthy volunteer
PXD058661	/public/conode53/AIRFLOW/temp/PXD058661/diann/AF4_I_B_Pro	Bone marrow	0.0917	blood	False	False	0.7688	2	Near-Agreement (Subpart / Secretome)	hematopoietic system	normal	healthy volunteer
PXD058661	/public/conode53/AIRFLOW/temp/PXD058661/diann/AF4_Il_A_Pro	Bone marrow	0.0939	blood	False	False	0.7688	2	Near-Agreement (Subpart / Secretome)	hematopoietic system	normal	healthy volunteer
PXD058661	/public/conode53/AIRFLOW/temp/PXD058661/diann/AF4_Il_B_Pro	Bone marrow	0.0998	blood	False	False	0.7688	2	Near-Agreement (Subpart / Secretome)	hematopoietic system	normal	healthy volunteer
PXD058661	/public/conode53/AIRFLOW/temp/PXD058661/diann/AF4_Ill_A_Pro	Bone marrow	0.0864	blood	False	False	0.7688	2	Near-Agreement (Subpart / Secretome)	hematopoietic system	normal	healthy volunteer
PXD058661	/public/conode53/AIRFLOW/temp/PXD058661/diann/AF4_Ill_B_Pro	Bone marrow	0.0914	blood	False	False	0.7688	2	Near-Agreement (Subpart / Secretome)	hematopoietic system	normal	healthy volunteer
PXD058661	/public/conode53/AIRFLOW/temp/PXD058661/diann/DM_FY1	Bone marrow	0.0992	blood	False	False	0.7688	2	Near-Agreement (Subpart / Secretome)	hematopoietic system	normal	healthy volunteer
PXD058661	/public/conode53/AIRFLOW/temp/PXD058661/diann/DM_FY1_1	Adipose tissue	0.1	blood	False	False	0.2756	5	True Conflict	mesenchymal stem cell	normal	healthy volunteer
PXD058661	/public/conode53/AIRFLOW/temp/PXD058661/diann/DM_FY2_1_5V2	Bone marrow	0.0994	blood	False	False	0.7688	2	Near-Agreement (Subpart / Secretome)	hematopoietic system	normal	healthy volunteer
PXD058661	/public/conode53/AIRFLOW/temp/PXD058661/diann/DM_FY2_5V2	Bone marrow	0.0945	blood	False	False	0.7688	2	Near-Agreement (Subpart / Secretome)	hematopoietic system	normal	healthy volunteer
PXD058661	/public/conode53/AIRFLOW/temp/PXD058661/diann/DM_FY3_2_5V3	Adipose tissue	0.0998	blood	False	False	0.2756	5	True Conflict	mesenchymal stem cell	normal	healthy volunteer
PXD058661	/public/conode53/AIRFLOW/temp/PXD058661/diann/DM_FY3_5V3	Bone marrow	0.104	blood	False	False	0.7688	2	Near-Agreement (Subpart / Secretome)	hematopoietic system	normal	healthy volunteer
PXD058661	/public/conode53/AIRFLOW/temp/PXD058661/diann/FY5V2_1	Adipose tissue	0.1387	blood	False	False	0.2756	5	True Conflict	mesenchymal stem cell	normal	healthy volunteer
PXD058661	/public/conode53/AIRFLOW/temp/PXD058661/diann/FY5V2_2	Bone marrow	0.1416	blood	False	False	0.7688	2	Near-Agreement (Subpart / Secretome)	hematopoietic system	normal	healthy volunteer
PXD058661	/public/conode53/AIRFLOW/temp/PXD058661/diann/FY5V3_1	Bone marrow	0.1363	blood	False	False	0.7688	2	Near-Agreement (Subpart / Secretome)	hematopoietic system	normal	healthy volunteer
PXD058661	/public/conode53/AIRFLOW/temp/PXD058661/diann/FY5V3_2	Adipose tissue	0.1387	blood	False	False	0.2756	5	True Conflict	mesenchymal stem cell	normal	healthy volunteer
PXD058661	/public/conode53/AIRFLOW/temp/PXD058661/diann/FY_1	Adipose tissue	0.143	blood	False	False	0.2756	5	True Conflict	mesenchymal stem cell	normal	healthy volunteer
PXD058661	/public/conode53/AIRFLOW/temp/PXD058661/diann/FY_2	Adipose tissue	0.134	blood	False	False	0.2756	5	True Conflict	mesenchymal stem cell	normal	healthy volunteer
PXD058661	N.Proteotypic.Sequences	Thyroid	0.1411	blood	False	False	0.2139	4	Distant Concordance (Organ System)	unilaminar epithelium	normal	healthy volunteer
PXD058661	N.Sequences	Thyroid	0.0975	blood	False	False	0.2139	4	Distant Concordance (Organ System)	unilaminar epithelium	normal	healthy volunteer
PXD058882	/public/conode53/AIRFLOW/temp/PXD058882/diann/AFEVs2ndtrimester1	Duodenum	0.1566	amniotic fluid	False	False	0.6164	4	Distant Concordance (Organ System)	mucous gland	normal	amniotic fluid; Caesarean section samples
PXD058882	/public/conode53/AIRFLOW/temp/PXD058882/diann/AFEVs2ndtrimester2	Small intestine	0.1433	amniotic fluid	False	False	0.3871	5	Distant Concordance (Organ System)	digestive system element	normal	amniotic fluid; Caesarean section samples
PXD058882	/public/conode53/AIRFLOW/temp/PXD058882/diann/AFEVs2ndtrimester3	Duodenum	0.1295	amniotic fluid	False	False	0.6164	4	Distant Concordance (Organ System)	mucous gland	normal	amniotic fluid; Caesarean section samples
PXD058882	/public/conode53/AIRFLOW/temp/PXD058882/diann/AFEVs2ndtrimester4	Esophagus	0.1261	amniotic fluid	False	False	0.3567	4	Distant Concordance (Organ System)	digestive system element	normal	amniotic fluid; Caesarean section samples
PXD058882	/public/conode53/AIRFLOW/temp/PXD058882/diann/AFEVs2ndtrimester5	Duodenum	0.1834	amniotic fluid	False	False	0.6164	4	Distant Concordance (Organ System)	mucous gland	normal	amniotic fluid; Caesarean section samples
PXD058882	/public/conode53/AIRFLOW/temp/PXD058882/diann/AFEVs2ndtrimester6	Ovary	0.1553	amniotic fluid	False	False	0.0682	5	True Conflict	embryo	normal	amniotic fluid; Caesarean section samples
PXD058882	/public/conode53/AIRFLOW/temp/PXD058882/diann/AFEVsTerm1	Nasal Polyps	0.2158	amniotic fluid	False	False	0.8533	2	Near-Agreement (Subpart / Secretome)	minor salivary gland	normal	amniotic fluid; Caesarean section samples
PXD058882	/public/conode53/AIRFLOW/temp/PXD058882/diann/AFEVsTerm2	Esophagus	0.1732	amniotic fluid	False	False	0.3567	4	Distant Concordance (Organ System)	digestive system element	normal	amniotic fluid; Caesarean section samples
PXD058882	/public/conode53/AIRFLOW/temp/PXD058882/diann/AFEVsTerm3	Nasal Polyps	0.2056	amniotic fluid	False	False	0.8533	2	Near-Agreement (Subpart / Secretome)	minor salivary gland	normal	amniotic fluid; Caesarean section samples
PXD058882	/public/conode53/AIRFLOW/temp/PXD058882/diann/AFEVsTerm4	Nasal Polyps	0.1846	amniotic fluid	False	False	0.8533	2	Near-Agreement (Subpart / Secretome)	minor salivary gland	normal	amniotic fluid; Caesarean section samples
PXD058882	/public/conode53/AIRFLOW/temp/PXD058882/diann/AFEVsTerm5	Stomach	0.1447	amniotic fluid	False	False	0.3871	5	Distant Concordance (Organ System)	digestive system element	normal	amniotic fluid; Caesarean section samples
PXD058882	/public/conode53/AIRFLOW/temp/PXD058882/diann/AFEVsTerm6	Esophagus	0.1531	amniotic fluid	False	False	0.3567	4	Distant Concordance (Organ System)	digestive system element	normal	amniotic fluid; Caesarean section samples
PXD058882	N.Proteotypic.Sequences	Ovary	0.1439	amniotic fluid	False	False	0.0682	5	True Conflict	embryo	normal	amniotic fluid; Caesarean section samples
PXD058882	N.Sequences	Tonsil	0.1671	amniotic fluid	False	False	0.6561	4	Distant Concordance (Organ System)	oral cavity	normal	amniotic fluid; Caesarean section samples
PXD058971	KO_brain	Bone marrow	0.2068	spleen; colon; liver; lung; kidney; muscle; brain; heart	False	True	0.6735	3	Distant Concordance (Organ System)	hematopoietic system	normal	mice
PXD058971	WT_brain	Bone marrow	0.2068	spleen; colon; liver; lung; kidney; muscle; brain; heart	False	True	0.6735	3	Distant Concordance (Organ System)	hematopoietic system	normal	mice
PXD058971	XYJ_0612-HEART-WT	Bone marrow	0.2068	spleen; colon; liver; lung; kidney; muscle; brain; heart	False	True	0.6735	3	Distant Concordance (Organ System)	hematopoietic system	normal	mice
PXD058971	XYJ_0612_10-SPLEEN-KO	Bone marrow	0.2068	spleen; colon; liver; lung; kidney; muscle; brain; heart	False	True	0.6735	3	Distant Concordance (Organ System)	hematopoietic system	normal	mice
PXD058971	XYJ_0612_13-COLON-WT	Bone marrow	0.2068	spleen; colon; liver; lung; kidney; muscle; brain; heart	False	True	0.6735	3	Distant Concordance (Organ System)	hematopoietic system	normal	mice
PXD058971	XYJ_0612_14-COLON-KO	Bone marrow	0.2068	spleen; colon; liver; lung; kidney; muscle; brain; heart	False	True	0.6735	3	Distant Concordance (Organ System)	hematopoietic system	normal	mice
PXD058971	XYJ_0612_17-LIVER-WT	Bone marrow	0.2068	spleen; colon; liver; lung; kidney; muscle; brain; heart	False	True	0.6735	3	Distant Concordance (Organ System)	hematopoietic system	normal	mice
PXD058971	XYJ_0612_18-LIVER-KO	Bone marrow	0.2068	spleen; colon; liver; lung; kidney; muscle; brain; heart	False	True	0.6735	3	Distant Concordance (Organ System)	hematopoietic system	normal	mice
PXD058971	XYJ_0612_4-HEART-KO	Bone marrow	0.2068	spleen; colon; liver; lung; kidney; muscle; brain; heart	False	True	0.6735	3	Distant Concordance (Organ System)	hematopoietic system	normal	mice
PXD058971	XYJ_0612_8-MUSCLE-KO	Bone marrow	0.2068	spleen; colon; liver; lung; kidney; muscle; brain; heart	False	True	0.6735	3	Distant Concordance (Organ System)	hematopoietic system	normal	mice
PXD058971	XYJ_0612_9-SPLEEN-WT	Bone marrow	0.2068	spleen; colon; liver; lung; kidney; muscle; brain; heart	False	True	0.6735	3	Distant Concordance (Organ System)	hematopoietic system	normal	mice
PXD058971	XYJ_0612_MUSCLE-WT	Bone marrow	0.2068	spleen; colon; liver; lung; kidney; muscle; brain; heart	False	True	0.6735	3	Distant Concordance (Organ System)	hematopoietic system	normal	mice
PXD058971	XYJ_10-SPLEEN-KO	Bone marrow	0.2068	spleen; colon; liver; lung; kidney; muscle; brain; heart	False	True	0.6735	3	Distant Concordance (Organ System)	hematopoietic system	normal	mice
PXD058971	XYJ_1125_1-LUC-CT	Bone marrow	0.2068	spleen; colon; liver; lung; kidney; muscle; brain; heart	False	True	0.6735	3	Distant Concordance (Organ System)	hematopoietic system	normal	mice
PXD058971	XYJ_1125_2-LUC-40	Bone marrow	0.2068	spleen; colon; liver; lung; kidney; muscle; brain; heart	False	True	0.6735	3	Distant Concordance (Organ System)	hematopoietic system	normal	mice
PXD058971	XYJ_1125_3-LUC-1	Bone marrow	0.2068	spleen; colon; liver; lung; kidney; muscle; brain; heart	False	True	0.6735	3	Distant Concordance (Organ System)	hematopoietic system	normal	mice
PXD058971	XYJ_1125_4-PCMT1-CT	Bone marrow	0.2068	spleen; colon; liver; lung; kidney; muscle; brain; heart	False	True	0.6735	3	Distant Concordance (Organ System)	hematopoietic system	normal	mice
PXD058971	XYJ_1125_5-PCMT1-40	Bone marrow	0.2068	spleen; colon; liver; lung; kidney; muscle; brain; heart	False	True	0.6735	3	Distant Concordance (Organ System)	hematopoietic system	normal	mice
PXD058971	XYJ_1125_6-PCMT1-1	Bone marrow	0.2068	spleen; colon; liver; lung; kidney; muscle; brain; heart	False	True	0.6735	3	Distant Concordance (Organ System)	hematopoietic system	normal	mice
PXD058971	XYJ_17-LIVER-WT	Bone marrow	0.2068	spleen; colon; liver; lung; kidney; muscle; brain; heart	False	True	0.6735	3	Distant Concordance (Organ System)	hematopoietic system	normal	mice
PXD058971	XYJ_18-LIVER-KO	Bone marrow	0.2068	spleen; colon; liver; lung; kidney; muscle; brain; heart	False	True	0.6735	3	Distant Concordance (Organ System)	hematopoietic system	normal	mice
PXD058971	XYJ_5-LUNG-WT	Bone marrow	0.2068	spleen; colon; liver; lung; kidney; muscle; brain; heart	False	True	0.6735	3	Distant Concordance (Organ System)	hematopoietic system	normal	mice
PXD058971	XYJ_6-LUNG-KO	Bone marrow	0.2068	spleen; colon; liver; lung; kidney; muscle; brain; heart	False	True	0.6735	3	Distant Concordance (Organ System)	hematopoietic system	normal	mice
PXD058971	XYJ_7-MUSCLE-WT	Bone marrow	0.2068	spleen; colon; liver; lung; kidney; muscle; brain; heart	False	True	0.6735	3	Distant Concordance (Organ System)	hematopoietic system	normal	mice
PXD058971	XYJ_8-MUSCLE-KO	Bone marrow	0.2068	spleen; colon; liver; lung; kidney; muscle; brain; heart	False	True	0.6735	3	Distant Concordance (Organ System)	hematopoietic system	normal	mice
PXD058971	XYJ_9-SPLEEN-WT	Bone marrow	0.2068	spleen; colon; liver; lung; kidney; muscle; brain; heart	False	True	0.6735	3	Distant Concordance (Organ System)	hematopoietic system	normal	mice
PXD058971	YW_1-KIDNEY-WT	Bone marrow	0.2068	spleen; colon; liver; lung; kidney; muscle; brain; heart	False	True	0.6735	3	Distant Concordance (Organ System)	hematopoietic system	normal	mice
PXD058971	YW_13-COLON-WT	Bone marrow	0.2068	spleen; colon; liver; lung; kidney; muscle; brain; heart	False	True	0.6735	3	Distant Concordance (Organ System)	hematopoietic system	normal	mice
PXD058971	YW_14-COLON-KO	Bone marrow	0.2068	spleen; colon; liver; lung; kidney; muscle; brain; heart	False	True	0.6735	3	Distant Concordance (Organ System)	hematopoietic system	normal	mice
PXD058971	YW_2-KIDNEY-KO	Bone marrow	0.2068	spleen; colon; liver; lung; kidney; muscle; brain; heart	False	True	0.6735	3	Distant Concordance (Organ System)	hematopoietic system	normal	mice
PXD058971	YW_3-HEART-WT	Bone marrow	0.2068	spleen; colon; liver; lung; kidney; muscle; brain; heart	False	True	0.6735	3	Distant Concordance (Organ System)	hematopoietic system	normal	mice
PXD058971	YW_4-HEART-KO	Bone marrow	0.2068	spleen; colon; liver; lung; kidney; muscle; brain; heart	False	True	0.6735	3	Distant Concordance (Organ System)	hematopoietic system	normal	mice
PXD059345	2E	Bone marrow	0.1551	kidney	False	True	0.3601	4	Distant Concordance (Organ System)	skeletal element	normal	HEK-293 cell
PXD059345	M_1	Bone marrow	0.1617	kidney	False	True	0.3601	4	Distant Concordance (Organ System)	skeletal element	normal	HEK-293 cell
PXD059345	M_2	Bone marrow	0.1693	kidney	False	True	0.3601	4	Distant Concordance (Organ System)	skeletal element	normal	HEK-293 cell
PXD059474	12_PKJ_SPANXA2-OT1_project_hmac_Control_1_donor_1	Monocytes	0.1941	blood	False	False	0.8311	4	Near-Agreement (Subpart / Secretome)	basophilic cytoplasm	normal	healthy human peripheral blood
PXD059474	12_PKJ_SPANXA2-OT1_project_hmac_Control_2_donor_2	Monocytes	0.1846	blood	False	False	0.8311	4	Near-Agreement (Subpart / Secretome)	basophilic cytoplasm	normal	healthy human peripheral blood
PXD059474	12_PKJ_SPANXA2-OT1_project_hmac_Control_3_donor_3	Monocytes	0.1984	blood	False	False	0.8311	4	Near-Agreement (Subpart / Secretome)	basophilic cytoplasm	normal	healthy human peripheral blood
PXD059474	12_PKJ_SPANXA2-OT1_project_hmac_Control_4_donor_4	Monocytes	0.1552	blood	False	False	0.8311	4	Near-Agreement (Subpart / Secretome)	basophilic cytoplasm	normal	healthy human peripheral blood
PXD059474	12_PKJ_SPANXA2-OT1_project_hmac_Control_5_donor_5	Monocytes	0.1344	blood	False	False	0.8311	4	Near-Agreement (Subpart / Secretome)	basophilic cytoplasm	normal	healthy human peripheral blood
PXD059474	12_PKJ_SPANXA2-OT1_project_hmac_IL1Btreated_1_donor_1	Monocytes	0.1465	blood	False	False	0.8311	4	Near-Agreement (Subpart / Secretome)	basophilic cytoplasm	normal	healthy human peripheral blood
PXD059474	12_PKJ_SPANXA2-OT1_project_hmac_IL1Btreated_2_donor_2	Monocytes	0.2084	blood	False	False	0.8311	4	Near-Agreement (Subpart / Secretome)	basophilic cytoplasm	normal	healthy human peripheral blood
PXD059474	12_PKJ_SPANXA2-OT1_project_hmac_IL1Btreated_3_donor_3	Monocytes	0.2019	blood	False	False	0.8311	4	Near-Agreement (Subpart / Secretome)	basophilic cytoplasm	normal	healthy human peripheral blood
PXD059474	12_PKJ_SPANXA2-OT1_project_hmac_IL1Btreated_4_donor_4	Monocytes	0.2256	blood	False	False	0.8311	4	Near-Agreement (Subpart / Secretome)	basophilic cytoplasm	normal	healthy human peripheral blood
PXD059474	12_PKJ_SPANXA2-OT1_project_hmac_IL1Btreated_5_donor_5	Monocytes	0.1946	blood	False	False	0.8311	4	Near-Agreement (Subpart / Secretome)	basophilic cytoplasm	normal	healthy human peripheral blood
PXD059474	12_PKJ_SPANXA2-OT1_project_hmac_NegativecontrolASO_1_donor_1	Monocytes	0.1669	blood	False	False	0.8311	4	Near-Agreement (Subpart / Secretome)	basophilic cytoplasm	normal	healthy human peripheral blood
PXD059474	12_PKJ_SPANXA2-OT1_project_hmac_NegativecontrolASO_2_donor_2	Monocytes	0.1569	blood	False	False	0.8311	4	Near-Agreement (Subpart / Secretome)	basophilic cytoplasm	normal	healthy human peripheral blood
PXD059474	12_PKJ_SPANXA2-OT1_project_hmac_NegativecontrolASO_3_donor_3	Monocytes	0.1441	blood	False	False	0.8311	4	Near-Agreement (Subpart / Secretome)	basophilic cytoplasm	normal	healthy human peripheral blood
PXD059474	12_PKJ_SPANXA2-OT1_project_hmac_NegativecontrolASO_4_donor_4	Monocytes	0.1754	blood	False	False	0.8311	4	Near-Agreement (Subpart / Secretome)	basophilic cytoplasm	normal	healthy human peripheral blood
PXD059474	12_PKJ_SPANXA2-OT1_project_hmac_NegativecontrolASO_5_donor_5	Monocytes	0.1351	blood	False	False	0.8311	4	Near-Agreement (Subpart / Secretome)	basophilic cytoplasm	normal	healthy human peripheral blood
PXD059474	12_PKJ_SPANXA2-OT1_project_hmac_SPANXA2-OT1ASO_1_donor_1	Monocytes	0.1683	blood	False	False	0.8311	4	Near-Agreement (Subpart / Secretome)	basophilic cytoplasm	normal	healthy human peripheral blood
PXD059474	12_PKJ_SPANXA2-OT1_project_hmac_SPANXA2-OT1ASO_2_donor_2	Monocytes	0.2081	blood	False	False	0.8311	4	Near-Agreement (Subpart / Secretome)	basophilic cytoplasm	normal	healthy human peripheral blood
PXD059474	12_PKJ_SPANXA2-OT1_project_hmac_SPANXA2-OT1ASO_3_donor_3	Monocytes	0.1209	blood	False	False	0.8311	4	Near-Agreement (Subpart / Secretome)	basophilic cytoplasm	normal	healthy human peripheral blood
PXD059474	12_PKJ_SPANXA2-OT1_project_hmac_SPANXA2-OT1ASO_4_donor_4	Monocytes	0.1043	blood	False	False	0.8311	4	Near-Agreement (Subpart / Secretome)	basophilic cytoplasm	normal	healthy human peripheral blood
PXD059474	12_PKJ_SPANXA2-OT1_project_hmac_SPANXA2-OT1ASO_5_donor_5	Monocytes	0.1889	blood	False	False	0.8311	4	Near-Agreement (Subpart / Secretome)	basophilic cytoplasm	normal	healthy human peripheral blood
PXD060653	06022023_1049	Liver	0.4176	liver	True	True	1.0	0	Exact Match	liver	normal	liver donors
PXD061586	hME1_2	Lung	0.0916	mesentery; omentum	False	False	0.2726	4	Distant Concordance (Organ System)	viscus	normal	healthy human omentum and mesentery
PXD061586	hME2_2	Lung	0.1157	mesentery; omentum	False	False	0.2726	4	Distant Concordance (Organ System)	viscus	normal	healthy human omentum and mesentery
PXD061586	hME3_2	Lung	0.1092	mesentery; omentum	False	False	0.2726	4	Distant Concordance (Organ System)	viscus	normal	healthy human omentum and mesentery
PXD061586	hME4_2	Lung	0.1165	mesentery; omentum	False	False	0.2726	4	Distant Concordance (Organ System)	viscus	normal	healthy human omentum and mesentery
PXD061586	hOM2_2	Lung	0.1009	mesentery; omentum	False	False	0.2726	4	Distant Concordance (Organ System)	viscus	normal	healthy human omentum and mesentery
PXD061586	hOM4_2	Lung	0.1114	mesentery; omentum	False	False	0.2726	4	Distant Concordance (Organ System)	viscus	normal	healthy human omentum and mesentery
PXD061593	RUG001	Adipose tissue	0.1462	blood	False	False	0.2756	5	True Conflict	mesenchymal stem cell	normal	blood plasma
PXD061593	RUG002	Adipose tissue	0.1441	blood	False	False	0.2756	5	True Conflict	mesenchymal stem cell	normal	blood plasma
PXD061593	RUG003	Bone marrow	0.137	blood	False	False	0.7688	2	Near-Agreement (Subpart / Secretome)	hematopoietic system	normal	blood plasma
PXD061593	RUG004	Adipose tissue	0.1407	blood	False	False	0.2756	5	True Conflict	mesenchymal stem cell	normal	blood plasma
PXD061593	RUG005	Adipose tissue	0.1504	blood	False	False	0.2756	5	True Conflict	mesenchymal stem cell	normal	blood plasma
PXD061593	RUG006	Adipose tissue	0.1449	blood	False	False	0.2756	5	True Conflict	mesenchymal stem cell	normal	blood plasma
PXD061593	RUG007	Adipose tissue	0.1517	blood	False	False	0.2756	5	True Conflict	mesenchymal stem cell	normal	blood plasma
PXD061593	RUG008	Adipose tissue	0.1248	blood	False	False	0.2756	5	True Conflict	mesenchymal stem cell	normal	blood plasma
PXD061593	RUG011	Adipose tissue	0.1573	blood	False	False	0.2756	5	True Conflict	mesenchymal stem cell	normal	blood plasma
PXD061593	RUG012	Adipose tissue	0.1706	blood	False	False	0.2756	5	True Conflict	mesenchymal stem cell	normal	blood plasma
PXD061593	RUG013	Adipose tissue	0.1663	blood	False	False	0.2756	5	True Conflict	mesenchymal stem cell	normal	blood plasma
PXD061593	RUG014	Adipose tissue	0.1406	blood	False	False	0.2756	5	True Conflict	mesenchymal stem cell	normal	blood plasma
PXD061593	RUG015	Adipose tissue	0.1657	blood	False	False	0.2756	5	True Conflict	mesenchymal stem cell	normal	blood plasma
PXD061593	RUG016	Adipose tissue	0.1577	blood	False	False	0.2756	5	True Conflict	mesenchymal stem cell	normal	blood plasma
PXD061593	RUG017	Adipose tissue	0.1573	blood	False	False	0.2756	5	True Conflict	mesenchymal stem cell	normal	blood plasma
PXD061593	RUG018	Adipose tissue	0.1458	blood	False	False	0.2756	5	True Conflict	mesenchymal stem cell	normal	blood plasma
PXD061593	RUG111	Adipose tissue	0.1298	blood	False	False	0.2756	5	True Conflict	mesenchymal stem cell	normal	blood plasma
PXD061593	RUG112	Spleen	0.1164	blood	False	False	0.6599	3	Distant Concordance (Organ System)	hematopoietic system	normal	blood plasma
PXD061593	RUG113	Spleen	0.1503	blood	False	False	0.6599	3	Distant Concordance (Organ System)	hematopoietic system	normal	blood plasma
PXD061593	RUG114	Adipose tissue	0.1443	blood	False	False	0.2756	5	True Conflict	mesenchymal stem cell	normal	blood plasma
PXD061593	RUG115	Adipose tissue	0.1474	blood	False	False	0.2756	5	True Conflict	mesenchymal stem cell	normal	blood plasma
PXD061593	RUG116	Adipose tissue	0.1517	blood	False	False	0.2756	5	True Conflict	mesenchymal stem cell	normal	blood plasma
PXD061593	RUG117	Adipose tissue	0.1438	blood	False	False	0.2756	5	True Conflict	mesenchymal stem cell	normal	blood plasma
PXD061593	RUG118	Adipose tissue	0.1439	blood	False	False	0.2756	5	True Conflict	mesenchymal stem cell	normal	blood plasma
PXD061638	/public/conode53/AIRFLOW/temp/PXD061638/diann/20240224_L1	Testis	0.1198	testis	True	True	1.0	0	Exact Match	testis	normal	semen
PXD061638	/public/conode53/AIRFLOW/temp/PXD061638/diann/20240224_L2	Oviduct	0.1724	testis	False	True	0.5208	3	Distant Concordance (Organ System)	reproductive organ	normal	semen
PXD061638	/public/conode53/AIRFLOW/temp/PXD061638/diann/20240224_N1	Oviduct	0.1781	testis	False	True	0.5208	3	Distant Concordance (Organ System)	reproductive organ	normal	semen
PXD061638	/public/conode53/AIRFLOW/temp/PXD061638/diann/20240224_N2	Prostate	0.1634	testis	False	True	0.7307	4	Near-Agreement (Subpart / Secretome)	male reproductive system	normal	semen
PXD061638	N.Proteotypic.Sequences	Testis	0.4069	testis	True	True	1.0	0	Exact Match	testis	normal	semen
PXD061638	N.Sequences	Testis	0.3911	testis	True	True	1.0	0	Exact Match	testis	normal	semen
PXD062431	/public/conode53/AIRFLOW/temp/PXD062431/diann/P100C	Bone marrow	0.1146	blood	False	False	0.7688	2	Near-Agreement (Subpart / Secretome)	hematopoietic system	normal	blood plasma
PXD062431	/public/conode53/AIRFLOW/temp/PXD062431/diann/P101C	Bone marrow	0.1192	blood	False	False	0.7688	2	Near-Agreement (Subpart / Secretome)	hematopoietic system	normal	blood plasma
PXD062431	/public/conode53/AIRFLOW/temp/PXD062431/diann/P102C	Bone marrow	0.1092	blood	False	False	0.7688	2	Near-Agreement (Subpart / Secretome)	hematopoietic system	normal	blood plasma
PXD062431	/public/conode53/AIRFLOW/temp/PXD062431/diann/P103C	Bone marrow	0.1314	blood	False	False	0.7688	2	Near-Agreement (Subpart / Secretome)	hematopoietic system	normal	blood plasma
PXD062431	/public/conode53/AIRFLOW/temp/PXD062431/diann/P104C	Bone marrow	0.1087	blood	False	False	0.7688	2	Near-Agreement (Subpart / Secretome)	hematopoietic system	normal	blood plasma
PXD062431	/public/conode53/AIRFLOW/temp/PXD062431/diann/P105C	Bone marrow	0.103	blood	False	False	0.7688	2	Near-Agreement (Subpart / Secretome)	hematopoietic system	normal	blood plasma
PXD062431	/public/conode53/AIRFLOW/temp/PXD062431/diann/P106C	Bone marrow	0.108	blood	False	False	0.7688	2	Near-Agreement (Subpart / Secretome)	hematopoietic system	normal	blood plasma
PXD062431	/public/conode53/AIRFLOW/temp/PXD062431/diann/P107C	Adipose tissue	0.105	blood	False	False	0.2756	5	True Conflict	mesenchymal stem cell	normal	blood plasma
PXD062431	/public/conode53/AIRFLOW/temp/PXD062431/diann/P108C	Bone marrow	0.1036	blood	False	False	0.7688	2	Near-Agreement (Subpart / Secretome)	hematopoietic system	normal	blood plasma
PXD062431	/public/conode53/AIRFLOW/temp/PXD062431/diann/P109C	Bone marrow	0.1146	blood	False	False	0.7688	2	Near-Agreement (Subpart / Secretome)	hematopoietic system	normal	blood plasma
PXD062431	/public/conode53/AIRFLOW/temp/PXD062431/diann/P10C	Adipose tissue	0.1118	blood	False	False	0.2756	5	True Conflict	mesenchymal stem cell	normal	blood plasma
PXD062431	/public/conode53/AIRFLOW/temp/PXD062431/diann/P110C	Bone marrow	0.1291	blood	False	False	0.7688	2	Near-Agreement (Subpart / Secretome)	hematopoietic system	normal	blood plasma
PXD062431	/public/conode53/AIRFLOW/temp/PXD062431/diann/P111C	Bone marrow	0.1433	blood	False	False	0.7688	2	Near-Agreement (Subpart / Secretome)	hematopoietic system	normal	blood plasma
PXD062431	/public/conode53/AIRFLOW/temp/PXD062431/diann/P112C	Bone marrow	0.1003	blood	False	False	0.7688	2	Near-Agreement (Subpart / Secretome)	hematopoietic system	normal	blood plasma
PXD062431	/public/conode53/AIRFLOW/temp/PXD062431/diann/P113C	Bone marrow	0.1155	blood	False	False	0.7688	2	Near-Agreement (Subpart / Secretome)	hematopoietic system	normal	blood plasma
PXD062431	/public/conode53/AIRFLOW/temp/PXD062431/diann/P114C	Bone marrow	0.1269	blood	False	False	0.7688	2	Near-Agreement (Subpart / Secretome)	hematopoietic system	normal	blood plasma
PXD062431	/public/conode53/AIRFLOW/temp/PXD062431/diann/P115C	Bone marrow	0.1189	blood	False	False	0.7688	2	Near-Agreement (Subpart / Secretome)	hematopoietic system	normal	blood plasma
PXD062431	/public/conode53/AIRFLOW/temp/PXD062431/diann/P116C	Bone marrow	0.1036	blood	False	False	0.7688	2	Near-Agreement (Subpart / Secretome)	hematopoietic system	normal	blood plasma
PXD062431	/public/conode53/AIRFLOW/temp/PXD062431/diann/P117C	Bone marrow	0.0985	blood	False	False	0.7688	2	Near-Agreement (Subpart / Secretome)	hematopoietic system	normal	blood plasma
PXD062431	/public/conode53/AIRFLOW/temp/PXD062431/diann/P118C	Bone marrow	0.1186	blood	False	False	0.7688	2	Near-Agreement (Subpart / Secretome)	hematopoietic system	normal	blood plasma
PXD062431	/public/conode53/AIRFLOW/temp/PXD062431/diann/P119C	Bone marrow	0.1238	blood	False	False	0.7688	2	Near-Agreement (Subpart / Secretome)	hematopoietic system	normal	blood plasma
PXD062431	/public/conode53/AIRFLOW/temp/PXD062431/diann/P11C	Bone marrow	0.1065	blood	False	False	0.7688	2	Near-Agreement (Subpart / Secretome)	hematopoietic system	normal	blood plasma
PXD062431	/public/conode53/AIRFLOW/temp/PXD062431/diann/P120C	Bone marrow	0.0995	blood	False	False	0.7688	2	Near-Agreement (Subpart / Secretome)	hematopoietic system	normal	blood plasma
PXD062431	/public/conode53/AIRFLOW/temp/PXD062431/diann/P121C	Bone marrow	0.1144	blood	False	False	0.7688	2	Near-Agreement (Subpart / Secretome)	hematopoietic system	normal	blood plasma
PXD062431	/public/conode53/AIRFLOW/temp/PXD062431/diann/P122C	Bone marrow	0.1251	blood	False	False	0.7688	2	Near-Agreement (Subpart / Secretome)	hematopoietic system	normal	blood plasma
PXD062431	/public/conode53/AIRFLOW/temp/PXD062431/diann/P123C	Bone marrow	0.1258	blood	False	False	0.7688	2	Near-Agreement (Subpart / Secretome)	hematopoietic system	normal	blood plasma
PXD062431	/public/conode53/AIRFLOW/temp/PXD062431/diann/P124C	Bone marrow	0.1211	blood	False	False	0.7688	2	Near-Agreement (Subpart / Secretome)	hematopoietic system	normal	blood plasma
PXD062431	/public/conode53/AIRFLOW/temp/PXD062431/diann/P125C	Adipose tissue	0.1052	blood	False	False	0.2756	5	True Conflict	mesenchymal stem cell	normal	blood plasma
PXD062431	/public/conode53/AIRFLOW/temp/PXD062431/diann/P126C	Bone marrow	0.1148	blood	False	False	0.7688	2	Near-Agreement (Subpart / Secretome)	hematopoietic system	normal	blood plasma
PXD062431	/public/conode53/AIRFLOW/temp/PXD062431/diann/P127C	Bone marrow	0.1247	blood	False	False	0.7688	2	Near-Agreement (Subpart / Secretome)	hematopoietic system	normal	blood plasma
PXD062431	/public/conode53/AIRFLOW/temp/PXD062431/diann/P128C	Bone marrow	0.1268	blood	False	False	0.7688	2	Near-Agreement (Subpart / Secretome)	hematopoietic system	normal	blood plasma
PXD062431	/public/conode53/AIRFLOW/temp/PXD062431/diann/P129C	Bone marrow	0.1314	blood	False	False	0.7688	2	Near-Agreement (Subpart / Secretome)	hematopoietic system	normal	blood plasma
PXD062431	/public/conode53/AIRFLOW/temp/PXD062431/diann/P12C	Adipose tissue	0.1019	blood	False	False	0.2756	5	True Conflict	mesenchymal stem cell	normal	blood plasma
PXD062431	/public/conode53/AIRFLOW/temp/PXD062431/diann/P130C	Bone marrow	0.1195	blood	False	False	0.7688	2	Near-Agreement (Subpart / Secretome)	hematopoietic system	normal	blood plasma
PXD062431	/public/conode53/AIRFLOW/temp/PXD062431/diann/P131C	Bone marrow	0.1189	blood	False	False	0.7688	2	Near-Agreement (Subpart / Secretome)	hematopoietic system	normal	blood plasma
PXD062431	/public/conode53/AIRFLOW/temp/PXD062431/diann/P132C	Bone marrow	0.1088	blood	False	False	0.7688	2	Near-Agreement (Subpart / Secretome)	hematopoietic system	normal	blood plasma
PXD062431	/public/conode53/AIRFLOW/temp/PXD062431/diann/P133C	Bone marrow	0.1178	blood	False	False	0.7688	2	Near-Agreement (Subpart / Secretome)	hematopoietic system	normal	blood plasma
PXD062431	/public/conode53/AIRFLOW/temp/PXD062431/diann/P134C	Adipose tissue	0.1168	blood	False	False	0.2756	5	True Conflict	mesenchymal stem cell	normal	blood plasma
PXD062431	/public/conode53/AIRFLOW/temp/PXD062431/diann/P135C	Bone marrow	0.1086	blood	False	False	0.7688	2	Near-Agreement (Subpart / Secretome)	hematopoietic system	normal	blood plasma
PXD062431	/public/conode53/AIRFLOW/temp/PXD062431/diann/P136C	Lung	0.0975	blood	False	False	0.3545	4	Distant Concordance (Organ System)	thoracic cavity element	normal	blood plasma
PXD062431	/public/conode53/AIRFLOW/temp/PXD062431/diann/P137C	Bone marrow	0.1314	blood	False	False	0.7688	2	Near-Agreement (Subpart / Secretome)	hematopoietic system	normal	blood plasma
PXD062431	/public/conode53/AIRFLOW/temp/PXD062431/diann/P138C	Bone marrow	0.1187	blood	False	False	0.7688	2	Near-Agreement (Subpart / Secretome)	hematopoietic system	normal	blood plasma
PXD062431	/public/conode53/AIRFLOW/temp/PXD062431/diann/P139C	Bone marrow	0.1096	blood	False	False	0.7688	2	Near-Agreement (Subpart / Secretome)	hematopoietic system	normal	blood plasma
PXD062431	/public/conode53/AIRFLOW/temp/PXD062431/diann/P13C	Lung	0.0941	blood	False	False	0.3545	4	Distant Concordance (Organ System)	thoracic cavity element	normal	blood plasma
PXD062431	/public/conode53/AIRFLOW/temp/PXD062431/diann/P140C	Adipose tissue	0.0953	blood	False	False	0.2756	5	True Conflict	mesenchymal stem cell	normal	blood plasma
PXD062431	/public/conode53/AIRFLOW/temp/PXD062431/diann/P141C	Bone marrow	0.123	blood	False	False	0.7688	2	Near-Agreement (Subpart / Secretome)	hematopoietic system	normal	blood plasma
PXD062431	/public/conode53/AIRFLOW/temp/PXD062431/diann/P142C	Bone marrow	0.1074	blood	False	False	0.7688	2	Near-Agreement (Subpart / Secretome)	hematopoietic system	normal	blood plasma
PXD062431	/public/conode53/AIRFLOW/temp/PXD062431/diann/P143C	Adipose tissue	0.1113	blood	False	False	0.2756	5	True Conflict	mesenchymal stem cell	normal	blood plasma
PXD062431	/public/conode53/AIRFLOW/temp/PXD062431/diann/P144C	Bone marrow	0.1038	blood	False	False	0.7688	2	Near-Agreement (Subpart / Secretome)	hematopoietic system	normal	blood plasma
PXD062431	/public/conode53/AIRFLOW/temp/PXD062431/diann/P145C	Bone marrow	0.1212	blood	False	False	0.7688	2	Near-Agreement (Subpart / Secretome)	hematopoietic system	normal	blood plasma
PXD062431	/public/conode53/AIRFLOW/temp/PXD062431/diann/P146C	Bone marrow	0.1136	blood	False	False	0.7688	2	Near-Agreement (Subpart / Secretome)	hematopoietic system	normal	blood plasma
PXD062431	/public/conode53/AIRFLOW/temp/PXD062431/diann/P147C	Adipose tissue	0.1029	blood	False	False	0.2756	5	True Conflict	mesenchymal stem cell	normal	blood plasma
PXD062431	/public/conode53/AIRFLOW/temp/PXD062431/diann/P14C	Bone marrow	0.1133	blood	False	False	0.7688	2	Near-Agreement (Subpart / Secretome)	hematopoietic system	normal	blood plasma
PXD062431	/public/conode53/AIRFLOW/temp/PXD062431/diann/P15C	Bone marrow	0.1138	blood	False	False	0.7688	2	Near-Agreement (Subpart / Secretome)	hematopoietic system	normal	blood plasma
PXD062431	/public/conode53/AIRFLOW/temp/PXD062431/diann/P16C	Bone marrow	0.1091	blood	False	False	0.7688	2	Near-Agreement (Subpart / Secretome)	hematopoietic system	normal	blood plasma
PXD062431	/public/conode53/AIRFLOW/temp/PXD062431/diann/P17C	Bone marrow	0.1189	blood	False	False	0.7688	2	Near-Agreement (Subpart / Secretome)	hematopoietic system	normal	blood plasma
PXD062431	/public/conode53/AIRFLOW/temp/PXD062431/diann/P18C	Bone marrow	0.0954	blood	False	False	0.7688	2	Near-Agreement (Subpart / Secretome)	hematopoietic system	normal	blood plasma
PXD062431	/public/conode53/AIRFLOW/temp/PXD062431/diann/P19C	Bone marrow	0.1139	blood	False	False	0.7688	2	Near-Agreement (Subpart / Secretome)	hematopoietic system	normal	blood plasma
PXD062431	/public/conode53/AIRFLOW/temp/PXD062431/diann/P1C	Bone marrow	0.1147	blood	False	False	0.7688	2	Near-Agreement (Subpart / Secretome)	hematopoietic system	normal	blood plasma
PXD062431	/public/conode53/AIRFLOW/temp/PXD062431/diann/P20C	Bone marrow	0.1001	blood	False	False	0.7688	2	Near-Agreement (Subpart / Secretome)	hematopoietic system	normal	blood plasma
PXD062431	/public/conode53/AIRFLOW/temp/PXD062431/diann/P21C	Adipose tissue	0.106	blood	False	False	0.2756	5	True Conflict	mesenchymal stem cell	normal	blood plasma
PXD062431	/public/conode53/AIRFLOW/temp/PXD062431/diann/P22C	Adipose tissue	0.1171	blood	False	False	0.2756	5	True Conflict	mesenchymal stem cell	normal	blood plasma
PXD062431	/public/conode53/AIRFLOW/temp/PXD062431/diann/P23C	Adipose tissue	0.1068	blood	False	False	0.2756	5	True Conflict	mesenchymal stem cell	normal	blood plasma
PXD062431	/public/conode53/AIRFLOW/temp/PXD062431/diann/P24C	Adipose tissue	0.1069	blood	False	False	0.2756	5	True Conflict	mesenchymal stem cell	normal	blood plasma
PXD062431	/public/conode53/AIRFLOW/temp/PXD062431/diann/P25C	Bone marrow	0.1188	blood	False	False	0.7688	2	Near-Agreement (Subpart / Secretome)	hematopoietic system	normal	blood plasma
PXD062431	/public/conode53/AIRFLOW/temp/PXD062431/diann/P26C	Bone marrow	0.1195	blood	False	False	0.7688	2	Near-Agreement (Subpart / Secretome)	hematopoietic system	normal	blood plasma
PXD062431	/public/conode53/AIRFLOW/temp/PXD062431/diann/P27C	Adipose tissue	0.1063	blood	False	False	0.2756	5	True Conflict	mesenchymal stem cell	normal	blood plasma
PXD062431	/public/conode53/AIRFLOW/temp/PXD062431/diann/P28C	Bone marrow	0.1138	blood	False	False	0.7688	2	Near-Agreement (Subpart / Secretome)	hematopoietic system	normal	blood plasma
PXD062431	/public/conode53/AIRFLOW/temp/PXD062431/diann/P29C	Bone marrow	0.1136	blood	False	False	0.7688	2	Near-Agreement (Subpart / Secretome)	hematopoietic system	normal	blood plasma
PXD062431	/public/conode53/AIRFLOW/temp/PXD062431/diann/P2C	Bone marrow	0.1195	blood	False	False	0.7688	2	Near-Agreement (Subpart / Secretome)	hematopoietic system	normal	blood plasma
PXD062431	/public/conode53/AIRFLOW/temp/PXD062431/diann/P30C	Lung	0.0994	blood	False	False	0.3545	4	Distant Concordance (Organ System)	thoracic cavity element	normal	blood plasma
PXD062431	/public/conode53/AIRFLOW/temp/PXD062431/diann/P31C	Bone marrow	0.1189	blood	False	False	0.7688	2	Near-Agreement (Subpart / Secretome)	hematopoietic system	normal	blood plasma
PXD062431	/public/conode53/AIRFLOW/temp/PXD062431/diann/P32C	Bone marrow	0.1192	blood	False	False	0.7688	2	Near-Agreement (Subpart / Secretome)	hematopoietic system	normal	blood plasma
PXD062431	/public/conode53/AIRFLOW/temp/PXD062431/diann/P33C	Bone marrow	0.1156	blood	False	False	0.7688	2	Near-Agreement (Subpart / Secretome)	hematopoietic system	normal	blood plasma
PXD062431	/public/conode53/AIRFLOW/temp/PXD062431/diann/P34C	Bone marrow	0.119	blood	False	False	0.7688	2	Near-Agreement (Subpart / Secretome)	hematopoietic system	normal	blood plasma
PXD062431	/public/conode53/AIRFLOW/temp/PXD062431/diann/P35C	Bone marrow	0.1138	blood	False	False	0.7688	2	Near-Agreement (Subpart / Secretome)	hematopoietic system	normal	blood plasma
PXD062431	/public/conode53/AIRFLOW/temp/PXD062431/diann/P36C	Bone marrow	0.1253	blood	False	False	0.7688	2	Near-Agreement (Subpart / Secretome)	hematopoietic system	normal	blood plasma
PXD062431	/public/conode53/AIRFLOW/temp/PXD062431/diann/P37C	Lung	0.0974	blood	False	False	0.3545	4	Distant Concordance (Organ System)	thoracic cavity element	normal	blood plasma
PXD062431	/public/conode53/AIRFLOW/temp/PXD062431/diann/P38C	Bone marrow	0.1295	blood	False	False	0.7688	2	Near-Agreement (Subpart / Secretome)	hematopoietic system	normal	blood plasma
PXD062431	/public/conode53/AIRFLOW/temp/PXD062431/diann/P39C	Bone marrow	0.1141	blood	False	False	0.7688	2	Near-Agreement (Subpart / Secretome)	hematopoietic system	normal	blood plasma
PXD062431	/public/conode53/AIRFLOW/temp/PXD062431/diann/P3C	Lung	0.1078	blood	False	False	0.3545	4	Distant Concordance (Organ System)	thoracic cavity element	normal	blood plasma
PXD062431	/public/conode53/AIRFLOW/temp/PXD062431/diann/P40C	Adipose tissue	0.1275	blood	False	False	0.2756	5	True Conflict	mesenchymal stem cell	normal	blood plasma
PXD062431	/public/conode53/AIRFLOW/temp/PXD062431/diann/P41C	Bone marrow	0.1147	blood	False	False	0.7688	2	Near-Agreement (Subpart / Secretome)	hematopoietic system	normal	blood plasma
PXD062431	/public/conode53/AIRFLOW/temp/PXD062431/diann/P42C	Bone marrow	0.1195	blood	False	False	0.7688	2	Near-Agreement (Subpart / Secretome)	hematopoietic system	normal	blood plasma
PXD062431	/public/conode53/AIRFLOW/temp/PXD062431/diann/P43C	Adipose tissue	0.0922	blood	False	False	0.2756	5	True Conflict	mesenchymal stem cell	normal	blood plasma
PXD062431	/public/conode53/AIRFLOW/temp/PXD062431/diann/P44C	Bone marrow	0.1247	blood	False	False	0.7688	2	Near-Agreement (Subpart / Secretome)	hematopoietic system	normal	blood plasma
PXD062431	/public/conode53/AIRFLOW/temp/PXD062431/diann/P45C	Bone marrow	0.1137	blood	False	False	0.7688	2	Near-Agreement (Subpart / Secretome)	hematopoietic system	normal	blood plasma
PXD062431	/public/conode53/AIRFLOW/temp/PXD062431/diann/P46C	Bone marrow	0.1248	blood	False	False	0.7688	2	Near-Agreement (Subpart / Secretome)	hematopoietic system	normal	blood plasma
PXD062431	/public/conode53/AIRFLOW/temp/PXD062431/diann/P47C	Bone marrow	0.119	blood	False	False	0.7688	2	Near-Agreement (Subpart / Secretome)	hematopoietic system	normal	blood plasma
PXD062431	/public/conode53/AIRFLOW/temp/PXD062431/diann/P48C	Bone marrow	0.1194	blood	False	False	0.7688	2	Near-Agreement (Subpart / Secretome)	hematopoietic system	normal	blood plasma
PXD062431	/public/conode53/AIRFLOW/temp/PXD062431/diann/P49C	Bone marrow	0.1296	blood	False	False	0.7688	2	Near-Agreement (Subpart / Secretome)	hematopoietic system	normal	blood plasma
PXD062431	/public/conode53/AIRFLOW/temp/PXD062431/diann/P4C	Bone marrow	0.1092	blood	False	False	0.7688	2	Near-Agreement (Subpart / Secretome)	hematopoietic system	normal	blood plasma
PXD062431	/public/conode53/AIRFLOW/temp/PXD062431/diann/P50C	Bone marrow	0.1148	blood	False	False	0.7688	2	Near-Agreement (Subpart / Secretome)	hematopoietic system	normal	blood plasma
PXD062431	/public/conode53/AIRFLOW/temp/PXD062431/diann/P51C	Bone marrow	0.1257	blood	False	False	0.7688	2	Near-Agreement (Subpart / Secretome)	hematopoietic system	normal	blood plasma
PXD062431	/public/conode53/AIRFLOW/temp/PXD062431/diann/P52C	Bone marrow	0.1042	blood	False	False	0.7688	2	Near-Agreement (Subpart / Secretome)	hematopoietic system	normal	blood plasma
PXD062431	/public/conode53/AIRFLOW/temp/PXD062431/diann/P53C	Bone marrow	0.1189	blood	False	False	0.7688	2	Near-Agreement (Subpart / Secretome)	hematopoietic system	normal	blood plasma
PXD062431	/public/conode53/AIRFLOW/temp/PXD062431/diann/P54C	Bone marrow	0.115	blood	False	False	0.7688	2	Near-Agreement (Subpart / Secretome)	hematopoietic system	normal	blood plasma
PXD062431	/public/conode53/AIRFLOW/temp/PXD062431/diann/P55C	Bone marrow	0.1085	blood	False	False	0.7688	2	Near-Agreement (Subpart / Secretome)	hematopoietic system	normal	blood plasma
PXD062431	/public/conode53/AIRFLOW/temp/PXD062431/diann/P56C	Bone marrow	0.114	blood	False	False	0.7688	2	Near-Agreement (Subpart / Secretome)	hematopoietic system	normal	blood plasma
PXD062431	/public/conode53/AIRFLOW/temp/PXD062431/diann/P57C	Bone marrow	0.1216	blood	False	False	0.7688	2	Near-Agreement (Subpart / Secretome)	hematopoietic system	normal	blood plasma
PXD062431	/public/conode53/AIRFLOW/temp/PXD062431/diann/P58C	Bone marrow	0.1027	blood	False	False	0.7688	2	Near-Agreement (Subpart / Secretome)	hematopoietic system	normal	blood plasma
PXD062431	/public/conode53/AIRFLOW/temp/PXD062431/diann/P59C	Lung	0.0992	blood	False	False	0.3545	4	Distant Concordance (Organ System)	thoracic cavity element	normal	blood plasma
PXD062431	/public/conode53/AIRFLOW/temp/PXD062431/diann/P5C	Bone marrow	0.1203	blood	False	False	0.7688	2	Near-Agreement (Subpart / Secretome)	hematopoietic system	normal	blood plasma
PXD062431	/public/conode53/AIRFLOW/temp/PXD062431/diann/P60C	Bone marrow	0.1266	blood	False	False	0.7688	2	Near-Agreement (Subpart / Secretome)	hematopoietic system	normal	blood plasma
PXD062431	/public/conode53/AIRFLOW/temp/PXD062431/diann/P61C	Bone marrow	0.1194	blood	False	False	0.7688	2	Near-Agreement (Subpart / Secretome)	hematopoietic system	normal	blood plasma
PXD062431	/public/conode53/AIRFLOW/temp/PXD062431/diann/P62C	Bone marrow	0.1236	blood	False	False	0.7688	2	Near-Agreement (Subpart / Secretome)	hematopoietic system	normal	blood plasma
PXD062431	/public/conode53/AIRFLOW/temp/PXD062431/diann/P63C	Bone marrow	0.1239	blood	False	False	0.7688	2	Near-Agreement (Subpart / Secretome)	hematopoietic system	normal	blood plasma
PXD062431	/public/conode53/AIRFLOW/temp/PXD062431/diann/P64C	Bone marrow	0.1136	blood	False	False	0.7688	2	Near-Agreement (Subpart / Secretome)	hematopoietic system	normal	blood plasma
PXD062431	/public/conode53/AIRFLOW/temp/PXD062431/diann/P65C	Bone marrow	0.1102	blood	False	False	0.7688	2	Near-Agreement (Subpart / Secretome)	hematopoietic system	normal	blood plasma
PXD062431	/public/conode53/AIRFLOW/temp/PXD062431/diann/P66C	Bone marrow	0.1094	blood	False	False	0.7688	2	Near-Agreement (Subpart / Secretome)	hematopoietic system	normal	blood plasma
PXD062431	/public/conode53/AIRFLOW/temp/PXD062431/diann/P67C	Bone marrow	0.1097	blood	False	False	0.7688	2	Near-Agreement (Subpart / Secretome)	hematopoietic system	normal	blood plasma
PXD062431	/public/conode53/AIRFLOW/temp/PXD062431/diann/P68C	Bone marrow	0.0987	blood	False	False	0.7688	2	Near-Agreement (Subpart / Secretome)	hematopoietic system	normal	blood plasma
PXD062431	/public/conode53/AIRFLOW/temp/PXD062431/diann/P69C	Bone marrow	0.1251	blood	False	False	0.7688	2	Near-Agreement (Subpart / Secretome)	hematopoietic system	normal	blood plasma
PXD062431	/public/conode53/AIRFLOW/temp/PXD062431/diann/P6C	Bone marrow	0.1123	blood	False	False	0.7688	2	Near-Agreement (Subpart / Secretome)	hematopoietic system	normal	blood plasma
PXD062431	/public/conode53/AIRFLOW/temp/PXD062431/diann/P70C	Bone marrow	0.1303	blood	False	False	0.7688	2	Near-Agreement (Subpart / Secretome)	hematopoietic system	normal	blood plasma
PXD062431	/public/conode53/AIRFLOW/temp/PXD062431/diann/P71C	Bone marrow	0.1205	blood	False	False	0.7688	2	Near-Agreement (Subpart / Secretome)	hematopoietic system	normal	blood plasma
PXD062431	/public/conode53/AIRFLOW/temp/PXD062431/diann/P72C	Bone marrow	0.1194	blood	False	False	0.7688	2	Near-Agreement (Subpart / Secretome)	hematopoietic system	normal	blood plasma
PXD062431	/public/conode53/AIRFLOW/temp/PXD062431/diann/P73C	Bone marrow	0.1136	blood	False	False	0.7688	2	Near-Agreement (Subpart / Secretome)	hematopoietic system	normal	blood plasma
PXD062431	/public/conode53/AIRFLOW/temp/PXD062431/diann/P74C	Bone marrow	0.1253	blood	False	False	0.7688	2	Near-Agreement (Subpart / Secretome)	hematopoietic system	normal	blood plasma
PXD062431	/public/conode53/AIRFLOW/temp/PXD062431/diann/P75C	Bone marrow	0.1293	blood	False	False	0.7688	2	Near-Agreement (Subpart / Secretome)	hematopoietic system	normal	blood plasma
PXD062431	/public/conode53/AIRFLOW/temp/PXD062431/diann/P76C	Bone marrow	0.114	blood	False	False	0.7688	2	Near-Agreement (Subpart / Secretome)	hematopoietic system	normal	blood plasma
PXD062431	/public/conode53/AIRFLOW/temp/PXD062431/diann/P77C	Bone marrow	0.1191	blood	False	False	0.7688	2	Near-Agreement (Subpart / Secretome)	hematopoietic system	normal	blood plasma
PXD062431	/public/conode53/AIRFLOW/temp/PXD062431/diann/P78C	Bone marrow	0.119	blood	False	False	0.7688	2	Near-Agreement (Subpart / Secretome)	hematopoietic system	normal	blood plasma
PXD062431	/public/conode53/AIRFLOW/temp/PXD062431/diann/P79C	Bone marrow	0.113	blood	False	False	0.7688	2	Near-Agreement (Subpart / Secretome)	hematopoietic system	normal	blood plasma
PXD062431	/public/conode53/AIRFLOW/temp/PXD062431/diann/P7C	Bone marrow	0.1149	blood	False	False	0.7688	2	Near-Agreement (Subpart / Secretome)	hematopoietic system	normal	blood plasma
PXD062431	/public/conode53/AIRFLOW/temp/PXD062431/diann/P80C	Bone marrow	0.1189	blood	False	False	0.7688	2	Near-Agreement (Subpart / Secretome)	hematopoietic system	normal	blood plasma
PXD062431	/public/conode53/AIRFLOW/temp/PXD062431/diann/P81C	Bone marrow	0.1138	blood	False	False	0.7688	2	Near-Agreement (Subpart / Secretome)	hematopoietic system	normal	blood plasma
PXD062431	/public/conode53/AIRFLOW/temp/PXD062431/diann/P82C	Bone marrow	0.1367	blood	False	False	0.7688	2	Near-Agreement (Subpart / Secretome)	hematopoietic system	normal	blood plasma
PXD062431	/public/conode53/AIRFLOW/temp/PXD062431/diann/P83C	Bone marrow	0.1006	blood	False	False	0.7688	2	Near-Agreement (Subpart / Secretome)	hematopoietic system	normal	blood plasma
PXD062431	/public/conode53/AIRFLOW/temp/PXD062431/diann/P84C	Bone marrow	0.1001	blood	False	False	0.7688	2	Near-Agreement (Subpart / Secretome)	hematopoietic system	normal	blood plasma
PXD062431	/public/conode53/AIRFLOW/temp/PXD062431/diann/P85C	Bone marrow	0.0984	blood	False	False	0.7688	2	Near-Agreement (Subpart / Secretome)	hematopoietic system	normal	blood plasma
PXD062431	/public/conode53/AIRFLOW/temp/PXD062431/diann/P86C	Bone marrow	0.1142	blood	False	False	0.7688	2	Near-Agreement (Subpart / Secretome)	hematopoietic system	normal	blood plasma
PXD062431	/public/conode53/AIRFLOW/temp/PXD062431/diann/P87C	Lung	0.1087	blood	False	False	0.3545	4	Distant Concordance (Organ System)	thoracic cavity element	normal	blood plasma
PXD062431	/public/conode53/AIRFLOW/temp/PXD062431/diann/P88C	Bone marrow	0.119	blood	False	False	0.7688	2	Near-Agreement (Subpart / Secretome)	hematopoietic system	normal	blood plasma
PXD062431	/public/conode53/AIRFLOW/temp/PXD062431/diann/P89C	Bone marrow	0.1238	blood	False	False	0.7688	2	Near-Agreement (Subpart / Secretome)	hematopoietic system	normal	blood plasma
PXD062431	/public/conode53/AIRFLOW/temp/PXD062431/diann/P8C	Bone marrow	0.1139	blood	False	False	0.7688	2	Near-Agreement (Subpart / Secretome)	hematopoietic system	normal	blood plasma
PXD062431	/public/conode53/AIRFLOW/temp/PXD062431/diann/P90C	Bone marrow	0.1199	blood	False	False	0.7688	2	Near-Agreement (Subpart / Secretome)	hematopoietic system	normal	blood plasma
PXD062431	/public/conode53/AIRFLOW/temp/PXD062431/diann/P91C	Adipose tissue	0.111	blood	False	False	0.2756	5	True Conflict	mesenchymal stem cell	normal	blood plasma
PXD062431	/public/conode53/AIRFLOW/temp/PXD062431/diann/P92C	Bone marrow	0.1199	blood	False	False	0.7688	2	Near-Agreement (Subpart / Secretome)	hematopoietic system	normal	blood plasma
PXD062431	/public/conode53/AIRFLOW/temp/PXD062431/diann/P93C	Bone marrow	0.105	blood	False	False	0.7688	2	Near-Agreement (Subpart / Secretome)	hematopoietic system	normal	blood plasma
PXD062431	/public/conode53/AIRFLOW/temp/PXD062431/diann/P94C	Lung	0.1031	blood	False	False	0.3545	4	Distant Concordance (Organ System)	thoracic cavity element	normal	blood plasma
PXD062431	/public/conode53/AIRFLOW/temp/PXD062431/diann/P95C	Bone marrow	0.1266	blood	False	False	0.7688	2	Near-Agreement (Subpart / Secretome)	hematopoietic system	normal	blood plasma
PXD062431	/public/conode53/AIRFLOW/temp/PXD062431/diann/P96C	Bone marrow	0.1192	blood	False	False	0.7688	2	Near-Agreement (Subpart / Secretome)	hematopoietic system	normal	blood plasma
PXD062431	/public/conode53/AIRFLOW/temp/PXD062431/diann/P97C	Bone marrow	0.1087	blood	False	False	0.7688	2	Near-Agreement (Subpart / Secretome)	hematopoietic system	normal	blood plasma
PXD062431	/public/conode53/AIRFLOW/temp/PXD062431/diann/P98C	Adipose tissue	0.1105	blood	False	False	0.2756	5	True Conflict	mesenchymal stem cell	normal	blood plasma
PXD062431	/public/conode53/AIRFLOW/temp/PXD062431/diann/P99C	Bone marrow	0.1239	blood	False	False	0.7688	2	Near-Agreement (Subpart / Secretome)	hematopoietic system	normal	blood plasma
PXD062431	/public/conode53/AIRFLOW/temp/PXD062431/diann/P9C	Bone marrow	0.1238	blood	False	False	0.7688	2	Near-Agreement (Subpart / Secretome)	hematopoietic system	normal	blood plasma
PXD062431	N.Proteotypic.Sequences	Adipose tissue	0.2079	blood	False	False	0.2756	5	True Conflict	mesenchymal stem cell	normal	blood plasma
PXD062431	N.Sequences	Adipose tissue	0.2166	blood	False	False	0.2756	5	True Conflict	mesenchymal stem cell	normal	blood plasma
PXD062723	MoNA221207_ReticsBM_Retics_HIP1R1_103122_SCX1_Q48826_20230201032734	Bone marrow	0.1498	bone marrow	True	True	1.0	0	Exact Match	bone marrow	normal	bone marrow; blood
PXD062723	MoNA221207_ReticsBM_Retics_HIP1R1_103122_SCX2_Q48827_20230201062150	Bone marrow	0.1038	bone marrow	True	True	1.0	0	Exact Match	bone marrow	normal	bone marrow; blood
PXD062723	MoNA221207_ReticsBM_Retics_HIP1R1_103122_SCX3_Q48828_20230201091611	Testis	0.1003	bone marrow	False	True	0.0935	5	True Conflict	embryo	normal	bone marrow; blood
PXD062723	MoNA221207_ReticsBM_Retics_HIP1R1_103122_SCX4_Q48829_20230201121030	Bone marrow	0.0982	bone marrow	True	True	1.0	0	Exact Match	bone marrow	normal	bone marrow; blood
PXD062723	MoNA221207_ReticsBM_Retics_HIP1R1_103122_SCX5_Q48830_20230201150448	Bone marrow	0.1216	bone marrow	True	True	1.0	0	Exact Match	bone marrow	normal	bone marrow; blood
PXD062723	MoNA221207_ReticsBM_Retics_HIP2R1_103122_SCX1_Q48832_20230201195200	Bone marrow	0.15	bone marrow	True	True	1.0	0	Exact Match	bone marrow	normal	bone marrow; blood
PXD062723	MoNA221207_ReticsBM_Retics_HIP2R1_103122_SCX2_Q48833_20230201224619	Bone marrow	0.1349	bone marrow	True	True	1.0	0	Exact Match	bone marrow	normal	bone marrow; blood
PXD062723	MoNA221207_ReticsBM_Retics_HIP2R1_103122_SCX3_Q48834_20230202014035	Bone marrow	0.1058	bone marrow	True	True	1.0	0	Exact Match	bone marrow	normal	bone marrow; blood
PXD062723	MoNA221207_ReticsBM_Retics_HIP2R1_103122_SCX4_Q48835_20230202043454	Bone marrow	0.1058	bone marrow	True	True	1.0	0	Exact Match	bone marrow	normal	bone marrow; blood
PXD062723	MoNA221207_ReticsBM_Retics_HIP2R1_103122_SCX5_Q48836_20230202072910	Bone marrow	0.1287	bone marrow	True	True	1.0	0	Exact Match	bone marrow	normal	bone marrow; blood
PXD062723	MoNA221207_ReticsBM_Retics_HIPR1_101022_SCX1_Q48820_20230131115938	Bone marrow	0.148	bone marrow	True	True	1.0	0	Exact Match	bone marrow	normal	bone marrow; blood
PXD062723	MoNA221207_ReticsBM_Retics_HIPR1_101022_SCX2_Q48821_20230131145359	Bone marrow	0.1359	bone marrow	True	True	1.0	0	Exact Match	bone marrow	normal	bone marrow; blood
PXD062723	MoNA221207_ReticsBM_Retics_HIPR1_101022_SCX3_Q48822_20230131174818	Bone marrow	0.1069	bone marrow	True	True	1.0	0	Exact Match	bone marrow	normal	bone marrow; blood
PXD062723	MoNA221207_ReticsBM_Retics_HIPR1_101022_SCX4_Q48823_20230131204234	Bone marrow	0.1007	bone marrow	True	True	1.0	0	Exact Match	bone marrow	normal	bone marrow; blood
PXD062723	MoNA221207_ReticsBM_Retics_HIPR1_101022_SCX5_Q48824_20230131233651	Bone marrow	0.1136	bone marrow	True	True	1.0	0	Exact Match	bone marrow	normal	bone marrow; blood
PXD062723	MoNA221207_ReticsBM_Retics_HIP_P4_81222_SCX1_Q48814_20230130195357	Bone marrow	0.1651	bone marrow	True	True	1.0	0	Exact Match	bone marrow	normal	bone marrow; blood
PXD062723	MoNA221207_ReticsBM_Retics_HIP_P4_81222_SCX2_Q48815_20230130224814	Bone marrow	0.1071	bone marrow	True	True	1.0	0	Exact Match	bone marrow	normal	bone marrow; blood
PXD062723	MoNA221207_ReticsBM_Retics_HIP_P4_81222_SCX3_Q48816_20230131014230	Bone marrow	0.101	bone marrow	True	True	1.0	0	Exact Match	bone marrow	normal	bone marrow; blood
PXD062723	MoNA221207_ReticsBM_Retics_HIP_P4_81222_SCX4_Q48817_20230131043649	Bone marrow	0.1051	bone marrow	True	True	1.0	0	Exact Match	bone marrow	normal	bone marrow; blood
PXD062723	MoNA221207_ReticsBM_Retics_HIP_P4_81222_SCX5_Q48818_20230131073103	Bone marrow	0.1157	bone marrow	True	True	1.0	0	Exact Match	bone marrow	normal	bone marrow; blood
PXD062785	/public/conode53/AIRFLOW/temp/PXD062785/diann/IPA_TCA_control_1	Bone marrow	0.1335	blood	False	False	0.7688	2	Near-Agreement (Subpart / Secretome)	hematopoietic system	normal	pooled human serum
PXD062785	/public/conode53/AIRFLOW/temp/PXD062785/diann/IPA_TCA_control_2	Bone marrow	0.1335	blood	False	False	0.7688	2	Near-Agreement (Subpart / Secretome)	hematopoietic system	normal	pooled human serum
PXD062785	/public/conode53/AIRFLOW/temp/PXD062785/diann/IPA_TCA_control_3	Bone marrow	0.1334	blood	False	False	0.7688	2	Near-Agreement (Subpart / Secretome)	hematopoietic system	normal	pooled human serum
PXD062785	/public/conode53/AIRFLOW/temp/PXD062785/diann/IPA_TCA_spike1_1	Bone marrow	0.1334	blood	False	False	0.7688	2	Near-Agreement (Subpart / Secretome)	hematopoietic system	normal	pooled human serum
PXD062785	/public/conode53/AIRFLOW/temp/PXD062785/diann/IPA_TCA_spike1_2	Bone marrow	0.1329	blood	False	False	0.7688	2	Near-Agreement (Subpart / Secretome)	hematopoietic system	normal	pooled human serum
PXD062785	/public/conode53/AIRFLOW/temp/PXD062785/diann/IPA_TCA_spike1_3	Bone marrow	0.1329	blood	False	False	0.7688	2	Near-Agreement (Subpart / Secretome)	hematopoietic system	normal	pooled human serum
PXD062785	/public/conode53/AIRFLOW/temp/PXD062785/diann/IPA_TCA_spike2_1	Bone marrow	0.1276	blood	False	False	0.7688	2	Near-Agreement (Subpart / Secretome)	hematopoietic system	normal	pooled human serum
PXD062785	/public/conode53/AIRFLOW/temp/PXD062785/diann/IPA_TCA_spike2_2	Bone marrow	0.1333	blood	False	False	0.7688	2	Near-Agreement (Subpart / Secretome)	hematopoietic system	normal	pooled human serum
PXD062785	/public/conode53/AIRFLOW/temp/PXD062785/diann/IPA_TCA_spike2_3	Bone marrow	0.1329	blood	False	False	0.7688	2	Near-Agreement (Subpart / Secretome)	hematopoietic system	normal	pooled human serum
PXD062785	/public/conode53/AIRFLOW/temp/PXD062785/diann/IPA_TCA_spike3_1	Bone marrow	0.1335	blood	False	False	0.7688	2	Near-Agreement (Subpart / Secretome)	hematopoietic system	normal	pooled human serum
PXD062785	/public/conode53/AIRFLOW/temp/PXD062785/diann/IPA_TCA_spike3_2	Bone marrow	0.1328	blood	False	False	0.7688	2	Near-Agreement (Subpart / Secretome)	hematopoietic system	normal	pooled human serum
PXD062785	/public/conode53/AIRFLOW/temp/PXD062785/diann/IPA_TCA_spike3_3	Bone marrow	0.1334	blood	False	False	0.7688	2	Near-Agreement (Subpart / Secretome)	hematopoietic system	normal	pooled human serum
PXD062785	/public/conode53/AIRFLOW/temp/PXD062785/diann/IPA_TCA_spike4_1	Bone marrow	0.1334	blood	False	False	0.7688	2	Near-Agreement (Subpart / Secretome)	hematopoietic system	normal	pooled human serum
PXD062785	/public/conode53/AIRFLOW/temp/PXD062785/diann/IPA_TCA_spike4_2_20250127130704	Bone marrow	0.1329	blood	False	False	0.7688	2	Near-Agreement (Subpart / Secretome)	hematopoietic system	normal	pooled human serum
PXD062785	/public/conode53/AIRFLOW/temp/PXD062785/diann/IPA_TCA_spike4_3	Bone marrow	0.1329	blood	False	False	0.7688	2	Near-Agreement (Subpart / Secretome)	hematopoietic system	normal	pooled human serum
PXD062785	/public/conode53/AIRFLOW/temp/PXD062785/diann/In_gel_digestion_Spike1_1	Bone marrow	0.141	blood	False	False	0.7688	2	Near-Agreement (Subpart / Secretome)	hematopoietic system	normal	pooled human serum
PXD062785	/public/conode53/AIRFLOW/temp/PXD062785/diann/In_gel_digestion_Spike1_2	Bone marrow	0.1405	blood	False	False	0.7688	2	Near-Agreement (Subpart / Secretome)	hematopoietic system	normal	pooled human serum
PXD062785	/public/conode53/AIRFLOW/temp/PXD062785/diann/In_gel_digestion_Spike1_3	Bone marrow	0.1249	blood	False	False	0.7688	2	Near-Agreement (Subpart / Secretome)	hematopoietic system	normal	pooled human serum
PXD062785	/public/conode53/AIRFLOW/temp/PXD062785/diann/In_gel_digestion_Spike2_1	Bone marrow	0.1309	blood	False	False	0.7688	2	Near-Agreement (Subpart / Secretome)	hematopoietic system	normal	pooled human serum
PXD062785	/public/conode53/AIRFLOW/temp/PXD062785/diann/In_gel_digestion_Spike2_2_20241217120821	Bone marrow	0.131	blood	False	False	0.7688	2	Near-Agreement (Subpart / Secretome)	hematopoietic system	normal	pooled human serum
PXD062785	/public/conode53/AIRFLOW/temp/PXD062785/diann/In_gel_digestion_Spike2_3	Bone marrow	0.1325	blood	False	False	0.7688	2	Near-Agreement (Subpart / Secretome)	hematopoietic system	normal	pooled human serum
PXD062785	/public/conode53/AIRFLOW/temp/PXD062785/diann/In_gel_digestion_Spike3_1	Bone marrow	0.1306	blood	False	False	0.7688	2	Near-Agreement (Subpart / Secretome)	hematopoietic system	normal	pooled human serum
PXD062785	/public/conode53/AIRFLOW/temp/PXD062785/diann/In_gel_digestion_Spike3_2	Bone marrow	0.1304	blood	False	False	0.7688	2	Near-Agreement (Subpart / Secretome)	hematopoietic system	normal	pooled human serum
PXD062785	/public/conode53/AIRFLOW/temp/PXD062785/diann/In_gel_digestion_Spike3_3	Bone marrow	0.1404	blood	False	False	0.7688	2	Near-Agreement (Subpart / Secretome)	hematopoietic system	normal	pooled human serum
PXD062785	/public/conode53/AIRFLOW/temp/PXD062785/diann/In_gel_digestion_Spike4-1	Bone marrow	0.1307	blood	False	False	0.7688	2	Near-Agreement (Subpart / Secretome)	hematopoietic system	normal	pooled human serum
PXD062785	/public/conode53/AIRFLOW/temp/PXD062785/diann/In_gel_digestion_Spike4-2	Bone marrow	0.1339	blood	False	False	0.7688	2	Near-Agreement (Subpart / Secretome)	hematopoietic system	normal	pooled human serum
PXD062785	/public/conode53/AIRFLOW/temp/PXD062785/diann/In_gel_digestion_Spike4-3	Bone marrow	0.1351	blood	False	False	0.7688	2	Near-Agreement (Subpart / Secretome)	hematopoietic system	normal	pooled human serum
PXD062785	/public/conode53/AIRFLOW/temp/PXD062785/diann/In_gel_digestion_control1	Bone marrow	0.1291	blood	False	False	0.7688	2	Near-Agreement (Subpart / Secretome)	hematopoietic system	normal	pooled human serum
PXD062785	/public/conode53/AIRFLOW/temp/PXD062785/diann/In_gel_digestion_control2	Bone marrow	0.1175	blood	False	False	0.7688	2	Near-Agreement (Subpart / Secretome)	hematopoietic system	normal	pooled human serum
PXD062785	/public/conode53/AIRFLOW/temp/PXD062785/diann/In_gel_digestion_control3	Bone marrow	0.132	blood	False	False	0.7688	2	Near-Agreement (Subpart / Secretome)	hematopoietic system	normal	pooled human serum
PXD062785	/public/conode53/AIRFLOW/temp/PXD062785/diann/NPs_mixA_1	Bone marrow	0.187	blood	False	False	0.7688	2	Near-Agreement (Subpart / Secretome)	hematopoietic system	normal	pooled human serum
PXD062785	/public/conode53/AIRFLOW/temp/PXD062785/diann/NPs_mixA_10	Bone marrow	0.1912	blood	False	False	0.7688	2	Near-Agreement (Subpart / Secretome)	hematopoietic system	normal	pooled human serum
PXD062785	/public/conode53/AIRFLOW/temp/PXD062785/diann/NPs_mixA_11	Bone marrow	0.1784	blood	False	False	0.7688	2	Near-Agreement (Subpart / Secretome)	hematopoietic system	normal	pooled human serum
PXD062785	/public/conode53/AIRFLOW/temp/PXD062785/diann/NPs_mixA_12	Bone marrow	0.196	blood	False	False	0.7688	2	Near-Agreement (Subpart / Secretome)	hematopoietic system	normal	pooled human serum
PXD062785	/public/conode53/AIRFLOW/temp/PXD062785/diann/NPs_mixA_13	Bone marrow	0.1627	blood	False	False	0.7688	2	Near-Agreement (Subpart / Secretome)	hematopoietic system	normal	pooled human serum
PXD062785	/public/conode53/AIRFLOW/temp/PXD062785/diann/NPs_mixA_14	Bone marrow	0.1863	blood	False	False	0.7688	2	Near-Agreement (Subpart / Secretome)	hematopoietic system	normal	pooled human serum
PXD062785	/public/conode53/AIRFLOW/temp/PXD062785/diann/NPs_mixA_15	Bone marrow	0.1627	blood	False	False	0.7688	2	Near-Agreement (Subpart / Secretome)	hematopoietic system	normal	pooled human serum
PXD062785	/public/conode53/AIRFLOW/temp/PXD062785/diann/NPs_mixA_16	Bone marrow	0.1685	blood	False	False	0.7688	2	Near-Agreement (Subpart / Secretome)	hematopoietic system	normal	pooled human serum
PXD062785	/public/conode53/AIRFLOW/temp/PXD062785/diann/NPs_mixA_17	Bone marrow	0.1906	blood	False	False	0.7688	2	Near-Agreement (Subpart / Secretome)	hematopoietic system	normal	pooled human serum
PXD062785	/public/conode53/AIRFLOW/temp/PXD062785/diann/NPs_mixA_18	Bone marrow	0.1913	blood	False	False	0.7688	2	Near-Agreement (Subpart / Secretome)	hematopoietic system	normal	pooled human serum
PXD062785	/public/conode53/AIRFLOW/temp/PXD062785/diann/NPs_mixA_19	Bone marrow	0.1678	blood	False	False	0.7688	2	Near-Agreement (Subpart / Secretome)	hematopoietic system	normal	pooled human serum
PXD062785	/public/conode53/AIRFLOW/temp/PXD062785/diann/NPs_mixA_2	Bone marrow	0.1723	blood	False	False	0.7688	2	Near-Agreement (Subpart / Secretome)	hematopoietic system	normal	pooled human serum
PXD062785	/public/conode53/AIRFLOW/temp/PXD062785/diann/NPs_mixA_20	Bone marrow	0.1916	blood	False	False	0.7688	2	Near-Agreement (Subpart / Secretome)	hematopoietic system	normal	pooled human serum
PXD062785	/public/conode53/AIRFLOW/temp/PXD062785/diann/NPs_mixA_3	Bone marrow	0.1622	blood	False	False	0.7688	2	Near-Agreement (Subpart / Secretome)	hematopoietic system	normal	pooled human serum
PXD062785	/public/conode53/AIRFLOW/temp/PXD062785/diann/NPs_mixA_4	Bone marrow	0.1579	blood	False	False	0.7688	2	Near-Agreement (Subpart / Secretome)	hematopoietic system	normal	pooled human serum
PXD062785	/public/conode53/AIRFLOW/temp/PXD062785/diann/NPs_mixA_5	Bone marrow	0.1672	blood	False	False	0.7688	2	Near-Agreement (Subpart / Secretome)	hematopoietic system	normal	pooled human serum
PXD062785	/public/conode53/AIRFLOW/temp/PXD062785/diann/NPs_mixA_6	Bone marrow	0.1781	blood	False	False	0.7688	2	Near-Agreement (Subpart / Secretome)	hematopoietic system	normal	pooled human serum
PXD062785	/public/conode53/AIRFLOW/temp/PXD062785/diann/NPs_mixA_7	Bone marrow	0.1632	blood	False	False	0.7688	2	Near-Agreement (Subpart / Secretome)	hematopoietic system	normal	pooled human serum
PXD062785	/public/conode53/AIRFLOW/temp/PXD062785/diann/NPs_mixA_8	Bone marrow	0.187	blood	False	False	0.7688	2	Near-Agreement (Subpart / Secretome)	hematopoietic system	normal	pooled human serum
PXD062785	/public/conode53/AIRFLOW/temp/PXD062785/diann/NPs_mixA_9	Bone marrow	0.1728	blood	False	False	0.7688	2	Near-Agreement (Subpart / Secretome)	hematopoietic system	normal	pooled human serum
PXD062785	/public/conode53/AIRFLOW/temp/PXD062785/diann/NPs_mixB_1	Bone marrow	0.1887	blood	False	False	0.7688	2	Near-Agreement (Subpart / Secretome)	hematopoietic system	normal	pooled human serum
PXD062785	/public/conode53/AIRFLOW/temp/PXD062785/diann/NPs_mixB_10	Bone marrow	0.191	blood	False	False	0.7688	2	Near-Agreement (Subpart / Secretome)	hematopoietic system	normal	pooled human serum
PXD062785	/public/conode53/AIRFLOW/temp/PXD062785/diann/NPs_mixB_11	Bone marrow	0.1832	blood	False	False	0.7688	2	Near-Agreement (Subpart / Secretome)	hematopoietic system	normal	pooled human serum
PXD062785	/public/conode53/AIRFLOW/temp/PXD062785/diann/NPs_mixB_12	Bone marrow	0.1877	blood	False	False	0.7688	2	Near-Agreement (Subpart / Secretome)	hematopoietic system	normal	pooled human serum
PXD062785	/public/conode53/AIRFLOW/temp/PXD062785/diann/NPs_mixB_13	Bone marrow	0.1764	blood	False	False	0.7688	2	Near-Agreement (Subpart / Secretome)	hematopoietic system	normal	pooled human serum
PXD062785	/public/conode53/AIRFLOW/temp/PXD062785/diann/NPs_mixB_14	Bone marrow	0.177	blood	False	False	0.7688	2	Near-Agreement (Subpart / Secretome)	hematopoietic system	normal	pooled human serum
PXD062785	/public/conode53/AIRFLOW/temp/PXD062785/diann/NPs_mixB_15	Bone marrow	0.1712	blood	False	False	0.7688	2	Near-Agreement (Subpart / Secretome)	hematopoietic system	normal	pooled human serum
PXD062785	/public/conode53/AIRFLOW/temp/PXD062785/diann/NPs_mixB_16	Bone marrow	0.178	blood	False	False	0.7688	2	Near-Agreement (Subpart / Secretome)	hematopoietic system	normal	pooled human serum
PXD062785	/public/conode53/AIRFLOW/temp/PXD062785/diann/NPs_mixB_17	Bone marrow	0.1823	blood	False	False	0.7688	2	Near-Agreement (Subpart / Secretome)	hematopoietic system	normal	pooled human serum
PXD062785	/public/conode53/AIRFLOW/temp/PXD062785/diann/NPs_mixB_18	Bone marrow	0.1898	blood	False	False	0.7688	2	Near-Agreement (Subpart / Secretome)	hematopoietic system	normal	pooled human serum
PXD062785	/public/conode53/AIRFLOW/temp/PXD062785/diann/NPs_mixB_19	Bone marrow	0.1838	blood	False	False	0.7688	2	Near-Agreement (Subpart / Secretome)	hematopoietic system	normal	pooled human serum
PXD062785	/public/conode53/AIRFLOW/temp/PXD062785/diann/NPs_mixB_2	Bone marrow	0.1821	blood	False	False	0.7688	2	Near-Agreement (Subpart / Secretome)	hematopoietic system	normal	pooled human serum
PXD062785	/public/conode53/AIRFLOW/temp/PXD062785/diann/NPs_mixB_20	Bone marrow	0.1768	blood	False	False	0.7688	2	Near-Agreement (Subpart / Secretome)	hematopoietic system	normal	pooled human serum
PXD062785	/public/conode53/AIRFLOW/temp/PXD062785/diann/NPs_mixB_3	Bone marrow	0.1559	blood	False	False	0.7688	2	Near-Agreement (Subpart / Secretome)	hematopoietic system	normal	pooled human serum
PXD062785	/public/conode53/AIRFLOW/temp/PXD062785/diann/NPs_mixB_4	Bone marrow	0.1507	blood	False	False	0.7688	2	Near-Agreement (Subpart / Secretome)	hematopoietic system	normal	pooled human serum
PXD062785	/public/conode53/AIRFLOW/temp/PXD062785/diann/NPs_mixB_5	Bone marrow	0.1739	blood	False	False	0.7688	2	Near-Agreement (Subpart / Secretome)	hematopoietic system	normal	pooled human serum
PXD062785	/public/conode53/AIRFLOW/temp/PXD062785/diann/NPs_mixB_6	Bone marrow	0.189	blood	False	False	0.7688	2	Near-Agreement (Subpart / Secretome)	hematopoietic system	normal	pooled human serum
PXD062785	/public/conode53/AIRFLOW/temp/PXD062785/diann/NPs_mixB_7	Bone marrow	0.1607	blood	False	False	0.7688	2	Near-Agreement (Subpart / Secretome)	hematopoietic system	normal	pooled human serum
PXD062785	/public/conode53/AIRFLOW/temp/PXD062785/diann/NPs_mixB_8	Bone marrow	0.1891	blood	False	False	0.7688	2	Near-Agreement (Subpart / Secretome)	hematopoietic system	normal	pooled human serum
PXD062785	/public/conode53/AIRFLOW/temp/PXD062785/diann/NPs_mixB_9	Bone marrow	0.184	blood	False	False	0.7688	2	Near-Agreement (Subpart / Secretome)	hematopoietic system	normal	pooled human serum
PXD062785	/public/conode53/AIRFLOW/temp/PXD062785/diann/Preomics_control_1	Bone marrow	0.1295	blood	False	False	0.7688	2	Near-Agreement (Subpart / Secretome)	hematopoietic system	normal	pooled human serum
PXD062785	/public/conode53/AIRFLOW/temp/PXD062785/diann/Preomics_control_2	Bone marrow	0.1407	blood	False	False	0.7688	2	Near-Agreement (Subpart / Secretome)	hematopoietic system	normal	pooled human serum
PXD062785	/public/conode53/AIRFLOW/temp/PXD062785/diann/Preomics_control_3	Bone marrow	0.1493	blood	False	False	0.7688	2	Near-Agreement (Subpart / Secretome)	hematopoietic system	normal	pooled human serum
PXD062785	/public/conode53/AIRFLOW/temp/PXD062785/diann/Preomics_spike1_1	Bone marrow	0.1502	blood	False	False	0.7688	2	Near-Agreement (Subpart / Secretome)	hematopoietic system	normal	pooled human serum
PXD062785	/public/conode53/AIRFLOW/temp/PXD062785/diann/Preomics_spike1_2	Bone marrow	0.1544	blood	False	False	0.7688	2	Near-Agreement (Subpart / Secretome)	hematopoietic system	normal	pooled human serum
PXD062785	/public/conode53/AIRFLOW/temp/PXD062785/diann/Preomics_spike1_3	Bone marrow	0.1288	blood	False	False	0.7688	2	Near-Agreement (Subpart / Secretome)	hematopoietic system	normal	pooled human serum
PXD062785	/public/conode53/AIRFLOW/temp/PXD062785/diann/Preomics_spike2_1	Bone marrow	0.1392	blood	False	False	0.7688	2	Near-Agreement (Subpart / Secretome)	hematopoietic system	normal	pooled human serum
PXD062785	/public/conode53/AIRFLOW/temp/PXD062785/diann/Preomics_spike2_2	Bone marrow	0.1344	blood	False	False	0.7688	2	Near-Agreement (Subpart / Secretome)	hematopoietic system	normal	pooled human serum
PXD062785	/public/conode53/AIRFLOW/temp/PXD062785/diann/Preomics_spike2_3	Bone marrow	0.145	blood	False	False	0.7688	2	Near-Agreement (Subpart / Secretome)	hematopoietic system	normal	pooled human serum
PXD062785	/public/conode53/AIRFLOW/temp/PXD062785/diann/Preomics_spike3_1	Bone marrow	0.1446	blood	False	False	0.7688	2	Near-Agreement (Subpart / Secretome)	hematopoietic system	normal	pooled human serum
PXD062785	/public/conode53/AIRFLOW/temp/PXD062785/diann/Preomics_spike3_2	Bone marrow	0.1398	blood	False	False	0.7688	2	Near-Agreement (Subpart / Secretome)	hematopoietic system	normal	pooled human serum
PXD062785	/public/conode53/AIRFLOW/temp/PXD062785/diann/Preomics_spike3_3	Bone marrow	0.1405	blood	False	False	0.7688	2	Near-Agreement (Subpart / Secretome)	hematopoietic system	normal	pooled human serum
PXD062785	/public/conode53/AIRFLOW/temp/PXD062785/diann/Preomics_spike4_1	Bone marrow	0.1496	blood	False	False	0.7688	2	Near-Agreement (Subpart / Secretome)	hematopoietic system	normal	pooled human serum
PXD062785	/public/conode53/AIRFLOW/temp/PXD062785/diann/Preomics_spike4_2	Bone marrow	0.1395	blood	False	False	0.7688	2	Near-Agreement (Subpart / Secretome)	hematopoietic system	normal	pooled human serum
PXD062785	/public/conode53/AIRFLOW/temp/PXD062785/diann/Preomics_spike4_3	Bone marrow	0.1506	blood	False	False	0.7688	2	Near-Agreement (Subpart / Secretome)	hematopoietic system	normal	pooled human serum
PXD062785	/public/conode53/AIRFLOW/temp/PXD062785/diann/SP3_C1	Bone marrow	0.1515	blood	False	False	0.7688	2	Near-Agreement (Subpart / Secretome)	hematopoietic system	normal	pooled human serum
PXD062785	/public/conode53/AIRFLOW/temp/PXD062785/diann/SP3_C2	Bone marrow	0.1461	blood	False	False	0.7688	2	Near-Agreement (Subpart / Secretome)	hematopoietic system	normal	pooled human serum
PXD062785	/public/conode53/AIRFLOW/temp/PXD062785/diann/SP3_C3	Bone marrow	0.1464	blood	False	False	0.7688	2	Near-Agreement (Subpart / Secretome)	hematopoietic system	normal	pooled human serum
PXD062785	/public/conode53/AIRFLOW/temp/PXD062785/diann/SP3_Spike1_1	Bone marrow	0.141	blood	False	False	0.7688	2	Near-Agreement (Subpart / Secretome)	hematopoietic system	normal	pooled human serum
PXD062785	/public/conode53/AIRFLOW/temp/PXD062785/diann/SP3_Spike1_2	Bone marrow	0.141	blood	False	False	0.7688	2	Near-Agreement (Subpart / Secretome)	hematopoietic system	normal	pooled human serum
PXD062785	/public/conode53/AIRFLOW/temp/PXD062785/diann/SP3_Spike1_3	Bone marrow	0.1409	blood	False	False	0.7688	2	Near-Agreement (Subpart / Secretome)	hematopoietic system	normal	pooled human serum
PXD062785	/public/conode53/AIRFLOW/temp/PXD062785/diann/SP3_Spike2_1	Bone marrow	0.1462	blood	False	False	0.7688	2	Near-Agreement (Subpart / Secretome)	hematopoietic system	normal	pooled human serum
PXD062785	/public/conode53/AIRFLOW/temp/PXD062785/diann/SP3_Spike2_2_20241205200122	Bone marrow	0.1404	blood	False	False	0.7688	2	Near-Agreement (Subpart / Secretome)	hematopoietic system	normal	pooled human serum
PXD062785	/public/conode53/AIRFLOW/temp/PXD062785/diann/SP3_Spike2_3	Bone marrow	0.1461	blood	False	False	0.7688	2	Near-Agreement (Subpart / Secretome)	hematopoietic system	normal	pooled human serum
PXD062785	/public/conode53/AIRFLOW/temp/PXD062785/diann/SP3_Spike3_1	Bone marrow	0.1452	blood	False	False	0.7688	2	Near-Agreement (Subpart / Secretome)	hematopoietic system	normal	pooled human serum
PXD062785	/public/conode53/AIRFLOW/temp/PXD062785/diann/SP3_Spike3_2	Bone marrow	0.1463	blood	False	False	0.7688	2	Near-Agreement (Subpart / Secretome)	hematopoietic system	normal	pooled human serum
PXD062785	/public/conode53/AIRFLOW/temp/PXD062785/diann/SP3_Spike3_3	Bone marrow	0.146	blood	False	False	0.7688	2	Near-Agreement (Subpart / Secretome)	hematopoietic system	normal	pooled human serum
PXD062785	/public/conode53/AIRFLOW/temp/PXD062785/diann/SP3_Spike4_1	Bone marrow	0.1456	blood	False	False	0.7688	2	Near-Agreement (Subpart / Secretome)	hematopoietic system	normal	pooled human serum
PXD062785	/public/conode53/AIRFLOW/temp/PXD062785/diann/SP3_Spike4_2	Bone marrow	0.1371	blood	False	False	0.7688	2	Near-Agreement (Subpart / Secretome)	hematopoietic system	normal	pooled human serum
PXD062785	/public/conode53/AIRFLOW/temp/PXD062785/diann/SP3_Spike4_3	Bone marrow	0.1452	blood	False	False	0.7688	2	Near-Agreement (Subpart / Secretome)	hematopoietic system	normal	pooled human serum
PXD062785	/public/conode53/AIRFLOW/temp/PXD062785/diann/top14_depl_c1	Adipose tissue	0.1416	blood	False	False	0.2756	5	True Conflict	mesenchymal stem cell	normal	pooled human serum
PXD062785	/public/conode53/AIRFLOW/temp/PXD062785/diann/top14_depl_c2	Adipose tissue	0.1409	blood	False	False	0.2756	5	True Conflict	mesenchymal stem cell	normal	pooled human serum
PXD062785	/public/conode53/AIRFLOW/temp/PXD062785/diann/top14_depl_c3	Adipose tissue	0.1353	blood	False	False	0.2756	5	True Conflict	mesenchymal stem cell	normal	pooled human serum
PXD062785	/public/conode53/AIRFLOW/temp/PXD062785/diann/top14_depl_sp1_1	Adipose tissue	0.1272	blood	False	False	0.2756	5	True Conflict	mesenchymal stem cell	normal	pooled human serum
PXD062785	/public/conode53/AIRFLOW/temp/PXD062785/diann/top14_depl_sp1_2	Adipose tissue	0.1328	blood	False	False	0.2756	5	True Conflict	mesenchymal stem cell	normal	pooled human serum
PXD062785	/public/conode53/AIRFLOW/temp/PXD062785/diann/top14_depl_sp1_3	Adipose tissue	0.1224	blood	False	False	0.2756	5	True Conflict	mesenchymal stem cell	normal	pooled human serum
PXD062785	/public/conode53/AIRFLOW/temp/PXD062785/diann/top14_depl_sp2_1	Adipose tissue	0.1359	blood	False	False	0.2756	5	True Conflict	mesenchymal stem cell	normal	pooled human serum
PXD062785	/public/conode53/AIRFLOW/temp/PXD062785/diann/top14_depl_sp2_2	Adipose tissue	0.1317	blood	False	False	0.2756	5	True Conflict	mesenchymal stem cell	normal	pooled human serum
PXD062785	/public/conode53/AIRFLOW/temp/PXD062785/diann/top14_depl_sp2_3	Adipose tissue	0.133	blood	False	False	0.2756	5	True Conflict	mesenchymal stem cell	normal	pooled human serum
PXD062785	/public/conode53/AIRFLOW/temp/PXD062785/diann/top14_depl_sp3_1	Adipose tissue	0.1313	blood	False	False	0.2756	5	True Conflict	mesenchymal stem cell	normal	pooled human serum
PXD062785	/public/conode53/AIRFLOW/temp/PXD062785/diann/top14_depl_sp3_2	Adipose tissue	0.1224	blood	False	False	0.2756	5	True Conflict	mesenchymal stem cell	normal	pooled human serum
PXD062785	/public/conode53/AIRFLOW/temp/PXD062785/diann/top14_depl_sp3_3	Adipose tissue	0.129	blood	False	False	0.2756	5	True Conflict	mesenchymal stem cell	normal	pooled human serum
PXD062785	/public/conode53/AIRFLOW/temp/PXD062785/diann/top14_depl_sp4_1	Adipose tissue	0.1225	blood	False	False	0.2756	5	True Conflict	mesenchymal stem cell	normal	pooled human serum
PXD062785	/public/conode53/AIRFLOW/temp/PXD062785/diann/top14_depl_sp4_2	Adipose tissue	0.1357	blood	False	False	0.2756	5	True Conflict	mesenchymal stem cell	normal	pooled human serum
PXD062785	/public/conode53/AIRFLOW/temp/PXD062785/diann/top14_depl_sp4_3	Adipose tissue	0.127	blood	False	False	0.2756	5	True Conflict	mesenchymal stem cell	normal	pooled human serum
PXD062785	N.Proteotypic.Sequences	Adipose tissue	0.138	blood	False	False	0.2756	5	True Conflict	mesenchymal stem cell	normal	pooled human serum
PXD062785	N.Sequences	Adipose tissue	0.1103	blood	False	False	0.2756	5	True Conflict	mesenchymal stem cell	normal	pooled human serum
PXD064016	/public/conode53/AIRFLOW/temp/PXD064016/diann/22P14510001	Bone marrow	0.14	blood	False	False	0.7688	2	Near-Agreement (Subpart / Secretome)	hematopoietic system	normal	healthy donors
PXD064016	/public/conode53/AIRFLOW/temp/PXD064016/diann/22P14510002	Bone marrow	0.1513	blood	False	False	0.7688	2	Near-Agreement (Subpart / Secretome)	hematopoietic system	normal	healthy donors
PXD064016	/public/conode53/AIRFLOW/temp/PXD064016/diann/22P14510003	Bone marrow	0.1349	blood	False	False	0.7688	2	Near-Agreement (Subpart / Secretome)	hematopoietic system	normal	healthy donors
PXD064016	/public/conode53/AIRFLOW/temp/PXD064016/diann/22P14510005	Bone marrow	0.1571	blood	False	False	0.7688	2	Near-Agreement (Subpart / Secretome)	hematopoietic system	normal	healthy donors
PXD064016	/public/conode53/AIRFLOW/temp/PXD064016/diann/22P14510006	Bone marrow	0.1434	blood	False	False	0.7688	2	Near-Agreement (Subpart / Secretome)	hematopoietic system	normal	healthy donors
PXD064016	/public/conode53/AIRFLOW/temp/PXD064016/diann/22P14510007	Bone marrow	0.1491	blood	False	False	0.7688	2	Near-Agreement (Subpart / Secretome)	hematopoietic system	normal	healthy donors
PXD064016	/public/conode53/AIRFLOW/temp/PXD064016/diann/22P14510009	Bone marrow	0.148	blood	False	False	0.7688	2	Near-Agreement (Subpart / Secretome)	hematopoietic system	normal	healthy donors
PXD064016	/public/conode53/AIRFLOW/temp/PXD064016/diann/22P14510010	Bone marrow	0.1555	blood	False	False	0.7688	2	Near-Agreement (Subpart / Secretome)	hematopoietic system	normal	healthy donors
PXD064016	/public/conode53/AIRFLOW/temp/PXD064016/diann/22P14510011	Bone marrow	0.15	blood	False	False	0.7688	2	Near-Agreement (Subpart / Secretome)	hematopoietic system	normal	healthy donors
PXD064016	N.Proteotypic.Sequences	Bone marrow	0.1451	blood	False	False	0.7688	2	Near-Agreement (Subpart / Secretome)	hematopoietic system	normal	healthy donors
PXD064016	N.Sequences	Bone marrow	0.1389	blood	False	False	0.7688	2	Near-Agreement (Subpart / Secretome)	hematopoietic system	normal	healthy donors
PXD064788	241101_VC_NK_Tears_50Kda_SmE_tryp_screen	Salivary gland	0.1683	secretion of lacrimal gland	False	False	0.4441	3	Distant Concordance (Organ System)	secretion of exocrine gland	normal	healthy volunteer
PXD064788	241101_VC_NK_Tears_trypsin	Salivary gland	0.1498	secretion of lacrimal gland	False	False	0.4441	3	Distant Concordance (Organ System)	secretion of exocrine gland	normal	healthy volunteer
PXD064788	241108_VC_NK_strip_SDC_2_50KDa_SmE_tryp	Salivary gland	0.1837	secretion of lacrimal gland	False	False	0.4441	3	Distant Concordance (Organ System)	secretion of exocrine gland	normal	healthy volunteer
PXD064788	241108_VC_NK_strip_Urea_1_50KDa_SmE_tryp	Salivary gland	0.1681	secretion of lacrimal gland	False	False	0.4441	3	Distant Concordance (Organ System)	secretion of exocrine gland	normal	healthy volunteer
PXD064788	241119_VC_NK_Tears_StcE_enrichment	Salivary gland	0.1513	secretion of lacrimal gland	False	False	0.4441	3	Distant Concordance (Organ System)	secretion of exocrine gland	normal	healthy volunteer
PXD064844	MS227451QEHF_Dana_Coller_p-100-fr-1-1_a	Prostate	0.2657	renal system	False	False	0.7108	4	Near-Agreement (Subpart / Secretome)	renal system	normal	urine
PXD064844	MS227451QEHF_Dana_Coller_p-100-fr-1-2_a	Prostate	0.2848	renal system	False	False	0.7108	4	Near-Agreement (Subpart / Secretome)	renal system	normal	urine
PXD064844	MS227451QEHF_Dana_Coller_p-100-fr-1-3_a	Prostate	0.2792	renal system	False	False	0.7108	4	Near-Agreement (Subpart / Secretome)	renal system	normal	urine
PXD064844	MS227451QEHF_Dana_Coller_p-100-fr-1-4-p-20-4-3_a	Prostate	0.3085	renal system	False	False	0.7108	4	Near-Agreement (Subpart / Secretome)	renal system	normal	urine
PXD064844	MS227451QEHF_Dana_Coller_p-100-fr-1-4-p-20-4-3_x	Prostate	0.2975	renal system	False	False	0.7108	4	Near-Agreement (Subpart / Secretome)	renal system	normal	urine
PXD064844	MS227451QEHF_Dana_Coller_p-100-fr-1-5-p-20-5-3_a	Prostate	0.3095	renal system	False	False	0.7108	4	Near-Agreement (Subpart / Secretome)	renal system	normal	urine
PXD064844	MS227451QEHF_Dana_Coller_p-100-fr-1-6-p-20-6-3_a	Prostate	0.3252	renal system	False	False	0.7108	4	Near-Agreement (Subpart / Secretome)	renal system	normal	urine
PXD064844	MS227451QEHF_Dana_Coller_p-100-fr-1-6-p-20-6-3_x	Prostate	0.3439	renal system	False	False	0.7108	4	Near-Agreement (Subpart / Secretome)	renal system	normal	urine
PXD064844	MS227451QEHF_Dana_Coller_p-20-1-3_a	Prostate	0.2463	renal system	False	False	0.7108	4	Near-Agreement (Subpart / Secretome)	renal system	normal	urine
PXD064844	MS227451QEHF_Dana_Coller_p-20-2-3_a	Prostate	0.3589	renal system	False	False	0.7108	4	Near-Agreement (Subpart / Secretome)	renal system	normal	urine
PXD064844	MS227451QEHF_Dana_Coller_p-20-3-3_a	Prostate	0.2966	renal system	False	False	0.7108	4	Near-Agreement (Subpart / Secretome)	renal system	normal	urine
PXD064844	MS227451QEHF_Dana_Coller_uEVs-P100-TCEP-5_a	Prostate	0.3443	renal system	False	False	0.7108	4	Near-Agreement (Subpart / Secretome)	renal system	normal	urine
PXD064844	MS227451QEHF_Dana_Coller_uEVs-P100-TCEP-8_a	Prostate	0.3628	renal system	False	False	0.7108	4	Near-Agreement (Subpart / Secretome)	renal system	normal	urine
PXD064844	MS227451QEHF_Dana_Coller_uEVs-P100-TCEP-9_a	Prostate	0.3072	renal system	False	False	0.7108	4	Near-Agreement (Subpart / Secretome)	renal system	normal	urine
PXD066393	HF1JS20220502_P22_0579_Exp2_AndrewP_S01	Heart	0.2699	Skeletal muscle	False	True	0.5275	4	Distant Concordance (Organ System)	dense mesenchyme tissue	normal	muscle biopsy
PXD066393	HF1JS20220502_P22_0579_Exp2_AndrewP_S02	Skeletal muscle	0.3413	Skeletal muscle	True	True	1.0	0	Exact Match	skeletal muscle tissue	normal	muscle biopsy
PXD066393	HF1JS20220502_P22_0579_Exp2_AndrewP_S03	Heart	0.3537	Skeletal muscle	False	True	0.5275	4	Distant Concordance (Organ System)	dense mesenchyme tissue	normal	muscle biopsy
PXD066393	HF1JS20220502_P22_0579_Exp2_AndrewP_S04	Skeletal muscle	0.3479	Skeletal muscle	True	True	1.0	0	Exact Match	skeletal muscle tissue	normal	muscle biopsy
PXD066393	HF1JS20220502_P22_0579_Exp2_AndrewP_S05	Heart	0.2932	Skeletal muscle	False	True	0.5275	4	Distant Concordance (Organ System)	dense mesenchyme tissue	normal	muscle biopsy
PXD066393	HF1JS20220502_P22_0579_Exp2_AndrewP_S06	Skeletal muscle	0.3315	Skeletal muscle	True	True	1.0	0	Exact Match	skeletal muscle tissue	normal	muscle biopsy
PXD066393	HF1JS20220502_P22_0579_Exp2_AndrewP_S07	Heart	0.3125	Skeletal muscle	False	True	0.5275	4	Distant Concordance (Organ System)	dense mesenchyme tissue	normal	muscle biopsy
PXD066393	HF1JS20220502_P22_0579_Exp2_AndrewP_S08	Skeletal muscle	0.3116	Skeletal muscle	True	True	1.0	0	Exact Match	skeletal muscle tissue	normal	muscle biopsy
PXD066393	HF1JS20220502_P22_0579_Exp2_AndrewP_S09	Heart	0.3081	Skeletal muscle	False	True	0.5275	4	Distant Concordance (Organ System)	dense mesenchyme tissue	normal	muscle biopsy
PXD066393	HF1JS20220502_P22_0579_Exp2_AndrewP_S10	Skeletal muscle	0.3504	Skeletal muscle	True	True	1.0	0	Exact Match	skeletal muscle tissue	normal	muscle biopsy
PXD066393	HF1JS20220502_P22_0579_Exp2_AndrewP_S11	Heart	0.3925	Skeletal muscle	False	True	0.5275	4	Distant Concordance (Organ System)	dense mesenchyme tissue	normal	muscle biopsy
PXD066393	HF1JS20220502_P22_0579_Exp2_AndrewP_S12	Skeletal muscle	0.3066	Skeletal muscle	True	True	1.0	0	Exact Match	skeletal muscle tissue	normal	muscle biopsy
PXD066393	HF1JS20220502_P22_0579_Exp2_AndrewP_S13	Heart	0.3116	Skeletal muscle	False	True	0.5275	4	Distant Concordance (Organ System)	dense mesenchyme tissue	normal	muscle biopsy
PXD066393	HF1JS20220502_P22_0579_Exp2_AndrewP_S14_20230508212243	Skeletal muscle	0.3337	Skeletal muscle	True	True	1.0	0	Exact Match	skeletal muscle tissue	normal	muscle biopsy
PXD066393	HF1JS20220502_P22_0579_Exp2_AndrewP_S15	Heart	0.3317	Skeletal muscle	False	True	0.5275	4	Distant Concordance (Organ System)	dense mesenchyme tissue	normal	muscle biopsy
PXD066393	HF1JS20220502_P22_0579_Exp2_AndrewP_S16	Skeletal muscle	0.3079	Skeletal muscle	True	True	1.0	0	Exact Match	skeletal muscle tissue	normal	muscle biopsy
PXD066393	HF1JS20220502_P22_0579_Exp2_AndrewP_S17	Heart	0.3425	Skeletal muscle	False	True	0.5275	4	Distant Concordance (Organ System)	dense mesenchyme tissue	normal	muscle biopsy
PXD066393	HF1JS20220502_P22_0579_Exp2_AndrewP_S18	Skeletal muscle	0.3311	Skeletal muscle	True	True	1.0	0	Exact Match	skeletal muscle tissue	normal	muscle biopsy
PXD066393	HF1JS20220502_P22_0579_Exp2_AndrewP_S19	Heart	0.3017	Skeletal muscle	False	True	0.5275	4	Distant Concordance (Organ System)	dense mesenchyme tissue	normal	muscle biopsy
PXD066393	HF1JS20220502_P22_0579_Exp2_AndrewP_S20	Skeletal muscle	0.3596	Skeletal muscle	True	True	1.0	0	Exact Match	skeletal muscle tissue	normal	muscle biopsy
PXD066393	HF1JS20220502_P22_0579_Exp2_AndrewP_S21	Heart	0.3171	Skeletal muscle	False	True	0.5275	4	Distant Concordance (Organ System)	dense mesenchyme tissue	normal	muscle biopsy
PXD066393	HF1JS20220502_P22_0579_Exp2_AndrewP_S22	Skeletal muscle	0.3187	Skeletal muscle	True	True	1.0	0	Exact Match	skeletal muscle tissue	normal	muscle biopsy
PXD066393	HF1JS20220502_P22_0579_Exp2_AndrewP_S23	Heart	0.3396	Skeletal muscle	False	True	0.5275	4	Distant Concordance (Organ System)	dense mesenchyme tissue	normal	muscle biopsy
PXD066393	HF1JS20220502_P22_0579_Exp2_AndrewP_S24	Skeletal muscle	0.3182	Skeletal muscle	True	True	1.0	0	Exact Match	skeletal muscle tissue	normal	muscle biopsy
PXD066393	HF1JS20220502_P22_0579_Exp2_AndrewP_S25	Heart	0.3206	Skeletal muscle	False	True	0.5275	4	Distant Concordance (Organ System)	dense mesenchyme tissue	normal	muscle biopsy
PXD066393	HF1JS20220502_P22_0579_Exp2_AndrewP_S26	Skeletal muscle	0.2787	Skeletal muscle	True	True	1.0	0	Exact Match	skeletal muscle tissue	normal	muscle biopsy
PXD066393	HF1JS20220502_P22_0579_Exp2_AndrewP_S27	Heart	0.3901	Skeletal muscle	False	True	0.5275	4	Distant Concordance (Organ System)	dense mesenchyme tissue	normal	muscle biopsy
PXD066393	HF1JS20220502_P22_0579_Exp2_AndrewP_S28	Skeletal muscle	0.3322	Skeletal muscle	True	True	1.0	0	Exact Match	skeletal muscle tissue	normal	muscle biopsy
PXD066393	HF1JS20220502_P22_0579_Exp2_AndrewP_S29	Heart	0.3175	Skeletal muscle	False	True	0.5275	4	Distant Concordance (Organ System)	dense mesenchyme tissue	normal	muscle biopsy
PXD066393	HF1JS20220502_P22_0579_Exp2_AndrewP_S30	Skeletal muscle	0.3248	Skeletal muscle	True	True	1.0	0	Exact Match	skeletal muscle tissue	normal	muscle biopsy
PXD066393	HF1JS20220502_P22_0579_Exp2_AndrewP_S31	Skeletal muscle	0.3086	Skeletal muscle	True	True	1.0	0	Exact Match	skeletal muscle tissue	normal	muscle biopsy
PXD066393	HF1JS20220502_P22_0579_Exp2_AndrewP_S32	Skeletal muscle	0.3515	Skeletal muscle	True	True	1.0	0	Exact Match	skeletal muscle tissue	normal	muscle biopsy
PXD066393	HF1JS20220502_P22_0579_Exp2_AndrewP_S33	Skeletal muscle	0.3014	Skeletal muscle	True	True	1.0	0	Exact Match	skeletal muscle tissue	normal	muscle biopsy
PXD066393	HF1JS20220502_P22_0579_Exp2_AndrewP_S34	Skeletal muscle	0.328	Skeletal muscle	True	True	1.0	0	Exact Match	skeletal muscle tissue	normal	muscle biopsy
PXD066393	HF1JS20220502_P22_0579_Exp2_AndrewP_S35	Heart	0.3639	Skeletal muscle	False	True	0.5275	4	Distant Concordance (Organ System)	dense mesenchyme tissue	normal	muscle biopsy
PXD066393	HF1JS20220502_P22_0579_Exp2_AndrewP_S36	Skeletal muscle	0.3283	Skeletal muscle	True	True	1.0	0	Exact Match	skeletal muscle tissue	normal	muscle biopsy
PXD066393	HF1JS20220502_P22_0579_Exp2_AndrewP_S37	Heart	0.2963	Skeletal muscle	False	True	0.5275	4	Distant Concordance (Organ System)	dense mesenchyme tissue	normal	muscle biopsy
PXD066393	HF1JS20220502_P22_0579_Exp2_AndrewP_S38	Skeletal muscle	0.2734	Skeletal muscle	True	True	1.0	0	Exact Match	skeletal muscle tissue	normal	muscle biopsy
PXD066393	HF1JS20220502_P22_0579_Exp2_AndrewP_S39	Heart	0.3537	Skeletal muscle	False	True	0.5275	4	Distant Concordance (Organ System)	dense mesenchyme tissue	normal	muscle biopsy
PXD066393	HF1JS20220502_P22_0579_Exp2_AndrewP_S40	Heart	0.2972	Skeletal muscle	False	True	0.5275	4	Distant Concordance (Organ System)	dense mesenchyme tissue	normal	muscle biopsy
PXD066393	HF1JS20220502_P22_0579_Exp2_AndrewP_S41	Heart	0.3293	Skeletal muscle	False	True	0.5275	4	Distant Concordance (Organ System)	dense mesenchyme tissue	normal	muscle biopsy
PXD066393	HF1JS20220502_P22_0579_Exp2_AndrewP_S42	Skeletal muscle	0.3227	Skeletal muscle	True	True	1.0	0	Exact Match	skeletal muscle tissue	normal	muscle biopsy
PXD066393	HF1JS20220502_P22_0579_Exp2_AndrewP_S43	Heart	0.309	Skeletal muscle	False	True	0.5275	4	Distant Concordance (Organ System)	dense mesenchyme tissue	normal	muscle biopsy
PXD066393	HF1JS20220502_P22_0579_Exp2_AndrewP_S44	Skeletal muscle	0.3136	Skeletal muscle	True	True	1.0	0	Exact Match	skeletal muscle tissue	normal	muscle biopsy
PXD066393	HF1JS20220502_P22_0579_Exp2_AndrewP_S45	Heart	0.392	Skeletal muscle	False	True	0.5275	4	Distant Concordance (Organ System)	dense mesenchyme tissue	normal	muscle biopsy
PXD066393	HF1JS20220502_P22_0579_Exp2_AndrewP_S46	Skeletal muscle	0.3214	Skeletal muscle	True	True	1.0	0	Exact Match	skeletal muscle tissue	normal	muscle biopsy
PXD066393	HF1JS20220502_P22_0579_Exp2_AndrewP_S47	Skeletal muscle	0.3403	Skeletal muscle	True	True	1.0	0	Exact Match	skeletal muscle tissue	normal	muscle biopsy
PXD066393	HF1JS20220502_P22_0579_Exp2_AndrewP_S48	Skeletal muscle	0.3373	Skeletal muscle	True	True	1.0	0	Exact Match	skeletal muscle tissue	normal	muscle biopsy
PXD066393	HF1JS20220502_P22_0579_Exp2_AndrewP_S49	Skeletal muscle	0.3289	Skeletal muscle	True	True	1.0	0	Exact Match	skeletal muscle tissue	normal	muscle biopsy
PXD066393	HF1JS20220502_P22_0579_Exp2_AndrewP_S50	Skeletal muscle	0.3238	Skeletal muscle	True	True	1.0	0	Exact Match	skeletal muscle tissue	normal	muscle biopsy
PXD067122	P06Post_E02	Ovary	0.1708	breast	False	False	0.1961	5	True Conflict	primordium	normal	patient biopsy
PXD067122	P06Pre_E01	Ovary	0.1548	breast	False	False	0.1961	5	True Conflict	primordium	normal	patient biopsy
PXD067122	P12Post_E04	Heart	0.1114	breast	False	False	0.4034	3	Distant Concordance (Organ System)	heart	normal	patient biopsy
PXD067122	P12Pre_E03	Ovary	0.1463	breast	False	False	0.1961	5	True Conflict	primordium	normal	patient biopsy
PXD067122	P17Post_E06	Lung	0.1183	breast	False	False	0.2942	4	Distant Concordance (Organ System)	thoracic cavity element	normal	patient biopsy
PXD067122	P17Pre_E05	Lung	0.1321	breast	False	False	0.2942	4	Distant Concordance (Organ System)	thoracic cavity element	normal	patient biopsy
PXD067122	P31Post_E10	Lung	0.1471	breast	False	False	0.2942	4	Distant Concordance (Organ System)	thoracic cavity element	normal	patient biopsy
PXD067122	P31Pre_E09	Ovary	0.1131	breast	False	False	0.1961	5	True Conflict	primordium	normal	patient biopsy
PXD068129	20250207_Human_Mito1_F10_A2	Bone marrow	0.1356	muscle	False	False	0.4117	5	Distant Concordance (Organ System)	muscle structure	normal	muscle biopsy
PXD068129	20250207_Human_Mito1_F11_14_A2	Bone marrow	0.1637	muscle	False	False	0.4117	5	Distant Concordance (Organ System)	muscle structure	normal	muscle biopsy
PXD068129	20250207_Human_Mito1_F1_5_A2	Bone marrow	0.1027	muscle	False	False	0.4117	5	Distant Concordance (Organ System)	muscle structure	normal	muscle biopsy
PXD068129	20250207_Human_Mito1_F6_7_A2	Bone marrow	0.1456	muscle	False	False	0.4117	5	Distant Concordance (Organ System)	muscle structure	normal	muscle biopsy
PXD068129	20250207_Human_Mito1_F8_A2	Bone marrow	0.1258	muscle	False	False	0.4117	5	Distant Concordance (Organ System)	muscle structure	normal	muscle biopsy
PXD068129	20250207_Human_Mito1_F9_A2	Bone marrow	0.1662	muscle	False	False	0.4117	5	Distant Concordance (Organ System)	muscle structure	normal	muscle biopsy
PXD068129	20250207_Human_Mito2_F10_B2	Bone marrow	0.1377	muscle	False	False	0.4117	5	Distant Concordance (Organ System)	muscle structure	normal	muscle biopsy
PXD068129	20250207_Human_Mito2_F10_B4	Bone marrow	0.1514	muscle	False	False	0.4117	5	Distant Concordance (Organ System)	muscle structure	normal	muscle biopsy
PXD068129	20250207_Human_Mito2_F10_B5	Bone marrow	0.1638	muscle	False	False	0.4117	5	Distant Concordance (Organ System)	muscle structure	normal	muscle biopsy
PXD068129	20250207_Human_Mito2_F11_14_B2	Bone marrow	0.1707	muscle	False	False	0.4117	5	Distant Concordance (Organ System)	muscle structure	normal	muscle biopsy
PXD068129	20250207_Human_Mito2_F1_5_B2	Bone marrow	0.1186	muscle	False	False	0.4117	5	Distant Concordance (Organ System)	muscle structure	normal	muscle biopsy
PXD068129	20250207_Human_Mito2_F6_7_B2	Bone marrow	0.1459	muscle	False	False	0.4117	5	Distant Concordance (Organ System)	muscle structure	normal	muscle biopsy
PXD068129	20250207_Human_Mito2_F8_B2	Bone marrow	0.1518	muscle	False	False	0.4117	5	Distant Concordance (Organ System)	muscle structure	normal	muscle biopsy
PXD068129	20250207_Human_Mito2_F9_B2	Bone marrow	0.1822	muscle	False	False	0.4117	5	Distant Concordance (Organ System)	muscle structure	normal	muscle biopsy
PXD068129	20250207_Human_Mito2_F9_B5	Bone marrow	0.1334	muscle	False	False	0.4117	5	Distant Concordance (Organ System)	muscle structure	normal	muscle biopsy
PXD068129	20250207_Human_mito1_F10_A1	Bone marrow	0.1633	muscle	False	False	0.4117	5	Distant Concordance (Organ System)	muscle structure	normal	muscle biopsy
PXD068129	20250207_Human_mito1_F10_A3	Bone marrow	0.1285	muscle	False	False	0.4117	5	Distant Concordance (Organ System)	muscle structure	normal	muscle biopsy
PXD068129	20250207_Human_mito1_F11_14_A1	Bone marrow	0.168	muscle	False	False	0.4117	5	Distant Concordance (Organ System)	muscle structure	normal	muscle biopsy
PXD068129	20250207_Human_mito1_F11_14_A3	Bone marrow	0.164	muscle	False	False	0.4117	5	Distant Concordance (Organ System)	muscle structure	normal	muscle biopsy
PXD068129	20250207_Human_mito1_F1_5_A1	Bone marrow	0.0987	muscle	False	False	0.4117	5	Distant Concordance (Organ System)	muscle structure	normal	muscle biopsy
PXD068129	20250207_Human_mito1_F1_5_A3	Bone marrow	0.095	muscle	False	False	0.4117	5	Distant Concordance (Organ System)	muscle structure	normal	muscle biopsy
PXD068129	20250207_Human_mito1_F6_7_A1	Bone marrow	0.1557	muscle	False	False	0.4117	5	Distant Concordance (Organ System)	muscle structure	normal	muscle biopsy
PXD068129	20250207_Human_mito1_F8_A1	Bone marrow	0.1413	muscle	False	False	0.4117	5	Distant Concordance (Organ System)	muscle structure	normal	muscle biopsy
PXD068129	20250207_Human_mito1_F8_A3	Bone marrow	0.1634	muscle	False	False	0.4117	5	Distant Concordance (Organ System)	muscle structure	normal	muscle biopsy
PXD068129	20250207_Human_mito1_F9_A1	Bone marrow	0.1381	muscle	False	False	0.4117	5	Distant Concordance (Organ System)	muscle structure	normal	muscle biopsy
PXD068129	20250207_Human_mito1_F9_A3	Bone marrow	0.1905	muscle	False	False	0.4117	5	Distant Concordance (Organ System)	muscle structure	normal	muscle biopsy
PXD068129	20250207_Human_mito2_F10_B1	Bone marrow	0.1974	muscle	False	False	0.4117	5	Distant Concordance (Organ System)	muscle structure	normal	muscle biopsy
PXD068129	20250207_Human_mito2_F10_B3	Bone marrow	0.1544	muscle	False	False	0.4117	5	Distant Concordance (Organ System)	muscle structure	normal	muscle biopsy
PXD068129	20250207_Human_mito2_F11_14_B1	Bone marrow	0.1791	muscle	False	False	0.4117	5	Distant Concordance (Organ System)	muscle structure	normal	muscle biopsy
PXD068129	20250207_Human_mito2_F11_14_B3	Bone marrow	0.1841	muscle	False	False	0.4117	5	Distant Concordance (Organ System)	muscle structure	normal	muscle biopsy
PXD068129	20250207_Human_mito2_F11_14_B4	Bone marrow	0.1687	muscle	False	False	0.4117	5	Distant Concordance (Organ System)	muscle structure	normal	muscle biopsy
PXD068129	20250207_Human_mito2_F11_14_B5	Bone marrow	0.1273	muscle	False	False	0.4117	5	Distant Concordance (Organ System)	muscle structure	normal	muscle biopsy
PXD068129	20250207_Human_mito2_F1_5_B1	Bone marrow	0.1096	muscle	False	False	0.4117	5	Distant Concordance (Organ System)	muscle structure	normal	muscle biopsy
PXD068129	20250207_Human_mito2_F1_5_B3	Bone marrow	0.1148	muscle	False	False	0.4117	5	Distant Concordance (Organ System)	muscle structure	normal	muscle biopsy
PXD068129	20250207_Human_mito2_F6_7_B1	Bone marrow	0.1946	muscle	False	False	0.4117	5	Distant Concordance (Organ System)	muscle structure	normal	muscle biopsy
PXD068129	20250207_Human_mito2_F6_7_B3	Bone marrow	0.2303	muscle	False	False	0.4117	5	Distant Concordance (Organ System)	muscle structure	normal	muscle biopsy
PXD068129	20250207_Human_mito2_F6_7_B4	Bone marrow	0.1634	muscle	False	False	0.4117	5	Distant Concordance (Organ System)	muscle structure	normal	muscle biopsy
PXD068129	20250207_Human_mito2_F8_B1	Bone marrow	0.1667	muscle	False	False	0.4117	5	Distant Concordance (Organ System)	muscle structure	normal	muscle biopsy
PXD068129	20250207_Human_mito2_F8_B3	Bone marrow	0.1584	muscle	False	False	0.4117	5	Distant Concordance (Organ System)	muscle structure	normal	muscle biopsy
PXD068129	20250207_Human_mito2_F8_B4	Bone marrow	0.1443	muscle	False	False	0.4117	5	Distant Concordance (Organ System)	muscle structure	normal	muscle biopsy
PXD068129	20250207_Human_mito2_F9_B1	Bone marrow	0.2025	muscle	False	False	0.4117	5	Distant Concordance (Organ System)	muscle structure	normal	muscle biopsy
PXD068129	20250207_Human_mito2_F9_B3	Bone marrow	0.1915	muscle	False	False	0.4117	5	Distant Concordance (Organ System)	muscle structure	normal	muscle biopsy
PXD068129	20250207_Human_mito2_F9_B4	Bone marrow	0.1374	muscle	False	False	0.4117	5	Distant Concordance (Organ System)	muscle structure	normal	muscle biopsy
PXD069096	DonorK_noFVIII_HLA-DR	Bone marrow	0.1922	blood	False	False	0.7688	2	Near-Agreement (Subpart / Secretome)	hematopoietic system	hemophilia A; normal	healthy donors
PXD069096	DonorN_FVIII_HLA-DR	Bone marrow	0.192	blood	False	False	0.7688	2	Near-Agreement (Subpart / Secretome)	hematopoietic system	hemophilia A; normal	healthy donors
